L/R,p_x,p_y,p_z,v_x,v_y,v_z,a_x,a_y,a_z,t
L,-0.2659804,1.232158,0.009035274,-0.365703,0.7394215,0.05558807,4.628868,-10.36449,-4.406256,0.05295563
L,-0.266746,1.240623,0.006335221,-0.05847993,0.6466073,-0.2062362,23.4664,-7.089365,-19.99874,0.06604767
L,-0.265406,1.243029,0.003959129,0.0971195,0.1743676,-0.1722085,11.27715,-34.22582,2.466174,0.07984543
L,-0.2648723,1.245497,0.002326024,0.04165116,0.1925796,-0.1274513,-4.328876,1.421311,3.49296,0.092659
L,-0.2649965,1.247834,0.001843722,-0.008765141,0.1649226,-0.03403297,-3.557559,-1.951581,6.591937,0.1068306
L,-0.2653186,1.25049,0.001389135,-0.02415707,0.1991919,-0.03408672,-1.154148,2.56965,-0.004029996,0.1201668
L,-0.2658039,1.253502,0.0009329702,-0.03813278,0.23667,-0.03584559,-1.098215,2.945042,-0.1382129,0.1328926
L,-0.2657301,1.253652,0.0008858474,0.005674945,0.01156525,-0.003622571,3.367722,-17.30495,2.477147,0.1459007
L,-0.2646747,1.255588,0.0004430514,0.08035779,0.1473461,-0.03371371,5.686222,10.33811,-2.291087,0.1590347
L,-0.2666069,1.259385,0.00247255,-0.1243918,0.2444361,0.1306535,-13.18121,6.250385,10.5815,0.1745682
L,-0.268543,1.263551,0.004235907,-0.1450112,0.3120357,0.1320724,-1.544354,5.063096,0.1062734,0.1879196
L,-0.2702919,1.267615,0.005603993,-0.1355568,0.315041,0.1060424,0.7328215,0.2329474,-2.017622,0.2008209
L,-0.273963,1.273006,0.006779152,-0.2921552,0.4289997,0.09352183,-12.46246,9.069089,-0.9964175,0.2133865
L,-0.2769061,1.277846,0.007691579,-0.2091416,0.3439279,0.06483796,5.899029,-6.045287,-2.038304,0.227459
L,-0.2772495,1.278183,0.007031952,-0.0248409,0.02438604,-0.04771443,13.33149,-23.11423,-8.141539,0.2412834
L,-0.2776537,1.278826,0.006642173,-0.02795391,0.04445086,-0.02695999,-0.215318,1.387829,1.435529,0.2557411
L,-0.2782037,1.279849,0.006317808,-0.0388939,0.07239681,-0.02293779,-0.7736319,1.976225,0.2844332,0.2698822
L,-0.2798726,1.283982,0.006929388,-0.1291345,0.3197868,0.04732059,-6.982303,19.14161,5.43619,0.2828064
L,-0.2817109,1.288532,0.007547939,-0.1248745,0.3090989,0.04201851,0.2893879,-0.7260341,-0.3601732,0.2975273
L,-0.2842351,1.296343,0.008769158,-0.1847817,0.5717415,0.08939829,-4.385453,19.22652,3.468396,0.3111877
L,-0.2863975,1.302868,0.009723096,-0.1549622,0.4676223,0.06836224,2.136961,-7.46151,-1.50751,0.3251419
L,-0.289553,1.311686,0.009589312,-0.2148001,0.6002581,-0.009106933,-4.073271,9.028734,-5.273456,0.3398323
L,-0.2922326,1.319161,0.009593435,-0.169962,0.4741108,0.0002615075,2.843948,-8.001147,0.5942126,0.3555984
L,-0.2903057,1.327467,0.006980667,0.1642149,0.7078694,-0.2226662,28.47935,19.92146,-18.99843,0.3673325
L,-0.289332,1.334767,0.005148104,0.07485566,0.5611437,-0.1408784,-6.869497,-11.27955,6.287448,0.3803406
L,-0.2889808,1.341438,0.003813786,0.02527107,0.4800731,-0.09601525,-3.568022,-5.833701,3.228273,0.3942375
L,-0.2857237,1.348704,0.003121209,0.2371064,0.5289243,-0.05041789,15.4211,3.556247,3.319377,0.4079742
L,-0.2787427,1.35929,-0.004401896,0.4872288,0.7388428,-0.5250631,17.45689,14.65093,-33.1271,0.4223022
L,-0.2736681,1.368639,-0.0100237,0.3344956,0.6162544,-0.3705612,-10.06741,-8.08042,10.18399,0.4374733
L,-0.2698624,1.377135,-0.01449039,0.2839809,0.6339934,-0.3333091,-3.769461,1.323704,2.779791,0.4508743
L,-0.2668459,1.385088,-0.01824146,0.2332619,0.6150074,-0.2900651,-3.922033,-1.46816,3.344006,0.4638062
L,-0.2620183,1.390054,-0.02239719,0.3302535,0.3397051,-0.2842903,6.635113,-18.83321,0.3950471,0.4784241
L,-0.2592759,1.398359,-0.02339679,0.2144732,0.6494443,-0.0781738,-9.054626,24.22323,16.11939,0.4912109
L,-0.2568412,1.406311,-0.02476636,0.1745696,0.5701843,-0.09820196,-2.861181,-5.683136,-1.436067,0.5051575
L,-0.2545779,1.414012,-0.02637168,0.157042,0.5343518,-0.1113882,-1.216189,-2.486306,-0.9149548,0.5195694
L,-0.2524225,1.421543,-0.02812352,0.1546336,0.5402812,-0.1256796,-0.1727805,0.4253814,-1.02529,0.5335083
L,-0.2515181,1.428993,-0.02846223,0.06743059,0.555443,-0.02525342,-6.501637,1.130426,7.487524,0.5469208
L,-0.2494462,1.428262,-0.03048482,0.1405664,-0.04953578,-0.137218,4.961725,-41.04336,-7.595976,0.5616608
L,-0.2475853,1.429055,-0.03231658,0.1355788,0.05772304,-0.1334587,-0.3633855,7.81469,0.2738946,0.575386
L,-0.2455517,1.431069,-0.03433796,0.1436544,0.1422881,-0.1427894,0.5704598,5.973654,-0.6591173,0.5895424
L,-0.2414618,1.432101,-0.03683893,0.3027813,0.07639085,-0.1851497,11.78033,-4.878446,-3.135978,0.6030502
L,-0.2375934,1.434242,-0.03937825,0.2642154,0.1462839,-0.1734411,-2.634136,4.773849,0.7997258,0.617691
L,-0.2338559,1.434226,-0.03914146,0.2808995,-0.001245341,0.01779623,1.253909,-11.0877,14.37263,0.6309967
L,-0.2304338,1.435174,-0.03937352,0.2485691,0.06888162,-0.01685592,-2.348353,5.093755,-2.516999,0.6447639
L,-0.2271523,1.436826,-0.03994574,0.2344517,0.1179988,-0.04088414,-1.008669,3.50934,-1.716777,0.6587601
L,-0.2239262,1.439002,-0.04076822,0.2349186,0.1584462,-0.05989176,0.03400391,2.94529,-1.384093,0.672493
L,-0.2225221,1.439749,-0.03869672,0.1009316,0.05369139,0.1488983,-9.630898,-7.529706,15.0077,0.6864052
L,-0.2223409,1.439399,-0.0372709,0.01287992,-0.02485083,0.1013752,-6.260436,-5.584315,-3.37887,0.70047
L,-0.2218808,1.439469,-0.03617416,0.03183986,0.004801346,0.0758986,1.312099,2.052043,-1.76308,0.71492
L,-0.221758,1.439216,-0.03623405,0.009214056,-0.01897353,-0.004492187,-1.697058,-1.783245,-6.029746,0.7282524
L,-0.2215791,1.439107,-0.03632784,0.01209255,-0.007326864,-0.006341485,0.1946298,0.7874915,-0.1250406,0.743042
L,-0.2214345,1.437716,-0.03656807,0.01078917,-0.1037753,-0.01792644,-0.09725984,-7.197088,-0.8644824,0.756443
L,-0.2210525,1.436196,-0.0369629,0.02685665,-0.1068819,-0.02775569,1.129524,-0.2183907,-0.690984,0.770668
L,-0.2205086,1.434981,-0.03741882,0.04043955,-0.09033785,-0.0338958,1.009834,1.229982,-0.4564926,0.7841187
L,-0.2207863,1.434906,-0.03731532,-0.02007728,-0.005445272,0.007480517,-4.373897,6.135671,2.990503,0.7979546
L,-0.2209662,1.434897,-0.03725175,-0.01295321,-0.0006097142,0.004579297,0.5131998,0.3483409,-0.2089963,0.8118362
L,-0.2216638,1.43462,-0.03692835,-0.04946895,-0.01965276,0.02293113,-2.58923,-1.350289,1.301277,0.8259392
L,-0.2224656,1.43435,-0.03655678,-0.05779145,-0.01949581,0.02678176,-0.5998604,0.01131263,0.2775424,0.8398132
L,-0.2231658,1.434162,-0.03623269,-0.0500842,-0.01339529,0.02318117,0.5512713,0.4363474,-0.2575374,0.8537941
L,-0.2237184,1.434058,-0.03597737,-0.0405212,-0.007631119,0.01872132,0.7012262,0.4226696,-0.3270274,0.8674316
L,-0.2267154,1.433447,-0.03523631,-0.2101153,-0.04283398,0.05195631,-11.89037,-2.468098,2.330129,0.8816948
L,-0.2319808,1.433066,-0.03473567,-0.3833148,-0.02773535,0.0364455,-12.6085,1.099143,-1.129149,0.8954315
L,-0.2360779,1.432869,-0.03438103,-0.2931276,-0.01409832,0.02537303,6.452518,0.9756729,-0.7921889,0.9094086
L,-0.2390954,1.432805,-0.03414832,-0.2209563,-0.004678771,0.0170402,5.284716,0.6897426,-0.6101685,0.9230652
L,-0.2413638,1.432217,-0.03535815,-0.157981,-0.04096374,-0.08425861,4.385913,-2.527068,-7.054962,0.9374237
L,-0.2432764,1.431807,-0.03630653,-0.1335973,-0.02865208,-0.06624362,1.703185,0.8599593,1.258332,0.9517403
L,-0.247375,1.431427,-0.03758518,-0.3220631,-0.02981677,-0.100477,-14.8097,-0.091522,-2.690074,0.9644661
L,-0.25096,1.431147,-0.03867486,-0.2500114,-0.01952813,-0.07599184,5.024714,0.717506,1.707541,0.9788055
L,-0.2594393,1.432446,-0.03844524,-0.5997812,0.09181901,0.0162424,-24.74097,7.876143,6.524191,0.9929428
L,-0.2660256,1.433429,-0.03836107,-0.4670172,0.06972715,0.005968733,9.413925,-1.566473,-0.7284772,1.007046
L,-0.2714801,1.434204,-0.03837444,-0.4065565,0.05778185,-0.00099711,4.506508,-0.8903579,-0.5192078,1.020462
L,-0.2766404,1.433078,-0.03972897,-0.3660038,-0.0798752,-0.09607145,2.876262,-9.763519,-6.743281,1.034561
L,-0.2810125,1.432374,-0.04073068,-0.3158218,-0.0508749,-0.07235981,3.624942,2.094862,1.712831,1.048405
L,-0.2855692,1.43281,-0.04146258,-0.3250361,0.03112245,-0.0522077,-0.6572768,5.84901,1.437484,1.062424
L,-0.2897702,1.433168,-0.04209945,-0.2908057,0.024764,-0.04408508,2.3695,-0.4401454,0.5622646,1.07687
L,-0.2937586,1.433471,-0.04267925,-0.2849614,0.02169358,-0.04142632,0.4175674,-0.219376,0.1899639,1.090866
L,-0.2984795,1.430875,-0.04551487,-0.3407364,-0.1874226,-0.2046638,-4.02563,-15.09321,-11.78186,1.104721
L,-0.3030354,1.428928,-0.04780902,-0.3508533,-0.1498972,-0.1766738,-0.7791087,2.889852,2.155528,1.117706
L,-0.3077317,1.429577,-0.05067507,-0.3303197,0.04565502,-0.201588,1.444262,13.75445,-1.752378,1.131924
L,-0.3121392,1.429999,-0.05299379,-0.3274961,0.03133858,-0.1722897,0.2098037,-1.063767,2.176978,1.145382
L,-0.3171473,1.429186,-0.05607606,-0.3462182,-0.05617913,-0.2130799,-1.294273,-6.050169,-2.819863,1.159847
L,-0.3218322,1.428552,-0.05864393,-0.3376688,-0.04569357,-0.1850842,0.6162123,0.7557678,2.017844,1.173721
L,-0.3262592,1.428043,-0.06086276,-0.3322381,-0.03826403,-0.16652,0.4075651,0.5575747,1.393217,1.187046
L,-0.3306567,1.427658,-0.0627244,-0.3072486,-0.02684402,-0.1300689,1.745963,0.7978911,2.546756,1.201359
L,-0.3349577,1.427304,-0.06450911,-0.3002559,-0.02471704,-0.1245938,0.4881762,0.1484882,0.3822305,1.215683
L,-0.3412891,1.427648,-0.06470308,-0.4515098,0.02453414,-0.01383233,-10.78626,3.512215,7.898653,1.229706
L,-0.347128,1.427833,-0.06527589,-0.4320138,0.01369778,-0.04238166,1.442492,-0.8017741,-2.112344,1.243221
L,-0.3525133,1.427909,-0.06608052,-0.3828951,0.005390562,-0.05720903,3.492317,-0.5906397,-1.054219,1.257286
L,-0.3611578,1.426948,-0.06777132,-0.6301707,-0.07008655,-0.1232576,-18.02608,-5.502189,-4.814861,1.271004
L,-0.368669,1.426204,-0.06935978,-0.5559072,-0.05506247,-0.1175619,5.49625,1.111935,0.4215397,1.284515
L,-0.3780749,1.424016,-0.07312174,-0.6687517,-0.1555719,-0.2674738,-8.02319,-7.146177,-10.65866,1.29858
L,-0.3863355,1.422336,-0.07624054,-0.5491952,-0.1116853,-0.2073483,7.948524,2.917734,3.997346,1.313622
L,-0.3961761,1.419129,-0.08148232,-0.7728173,-0.2518349,-0.4116541,-17.56177,-11.00641,-16.04481,1.326355
L,-0.4049851,1.416606,-0.08580536,-0.6204221,-0.1777102,-0.3044755,10.73334,5.220673,7.548695,1.340553
L,-0.413152,1.414513,-0.0895564,-0.582881,-0.149401,-0.2677137,2.679328,2.020443,2.623707,1.354565
L,-0.4229801,1.410625,-0.09463146,-0.7122961,-0.2817857,-0.3678182,-9.379432,-9.594646,-7.255126,1.368362
L,-0.4319832,1.407461,-0.09902715,-0.6090605,-0.2140242,-0.2973684,6.983899,4.584069,4.765932,1.383144
L,-0.4442707,1.405837,-0.1004311,-0.8910313,-0.1177818,-0.1018099,-20.44729,6.979076,14.18105,1.396935
L,-0.4551847,1.404205,-0.102258,-0.8382815,-0.1253388,-0.1403206,4.051581,-0.5804318,-2.957903,1.409954
L,-0.4653002,1.402566,-0.1043525,-0.7478012,-0.1211665,-0.1548367,6.688901,0.3084461,-1.073127,1.423481
L,-0.4736372,1.399962,-0.106061,-0.5851427,-0.1827309,-0.1199104,11.41632,-4.320952,2.451329,1.437729
L,-0.4820422,1.397617,-0.108022,-0.604805,-0.1687998,-0.141114,-1.414867,1.002463,-1.525773,1.451626
L,-0.4926426,1.395924,-0.1117423,-0.760908,-0.1214916,-0.2670417,-11.20522,3.395821,-9.039213,1.465557
L,-0.5026271,1.394202,-0.1151302,-0.6985297,-0.1204547,-0.2370235,4.364054,0.07254606,2.100107,1.479851
L,-0.506745,1.386505,-0.1208716,-0.2998524,-0.5604948,-0.4180767,29.03079,-32.04274,-13.1839,1.493584
L,-0.5121558,1.380399,-0.1257983,-0.4028463,-0.4546205,-0.3668042,-7.668056,7.882509,3.817322,1.507015
L,-0.5183331,1.375254,-0.1302264,-0.4393228,-0.36592,-0.3149215,-2.594163,6.308271,3.689834,1.521076
L,-0.5219003,1.367746,-0.1325849,-0.2347162,-0.4939916,-0.1551862,13.46295,-8.427005,10.51046,1.536274
L,-0.5102299,1.373107,-0.1273469,0.9053899,0.415896,0.4063691,88.44983,70.58939,43.56565,1.549164
L,-0.5247627,1.366237,-0.1339367,-1.073752,-0.5075747,-0.4868863,-146.2289,-68.23063,-65.99818,1.562698
L,-0.5365317,1.360614,-0.1393397,-0.7798755,-0.3725986,-0.3580331,19.4737,8.944179,8.538448,1.577789
L,-0.546668,1.355799,-0.1439703,-0.7607089,-0.3613656,-0.3475142,1.438421,0.8430187,0.7894248,1.591114
L,-0.5456541,1.337736,-0.1543502,0.07714985,-1.374456,-0.7898505,63.75607,-77.09013,-33.65916,1.604256
L,-0.5467771,1.324147,-0.1626435,-0.07860481,-0.9512517,-0.5805168,-10.90258,29.6236,14.65303,1.618542
L,-0.5523393,1.317201,-0.1638056,-0.4002496,-0.4997941,-0.08362785,-23.14501,32.48611,35.75527,1.632439
L,-0.5578836,1.310533,-0.1658138,-0.410915,-0.4942218,-0.1488318,-0.7904584,0.4129912,-4.832575,1.645931
L,-0.5634158,1.304121,-0.1683356,-0.3930174,-0.4555217,-0.1791518,1.271471,2.749325,-2.153991,1.660007
L,-0.5634476,1.300522,-0.1630895,-0.002260007,-0.2560295,0.3731969,27.79775,14.1915,39.29306,1.674065
L,-0.564975,1.296286,-0.1601797,-0.1115916,-0.3094691,0.2125945,-7.987909,-3.904364,-11.73382,1.687752
L,-0.573514,1.286834,-0.1585271,-0.5855268,-0.6481575,0.113317,-32.49784,-23.22395,-6.80748,1.702335
L,-0.5809539,1.278501,-0.1579054,-0.5405523,-0.6054254,0.04516872,3.267682,3.104759,-4.951404,1.716099
L,-0.5914633,1.271379,-0.1567339,-0.7044154,-0.4773555,0.07852651,-10.98332,8.584186,2.235884,1.731018
L,-0.6005029,1.264511,-0.1562666,-0.7150536,-0.54332,0.03696321,-0.8414963,-5.21792,-3.28774,1.74366
L,-0.6087196,1.257785,-0.1562478,-0.5739284,-0.4697575,0.001308328,9.857481,5.138279,-2.490465,1.757977
L,-0.6104282,1.250141,-0.1579248,-0.1171303,-0.5240586,-0.1149565,31.31456,-3.722462,-7.970223,1.772564
L,-0.6134639,1.242845,-0.1593936,-0.2348176,-0.5643165,-0.1136144,-9.103282,-3.114009,0.1038188,1.785492
L,-0.6171558,1.24398,-0.156882,-0.2691315,0.0827395,0.183093,-2.501441,47.16959,21.6296,1.79921
L,-0.6211456,1.243223,-0.1553053,-0.2916638,-0.05537158,0.1152572,-1.647154,-10.09621,-4.958932,1.812889
L,-0.6257278,1.241163,-0.1542003,-0.3281933,-0.1474898,0.07914639,-2.616393,-6.597876,-2.586406,1.826851
L,-0.6264323,1.233179,-0.1525292,-0.05050246,-0.5723441,0.1197885,19.90566,-30.45475,2.913338,1.840801
L,-0.6283658,1.226094,-0.15137,-0.1384483,-0.5072811,0.08300008,-6.297319,4.658802,-2.634213,1.854767
L,-0.6293358,1.22031,-0.1490197,-0.06844297,-0.4081679,0.16585,4.939836,6.993792,5.846195,1.868938
L,-0.6312509,1.214646,-0.1472676,-0.1394531,-0.4124566,0.1275835,-5.170802,-0.3122938,-2.786479,1.882671
L,-0.6302912,1.210858,-0.146804,0.0672489,-0.2654621,0.03248317,14.48428,10.30038,-6.663992,1.896942
L,-0.6304817,1.206806,-0.1463646,-0.01397635,-0.2972555,0.03224269,-5.959337,-2.332616,-0.01764345,1.910572
L,-0.6314357,1.202374,-0.1459089,-0.06534982,-0.3035913,0.03121427,-3.519009,-0.4339928,-0.07044493,1.925171
L,-0.6343279,1.201016,-0.1471701,-0.218935,-0.102792,-0.09547358,-11.62617,15.20021,-9.590084,1.938381
L,-0.637471,1.198735,-0.1481844,-0.2212549,-0.16058,-0.07139815,-0.1633031,-4.067878,1.694744,1.952587
L,-0.6381171,1.195622,-0.1478981,-0.04836522,-0.2330276,0.02142637,12.94174,-5.423098,6.948427,1.965946
L,-0.6392558,1.191978,-0.1476016,-0.07610913,-0.2435301,0.01982208,-1.854385,-0.7019816,-0.10723,1.980907
L,-0.6408021,1.187904,-0.1473037,-0.1102419,-0.2904542,0.02123526,-2.433423,-3.345355,0.1007495,1.994934
L,-0.6397492,1.18674,-0.1484379,0.07597888,-0.08399566,-0.08184201,13.43701,14.89729,-7.437679,2.008793
L,-0.6392038,1.185091,-0.1493734,0.04164543,-0.1259103,-0.0714276,-2.621703,-3.200602,0.7952451,2.021889
L,-0.6389734,1.185423,-0.1488822,0.01663654,0.02399277,0.03546832,-1.806041,10.8254,7.719594,2.035736
L,-0.6385633,1.185953,-0.1475747,0.02895654,0.03738554,0.09231185,0.8698127,0.9455518,4.013248,2.0499
L,-0.6367411,1.187235,-0.1468553,0.1347452,0.09481664,0.05319773,7.822813,4.246888,-2.892393,2.063423
L,-0.6352292,1.188018,-0.1461905,0.1068024,0.0552917,0.04696131,-1.973874,-2.792031,-0.4405384,2.077579
L,-0.6341757,1.188314,-0.1456584,0.07645522,0.02149951,0.03862018,-2.202473,-2.452497,-0.6053649,2.091358
L,-0.6326619,1.189713,-0.1465329,0.1095605,0.1012303,-0.06329592,2.39601,5.770556,-7.376227,2.105175
L,-0.6313877,1.190713,-0.1473126,0.08850855,0.0694472,-0.05415859,-1.462279,-2.207672,0.6346831,2.119572
L,-0.6300977,1.192698,-0.1471646,0.09346496,0.1438467,0.01072329,0.3591197,5.390655,4.70105,2.133373
L,-0.6290776,1.194157,-0.1470341,0.07488711,0.1071391,0.009581306,-1.363784,-2.694675,-0.08383226,2.146996
L,-0.6283123,1.195154,-0.1469295,0.05490131,0.07148844,0.00750248,-1.433815,-2.557637,-0.1491384,2.160934
L,-0.6259687,1.199463,-0.1464059,0.1688771,0.3104986,0.03772999,8.212776,17.22239,2.178109,2.174812
L,-0.6240096,1.202952,-0.14596,0.1337402,0.2381673,0.03044332,-2.398679,-4.937813,-0.497437,2.189461
L,-0.616677,1.212278,-0.1428713,0.5566717,0.7080166,0.2344836,32.10801,35.6699,15.49028,2.202633
L,-0.6111411,1.219256,-0.1405598,0.3912695,0.4932175,0.1633706,-11.69027,-15.18153,-5.026114,2.216782
L,-0.604099,1.228154,-0.1374576,0.5133612,0.6486374,0.2261508,8.900334,11.32992,4.576602,2.230499
L,-0.5984793,1.23521,-0.1350041,0.4065044,0.5104253,0.1774757,-7.729546,-9.997646,-3.520941,2.244324
L,-0.5937921,1.241051,-0.1329698,0.3327114,0.4145681,0.1444001,-5.238126,-6.804328,-2.347838,2.258411
L,-0.5886613,1.246057,-0.1360964,0.3210865,0.3132982,-0.1956575,-0.7274764,-6.337381,-21.28051,2.274391
L,-0.5841489,1.250618,-0.1380671,0.3376793,0.3413413,-0.1474763,1.24171,2.098583,3.605603,2.287754
L,-0.5834675,1.256317,-0.1377054,0.05219444,0.4365776,0.02770447,-21.86971,7.295624,13.41981,2.300808
L,-0.5821544,1.261488,-0.1373015,0.1037788,0.4086241,0.0319189,4.076738,-2.209178,0.3330686,2.313461
L,-0.5804766,1.266131,-0.1368963,0.1207944,0.3342832,0.02917618,1.225085,-5.352386,-0.19747,2.327351
L,-0.5765433,1.270235,-0.1372931,0.2718453,0.2836722,-0.02742614,10.43952,-3.497854,-3.911932,2.34182
L,-0.5729157,1.274353,-0.1374694,0.2613902,0.2967204,-0.01270014,-0.7533694,0.9402144,1.061114,2.355698
L,-0.5699743,1.277135,-0.1334514,0.2183739,0.2065013,0.2982977,-3.193562,-6.697927,23.0887,2.369167
L,-0.5670133,1.280291,-0.1302596,0.2179777,0.2323347,0.234963,-0.0291603,1.901727,-4.662402,2.382751
L,-0.564078,1.283661,-0.1277027,0.2063472,0.2369352,0.1797535,-0.8176119,0.323409,-3.881156,2.396976
L,-0.5615252,1.287977,-0.1254201,0.1815484,0.3069723,0.1623298,-1.76366,4.98096,-1.239152,2.411037
L,-0.5588961,1.292171,-0.1234366,0.1914497,0.3053906,0.1444396,0.7209852,-0.1151758,-1.302728,2.42477
L,-0.5543291,1.298003,-0.1211302,0.3178978,0.4059264,0.1605411,8.801811,6.9981,1.120795,2.439137
L,-0.5502211,1.303325,-0.1190864,0.2965781,0.3842605,0.1475564,-1.5392,-1.564189,-0.9374419,2.452988
L,-0.5444281,1.31283,-0.1075689,0.4300835,0.7056429,0.8550688,9.911542,23.85966,52.52623,2.466457
L,-0.5393315,1.321002,-0.09854104,0.3601162,0.5774174,0.6378948,-4.943803,-9.060251,-15.34525,2.48061
L,-0.5346987,1.328255,-0.09125564,0.3231648,0.5059623,0.5082023,-2.577597,-4.984446,-9.046863,2.494946
L,-0.5272094,1.334565,-0.09150995,0.5395112,0.4545033,-0.01832041,15.58503,-3.706968,-37.92931,2.508827
L,-0.5207064,1.340613,-0.09073836,0.4709168,0.4379748,0.05587556,-4.967298,-1.19692,5.372936,2.522636
L,-0.511103,1.348528,-0.0846834,0.6893398,0.568139,0.4346308,15.67861,9.343311,27.1874,2.536568
L,-0.5028535,1.35584,-0.0793535,0.6182327,0.5479828,0.399428,-5.32884,-1.510533,-2.638133,2.549911
L,-0.4955376,1.362725,-0.07454754,0.530662,0.4994466,0.3486036,-6.352004,-3.520603,-3.686581,2.563698
L,-0.4867568,1.366313,-0.07314315,0.6179383,0.2524916,0.09883285,6.142005,-17.37927,-17.57743,2.577908
L,-0.4788437,1.37054,-0.07111821,0.57446,0.3068229,0.1470031,-3.156354,3.944231,3.496964,2.591682
L,-0.4591094,1.382765,-0.06490599,1.411911,0.874693,0.444458,59.91616,40.62875,21.28167,2.605659
L,-0.4427177,1.393385,-0.05939788,1.166389,0.7556834,0.391943,-17.47074,-8.468419,-3.736835,2.619713
L,-0.4228714,1.401396,-0.05586194,1.413366,0.5705056,0.2518136,17.58861,-13.18751,-9.979375,2.633755
L,-0.4059187,1.409035,-0.05226038,1.222229,0.5507082,0.2596614,-13.78042,-1.427333,0.5658025,2.647625
L,-0.3909698,1.416472,-0.04859644,1.085834,0.5402552,0.2661343,-9.90722,-0.7592607,0.4701636,2.661392
L,-0.3888342,1.40965,-0.04821959,0.1532097,-0.489455,0.02703614,-66.90797,-73.87312,-17.1533,2.675331
L,-0.384518,1.406593,-0.04693733,0.3078032,-0.2179849,0.09144063,11.02442,19.35916,4.592832,2.689354
L,-0.3425143,1.42988,-0.04491144,3.106946,1.722471,0.1498516,207.0481,143.5324,4.320569,2.702873
L,-0.30775,1.44882,-0.04255361,2.477773,1.34991,0.1680511,-44.84334,-26.55375,1.297137,2.716904
L,-0.2788806,1.464454,-0.03999297,1.939003,1.050058,0.1719851,-36.18635,-20.1395,0.2642278,2.731792
L,-0.241245,1.456853,-0.05462643,2.807612,-0.5670087,-1.091655,64.79813,-120.633,-94.26738,2.745197
L,-0.2087892,1.453654,-0.06416036,2.409543,-0.2374681,-0.7078062,-29.55292,24.46533,28.49718,2.758667
L,-0.1973144,1.446331,-0.06391427,0.798316,-0.5095292,0.01712094,-112.0949,-18.9276,50.43399,2.773041
L,-0.184109,1.442801,-0.06369718,1.01576,-0.2715119,0.01669842,16.72586,18.30834,-0.03250093,2.786041
L,-0.1697633,1.433007,-0.07070406,0.9912043,-0.6767099,-0.4841356,-1.696684,-27.9969,-34.60481,2.800514
L,-0.1542357,1.427059,-0.07574455,1.104309,-0.4230026,-0.3584737,8.043908,18.04337,8.93693,2.814575
L,-0.1379794,1.423393,-0.07958565,1.205853,-0.2719121,-0.2849241,7.532267,11.20754,5.455738,2.828056
L,-0.1276532,1.418648,-0.08446781,0.7009221,-0.3220643,-0.3313905,-34.27359,-3.404221,-3.154035,2.842789
L,-0.1154616,1.415499,-0.08838211,0.9066539,-0.2341844,-0.2910949,15.29968,6.535376,2.996669,2.856236
L,-0.1041294,1.417997,-0.08930717,0.8017982,0.1766869,-0.06545209,-7.418978,29.07084,15.96515,2.870369
L,-0.09143524,1.419877,-0.09050568,0.9755777,0.1445141,-0.09210837,13.35539,-2.472565,-2.048603,2.883381
L,-0.07785582,1.42134,-0.09188214,0.933831,0.100628,-0.09465637,-2.87084,-3.017965,-0.1752212,2.897923
L,-0.07520029,1.42692,-0.09653352,0.193316,0.4061806,-0.3386093,-53.90768,22.24348,-17.75917,2.911659
L,-0.06924731,1.431188,-0.1003729,0.4287195,0.3073747,-0.2765019,16.95319,-7.115762,4.472826,2.925545
L,-0.06534362,1.419982,-0.1078014,0.2722341,-0.7814495,-0.5180483,-10.91293,-75.93209,-16.84489,2.939884
L,-0.05892383,1.412307,-0.1137656,0.4703491,-0.5623603,-0.4369672,14.515,16.05168,5.94045,2.953533
L,-0.07294251,1.400772,-0.1217187,-1.051177,-0.8648992,-0.5963562,-114.09,-22.68557,-11.95162,2.966869
L,-0.07980981,1.392284,-0.1283176,-0.4819868,-0.5957664,-0.4631495,39.94905,18.8893,9.349224,2.981117
L,-0.08248997,1.385577,-0.1341025,-0.1921739,-0.4809047,-0.4147922,20.78028,8.235865,3.467329,2.995064
L,-0.09518272,1.392736,-0.1339099,-0.8906124,0.5023421,0.0135119,-49.00735,68.9915,30.05283,3.009315
L,-0.1025271,1.3972,-0.1348999,-0.563113,0.3422693,-0.07590167,25.11027,-12.27322,-6.855581,3.022358
L,-0.1085618,1.396917,-0.132876,-0.4256042,-0.01995897,0.1427342,9.697904,-25.5464,15.41945,3.036537
L,-0.1119481,1.396315,-0.1323318,-0.2420751,-0.04306995,0.03890591,13.12,-1.652142,-7.422406,3.050526
L,-0.1134734,1.395716,-0.1325866,-0.1088926,-0.04271344,-0.01818874,9.507899,0.025451,-4.075986,3.064533
L,-0.1208458,1.402176,-0.1281878,-0.5028959,0.4406388,0.3000575,-26.8763,32.97109,21.70865,3.079193
L,-0.1258249,1.406627,-0.125565,-0.3525744,0.3151422,0.185722,10.64448,-8.8866,-8.096262,3.093315
L,-0.1299297,1.412659,-0.1190811,-0.2897272,0.4257876,0.4576492,4.435922,7.809648,19.19334,3.107483
L,-0.1329666,1.417105,-0.1146105,-0.2478535,0.3628483,0.3648647,3.417479,-5.136721,-7.572509,3.119736
L,-0.1353417,1.420511,-0.1114778,-0.1624421,0.2329605,0.2142506,5.841399,-8.883203,-10.3007,3.134357
L,-0.1374834,1.419395,-0.1093474,-0.1655658,-0.08629461,0.1646949,-0.2414779,-24.68027,-3.830944,3.147293
L,-0.1391105,1.418888,-0.1078445,-0.1146898,-0.0357455,0.105933,3.586137,3.563094,-4.141996,3.16148
L,-0.1473024,1.413584,-0.1067914,-0.5859343,-0.3793656,0.07532081,-33.70639,-24.57789,-2.189578,3.175461
L,-0.1535104,1.410017,-0.1058444,-0.4448843,-0.2556213,0.06786922,10.10809,8.867918,-0.5340046,3.189415
L,-0.1677953,1.406983,-0.1081698,-1.059623,-0.2250283,-0.1724907,-45.59989,2.269316,-17.82935,3.202896
L,-0.1786084,1.404767,-0.1096802,-0.7490999,-0.1535743,-0.1046362,21.51208,4.950118,4.700752,3.217331
L,-0.187467,1.403058,-0.1106686,-0.6369255,-0.1228744,-0.07107104,8.065229,2.207292,2.413303,3.231239
L,-0.2025731,1.403703,-0.1090369,-1.125307,0.04806053,0.1215583,-36.38147,12.73361,14.34971,3.244663
L,-0.2146383,1.403992,-0.1078212,-0.8585299,0.02059582,0.08650213,18.9832,-1.954318,-2.494508,3.258717
L,-0.2311006,1.411724,-0.1057837,-1.152948,0.5415275,0.1426976,-20.61981,36.48386,3.935696,3.272995
L,-0.2446093,1.417339,-0.1042078,-1.002334,0.4165989,0.1169293,11.17536,-9.269544,-1.911973,3.286472
L,-0.2565074,1.421512,-0.1029308,-0.817347,0.2866385,0.08772479,12.70787,-8.927759,-2.006236,3.301029
L,-0.2709022,1.4146,-0.1090007,-1.06057,-0.509231,-0.4472129,-17.92002,-58.63755,-39.41279,3.314602
L,-0.2835817,1.409972,-0.1131824,-0.8774749,-0.3202547,-0.2893925,12.67087,13.07787,10.92177,3.329052
L,-0.3006968,1.410566,-0.1146041,-1.27933,0.04438445,-0.106264,-30.03816,27.25634,13.68863,3.34243
L,-0.3155396,1.411022,-0.1157301,-1.077824,0.03309384,-0.08176561,14.63254,-0.8198797,1.778979,3.356201
L,-0.3304581,1.404453,-0.1215743,-1.056974,-0.4653885,-0.4140615,1.477213,-35.31734,-23.54307,3.370316
L,-0.3441696,1.399716,-0.125964,-0.9951269,-0.3437933,-0.3185886,4.488627,8.824879,6.929021,3.384094
L,-0.3572003,1.396103,-0.1294618,-0.9274793,-0.2571952,-0.2489585,4.814939,6.163768,4.95605,3.398144
L,-0.3730576,1.394515,-0.1302549,-1.148634,-0.1150093,-0.05745177,-16.01945,10.2993,13.87188,3.411949
L,-0.3876099,1.392998,-0.1312923,-1.066475,-0.1111965,-0.07602718,6.021098,0.2794241,-1.361317,3.425594
L,-0.3996758,1.38579,-0.1338958,-0.8190057,-0.4892057,-0.1767158,16.79767,-25.65843,-6.834523,3.440327
L,-0.4118413,1.380205,-0.1362165,-0.9101362,-0.417835,-0.1736197,-6.817726,5.339445,0.2316337,3.453693
L,-0.4240507,1.375598,-0.1383582,-0.8805063,-0.3322386,-0.1544554,2.136804,6.17292,1.382064,3.46756
L,-0.4403321,1.36892,-0.1428842,-1.158222,-0.4750848,-0.3219672,-19.75615,-10.16181,-11.91648,3.481617
L,-0.4553525,1.363391,-0.1466401,-1.061611,-0.3907809,-0.2654617,6.82823,5.958418,3.993683,3.495766
L,-0.4639727,1.355379,-0.1519463,-0.6256164,-0.5814819,-0.3851041,31.64268,-13.84029,-8.683148,3.509544
L,-0.4739004,1.348707,-0.1563908,-0.7425107,-0.4990014,-0.332408,-8.742689,6.168832,3.941222,3.522915
L,-0.4846326,1.341054,-0.1568411,-0.7498355,-0.5346649,-0.03145822,-0.5117687,-2.491727,21.0267,3.537228
L,-0.4957559,1.33441,-0.1578927,-0.7863825,-0.4697529,-0.07435149,-2.583759,4.589073,-3.03242,3.551373
L,-0.5071054,1.328384,-0.1593248,-0.8435506,-0.4478487,-0.1064389,-4.249016,1.628026,-2.384897,3.564827
L,-0.5195166,1.324982,-0.1635669,-0.8618626,-0.2362417,-0.2945778,-1.271623,14.69444,-13.06476,3.579227
L,-0.5317463,1.321182,-0.1672432,-0.9225674,-0.2866907,-0.2773269,-4.579398,-3.805722,1.30136,3.592484
L,-0.5391005,1.310471,-0.1688254,-0.5227385,-0.7613629,-0.1124699,28.41995,-33.73982,11.71808,3.606552
L,-0.5477834,1.301534,-0.1706615,-0.5933753,-0.6106947,-0.1254715,-4.827168,10.29634,-0.8884982,3.621185
L,-0.5572354,1.293602,-0.1726594,-0.7152948,-0.6002544,-0.1511913,-9.226468,0.7900864,-1.946388,3.634399
L,-0.5660926,1.289842,-0.1801467,-0.6458536,-0.274235,-0.545972,5.063587,23.77303,-28.78704,3.648113
L,-0.5755484,1.285467,-0.1861532,-0.6756056,-0.3125852,-0.4291509,-2.125728,-2.740054,8.346678,3.662109
L,-0.5880059,1.279357,-0.1832746,-0.8734037,-0.4283482,0.2018201,-13.86777,-8.116226,44.23784,3.676373
L,-0.6019112,1.273631,-0.1828432,-1.010311,-0.4160286,0.03134527,-9.947201,0.8950921,-12.38608,3.690136
L,-0.6149405,1.267936,-0.18325,-0.9868671,-0.431315,-0.03081547,1.775715,-1.157826,-4.708196,3.703339
L,-0.6274954,1.26226,-0.1841668,-0.8651912,-0.3911836,-0.06318185,8.385015,2.765563,-2.230455,3.71785
L,-0.6397218,1.2566,-0.1853997,-0.8990358,-0.4161816,-0.09065568,-2.488679,-1.838171,-2.020224,3.731449
L,-0.65395,1.249339,-0.1906295,-0.9828352,-0.5016057,-0.3612545,-5.788542,-5.90077,-18.69193,3.745926
L,-0.6673635,1.242548,-0.1949192,-0.9955452,-0.5040257,-0.318376,-0.9433351,-0.1796079,3.182435,3.759399
L,-0.681775,1.238316,-0.2035577,-0.9978539,-0.2929626,-0.598136,-0.159857,14.61409,-19.37069,3.773842
L,-0.6954362,1.233624,-0.2104254,-1.036528,-0.3560239,-0.5210802,-2.934321,-4.784703,5.846518,3.787022
L,-0.7087493,1.228648,-0.2162571,-0.9432306,-0.3525507,-0.4131694,6.610072,0.2460748,7.645454,3.801136
L,-0.6935404,1.211769,-0.2221248,1.103493,-1.22464,-0.4257413,148.5016,-63.27512,-0.912164,3.814919
L,-0.6844453,1.204772,-0.2299771,0.6386871,-0.4914027,-0.5514154,-32.64029,51.49044,-8.825266,3.829159
L,-0.6806483,1.197806,-0.236747,0.2830943,-0.5193313,-0.5047428,-26.51209,-2.082284,3.479789,3.842571
L,-0.6801628,1.191003,-0.242873,0.03473833,-0.4867204,-0.4382921,-17.76884,2.33317,4.754271,3.856548
L,-0.6817164,1.18431,-0.2485916,-0.1091029,-0.4700559,-0.4015799,-10.10102,1.170241,2.57806,3.870789
L,-0.685657,1.179227,-0.2523993,-0.2918904,-0.376457,-0.282048,-13.53959,6.933145,8.854071,3.884289
L,-0.6900615,1.173736,-0.2565268,-0.3097959,-0.3862356,-0.2903139,-1.259414,-0.6877913,-0.581395,3.898506
L,-0.6951746,1.169886,-0.2601556,-0.3664229,-0.2759449,-0.2600465,-4.058073,7.903785,2.169062,3.91246
L,-0.6894349,1.165082,-0.2630937,0.4256365,-0.3562058,-0.2178793,58.73653,-5.951888,3.126983,3.925945
L,-0.686474,1.159931,-0.2664883,0.2065469,-0.3593417,-0.236799,-15.28287,-0.2187521,-1.319771,3.940281
L,-0.6853512,1.154565,-0.2701669,0.0819399,-0.3915994,-0.2684633,-9.093811,-2.354162,-2.310862,3.953983
L,-0.68186,1.148936,-0.2681331,0.2423696,-0.3907988,0.141194,11.13763,0.05557923,28.43994,3.968388
L,-0.6799709,1.14326,-0.2677534,0.1406871,-0.4226562,0.02827592,-7.572568,-2.37251,-8.409315,3.981815
L,-0.6758933,1.137156,-0.2690387,0.2896807,-0.4336382,-0.09130674,10.58476,-0.7801787,-8.495359,3.995892
L,-0.6732654,1.131147,-0.2708335,0.1848874,-0.422806,-0.1262769,-7.372767,0.7621067,-2.460339,4.010105
L,-0.6719313,1.127856,-0.2708371,0.1000098,-0.2467204,-0.000270321,-6.362641,13.19982,9.445775,4.023445
L,-0.6711181,1.12419,-0.2714733,0.05524018,-0.2490039,-0.04321675,-3.041227,-0.1551224,-2.917375,4.038166
L,-0.6705561,1.120036,-0.2725478,0.04198579,-0.3103003,-0.08026681,-0.9901854,-4.579216,-2.767869,4.051552
L,-0.6729222,1.114952,-0.2732672,-0.1757126,-0.3775584,-0.05342599,-16.16667,-4.994709,1.993247,4.065018
L,-0.6748732,1.109532,-0.2743906,-0.138789,-0.3855919,-0.07992071,2.626678,-0.571487,-1.884785,4.079075
L,-0.6822313,1.106021,-0.2776494,-0.5261567,-0.2510485,-0.2330239,-27.69943,9.620774,-10.94792,4.09306
L,-0.6877674,1.102089,-0.2805489,-0.3989142,-0.283303,-0.2089296,9.168734,-2.324169,1.736166,4.106937
L,-0.6922,1.0979,-0.2832206,-0.311357,-0.2943043,-0.1876675,6.150215,-0.7727593,1.4935,4.121174
L,-0.688646,1.084395,-0.2832233,0.2537924,-0.9643404,-0.0001936632,40.35699,-47.84689,13.3874,4.135178
L,-0.6865704,1.073425,-0.2838056,0.1497231,-0.791337,-0.04200562,-7.507195,12.47986,-3.016168,4.14904
L,-0.6867709,1.065066,-0.2780969,-0.0148818,-0.6204523,0.4236998,-12.21693,12.68301,34.56452,4.162514
L,-0.6872454,1.057254,-0.2742874,-0.03402369,-0.5600725,0.273149,-1.37252,4.329377,-10.79486,4.17646
L,-0.6953053,1.059595,-0.2734255,-0.5614827,0.163068,0.06004393,-36.74467,50.37654,-14.84566,4.190815
L,-0.7015852,1.059728,-0.2729244,-0.4704826,0.009976065,0.03754198,6.817693,-11.4696,-1.685839,4.204163
L,-0.7067389,1.058435,-0.2726328,-0.3698416,-0.09279189,0.02092458,7.222133,-7.374761,-1.192486,4.218098
L,-0.7055865,1.052185,-0.272092,0.08205035,-0.4450197,0.03850659,32.17294,-25.07724,1.25177,4.232143
L,-0.7052578,1.045555,-0.2716533,0.02392565,-0.482635,0.03193557,-4.231336,-2.738304,-0.4783537,4.24588
L,-0.6959862,1.041698,-0.2693102,0.6540677,-0.2721172,0.1652945,44.45316,14.85091,9.407762,4.260056
L,-0.6894999,1.037607,-0.267566,0.4629262,-0.2919701,0.124481,-13.64187,-1.416915,-2.912881,4.274067
L,-0.6849139,1.033379,-0.2662148,0.3367516,-0.3104604,0.09921875,-9.264966,-1.357738,-1.855,4.287685
L,-0.6816871,1.035621,-0.2678527,0.2297325,0.1596534,-0.1166082,-7.619341,33.47026,-15.36604,4.301731
L,-0.6792601,1.036363,-0.2689256,0.1687583,0.05156665,-0.07460627,-4.239793,-7.515727,2.920575,4.316113
L,-0.6810581,1.034956,-0.2685157,-0.09858359,-0.07715436,0.02247667,-14.65845,-7.05782,5.323093,4.334351
L,-0.6850273,1.031004,-0.267514,-0.1627561,-0.1620425,0.04107398,-2.631386,-3.480824,0.76258,4.358738
L,-0.6872912,1.030228,-0.268053,-0.1773666,-0.06079087,-0.04222626,-1.144665,7.932606,-6.526197,4.371502
L,-0.688198,1.029346,-0.2682506,-0.0666582,-0.06478722,-0.0145252,8.138405,-0.2937802,2.036362,4.385105
L,-0.6888784,1.029015,-0.2683441,-0.04850677,-0.0236011,-0.00667154,1.294068,2.936278,0.5599105,4.399132
L,-0.6894971,1.028494,-0.2684179,-0.04203927,-0.03542963,-0.005011907,0.4394546,-0.8037265,0.112769,4.413849
L,-0.6898131,1.027825,-0.2699472,-0.02518813,-0.05334068,-0.1218931,1.343091,-1.427569,-9.315807,4.426395
L,-0.690171,1.02679,-0.271726,-0.02481569,-0.07177334,-0.1233284,0.02582183,-1.277972,-0.09951536,4.440819
L,-0.6905188,1.02552,-0.2734741,-0.02543149,-0.09282601,-0.1278199,-0.04502852,-1.539423,-0.3284301,4.454494
L,-0.6908077,1.024884,-0.2748274,-0.02089224,-0.04597414,-0.09786853,0.3282581,3.38812,2.165951,4.468323
L,-0.69106,1.024144,-0.2760256,-0.01843384,-0.05408654,-0.08754224,0.1796139,-0.5927027,0.7544522,4.48201
L,-0.6908745,1.023805,-0.2758918,0.01350378,-0.02466512,0.009738513,2.324336,2.141213,7.079835,4.49575
L,-0.6907141,1.023443,-0.275791,0.01148395,-0.02595628,0.007216957,-0.1446687,-0.0924786,-0.1806041,4.509712
L,-0.6905087,1.02289,-0.2756879,0.01500244,-0.04034898,0.007536048,0.2569939,-1.051257,0.02330669,4.523403
L,-0.6839145,1.021227,-0.2830703,0.4619521,-0.1165069,-0.5171741,31.31085,-5.335205,-36.75832,4.537678
L,-0.6840218,1.021848,-0.2826235,-0.007799494,0.04514081,0.03250295,-34.16831,11.75776,39.98184,4.551426
L,-0.6813619,1.018164,-0.2805108,0.1924022,-0.2664787,0.152818,14.4817,-22.54116,8.703056,4.56525
L,-0.6784493,1.014075,-0.2783596,0.2108038,-0.2959518,0.1556978,1.331821,-2.133132,0.2084268,4.579067
L,-0.682757,1.008819,-0.2750896,-0.3095489,-0.377647,0.2349811,-37.39236,-5.870588,5.697267,4.592983
L,-0.6861193,1.004251,-0.2724157,-0.2436213,-0.3310185,0.1937405,4.776816,3.378492,-2.988106,4.606785
L,-0.6885169,1.000552,-0.2704,-0.1609475,-0.2483035,0.1353113,5.549921,5.55269,-3.922372,4.621681
L,-0.6818482,0.9999816,-0.2700978,0.4651826,-0.03979012,0.02108003,43.67649,14.54511,-7.968346,4.636017
L,-0.6752468,0.9988681,-0.2696127,0.5195184,-0.08763321,0.03817594,4.276133,-3.76517,1.345419,4.648724
L,-0.6656974,0.996253,-0.2682185,0.7105627,-0.1945918,0.1037446,14.21548,-7.958714,4.878918,4.662163
L,-0.6583595,0.9938165,-0.2669942,0.5258594,-0.1746045,0.08773365,-13.23643,1.432356,-1.147395,4.676117
L,-0.6525144,0.9914938,-0.2658838,0.4260984,-0.1693244,0.08094932,-7.272453,0.3849079,-0.4945692,4.689835
L,-0.6533445,0.9920389,-0.2662521,-0.06081435,0.03994026,-0.02698348,-35.67392,15.33189,-7.907752,4.703484
L,-0.6566761,0.9940112,-0.2676808,-0.2305636,0.1364878,-0.09887102,-11.7473,6.681453,-4.974891,4.717934
L,-0.6596469,0.992314,-0.267442,-0.1994829,-0.1139576,0.01603724,2.086994,-16.81679,7.715807,4.732826
L,-0.6620241,0.9903903,-0.2670831,-0.1869656,-0.1513042,0.02822392,0.9845016,-2.937347,0.9584954,4.745541
L,-0.6638166,0.9896765,-0.2679908,-0.1144121,-0.04555865,-0.05793843,4.630983,6.749589,-5.49962,4.761208
L,-0.6657297,0.9881448,-0.2690152,-0.1391553,-0.111417,-0.07450706,-1.799742,-4.790336,-1.205152,4.774956
L,-0.666361,0.9872392,-0.2693789,-0.04796648,-0.06880435,-0.02763813,6.928869,3.23787,3.561277,4.788116
L,-0.6665044,0.987094,-0.2694569,-0.01045432,-0.01058468,-0.005683398,2.734591,4.244143,1.600473,4.801834
L,-0.6677439,0.9858545,-0.270186,-0.09212858,-0.09212858,-0.05419354,-6.070433,-6.060745,-3.605512,4.815289
L,-0.6676329,0.9852726,-0.2709212,0.008095089,-0.04244053,-0.05362453,7.310249,3.624214,0.04150336,4.828999
L,-0.6674798,0.9846543,-0.2715455,0.01119806,-0.04520183,-0.04563537,0.2268337,-0.2018568,0.5840241,4.842678
L,-0.6672835,0.983937,-0.2721495,0.01421318,-0.05195669,-0.04375561,0.2184016,-0.4892915,0.136161,4.856483
L,-0.6674218,0.9816744,-0.2761844,-0.01003321,-0.1641641,-0.2927558,-1.759216,-8.141297,-18.0664,4.870266
L,-0.6674717,0.9793964,-0.2798876,-0.003674663,-0.167792,-0.2727636,0.4683495,-0.2672198,1.472556,4.883842
L,-0.6694825,0.977039,-0.2803575,-0.1404917,-0.164708,-0.03282624,-9.559109,0.2154757,16.7639,4.898155
L,-0.6710555,0.9749449,-0.2808459,-0.1052166,-0.1400708,-0.03267535,2.359575,1.647994,0.01009331,4.913105
L,-0.6638179,0.974752,-0.2849473,0.5067567,-0.01350911,-0.2871636,42.84859,8.861483,-17.81853,4.927387
L,-0.656961,0.9742658,-0.2889414,0.540439,-0.03832494,-0.3148043,2.654723,-1.955899,-2.178544,4.940075
L,-0.6516863,0.9736199,-0.2921423,0.3717028,-0.04550991,-0.2255628,-11.89064,-0.5063164,6.288739,4.954266
L,-0.6549354,0.9705807,-0.2920402,-0.251402,-0.235159,0.007897819,-48.21228,-14.67396,18.06385,4.96719
L,-0.6582588,0.966962,-0.2922393,-0.232942,-0.2536389,-0.01395179,1.293898,-1.29529,-1.531482,4.981457
L,-0.6597711,0.9656429,-0.2927798,-0.112469,-0.0980984,-0.04019504,8.959229,11.56709,-1.951634,4.994904
L,-0.6607506,0.9644371,-0.293395,-0.07257366,-0.08934692,-0.04558101,2.955997,0.6484314,-0.3990677,5.0084
L,-0.6614286,0.9632714,-0.2940675,-0.0489179,-0.08411179,-0.04852868,1.706913,0.3777477,-0.2126928,5.022259
L,-0.6611391,0.9631001,-0.2943026,0.02073514,-0.01226947,-0.01683957,4.988833,5.145638,2.269702,5.036221
L,-0.6608607,0.9628857,-0.294562,0.01981118,-0.01525176,-0.01845608,-0.06574699,-0.2122126,-0.1150268,5.050274
L,-0.6618698,0.9606271,-0.2939979,-0.07397407,-0.1655699,0.04135207,-6.875067,-11.0193,4.384326,5.063915
L,-0.6630408,0.9577016,-0.2934509,-0.08207721,-0.2050593,0.03833765,-0.5679651,-2.767888,-0.2112866,5.078182
L,-0.6640577,0.9548535,-0.293084,-0.07517713,-0.2105497,0.02712343,0.5100994,-0.4058887,-0.8290301,5.091709
L,-0.6687326,0.9513253,-0.2926252,-0.3336552,-0.251808,0.03274954,-18.44772,-2.944621,0.4015386,5.105721
L,-0.6724034,0.9482259,-0.2923717,-0.2653062,-0.22401,0.01832179,4.939973,2.009115,-1.042776,5.119556
L,-0.6722423,0.9473938,-0.2916092,0.01184589,-0.0612023,0.05607946,20.38545,11.97505,2.777202,5.133152
L,-0.672217,0.9466422,-0.2911327,0.001805008,-0.0535599,0.03395751,-0.7154544,0.5445529,-1.57628,5.147186
L,-0.6731266,0.9456542,-0.2910131,-0.06377039,-0.06926986,0.008385013,-4.597539,-1.101437,-1.792906,5.161449
L,-0.6741402,0.9444548,-0.2909175,-0.06808064,-0.08055102,0.006415338,-0.2894969,-0.7576964,-0.1322927,5.176338
L,-0.6752218,0.9430842,-0.2908445,-0.08955504,-0.113491,0.00604568,-1.778075,-2.727422,-0.03060753,5.188416
L,-0.6750099,0.9430944,-0.2908495,0.01449175,0.0006970715,-0.0003383446,7.1159,7.809475,-0.436612,5.203037
L,-0.6748039,0.943064,-0.2908592,0.01530612,-0.002258716,-0.0007219033,0.0605111,-0.2196264,-0.02849989,5.216496
L,-0.6748144,0.9428679,-0.2906665,-0.0007022472,-0.01312723,0.0129018,-1.071629,-0.727558,0.9119947,5.231434
L,-0.6748698,0.9424949,-0.2903633,-0.004415451,-0.02971171,0.0241473,-0.2957746,-1.321034,0.8957582,5.243988
L,-0.6749942,0.9418863,-0.2899367,-0.008557036,-0.04188271,0.02936097,-0.2850332,-0.8376356,0.3588169,5.258518
L,-0.6754348,0.9416596,-0.2899055,-0.0320254,-0.01647837,0.002267726,-1.705598,1.846297,-1.969041,5.272278
L,-0.6759918,0.9413385,-0.2898763,-0.04059372,-0.02340058,0.002124166,-0.6244467,-0.5044798,-0.01046245,5.285999
L,-0.6763688,0.9415067,-0.289723,-0.02731891,0.01219502,0.01111505,0.9620991,2.579809,0.6516189,5.299797
L,-0.6768273,0.9416683,-0.2895461,-0.03303191,0.0116361,0.01273959,-0.4115494,-0.04026321,0.117028,5.313679
L,-0.6773717,0.9418133,-0.2893471,-0.03968385,0.01057599,0.01451048,-0.4849181,-0.07728056,0.1290956,5.327396
L,-0.6776493,0.9427806,-0.2886634,-0.0196919,0.06860034,0.04848992,1.417957,4.115459,2.410039,5.341496
L,-0.677999,0.9438615,-0.2878689,-0.02432905,0.07520153,0.05527427,-0.3226121,0.4592524,0.4719946,5.355869
L,-0.6773755,0.9519804,-0.2861454,0.04631712,0.6030923,0.1280307,5.247796,39.2132,5.404551,5.369331
L,-0.6769294,0.9585104,-0.2847523,0.03089911,0.4522622,0.0964787,-1.067831,-10.44628,-2.185248,5.38377
L,-0.673856,0.9653358,-0.2813204,0.2149605,0.4773879,0.2400384,12.87369,1.757352,10.04091,5.398067
L,-0.67159,0.9706883,-0.2786891,0.17338,0.4095519,0.2013349,-3.181572,-5.190542,-2.96144,5.411137
L,-0.6698561,0.9750944,-0.2765832,0.1254615,0.3188052,0.152375,-3.467173,-6.566026,-3.542519,5.424957
L,-0.6633444,0.9804633,-0.2737884,0.4523011,0.3729216,0.1941263,22.70245,3.758955,2.900069,5.439354
L,-0.6583512,0.98507,-0.2714611,0.335457,0.3094887,0.1563521,-7.849819,-4.261549,-2.537746,5.454239
L,-0.6406999,1.001848,-0.2650425,1.29215,1.228227,0.4698735,70.03385,67.25545,22.95107,5.467899
L,-0.626969,1.015262,-0.2599201,0.9317807,0.9102948,0.3476027,-24.45471,-21.57496,-8.297328,5.482635
L,-0.6196557,1.02592,-0.255373,0.5480676,0.7986796,0.3407684,-28.75588,-8.364566,-0.5121677,5.495979
L,-0.6132204,1.035155,-0.2514426,0.4679525,0.671576,0.285801,-5.825715,-9.242567,-3.997055,5.509731
L,-0.6072438,1.043517,-0.2479001,0.4939263,0.6910368,0.2927643,2.146561,1.608306,0.5754749,5.521832
L,-0.6403963,1.05958,-0.2406852,-2.401419,1.163538,0.5226172,-209.7257,34.22585,16.6495,5.535637
L,-0.6445104,1.045732,-0.246498,-0.2996666,-1.008692,-0.4233934,153.0874,-158.2209,-68.90553,5.549366
L,-0.6499133,1.067883,-0.2393657,-0.3541667,1.452066,0.4675407,-3.57261,161.3085,58.40286,5.564621
L,-0.6534905,1.085695,-0.2335839,-0.2723642,1.356194,0.440215,6.228294,-7.299557,-2.080535,5.577755
L,-0.6559361,1.100256,-0.2287594,-0.1847045,1.09971,0.3643672,6.620418,-19.37069,-5.728327,5.590996
L,-0.6477451,1.111051,-0.2224177,0.5957876,0.7851779,0.4612724,56.77063,-22.87811,7.048587,5.604744
L,-0.6416822,1.121051,-0.2169769,0.4144353,0.6835805,0.3719086,-12.39646,-6.94476,-6.108523,5.619373
L,-0.6549006,1.136897,-0.2086389,-0.9769171,1.171104,0.6162272,-102.8291,36.03083,18.05657,5.632904
L,-0.6641219,1.150958,-0.2015432,-0.6795887,1.036258,0.5229455,21.91253,-9.937913,-6.87468,5.646473
L,-0.6709667,1.163759,-0.1952794,-0.4716992,0.8821799,0.4316489,14.32623,-10.61792,-6.291502,5.660984
L,-0.6615484,1.171427,-0.1895621,0.650752,0.5298004,0.3950347,77.55505,-24.34744,-2.529829,5.675457
L,-0.6550985,1.17969,-0.1841606,0.5039679,0.6456315,0.4220485,-11.46902,9.050503,2.110728,5.688255
L,-0.6463079,1.197023,-0.1768062,0.5848747,1.153196,0.4893193,5.38305,33.77032,4.475797,5.703285
L,-0.6398475,1.212613,-0.1701052,0.4404584,1.062931,0.4568616,-9.846,-6.15412,-2.212898,5.717953
L,-0.6291717,1.227759,-0.1655337,0.8306897,1.178484,0.3557099,30.36415,8.991272,-7.870675,5.730804
L,-0.6208667,1.241821,-0.1608296,0.6349109,1.075067,0.3596199,-14.96712,-7.906104,0.2989164,5.743885
L,-0.6141356,1.255244,-0.1560084,0.4667989,0.9308697,0.3343543,-11.65861,-10.00015,-1.752174,5.758305
L,-0.5981705,1.261721,-0.1498802,1.161258,0.4711172,0.445746,50.51281,-33.441,8.102293,5.772053
L,-0.5853264,1.269554,-0.1440254,0.9370956,0.5715193,0.4271663,-16.35477,7.325301,-1.35557,5.785759
L,-0.5797434,1.27807,-0.1333099,0.3830272,0.5842057,0.7351509,-38.01249,0.8703669,21.12963,5.800335
L,-0.5742921,1.287278,-0.1239501,0.4016389,0.6784096,0.6896014,1.371263,6.940692,-3.355972,5.813908
L,-0.5688123,1.296915,-0.1155502,0.4075222,0.7166933,0.6246786,0.4375199,2.847048,-4.828116,5.827354
L,-0.5479556,1.305095,-0.1083065,1.402267,0.5500048,0.4870154,66.88029,-11.20708,-9.2556,5.842228
L,-0.5308104,1.313884,-0.1012844,1.297872,0.665292,0.5315681,-7.902505,8.727075,3.372575,5.855438
L,-0.5245286,1.320663,-0.09276983,0.4477255,0.4831515,0.6068617,-60.59294,-12.9818,5.366436,5.869469
L,-0.5179849,1.32831,-0.08472863,0.4702277,0.5495135,0.577838,1.616999,4.768747,-2.085629,5.883385
L,-0.4930191,1.335989,-0.08075418,1.770251,0.5444702,0.2818174,92.18102,-0.3576041,-20.99,5.897488
L,-0.4720208,1.344161,-0.07606217,1.469847,0.572046,0.3284327,-21.02776,1.930265,3.262996,5.911774
L,-0.4540424,1.352654,-0.07086145,1.376038,0.6500912,0.3980549,-7.180027,5.973454,5.328768,5.924839
L,-0.4312899,1.357643,-0.0669483,1.579981,0.3464404,0.2717374,14.16227,-21.08616,-8.771755,5.93924
L,-0.4112473,1.363698,-0.06242436,1.468842,0.4436854,0.3315415,-8.144971,7.126693,4.382804,5.952885
L,-0.3935718,1.373031,-0.05862451,1.2896,0.6809856,0.2772358,-13.07745,17.31334,-3.96212,5.966591
L,-0.3769978,1.38219,-0.05428903,1.146681,0.6336352,0.2999526,-9.887916,-3.275959,1.571673,5.981045
L,-0.3611034,1.391184,-0.04960525,1.183705,0.6698419,0.3488134,2.75728,2.696413,3.638796,5.994473
L,-0.3392759,1.389697,-0.05695248,1.583706,-0.1079176,-0.5330839,29.0224,-56.43094,-63.98674,6.008255
L,-0.3191953,1.390879,-0.06079534,1.350785,0.07953233,-0.2585019,-15.66819,12.60941,18.47063,6.023121
L,-0.2960086,1.394211,-0.05497178,1.813861,0.2606405,0.4555692,36.22585,14.16783,55.86077,6.035904
L,-0.2747106,1.398548,-0.0497446,1.493621,0.3041316,0.3665793,-22.45828,3.050008,-6.240814,6.050163
L,-0.2546581,1.403511,-0.04495215,1.471624,0.364283,0.3517112,-1.614353,4.414425,-1.091147,6.063789
L,-0.2511139,1.4109,-0.03901686,0.2479567,0.5169386,0.415239,-85.60902,10.67994,4.444468,6.078083
L,-0.2441104,1.418,-0.03362301,0.5050701,0.5120014,0.3889862,18.54215,-0.3560523,-1.893262,6.091949
L,-0.2179473,1.397716,-0.05050227,1.964618,-1.523167,-1.267487,109.5994,-152.8236,-124.3869,6.105267
L,-0.1941764,1.385308,-0.06126659,1.636833,-0.8543965,-0.7412135,-22.57077,46.05045,36.23837,6.119789
L,-0.1751099,1.378614,-0.06584432,1.358567,-0.4769469,-0.3261825,-19.82758,26.89485,29.57268,6.133823
L,-0.1567147,1.374227,-0.06902112,1.432617,-0.3416704,-0.2474092,5.766981,10.53533,6.134863,6.146664
L,-0.1386443,1.37132,-0.07128462,1.189914,-0.1914092,-0.1490488,-15.98168,9.894517,6.476911,6.16185
L,-0.1272804,1.359695,-0.07629984,0.8834415,-0.9037849,-0.38989,-23.82559,-55.38108,-18.72333,6.174713
L,-0.1144669,1.351412,-0.08004333,0.8988483,-0.5809891,-0.2625994,1.080759,22.64356,8.929211,6.188969
L,-0.1111648,1.355721,-0.0768619,0.2403803,0.3136716,0.2316002,-47.93486,65.12911,35.97652,6.202705
L,-0.1045143,1.358426,-0.07480742,0.4631791,0.1883883,0.1430846,15.51684,-8.725357,-6.164674,6.217064
L,-0.09558965,1.360087,-0.07350074,0.6533195,0.1215966,0.09565458,13.91906,-4.889431,-3.472071,6.230724
L,-0.08557384,1.362655,-0.07268336,0.7317681,0.1876219,0.05971837,5.731562,4.823896,-2.625547,6.244411
L,-0.07458602,1.364407,-0.07214872,0.7765949,0.1238289,0.03778762,3.168261,-4.508755,-1.550017,6.25856
L,-0.06991252,1.352383,-0.0826219,0.3316543,-0.853301,-0.7432275,-31.57513,-69.34184,-55.42459,6.272652
L,-0.06311208,1.343786,-0.09015161,0.4746255,-0.5999984,-0.5255237,9.978447,17.67885,15.19429,6.28698
L,-0.06105282,1.342296,-0.08966522,0.1522771,-0.1102169,0.03596725,-23.83687,36.21813,41.52087,6.300503
L,-0.05651952,1.340672,-0.08977201,0.3441578,-0.1233076,-0.008107194,14.56715,-0.9938222,-3.346033,6.313675
L,-0.05036901,1.338982,-0.09025169,0.4198753,-0.1153483,-0.03274638,5.168982,0.5433563,-1.682035,6.328323
L,-0.04890371,1.336179,-0.09005988,0.1073856,-0.2053746,0.01405682,-22.90112,-6.597667,3.430019,6.341969
L,-0.04554885,1.333481,-0.09019362,0.2504149,-0.2013899,-0.009982515,10.67605,0.29743,-1.794353,6.355366
L,-0.04554369,1.331723,-0.0905719,0.0003667405,-0.1250169,-0.0268883,-17.77349,5.428608,-1.201668,6.369434
L,-0.04412387,1.329828,-0.09108496,0.09570514,-0.1276919,-0.03458322,6.426431,-0.1803093,-0.5186875,6.38427
L,-0.0412248,1.327568,-0.09178218,0.224711,-0.1751737,-0.05404243,9.999443,-3.680389,-1.508313,6.397171
L,-0.04389571,1.324578,-0.09233156,-0.1926168,-0.2156551,-0.03961969,-30.09628,-2.919381,1.040119,6.411037
L,-0.04512522,1.321423,-0.09301341,-0.08898609,-0.22837,-0.04934957,7.500323,-0.9202498,-0.7042046,6.424854
L,-0.04915981,1.323058,-0.09167054,-0.2867797,0.1162385,0.0954521,-14.05922,24.49486,10.29254,6.438923
L,-0.05197089,1.324209,-0.09056567,-0.201341,0.08246243,0.07913465,6.119463,-2.419177,-1.168722,6.452885
L,-0.05519774,1.327567,-0.08730342,-0.2338677,0.2433733,0.2364334,-2.357387,11.6621,11.40031,6.466682
L,-0.05686658,1.329787,-0.08494342,-0.1183966,0.1574848,0.1674317,8.192163,-6.093414,-4.895368,6.480778
L,-0.05750531,1.331117,-0.08335552,-0.04688922,0.09766172,0.1165667,5.249298,-4.391558,-3.733954,6.4944
L,-0.06024,1.332092,-0.08076062,-0.1949105,0.06943312,0.1849473,-10.55,-2.011952,4.873727,6.50843
L,-0.06195213,1.332755,-0.07870492,-0.1238477,0.04801324,0.1487,5.140364,-1.549418,-2.621973,6.522255
L,-0.06850886,1.334893,-0.07495644,-0.4651717,0.151683,0.2659385,-24.21544,7.354915,8.317555,6.53635
L,-0.07291529,1.336409,-0.0720491,-0.3118572,0.1072489,0.2057615,10.85056,-3.144744,-4.258917,6.55048
L,-0.07576806,1.337432,-0.06988402,-0.212152,0.07610816,0.1610112,7.414785,-2.315848,-3.327951,6.563927
L,-0.08002514,1.337068,-0.06960166,-0.3016132,-0.0258277,0.02000475,-6.338298,-7.222128,-9.990268,6.578041
L,-0.0832404,1.336864,-0.06912303,-0.2345185,-0.01485984,0.03491116,4.893844,0.799989,1.087264,6.591751
L,-0.08936939,1.337994,-0.06613562,-0.4476672,0.0825613,0.2182031,-15.56859,7.115733,13.38782,6.605442
L,-0.09412217,1.338892,-0.06361858,-0.3283041,0.06199769,0.1738677,8.245146,-1.420455,-3.062514,6.619919
L,-0.0978007,1.339591,-0.06154683,-0.2675651,0.05088096,0.1506925,4.417969,-0.808597,-1.685699,6.633667
L,-0.1060142,1.346425,-0.05230531,-0.600756,0.4998605,0.6759515,-24.37053,32.83965,38.41895,6.647339
L,-0.1124708,1.351562,-0.04508293,-0.4591852,0.3653181,0.5136467,10.06835,-9.568499,-11.54293,6.6614
L,-0.1288473,1.352613,-0.04609546,-1.162472,0.07460906,-0.07187293,-49.92213,-20.6357,-41.56254,6.675488
L,-0.1412341,1.353721,-0.04616792,-0.8759421,0.07831468,-0.005124121,20.26225,0.2620465,4.720205,6.689629
L,-0.1547411,1.364917,-0.036848,-1.022461,0.8475671,0.7055042,-11.09125,58.23128,53.79352,6.702839
L,-0.1658929,1.373647,-0.02932918,-0.7613007,0.5959554,0.5132849,17.82852,-17.17669,-13.12217,6.717487
L,-0.1756546,1.380653,-0.02307291,-0.6773342,0.4861038,0.4341036,5.826177,-7.622274,-5.494152,6.731899
L,-0.1941724,1.384296,-0.02579038,-1.475475,0.290302,-0.2165259,-63.59507,-15.60129,-51.84152,6.74445
L,-0.2092011,1.387869,-0.02679437,-1.058205,0.2515864,-0.07069258,29.38079,-2.726046,10.26842,6.758652
L,-0.2300291,1.395716,-0.01927126,-1.46222,0.5508754,0.5281569,-28.36369,21.01147,42.04199,6.772896
L,-0.2471647,1.402473,-0.01295102,-1.320396,0.5207047,0.4870112,10.92835,-2.324827,-3.170518,6.785873
L,-0.2624129,1.408474,-0.007487086,-1.077714,0.4241204,0.386179,17.15224,-6.82637,-7.126595,6.800022
L,-0.2764513,1.407007,-0.01379409,-1.011842,-0.1057448,-0.4545901,4.747852,-38.19108,-60.60011,6.813896
L,-0.2897359,1.407135,-0.01732169,-0.9633428,0.009275588,-0.255806,3.516965,8.340775,14.41496,6.827686
L,-0.3040689,1.406387,-0.01915172,-1.009216,-0.05268769,-0.1288559,-3.230044,-4.36296,8.938813,6.841888
L,-0.3176414,1.406818,-0.01986988,-0.9673609,0.03074021,-0.05118616,2.983186,5.9462,5.535795,6.855919
L,-0.3288029,1.398886,-0.02667116,-0.8100494,-0.5756852,-0.4936085,11.41701,-44.01184,-32.10918,6.869698
L,-0.3402839,1.393923,-0.03118162,-0.8355601,-0.3611709,-0.3282596,-1.856599,15.61178,12.03366,6.883438
L,-0.3519102,1.390768,-0.03429012,-0.8279701,-0.2247097,-0.2213731,0.5405248,9.718145,7.611967,6.89748
L,-0.3645814,1.390451,-0.03575435,-0.9088043,-0.02274282,-0.1050172,-5.797593,14.48547,8.345284,6.911423
L,-0.3770178,1.390368,-0.03688703,-0.8474461,-0.005629387,-0.07718347,4.181099,1.166151,1.896659,6.926098
L,-0.3854763,1.385839,-0.0400854,-0.6560235,-0.3512204,-0.2480576,14.84624,-26.80314,-13.25255,6.938992
L,-0.3950064,1.382646,-0.04254121,-0.6757485,-0.2264674,-0.1741343,-1.398643,8.845891,5.241695,6.953094
L,-0.4051079,1.38029,-0.04452877,-0.699986,-0.1632633,-0.1377289,-1.679545,4.379747,2.522722,6.967525
L,-0.4153869,1.376769,-0.04689349,-0.77165,-0.2643184,-0.1775193,-5.379806,-7.586198,-2.987064,6.980846
L,-0.4259684,1.37404,-0.04889392,-0.7547959,-0.1946599,-0.1426942,1.202228,4.968865,2.484132,6.994865
L,-0.4314537,1.36515,-0.0565706,-0.3929843,-0.6368544,-0.5499848,25.92149,-31.68041,-29.17977,7.008823
L,-0.4385639,1.35846,-0.0624435,-0.5184653,-0.4878912,-0.4282461,-9.149957,10.86225,8.877069,7.022537
L,-0.452568,1.357536,-0.06027424,-0.9797463,-0.064585,0.1517633,-32.27169,29.61494,40.57806,7.036831
L,-0.46542,1.356221,-0.05928054,-0.9549497,-0.09773597,0.07383566,1.842483,-2.463245,-5.790327,7.050289
L,-0.4776746,1.354663,-0.05905102,-0.8876718,-0.1128765,0.01662585,4.873303,-1.09671,-4.14402,7.064095
L,-0.4849547,1.349119,-0.06667411,-0.5113692,-0.3894192,-0.5354627,26.43234,-19.42498,-38.77993,7.078331
L,-0.4933618,1.344554,-0.07251585,-0.6220342,-0.3377523,-0.4322266,-8.188025,3.8228,7.638361,7.091846
L,-0.5108811,1.345616,-0.06815962,-1.266571,0.07674607,0.3149368,-46.59719,29.96642,54.01666,7.105679
L,-0.5261675,1.345701,-0.06555204,-1.082159,0.006017081,0.1845964,13.05495,-5.00707,-9.2271,7.119804
L,-0.540361,1.345154,-0.06410152,-1.001813,-0.03857869,0.1023813,5.671008,-3.147688,-5.802962,7.133972
L,-0.5482695,1.336446,-0.06501859,-0.5722209,-0.6300372,-0.0663545,31.08338,-42.79528,-12.20896,7.147793
L,-0.5574194,1.329717,-0.06593069,-0.6480934,-0.4766617,-0.06460458,-5.374096,10.86368,0.1239477,7.161911
L,-0.5619273,1.325582,-0.07625594,-0.329633,-0.3023187,-0.7550079,23.2866,12.74839,-50.48398,7.175587
L,-0.5683615,1.321791,-0.08388783,-0.4570926,-0.2693343,-0.5421827,-9.054953,2.343265,15.11947,7.189663
L,-0.5635664,1.310668,-0.09586046,0.3612024,-0.8379131,-0.9018829,61.64113,-42.83031,-27.09576,7.202938
L,-0.5627614,1.301826,-0.1051198,0.05665268,-0.6222148,-0.6516201,-21.43245,15.1796,17.61205,7.217148
L,-0.5645475,1.29432,-0.112788,-0.1271946,-0.5345694,-0.5460897,-13.09276,6.241706,7.515396,7.23119
L,-0.5680379,1.289513,-0.1146251,-0.2585476,-0.3560416,-0.1360791,-9.729702,13.22407,30.37067,7.24469
L,-0.5671461,1.284689,-0.1156414,0.06337676,-0.3428097,-0.07221957,22.87626,0.9402722,4.537923,7.258762
L,-0.5682145,1.279866,-0.1175121,-0.07322304,-0.3305801,-0.1282077,-9.361783,0.8381516,-3.837113,7.273354
L,-0.5705346,1.275043,-0.1199209,-0.1775821,-0.3691332,-0.1843721,-7.987476,-2.950796,-4.298735,7.286419
L,-0.5736299,1.270218,-0.1226642,-0.2177061,-0.3393648,-0.1929511,-2.822179,2.093807,-0.6034166,7.300636
L,-0.5714008,1.270679,-0.1243753,0.1617741,0.03349945,-0.1241813,27.5411,27.06094,4.991028,7.314415
L,-0.5650673,1.266748,-0.1263909,0.4588991,-0.2848518,-0.1460433,21.52834,-23.0663,-1.584022,7.328217
L,-0.5609604,1.262335,-0.1288812,0.2849681,-0.3062136,-0.1727962,-12.06855,-1.482233,-1.856304,7.342628
L,-0.5588015,1.257974,-0.1314896,0.1556869,-0.3145031,-0.1881115,-9.323324,-0.5978099,-1.104481,7.356495
L,-0.5578458,1.253729,-0.1341162,0.06584264,-0.2924606,-0.1809584,-6.189785,1.51861,0.4928035,7.37101
L,-0.5643568,1.249992,-0.133652,-0.5036331,-0.2890141,0.03590661,-44.04976,0.2665909,16.77482,7.383938
L,-0.5770769,1.249463,-0.1340221,-0.8558738,-0.03562949,-0.02489733,-23.70067,17.04909,-4.091219,7.3988
L,-0.5866579,1.247934,-0.1350175,-0.7567415,-0.120763,-0.07862284,7.829754,-6.724087,-4.243392,7.411461
L,-0.5915105,1.244363,-0.1363079,-0.348797,-0.2567007,-0.09274854,29.32279,-9.771113,-1.015346,7.425373
L,-0.5960405,1.240767,-0.137863,-0.3265994,-0.2592564,-0.1121178,1.60037,-0.1842555,-1.396459,7.439243
L,-0.6003511,1.237155,-0.1395832,-0.3079019,-0.25797,-0.1228766,1.335544,0.09188309,-0.7684909,7.453243
L,-0.5987356,1.232027,-0.1434045,0.1096015,-0.3479151,-0.259246,28.32453,-6.102108,-9.251662,7.467983
L,-0.5984762,1.227113,-0.146898,0.01953013,-0.3700625,-0.2630855,-6.78301,-1.667858,-0.2891455,7.481262
L,-0.6020345,1.22765,-0.145318,-0.2567523,0.03876789,0.1140049,-19.93553,29.49971,27.20947,7.495121
L,-0.6061599,1.227398,-0.1442134,-0.2883875,-0.01760833,0.07721771,-2.211458,-3.940984,-2.571609,7.509426
L,-0.6104735,1.222584,-0.146467,-0.3285199,-0.3666382,-0.1716333,-3.056501,-26.58224,-18.95258,7.522556
L,-0.6147121,1.217899,-0.1487318,-0.3001418,-0.3317463,-0.1603705,2.009496,2.470744,0.7975366,7.536678
L,-0.6134365,1.219257,-0.1480291,0.09211863,0.09806301,0.05074251,28.32747,31.0391,15.24573,7.550526
L,-0.6144964,1.218858,-0.148289,-0.07819976,-0.02947333,-0.01917284,-12.56627,-9.409762,-5.158426,7.564079
L,-0.6178855,1.217254,-0.1492645,-0.235664,-0.1115136,-0.06782991,-10.94915,-5.704605,-3.383331,7.578461
L,-0.6198916,1.213116,-0.1504265,-0.1478007,-0.3049027,-0.08561802,6.47353,-14.24839,-1.310581,7.592033
L,-0.6222017,1.208873,-0.1517426,-0.1668259,-0.3063963,-0.09504347,-1.373924,-0.1078663,-0.6806684,7.605881
L,-0.6245643,1.204903,-0.1530721,-0.1697762,-0.285259,-0.09553822,-0.2120083,1.518919,-0.03555244,7.619797
L,-0.6234149,1.201877,-0.1525389,0.08056066,-0.2120989,0.03737571,17.54661,5.127937,9.3162,7.634064
L,-0.6229041,1.198895,-0.1523347,0.03587095,-0.2094495,0.01433791,-3.138264,0.1860518,-1.617793,7.648304
L,-0.6228297,1.19856,-0.1519369,0.005509776,-0.02473002,0.02944355,-2.247035,13.67112,1.117971,7.661816
L,-0.6229226,1.198091,-0.1517319,-0.006580058,-0.03325061,0.01451601,-0.8560987,-0.6033549,-1.057041,7.675938
L,-0.6221604,1.196802,-0.1513618,0.05578239,-0.0942909,0.02708639,4.563914,-4.467154,0.9199464,7.689602
L,-0.6214679,1.195026,-0.1510392,0.05165944,-0.1324968,0.02406779,-0.3075716,-2.850156,-0.2251869,7.703007
L,-0.6209478,1.192951,-0.1508108,0.03440418,-0.1372776,0.01510752,-1.141399,-0.3162417,-0.592703,7.718124
L,-0.6227645,1.191097,-0.1493284,-0.1385253,-0.1413976,0.1130313,-13.1857,-0.3141441,7.466587,7.731239
L,-0.6246909,1.188929,-0.1479426,-0.1412544,-0.1589073,0.1016171,-0.2001136,-1.283936,-0.8369651,7.744877
L,-0.6247789,1.188069,-0.1482612,-0.005952573,-0.05817159,-0.02154735,9.148454,6.811265,-8.327787,7.759666
L,-0.6249337,1.187185,-0.1485424,-0.01006901,-0.05752171,-0.01828959,-0.2677668,0.04227328,0.2119113,7.77504
L,-0.625174,1.186118,-0.1488351,-0.01852482,-0.08225184,-0.02256664,-0.6519523,-1.906722,-0.3297655,7.78801
L,-0.6251571,1.18618,-0.148869,0.001267495,0.004668309,-0.002540569,1.481987,6.508311,1.49949,7.801365
L,-0.625162,1.186197,-0.1489081,-0.0003663489,0.001262359,-0.00289548,-0.1209894,-0.2522173,-0.02628189,7.814869
L,-0.6253638,1.185924,-0.1491017,-0.01481945,-0.02005113,-0.01421639,-1.061584,-1.565482,-0.8315235,7.828484
L,-0.6258326,1.185247,-0.1495171,-0.03261428,-0.0471321,-0.02890397,-1.238006,-1.884053,-1.021832,7.842857
L,-0.6271519,1.183478,-0.1503591,-0.09530432,-0.12779,-0.06082297,-4.52847,-5.826395,-2.305697,7.856701
L,-0.6285995,1.181473,-0.1512506,-0.1097727,-0.1520104,-0.06760287,-1.097139,-1.83663,-0.5141193,7.869888
L,-0.6299757,1.179512,-0.1520709,-0.1037577,-0.1479005,-0.06183941,0.453494,0.3098621,0.434529,7.883152
L,-0.6320661,1.179713,-0.1541177,-0.1434139,0.01385436,-0.1404287,-2.720654,11.09737,-5.391708,7.897728
L,-0.6340402,1.179709,-0.1559915,-0.1426406,-0.0002928611,-0.1353912,0.0558751,-1.022218,0.3639908,7.911568
L,-0.6365321,1.178754,-0.161329,-0.1847382,-0.07085159,-0.3956967,-3.120941,-5.230925,-19.29795,7.925056
L,-0.6387211,1.177777,-0.1657238,-0.1382385,-0.06167189,-0.2775423,2.93655,0.579717,7.461689,7.940891
L,-0.6405479,1.176864,-0.1691796,-0.135199,-0.06758188,-0.2557667,0.2249524,-0.4373994,1.611614,7.954403
L,-0.6418031,1.175262,-0.1723068,-0.09469424,-0.1208813,-0.2359015,3.055565,-4.020755,1.498575,7.967659
L,-0.6430011,1.173867,-0.1750138,-0.09045129,-0.1052887,-0.2043851,0.320353,1.177274,2.379565,7.980904
L,-0.6449355,1.172958,-0.1763403,-0.1462208,-0.06869053,-0.1002717,-4.215584,2.766436,7.869869,7.994133
L,-0.6467161,1.172051,-0.1777446,-0.1247328,-0.06355225,-0.09837653,1.505334,0.3599601,0.1327634,8.008408
L,-0.6484436,1.171114,-0.1792513,-0.1238717,-0.06718408,-0.1080352,0.06173873,-0.2604115,-0.6925468,8.022354
L,-0.6528693,1.163978,-0.1844743,-0.3219123,-0.5190934,-0.3799067,-14.40487,-32.87051,-19.77511,8.036102
L,-0.6564412,1.158561,-0.1887201,-0.2502213,-0.3794929,-0.2974325,5.022277,9.779645,5.77769,8.050377
L,-0.6566456,1.15452,-0.1907951,-0.01465511,-0.2896329,-0.1487473,16.88605,6.441418,10.65817,8.064327
L,-0.6572019,1.151389,-0.1926991,-0.03991345,-0.2246511,-0.1365905,-1.812075,4.661903,0.8721489,8.078266
L,-0.6566643,1.15062,-0.1964212,0.03941205,-0.05638283,-0.2728596,5.815073,12.33515,-9.989414,8.091908
L,-0.6565406,1.149533,-0.1998915,0.008802578,-0.07728121,-0.2468708,-2.177501,-1.486671,1.8488,8.105965
L,-0.656713,1.148214,-0.2031995,-0.01216446,-0.09306041,-0.2333564,-1.479113,-1.113139,0.9533668,8.12014
L,-0.6566315,1.148306,-0.2027676,0.005457173,0.006163771,0.02892461,1.180226,6.645637,17.56653,8.135071
L,-0.6565842,1.148338,-0.2023956,0.003060249,0.002088986,0.02405321,-0.1549924,-0.263488,-0.3149997,8.150536
L,-0.658174,1.148327,-0.2017032,-0.06310569,-0.0004637341,0.02748571,-2.626439,-0.1013295,0.1362521,8.175728
L,-0.6653536,1.144136,-0.2015331,-0.5071662,-0.296054,0.01201453,-31.36831,-20.88041,-1.09288,8.189884
L,-0.6700712,1.139964,-0.2024976,-0.3739605,-0.3306717,-0.07645832,10.55914,-2.744125,-7.013193,8.202499
L,-0.6737087,1.136649,-0.203568,-0.2577196,-0.2348649,-0.07583298,8.235638,6.787887,0.04430532,8.216614
L,-0.6715947,1.13124,-0.2055023,0.1506763,-0.3855441,-0.1378626,29.10782,-10.73944,-4.421069,8.230644
L,-0.6703255,1.126381,-0.2074152,0.09393527,-0.3596044,-0.1415768,-4.199415,1.919804,-0.2748855,8.244156
L,-0.6701815,1.1243,-0.2066877,0.009834344,-0.1421846,0.04970517,-5.745779,14.85413,13.06839,8.258793
L,-0.6702899,1.122296,-0.2063828,-0.006306894,-0.1165977,0.01774638,-0.9394602,1.489221,-1.860081,8.275974
L,-0.6705597,1.120193,-0.2063355,-0.01108689,-0.08642241,0.001940267,-0.1964025,1.239856,-0.6494478,8.300312
L,-0.6761292,1.116305,-0.2047479,-0.3880956,-0.2709413,0.1106272,-26.27075,-12.85766,7.573535,8.314663
L,-0.6797783,1.117337,-0.2052364,-0.2740912,0.07752507,-0.03669077,8.563203,26.17432,-11.06548,8.327976
L,-0.683062,1.117987,-0.2058604,-0.2260537,0.04474954,-0.04295747,3.306915,-2.256279,-0.4314016,8.342503
L,-0.6860471,1.118163,-0.2064957,-0.2208045,0.01305023,-0.04699073,0.3882729,-2.344748,-0.2983343,8.356022
L,-0.6926571,1.116703,-0.2035833,-0.4926784,-0.1088374,0.2170773,-20.26446,-9.08505,19.68264,8.369438
L,-0.6981694,1.115216,-0.2014695,-0.3963333,-0.1069665,0.1519859,6.927125,0.1345155,-4.680011,8.383347
L,-0.7008813,1.118249,-0.2035784,-0.1926575,0.2154895,-0.1498264,14.46948,22.90784,-21.44127,8.397423
L,-0.7035303,1.120348,-0.2052367,-0.1892673,0.1499642,-0.1184811,0.2422226,-4.681672,2.239572,8.411419
L,-0.7061235,1.121794,-0.2065734,-0.1805569,0.1007138,-0.09306939,0.6064751,-3.429137,1.769327,8.425781
L,-0.7057612,1.121329,-0.2060462,0.02656163,-0.03412507,0.03865068,15.18314,-9.884564,9.655935,8.439423
L,-0.7047287,1.119496,-0.204125,0.0726831,-0.1290363,0.1352334,3.246635,-6.681099,6.798763,8.453629
L,-0.7021322,1.117244,-0.202795,0.1956989,-0.1697455,0.1002484,9.27195,-3.068338,-2.636892,8.466896
L,-0.7002569,1.115236,-0.2017185,0.1375087,-0.1472378,0.07893466,-4.266907,1.650428,-1.562875,8.480534
L,-0.7001994,1.115576,-0.2004528,0.004111842,0.02432165,0.09048077,-9.536186,12.26432,0.8254001,8.494522
L,-0.7003075,1.115789,-0.1994835,-0.007808195,0.01541839,0.07000259,-0.8608172,-0.6429579,-1.478852,8.508369
L,-0.7005238,1.115934,-0.1986018,-0.01433675,0.009602617,0.05845643,-0.4328328,-0.3855765,-0.7654921,8.523453
L,-0.7012468,1.116284,-0.1982715,-0.02643393,0.01279637,0.01207342,-0.4422877,0.1167677,-1.69582,8.550804
L,-0.7027562,1.116419,-0.1972967,-0.1125987,0.0100402,0.0727225,-6.427883,-0.2056105,4.524415,8.564209
L,-0.7037955,1.116441,-0.1966789,-0.07505596,0.001627066,0.04461841,2.711187,-0.6075624,-2.029564,8.578056
L,-0.7048357,1.116425,-0.1960993,-0.07011362,-0.001108897,0.03906652,0.3331457,-0.1844218,-0.3742339,8.592892
L,-0.706928,1.116886,-0.1951654,-0.15529,0.03424936,0.06931603,-6.321767,2.624279,2.24511,8.606365
L,-0.7090276,1.117289,-0.1942467,-0.1573488,0.03016903,0.06884403,-0.1542902,-0.3057849,-0.03537233,8.619709
L,-0.7093406,1.115852,-0.194674,-0.01113618,-0.05110938,-0.01519881,5.201354,-2.891389,-2.989731,8.64782
L,-0.7130502,1.109154,-0.1933105,-0.2805693,-0.5065818,0.1031268,-20.37804,-34.44875,8.949322,8.661041
L,-0.7149918,1.106063,-0.1925655,-0.1385326,-0.2205957,0.05315116,10.13448,20.40542,-3.565818,8.675056
L,-0.7165772,1.103696,-0.1919607,-0.112418,-0.1678134,0.04288951,1.851713,3.742647,-0.7276252,8.689159
L,-0.7171513,1.097392,-0.1924907,-0.04158607,-0.4566438,-0.03839329,5.130745,-20.92156,-5.887758,8.702965
L,-0.7178819,1.092231,-0.192794,-0.0519999,-0.3673211,-0.02159097,-0.7412221,6.357695,1.195935,8.717014
L,-0.7206239,1.093147,-0.1929398,-0.1942127,0.06488956,-0.01032555,-10.07302,30.61374,0.7979364,8.731133
L,-0.7232256,1.093635,-0.1930194,-0.1955926,0.03664504,-0.00598092,-0.1037324,-2.123353,0.3266181,8.744434
L,-0.7258162,1.093774,-0.1930491,-0.1811966,0.009755203,-0.002079234,1.006884,-1.880739,0.2728932,8.758732
L,-0.7253615,1.093706,-0.1939929,0.03291995,-0.004919221,-0.06832755,15.50107,-1.062362,-4.796078,8.772545
L,-0.7249337,1.093489,-0.1951287,0.03113288,-0.01580719,-0.08266024,-0.1300582,-0.7923975,-1.043095,8.786285
L,-0.7230738,1.093374,-0.1958406,0.1272386,-0.007836965,-0.04870274,6.574512,0.5452366,2.323005,8.800903
L,-0.7211595,1.093092,-0.1966096,0.1441207,-0.02128805,-0.05789036,1.270977,-1.012671,-0.6916937,8.814186
L,-0.720309,1.09194,-0.1968097,0.06108305,-0.08273973,-0.01437072,-5.963784,-4.413476,3.125592,8.82811
L,-0.7196489,1.090797,-0.196981,0.04655132,-0.08056732,-0.01208447,-1.02486,0.1532102,0.1612394,8.842289
L,-0.7191121,1.089636,-0.1971376,0.03884039,-0.08402912,-0.01133168,-0.5579277,-0.2504803,0.05446816,8.85611
L,-0.7190315,1.089428,-0.197459,0.005718733,-0.01473674,-0.02280197,-2.350472,4.917321,-0.8139865,8.870201
L,-0.7189951,1.089226,-0.1977037,0.002715266,-0.0151095,-0.01824917,-0.2239309,-0.02779231,0.3394453,8.883614
L,-0.7188417,1.088644,-0.1980984,0.01035629,-0.03924362,-0.02665246,0.5159838,-1.629731,-0.5674583,8.898422
L,-0.7186892,1.087898,-0.1985602,0.01067674,-0.05224466,-0.03232748,0.02243056,-0.9100517,-0.3972422,8.912708
L,-0.7185543,1.087041,-0.1990506,0.01009849,-0.06409685,-0.03669845,-0.04327276,-0.8869482,-0.3270983,8.926071
L,-0.719869,1.084185,-0.2011096,-0.1009834,-0.2193909,-0.1581453,-8.53192,-11.92775,-9.328031,8.939091
L,-0.7211679,1.08134,-0.2030896,-0.09031416,-0.1978034,-0.1376761,0.7418756,1.501073,1.423308,8.953472
L,-0.7218579,1.080103,-0.2058649,-0.05111349,-0.09168374,-0.2055743,2.903708,7.86059,-5.029411,8.966972
L,-0.7224662,1.078959,-0.2081234,-0.04192133,-0.0787822,-0.1556421,0.6334563,0.88908,3.440963,8.981483
L,-0.7229446,1.079934,-0.2080766,-0.03528155,0.07185566,0.003457812,0.4897521,11.11109,11.73525,8.995041
L,-0.7235209,1.080965,-0.2080752,-0.04090248,0.07318456,9.305631E-05,-0.398888,0.09430517,-0.2387792,9.009132
L,-0.7242416,1.082087,-0.2081457,-0.05227501,0.08139354,-0.005113577,-0.8249143,0.5954443,-0.3776668,9.022919
L,-0.7286078,1.081632,-0.2086269,-0.3136647,-0.03271444,-0.03456426,-18.77822,-8.197513,-2.115736,9.036839
L,-0.732943,1.081072,-0.2092042,-0.312041,-0.04026805,-0.04155727,0.1168743,-0.5436941,-0.5033426,9.050732
L,-0.7371391,1.06744,-0.2210873,-0.2829178,-0.9191583,-0.8012042,1.963596,-59.25818,-51.21833,9.065563
L,-0.7404779,1.057535,-0.2297819,-0.2565917,-0.7612229,-0.6681966,2.023225,12.13773,10.22197,9.078575
L,-0.7432899,1.049709,-0.2366568,-0.2085308,-0.5803041,-0.5098248,3.564044,13.41635,11.74434,9.09206
L,-0.7423096,1.051506,-0.2330759,0.07071237,0.1296092,0.2583113,20.14362,51.21066,55.41064,9.105923
L,-0.7416353,1.052673,-0.2302253,0.04894276,0.08465704,0.2068852,-1.579948,-3.262444,-3.732288,9.119701
L,-0.7413093,1.057012,-0.2242606,0.02332236,0.3104531,0.4267514,-1.833033,16.15477,15.73051,9.133678
L,-0.7413831,1.059841,-0.2200128,-0.005296682,0.2029155,0.3046587,-2.052616,-7.71281,-8.75674,9.147621
L,-0.7416859,1.061304,-0.217475,-0.02122894,0.1025675,0.1779303,-1.117022,-7.03547,-8.885019,9.161884
L,-0.7364386,1.059892,-0.2142337,0.3764496,-0.1013017,0.2325341,28.53012,-14.62591,3.917371,9.175823
L,-0.7323846,1.058479,-0.2117041,0.2960263,-0.1031511,0.1847112,-5.872561,-0.1350485,-3.492058,9.189518
L,-0.7319829,1.057654,-0.2116044,0.02780895,-0.05714451,0.006904789,-18.56656,3.184673,-12.30813,9.203964
L,-0.731765,1.057046,-0.2115384,0.01647678,-0.04596914,0.00499351,-0.8568389,0.8449832,-0.1445141,9.21719
L,-0.7316507,1.056812,-0.2114722,0.00814147,-0.0166395,0.004709573,-0.5936027,2.088723,-0.02022073,9.231232
L,-0.7315525,1.056569,-0.2114075,0.007273707,-0.01802749,0.004799454,-0.0642959,-0.1028413,0.006659629,9.244728
L,-0.7314404,1.05625,-0.2113262,0.007892219,-0.02243052,0.005716719,0.04353901,-0.3099431,0.06456916,9.258934
L,-0.7308677,1.054718,-0.2105601,0.04073524,-0.1089637,0.05450517,2.336391,-6.155809,3.470719,9.272991
L,-0.7302069,1.052867,-0.209664,0.04739654,-0.1328061,0.06426983,0.4777619,-1.710024,0.7003412,9.286934
L,-0.7285498,1.052148,-0.2088407,0.114827,-0.04978688,0.05705004,4.672613,5.752839,-0.5002974,9.301365
L,-0.7270302,1.051396,-0.2080696,0.1182777,-0.05855663,0.0600122,0.2685808,-0.682583,0.230556,9.314213
L,-0.7256659,1.050632,-0.2073587,0.09726425,-0.05449415,0.0506867,-1.498112,0.2896261,-0.664842,9.328239
L,-0.7257081,1.049337,-0.2063519,-0.002991301,-0.0919053,0.07146544,-7.116542,-2.655593,1.474958,9.342327
L,-0.7256986,1.048035,-0.2053696,0.0006823521,-0.09433734,0.07117408,0.2661764,-0.1762153,-0.02111081,9.356129
L,-0.724304,1.049736,-0.2024211,0.09953971,0.1214436,0.2104323,7.055503,15.40041,9.938938,9.37014
L,-0.7227738,1.051389,-0.1992654,0.1094475,0.1182043,0.2257205,0.7086662,-0.2316987,1.093506,9.384121
L,-0.7150764,1.05581,-0.1880871,0.5353749,0.3075252,0.7774805,29.62439,13.16778,38.37638,9.398499
L,-0.7091861,1.05902,-0.1794973,0.4172099,0.2273119,0.6084145,-8.369701,-5.681558,-11.97505,9.412617
L,-0.7045273,1.06143,-0.1727003,0.3740525,0.1935394,0.5457277,-3.46507,-2.71156,-5.033073,9.425072
L,-0.694545,1.072216,-0.1627773,0.6891748,0.7446257,0.6850793,21.75598,38.04687,9.620803,9.439556
L,-0.6865559,1.08047,-0.1545902,0.5786992,0.5978775,0.5930365,-8.002353,-10.62978,-6.667161,9.453362
L,-0.6843233,1.089155,-0.1388306,0.1639356,0.6377363,1.157226,-30.45597,2.926821,41.42826,9.46698
L,-0.6818367,1.096206,-0.1258985,0.1734088,0.4917614,0.9018564,0.6606426,-10.17995,-17.80889,9.481319
L,-0.6791244,1.102196,-0.1149628,0.1934779,0.4272704,0.7800579,1.43156,-4.600255,-8.688091,9.495338
L,-0.6778476,1.109323,-0.09896567,0.09361888,0.5225787,1.173024,-7.32236,6.988667,28.81505,9.508976
L,-0.6760662,1.115582,-0.085279,0.1290412,0.453397,0.9914007,2.56583,-5.011206,-13.156,9.522781
L,-0.6822066,1.125334,-0.06818327,-0.4395609,0.6980902,1.223797,-40.70333,17.51634,16.63605,9.536751
L,-0.6859036,1.133722,-0.05328513,-0.2592713,0.5882491,1.044799,12.64361,-7.7031,-12.55304,9.55101
L,-0.6839566,1.138282,-0.0427485,0.1429666,0.3348389,0.7737012,29.53621,-18.60783,-19.9066,9.564629
L,-0.6821387,1.142977,-0.03248271,0.1331552,0.3438722,0.7519187,-0.7186332,0.6616461,-1.595457,9.578281
L,-0.6804217,1.147805,-0.02231376,0.122047,0.3432162,0.7228112,-0.7895741,-0.04663351,-2.068974,9.59235
L,-0.6475483,1.1458,-0.02145054,2.310334,-0.1409434,0.06066718,153.7926,-34.02668,-46.53541,9.606579
L,-0.6220713,1.145681,-0.01824082,1.891966,-0.008843838,0.2383595,-31.06874,9.809942,13.19575,9.620045
L,-0.5991403,1.154511,-0.005364877,1.649173,0.6350651,0.9260222,-17.46142,46.30915,49.45587,9.633949
L,-0.5804469,1.162164,0.006529162,1.35369,0.5541609,0.8613123,-21.39749,-5.858719,-4.685998,9.647758
L,-0.5645193,1.168957,0.01763276,1.147383,0.489403,0.7998739,-14.86182,-4.664988,-4.425859,9.66164
L,-0.5290049,1.171277,0.01679062,2.561176,0.1672455,-0.06073211,101.958,-23.23292,-62.06402,9.675507
L,-0.4994116,1.174291,0.01863312,2.127734,0.2167015,0.1324739,-31.16407,3.55584,13.89134,9.689415
L,-0.4944342,1.181788,0.02828427,0.3625443,0.5461326,0.7029704,-128.5729,23.99511,41.55383,9.703144
L,-0.4875314,1.188582,0.03756386,0.4853851,0.4776942,0.6525186,8.637872,-4.812429,-3.54765,9.717365
L,-0.4788545,1.194867,0.04650455,0.6184322,0.4479507,0.6372341,9.482738,-2.119923,-1.089383,9.731396
L,-0.4799361,1.202051,0.05969515,-0.08144885,0.5410352,0.9933459,-52.70601,7.009929,26.81774,9.744675
L,-0.477442,1.208729,0.07164374,0.1745807,0.4674149,0.8363824,17.92166,-5.153306,-10.98719,9.758961
L,-0.4457226,1.204766,0.06793004,2.293178,-0.2864985,-0.2684847,153.1653,-54.50465,-79.87707,9.772793
L,-0.4189115,1.203332,0.06752826,1.924528,-0.1029402,-0.02883961,-26.46206,13.17599,17.20195,9.786724
L,-0.4167703,1.21297,0.08093273,0.1516178,0.6824858,0.9491897,-125.5423,55.61716,69.25568,9.800846
L,-0.412097,1.221252,0.09284468,0.3445123,0.610579,0.8781345,14.21995,-5.300887,-5.238101,9.814411
L,-0.4053289,1.228549,0.1036118,0.4884942,0.5266382,0.7771292,10.39206,-6.058525,-7.290185,9.828266
L,-0.3545758,1.219969,0.08010317,3.636135,-0.6146915,-1.684243,225.5084,-81.769,-176.3416,9.842224
L,-0.3126944,1.215194,0.0662,2.964885,-0.338062,-0.9842378,-47.51934,19.58324,49.55499,9.85635
L,-0.2872321,1.212591,0.05101287,1.864466,-0.1905464,-1.112071,-80.57771,10.80177,-9.36054,9.870007
L,-0.2644201,1.211527,0.04104929,1.647843,-0.07688069,-0.7197274,-15.64794,8.210746,28.3413,9.88385
L,-0.2203105,0.7437191,-0.08927119,0.00176425,-0.01871089,-0.005212422,-0.06583814,0.002326614,0.02857842,34.88576
L,-0.2203938,0.743722,-0.08927272,-0.00629728,0.0002161383,-0.0001153863,-0.6090149,1.429858,0.3850597,34.89899
L,-0.2204754,0.7437279,-0.08927533,-0.005872253,0.0004292582,-0.0001883371,0.03060943,0.01534838,-0.005253734,34.91288
L,-0.220555,0.743736,-0.08927871,-0.005759187,0.0005817361,-0.000244006,0.008174166,0.01102348,-0.004024619,34.92671
L,-0.2206925,0.7437929,-0.08928514,-0.009546196,0.003953862,-0.0004466208,-0.2630476,0.2342296,-0.01407373,34.94111
L,-0.2208315,0.7438542,-0.08929236,-0.01035967,0.004565804,-0.0005385251,-0.06061593,0.04559892,-0.006848256,34.95453
L,-0.220968,0.7439382,-0.08927605,-0.009938151,0.006119792,0.001188151,0.03069397,0.1131579,0.1257327,34.96826
L,-0.2211053,0.7440269,-0.08925898,-0.009299538,0.006004649,0.001155633,0.04323565,-0.007795476,-0.002201585,34.98303
L,-0.2212559,0.7440231,-0.08922803,-0.01051835,-0.0002623601,0.002161868,-0.08515563,-0.4378622,0.07030345,34.99734
L,-0.2214079,0.7440172,-0.08919574,-0.011983,-0.0004697835,0.002545052,-0.1154391,-0.01634841,0.03020128,35.01003
L,-0.2215614,0.7440098,-0.08916228,-0.01121142,-0.0005399944,0.002444672,0.05637315,-0.005129702,-0.007333881,35.02372
L,-0.2217336,0.744111,-0.0891354,-0.01193978,0.007015137,0.001863267,-0.05048553,0.5236733,-0.04029931,35.03815
L,-0.2219083,0.7442173,-0.08910787,-0.01252072,0.007620284,0.00197288,-0.04163172,0.04336676,0.007855264,35.0521
L,-0.2220181,0.744313,-0.08904418,-0.00818003,0.007128518,0.004746238,0.3234466,-0.03664403,0.2066569,35.06552
L,-0.2221257,0.7444116,-0.08897762,-0.007499792,0.006873338,0.00464023,0.04742558,-0.01779094,-0.007390773,35.07986
L,-0.2222316,0.7445129,-0.08890874,-0.007598576,0.007273412,0.004944316,-0.007090808,0.02871771,0.02182752,35.0938
L,-0.2223246,0.7445689,-0.08881315,-0.00685571,0.004125949,0.007046849,0.05476316,-0.2320271,0.1549962,35.10736
L,-0.2224154,0.7446247,-0.08871412,-0.006447004,0.003961208,0.007024063,0.0289881,-0.01168447,-0.001616077,35.12146
L,-0.2225215,0.7446796,-0.08858969,-0.007625978,0.003944841,0.008950929,-0.08481364,-0.001177456,0.1386159,35.13536
L,-0.222627,0.7447346,-0.08846065,-0.007542002,0.003936069,0.009222499,0.00600158,-0.0006269249,0.01940851,35.14935
L,-0.2227314,0.7447897,-0.08832815,-0.007687412,0.004055478,0.009756299,-0.01070745,0.0087928,0.03930685,35.16293
L,-0.2227796,0.7450297,-0.08821994,-0.00344406,0.01715427,0.007733693,0.3032632,0.9361424,-0.1445512,35.17693
L,-0.2228403,0.745371,-0.08806965,-0.004383513,0.02461561,0.01084162,-0.06776884,0.5382347,0.2241947,35.19079
L,-0.2229034,0.7456911,-0.0879259,-0.004632103,0.0235207,0.010561,-0.01826412,-0.08044365,-0.02061736,35.2044
L,-0.2229627,0.7460209,-0.08777963,-0.003864487,0.02149506,0.009533503,0.0500313,-0.1320265,-0.06696956,35.21974
L,-0.2230716,0.7461715,-0.08761129,-0.008666325,0.01198201,0.01339735,-0.3821411,-0.7570698,0.3074934,35.23231
L,-0.2231717,0.746308,-0.08745375,-0.007191441,0.009808457,0.01132041,0.1059847,-0.156191,-0.1492476,35.24622
L,-0.2232696,0.7464414,-0.0872967,-0.006445018,0.008785629,0.01033901,0.04913867,-0.06733505,-0.06460837,35.26141
L,-0.2233765,0.7466041,-0.08715884,-0.008331553,0.01268022,0.01074335,-0.1470107,0.3034908,0.03150894,35.27425
L,-0.2234862,0.7467718,-0.08701643,-0.007916824,0.01210163,0.0102781,0.02993358,-0.04176008,-0.03357955,35.2881
L,-0.2236285,0.7471231,-0.08678858,-0.009587977,0.02366232,0.01534699,-0.1125598,0.7786652,0.3414123,35.30295
L,-0.2237861,0.7475206,-0.0865322,-0.01228193,0.03097596,0.01997889,-0.2099296,0.5699247,0.360947,35.31578
L,-0.2239455,0.7479299,-0.08626924,-0.01089858,0.02798155,0.01797904,0.09458437,-0.2047385,-0.1367367,35.33041
L,-0.2239599,0.7496333,-0.08566135,-0.001124703,0.1328218,0.04739901,0.762095,8.17467,2.293952,35.34323
L,-0.2239646,0.7514364,-0.0850245,-0.0003231121,0.1249092,0.04411926,0.05553174,-0.5481638,-0.2272113,35.35767
L,-0.2236041,0.7521614,-0.08407333,0.02624892,0.05279948,0.06926215,1.934916,-5.250866,1.83085,35.3714
L,-0.2232878,0.7527848,-0.08325668,0.02339562,0.04610786,0.06040579,-0.2110539,-0.4949684,-0.655091,35.38492
L,-0.2210382,0.753899,-0.08139796,0.1565081,0.07751957,0.1293137,9.260788,2.185348,4.793998,35.39929
L,-0.2188447,0.755002,-0.07958611,0.1600866,0.08049572,0.1322285,0.2611598,0.2171993,0.2127264,35.41299
L,-0.2169667,0.7559652,-0.07803049,0.1356211,0.06955923,0.1123407,-1.766801,-0.7897894,-1.436216,35.42684
L,-0.2137857,0.7578942,-0.07651822,0.2193253,0.1329974,0.1042692,5.77132,4.373999,-0.5565214,35.44135
L,-0.2110941,0.7595299,-0.07519705,0.2029856,0.1233638,0.0996369,-1.232266,-0.7265266,-0.3493492,35.45461
L,-0.2050885,0.7634735,-0.07307531,0.4241207,0.2784929,0.1498387,15.61671,10.95533,3.545283,35.46877
L,-0.2003744,0.7665531,-0.07133932,0.3438413,0.2246279,0.1266222,-5.855525,-3.928881,-1.693396,35.48248
L,-0.1967274,0.7689297,-0.06993178,0.2372305,0.1545945,0.09155794,-6.934831,-4.555542,-2.280863,35.49785
L,-0.1902944,0.7678831,-0.06678218,0.4939587,-0.0803676,0.241842,19.71287,-18.04156,11.53956,35.51087
L,-0.1850091,0.7674697,-0.06421209,0.4111322,-0.03215412,0.1999206,-6.442867,3.750408,-3.26096,35.52373
L,-0.1778245,0.7706012,-0.06469453,0.4844102,0.2111384,-0.03252797,4.940681,16.40372,-15.67258,35.53856
L,-0.1786186,0.7703153,-0.06506243,-0.05971094,-0.0214967,-0.02766591,-40.91741,-17.49395,0.3656226,35.55186
L,-0.1816691,0.7692323,-0.0662858,-0.2250051,-0.07988798,-0.09023613,-12.19214,-4.306956,-4.615197,35.56541
L,-0.1725933,0.772438,-0.06562065,0.641629,0.2266383,0.04702459,61.26831,21.67045,9.703904,35.57956
L,-0.1629237,0.7758414,-0.06476054,0.6810361,0.2396981,0.06057836,2.775482,0.9198096,0.9546048,35.59376
L,-0.1524012,0.7714399,-0.06361103,0.738729,-0.3090059,0.08070057,4.050306,-38.52155,1.412672,35.608
L,-0.1438666,0.7685053,-0.06258821,0.6266916,-0.2154806,0.07510504,-8.226869,6.867537,-0.4108779,35.62162
L,-0.1391804,0.7790751,-0.06645031,0.3410497,0.7692428,-0.2810727,-20.78827,71.66555,-25.92167,35.63536
L,-0.1346671,0.7870638,-0.06908239,0.321332,0.5687636,-0.1873944,-1.403818,-14.27334,6.669524,35.64941
L,-0.1302162,0.7932409,-0.07093779,0.3260944,0.452566,-0.1359365,0.3489139,-8.513271,3.770091,35.66306
L,-0.1311522,0.7927336,-0.06997938,-0.06718386,-0.03641412,0.06879524,-28.22988,-35.09946,14.69584,35.67699
L,-0.1311995,0.792701,-0.0696299,-0.003298496,-0.002273105,0.02436575,4.454033,2.380283,-3.097586,35.69133
L,-0.1317029,0.7897713,-0.06814206,-0.03787515,-0.2204363,0.1119481,-2.601626,-16.41509,6.589897,35.70462
L,-0.1317242,0.7859371,-0.06601964,-0.001507749,-0.2709232,0.1499679,2.569676,-3.567341,2.686428,35.71877
L,-0.1310949,0.7830587,-0.06423691,0.04532001,-0.2072931,0.1283879,3.372422,4.582484,-1.554137,35.73266
L,-0.1304588,0.7834231,-0.06448875,0.0463227,0.02653646,-0.01833876,0.07301351,17.02695,-10.68431,35.74639
L,-0.1296667,0.783829,-0.06471385,0.05599485,0.0286964,-0.01591365,0.6837907,0.152701,0.1714476,35.76054
L,-0.1287433,0.783087,-0.06646357,0.06669034,-0.05358557,-0.126358,0.7723854,-5.942073,-7.97585,35.77438
L,-0.1272857,0.7822695,-0.06853861,0.1064284,-0.05969708,-0.1515206,2.901701,-0.4462659,-1.837386,35.78808
L,-0.1269878,0.7843641,-0.07108194,0.02088173,0.1468165,-0.178267,-5.996139,14.47495,-1.874711,35.80235
L,-0.1263766,0.7864328,-0.07348558,0.04453429,0.1507218,-0.175125,1.723284,0.2845298,0.2289271,35.81607
L,-0.1255479,0.7882695,-0.07555313,0.05771578,0.1279183,-0.1439942,0.9180256,-1.58815,2.168104,35.83043
L,-0.1208591,0.7902238,-0.07991882,0.3564759,0.1485825,-0.331914,22.71409,1.571058,-14.28714,35.84358
L,-0.1168126,0.7919378,-0.0834532,0.276241,0.1170085,-0.2412806,-5.477366,-2.155456,6.18724,35.85823
L,-0.1098783,0.7911932,-0.08750675,0.5275093,-0.05664176,-0.3083614,19.11447,-13.20991,-5.102966,35.87138
L,-0.1042439,0.7908889,-0.09078643,0.404221,-0.02183395,-0.2352901,-8.844907,2.49717,5.242255,35.88531
L,-0.09947295,0.7908745,-0.09358325,0.340411,-0.001024939,-0.1995558,-4.552914,1.484746,2.549683,35.89933
L,-0.1006741,0.789472,-0.0929383,-0.08374491,-0.09778092,0.04496499,-29.57179,-6.745745,17.04778,35.91367
L,-0.1017003,0.7879866,-0.0924312,-0.07770132,-0.1124756,0.03839848,0.4576231,-1.112689,-0.4972184,35.92688
L,-0.1019946,0.7905962,-0.0972437,-0.01993954,0.1767684,-0.3259867,3.912637,19.59266,-24.68253,35.94164
L,-0.1017305,0.793961,-0.1036049,0.01988912,0.2533162,-0.4789049,2.998519,5.762934,-11.51252,35.95493
L,-0.104505,0.7886767,-0.1106104,-0.1971047,-0.3754023,-0.4976833,-15.41562,-44.66525,-1.334047,35.969
L,-0.1060153,0.7850098,-0.1162766,-0.1076465,-0.2613555,-0.4038519,6.376002,8.128513,6.687693,35.98303
L,-0.1067292,0.7823665,-0.1211356,-0.05033841,-0.1863695,-0.3425896,4.040606,5.287017,4.319403,35.99722
L,-0.1199835,0.7861345,-0.1293222,-0.9792896,0.2783963,-0.6048654,-68.63557,34.33922,-19.37825,36.01075
L,-0.1291464,0.7887622,-0.1361007,-0.6898334,0.1978254,-0.5103243,21.79185,-6.065815,7.117573,36.02403
L,-0.1367768,0.7867994,-0.1334973,-0.5198185,-0.1337099,0.1773527,11.58222,-22.58575,46.84782,36.03871
L,-0.1426896,0.7853762,-0.1326532,-0.4492776,-0.1081431,0.06413949,5.359964,1.942659,-8.602365,36.05187
L,-0.1475494,0.7843148,-0.132944,-0.3513438,-0.07673745,-0.02102437,7.080189,2.270493,-6.156976,36.0657
L,-0.1467563,0.7760321,-0.1201598,0.05547229,-0.579309,0.8941555,28.45368,-35.15104,64.00985,36.08
L,-0.1469237,0.770003,-0.1113477,-0.01217397,-0.4385405,0.6409713,-4.920383,10.23907,-18.41585,36.09375
L,-0.1522769,0.7680163,-0.1124717,-0.3863746,-0.1433869,-0.08113212,-27.00838,21.30307,-52.11869,36.1076
L,-0.1562788,0.7663386,-0.1133291,-0.2782711,-0.1166611,-0.0596159,7.516891,1.858356,1.496113,36.12199
L,-0.1569446,0.7690444,-0.1131144,-0.04888612,0.198687,0.01576615,16.84367,23.15591,5.535281,36.1356
L,-0.1580758,0.7716649,-0.1129275,-0.08209939,0.190182,0.01356643,-2.410481,-0.6172535,-0.1596463,36.14938
L,-0.1595794,0.773912,-0.1127942,-0.108706,0.1624552,0.009634196,-1.923543,-2.00453,-0.2842836,36.16322
L,-0.1612205,0.7752293,-0.1122823,-0.117604,0.09440354,0.03668597,-0.6376563,-4.8768,1.938616,36.17717
L,-0.1629363,0.7762184,-0.1118839,-0.123095,0.0709582,0.02858009,-0.3939347,-1.682007,-0.5815291,36.19111
L,-0.1691543,0.7654518,-0.1124307,-0.4568451,-0.7910287,-0.04017208,-24.52091,-63.33091,-5.05128,36.20472
L,-0.1741986,0.7576256,-0.1128528,-0.3552693,-0.5512074,-0.02973242,7.154079,16.89085,0.7352753,36.21892
L,-0.1785243,0.7515393,-0.1131919,-0.3103395,-0.4366362,-0.02432159,3.223343,8.219524,0.3881817,36.23286
L,-0.1819534,0.7472899,-0.1122408,-0.2469501,-0.3060354,0.06849298,4.565148,9.405557,6.684281,36.24674
L,-0.1852296,0.7435074,-0.111592,-0.2300043,-0.2655455,0.0455506,1.189677,2.842576,-1.610661,36.26099
L,-0.185329,0.7456273,-0.1069062,-0.007386464,0.157423,0.3479761,16.53199,31.41038,22.45864,36.27445
L,-0.1860714,0.7469817,-0.1025432,-0.05121299,0.0934375,0.3009817,-3.023385,-4.414055,-3.241918,36.28895
L,-0.1872759,0.7475367,-0.09893439,-0.0882948,0.04068355,0.2645474,-2.718337,-3.867207,-2.67087,36.30259
L,-0.186309,0.7491755,-0.09127889,0.07107929,0.1204737,0.5627717,11.71592,5.865541,21.92308,36.31619
L,-0.186241,0.7499029,-0.08536541,0.004766294,0.05100906,0.4147089,-4.650496,-4.871522,-10.38357,36.33045
L,-0.1958441,0.7499273,-0.08381976,-0.7292591,0.001851282,0.1173765,-55.7417,-3.733029,-22.57935,36.34362
L,-0.206606,0.7496418,-0.0821355,-0.7551264,-0.02003312,0.1181797,-1.815035,-1.535563,0.05636303,36.35787
L,-0.2151053,0.7491476,-0.08034383,-0.5989342,-0.03482443,0.1262569,11.00668,-1.042326,0.5691894,36.37206
L,-0.2222654,0.7485237,-0.07848527,-0.5393645,-0.04699623,0.1400026,4.487311,-0.9168864,1.035442,36.38534
L,-0.2285868,0.7478204,-0.07658552,-0.4426061,-0.04924129,0.1330154,6.77474,-0.1571924,-0.4892203,36.39962
L,-0.2282823,0.7642214,-0.07902603,0.02123906,1.144072,-0.170241,32.3561,83.24105,-21.15403,36.41396
L,-0.2293398,0.7762383,-0.08026122,-0.08072537,0.9173386,-0.09429203,-7.783741,-17.30832,5.797776,36.42706
L,-0.232309,0.7765893,-0.07925384,-0.2047247,0.0242019,0.06945769,-8.549626,-61.58085,11.29038,36.44156
L,-0.2348398,0.7770657,-0.07838986,-0.1797944,0.0338457,0.06137894,1.771091,0.6851121,-0.5739284,36.45564
L,-0.2375121,0.7777704,-0.07748453,-0.1939401,0.05114462,0.06570492,-1.026636,1.255484,0.3139619,36.46941
L,-0.2398024,0.7763525,-0.07492957,-0.1738247,-0.1076107,0.1939107,1.526673,-12.04886,9.730276,36.48259
L,-0.2426806,0.7753683,-0.07231168,-0.1999226,-0.06836248,0.1818399,-1.81277,2.726204,-0.8384464,36.49699
L,-0.2440636,0.7735549,-0.07190325,-0.1016677,-0.133312,0.03002478,7.222921,-4.774573,-11.16024,36.51059
L,-0.243757,0.772531,-0.07272621,0.0220568,-0.07365704,-0.05920263,8.900556,4.291491,-6.418889,36.52449
L,-0.243766,0.771619,-0.0734173,-0.0006446484,-0.06521072,-0.04941737,-1.623309,0.603969,0.6997129,36.53848
L,-0.2440695,0.770808,-0.07397856,-0.02172438,-0.05805827,-0.04017773,-1.508991,0.5120081,0.6614184,36.55244
L,-0.2428024,0.7707081,-0.07473706,0.08713847,-0.006869753,-0.05216104,7.486292,3.520137,-0.8240694,36.56699
L,-0.2416065,0.7706597,-0.07550479,0.08982249,-0.00363091,-0.05766644,0.2016039,0.2432789,-0.4135261,36.5803
L,-0.2398669,0.7710022,-0.07665329,0.1233893,0.02428724,-0.08145842,2.380774,1.980134,-1.68748,36.5944
L,-0.2385377,0.7713664,-0.07759967,0.09203315,0.02521626,-0.06552822,-2.171112,0.06432571,1.103013,36.60884
L,-0.238132,0.7717,-0.07802428,0.03248368,0.0267114,-0.03399774,-4.768032,0.1197138,2.524596,36.62133
L,-0.2379351,0.7719598,-0.07829578,0.01330623,0.01756302,-0.01835273,-1.296352,-0.6184101,1.057567,36.63612
L,-0.2378394,0.7721754,-0.07848671,0.006191001,0.01395144,-0.01235212,-0.4603195,-0.2336505,0.3882092,36.65158
L,-0.2378101,0.772442,-0.07817332,0.002140381,0.01947899,0.02289696,-0.2959436,0.4038499,2.575344,36.66527
L,-0.2378104,0.7729957,-0.07752304,-1.994256E-05,0.04630664,0.05439273,-0.1807007,2.244003,2.634469,36.67722
L,-0.2385484,0.7776862,-0.0748072,-0.05449934,0.3463688,0.2005463,-4.022943,22.15761,10.79248,36.69077
L,-0.2393765,0.7821752,-0.07221834,-0.06063417,0.3287011,0.1895688,-0.4492201,-1.293713,-0.8038255,36.70442
L,-0.2401432,0.7857581,-0.07015283,-0.05345225,0.2497964,0.144005,0.5007169,-5.501171,-3.176665,36.71877
L,-0.2421761,0.7916942,-0.06608974,-0.1433367,0.4185382,0.2864753,-6.337457,11.89743,10.04511,36.73295
L,-0.2438377,0.7964639,-0.06286662,-0.1224211,0.3514176,0.237471,1.541006,-4.945269,-3.610508,36.74652
L,-0.2421539,0.8046281,-0.06098027,0.1161575,0.5632072,0.1301305,16.45841,14.61036,-7.404911,36.76102
L,-0.2411125,0.8113065,-0.05924229,0.07591334,0.4868517,0.1266965,-2.933749,-5.566222,-0.2503378,36.77473
L,-0.2433703,0.8125464,-0.05688942,-0.1639478,0.09003203,0.1708562,-17.41777,-28.81549,3.206707,36.78851
L,-0.2450476,0.8140025,-0.0549422,-0.1215972,0.1055638,0.1411646,3.070235,1.125986,-2.152512,36.8023
L,-0.2465047,0.8157439,-0.05309152,-0.09885825,0.1181418,0.125555,1.542668,0.8533255,-1.058996,36.81704
L,-0.2460236,0.8189021,-0.05318298,0.03604018,0.2365402,-0.006850168,10.10366,8.867834,-9.916921,36.83039
L,-0.2457385,0.8222805,-0.05296763,0.02149786,0.2547873,0.01624083,-1.096715,1.376114,1.741417,36.84365
L,-0.2457767,0.8220659,-0.05338177,-0.002685416,-0.01506427,-0.02907457,-1.697777,-18.94482,-3.18135,36.85789
L,-0.2458249,0.8220099,-0.05359095,-0.003327623,-0.003871244,-0.01445282,-0.04437285,0.7733752,1.010281,36.87237
L,-0.245896,0.8220425,-0.05376695,-0.004966666,0.002275,-0.01230365,-0.1145775,0.4296536,0.1502379,36.88667
L,-0.2456561,0.8217092,-0.05446797,0.01513789,-0.02103018,-0.04423871,1.268727,-1.470706,-2.015307,36.90252
L,-0.245364,0.8214257,-0.0553383,0.02284434,-0.02217426,-0.06806454,0.6026843,-0.08947302,-1.863305,36.91531
L,-0.2453044,0.8196768,-0.05696619,0.004199219,-0.1232443,-0.1147154,-1.3139,-7.122285,-3.28743,36.9295
L,-0.2452977,0.8182013,-0.05842745,0.0005165958,-0.1144323,-0.1133318,-0.2856147,0.6834331,0.1073063,36.94239
L,-0.2448274,0.813466,-0.06011914,0.0352837,-0.3552742,-0.1269218,2.608468,-18.06962,-1.019616,36.95572
L,-0.2444844,0.8097296,-0.06144204,0.02438547,-0.2655826,-0.09403227,-0.7746493,6.375303,2.337797,36.96979
L,-0.2442602,0.8070021,-0.06239608,0.01664527,-0.2025496,-0.07084892,-0.5748003,4.680944,1.721637,36.98325
L,-0.2418496,0.8001207,-0.06488035,0.1686056,-0.4813067,-0.1737554,10.62846,-19.49693,-7.197526,36.99755
L,-0.2400685,0.7949572,-0.06674597,0.1321954,-0.3832328,-0.1384656,-2.702353,7.279018,2.6192,37.01102
L,-0.2399316,0.7890084,-0.0678404,0.01008621,-0.4382861,-0.0806353,-8.996679,-4.05618,4.260784,37.0246
L,-0.2397533,0.7844262,-0.06874505,0.01257653,-0.3232559,-0.0638182,0.1756789,8.114768,1.186357,37.03877
L,-0.2395484,0.7807171,-0.06951959,0.01464524,-0.2650755,-0.05535416,0.1478467,4.158026,0.6049067,37.05276
L,-0.2402332,0.7782619,-0.0694235,-0.05164544,-0.1851625,0.007246116,-4.999339,6.026667,4.721026,37.06602
L,-0.2407054,0.775898,-0.06946766,-0.03297836,-0.1650698,-0.00308317,1.303532,1.403091,-0.7213,37.08035
L,-0.2429736,0.7723153,-0.06885806,-0.1671146,-0.263965,0.04491309,-9.882801,-7.28634,3.536237,37.09392
L,-0.2448705,0.7687396,-0.06844939,-0.138205,-0.2605223,0.02977511,2.1063,0.2508273,-1.102927,37.10764
L,-0.2463955,0.7653551,-0.06821202,-0.1091031,-0.2421491,0.0169827,2.08212,1.314528,-0.9152442,37.12162
L,-0.2471671,0.7650364,-0.06816329,-0.05588096,-0.02307493,0.003529113,3.85411,15.86436,-0.9742477,37.13543
L,-0.2477646,0.7645035,-0.06815716,-0.04176667,-0.03725,0.0004286458,0.9866604,-0.9909092,-0.2167384,37.14973
L,-0.2479626,0.764762,-0.06817004,-0.01466776,0.01914924,-0.0009544808,2.007862,4.178836,-0.1024812,37.16323
L,-0.2481916,0.7649484,-0.06819247,-0.01620261,0.01318386,-0.001586848,-0.1085677,-0.4219612,-0.04473052,37.17737
L,-0.2482691,0.7675539,-0.06817464,-0.005787037,0.1945958,0.001332131,0.777886,13.54873,0.2180037,37.19076
L,-0.2484027,0.7703953,-0.06817656,-0.009524407,0.2026277,-0.00013708,-0.2665204,0.5727725,-0.1047729,37.20478
L,-0.2485571,0.7726293,-0.0681989,-0.01094447,0.1583626,-0.001583943,-0.1006656,-3.137864,-0.1025653,37.21889
L,-0.2494917,0.7766978,-0.06823964,-0.06802102,0.2960942,-0.00296439,-4.15388,10.02374,-0.1004653,37.23263
L,-0.2502849,0.7798548,-0.06829232,-0.05886582,0.2343131,-0.003910121,0.6794967,-4.585376,-0.07019185,37.2461
L,-0.2494201,0.7832101,-0.06790271,0.06025614,0.2338018,0.02714906,8.300666,-0.03562454,2.164268,37.26045
L,-0.2487981,0.7858441,-0.06761404,0.04496712,0.1904302,0.02086924,-1.105329,-3.135578,-0.4540034,37.27428
L,-0.2483541,0.7879455,-0.06739883,0.03168166,0.1499345,0.01535548,-0.9479322,-2.889415,-0.3934135,37.2883
L,-0.2488711,0.7880685,-0.06727438,-0.03745595,0.008909446,0.009016873,-5.009401,-10.21804,-0.4592666,37.3021
L,-0.2492128,0.7881873,-0.06719276,-0.02455862,0.008536356,0.0058658,0.9267977,-0.02681016,-0.226435,37.31602
L,-0.2491045,0.7882096,-0.06719998,0.007952478,0.001640363,-0.0005303839,2.385943,-0.5060871,-0.4694068,37.32964
L,-0.2489863,0.788259,-0.06720785,0.008481012,0.003542579,-0.000564759,0.03793867,0.1365429,-0.002467478,37.34357
L,-0.2489731,0.7878545,-0.06724942,0.0008431575,-0.02577327,-0.00264911,-0.4866839,-1.868006,-0.1328148,37.35927
L,-0.248932,0.78619,-0.06742825,0.003049888,-0.1237459,-0.01329465,0.1640616,-7.283875,-0.7914537,37.37272
L,-0.2489103,0.7851238,-0.06754974,0.001601409,-0.07864818,-0.008961074,-0.1068403,3.326422,0.3196461,37.38628
L,-0.2484455,0.784566,-0.06821574,0.03340443,-0.04007761,-0.04785906,2.285354,2.771667,-2.795196,37.40019
L,-0.2479873,0.7840354,-0.06887604,0.03328974,-0.03855148,-0.04797499,-0.008333261,0.1108829,-0.008422852,37.41396
L,-0.2479833,0.7840314,-0.06888106,0.0003022027,-0.0003044413,-0.0003766341,-2.477789,2.872846,3.57525,37.42727
L,-0.24746,0.782226,-0.071938,0.03791157,-0.1308129,-0.2214924,2.725006,-9.456059,-16.02105,37.44107
L,-0.2469647,0.7805389,-0.07482678,0.03494601,-0.1190166,-0.2037883,-0.2092046,0.8321705,1.248927,37.45525
L,-0.2467151,0.7755743,-0.07782345,0.01894961,-0.3770097,-0.2275657,-1.214762,-19.59193,-1.805646,37.46841
L,-0.2465063,0.771719,-0.08024108,0.01517136,-0.280111,-0.1756568,-0.2745137,7.040299,3.77151,37.48218
L,-0.2490537,0.7650384,-0.08173956,-0.1678666,-0.4402416,-0.09874721,-12.06192,-10.55236,5.068219,37.49735
L,-0.2508952,0.7599382,-0.08306336,-0.1322592,-0.3662928,-0.09507545,2.557335,5.311025,0.2637067,37.51128
L,-0.252214,0.7560183,-0.08421098,-0.09934671,-0.2952811,-0.08644935,2.479256,5.349223,0.6497929,37.52455
L,-0.2527609,0.7558702,-0.0844972,-0.03847121,-0.01042086,-0.02013669,4.282917,20.04144,4.665451,37.53876
L,-0.2531524,0.7555415,-0.08478174,-0.03004931,-0.02522596,-0.02183601,0.6462974,-1.136144,-0.1304058,37.5518
L,-0.2534454,0.7553841,-0.08481187,-0.02150187,-0.01155253,-0.002211209,0.6272842,1.003474,1.440236,37.56542
L,-0.2537636,0.7551059,-0.08489662,-0.02276798,-0.01990652,-0.006063536,-0.0905847,-0.5976937,-0.275618,37.5794
L,-0.255478,0.755349,-0.0843603,-0.125741,0.01783279,0.03933793,-7.552817,2.768084,3.330084,37.59303
L,-0.2576551,0.7554369,-0.08379205,-0.1566231,0.006324609,0.04087895,-2.221607,-0.8278813,0.1108589,37.60693
L,-0.2598018,0.7553165,-0.08333769,-0.1521705,-0.008535019,0.03220913,0.315632,-1.05337,-0.6145864,37.62104
L,-0.2611447,0.7561105,-0.08275753,-0.1007575,0.05957534,0.04352719,3.857355,5.110109,0.8491585,37.63437
L,-0.2623663,0.7566469,-0.08231667,-0.0855784,0.03757599,0.03088412,1.063368,-1.541154,-0.8857042,37.64864
L,-0.2649952,0.7596001,-0.08127638,-0.1924974,0.2162448,0.07617515,-7.829098,13.08295,3.316417,37.6623
L,-0.2674786,0.7621037,-0.08039107,-0.1792422,0.1806985,0.06389816,0.9567065,-2.565595,-0.8861063,37.67616
L,-0.2696003,0.7640009,-0.07971387,-0.1539002,0.1376159,0.04912158,1.838203,-3.125027,-1.071829,37.68994
L,-0.2736037,0.7671387,-0.07843469,-0.2789677,0.2186462,0.0891356,-8.714965,5.64636,2.78826,37.70429
L,-0.276939,0.769604,-0.07742738,-0.2499509,0.1847529,0.07548901,2.174554,-2.539999,-1.022691,37.71764
L,-0.2793915,0.7734475,-0.07728568,-0.1775004,0.2781742,0.01025579,5.243641,6.761411,-4.721285,37.73145
L,-0.2815717,0.7764793,-0.07712279,-0.1616321,0.2247685,0.01207557,1.176402,-3.959274,0.1349106,37.74494
L,-0.2835472,0.7789392,-0.07694541,-0.1361355,0.1695173,0.01222397,1.757043,-3.807509,0.01022689,37.75945
L,-0.2869956,0.7841668,-0.07586874,-0.2354106,0.3568685,0.07350057,-6.777178,12.78984,4.183149,37.7741
L,-0.2900362,0.7884818,-0.07499108,-0.2427156,0.3444447,0.07005914,-0.5831244,-0.991726,-0.2747102,37.78663
L,-0.2931691,0.7927403,-0.07428242,-0.2208891,0.300258,0.04996491,1.538918,-3.115454,-1.416779,37.80081
L,-0.2959002,0.7962801,-0.07368364,-0.1977706,0.256332,0.04336099,1.674135,-3.180924,-0.4782256,37.81462
L,-0.2970106,0.795113,-0.07428043,-0.08153668,-0.08569678,-0.04382222,8.535023,-25.11507,-6.401836,37.82824
L,-0.2981919,0.7944015,-0.07472679,-0.08369721,-0.05040963,-0.03162426,-0.1530733,2.500085,0.8642219,37.84235
L,-0.299667,0.7939501,-0.07513387,-0.1060602,-0.03245852,-0.02926848,-1.607875,1.290668,0.1693783,37.85626
L,-0.3029573,0.7916047,-0.07420015,-0.2332405,-0.1662596,0.06618918,-9.015568,-9.4849,6.766807,37.87037
L,-0.3063391,0.7897782,-0.07329931,-0.2435525,-0.1315419,0.06487648,-0.7426468,2.500288,-0.09453715,37.88425
L,-0.3080221,0.7886032,-0.07270249,-0.1209396,-0.08442982,0.04288737,8.810925,3.385457,-1.58013,37.89817
L,-0.3096345,0.7878457,-0.07219806,-0.1186636,-0.05575344,0.03712363,0.1674988,2.110427,-0.4241802,37.91176
L,-0.3112641,0.787321,-0.07173195,-0.119656,-0.03852416,0.03422564,-0.0728718,1.265141,-0.2127984,37.92538
L,-0.3113563,0.7866679,-0.07215278,-0.00654355,-0.0463505,-0.02986367,8.027002,-0.5553949,-4.548086,37.93947
L,-0.3115872,0.7861474,-0.07248421,-0.01664991,-0.03752406,-0.02389516,-0.7286361,0.636358,0.4303105,37.95334
L,-0.3115138,0.7860201,-0.07228026,0.005326508,-0.00923492,0.01479381,1.594074,2.051973,2.806332,37.96712
L,-0.3114922,0.7858968,-0.07204226,0.001498259,-0.0085751,0.01654924,-0.2661943,0.04588011,0.122062,37.98151
L,-0.3102147,0.785302,-0.07194966,0.09307905,-0.04333571,0.006746369,6.672417,-2.532597,-0.7142198,37.99523
L,-0.3086295,0.7845299,-0.07180875,0.11448,-0.05575499,0.01017616,1.545492,-0.896871,0.2476855,38.00908
L,-0.3072357,0.7838156,-0.07165583,0.101656,-0.05210507,0.01115357,-0.9353778,0.266223,0.07129198,38.02279
L,-0.3007351,0.787089,-0.07483765,0.2642018,0.1330402,-0.1293172,6.606265,7.524764,-5.709079,38.04739
L,-0.2952915,0.7899132,-0.07750933,0.3079464,0.1597668,-0.1511358,2.474617,1.511915,-1.234274,38.06507
L,-0.2942211,0.7890261,-0.07803687,0.07824482,-0.0648529,-0.03856414,-16.79166,-16.42016,8.22922,38.07875
L,-0.2938296,0.7888295,-0.07824928,0.0273938,-0.01375634,-0.01486429,-3.55854,3.575722,1.658509,38.09304
L,-0.292441,0.7879339,-0.08218285,0.1065019,-0.06868508,-0.3016864,6.067206,-4.212768,-21.99786,38.10608
L,-0.2909155,0.7871125,-0.08621149,0.1085479,-0.05845379,-0.2866672,0.1455921,0.7280329,1.068724,38.12013
L,-0.2986337,0.7826577,-0.09059733,-0.5579883,-0.322062,-0.3170774,-48.18766,-19.05773,-2.198523,38.13396
L,-0.3042312,0.7793468,-0.09414165,-0.401794,-0.2376566,-0.2544143,11.21178,6.058701,4.498015,38.1479
L,-0.3067826,0.7781583,-0.09641352,-0.1815537,-0.08457179,-0.1616609,15.67173,10.89312,6.600099,38.16195
L,-0.3086369,0.7772377,-0.09824352,-0.133908,-0.06648158,-0.132155,3.440781,1.306403,2.130794,38.1758
L,-0.3101598,0.776438,-0.09987449,-0.1107732,-0.05816887,-0.1186318,1.682754,0.6046407,0.9836401,38.18954
L,-0.3132796,0.773984,-0.09961192,-0.2276804,-0.1790959,0.01916205,-8.531886,-8.82525,10.05618,38.20325
L,-0.3161558,0.7717459,-0.09972043,-0.2047736,-0.1593394,-0.007724975,1.630873,1.40659,-1.914251,38.21729
L,-0.3169441,0.77172,-0.09882875,-0.0537587,-0.001768178,0.06080854,10.29856,10.74567,4.673687,38.23196
L,-0.3176776,0.7715993,-0.09830789,-0.05629071,-0.009262478,0.03997045,-0.1943065,-0.5751129,-1.599116,38.24499
L,-0.3184636,0.7713994,-0.09796406,-0.05511804,-0.01401986,0.02411258,0.08223842,-0.333633,-1.112104,38.25925
L,-0.3200743,0.7712359,-0.09674016,-0.1122429,-0.01138856,0.08528386,-3.98058,0.1833549,4.262543,38.2736
L,-0.3218497,0.7709627,-0.09564696,-0.1365606,-0.02101673,0.08408982,-1.87052,-0.7406006,-0.09184559,38.2866
L,-0.3217635,0.7744998,-0.09551492,0.006013296,0.2468634,0.009214943,9.950714,18.69626,-5.225772,38.30093
L,-0.3218688,0.7784581,-0.09547187,-0.007599432,0.2858557,0.003109396,-0.9830564,2.815871,-0.440918,38.31477
L,-0.3221585,0.7818031,-0.09552282,-0.0207027,0.2390608,-0.003641609,-0.936462,-3.344332,-0.4824797,38.32877
L,-0.3197477,0.7878368,-0.09355385,0.1742881,0.4362116,0.1423481,14.09699,14.25314,10.55442,38.3426
L,-0.3181374,0.7925116,-0.09215887,0.1152738,0.3346404,0.09985951,-4.224533,-7.270965,-3.041544,38.35657
L,-0.3170982,0.7927997,-0.09158827,0.07639425,0.02118094,0.04194618,-2.858119,-23.04305,-4.257329,38.37017
L,-0.3164912,0.7931129,-0.09123535,0.04446662,0.02294403,0.0258568,-2.339194,0.1291736,-1.178797,38.38382
L,-0.315508,0.7929794,-0.09090386,0.06888237,-0.009353287,0.02322246,1.710434,-2.262573,-0.1845475,38.39809
L,-0.3145369,0.7929682,-0.09056452,0.06981967,-0.000801392,0.02439799,0.06739084,0.6148732,0.0845198,38.412
L,-0.3136037,0.7930717,-0.09022623,0.06810708,0.007551503,0.02468811,-0.1249848,0.6095939,0.02117281,38.4257
L,-0.3113676,0.794469,-0.09017709,0.1543349,0.09644467,0.003391999,5.951584,6.135548,-1.469891,38.44019
L,-0.3091619,0.795988,-0.09011149,0.149718,0.103104,0.004452943,-0.313387,0.4520175,0.07201452,38.45493
L,-0.3074273,0.793036,-0.08942717,0.1424557,-0.2424274,0.05619946,-0.5964153,-28.37687,4.249699,38.4671
L,-0.3056015,0.7901662,-0.08870698,0.1269562,-0.1995524,0.05007823,-1.077746,2.981278,-0.4256349,38.48148
L,-0.3039621,0.7878401,-0.08806814,0.1178107,-0.1671507,0.04590647,-0.657195,2.328377,-0.2997811,38.4954
L,-0.2966908,0.7852633,-0.08722138,0.5129486,-0.1817815,0.0597343,27.87488,-1.032127,0.9754798,38.50957
L,-0.2909996,0.7833218,-0.0865228,0.4219236,-0.1439347,0.05178985,-6.748208,2.805799,-0.5889677,38.52306
L,-0.2848404,0.7745025,-0.0847805,0.4368469,-0.62552,0.1235753,1.058452,-34.15711,5.091485,38.53716
L,-0.2798471,0.7680011,-0.08340719,0.3598023,-0.4684708,0.09895654,-5.55161,11.31652,-1.773959,38.55104
L,-0.2724138,0.7584882,-0.08330526,0.5479735,-0.7012839,0.007514258,13.87175,-17.1627,-6.741014,38.56461
L,-0.2662373,0.7510762,-0.08308648,0.4407024,-0.5288556,0.01561065,-7.653913,12.30295,0.5776863,38.57862
L,-0.2608995,0.7449099,-0.08278669,0.382313,-0.4416496,0.02147157,-4.182085,6.246049,0.4197828,38.59258
L,-0.2517397,0.7416977,-0.08557678,0.6603904,-0.2315903,-0.2011563,20.04849,15.1446,-16.05076,38.60645
L,-0.2439971,0.7383674,-0.08748687,0.5453207,-0.2345555,-0.1345295,-8.104472,-0.2088396,4.69259,38.62065
L,-0.2341336,0.7429609,-0.08780227,0.7056922,0.3286453,-0.02256542,11.47392,40.29468,8.010565,38.63463
L,-0.2256313,0.7454403,-0.08804439,0.6324744,0.1844362,-0.01801098,-5.446541,-10.72745,0.3387961,38.64807
L,-0.2180406,0.7465243,-0.08824623,0.5157688,0.07365782,-0.0137144,-7.929935,-7.527186,0.2919449,38.66279
L,-0.2111355,0.7553923,-0.08837938,0.5148284,0.6611739,-0.009927275,-0.07010808,43.80371,0.2823584,38.6762
L,-0.2045578,0.7614923,-0.0885084,0.4721535,0.4378594,-0.009261834,-3.063246,-16.02973,0.04776593,38.69013
L,-0.2006226,0.7758242,-0.08436229,0.2914096,1.061313,0.3070279,-13.38445,46.16795,23.42188,38.70364
L,-0.1961881,0.7865245,-0.08132343,0.303999,0.7335292,0.2083209,0.8630361,-22.47031,-6.766594,38.71822
L,-0.2008078,0.8038113,-0.07291251,-0.3473963,1.29995,0.6324931,-48.98433,42.59431,31.89736,38.73152
L,-0.2027438,0.8174068,-0.06647156,-0.1431278,1.005072,0.4761582,15.10089,-21.79935,-11.55732,38.74505
L,-0.2029776,0.8284383,-0.06136756,-0.01623775,0.7662543,0.3545266,8.813849,-16.58838,-8.448593,38.75945
L,-0.2037095,0.8587842,-0.04981962,-0.05332607,2.210946,0.8413626,-2.70219,105.2577,35.47002,38.77317
L,-0.2033621,0.8832607,-0.04060775,0.0252714,1.780344,0.6700435,5.71694,-31.32069,-12.46123,38.78692
L,-0.2087727,0.9020768,-0.03565046,-0.3736437,1.299406,0.3423402,-27.54826,-33.21256,-22.63052,38.8014
L,-0.2120264,0.9184131,-0.03103711,-0.2434249,1.222161,0.3451375,9.742031,-5.778922,0.2092742,38.81477
L,-0.2139428,0.9332629,-0.02658484,-0.135482,1.049833,0.3147621,7.631228,-12.18306,-2.147449,38.82891
L,-0.2069543,0.9544904,-0.02314767,0.5128779,1.557855,0.2522485,47.58221,37.28297,-4.587779,38.84254
L,-0.2015618,0.9734018,-0.01953285,0.3735775,1.310126,0.2504236,-9.650312,-17.1619,-0.1264225,38.85697
L,-0.1942878,0.9888825,-0.01380226,0.5323372,1.132935,0.4193858,11.61863,-12.96749,12.36527,38.87064
L,-0.1884485,1.003725,-0.008503534,0.4287804,1.089885,0.3890841,-7.604147,-3.161099,-2.225042,38.88425
L,-0.1835539,1.01824,-0.003499601,0.3240116,0.9608822,0.3312503,-6.935484,-8.539745,-3.828484,38.89936
L,-0.1847464,1.027724,0.01624434,-0.09014337,0.7168307,1.492432,-31.30572,-18.44771,87.77303,38.91259
L,-0.1848275,1.038285,0.03218311,-0.006073661,0.7910447,1.193787,6.296677,5.5585,-22.36801,38.92594
L,-0.1765159,1.053446,0.0533222,0.5901506,1.076441,1.500944,42.33386,20.26404,21.80913,38.94003
L,-0.169706,1.068182,0.07085351,0.4945107,1.070135,1.273055,-6.944994,-0.4578861,-16.54839,38.9538
L,-0.165568,1.075086,0.1046106,0.2989929,0.4988199,2.439147,-14.12729,-41.28082,84.25692,38.96764
L,-0.1616806,1.083573,0.132618,0.2778262,0.606572,2.001622,-1.512739,7.700808,-31.26895,38.98163
L,-0.157922,1.09321,0.1562499,0.2657198,0.6812719,1.670704,-0.8558817,5.281048,-23.39493,38.99577
L,-0.1478468,1.091553,0.1907398,0.7134372,-0.1173099,2.442283,31.70352,-56.54874,54.63667,39.0099
L,-0.139449,1.093508,0.2204537,0.6311449,0.1468965,2.233177,-6.184754,19.85669,-15.7156,39.0232
L,-0.1343159,1.083128,0.2600343,0.3557931,-0.7194854,2.743469,-19.08563,-60.05204,35.37021,39.03763
L,-0.1293815,1.078328,0.2945022,0.3670611,-0.3570516,2.564005,0.8382121,26.96079,-13.34999,39.05107
L,-0.1245335,1.076866,0.3251,0.3479942,-0.1049425,2.196342,-1.36864,18.09663,-26.39126,39.065
L,-0.1293449,1.055191,0.3433475,-0.1716953,-0.7734779,0.6511675,-18.54526,-23.85687,-55.13995,39.09303
L,-0.1491247,1.019704,0.326814,-1.498599,-2.688629,-1.252649,-100.5317,-145.0998,-144.241,39.10622
L,-0.154702,1.009126,0.3285019,-0.3953657,-0.7498732,0.1196529,78.20605,137.4346,97.27978,39.12033
L,-0.1613568,1.009001,0.3080749,-0.4707263,-0.008786428,-1.444906,-5.330631,52.42079,-110.6691,39.13447
L,-0.1661491,1.008257,0.2976003,-0.3449427,-0.05355917,-0.7539406,9.053658,-3.222654,49.73431,39.14836
L,-0.1698038,1.00716,0.292538,-0.2493635,-0.07489589,-0.3454093,6.521474,-1.455828,27.87455,39.16302
L,-0.1514048,1.018567,0.2670333,1.361711,0.8442793,-1.887605,119.2359,68.02831,-114.1382,39.17653
L,-0.1435719,1.022681,0.2615163,0.55317,0.2905021,-0.3896106,-57.0997,-39.10813,105.7894,39.19069
L,-0.1448788,1.022684,0.2609138,-0.09581017,0.0002184704,-0.04417252,-47.57446,-21.27967,25.32285,39.20433
L,-0.1289603,1.030134,0.2571138,1.197747,0.5605805,-0.2859209,97.33012,42.1629,-18.18969,39.21762
L,-0.11777,1.035606,0.254437,0.8184891,0.4002511,-0.1957833,-27.73998,-11.72695,6.592919,39.23129
L,-0.1160803,1.038236,0.218402,0.1256226,0.1954942,-2.679063,-51.51185,-15.22286,-184.6219,39.24474
L,-0.1140454,1.040448,0.1954558,0.1387034,0.1507735,-1.564013,0.8915868,-3.048168,76.00195,39.25941
L,-0.1197285,1.03094,0.1679688,-0.4281048,-0.7162177,-2.07056,-42.69694,-65.30935,-38.15755,39.27269
L,-0.122998,1.024482,0.1474104,-0.2220379,-0.4385687,-1.396184,13.99461,18.85597,45.79891,39.28741
L,-0.1280759,1.014013,0.1141369,-0.3501149,-0.7218569,-2.29417,-8.830772,-19.53243,-61.91525,39.30192
L,-0.1313147,1.006351,0.08898904,-0.2393029,-0.5661288,-1.858053,8.187338,11.50597,32.22255,39.31545
L,-0.1334195,1.000357,0.06741937,-0.01963509,-0.05591081,-0.2012228,2.049274,4.759807,15.45651,39.42265
L,-0.1559712,0.9143788,-0.0101092,-1.135575,-4.329377,-3.903889,-56.19228,-215.187,-186.4448,39.4425
L,-0.1701054,0.8800752,-0.08420222,-0.5896243,-1.431015,-3.090872,22.77495,120.9083,33.91593,39.46648
L,-0.1765909,0.861976,-0.1039235,-0.4632525,-1.292801,-1.408666,9.026599,9.872522,120.1581,39.48048
L,-0.179426,0.8510246,-0.1180435,-0.1967207,-0.7598886,-0.9797486,18.49383,36.97715,29.76129,39.49489
L,-0.1761318,0.8355899,-0.1163839,0.2753732,-1.290208,0.1387285,39.4632,-44.33041,93.49555,39.50685
L,-0.1743845,0.8216576,-0.1191134,0.1223374,-0.9755025,-0.1911079,-10.71512,22.0348,-23.09419,39.52113
L,-0.1755777,0.8051497,-0.1055348,-0.08345076,-1.154603,0.9497143,-14.39331,-12.52673,79.79181,39.53543
L,-0.1768923,0.7902284,-0.0983868,-0.0899794,-1.021284,0.4892471,-0.4468521,9.125057,-31.51663,39.55004
L,-0.1782667,0.7761907,-0.09563387,-0.1020104,-1.041876,0.2043217,-0.8929387,-1.528375,-21.14708,39.56351
L,-0.1911781,0.7899101,-0.08441517,-0.9247662,0.9826375,0.803529,-58.9291,145.0038,42.91765,39.57748
L,-0.2007355,0.7966989,-0.0777217,-0.7207739,0.511984,0.5047907,15.38417,-35.49453,-22.52947,39.59074
L,-0.2078472,0.7858744,-0.06553225,-0.5110441,-0.7778449,0.8759295,15.07111,-92.68665,26.6699,39.60465
L,-0.213908,0.7757863,-0.05734662,-0.4333892,-0.7213712,0.5853283,5.552861,4.038253,-20.77997,39.61864
L,-0.2193179,0.7661365,-0.05187833,-0.3749773,-0.6688632,0.3790274,4.048736,3.639522,-14.29946,39.63306
L,-0.2247512,0.7514667,-0.06459752,-0.4097539,-1.106327,-0.9592232,-2.622696,-32.99154,-100.9247,39.64632
L,-0.2298095,0.7385838,-0.07362585,-0.3498691,-0.8910744,-0.6244651,4.142072,14.88846,23.1543,39.66078
L,-0.2342174,0.7433723,-0.09055524,-0.3220468,0.3498511,-1.236884,2.032735,90.66364,-44.74412,39.67447
L,-0.2385982,0.7441857,-0.1030147,-0.3193587,0.059302,-0.908277,0.1959556,-21.18067,23.95504,39.68819
L,-0.2408108,0.7621207,-0.1100723,-0.1607561,1.303089,-0.5127787,11.52349,90.36903,28.73545,39.70195
L,-0.2435953,0.7736977,-0.116424,-0.1980318,0.8233434,-0.4517288,-2.65101,-34.11898,4.3418,39.71601
L,-0.2467366,0.7808269,-0.122275,-0.2153423,0.4887225,-0.401098,-1.186669,-22.93903,3.470854,39.7306
L,-0.250784,0.7833855,-0.1220996,-0.3142819,0.1986726,0.01361749,-7.682592,-22.52217,32.20236,39.74348
L,-0.2547796,0.7847124,-0.1233118,-0.2739033,0.09095924,-0.08310077,2.768044,-7.384,-6.63026,39.75806
L,-0.2575246,0.7844825,-0.1231926,-0.2021331,-0.01692416,0.00878193,5.28487,-7.944097,6.765871,39.77164
L,-0.282261,0.7825848,-0.10962,-0.144395,-0.01107751,0.07922821,0.3370375,0.03412898,0.41122,39.94296
L,-0.2738956,0.781241,-0.1149975,0.3102639,-0.04984172,-0.199447,16.86278,-1.43772,-10.33574,39.96992
L,-0.2878338,0.7769387,-0.1098459,-0.4008157,-0.1237196,0.1481408,-20.44814,-2.124468,9.995398,40.00469
L,-0.2924192,0.7750127,-0.1073513,-0.1127179,-0.04734387,0.06132399,7.082063,1.87748,-2.134143,40.04537
L,-0.2917311,0.7754503,-0.1038819,0.03240517,0.02061063,0.1634011,6.834915,3.200479,4.807562,40.0666
L,-0.2887805,0.7775414,-0.09933469,0.1869242,0.1324689,0.2880647,9.788841,7.086266,7.897492,40.08239
L,-0.2868616,0.7788033,-0.09831851,0.0730513,0.04804131,0.03868526,-4.335041,-3.214084,-9.493657,40.10866
L,-0.2855861,0.7794838,-0.09817715,0.04844271,0.02584396,0.005368971,-0.9346558,-0.843075,-1.265382,40.13499
L,-0.2849187,0.7800677,-0.09823377,0.04400819,0.03849661,-0.003733338,-0.2923748,0.8342093,-0.6001297,40.15015
L,-0.2847421,0.7804381,-0.09839799,0.007205645,0.01511665,-0.006700946,-1.501801,-0.9540651,-0.1210991,40.17466
L,-0.2845639,0.7808108,-0.09855088,0.0132604,0.02774081,-0.01137992,0.450658,0.9396214,-0.3482581,40.1881
L,-0.2843688,0.7812122,-0.09870311,0.01429744,0.02940277,-0.01115323,0.07597952,0.1217648,0.01660873,40.20174
L,-0.2837827,0.7817202,-0.09812972,0.04372021,0.03789752,0.04277477,2.194935,0.6337068,4.023023,40.21515
L,-0.2829504,0.7831833,-0.09567033,0.0592257,0.1041158,0.1750035,1.103331,4.711922,9.409058,40.2292
L,-0.2820911,0.784704,-0.09311018,0.06111172,0.1081457,0.1820751,0.1341314,0.2866028,0.502926,40.24326
L,-0.2815282,0.7882157,-0.08910046,0.04067108,0.2537426,0.2897258,-1.476954,10.52022,7.77838,40.2571
L,-0.2810574,0.7910757,-0.0858145,0.03370341,0.2047336,0.2352252,-0.4987808,-3.508307,-3.901421,40.27107
L,-0.2806749,0.793309,-0.08322744,0.02847281,0.166223,0.1925558,-0.3893153,-2.866358,-3.175897,40.28451
L,-0.2787861,0.8001515,-0.07860266,0.1176646,0.426264,0.2881082,5.556346,16.19966,5.952588,40.30056
L,-0.2773315,0.8055044,-0.07485691,0.06168109,0.2269896,0.1588359,-2.373949,-8.450108,-5.481714,40.32414
L,-0.2735465,0.8260734,-0.0657112,0.2737932,1.487867,0.6615602,15.34324,91.20628,36.36483,40.33797
L,-0.2718818,0.8356413,-0.06136855,0.1166799,0.6706342,0.3043846,-11.01238,-57.28149,-25.03514,40.35223
L,-0.2669484,0.8492672,-0.05451197,0.3209077,0.8863407,0.446008,13.28463,14.03131,9.212336,40.36761
L,-0.2630573,0.8605754,-0.04874372,0.2758311,0.8016157,0.4088998,-3.195389,-6.005991,-2.630529,40.38171
L,-0.2617797,0.868984,-0.04168416,0.09287689,0.6112729,0.5132066,-13.30015,-13.83728,7.582755,40.39547
L,-0.260446,0.8767194,-0.03557678,0.09728236,0.5642129,0.4454679,0.3213325,-3.432522,-4.940815,40.40918
L,-0.2576106,0.8895023,-0.02421109,0.1105404,0.4983594,0.4431065,0.5168807,-2.567386,-0.09206179,40.43483
L,-0.2467471,0.9147744,-0.00477019,0.6912147,1.607995,1.23697,36.94667,70.60296,50.51128,40.45055
L,-0.2375968,0.9330279,0.007333485,0.3444427,0.6871096,0.4556154,-13.05345,-34.66463,-29.41231,40.47711
L,-0.2239105,0.9584295,0.0416528,1.040543,1.931233,2.609223,52.92302,94.58801,163.7341,40.49026
L,-0.2169776,0.973212,0.06041402,0.4851581,1.034474,1.312905,-38.86569,-62.75491,-90.716,40.50455
L,-0.2113936,0.9852237,0.07424095,0.4028135,0.8664824,0.9974266,-5.940052,-12.11834,-22.75747,40.51842
L,-0.2057534,0.9980095,0.1089843,0.200562,0.4546553,1.235453,-7.191945,-14.64433,8.464079,40.54654
L,-0.188719,1.026539,0.1756699,1.205574,2.019105,4.719556,71.12792,110.7212,246.5812,40.56067
L,-0.179768,1.043422,0.2169198,0.6673677,1.258772,3.075483,-40.12727,-56.68848,-122.5779,40.57408
L,-0.1725546,1.05708,0.2445423,0.5284901,1.000672,2.023781,-10.17494,-18.90982,-77.05347,40.58773
L,-0.1656175,1.058946,0.2801382,0.4841701,0.1301917,2.484358,-3.09324,-60.75381,32.14523,40.60206
L,-0.1588844,1.063518,0.3122834,0.4556065,0.3094347,2.175186,-1.932829,12.12893,-20.9209,40.61684
L,-0.1649205,1.054015,0.327609,-0.438071,-0.6897148,1.112265,-64.85941,-72.51414,-77.14246,40.63062
L,-0.1676869,1.050032,0.3445821,-0.2018961,-0.2907155,1.238697,17.23603,29.11896,9.227006,40.64432
L,-0.1757759,1.040803,0.330453,-0.6068897,-0.6924012,-1.060061,-30.38542,-30.13724,-172.4686,40.65765
L,-0.1805623,1.036044,0.3259108,-0.3338783,-0.3319834,-0.316847,19.04425,25.14139,51.84379,40.67198
L,-0.1831776,1.0341,0.3271185,-0.1902346,-0.1413967,0.08784293,10.44821,13.8627,29.43591,40.68573
L,-0.1833691,1.032472,0.3110644,-0.01362628,-0.1158133,-1.14237,12.56699,1.820449,-87.53883,40.69978
L,-0.1831325,1.032233,0.3034056,0.01707184,-0.01721588,-0.5524732,2.214455,7.112473,42.55311,40.71365
L,-0.1697308,1.031399,0.2704474,0.9398544,-0.05855404,-2.311346,64.71426,-2.899024,-123.3489,40.72791
L,-0.1593253,1.031486,0.2508798,0.7297268,0.006136303,-1.372266,-14.73614,4.5367,65.85719,40.74216
L,-0.1510514,1.032155,0.2371389,0.5575776,0.04505945,-0.9259831,-11.601,2.623,30.07467,40.757
L,-0.1420261,1.025759,0.2002869,0.618059,-0.4380143,-2.523652,4.141809,-33.08121,-109.4094,40.77161
L,-0.1343442,1.021625,0.1758639,0.3056706,-0.1644752,-0.971819,-12.43029,10.88443,61.74919,40.79674
L,-0.1525953,0.9884758,0.127397,-1.356125,-2.463116,-3.601277,-123.4778,-170.7979,-195.3789,40.8102
L,-0.1578813,0.9632332,0.1117057,-0.3729029,-1.780729,-1.106936,69.36111,48.13882,175.9624,40.82437
L,-0.1610092,0.9449238,0.09692477,-0.1774031,-1.038451,-0.8383259,11.08808,42.09946,15.23466,40.842
L,-0.1629844,0.9298277,0.08324663,-0.07828624,-0.5983284,-0.5421289,3.928468,17.44412,11.73968,40.86723
L,-0.1689494,0.9025741,0.03602078,-0.4392391,-2.006847,-3.477521,-26.57911,-103.7176,-216.1504,40.88081
L,-0.1700858,0.8900282,0.01622502,-0.07096013,-0.7834274,-1.236146,22.99717,76.3964,139.9626,40.89683
L,-0.170865,0.878557,-0.00268107,-0.03093355,-0.4553443,-0.7504719,1.588844,13.02317,19.27869,40.92202
L,-0.1667021,0.8633959,-0.03429769,0.2775434,-1.010781,-2.107861,20.56597,-37.03061,-90.49627,40.93702
L,-0.1651548,0.8546944,-0.04956854,0.05826159,-0.3276447,-0.5750016,-8.25674,25.7225,57.71759,40.96358
L,-0.1653582,0.8525642,-0.07942317,-0.01481337,-0.1551128,-2.173948,-5.321156,12.56339,-116.4317,40.97731
L,-0.1652998,0.8484327,-0.09444755,0.003987715,-0.2823375,-1.026734,1.284826,-8.694263,78.39816,40.99194
L,-0.1727991,0.8430046,-0.09536313,-0.5623223,-0.4070232,-0.06865324,-42.46418,-9.349426,71.84069,41.00528
L,-0.178135,0.8371135,-0.1003587,-0.3864037,-0.4266057,-0.361756,12.73923,-1.418074,-21.22517,41.01909
L,-0.1783835,0.8330655,-0.09946326,-0.01725226,-0.2810265,0.06216379,25.62786,10.10665,29.43009,41.03349
L,-0.1788232,0.8282552,-0.1023005,-0.03223421,-0.3526243,-0.2079898,-1.098274,-5.248578,-19.80401,41.04713
L,-0.1796334,0.8256105,-0.09857651,-0.05501943,-0.1796146,0.2529089,-1.547412,11.7496,31.30099,41.06186
L,-0.1804982,0.8220115,-0.09771052,-0.0641184,-0.2668093,0.0642007,-0.6745589,-6.464238,-13.99003,41.07535
L,-0.1814293,0.8175703,-0.09909879,-0.07312107,-0.348782,-0.1090251,-0.707009,-6.437587,-13.60398,41.08808
L,-0.1824409,0.8139985,-0.09844429,-0.06866382,-0.2424505,0.04442576,0.3025483,7.217548,10.4159,41.10281
L,-0.1834653,0.8097886,-0.09959535,-0.07568745,-0.3110467,-0.08504626,-0.5189406,-5.068234,-9.566041,41.11635
L,-0.1906728,0.8083416,-0.09632041,-0.4972132,-0.09981908,0.2259231,-29.07907,14.57159,21.4523,41.13084
L,-0.1965404,0.8058345,-0.09526365,-0.3927886,-0.1678331,0.07074143,6.990368,-4.552979,-10.38814,41.14578
L,-0.1992794,0.8082708,-0.09861535,-0.1876644,0.1669253,-0.2296469,14.05439,22.93646,-20.58154,41.16038
L,-0.2020616,0.8093737,-0.1024636,-0.203839,0.08080631,-0.2819465,-1.185043,-6.309552,-3.831763,41.17403
L,-0.2048587,0.8093951,-0.1066561,-0.2204577,0.001691221,-0.3304352,-1.309826,-6.235582,-3.821708,41.18671
L,-0.2126548,0.813109,-0.1074141,-0.6010869,0.2863465,-0.05844726,-29.34696,21.94726,20.97059,41.19968
L,-0.2188802,0.8151145,-0.1090669,-0.4051512,0.1305161,-0.1075586,12.75157,-10.14151,-3.196188,41.21505
L,-0.2238139,0.8189471,-0.1051373,-0.1891424,0.1469294,0.1506463,8.280993,0.6292261,9.898634,41.24113
L,-0.2278799,0.8216225,-0.1030185,-0.2912205,0.1916197,0.1517573,-7.311252,3.200902,0.07957543,41.2551
L,-0.2279214,0.8217557,-0.1030829,-0.003130397,0.01005235,-0.004865384,21.73895,-13.70086,-11.81856,41.26835
L,-0.2280809,0.8217829,-0.1032259,-0.01101217,0.001880101,-0.009871046,-0.5440124,-0.5640618,-0.3454988,41.28284
L,-0.2268973,0.8220873,-0.1035727,0.08491337,0.02183395,-0.02487428,6.881856,1.431522,-1.076357,41.29678
L,-0.2249196,0.8226109,-0.1044605,0.1389199,0.03678071,-0.06236131,3.793542,1.049894,-2.633173,41.31101
L,-0.2232597,0.8230684,-0.1055602,0.1127267,0.03106784,-0.0746878,-1.778861,-0.387978,-0.8371281,41.32574
L,-0.2218788,0.8263761,-0.1072747,0.1024324,0.245362,-0.1271775,-0.7636061,15.89585,-3.893566,41.33922
L,-0.2209598,0.8292111,-0.1090151,0.06871925,0.211967,-0.1301313,-2.520736,-2.496949,-0.2208535,41.35259
L,-0.2213231,0.8318276,-0.109734,-0.02635368,0.1897914,-0.05213936,-6.896181,-1.608519,5.657198,41.36638
L,-0.2217772,0.8339498,-0.1105272,-0.03224561,0.1506848,-0.0563248,-0.4183462,-2.776701,-0.2971802,41.38046
L,-0.2316793,0.8388242,-0.1128629,-0.7080638,0.3485492,-0.1670194,-48.32561,14.14865,-7.915415,41.39445
L,-0.2390626,0.8425976,-0.1148821,-0.5133952,0.2623839,-0.1403976,13.53612,-5.991431,1.851125,41.40883
L,-0.2449589,0.8456395,-0.1166994,-0.42888,0.2212559,-0.1321866,6.147382,-2.991529,0.5972433,41.42258
L,-0.252078,0.844542,-0.1179052,-0.49189,-0.07582697,-0.08331257,-4.353632,-20.52675,3.376917,41.43705
L,-0.2580065,0.844142,-0.1191643,-0.4260211,-0.02874863,-0.0904798,4.733313,3.383033,-0.5150344,41.45097
L,-0.2636177,0.844733,-0.1214811,-0.4136473,0.04357073,-0.1707952,0.9121841,5.331295,-5.920752,41.46453
L,-0.268668,0.8454741,-0.1235474,-0.3415651,0.05012416,-0.1397512,4.875107,0.4432258,2.099582,41.47932
L,-0.2732388,0.8462815,-0.1254015,-0.2913956,0.05146902,-0.1181954,3.198352,0.08573634,1.374205,41.495
L,-0.2778262,0.8466232,-0.1309249,-0.3499845,0.02607501,-0.4214032,-4.469946,-1.937394,-23.13274,41.50811
L,-0.2822388,0.8471444,-0.1353412,-0.1697087,0.02004475,-0.1698491,6.933426,-0.2319246,9.674794,41.53411
L,-0.2851266,0.8266561,-0.142565,-0.2088895,-1.482034,-0.5225396,-2.834167,-108.6537,-25.51206,41.54794
L,-0.2850193,0.8117242,-0.1426956,0.007864933,-1.094606,-0.009572279,15.88951,28.40095,37.60384,41.56158
L,-0.2857794,0.8008599,-0.1432723,-0.0522205,-0.7463312,-0.03961629,-4.12763,23.92512,-2.063904,41.57613
L,-0.2871778,0.7921799,-0.1442815,-0.1054553,-0.6546048,-0.07610894,-4.014722,6.917587,-2.752108,41.58939
L,-0.2853741,0.8126998,-0.1416839,0.129613,1.474549,0.1866584,16.89192,153.0003,18.88236,41.60331
L,-0.2846445,0.8285164,-0.1400919,0.05009576,1.085966,0.1093085,-5.459653,-26.68014,-5.310843,41.61787
L,-0.2814814,0.8179806,-0.1389644,0.2363682,-0.787312,0.08425385,13.91967,-139.9854,-1.872271,41.63126
L,-0.2779319,0.8039858,-0.1378394,0.2632928,-1.038099,0.08345381,1.997201,-18.60278,-0.05934482,41.64474
L,-0.2757146,0.7936745,-0.1372635,0.1545056,-0.7185133,0.0401268,-7.580517,22.26938,-3.019116,41.65909
L,-0.2694913,0.8059309,-0.1324672,0.4371358,0.8609157,0.3369046,19.85257,110.9426,20.84634,41.67332
L,-0.2647678,0.8146716,-0.128861,0.3017178,0.5583158,0.2303488,-8.649852,-19.32864,-6.806279,41.68898
L,-0.2615183,0.8156272,-0.12385,0.2508351,0.07376325,0.3868033,-3.927741,-37.40358,12.07703,41.70193
L,-0.2591302,0.8159789,-0.1202643,0.1797907,0.02647544,0.2699542,-5.34861,-3.560085,-8.797041,41.71522
L,-0.258398,0.8170953,-0.1197934,0.04774565,0.07280395,0.03070682,-8.610652,3.02108,-15.60131,41.73055
L,-0.2578002,0.8177446,-0.1193655,0.02386095,0.025914,0.01707765,-0.953293,-1.871486,-0.5439714,41.75561
L,-0.258076,0.8222954,-0.1188191,-0.0194305,0.320514,0.03848475,-3.049058,20.74896,1.507722,41.76981
L,-0.2580227,0.8246076,-0.1183328,0.003818828,0.1654271,0.03478951,1.663393,-11.09582,-0.2643792,41.78378
L,-0.2582808,0.8240378,-0.1186423,-0.01782304,-0.03934652,-0.02137067,-1.494543,-14.14125,-3.878307,41.79826
L,-0.2590391,0.8221722,-0.1195612,-0.05467676,-0.1345056,-0.06624725,-2.657036,-6.86067,-3.235458,41.81213
L,-0.2599064,0.8198776,-0.1206094,-0.06104617,-0.1615241,-0.07378764,-0.4483631,-1.901912,-0.5307916,41.82634
L,-0.2745348,0.8143935,-0.1228254,-0.1149643,-0.04309897,-0.01741558,-0.4237414,0.9307,0.4430266,41.95358
L,-0.2681371,0.8246817,-0.1167517,0.2088044,0.3357799,0.1982295,10.56699,12.36564,7.038107,41.98422
L,-0.2666963,0.8411145,-0.109338,0.06397279,0.7296324,0.329178,-6.430682,17.48748,5.814253,42.00674
L,-0.2659113,0.8541408,-0.1012528,0.05093789,0.8452429,0.5246248,-0.8457972,7.501628,12.68198,42.02216
L,-0.267247,0.8577045,-0.09731032,-0.05336002,0.1423656,0.1574968,-4.166576,-28.0791,-14.66632,42.04719
L,-0.2774372,0.8664055,-0.0827655,-0.754608,0.6443238,1.077073,-51.9288,37.171,68.09643,42.06069
L,-0.2846867,0.8729202,-0.06953032,-0.1239341,0.1113732,0.2262633,10.78175,-9.111114,-14.5451,42.11919
L,-0.2704969,0.9022457,-0.05823068,0.5661744,1.170091,0.4508576,27.53544,42.24301,8.961349,42.14425
L,-0.2602797,0.9260021,-0.0385497,0.6971304,1.620925,1.342855,8.935275,30.76089,60.86201,42.15891
L,-0.2539602,0.9408801,-0.02079395,0.4030718,0.948947,1.132497,-18.75564,-42.8601,-13.41707,42.17458
L,-0.2492847,0.9521417,-0.008536721,0.1862133,0.448522,0.4881737,-8.636909,-19.93063,-25.66173,42.19969
L,-0.1698712,1.05015,0.1356564,5.747586,7.093383,10.43605,402.507,480.925,719.9824,42.21351
L,-0.125694,1.112472,0.2561218,3.185035,4.493219,8.685166,-184.7517,-187.4636,-126.2332,42.22738
L,-0.1190347,1.083623,0.268865,0.4052254,-1.755462,0.7754287,-169.1529,-380.2354,-481.3116,42.24381
L,-0.1134172,1.065804,0.2780012,0.3958543,-1.255712,0.6438214,-0.6603662,35.21677,-9.27421,42.258
L,-0.1126004,1.033996,0.2473846,0.03260125,-1.269507,-1.221979,-14.49827,-0.5505909,-74.46841,42.28306
L,-0.1048489,0.9802232,0.2205411,0.5488951,-3.807743,-1.90083,36.55952,-179.7362,-48.07037,42.29718
L,-0.09800126,0.9621583,0.2145373,0.4609841,-1.216134,-0.4041715,-5.918165,174.4671,100.755,42.31203
L,-0.09210244,0.9450365,0.2114076,0.4290621,-1.245387,-0.2276496,-2.321912,-2.127792,12.83966,42.32578
L,-0.08068941,0.9202907,0.1536385,0.8692206,-1.884646,-4.399711,33.52264,-48.68623,-317.7457,42.33891
L,-0.07078242,0.9007844,0.1229289,0.5345938,-1.052587,-1.657135,-18.0569,44.89899,147.993,42.35744
L,-0.07227568,0.883616,0.1093902,-0.06070832,-0.6979805,-0.5504147,-24.20206,14.41657,44.9938,42.38204
L,-0.0820222,0.8515138,-0.02855376,-0.6780765,-2.233388,-9.596917,-42.951,-106.82,-629.3753,42.39642
L,-0.08862547,0.8367502,-0.03132693,-0.475813,-1.063823,-0.1998267,14.57453,84.27557,677.1277,42.41029
L,-0.0923766,0.8229004,-0.07864507,-0.2622229,-0.9681708,-3.307778,14.93103,6.686563,-217.2615,42.4246
L,-0.06429151,0.8500482,-0.1192351,2.08683,2.017188,-3.015992,174.5437,221.8237,21.68082,42.43806
L,-0.04264982,0.867363,-0.1546701,0.7881687,0.6305875,-1.290508,-47.29597,-50.49862,62.8404,42.46552
L,-0.04299625,0.8710194,-0.1430567,-0.01295115,0.136692,0.4341681,-29.94991,-18.46431,64.47712,42.49226
L,-0.03582474,0.8841875,-0.1575366,0.5070032,0.9309433,-1.023687,36.75914,56.15108,-103.0658,42.50641
L,-0.03129521,0.8878879,-0.1690965,0.3166372,0.2586792,-0.8080979,-13.30754,-46.99467,15.07078,42.52071
L,-0.02823085,0.8864617,-0.1703345,0.2216618,-0.1031664,-0.08954626,-6.870103,-26.1743,51.97682,42.53454
L,-0.02477747,0.8852954,-0.1754821,0.256745,-0.08670856,-0.382705,2.608295,1.223574,-21.79518,42.54799
L,-0.0210648,0.8843237,-0.1830378,0.2840791,-0.07434873,-0.5781296,2.091499,0.9457253,-14.95312,42.56106
L,-0.0210648,0.8843237,-0.1830378,0,0,0,-20.09434,5.259059,40.89401,42.5752
L,-0.0210648,0.8843237,-0.1830378,0,0,0,0,0,0,42.59257
L,-0.0210648,0.8843237,-0.1830378,0,0,0,0,0,0,42.61792
L,-0.0210648,0.8843237,-0.1830378,0,0,0,0,0,0,42.63295
L,-0.0210648,0.8843237,-0.1830378,0,0,0,0,0,0,42.65923
L,-0.01009741,1.06617,-0.0235562,0.7889776,13.08179,11.47287,56.75788,941.0845,825.3413,42.67313
L,-0.01009741,1.06617,-0.0235562,0,0,0,-58.65733,-972.5786,-852.9619,42.68658
L,-0.01972172,1.08117,0.01833062,-0.6818795,1.062686,2.96767,-48.31097,75.29101,210.2587,42.70069
L,-0.02666905,1.092474,0.05068097,-0.5072981,0.8254875,2.362242,12.74804,-17.32037,-44.20879,42.71439
L,-0.03201887,1.101137,0.07546027,-0.3706191,0.6001173,1.716635,9.468702,-15.61296,-44.72567,42.72882
L,0.01030343,1.099778,0.1282029,2.950674,-0.09478059,3.677169,231.5577,-48.44769,136.6868,42.74316
L,0.04206676,1.099632,0.170779,2.387204,-0.01095721,3.19985,-42.34818,6.299827,-35.87337,42.75647
L,0.0376334,1.06602,0.1937405,-0.3095838,-2.347155,1.603414,-188.3182,-163.138,-111.4801,42.77079
L,0.03507571,1.045011,0.214399,-0.1696565,-1.393543,1.370318,9.281659,63.25496,-15.46171,42.78587
L,0.02909851,1.012214,0.1974202,-0.2321314,-1.273699,-0.6593906,-2.426284,4.654273,-78.82606,42.81161
L,0.02320805,0.9521098,0.156603,-0.4282171,-4.369393,-2.967268,-14.25477,-225.0465,-167.7749,42.82537
L,0.02153982,0.930999,0.142329,-0.1189002,-1.504639,-1.017362,22.0461,204.1811,138.9767,42.8394
L,0.02079635,0.9094366,0.1309827,-0.05410758,-1.569254,-0.8257554,4.715435,-4.702509,13.94458,42.85314
L,0.01456597,0.8896928,0.09382589,-0.4295783,-1.361315,-2.561922,-25.88832,14.3372,-119.7069,42.86765
L,0.01024686,0.8716459,0.0703342,-0.2787368,-1.164674,-1.516052,9.734661,12.69034,67.4959,42.88314
L,0.007098641,0.8546149,0.05204773,-0.2240195,-1.211879,-1.301218,3.893547,-3.358976,15.28704,42.89719
L,-0.0009035578,0.8410398,0.03993676,-0.5925786,-1.005261,-0.8968416,-27.29253,15.30045,29.9449,42.9107
L,-0.0009035578,0.8410398,0.03993676,0,0,0,22.7306,38.56061,34.40176,42.93677
L,-0.0009035578,0.8410398,0.03993676,0,0,0,0,0,0,42.95153
L,-0.03561354,0.8574479,0.001165241,-2.484711,1.174567,-2.775456,-177.8679,84.08131,-198.6808,42.9655
L,-0.03561354,0.8574479,0.001165241,0,0,0,183.6864,-86.83186,205.1803,42.97903
L,-0.0356124,0.8574472,0.001158333,7.712366E-05,-4.450414E-05,-0.0004689292,0.005234983,-0.003020843,-0.03182987,42.99376
L,-0.02663693,0.8520825,-0.06424209,0.6772786,-0.4048152,-4.93504,51.10083,-30.54353,-372.357,43.00701
L,-0.01997582,0.8481907,-0.0973878,0.4821009,-0.2816685,-2.398937,-14.12608,8.912807,183.5517,43.02083
L,-0.01978544,0.8524483,-0.09502588,0.01413043,0.3159948,0.1753007,-34.73263,44.35839,191.0591,43.0343
L,-0.0193154,0.8553806,-0.09762339,0.03512438,0.2191241,-0.1941049,1.568824,-7.238903,-27.60475,43.04768
L,-0.01860855,0.8574201,-0.1017549,0.05060018,0.1460012,-0.2957539,1.107834,-5.234503,-7.276537,43.06165
L,-0.02832169,0.866304,-0.1061267,-0.7132334,0.6523372,-0.3210205,-56.08806,37.1801,-1.855316,43.07527
L,-0.03493286,0.872933,-0.1112729,-0.4724856,0.4737638,-0.3677887,17.20572,-12.76225,-3.342423,43.08926
L,-0.04070862,0.8732787,-0.1195819,-0.3912357,0.02341731,-0.5628265,5.503664,-30.50533,-13.21137,43.10403
L,-0.04503652,0.8739054,-0.1274197,-0.3103206,0.0449347,-0.5619941,5.801803,1.542848,0.05968784,43.11797
L,-0.04847358,0.8747674,-0.1350006,-0.2486217,0.0623491,-0.54837,4.46303,1.25968,0.9855046,43.1318
L,-0.04888194,0.8722268,-0.1315787,-0.03113666,-0.1937127,0.2609177,16.58301,-19.52445,61.70737,43.14491
L,-0.04949379,0.8702057,-0.1296841,-0.04297817,-0.141969,0.1330836,-0.8317739,3.634598,-8.979354,43.15915
L,-0.05464728,0.8588458,-0.1244461,-0.3683086,-0.8118653,0.3743445,-23.25066,-47.87603,17.2424,43.17314
L,-0.05876603,0.8509769,-0.1220862,-0.2954855,-0.5645311,0.1693088,5.22445,17.74416,-14.7096,43.18708
L,-0.06173698,0.8454499,-0.1212686,-0.1756469,-0.3267648,0.04833434,7.08502,14.05707,-7.152171,43.20399
L,-0.06444635,0.8411161,-0.1216967,-0.2050361,-0.3279626,-0.03239458,-2.224078,-0.0906489,-6.109296,43.21721
L,-0.06686665,0.8377097,-0.1228402,-0.1942642,-0.2734136,-0.09178073,0.8646052,4.378354,-4.766602,43.22967
L,-0.06580512,0.8348219,-0.1220449,0.08401976,-0.2285722,0.06294641,22.02611,3.549181,12.24662,43.2423
L,-0.06544238,0.8322867,-0.1219926,0.02534378,-0.1771305,0.003655342,-4.099562,3.594119,-4.142537,43.25661
L,-0.04097818,0.8222842,-0.1057519,1.723964,-0.7048597,1.14446,119.6997,-37.18845,80.39114,43.27081
L,-0.02290136,0.8145267,-0.09413982,1.348529,-0.5787119,0.8662604,-28.00741,9.410612,-20.75365,43.28421
L,-0.02290136,0.8145267,-0.09413982,0,0,0,-93.61989,40.17634,-60.13903,43.29861
L,-0.02290136,0.8145267,-0.09413982,0,0,0,0,0,0,43.31267
L,-0.02290136,0.8145267,-0.09413982,0,0,0,0,0,0,43.32623
L,-0.02290136,0.8145267,-0.09413982,0,0,0,0,0,0,43.34054
L,-0.02290136,0.8145267,-0.09413982,0,0,0,0,0,0,43.35484
L,-0.02290136,0.8145267,-0.09413982,0,0,0,0,0,0,43.36804
L,-0.02290136,0.8145267,-0.09413982,0,0,0,0,0,0,43.38232
L,-0.02290136,0.8145267,-0.09413982,0,0,0,0,0,0,43.39675
L,-0.02290136,0.8145267,-0.09413982,0,0,0,0,0,0,43.40977
L,-0.02290136,0.8145267,-0.09413982,0,0,0,0,0,0,43.42359
L,-0.02290136,0.8145267,-0.09413982,0,0,0,0,0,0,43.43797
L,-0.02290136,0.8145267,-0.09413982,0,0,0,0,0,0,43.45155
L,-0.02290136,0.8145267,-0.09413982,0,0,0,0,0,0,43.46548
L,-0.02290136,0.8145267,-0.09413982,0,0,0,0,0,0,43.47978
L,-0.02290136,0.8145267,-0.09413982,0,0,0,0,0,0,43.49377
L,-0.02290136,0.8145267,-0.09413982,0,0,0,0,0,0,43.50734
L,-0.02290136,0.8145267,-0.09413982,0,0,0,0,0,0,43.52183
L,-0.02290136,0.8145267,-0.09413982,0,0,0,0,0,0,43.5353
L,-0.1614417,0.8660817,-0.1446658,-9.736599,3.623282,-3.550963,-684.2871,254.6439,-249.5613,43.54953
L,-0.1614417,0.8660817,-0.1446658,0,0,0,680.2748,-253.1508,248.098,43.56384
L,-0.1811828,0.8634729,-0.1324685,-1.559678,-0.2061106,0.96367,-123.2249,-16.28411,76.13632,43.5765
L,-0.1949557,0.8615782,-0.1234123,-0.9622858,-0.1323794,0.6327354,41.73849,5.151438,-23.12167,43.59081
L,-0.1995622,0.8548266,-0.1158681,-0.3496105,-0.5124222,0.5725778,46.49946,-28.84364,-4.565712,43.60399
L,-0.2038804,0.8498312,-0.1098489,-0.3028326,-0.350321,0.4221195,3.28051,11.36807,-10.55156,43.61825
L,-0.2079109,0.8459092,-0.1047838,-0.2875836,-0.2798381,0.3613994,1.088036,5.029038,-4.332452,43.63226
L,-0.2264422,0.8328653,-0.1082231,-1.365336,-0.9610429,-0.2533996,-79.40597,-50.18936,-45.29675,43.64584
L,-0.240325,0.8231491,-0.1098694,-0.9767271,-0.6835874,-0.115822,27.34074,19.52047,9.679318,43.66005
L,-0.2410906,0.8200673,-0.126592,-0.05498609,-0.2213313,-1.201019,66.19969,33.19936,-77.93913,43.67397
L,-0.2433299,0.8168356,-0.1377415,-0.1622497,-0.2341547,-0.8078445,-7.771841,-0.9291261,28.48764,43.68777
L,-0.2464011,0.8135434,-0.1457999,-0.2131036,-0.228436,-0.5591511,-3.528598,0.3968059,17.25608,43.70219
L,-0.249909,0.8103632,-0.1483864,-0.2567209,-0.2327436,-0.1892906,-3.192074,-0.3152438,27.06775,43.71585
L,-0.2537581,0.8071173,-0.150759,-0.2752329,-0.232099,-0.1696523,-1.323735,0.04609077,1.404276,43.72984
L,-0.2504099,0.8085579,-0.1510434,0.2516351,0.1082641,-0.02137798,39.59727,25.58031,11.1437,43.74314
L,-0.2491256,0.8106412,-0.1517155,0.08896939,0.1443248,-0.04656015,-11.26898,2.498178,-1.744544,43.75758
L,-0.2485931,0.8121176,-0.1525992,0.03888841,0.1078125,-0.06452494,-3.656944,-2.66615,-1.3118,43.77127
L,-0.2486571,0.8129467,-0.1535107,-0.004669665,0.06050337,-0.06652805,-3.178866,-3.452618,-0.1461869,43.78497
L,-0.2490897,0.8133724,-0.1544371,-0.0289647,0.02849687,-0.06201322,-1.626353,-2.142572,0.3022311,43.79991
L,-0.2469723,0.8219146,-0.1591475,0.1603345,0.6468217,-0.3566738,14.33381,46.8198,-22.31182,43.81312
L,-0.2403404,0.8434687,-0.16678,0.4958709,1.611599,-0.5706813,25.08809,72.13649,-16.00136,43.82649
L,-0.235964,0.8596202,-0.1727624,0.3059323,1.129071,-0.418201,-13.27767,-33.73115,10.65914,43.8408
L,-0.2361999,0.860316,-0.1670264,-0.01675498,0.04940581,0.4072795,-22.91184,-76.65973,58.6118,43.85488
L,-0.2365506,0.8612551,-0.163736,-0.02605495,0.06978104,0.2444883,-0.6910241,1.513958,-12.09601,43.86834
L,-0.2368805,0.8623355,-0.1620218,-0.02324849,0.07613407,0.1207945,0.1977683,0.4476909,-8.716556,43.88253
L,-0.2385635,0.8623387,-0.1586054,-0.1220763,0.0002291436,0.2478145,-7.168541,-5.505816,9.213484,43.89632
L,-0.2401731,0.8627994,-0.1556904,-0.09469237,0.02710531,0.1714858,1.610979,1.58111,-4.490376,43.91331
L,-0.2457015,0.859131,-0.1494895,-0.4442767,-0.2948057,0.4983247,-28.09363,-25.86972,26.26575,43.92576
L,-0.2499564,0.8569129,-0.144854,-0.341104,-0.1778192,0.3716074,8.270974,9.378383,-10.15846,43.93823
L,-0.2534274,0.8556074,-0.1412727,-0.2590816,-0.09744269,0.267319,6.122351,5.999492,-7.784338,43.95163
L,-0.2533998,0.8542132,-0.1390572,0.001989692,-0.100629,0.1599067,18.84313,-0.2299724,-7.752608,43.96548
L,-0.2537119,0.8533512,-0.137266,-0.02224375,-0.06143794,0.1276679,-1.727203,2.793282,-2.297776,43.97952
L,-0.2545974,0.8527154,-0.1369302,-0.06260113,-0.04494505,0.02373563,-2.853141,1.165996,-7.347686,43.99366
L,-0.2555303,0.8522174,-0.1364773,-0.05655932,-0.03019484,0.02745938,0.3662871,0.8942364,0.2257537,44.01015
L,-0.2565474,0.8506858,-0.1362763,-0.04039536,-0.06083097,0.007984138,0.6420129,-1.21683,-0.7735331,44.03533
L,-0.2583754,0.8492877,-0.1365486,-0.1319435,-0.1009086,-0.01965493,-6.607597,-2.892651,-1.994884,44.04919
L,-0.2592161,0.8494184,-0.1372209,-0.06296652,0.009785715,-0.05035491,5.166257,8.290813,-2.299376,44.06254
L,-0.260167,0.849557,-0.1377988,-0.06671783,0.009727985,-0.04054721,-0.2632186,-0.004050735,0.688177,44.07679
L,-0.2599453,0.8494216,-0.1378579,0.01592038,-0.009730308,-0.004250856,5.935099,-1.3975,2.606814,44.09071
L,-0.2597363,0.8492759,-0.1378944,0.01550998,-0.01080744,-0.002708496,-0.03045952,-0.07994431,0.1144735,44.10419
L,-0.2595474,0.8491225,-0.1379133,0.01331275,-0.01081149,-0.001328335,-0.154836,-0.0002856183,0.09725828,44.11838
L,-0.2592675,0.8490207,-0.138693,0.01858734,-0.006759752,-0.05177265,0.3502282,0.2690323,-3.349462,44.13344
L,-0.2589515,0.848886,-0.1397261,0.02442097,-0.01041052,-0.07983974,0.4508409,-0.2821428,-2.169109,44.14638
L,-0.2546225,0.8495486,-0.1427741,0.3136617,0.04801081,-0.2208435,20.95708,4.232947,-10.2165,44.16018
L,-0.2507487,0.8501651,-0.1454805,0.2828669,0.04501654,-0.1976247,-2.248657,-0.2186439,1.69545,44.17387
L,-0.2478278,0.8506509,-0.147524,0.2094363,0.03483144,-0.1465239,-5.265149,-0.730296,3.66405,44.18782
L,-0.2466764,0.8499409,-0.1502739,0.08407251,-0.05184541,-0.2007987,-9.154143,-6.329197,-3.963176,44.20152
L,-0.2456845,0.8494311,-0.1524601,0.0716275,-0.0368156,-0.1578792,-0.8987286,1.085392,3.099469,44.21536
L,-0.2453566,0.8492401,-0.1515522,0.02260059,-0.01316049,0.0625688,-3.378578,1.630138,15.19167,44.22987
L,-0.2448062,0.8489679,-0.1502673,0.0423858,-0.02096339,0.09894954,1.52367,-0.6009059,2.801702,44.24286
L,-0.2470127,0.8469434,-0.149068,-0.1535059,-0.1408489,0.08343389,-13.6284,-8.340571,-1.079441,44.25723
L,-0.2495882,0.844496,-0.1477498,-0.1873396,-0.178014,0.09588413,-2.460961,-2.703276,0.9055926,44.27098
L,-0.251763,0.842343,-0.1466991,-0.1522697,-0.1507454,0.07356771,2.455493,1.909271,-1.562531,44.28526
L,-0.2520231,0.8418928,-0.1471367,-0.01492892,-0.02583529,-0.02511271,7.881579,7.168219,-5.662977,44.30269
L,-0.252199,0.8415693,-0.1474315,-0.007046054,-0.01296035,-0.01181008,0.3157772,0.5157534,0.5328857,44.32765
L,-0.2608667,0.8454475,-0.1243583,-0.3180532,0.1423069,0.846654,-11.41219,5.697422,31.50073,44.3549
L,-0.2649038,0.8536746,-0.1049265,-0.3021978,0.6158445,1.454579,1.18686,35.4469,45.50653,44.36826
L,-0.2666788,0.8569429,-0.09660843,-0.1271367,0.234089,0.595773,12.53859,-27.34287,-61.51115,44.38223
L,-0.2648487,0.8578118,-0.09446112,0.1352911,0.06423611,0.1587435,19.40041,-12.55666,-32.30815,44.39575
L,-0.2639768,0.8586621,-0.09222671,0.06228074,0.0607374,0.1596017,-5.215047,-0.2499093,0.06130471,44.40975
L,-0.2721604,0.8501747,-0.0835596,-0.5227312,-0.5421349,0.5536138,-37.36778,-38.50862,25.16762,44.42541
L,-0.2783535,0.8443265,-0.07597398,-0.4943595,-0.4668325,0.6055187,2.264764,6.010983,4.143285,44.43793
L,-0.2833579,0.8400611,-0.06918439,-0.3636039,-0.3099103,0.4933064,9.500221,11.4014,-8.15293,44.4517
L,-0.2936045,0.8549852,-0.05706813,-0.7469628,1.087954,0.8832608,-27.94639,101.9026,28.4272,44.46542
L,-0.3016786,0.8660049,-0.04666241,-0.5735963,0.7828549,0.7392401,12.31626,-21.67475,-10.23148,44.47949
L,-0.3073162,0.8606246,-0.06236139,-0.4068975,-0.388332,-1.133093,12.03169,-84.53184,-135.1379,44.49335
L,-0.3124824,0.8569924,-0.07202351,-0.3666207,-0.2577575,-0.6856706,2.858233,9.266194,31.75122,44.50744
L,-0.3173425,0.8545706,-0.07815861,-0.3432238,-0.1710289,-0.4332649,1.652302,6.124833,17.82507,44.5216
L,-0.3185945,0.8633876,-0.07438914,-0.09173028,0.6459833,0.2761718,18.42581,59.85881,51.97724,44.53525
L,-0.3207572,0.8707149,-0.07095461,-0.1654786,0.5606575,0.2627974,-5.642931,-6.528792,-1.023358,44.54832
L,-0.3194465,0.8707379,-0.07101236,0.09013477,0.001582175,-0.003971832,17.57805,-38.44655,-18.34521,44.56286
L,-0.319098,0.8708041,-0.07094423,0.02357053,0.004478683,0.004607682,-4.501914,0.1958984,0.580255,44.57764
L,-0.3186136,0.8717757,-0.07056924,0.03306478,0.06632487,0.02559967,0.6481407,4.222033,1.433053,44.59229
L,-0.3184158,0.8730638,-0.06996904,0.01458582,0.09495834,0.0442463,-1.362246,2.110825,1.374607,44.60586
L,-0.3185684,0.8745708,-0.06917657,-0.01183425,0.1168133,0.06142526,-2.04786,1.69401,1.331568,44.61876
L,-0.3183123,0.8743335,-0.06927319,0.01782603,-0.01652118,-0.006725471,2.064595,-9.281155,-4.743841,44.63313
L,-0.3181208,0.874112,-0.06934121,0.01489939,-0.01723387,-0.005290824,-0.227656,-0.05543832,0.1115977,44.64598
L,-0.3163019,0.8761416,-0.07058766,0.1320101,0.1473041,-0.09046289,8.499408,11.94149,-6.181436,44.65976
L,-0.3144057,0.8787985,-0.07193843,0.1323424,0.1854366,-0.09427416,0.02319622,2.661397,-0.266002,44.67409
L,-0.3130154,0.8813191,-0.07298435,0.10669,0.193428,-0.08026452,-1.968565,0.6132561,1.075101,44.68712
L,-0.3131738,0.8812125,-0.07354385,-0.01100626,-0.007410691,-0.03888334,-8.179581,-13.95776,2.875882,44.70151
L,-0.3133137,0.8812178,-0.07383565,-0.00978647,0.0003710312,-0.02040932,0.08531523,0.5442721,1.292117,44.71581
L,-0.3158404,0.8840825,-0.07762025,-0.1770047,0.2006865,-0.2651286,-11.71439,14.033,-17.14369,44.73008
L,-0.3184803,0.8871879,-0.08130445,-0.2018806,0.2374745,-0.281736,-1.902299,2.813231,-1.269989,44.74316
L,-0.3206988,0.8898844,-0.08418196,-0.1597721,0.1941964,-0.2072314,3.032558,-3.11678,5.365643,44.75704
L,-0.3223286,0.8883743,-0.08443508,-0.1150934,-0.1066474,-0.01787488,3.155241,-21.24579,13.37249,44.7712
L,-0.3238177,0.887354,-0.08475477,-0.1098985,-0.07529649,-0.02359421,0.3833926,2.313751,-0.4220969,44.78475
L,-0.3220853,0.8887891,-0.08737254,0.1179566,0.09771104,-0.1782422,15.5145,11.77997,-10.52988,44.79944
L,-0.320156,0.8907987,-0.09073665,0.1275214,0.1328322,-0.2223603,0.6322161,2.321432,-2.91611,44.81457
L,-0.3194317,0.8901731,-0.09171097,0.05259695,-0.04542504,-0.07075128,-5.44072,-12.94434,11.00925,44.82834
L,-0.3189715,0.8898259,-0.09255844,0.03546397,-0.02675356,-0.06530281,-1.320196,1.438746,0.4198363,44.84132
L,-0.318636,0.8896407,-0.09338344,0.02379261,-0.01313498,-0.05851395,-0.8278077,0.9659174,0.4815093,44.85542
L,-0.3192253,0.8894071,-0.09555528,-0.04186568,-0.01659892,-0.154291,-4.66448,-0.2460842,-6.804171,44.86949
L,-0.3198865,0.8892909,-0.09792361,-0.04926894,-0.008660816,-0.1764763,-0.551654,0.591508,-1.653138,44.88291
L,-0.3207581,0.8889718,-0.1010868,-0.06073274,-0.02223302,-0.2204207,-0.7988214,-0.9457395,-3.062135,44.89726
L,-0.3215644,0.8888084,-0.1039659,-0.06162309,-0.01248633,-0.2200403,-0.06804647,0.7449083,0.02907024,44.91035
L,-0.3222863,0.8887656,-0.106512,-0.05666402,-0.003363585,-0.1998304,0.3892186,0.7160102,1.5862,44.92309
L,-0.3226599,0.8883612,-0.108487,-0.02590732,-0.02804233,-0.1369688,2.132985,-1.711477,4.359467,44.93751
L,-0.3230351,0.8880894,-0.1103273,-0.02607204,-0.01888918,-0.1278971,-0.01144755,0.6361192,0.6304638,44.9519
L,-0.3238374,0.8877638,-0.1112621,-0.06057613,-0.02458507,-0.07057746,-2.605138,-0.4300529,4.327763,44.96514
L,-0.3245882,0.8875123,-0.1122564,-0.05464412,-0.0183058,-0.07236485,0.4317155,0.4569887,-0.1300818,44.97888
L,-0.3253417,0.8873035,-0.1133596,-0.0555153,-0.01538347,-0.08127811,-0.06418607,0.2153099,-0.6567051,44.99245
L,-0.3259355,0.8882977,-0.1142677,-0.04189022,0.0701359,-0.06406155,0.9611766,6.032936,1.214536,45.00663
L,-0.3266004,0.8893316,-0.1153617,-0.04793858,0.07454535,-0.07887112,-0.4360674,0.3179071,-1.067722,45.0205
L,-0.3258649,0.8918561,-0.1187465,0.05248452,0.1801255,-0.2415086,7.1653,7.533265,-11.60437,45.03452
L,-0.3252796,0.8942097,-0.1220704,0.04264088,0.1714798,-0.2421734,-0.7171907,-0.6299127,-0.04843294,45.04824
L,-0.3254504,0.8970972,-0.1234125,-0.01168409,0.1975307,-0.09181471,-3.716327,1.782116,10.28591,45.06286
L,-0.3256342,0.8994623,-0.1247318,-0.01330627,0.1711718,-0.09548527,-0.117406,-1.907733,-0.2656584,45.07668
L,-0.3258219,0.9014755,-0.1260369,-0.01330111,0.1427123,-0.09251358,0.0003658808,-2.017442,0.210657,45.09078
L,-0.3257447,0.902959,-0.1286598,0.005729904,0.1101673,-0.1947825,1.413277,-2.416846,-7.594666,45.10425
L,-0.3257199,0.9044065,-0.1311387,0.001768226,0.1032287,-0.176778,-0.2825164,-0.494808,1.283939,45.11827
L,-0.3251227,0.9046797,-0.1325909,0.04133118,0.01890014,-0.1004942,2.737906,-5.835857,5.279132,45.13272
L,-0.3246525,0.9050509,-0.1339992,0.03548233,0.02801166,-0.1062693,-0.4413469,0.6875441,-0.4357881,45.14597
L,-0.3242483,0.9055242,-0.1354675,0.0281811,0.0329995,-0.1023676,-0.5090356,0.3477482,0.2720225,45.16032
L,-0.3240513,0.9048906,-0.1354096,0.01378137,-0.04433896,0.004051196,-1.007689,-5.412123,7.44716,45.17461
L,-0.3238126,0.9041706,-0.1354377,0.01867122,-0.05630501,-0.00220251,0.3824123,-0.9358076,-0.4890727,45.18739
L,-0.3227763,0.9031322,-0.1363602,0.07092852,-0.07107539,-0.0631405,3.576746,-1.010958,-4.170896,45.202
L,-0.3216724,0.9021372,-0.1375128,0.0792374,-0.07142062,-0.08273185,0.5964192,-0.02478094,-1.406285,45.21593
L,-0.3209843,0.9018576,-0.1382886,0.04977666,-0.02022972,-0.05611785,-2.131058,3.702922,1.925138,45.22976
L,-0.320386,0.9016766,-0.1390691,0.0440056,-0.01331019,-0.05740894,-0.4244811,0.5089545,-0.09496386,45.24335
L,-0.3198177,0.9015552,-0.1398995,0.03945147,-0.008424921,-0.05764926,-0.3161644,0.3391533,-0.0166838,45.25776
L,-0.3200093,0.9010454,-0.1406077,-0.01389778,-0.03698291,-0.05136708,-3.869725,-2.071474,0.4556823,45.27155
L,-0.3201917,0.9005539,-0.1414205,-0.01340788,-0.03612679,-0.05975598,0.03601321,0.06293543,-0.6166858,45.28515
L,-0.318873,0.9023036,-0.1454836,0.09460737,0.125526,-0.2914892,7.749192,11.59724,-16.62493,45.29909
L,-0.3175249,0.9041019,-0.1496672,0.09520011,0.1269952,-0.295448,0.04186012,0.1037598,-0.2795747,45.31325
L,-0.3163955,0.9056149,-0.1532189,0.08330842,0.1115996,-0.2619737,-0.8771345,-1.135584,2.469073,45.32681
L,-0.3147537,0.9035068,-0.1545251,0.1161335,-0.1491205,-0.09239767,2.32188,-18.44205,11.99497,45.34094
L,-0.3133103,0.9018611,-0.1558921,0.0983794,-0.1121701,-0.09317411,-1.21012,2.518545,-0.05292227,45.35561
L,-0.3136581,0.9027042,-0.1569038,-0.02598747,0.06300332,-0.07560175,-9.293624,13.09027,1.313139,45.369
L,-0.3139371,0.9035718,-0.158077,-0.02165436,0.06732904,-0.09104523,0.3362639,0.3356906,-1.198465,45.38188
L,-0.3141773,0.9034224,-0.1580015,-0.01671618,-0.0103973,0.005258813,0.3437374,-5.410381,6.703539,45.39625
L,-0.3144117,0.9032658,-0.1579645,-0.01710098,-0.01142529,0.002696552,-0.02806748,-0.07498072,-0.1868896,45.40996
L,-0.3147134,0.9030622,-0.1579752,-0.02145364,-0.01448047,-0.0007587833,-0.3095559,-0.2172804,-0.2457394,45.42402
L,-0.3146209,0.9030294,-0.1581144,0.006406498,-0.002271076,-0.009645877,1.930066,0.8458294,-0.6156709,45.43845
L,-0.3145064,0.9030049,-0.1582984,0.008178645,-0.001745572,-0.01314607,0.1265825,0.03753611,-0.2500152,45.45245
L,-0.3143803,0.9054633,-0.1600873,0.009841237,0.1919111,-0.139649,0.1297911,15.11791,-9.875518,45.46526
L,-0.3141695,0.9086738,-0.1625279,0.01472388,0.2241942,-0.1704265,0.3409576,2.254348,-2.149213,45.47958
L,-0.3139354,0.9115709,-0.1648225,0.01722082,0.2130901,-0.1687765,0.1836583,-0.8167427,0.1213645,45.49318
L,-0.3141694,0.9107915,-0.1646089,-0.01670794,-0.05564066,0.01524629,-2.422174,-19.18468,13.13738,45.50719
L,-0.3150708,0.9077011,-0.1638754,-0.06484332,-0.2223218,0.05276868,-3.462788,-11.9908,2.699305,45.52109
L,-0.3156266,0.9078971,-0.1641759,-0.03942395,0.01390439,-0.02131105,1.802904,16.75467,-5.254209,45.53519
L,-0.3161002,0.9081297,-0.1645082,-0.02898945,0.01423838,-0.02034771,0.6388004,0.02044698,0.0589753,45.55152
L,-0.3159741,0.9081483,-0.1647405,0.01012847,0.001494482,-0.01866186,3.143632,-1.024138,0.1354798,45.56396
L,-0.3155383,0.9082907,-0.1655869,0.03225138,0.01054313,-0.06264668,1.63732,0.6696916,-3.255323,45.57748
L,-0.3151424,0.9084693,-0.1663834,0.02838869,0.01280429,-0.05711181,-0.2769637,0.1621312,0.3968634,45.59142
L,-0.3157624,0.9080436,-0.1671592,-0.04752147,-0.03262975,-0.05946181,-5.818536,-3.482533,-0.1801278,45.60447
L,-0.315833,0.9079992,-0.1672567,-0.00499671,-0.003142717,-0.006901323,3.009614,2.086892,3.719874,45.6186
L,-0.3164831,0.9075767,-0.168131,-0.0481712,-0.03130741,-0.06477772,-3.198963,-2.08683,-4.288285,45.6321
L,-0.3176955,0.8983544,-0.1761711,-0.09070215,-0.6899481,-0.6015068,-3.181859,-49.27475,-40.15419,45.64546
L,-0.3185513,0.891851,-0.1820426,-0.06043743,-0.4592706,-0.4146497,2.137315,16.2906,13.19598,45.65962
L,-0.3150014,0.8919099,-0.1836161,0.255239,0.004234092,-0.1131334,22.69684,33.32556,21.67874,45.67353
L,-0.3127216,0.8917063,-0.1849471,0.1698808,-0.01517197,-0.09917411,-6.360476,-1.446044,1.040177,45.68695
L,-0.3107923,0.8979896,-0.1835336,0.1220991,0.3976679,0.0894552,-3.024068,26.12832,11.9382,45.70275
L,-0.3086403,0.9045442,-0.1823992,0.1561829,0.4757017,0.0823319,2.473666,5.663364,-0.5169801,45.71653
L,-0.3093333,0.9060633,-0.1842299,-0.04888279,0.1071633,-0.1291428,-14.46629,-25.99842,-14.91841,45.73071
L,-0.3097479,0.9071625,-0.1857374,-0.03171036,0.08406414,-0.1152845,1.313199,-1.766424,1.059761,45.74378
L,-0.3100123,0.9081413,-0.1871591,-0.02026453,0.07502285,-0.1089764,0.8773266,-0.6930178,0.4835201,45.75683
L,-0.3092188,0.9092693,-0.1885454,0.0564974,0.08031046,-0.098697,5.465149,0.3764577,0.7318516,45.77087
L,-0.308435,0.9103774,-0.1899814,0.05900434,0.08342458,-0.1081073,0.1887363,0.2344474,-0.7084605,45.78416
L,-0.3092318,0.9120802,-0.1906604,-0.05672444,0.1212274,-0.04834435,-8.239436,2.691415,4.254889,45.7982
L,-0.3099197,0.9137474,-0.1914527,-0.05039914,0.1221484,-0.05804897,0.4634261,0.06747397,-0.7110139,45.81185
L,-0.3104904,0.9153386,-0.1923225,-0.04052258,0.112985,-0.0617562,0.7012676,-0.6506292,-0.2632256,45.82594
L,-0.3107715,0.9157614,-0.1922191,-0.02046172,0.03076416,0.007521863,1.459976,-5.983814,5.041874,45.83968
L,-0.3109646,0.9161185,-0.1922124,-0.01399812,0.02589187,0.0004893615,0.4685829,-0.3532194,-0.5098252,45.85347
L,-0.3111525,0.916388,-0.1920989,-0.01401184,0.02009119,0.008460209,-0.001023085,-0.4324839,0.594286,45.86688
L,-0.3113388,0.9167014,-0.1920295,-0.0125801,0.02116338,0.004687097,0.0966827,0.07240298,-0.254791,45.88169
L,-0.3115381,0.9170832,-0.1919994,-0.01234855,0.02366282,0.001863549,0.01434947,0.1548969,-0.1749826,45.89783
L,-0.3125115,0.9163392,-0.1920833,-0.07139891,-0.05457383,-0.006150103,-4.331196,-5.738464,-0.5877815,45.91146
L,-0.3140525,0.9152124,-0.1922922,-0.1172918,-0.0857651,-0.01590175,-3.493194,-2.374159,-0.7422578,45.9246
L,-0.3147686,0.9153585,-0.1923271,-0.05057499,0.01032126,-0.00246561,4.71159,6.785685,0.9488695,45.93876
L,-0.3153563,0.9155148,-0.1923951,-0.0434959,0.01156656,-0.005034453,0.5239244,0.09216508,-0.1901205,45.95227
L,-0.3153063,0.9154625,-0.1923154,0.003896966,-0.004075683,0.006212167,3.690956,-1.218217,0.8758865,45.96511
L,-0.3152501,0.9154162,-0.1922451,0.004021328,-0.00330742,0.005027193,0.008892735,0.05493608,-0.08473378,45.9791
L,-0.3151927,0.9153773,-0.192185,0.003968058,-0.002690698,0.004151421,-0.003682615,0.04263449,-0.06054282,45.99356
L,-0.316346,0.9144648,-0.1930497,-0.08019935,-0.06345325,-0.06012309,-5.852515,-4.225076,-4.469278,46.00794
L,-0.3181805,0.913051,-0.1944655,-0.07192384,-0.05543066,-0.05551187,0.3244653,0.3145489,0.1807965,46.03345
L,-0.3174159,0.91296,-0.1948656,0.04850859,-0.005774292,-0.0253859,7.640523,3.150319,1.911264,46.04921
L,-0.3168972,0.9129087,-0.1951702,0.04008743,-0.003966134,-0.02353769,-0.6508127,0.13974,0.1428351,46.06215
L,-0.3171817,0.9130812,-0.195127,-0.01916592,0.01161838,0.002911622,-3.990984,1.049688,1.781482,46.077
L,-0.3174902,0.9132642,-0.195089,-0.01217015,0.007220038,0.001497024,0.2759402,-0.1734878,-0.05579723,46.10235
L,-0.3249222,0.916897,-0.1962876,-0.5534801,0.2705433,-0.08926225,-40.31283,19.6104,-6.759091,46.11578
L,-0.3283193,0.9186562,-0.1969165,-0.2373422,0.1229136,-0.04394219,22.08786,-10.31456,3.166413,46.13009
L,-0.3281912,0.9188786,-0.1980294,0.008920862,0.01548386,-0.07750336,17.151,-7.481952,-2.33737,46.14445
L,-0.3281902,0.9190744,-0.1988571,6.520296E-05,0.01298527,-0.05487817,-0.5871164,-0.1656528,1.500015,46.15953
L,-0.3288859,0.9193051,-0.1997179,-0.05089024,0.01687186,-0.06296212,-3.727027,0.2842765,-0.5912835,46.1732
L,-0.3296904,0.9195865,-0.2006276,-0.05720971,0.02001238,-0.06469793,-0.4494334,0.22335,-0.1234485,46.18726
L,-0.3294623,0.9197816,-0.2009421,0.01609409,0.0137739,-0.02219537,5.173977,-0.4403287,2.999944,46.20143
L,-0.3293031,0.919968,-0.2012273,0.01108985,0.01298071,-0.01986127,-0.3485205,-0.05524181,0.1625585,46.21579
L,-0.3291737,0.920185,-0.2015491,0.009491291,0.01591791,-0.02360691,-0.1172502,0.215437,-0.2747335,46.22942
L,-0.3287644,0.9199589,-0.2036025,0.02852331,-0.01575376,-0.1430828,1.326191,-2.206948,-8.325326,46.24377
L,-0.3283889,0.9197457,-0.205925,0.02891359,-0.01642369,-0.1788601,0.03005612,-0.05159228,-2.755235,46.25676
L,-0.3271995,0.9195567,-0.2066397,0.09016908,-0.01432367,-0.05417465,4.643655,0.1591985,9.452153,46.26995
L,-0.3262326,0.9194197,-0.2072929,0.07103507,-0.01006779,-0.0479917,-1.405792,0.3126831,0.4542669,46.28356
L,-0.3254167,0.9193172,-0.2079175,0.0570375,-0.0071625,-0.04366771,-0.9785013,0.2030945,0.3022687,46.29787
L,-0.3251727,0.9198472,-0.2079093,0.01688515,0.0366742,0.000570263,-2.778695,3.033666,3.061436,46.31232
L,-0.3249364,0.9203936,-0.2079318,0.0091188,0.02108248,-0.0008664585,-0.2996616,-0.6016008,-0.05543537,46.33823
L,-0.3238117,0.9206055,-0.2132203,0.04083492,0.007695637,-0.1920165,1.15155,-0.48605,-6.940283,46.36578
L,-0.321203,0.9214028,-0.213662,0.1820691,0.0556443,-0.0308288,9.857214,3.3465,11.24984,46.3801
L,-0.3198872,0.9218151,-0.213939,0.09923179,0.03109267,-0.02089215,-6.247211,-1.851572,0.7493769,46.39336
L,-0.320628,0.9225584,-0.2126144,-0.05497726,0.0551697,0.09831098,-11.44535,1.78699,8.84722,46.40684
L,-0.3218341,0.9238313,-0.2104296,-0.08536591,0.09008842,0.1546312,-2.150702,2.47131,3.985962,46.42097
L,-0.3217341,0.9231734,-0.2117316,0.007307344,-0.04806821,-0.09512503,6.77083,-10.09391,-18.24752,46.43465
L,-0.3213087,0.9208748,-0.2163961,0.02961116,-0.1600007,-0.3246928,1.552526,-7.791402,-15.97977,46.44902
L,-0.3208545,0.9187428,-0.2208267,0.03342574,-0.156908,-0.3260677,0.2807329,0.2276043,-0.1011874,46.46261
L,-0.3206766,0.9190961,-0.2204604,0.01257838,0.02497977,0.02589523,-1.473844,12.8589,24.88268,46.47675
L,-0.3205727,0.9192818,-0.2202946,0.007152231,0.01277887,0.0114122,-0.3733417,-0.8394733,-0.9964938,46.49129
L,-0.3204556,0.919464,-0.2201589,0.00924644,0.0143912,0.0107157,0.1654564,0.1273846,-0.05502796,46.50394
L,-0.3203256,0.9196439,-0.2200504,0.009155864,0.0126738,0.007647728,-0.006379338,-0.1209582,-0.2160801,46.51814
L,-0.3201581,0.9198536,-0.2199517,0.01189006,0.01488055,0.006999315,0.1940316,0.1566017,-0.04601452,46.53223
L,-0.319728,0.9205673,-0.2174301,0.03176056,0.05270246,0.1862049,1.467305,2.792898,13.23314,46.54578
L,-0.3192282,0.9213192,-0.2147854,0.03471325,0.0522241,0.1837066,0.2050955,-0.03322745,-0.1735342,46.56017
L,-0.3180709,0.9209911,-0.2133064,0.08404172,-0.02382272,0.1073992,3.582039,-5.522221,-5.541144,46.57394
L,-0.3171153,0.9207095,-0.2121928,0.0717354,-0.02114207,0.08359509,-0.9238343,0.2012354,-1.786968,46.58727
L,-0.3183514,0.9208853,-0.2097457,-0.08451723,0.01201829,0.1673126,-10.68354,2.26729,5.72406,46.60189
L,-0.3194906,0.921037,-0.2074445,-0.07946381,0.01058159,0.1605242,0.3525079,-0.1002186,-0.4735325,46.61623
L,-0.320425,0.9211507,-0.205501,-0.07002662,0.008527194,0.145648,0.7072334,-0.1539589,-1.114843,46.62957
L,-0.3213988,0.9209358,-0.2052044,-0.07138301,-0.01576045,0.02174436,-0.09943186,-1.780442,-9.082938,46.64321
L,-0.3221731,0.9207604,-0.2049389,-0.05342105,-0.01209704,0.01831415,1.23911,0.2527215,-0.2366339,46.65771
L,-0.3217661,0.9205948,-0.2052101,0.02942723,-0.01197084,-0.01960343,5.98957,0.009123965,-2.741275,46.67154
L,-0.3208623,0.9202266,-0.2057847,0.06673855,-0.0271875,-0.04243178,2.755194,-1.12365,-1.685723,46.68508
L,-0.3195632,0.9196861,-0.2065773,0.09076409,-0.03776736,-0.05537359,1.678612,-0.7391914,-0.9042162,46.69939
L,-0.3198385,0.9198744,-0.2064014,-0.01962046,0.01342017,0.01253229,-7.867496,3.648315,4.839891,46.71342
L,-0.3201382,0.9200726,-0.2062024,-0.02151218,0.01423022,0.0142837,-0.1357895,0.05814605,0.1257179,46.72736
L,-0.3191615,0.9202359,-0.2050598,0.06999641,0.01169953,0.08188282,6.557799,-0.1813572,4.84437,46.74131
L,-0.317623,0.9204691,-0.2032681,0.117242,0.01777344,0.1365393,3.600334,0.4628602,4.165081,46.75443
L,-0.3160762,0.9206827,-0.2014674,0.1115743,0.01540572,0.1298952,-0.4088497,-0.1707991,-0.4792863,46.7683
L,-0.3165614,0.9203943,-0.2021427,-0.03353895,-0.01993506,-0.04668237,-10.03179,-2.443136,-12.20695,46.78276
L,-0.318667,0.9191294,-0.2050778,-0.1528131,-0.09179904,-0.2130172,-8.656425,-5.21559,-12.07189,46.79654
L,-0.3169517,0.9188451,-0.2070883,0.1193947,-0.01979471,-0.1399498,18.94786,5.012082,5.086081,46.81091
L,-0.3188061,0.9203644,-0.2088527,-0.1237569,0.1013954,-0.1177504,-16.22728,8.087899,1.481526,46.82589
L,-0.320624,0.9218596,-0.2105444,-0.06888393,0.05665926,-0.06410474,2.079304,-1.695189,2.032796,46.85228
L,-0.3219644,0.9235716,-0.213138,-0.09826142,0.1255025,-0.1901293,-2.15356,5.046655,-9.238418,46.86592
L,-0.3218045,0.9240301,-0.2142774,0.0110089,0.03156184,-0.07843274,7.522205,-6.466905,7.689229,46.88045
L,-0.3217062,0.9244226,-0.2152169,0.006578947,0.02628784,-0.06292516,-0.2967001,-0.3532313,1.038635,46.89538
L,-0.3212969,0.9247354,-0.2152692,0.03263525,0.02493442,-0.004171181,2.077403,-0.1079051,4.684308,46.90792
L,-0.3213607,0.924902,-0.2155441,-0.004560488,0.01191268,-0.01965698,-2.659749,-0.9311434,-1.10734,46.92191
L,-0.3214485,0.925089,-0.2158574,-0.005727223,0.01219683,-0.02043008,-0.07608272,0.01852948,-0.05041346,46.93724
L,-0.3215663,0.9253179,-0.2162406,-0.008403648,0.01633097,-0.02733737,-0.1909659,0.2949759,-0.4928431,46.95126
L,-0.3217173,0.9255923,-0.2166999,-0.01098999,0.01997154,-0.03343195,-0.188227,0.264951,-0.4435471,46.965
L,-0.3213641,0.9251313,-0.2164369,0.02654189,-0.03464557,0.01976531,2.820745,-4.104802,3.998091,46.9783
L,-0.3202032,0.9236005,-0.2155825,0.04438744,-0.05853222,0.03267154,0.6823372,-0.9133227,0.4934788,47.00446
L,-0.3173116,0.9233183,-0.2183349,0.2094009,-0.02043767,-0.1993223,11.94953,2.758634,-16.79995,47.01826
L,-0.3140389,0.9230539,-0.2209402,0.223646,-0.01806895,-0.1780399,0.9734831,0.1618733,1.454399,47.0329
L,-0.3115412,0.9228694,-0.223011,0.1898972,-0.01402534,-0.1574395,-2.56585,0.3074271,1.566198,47.04605
L,-0.3095238,0.9227351,-0.2247182,0.1421623,-0.009463206,-0.1202988,-3.363824,0.3214883,2.617261,47.06024
L,-0.309935,0.9228492,-0.2247214,-0.02910283,0.008074041,-0.0002267397,-12.12098,1.241167,8.49789,47.07437
L,-0.3100389,0.9228992,-0.2247197,-0.007163171,0.00345213,0.000115071,1.512717,-0.318676,0.0235675,47.08887
L,-0.310106,0.9229493,-0.2247491,-0.004961576,0.003696947,-0.002170139,0.1627566,0.01809851,-0.168938,47.1024
L,-0.3101403,0.9229997,-0.224808,-0.002415956,0.003555716,-0.004152883,0.1792905,-0.009947058,-0.1396466,47.1166
L,-0.3101437,0.9230505,-0.2248947,-0.0002551481,0.003843027,-0.006570629,0.1637118,0.02176791,-0.1831785,47.1298
L,-0.3108976,0.9232453,-0.2244088,-0.05508161,0.01423582,0.03550572,-4.005693,0.7593111,3.074154,47.14349
L,-0.3118365,0.9227944,-0.2242112,-0.06514484,-0.03128722,0.0137122,-0.6982569,-3.158706,-1.512187,47.1579
L,-0.3128121,0.9222714,-0.2240526,-0.06820209,-0.03655833,0.01108229,-0.2137172,-0.3684773,-0.1838438,47.1722
L,-0.3136845,0.9217553,-0.2239536,-0.06471067,-0.03828435,0.007342733,0.2589853,-0.1280317,-0.2773919,47.18568
L,-0.3143293,0.921686,-0.2228608,-0.045781,-0.00492196,0.07759175,1.344068,2.368838,4.987909,47.19977
L,-0.314921,0.9216036,-0.2218139,-0.04178593,-0.005817282,0.07393672,0.2821345,-0.06322828,-0.2581208,47.21393
L,-0.3149739,0.9215454,-0.2215327,-0.003908452,-0.004298196,0.02077535,2.798578,0.1122377,-3.927829,47.22746
L,-0.3149926,0.9215047,-0.2213744,-0.001341842,-0.002909453,0.0113162,0.1834301,0.09925044,-0.6760249,47.24146
L,-0.3144448,0.9219635,-0.2209403,0.03833672,0.03210091,0.03037719,2.776695,2.450015,1.333883,47.25574
L,-0.3135096,0.9227179,-0.2202447,0.06790815,0.05478705,0.05050965,2.147361,1.647378,1.46194,47.26952
L,-0.3124376,0.9235533,-0.2194912,0.0796596,0.0620704,0.05598958,0.8731775,0.5411808,0.4071801,47.28297
L,-0.3124119,0.9235519,-0.2195546,0.001775943,-9.477189E-05,-0.00438732,-5.38416,-4.297528,-4.173903,47.29744
L,-0.3123845,0.9235452,-0.2196265,0.001970276,-0.0004802415,-0.005165812,0.01398008,-0.02773012,-0.05600354,47.31134
L,-0.312699,0.9232281,-0.2193773,-0.02311764,-0.02331043,0.01831643,-1.844264,-1.678294,1.726228,47.32494
L,-0.3135851,0.9223161,-0.2186561,-0.06284877,-0.06468987,0.05115222,-2.817986,-2.934895,2.328924,47.33904
L,-0.3146097,0.9212388,-0.2177995,-0.07354917,-0.0773292,0.061486,-0.7680846,-0.9072635,0.7417687,47.35297
L,-0.3130401,0.9204056,-0.2156052,0.1130409,-0.06000172,0.1580271,13.43776,1.247884,6.952658,47.36686
L,-0.3113576,0.9195151,-0.2132656,0.1174851,-0.06218783,0.1633809,0.3103434,-0.1526577,0.3738596,47.38118
L,-0.309988,0.9192092,-0.2130002,0.1011948,-0.02259636,0.01960391,-1.203611,2.925216,-10.62297,47.39471
L,-0.3088319,0.9189378,-0.2127531,0.08047746,-0.01889438,0.01720368,-1.442092,0.2576872,-0.1670756,47.40908
L,-0.3071862,0.9168226,-0.2104557,0.1167857,-0.1501083,0.1630336,2.576605,-9.311568,10.34879,47.42317
L,-0.305578,0.9147984,-0.2082199,0.1061355,-0.1335914,0.1475563,-0.702888,1.090082,-1.021468,47.43832
L,-0.3041719,0.9130682,-0.2062838,0.05370183,-0.06607617,0.07394331,-2.002503,2.578483,-2.811366,47.46451
L,-0.3057954,0.9047616,-0.1936238,-0.1129516,-0.5779011,0.8807661,-11.59427,-35.60823,56.13157,47.47888
L,-0.3054968,0.8992676,-0.1833897,0.02244526,-0.4129068,0.7691594,10.17588,12.40031,-8.387906,47.49219
L,-0.3051435,0.8950239,-0.1763415,0.02622009,-0.3149685,0.5231102,0.2801671,7.26895,-18.26171,47.50566
L,-0.3047528,0.8913634,-0.1703328,0.0260238,-0.2437913,0.4001901,-0.01307331,4.740518,-8.186672,47.52068
L,-0.2919248,0.8823258,-0.1508997,0.9826924,-0.6923309,1.488683,73.28607,-34.3606,83.38454,47.53373
L,-0.2822064,0.8751141,-0.1352823,0.6365899,-0.4723927,1.022992,-22.67084,14.40667,-30.50426,47.549
L,-0.2874237,0.8695336,-0.1053966,-0.3653053,-0.3907293,2.09251,-70.14979,5.717832,74.88455,47.56328
L,-0.2906973,0.8644806,-0.08109631,-0.2303136,-0.3555044,1.709653,9.497391,2.478263,-26.93605,47.57749
L,-0.2805177,0.8597886,-0.04783424,0.7641797,-0.3522292,2.496979,74.65649,0.2458678,59.10443,47.59081
L,-0.2724964,0.8553022,-0.01987842,0.6155592,-0.3442852,2.145331,-11.40515,0.6096266,-26.98544,47.60384
L,-0.2660002,0.8509435,0.004214289,0.5182403,-0.3477204,1.92202,-7.763713,-0.2740533,-17.81487,47.61638
L,-0.2541256,0.8520582,0.04120584,0.8426756,0.07910209,2.625098,23.02349,30.28938,49.89379,47.63047
L,-0.2443547,0.851794,0.07350403,0.7272568,-0.01966212,2.403968,-8.590675,-7.351063,-16.4588,47.64391
L,-0.2326659,0.879078,0.1029922,0.8299385,1.93725,2.093757,7.290734,138.9471,-22.02602,47.65799
L,-0.2227034,0.899231,0.1299425,0.7046998,1.425526,1.90633,-8.858764,-36.19682,-13.25767,47.67213
L,-0.2138947,0.9140819,0.1552916,0.6285139,1.059625,1.808685,-5.435944,-26.10745,-6.967041,47.68614
L,-0.2013641,0.9426984,0.1844919,0.9024199,2.06089,2.102937,19.72605,72.1087,21.19132,47.70003
L,-0.1903789,0.9653202,0.2119266,0.7812532,1.608841,1.951125,-8.617238,-32.14921,-10.79669,47.71409
L,-0.1901462,0.9691231,0.2445756,0.01652538,0.270018,2.318181,-54.29816,-95.06078,26.06212,47.72817
L,-0.1881459,0.9736739,0.2749869,0.1152464,0.2621909,1.752118,5.687719,-0.4509461,-32.61317,47.74553
L,-0.1849056,0.9790641,0.3037257,0.2054722,0.3417997,1.822378,5.72137,5.048128,4.455309,47.7613
L,-0.2009909,0.9699408,0.311744,-0.7328251,-0.4156429,0.3653043,-42.74748,-34.508,-66.38219,47.78325
L,-0.2299986,0.9384835,0.2882636,-1.991668,-2.159864,-1.61217,-86.43218,-119.7582,-135.7735,47.79781
L,-0.2383448,0.9300002,0.2880747,-0.5825128,-0.5920777,-0.01318099,98.34971,109.4211,111.5989,47.81214
L,-0.2316976,0.9371766,0.2820326,0.5167626,0.5579079,-0.4697185,85.45921,89.40149,-35.49186,47.825
L,-0.2259229,0.9436333,0.2798945,0.381122,0.4261235,-0.1411108,-8.95201,-8.697508,21.68744,47.84016
L,-0.2210056,0.9493559,0.2810683,0.3482028,0.4052286,0.08311808,-2.331052,-1.479599,15.87797,47.85428
L,-0.2076162,0.9502165,0.2859978,0.9744434,0.06263448,0.3587525,45.57613,-24.93309,20.05994,47.86802
L,-0.1973681,0.9512711,0.2920353,0.7296253,0.07507809,0.4298509,-17.43009,0.8859363,5.061925,47.88206
L,-0.2064249,0.9389371,0.2803645,-0.7155489,-0.9744669,-0.9220775,-114.1783,-82.92102,-106.8113,47.89472
L,-0.21232,0.9304633,0.2741075,-0.4018115,-0.5775725,-0.426478,21.38439,27.05239,33.78014,47.90939
L,-0.2161908,0.9242676,0.2711067,-0.3011012,-0.4819501,-0.2334245,7.834011,7.438228,15.01715,47.92225
L,-0.2147616,0.9316979,0.2556497,0.1008778,0.5244514,-1.090994,28.37275,71.0345,-60.52956,47.93642
L,-0.2136321,0.9367971,0.2457757,0.08015744,0.3618664,-0.7007024,-1.470417,-11.53781,27.697,47.95051
L,-0.2120342,0.9412448,0.2364106,0.1165506,0.3244079,-0.6830884,2.654493,-2.732199,1.284754,47.96422
L,-0.2107407,0.9444771,0.2297671,0.09213761,0.2302565,-0.4732464,-1.739053,-6.706856,14.94804,47.97826
L,-0.2120551,0.9492405,0.2255529,-0.08940589,0.3239978,-0.2866472,-12.34835,6.376163,12.69223,47.99296
L,-0.2128693,0.9529583,0.2221656,-0.06233229,0.284636,-0.2593344,2.072775,-3.013567,2.091089,48.00602
L,-0.2133281,0.9558108,0.2194669,-0.03228055,0.2006886,-0.1898672,2.1143,-5.906151,4.887385,48.02023
L,-0.2137564,0.9567612,0.2192174,-0.0295934,0.065667,-0.0172363,0.1856675,-9.329228,11.92782,48.03471
L,-0.2140171,0.9575967,0.2188185,-0.02071805,0.06640862,-0.03171074,0.7054635,0.05894789,-1.150512,48.04729
L,-0.2148343,0.9573191,0.2196789,-0.05793038,-0.0196728,0.06099158,-2.63791,-6.102143,6.571487,48.06139
L,-0.2161994,0.9570182,0.22095,-0.09825581,-0.02166135,0.09149441,-2.902544,-0.143132,2.195534,48.07529
L,-0.2176263,0.9568839,0.2221014,-0.1006637,-0.009473392,0.08122183,-0.1698662,0.8597953,-0.7246761,48.08946
L,-0.2180625,0.9568754,0.2212334,-0.03202687,-0.0006258754,-0.06373206,5.039983,0.6496704,-10.64392,48.10308
L,-0.2186215,0.9569691,0.2200285,-0.03911777,0.006561165,-0.08431806,-0.4962189,0.502947,-1.440603,48.11737
L,-0.2193426,0.9560845,0.2203107,-0.05219082,-0.06402281,0.02041884,-0.9461685,-5.10855,7.580384,48.13119
L,-0.220185,0.9551541,0.2205651,-0.06217558,-0.0686717,0.01877903,-0.7368931,-0.3430962,-0.1210205,48.14474
L,-0.2223164,0.9539477,0.2204003,-0.1529103,-0.08654471,-0.01182031,-6.509461,-1.28224,-2.195247,48.15868
L,-0.2243531,0.9529068,0.2201515,-0.1416918,-0.0724149,-0.01731066,0.7804891,0.9830268,-0.3819699,48.17305
L,-0.2261318,0.95209,0.2198594,-0.1333723,-0.06124857,-0.02190338,0.6238268,0.8372962,-0.3443806,48.18639
L,-0.2261231,0.9520842,0.2199929,0.0006181715,-0.0004156487,0.009497362,9.534418,4.328715,2.234396,48.20044
L,-0.2261358,0.9520901,0.2200563,-0.0008944413,0.0004184521,0.004453376,-0.1061924,0.05855772,-0.3541111,48.21468
L,-0.2261446,0.9525923,0.2196779,-0.0006566061,0.0375,-0.02826189,0.0177627,2.769432,-2.443336,48.22807
L,-0.2262232,0.9538747,0.2186752,-0.005587166,0.09115713,-0.07127211,-0.3504655,3.813963,-3.057178,48.24214
L,-0.2263786,0.9553936,0.2174525,-0.01112854,0.1087859,-0.08757364,-0.3968958,1.262641,-1.167581,48.2561
L,-0.227164,0.9558417,0.2170291,-0.05748142,0.03279418,-0.03099046,-3.392275,-5.561352,4.140966,48.26977
L,-0.2278931,0.9562541,0.2166181,-0.05213448,0.02948974,-0.02938745,0.3823426,-0.23629,0.1146261,48.28375
L,-0.2290075,0.9574141,0.2161922,-0.0732907,0.07629045,-0.02801112,-1.391364,3.077904,0.09051541,48.29896
L,-0.2301638,0.9586083,0.2157173,-0.08810978,0.09100199,-0.03618732,-1.129283,1.121088,-0.6230639,48.31208
L,-0.231275,0.9597437,0.2152318,-0.07784524,0.07954052,-0.03401423,0.7190778,-0.802928,0.1522347,48.32635
L,-0.2311423,0.9595701,0.2152684,0.009749203,-0.01275662,0.002689926,6.435638,-6.78115,2.696686,48.33997
L,-0.2310149,0.9593944,0.215296,0.009429259,-0.01300025,0.002046866,-0.02367909,-0.01803077,-0.04759298,48.35348
L,-0.2314283,0.9598845,0.215205,-0.02873455,0.03406266,-0.006326427,-2.652284,3.270748,-0.5819217,48.36787
L,-0.2324977,0.9611383,0.2149448,-0.07757051,0.09094407,-0.018873,-3.542351,4.125933,-0.9100746,48.38165
L,-0.2323146,0.9612446,0.2141597,0.01346156,0.0078125,-0.05771632,6.691955,-6.111173,-2.855452,48.39526
L,-0.2321235,0.9613873,0.2132147,0.01383041,0.01032751,-0.06839389,0.02669612,0.1820252,-0.7727939,48.40907
L,-0.2319436,0.9615798,0.2121299,0.01283346,0.01372926,-0.0773599,-0.0710952,0.2425863,-0.639387,48.4231
L,-0.231943,0.9630578,0.2096885,3.807462E-05,0.1020688,-0.1685985,-0.8836229,6.100547,-6.300753,48.43758
L,-0.2319843,0.9645197,0.2073083,-0.003020644,0.1068696,-0.173997,-0.2235987,0.3509492,-0.394638,48.45126
L,-0.2323743,0.9649959,0.2061842,-0.02920536,0.03566071,-0.08419308,-1.96119,-5.333424,6.726157,48.46461
L,-0.2327023,0.965411,0.2052393,-0.02233462,0.02826704,-0.06433441,0.4678242,-0.5034301,1.352164,48.47929
L,-0.233005,0.9658135,0.2043591,-0.02102792,0.02795443,-0.06114099,0.0907639,-0.02171467,0.2218171,48.49369
L,-0.2348408,0.967437,0.2023753,-0.1408812,0.1245883,-0.1522363,-9.197542,7.415691,-6.990655,48.50672
L,-0.2366207,0.9690555,0.2003752,-0.1288178,0.1171444,-0.144761,0.87309,-0.5387611,0.5410275,48.52054
L,-0.2392013,0.9699041,0.2017173,-0.1799171,0.05916306,0.09357235,-3.562599,-4.042407,16.6164,48.53488
L,-0.2416409,0.9707719,0.2028235,-0.1740705,0.06191736,0.07892666,0.4171586,0.1965219,-1.044986,48.5489
L,-0.2417517,0.9703408,0.2025851,-0.008378264,-0.03260693,-0.01802893,12.5318,-7.149157,-7.333043,48.56212
L,-0.2418446,0.9701026,0.202412,-0.006284669,-0.01610875,-0.01170867,0.1415953,1.115816,0.4274558,48.5769
L,-0.2419861,0.9698539,0.2021888,-0.01082775,-0.01903841,-0.01708984,-0.3478218,-0.2242969,-0.4119865,48.58997
L,-0.2430697,0.972472,0.2007217,-0.07778807,0.1879236,-0.1053115,-4.806475,14.85593,-6.332634,48.6039
L,-0.2445601,0.9759243,0.1987738,-0.1054192,0.2442028,-0.1377833,-1.954489,3.980914,-2.296894,48.61803
L,-0.245529,0.9773809,0.1982244,-0.06413747,0.09642519,-0.03636561,2.732768,-9.782579,6.713647,48.63314
L,-0.2463604,0.978597,0.1977302,-0.06677605,0.09766582,-0.03969559,-0.2119147,0.09963989,-0.2674432,48.64559
L,-0.2471358,0.9797179,0.1972488,-0.05458051,0.07890122,-0.03388494,0.8584824,-1.320899,0.4090302,48.6598
L,-0.2471799,0.9807248,0.1947031,-0.003171687,0.07235985,-0.1829299,3.69422,-0.4700601,-10.71032,48.67371
L,-0.2473295,0.9818386,0.1921712,-0.01099687,0.0818757,-0.1861318,-0.5752454,0.6995298,-0.2353828,48.68732
L,-0.2516367,0.9849223,0.1841551,-0.2972874,0.2128423,-0.5532784,-19.76023,9.039521,-25.34104,48.70181
L,-0.2549157,0.9874132,0.1781622,-0.2397082,0.1820883,-0.4380991,4.209157,-2.248178,8.419847,48.71548
L,-0.2597099,0.9875304,0.1679983,-0.3156117,0.007714402,-0.6691116,-4.996892,-11.47943,-15.20807,48.73067
L,-0.2635198,0.987914,0.1601146,-0.2958313,0.02978747,-0.6121578,1.535929,1.713958,4.422426,48.74355
L,-0.2667271,0.9884813,0.1535574,-0.2317479,0.04099194,-0.4737976,4.630401,0.8095875,9.997326,48.75739
L,-0.2721974,0.9875471,0.1416119,-0.3994473,-0.06821466,-0.87227,-12.24551,-7.974333,-29.0967,48.77109
L,-0.2766984,0.9871165,0.1320198,-0.3048853,-0.02916667,-0.6497456,6.405386,2.645012,15.07324,48.78585
L,-0.2804683,0.9890846,0.1156222,-0.2809169,0.146652,-1.221864,1.786009,13.10114,-42.6314,48.79927
L,-0.2839088,0.9907129,0.1024754,-0.245751,0.1163105,-0.9390619,2.511859,-2.167266,20.2002,48.81327
L,-0.2871417,0.992112,0.09117322,-0.2315467,0.1002049,-0.8095095,1.017371,-1.153544,9.279073,48.82723
L,-0.2933769,0.9926525,0.08436558,-0.4361097,0.03780767,-0.4761425,-14.30762,-4.364212,23.31647,48.84153
L,-0.2986534,0.9932957,0.07728451,-0.3456241,0.04212737,-0.463833,5.927101,0.282955,0.8063098,48.8568
L,-0.3026282,0.993107,0.05887636,-0.3337554,-0.01584521,-1.545672,0.9965717,-4.867766,-90.8384,48.86871
L,-0.3064446,0.9932001,0.04362964,-0.2765189,0.006750104,-1.104709,4.147101,1.637155,31.9502,48.88251
L,-0.3094826,0.9901109,0.03225824,-0.1971264,-0.2004525,-0.7378578,5.151551,-13.44478,23.8039,48.89792
L,-0.3126362,0.9880223,0.02133994,-0.2379642,-0.1576038,-0.8238823,-3.081571,3.233314,-6.491311,48.91117
L,-0.3158609,0.9865651,0.01077229,-0.2412533,-0.1090183,-0.7905952,-0.2460692,3.634819,2.490297,48.92454
L,-0.3109307,0.9857165,-0.01428573,0.2692562,-0.0463444,-1.368502,27.88062,3.422829,-31.56142,48.94285
L,-0.3081852,0.9850545,-0.03418882,0.1161211,-0.02799794,-0.8418,-6.476837,0.7759622,22.27683,48.96649
L,-0.3014913,0.976994,-0.06137358,0.4976625,-0.5992671,-2.021078,28.36607,-42.47157,-87.67463,48.97994
L,-0.2996005,0.9739466,-0.07467846,0.1288149,-0.2075997,-0.9063911,-25.12764,26.68224,75.93777,48.99462
L,-0.2970893,0.9752297,-0.09387322,0.1857453,0.09490953,-1.419806,4.211049,22.37612,-37.97645,49.00814
L,-0.2954176,0.9758275,-0.1109847,0.1203898,0.04305031,-1.232327,-4.706745,-3.734776,13.50177,49.02203
L,-0.2973521,0.9650891,-0.1095745,-0.1322664,-0.7342242,0.09641784,-17.27499,-53.14498,90.85092,49.03665
L,-0.2988046,0.9571378,-0.1124012,-0.1141384,-0.6248173,-0.2221176,1.424506,8.59723,-25.03062,49.04938
L,-0.3011886,0.9485025,-0.1111275,-0.1664745,-0.6030026,0.08893795,-3.654662,1.523333,21.72119,49.0637
L,-0.3030432,0.9415574,-0.1131367,-0.1327634,-0.4971668,-0.1438278,2.413205,7.576245,-16.66252,49.07767
L,-0.3045671,0.9356049,-0.1172388,-0.1088492,-0.4251788,-0.2930081,1.708167,5.142024,-10.65579,49.09167
L,-0.3029089,0.9300984,-0.1229333,0.1245501,-0.4136103,-0.4277282,17.53129,0.8689448,-10.11922,49.10498
L,-0.3019143,0.9250312,-0.1293451,0.06890443,-0.3510422,-0.4441909,-3.854959,4.334527,-1.140485,49.11942
L,-0.3028772,0.9242526,-0.1278463,-0.07019301,-0.05675577,0.1092642,-10.14003,21.45312,40.3462,49.13313
L,-0.3035896,0.9230905,-0.1280807,-0.05136568,-0.08378885,-0.0169013,1.35739,-1.948999,-9.09613,49.147
L,-0.3043585,0.9213189,-0.1294978,-0.05531139,-0.1274398,-0.1019452,-0.2838479,-3.140185,-6.117932,49.1609
L,-0.2956155,0.9114468,-0.1430445,0.568433,-0.6418496,-0.8807528,40.55328,-33.4448,-50.63486,49.17628
L,-0.2892619,0.9034915,-0.1541878,0.4417917,-0.5531623,-0.7748384,-8.805904,6.166802,7.364676,49.19067
L,-0.2923306,0.90849,-0.1522733,-0.120859,0.1968642,0.07540306,-22.15978,29.5395,33.48643,49.21606
L,-0.2998724,0.9089137,-0.1471437,-0.5303174,0.02979144,0.3607015,-28.79213,-11.74815,20.0615,49.23028
L,-0.3037798,0.908064,-0.1457593,-0.2996773,-0.06516512,0.1061762,17.68898,-7.282707,-19.52086,49.24332
L,-0.3064917,0.9068362,-0.1457996,-0.1889724,-0.08555539,-0.002807682,7.714147,-1.420837,-7.594223,49.25767
L,-0.3124565,0.9161595,-0.14451,-0.4084746,0.6384658,0.08830798,-15.03166,49.58145,6.239662,49.27227
L,-0.3169943,0.9224204,-0.1444115,-0.3476243,0.4796172,0.00754767,4.661464,-12.16867,-6.186684,49.28532
L,-0.3152703,0.920469,-0.1509595,0.1222113,-0.1383307,-0.4641719,33.30573,-43.80512,-33.43928,49.29943
L,-0.3139014,0.9182196,-0.1582879,0.09990735,-0.1641625,-0.5348278,-1.627744,-1.885208,-5.156463,49.31313
L,-0.313197,0.916294,-0.1646613,0.05100354,-0.139438,-0.4615364,-3.541392,1.790438,5.307435,49.32694
L,-0.3147126,0.9221361,-0.1659948,-0.1037288,0.3998572,-0.09127162,-10.59064,36.91201,25.34274,49.34155
L,-0.3161561,0.9267272,-0.1679845,-0.1065355,0.338832,-0.1468407,-0.2071396,-4.503772,-4.101097,49.3551
L,-0.3150065,0.9285687,-0.1668793,0.08118728,0.1300512,0.07805134,13.25711,-14.74424,15.88203,49.36926
L,-0.3142616,0.9299418,-0.1665205,0.05578795,0.1028393,0.02687054,-1.902366,-2.038124,-3.833354,49.38261
L,-0.3137616,0.9310775,-0.1666207,0.03451446,0.07839241,-0.006914618,-1.46833,-1.687362,-2.331905,49.3971
L,-0.3168706,0.9273357,-0.1694754,-0.2064356,-0.2484565,-0.1895471,-15.99889,-21.7025,-12.12665,49.41216
L,-0.3213029,0.9222545,-0.174024,-0.3575072,-0.4098462,-0.3668954,-12.18539,-13.01764,-14.30486,49.42456
L,-0.3211436,0.9225951,-0.1757786,0.01141745,0.02442475,-0.1258035,26.45279,31.13827,17.28687,49.43851
L,-0.3211754,0.9227862,-0.1774033,-0.002169913,0.01305205,-0.1109739,-0.9280472,-0.776781,1.01289,49.45315
L,-0.3188998,0.9264133,-0.1777559,0.1647876,0.2626554,-0.02552983,12.09031,18.07514,6.187476,49.46696
L,-0.3163921,0.9306275,-0.1786395,0.1923274,0.3232062,-0.06777424,2.112165,4.643953,-3.239941,49.48
L,-0.314438,0.9341262,-0.1798213,0.1387502,0.2484214,-0.08390926,-3.804156,-5.309962,-1.145639,49.49408
L,-0.3149943,0.9309949,-0.17744,-0.0407363,-0.2292903,0.1743737,-13.14282,-34.98024,18.91266,49.50774
L,-0.3161443,0.9247981,-0.1730702,-0.0797094,-0.4295181,0.3028862,-2.701365,-13.87851,8.907665,49.52216
L,-0.3143894,0.9255435,-0.1741305,0.1289325,0.05476633,-0.07790385,15.3291,35.58079,-27.97697,49.53577
L,-0.3119107,0.9266031,-0.1758586,0.1748604,0.07474435,-0.1219053,3.239967,1.409343,-3.104066,49.54995
L,-0.3092247,0.9277546,-0.1779047,0.1923839,0.08247524,-0.1465506,1.255103,0.5537173,-1.765194,49.56391
L,-0.3087644,0.9235102,-0.1795065,0.03451042,-0.3182611,-0.1201116,-11.83798,-30.0488,1.982498,49.57725
L,-0.3082401,0.9194623,-0.1812786,0.03531684,-0.2726426,-0.1193564,0.05431565,3.072611,0.05086556,49.59209
L,-0.3076624,0.9190238,-0.1809727,0.04153524,-0.03153284,0.02199114,0.4470977,17.33557,10.16276,49.606
L,-0.3072531,0.9187094,-0.1808788,0.03072648,-0.02359858,0.007051833,-0.8114124,0.595624,-1.121492,49.61932
L,-0.3079407,0.9183971,-0.180294,-0.0519752,-0.02360871,0.04419987,-6.251369,-0.000765509,2.807998,49.63255
L,-0.3090279,0.9178417,-0.1794391,-0.07868581,-0.04019706,0.06187772,-1.933193,-1.20059,1.279442,49.64637
L,-0.3101629,0.9171887,-0.1786141,-0.08233173,-0.04736355,0.05983675,-0.2644593,-0.5198266,-0.1480433,49.66016
L,-0.3084196,0.9169567,-0.1800333,0.123451,-0.01643115,-0.1004894,14.57178,2.190368,-11.35293,49.67428
L,-0.30468,0.9163972,-0.1831702,0.2726098,-0.04078316,-0.2286807,10.87349,-1.775232,-9.344993,49.688
L,-0.3037947,0.9148902,-0.1832589,0.05896492,-0.1003716,-0.005904035,-14.22909,-3.968685,14.83729,49.70301
L,-0.3030622,0.9136438,-0.1834155,0.05581623,-0.09497638,-0.01193677,-0.2399454,0.4111385,-0.4597228,49.71613
L,-0.30237,0.9125099,-0.1836354,0.04971104,-0.08144264,-0.01579195,-0.4384758,0.971997,-0.27688,49.73006
L,-0.3031414,0.9128049,-0.1840324,-0.05357793,0.02049384,-0.02757663,-7.174506,7.080561,-0.8185701,49.74445
L,-0.3049036,0.9134429,-0.1850306,-0.1332813,0.04825447,-0.07549566,-6.028208,2.09962,-3.62426,49.75768
L,-0.308883,0.9152178,-0.1866382,-0.2886453,0.1287441,-0.1166103,-11.26943,5.838373,-2.98228,49.77146
L,-0.3122264,0.9166629,-0.1881233,-0.2448215,0.1058135,-0.1087432,3.20898,-1.679082,0.5760639,49.78512
L,-0.3220927,0.9150203,-0.1861235,-0.6937785,-0.1154984,0.1406208,-31.56958,-15.56213,17.53468,49.79934
L,-0.3293039,0.9137809,-0.1848006,-0.5181906,-0.08906849,0.09506387,12.61768,1.899245,-3.273706,49.81326
L,-0.3349468,0.912809,-0.183926,-0.4046089,-0.06968425,0.06271155,8.144085,1.389897,-2.319739,49.8272
L,-0.3356979,0.9148473,-0.1866825,-0.0537136,0.1457481,-0.1971111,25.09141,15.40488,-18.57909,49.84119
L,-0.3367161,0.9162899,-0.1887314,-0.07430575,0.1052861,-0.1495272,-1.502814,-2.952918,3.472676,49.85489
L,-0.3367075,0.9162782,-0.1884354,0.00061088,-0.0008285985,0.02099081,5.313568,-7.526331,12.09423,49.86899
L,-0.336785,0.9162585,-0.188258,-0.005624827,-0.001431067,0.01286663,-0.4523113,-0.04370045,-0.589293,49.88277
L,-0.3369451,0.9162347,-0.1880876,-0.01063038,-0.00158308,0.01131605,-0.3323648,-0.01009357,-0.102957,49.89783
L,-0.3387359,0.9162464,-0.1874488,-0.1408876,0.000923807,0.05026073,-10.24794,0.1972285,3.06396,49.91055
L,-0.3412099,0.9162512,-0.1867075,-0.1837243,0.0003541076,0.05504714,-3.18113,-0.04230688,0.3554472,49.92401
L,-0.3407213,0.91632,-0.1866421,0.03415417,0.004808333,0.004575,15.23081,0.3113729,-3.528258,49.93832
L,-0.3400803,0.9164165,-0.1865664,0.04641963,0.006988087,0.005481699,0.8882095,0.1578479,0.06565902,49.95213
L,-0.3390732,0.9165833,-0.1864463,0.07245429,0.01200175,0.0086347,1.872895,0.3606755,0.2268222,49.96603
L,-0.3388526,0.915843,-0.1863477,0.0158847,-0.05331817,0.007103151,-4.074005,-4.704182,-0.1102984,49.97991
L,-0.3386926,0.9149366,-0.1862394,0.01162348,-0.06585193,0.007872047,-0.309605,-0.910657,0.05586517,49.99368
L,-0.3378544,0.914766,-0.1860255,0.06046841,-0.01230995,0.01542507,3.523502,3.86233,0.5448483,50.00754
L,-0.3370982,0.9145994,-0.1858214,0.05363273,-0.01181176,0.01447722,-0.48483,0.03533546,-0.06722712,50.02164
L,-0.3368761,0.9143428,-0.1847376,0.01605376,-0.01855092,0.07835446,-2.716796,-0.487212,4.618046,50.03547
L,-0.3367148,0.9140574,-0.1835469,0.01161787,-0.02055288,0.08575185,-0.3194618,-0.1441768,0.5327417,50.04935
L,-0.3366272,0.9137712,-0.1823715,0.006356849,-0.0207771,0.08530376,-0.3818235,-0.01627239,-0.03252018,50.06313
L,-0.3374671,0.9120806,-0.1810408,-0.05979469,-0.1203575,0.09474406,-4.709731,-7.089734,0.6721126,50.07718
L,-0.3383792,0.9103906,-0.1796972,-0.06572335,-0.1217788,0.09681766,-0.4272023,-0.1024156,0.1494178,50.09106
L,-0.3381777,0.9104658,-0.1793139,0.01377885,0.005143127,0.02620264,5.435844,8.678096,-4.828197,50.10568
L,-0.3380777,0.910503,-0.1790712,0.007706801,0.002863051,0.01871094,-0.4681623,-0.1757965,-0.5776193,50.11865
L,-0.338015,0.9105225,-0.1788593,0.004419235,0.001379171,0.01495223,-0.2319203,-0.1046798,-0.2651565,50.13283
L,-0.3372312,0.9102578,-0.1784241,0.05436094,-0.01836144,0.03017733,3.463471,-1.369017,1.055864,50.14725
L,-0.3362553,0.9098935,-0.1778381,0.07251585,-0.02706473,0.04354339,1.34898,-0.646688,0.9931501,50.16071
L,-0.3353056,0.9104673,-0.1773573,0.058684,0.03546013,0.02971586,-0.854771,3.863866,-0.8545037,50.17689
L,-0.3344014,0.9110188,-0.1768616,0.065047,0.03967566,0.03566007,0.4577449,0.3032594,0.4276178,50.19079
L,-0.3347973,0.9110647,-0.1767525,-0.01579024,0.001830683,0.004352033,-3.224437,-1.509561,-1.248815,50.21586
L,-0.3343707,0.9120749,-0.1766775,0.027692,0.06557625,0.004866851,2.822835,4.138315,0.0334216,50.23126
L,-0.3319118,0.9140626,-0.1769205,0.1608268,0.1300095,-0.01589302,8.707705,4.21427,-1.357803,50.24655
L,-0.3295484,0.9159527,-0.177133,0.09692413,0.07751388,-0.00871634,-2.620728,-2.152912,0.2943246,50.27094
L,-0.3323214,0.9131611,-0.1749247,-0.2027067,-0.2040705,0.1614351,-21.90363,-20.5844,12.43842,50.28461
L,-0.3348947,0.9105397,-0.1726905,-0.1748558,-0.1781161,0.1518051,1.892417,1.763556,-0.6543404,50.29933
L,-0.3344488,0.9108878,-0.1727412,0.03444498,0.02688568,-0.003916608,16.16586,15.83382,-12.02755,50.31228
L,-0.3334989,0.911625,-0.1728637,0.06844635,0.05311985,-0.008822885,2.450042,1.89036,-0.3535325,50.32616
L,-0.3335734,0.9117785,-0.172741,-0.002577692,0.005310107,0.004246641,-2.458216,-1.654745,0.4523499,50.35505
L,-0.3327994,0.9124746,-0.172508,0.05154543,0.0463629,0.01551682,3.604688,2.734183,0.7506124,50.37006
L,-0.3321573,0.9130158,-0.1722777,0.04831462,0.04072636,0.01733258,-0.2430937,-0.4241062,0.1366218,50.38335
L,-0.3315804,0.9134864,-0.1720524,0.04152509,0.03386704,0.01621276,-0.4886969,-0.4937202,-0.08060261,50.39725
L,-0.3316585,0.9133811,-0.1717273,-0.005572151,-0.007514638,0.02320985,-3.362271,-2.954237,0.4995218,50.41125
L,-0.3308257,0.9131289,-0.170337,0.06512204,-0.01972703,0.1087317,5.528656,-0.9550731,6.68826,50.42404
L,-0.3298262,0.9128302,-0.1686911,0.06826879,-0.02039636,0.1124161,0.2149303,-0.04571715,0.2516534,50.43868
L,-0.3297482,0.9128035,-0.1685735,0.005916986,-0.00202881,0.008915015,-4.726764,1.392407,-7.846211,50.45187
L,-0.3288653,0.9125457,-0.1671259,0.06486915,-0.01893568,0.1063544,4.331266,-1.242162,7.158958,50.46548
L,-0.3275899,0.9134449,-0.1674955,0.09497736,0.06696112,-0.02752686,2.242241,6.396969,-9.970506,50.47891
L,-0.326228,0.9143765,-0.1678461,0.09775893,0.0668726,-0.02515959,0.1996637,-0.006353539,0.1699247,50.49284
L,-0.3263406,0.9143038,-0.167972,-0.007351453,-0.004742748,-0.00822005,-6.86107,-4.674685,1.105727,50.50816
L,-0.3259087,0.9145029,-0.1681217,0.02979646,0.01372944,-0.01032689,2.562659,1.274309,-0.145341,50.52266
L,-0.3252314,0.914806,-0.1683169,0.05319428,0.02380729,-0.01533478,1.837506,0.7914466,-0.3932859,50.53539
L,-0.3244095,0.9151648,-0.1685168,0.05883056,0.02568183,-0.01430549,0.4034726,0.1341887,0.07368147,50.54936
L,-0.3235171,0.9155461,-0.1686999,0.06860337,0.02931635,-0.01407968,0.7512861,0.2794037,0.01735926,50.56237
L,-0.3236834,0.9153635,-0.1685352,-0.0118269,-0.01299539,0.01172087,-5.723212,-3.010795,1.835901,50.57642
L,-0.3233958,0.9155401,-0.1682618,0.02061466,0.01266326,0.0196039,2.326138,1.839787,0.5652325,50.59037
L,-0.3227823,0.9159111,-0.167719,0.0444768,0.02689868,0.03935417,1.7299,1.032005,1.431807,50.60416
L,-0.3219804,0.9163882,-0.1670455,0.0601634,0.03578903,0.05053082,1.176917,0.6670156,0.8385494,50.61749
L,-0.3216288,0.9147251,-0.1657557,0.02427264,-0.1147849,0.08901992,-2.477237,-10.39285,2.656579,50.63198
L,-0.3211549,0.9127712,-0.1642102,0.03644916,-0.1502943,0.1188804,0.9366203,-2.731392,2.296877,50.64498
L,-0.3194472,0.9125215,-0.1623629,0.1233914,-0.01804541,0.1334779,6.282081,9.555751,1.054751,50.65882
L,-0.3178619,0.9123001,-0.1606844,0.1136744,-0.01587715,0.1203533,-0.6967309,0.1554692,-0.9410644,50.67277
L,-0.3171152,0.9114316,-0.1597098,0.05333149,-0.06203593,0.06961427,-4.31023,-3.29707,-3.624233,50.68677
L,-0.3164344,0.9106969,-0.1588505,0.04960004,-0.053528,0.06260639,-0.2718668,0.6198729,-0.5105815,50.70049
L,-0.315775,0.9100378,-0.1580429,0.04700245,-0.04697696,0.05756462,-0.1851396,0.4669161,-0.3593453,50.71452
L,-0.3154078,0.9087653,-0.1569418,0.02673611,-0.09265625,0.08017687,-1.475749,-3.326264,1.646574,50.72826
L,-0.3149895,0.9075267,-0.155827,0.03110155,-0.09208824,0.08288318,0.3245529,0.04222926,0.2012035,50.74171
L,-0.3133685,0.9064754,-0.1537582,0.1156607,-0.07500765,0.1476103,6.033392,1.218719,4.618354,50.75572
L,-0.311803,0.9054649,-0.1517755,0.1136165,-0.07333627,0.1438975,-0.1483613,0.1213019,-0.2694599,50.7695
L,-0.3103855,0.9045464,-0.149989,0.1042609,-0.06756366,0.1314019,-0.6881335,0.4245948,-0.9190933,50.7831
L,-0.3089634,0.9038866,-0.1469659,0.09558494,-0.04435096,0.2032001,-0.583169,1.560274,4.826018,50.79797
L,-0.3076392,0.903244,-0.1442664,0.09242295,-0.04484491,0.1884079,-0.2206855,-0.03447453,-1.032397,50.8123
L,-0.3088078,0.9037055,-0.1433764,-0.08757237,0.03458673,0.06669883,-13.48905,5.952695,-9.121015,50.82565
L,-0.3097655,0.9040632,-0.1424629,-0.07165249,0.02675514,0.06834154,1.19101,-0.5859031,0.1228958,50.83901
L,-0.3106183,0.9043597,-0.1414326,-0.06144989,0.02136734,0.07423593,0.7351707,-0.3882296,0.4247333,50.85289
L,-0.3134035,0.8998679,-0.1329031,-0.1962723,-0.3165323,0.6010658,-9.500772,-23.81138,37.12508,50.86708
L,-0.3153435,0.8965196,-0.1262823,-0.1458826,-0.2517884,0.4978766,3.789253,4.868678,-7.759737,50.88038
L,-0.3174656,0.8918008,-0.1224356,-0.1478706,-0.3288186,0.2680459,-0.1385234,-5.367626,-16.01508,50.89473
L,-0.3190679,0.8880951,-0.11904,-0.1160949,-0.2684926,0.246029,2.302324,4.370951,-1.595248,50.90853
L,-0.3046413,0.8796187,-0.1157068,1.058745,-0.6220736,0.2446234,86.2198,-25.9488,-0.1031504,50.92216
L,-0.2937883,0.8729872,-0.1125821,0.7510684,-0.4589287,0.216239,-21.29237,11.29025,-1.964312,50.93661
L,-0.2854667,0.8674637,-0.1095885,0.6019484,-0.3995413,0.2165425,-10.78667,4.295821,0.02195433,50.95043
L,-0.2741697,0.853074,-0.09288865,0.8332667,-1.061392,1.231788,17.0621,-48.81829,74.8848,50.96399
L,-0.2649609,0.8418857,-0.07958633,0.6468528,-0.7858889,0.9343845,-13.09413,19.35196,-20.8903,50.97823
L,-0.2638464,0.8325732,-0.04998564,0.07815635,-0.6530815,2.075881,-39.88239,9.313712,80.05255,50.99249
L,-0.2619412,0.8243634,-0.0260876,0.1498936,-0.6459005,1.88017,5.6439,0.5649619,-15.39751,51.0052
L,-0.2594447,0.8168381,-0.00646696,0.1718606,-0.5180459,1.350692,1.512221,8.801557,-36.44947,51.01972
L,-0.2567797,0.8195181,0.03901431,0.1935163,0.1946156,3.302671,1.572547,51.75068,141.7451,51.03349
L,-0.2538325,0.8198439,0.07655875,0.2091462,0.02311603,2.664334,1.109173,-12.17044,-45.29945,51.04758
L,-0.2386682,0.8279067,0.1300995,1.113515,0.5920518,3.931483,66.40755,41.77678,93.04636,51.0612
L,-0.2264095,0.832737,0.1746954,0.87277,0.3438943,3.175053,-17.14013,-17.66784,-53.85484,51.07525
L,-0.2235231,0.8439562,0.1986883,0.1657153,0.6441189,1.377481,-40.59354,17.23655,-103.2025,51.09267
L,-0.2201703,0.8517964,0.221415,0.2743153,0.6414686,1.859451,8.885402,-0.2168383,39.43366,51.10489
L,-0.216386,0.8573537,0.2440706,0.2839265,0.4169469,1.69978,0.7210956,-16.84517,-11.97959,51.11822
L,-0.2263317,0.8398147,0.2518574,-0.7023726,-1.238614,0.5499099,-69.65312,-116.9168,-81.20461,51.13238
L,-0.2322447,0.8277339,0.2631868,-0.4277225,-0.8738747,0.819517,19.86696,26.38361,19.50217,51.1462
L,-0.2414855,0.8122858,0.2401797,-0.3352358,-0.5604241,-0.8346482,3.355221,11.37132,-60.00962,51.17377
L,-0.2514654,0.8086071,0.2114478,-0.3620476,-0.1334547,-1.042334,-0.9726757,15.48955,-7.534405,51.20133
L,-0.2524454,0.8303807,0.1823611,-0.03442043,0.7647123,-1.021558,11.50663,31.54463,0.7296733,51.2298
L,-0.2445982,0.8628525,0.1711316,0.2868229,1.186877,-0.4104493,11.74177,15.43055,22.33666,51.25716
L,-0.2322953,0.8932251,0.1726494,0.4586355,1.132255,0.0565823,6.404956,-2.036241,17.41034,51.28399
L,-0.2209076,0.915365,0.1744247,0.6750834,1.312489,0.1052408,12.83141,10.68462,2.884565,51.30086
L,-0.2157489,0.9264394,0.1755996,0.220535,0.4734334,0.05022895,-19.43202,-35.86978,-2.351768,51.32425
L,-0.2254138,0.9070899,0.1708783,-0.5553691,-1.111872,-0.2712969,-44.5854,-91.09563,-18.47568,51.34165
L,-0.2298093,0.8996378,0.1685085,-0.185606,-0.3146771,-0.1000681,15.61391,33.66299,7.230443,51.36533
L,-0.2415078,0.8866906,0.1639252,-0.7932446,-0.8779181,-0.3107863,-41.20249,-38.19199,-14.28829,51.38008
L,-0.2447135,0.8836873,0.1612918,-0.197917,-0.1854208,-0.1625813,36.75496,42.75412,9.150037,51.39628
L,-0.24675,0.8821523,0.1595758,-0.08249056,-0.06217408,-0.06950433,4.675269,4.992027,3.770021,51.42097
L,-0.240914,0.886842,0.1527535,0.4205307,0.3379218,-0.4915991,36.24629,28.82978,-30.41496,51.43484
L,-0.2379171,0.8895818,0.1490638,0.2082729,0.1904121,-0.2564279,-14.75135,-10.25153,16.34377,51.44923
L,-0.2379811,0.889131,0.1494887,-0.004661459,-0.03282552,0.03094401,-15.50541,-16.25567,20.92579,51.46297
L,-0.2380263,0.8888772,0.1497009,-0.003004503,-0.0168815,0.01411383,0.110188,1.060281,-1.119211,51.478
L,-0.2395489,0.8891882,0.149758,-0.1154253,0.02357757,0.004327601,-8.522392,3.067121,-0.7418743,51.4912
L,-0.2423552,0.8899297,0.1496532,-0.2101819,0.05554018,-0.007850447,-7.09711,2.393944,-0.9121149,51.50455
L,-0.2451248,0.8908337,0.149337,-0.1972954,0.06439793,-0.02252675,0.9179719,0.6309801,-1.045463,51.51859
L,-0.2514488,0.8950933,0.1287061,-0.4529468,0.3050888,-1.477668,-18.31079,17.23925,-104.2231,51.53255
L,-0.2561255,0.8984656,0.1140379,-0.3202676,0.2309382,-1.004489,9.085958,-5.077885,32.40363,51.54715
L,-0.2489736,0.8951842,0.09673599,0.5356629,-0.2457723,-1.295881,64.10773,-35.7048,-21.82478,51.5605
L,-0.2477239,0.8936472,0.1033218,0.09040317,-0.1111815,0.4763906,-32.20811,9.735697,128.1982,51.57433
L,-0.2473302,0.8931301,0.1055552,0.02921946,-0.0383768,0.1657629,-4.541037,5.403546,-23.05469,51.5878
L,-0.2361411,0.8876923,0.0506066,0.7474924,-0.3632773,-3.670861,47.98444,-21.70507,-256.3068,51.60277
L,-0.2278912,0.8838885,0.0195789,0.5339892,-0.2462076,-2.008327,-13.8194,7.57756,107.6106,51.61822
L,-0.2281401,0.8727826,0.0006306158,-0.01609714,-0.718141,-1.225254,-35.57026,-30.51666,50.63591,51.63368
L,-0.228005,0.8646146,-0.01691796,0.005614151,-0.33944,-0.7292728,0.9022645,15.73783,20.61168,51.65775
L,-0.2269453,0.8496873,-0.02294401,0.03812749,-0.5370724,-0.2168124,1.169802,-7.110642,18.43789,51.68554
L,-0.224886,0.8360711,-0.02831569,0.144571,-0.9559203,-0.3771163,7.472825,-29.40505,-11.25408,51.69978
L,-0.2237159,0.8299862,-0.03354022,0.08348998,-0.4341615,-0.3727758,-4.3582,37.22807,0.3097037,51.7138
L,-0.2199934,0.8252759,-0.03826913,0.274262,-0.3470436,-0.3484138,14.05558,6.418614,1.794925,51.72737
L,-0.2169377,0.8206141,-0.04371258,0.2158003,-0.3292194,-0.3844205,-4.128605,1.258757,-2.542815,51.74153
L,-0.214327,0.815987,-0.04959444,0.1789653,-0.3171989,-0.4032146,-2.525125,0.8240328,-1.28838,51.75612
L,-0.215189,0.816715,-0.0492012,-0.06557082,0.05538124,0.02991438,-18.60234,28.34291,32.94897,51.76926
L,-0.2155007,0.8166192,-0.0497418,-0.02046769,-0.006293837,-0.03549971,2.961802,-4.050038,-4.295569,51.78449
L,-0.2189644,0.8091183,-0.04641735,-0.2610707,-0.5653573,0.2505703,-18.13474,-42.13776,21.56168,51.79776
L,-0.2216133,0.8016427,-0.0449665,-0.1831158,-0.5167952,0.1002983,5.389087,3.357133,-10.38842,51.81223
L,-0.2266483,0.8009229,-0.04499549,-0.395185,-0.05648858,-0.00227504,-16.64452,36.12773,-8.050592,51.82497
L,-0.2301336,0.7994071,-0.04592192,-0.2535096,-0.1102594,-0.06738579,10.30504,-3.911128,-4.735958,51.83871
L,-0.2328008,0.7973932,-0.04739393,-0.1924005,-0.1452729,-0.1061852,4.408189,-2.525751,-2.798852,51.85258
L,-0.234825,0.7972159,-0.05098682,-0.1579264,-0.01382998,-0.2803141,2.689638,10.25505,-13.58537,51.86539
L,-0.2367156,0.7962942,-0.05472262,-0.1300771,-0.06341863,-0.2570387,1.916151,-3.411907,1.601448,51.87993
L,-0.2270726,0.7951215,-0.06400178,0.7041358,-0.08563283,-0.6775703,60.91474,-1.622094,-30.70748,51.89362
L,-0.2200718,0.793495,-0.07155862,0.5030753,-0.1168791,-0.5430319,-14.44814,-2.245347,9.667883,51.90754
L,-0.2148873,0.7915857,-0.0780867,0.3584067,-0.1319925,-0.4512908,-10.00106,-1.044802,6.342135,51.922
L,-0.2069699,0.7897229,-0.08273467,0.5820268,-0.1369356,-0.3416819,16.43878,-0.3633787,8.057582,51.93561
L,-0.2007328,0.7876909,-0.0873358,0.4235792,-0.1380019,-0.3124767,-10.76065,-0.07241641,1.983407,51.95033
L,-0.2001728,0.7918769,-0.09147762,0.04112176,0.3073792,-0.3041322,-28.08373,32.7042,0.6127363,51.96395
L,-0.1991906,0.7942332,-0.09549285,0.07092803,0.1701618,-0.2899643,2.152489,-9.909286,1.023151,51.9778
L,-0.1979077,0.795513,-0.09947575,0.09119102,0.09097072,-0.2831052,1.440299,-5.628926,0.4875462,51.99187
L,-0.1955926,0.8046296,-0.1058364,0.1516478,0.5971624,-0.4166423,3.960116,33.1572,-8.747115,52.00713
L,-0.1933327,0.8111343,-0.1116221,0.1674432,0.4819637,-0.4286883,1.170341,-8.535512,-0.8925373,52.02063
L,-0.1899417,0.8171489,-0.1066675,0.2341713,0.415355,0.3421565,4.608103,-4.599863,53.23297,52.03511
L,-0.1868797,0.8217388,-0.1042342,0.1133761,0.1699461,0.09009589,-4.472558,-9.086504,-9.332795,52.06212
L,-0.18513,0.824816,-0.1017527,0.1221161,0.2147647,0.1731911,0.6099891,3.12804,5.799499,52.07645
L,-0.1839489,0.8263026,-0.1015783,0.08629133,0.1086129,0.01274539,-2.617403,-7.75559,-11.72238,52.09013
L,-0.1806854,0.8364941,-0.1015992,0.2418055,0.7551318,-0.001551238,11.52264,47.90306,-1.059292,52.10363
L,-0.1777775,0.8444796,-0.102132,0.2096537,0.5757271,-0.03841629,-2.318043,-12.9345,-2.657853,52.1175
L,-0.1771468,0.8497657,-0.1022372,0.04691047,0.3932233,-0.007824693,-12.10617,-13.57613,2.275654,52.13094
L,-0.1761568,0.8543137,-0.1027301,0.05824134,0.2675536,-0.02899751,0.666589,-7.393078,-1.245585,52.14794
L,-0.1781894,0.8568224,-0.1018744,-0.07824202,0.09657214,0.03294185,-5.253788,-6.581756,2.384292,52.17392
L,-0.1797971,0.8595829,-0.1014225,-0.05801889,0.09962013,0.01630822,0.7298144,0.1099964,-0.6002762,52.20163
L,-0.1750829,0.8624399,-0.1022117,0.2418389,0.1465631,-0.0404874,15.38276,2.408184,-2.913626,52.22112
L,-0.1680063,0.866171,-0.1033759,0.3162471,0.1667395,-0.05202751,3.325206,0.9016559,-0.5157126,52.2435
L,-0.1629392,0.8683868,-0.1039343,0.1766827,0.07726248,-0.01946916,-4.866449,-3.11996,1.135272,52.27218
L,-0.1636607,0.8682545,-0.1037705,-0.02689658,-0.004930585,0.006106015,-7.589177,-3.064053,0.9534099,52.299
L,-0.1659512,0.8683643,-0.1072932,-0.08323388,0.003987473,-0.1280082,-2.047198,0.3240665,-4.873474,52.32652
L,-0.1659652,0.8627699,-0.1180421,-0.0004937911,-0.1970085,-0.3785295,2.913731,-7.078168,-8.822227,52.35492
L,-0.1657934,0.8574159,-0.1276687,0.006398551,-0.1993064,-0.3583571,0.2565728,-0.08554144,0.750933,52.38178
L,-0.1748977,0.8792374,-0.150532,-0.602687,1.444539,-1.513502,-40.32023,108.8193,-76.46828,52.39689
L,-0.1780744,0.8888236,-0.1593129,-0.1228981,0.3708632,-0.3397089,18.56166,-41.53745,45.41069,52.42274
L,-0.168262,0.8870916,-0.1554992,0.6636392,-0.1171432,0.2579324,53.19558,-33.00514,40.42004,52.43752
L,-0.1642643,0.8872485,-0.1554074,0.152057,0.00596933,0.003491367,-19.45853,4.682704,-9.677916,52.46381
L,-0.1578649,0.8899651,-0.1423073,0.4091597,0.173689,0.8375867,16.43852,10.72359,53.33002,52.47945
L,-0.1551604,0.8916921,-0.138191,0.1040148,0.0664223,0.1583126,-11.7359,-4.125488,-26.12494,52.50546
L,-0.1338343,0.883935,-0.1364275,1.421798,-0.5171589,0.1175749,87.85582,-38.90699,-2.715953,52.52045
L,-0.1187605,0.8803549,-0.1349721,1.030114,-0.2446559,0.09945969,-26.76687,18.62227,-1.237958,52.53509
L,-0.1086807,0.8781163,-0.1340892,0.3833929,-0.08515081,0.03357947,-24.59868,6.066933,-2.505819,52.56138
L,-0.1155725,0.8777682,-0.1262694,-0.4792166,-0.02420424,0.5437428,-59.98087,4.237872,35.4738,52.57576
L,-0.1168244,0.877621,-0.1230063,-0.08528578,-0.0100255,0.222302,26.83643,0.9659233,-21.89807,52.59044
L,-0.1229143,0.8760782,-0.1231444,-0.2339414,-0.05926464,-0.005304692,-5.710606,-1.891522,-8.743511,52.61647
L,-0.1229143,0.8760782,-0.1231444,0,0,0,8.538894,2.163167,0.193622,52.64387
L,-0.1229143,0.8760782,-0.1231444,0,0,0,0,0,0,52.65932
L,-0.1229143,0.8760782,-0.1231444,0,0,0,0,0,0,52.67423
L,-0.1229143,0.8760782,-0.1231444,0,0,0,0,0,0,52.70041
L,-0.1229143,0.8760782,-0.1231444,0,0,0,0,0,0,52.72874
L,-0.1229143,0.8760782,-0.1231444,0,0,0,0,0,0,52.75851
L,-0.1229143,0.8760782,-0.1231444,0,0,0,0,0,0,52.78358
L,-0.1229143,0.8760782,-0.1231444,0,0,0,0,0,0,52.79923
L,-0.1229143,0.8760782,-0.1231444,0,0,0,0,0,0,52.8251
L,-0.1229143,0.8760782,-0.1231444,0,0,0,0,0,0,52.83934
L,-0.1229143,0.8760782,-0.1231444,0,0,0,0,0,0,52.8539
L,-0.1229143,0.8760782,-0.1231444,0,0,0,0,0,0,52.86774
L,-0.1229143,0.8760782,-0.1231444,0,0,0,0,0,0,52.88184
L,-0.1229143,0.8760782,-0.1231444,0,0,0,0,0,0,52.89584
L,-0.1229143,0.8760782,-0.1231444,0,0,0,0,0,0,52.90984
L,-0.1229143,0.8760782,-0.1231444,0,0,0,0,0,0,52.92374
L,-0.1229143,0.8760782,-0.1231444,0,0,0,0,0,0,52.93888
L,-0.1229143,0.8760782,-0.1231444,0,0,0,0,0,0,52.96395
L,-0.1229143,0.8760782,-0.1231444,0,0,0,0,0,0,52.97839
L,-0.1229143,0.8760782,-0.1231444,0,0,0,0,0,0,52.99248
L,-0.1229143,0.8760782,-0.1231444,0,0,0,0,0,0,53.00724
L,-0.1229143,0.8760782,-0.1231444,0,0,0,0,0,0,53.02081
L,-0.1229143,0.8760782,-0.1231444,0,0,0,0,0,0,53.03538
L,-0.1229143,0.8760782,-0.1231444,0,0,0,0,0,0,53.06123
L,-0.1229143,0.8760782,-0.1231444,0,0,0,0,0,0,53.07526
L,-0.1229143,0.8760782,-0.1231444,0,0,0,0,0,0,53.08978
L,-0.1229143,0.8760782,-0.1231444,0,0,0,0,0,0,53.11732
L,-0.1229143,0.8760782,-0.1231444,0,0,0,0,0,0,53.13285
L,-0.1229143,0.8760782,-0.1231444,0,0,0,0,0,0,53.15871
L,-0.1229143,0.8760782,-0.1231444,0,0,0,0,0,0,53.17264
L,-0.1229143,0.8760782,-0.1231444,0,0,0,0,0,0,53.18643
L,-0.1229143,0.8760782,-0.1231444,0,0,0,0,0,0,53.2007
L,-0.1229143,0.8760782,-0.1231444,0,0,0,0,0,0,53.2153
L,-0.1229143,0.8760782,-0.1231444,0,0,0,0,0,0,53.22969
L,-0.1229143,0.8760782,-0.1231444,0,0,0,0,0,0,53.24362
L,-0.1229143,0.8760782,-0.1231444,0,0,0,0,0,0,53.27061
L,-0.1633161,0.9870582,-0.07490276,-1.288768,3.540122,1.538847,-41.11008,112.9255,49.08731,53.30196
L,-0.1637093,1.008935,-0.0274352,-0.01588381,0.8836479,1.917309,51.41431,-107.3002,15.28683,53.32671
L,-0.1642986,1.049485,0.08510749,-0.03833069,2.637702,7.320693,-1.460127,114.0979,351.48,53.34209
L,-0.1645347,1.067192,0.1449411,-0.00907127,0.6802233,2.298509,1.124001,-75.19654,-192.9272,53.36812
L,-0.1742215,1.023097,0.1840916,-0.3485216,-1.586501,1.408599,-12.21313,-81.5548,-32.01822,53.39591
L,-0.1703993,0.9849731,0.1887046,0.1399783,-1.396198,0.1689423,17.8901,6.969396,-45.39934,53.42322
L,-0.1599256,0.9576858,0.1773607,0.370831,-0.9661289,-0.401641,8.173508,15.2269,-20.20192,53.45146
L,-0.1455834,0.929059,0.1316426,0.942758,-1.881731,-3.005198,37.59459,-60.18546,-171.1401,53.46667
L,-0.1343181,0.9148985,0.1137653,0.429981,-0.5404912,-0.6823539,-19.57213,51.19365,88.66042,53.49287
L,-0.1248641,0.860494,0.1409104,0.6694523,-3.852462,1.922181,16.95731,-234.5254,184.4309,53.507
L,-0.1198241,0.8417322,0.1533529,0.3238248,-1.205461,0.7994456,-22.20691,170.0724,-72.13685,53.52256
L,-0.08475513,0.8283169,0.1136245,1.373749,-0.5255156,-1.55627,41.12842,26.63533,-92.27985,53.54809
L,-0.05355994,0.8405206,-0.1854206,2.088262,0.8169369,-20.01862,47.83073,89.86616,-1235.902,53.56303
L,-0.0474249,0.8716023,-0.01634309,0.2308071,1.16933,6.360888,-69.87953,13.25742,992.4266,53.58961
L,-0.04985866,0.8903459,-0.160405,-0.08812115,0.6786624,-5.216157,-11.54767,-17.76596,-419.1786,53.61723
L,-0.0506715,0.9009714,-0.1933531,-0.05186954,0.6780444,-2.102517,2.313325,-0.03943525,198.6908,53.6329
L,-0.05144768,0.9054124,-0.1999602,-0.02950561,0.168823,-0.2511612,0.8501406,-19.3575,70.3773,53.6592
L,-0.09029516,0.9363837,-0.1964774,-2.665873,2.125376,0.2390052,-180.9183,134.2667,33.63722,53.67377
L,-0.1014885,0.9505118,-0.2018661,-0.7641352,0.9644775,-0.3678731,129.8253,-79.25069,-41.42957,53.68842
L,-0.1079254,0.9326016,-0.1903082,-0.2439825,-0.6788697,0.4380931,19.71586,-62.28942,30.54934,53.71481
L,-0.132479,0.9378674,-0.177694,-0.8826893,0.1893042,0.4534753,-22.96121,31.21045,0.5529851,53.74262
L,-0.132479,0.9378674,-0.177694,0,0,0,46.82147,-10.04147,-24.0542,53.76147
L,-0.132479,0.9378674,-0.177694,0,0,0,0,0,0,53.78386
L,-0.132479,0.9378674,-0.177694,0,0,0,0,0,0,53.79877
L,-0.132479,0.9378674,-0.177694,0,0,0,0,0,0,53.82566
L,-0.132479,0.9378674,-0.177694,0,0,0,0,0,0,53.83998
L,-0.132479,0.9378674,-0.177694,0,0,0,0,0,0,53.8541
L,-0.132479,0.9378674,-0.177694,0,0,0,0,0,0,53.86832
L,-0.132479,0.9378674,-0.177694,0,0,0,0,0,0,53.89527
L,-0.132479,0.9378674,-0.177694,0,0,0,0,0,0,53.9108
L,-0.132479,0.9378674,-0.177694,0,0,0,0,0,0,53.93653
L,-0.132479,0.9378674,-0.177694,0,0,0,0,0,0,53.95052
L,-0.132479,0.9378674,-0.177694,0,0,0,0,0,0,53.96544
L,-0.132479,0.9378674,-0.177694,0,0,0,0,0,0,53.9799
L,-0.132479,0.9378674,-0.177694,0,0,0,0,0,0,54.00681
L,-0.132479,0.9378674,-0.177694,0,0,0,0,0,0,54.02165
L,-0.132479,0.9378674,-0.177694,0,0,0,0,0,0,54.04813
L,-0.132479,0.9378674,-0.177694,0,0,0,0,0,0,54.06389
L,-0.132479,0.9378674,-0.177694,0,0,0,0,0,0,54.09016
L,-0.132479,0.9378674,-0.177694,0,0,0,0,0,0,54.10418
L,-0.132479,0.9378674,-0.177694,0,0,0,0,0,0,54.11906
L,-0.132479,0.9378674,-0.177694,0,0,0,0,0,0,54.14548
L,-0.132479,0.9378674,-0.177694,0,0,0,0,0,0,54.16055
L,-0.132479,0.9378674,-0.177694,0,0,0,0,0,0,54.17535
L,-0.132479,0.9378674,-0.177694,0,0,0,0,0,0,54.20083
L,-0.132479,0.9378674,-0.177694,0,0,0,0,0,0,54.21653
L,-0.132479,0.9378674,-0.177694,0,0,0,0,0,0,54.24274
L,-0.132479,0.9378674,-0.177694,0,0,0,0,0,0,54.25729
L,-0.132479,0.9378674,-0.177694,0,0,0,0,0,0,54.27267
L,-0.132479,0.9378674,-0.177694,0,0,0,0,0,0,54.2985
L,-0.132479,0.9378674,-0.177694,0,0,0,0,0,0,54.31638
L,-0.132479,0.9378674,-0.177694,0,0,0,0,0,0,54.34138
L,-0.132479,0.9378674,-0.177694,0,0,0,0,0,0,54.37124
L,-0.132479,0.9378674,-0.177694,0,0,0,0,0,0,54.39631
L,-0.132479,0.9378674,-0.177694,0,0,0,0,0,0,54.41125
L,-0.132479,0.9378674,-0.177694,0,0,0,0,0,0,54.43761
L,-0.132479,0.9378674,-0.177694,0,0,0,0,0,0,54.46555
L,-0.132479,0.9378674,-0.177694,0,0,0,0,0,0,54.48087
L,-0.132479,0.9378674,-0.177694,0,0,0,0,0,0,54.49612
L,-0.132479,0.9378674,-0.177694,0,0,0,0,0,0,54.52021
L,-0.132479,0.9378674,-0.177694,0,0,0,0,0,0,54.53591
L,-0.132479,0.9378674,-0.177694,0,0,0,0,0,0,54.55026
L,-0.132479,0.9378674,-0.177694,0,0,0,0,0,0,54.57603
L,-0.132479,0.9378674,-0.177694,0,0,0,0,0,0,54.59119
L,-0.132479,0.9378674,-0.177694,0,0,0,0,0,0,54.60479
L,-0.132479,0.9378674,-0.177694,0,0,0,0,0,0,54.61827
L,-0.132479,0.9378674,-0.177694,0,0,0,0,0,0,54.63268
L,-0.132479,0.9378674,-0.177694,0,0,0,0,0,0,54.64694
L,-0.132479,0.9378674,-0.177694,0,0,0,0,0,0,54.67627
L,-0.132479,0.9378674,-0.177694,0,0,0,0,0,0,54.70132
L,-0.132479,0.9378674,-0.177694,0,0,0,0,0,0,54.71566
L,-0.132479,0.9378674,-0.177694,0,0,0,0,0,0,54.73031
L,-0.132479,0.9378674,-0.177694,0,0,0,0,0,0,54.74474
L,-0.132479,0.9378674,-0.177694,0,0,0,0,0,0,54.75898
L,-0.132479,0.9378674,-0.177694,0,0,0,0,0,0,54.78459
L,-0.1157386,0.9563065,-0.1547876,1.149998,1.26669,1.573574,79.00025,87.01653,108.0983,54.79915
L,-0.1157386,0.9563065,-0.1547876,0,0,0,-41.63881,-45.86396,-56.97554,54.82677
L,-0.09086643,0.9947319,-0.1059486,1.683906,2.601498,3.306526,114.0046,176.1279,223.86,54.84154
L,-0.09678117,1.02798,-0.03417133,-0.4224833,2.374855,5.126968,-150.4571,-16.18883,130.0322,54.85554
L,-0.1020255,1.051534,0.01903981,-0.1967323,0.8836085,1.996133,8.468698,-55.94181,-117.4484,54.88219
L,-0.09742634,1.07235,0.0743329,0.3162746,1.431466,3.802401,35.27851,37.67515,124.2136,54.89674
L,-0.0892521,1.076923,0.09697749,0.5699011,0.3188581,1.578762,17.68262,-77.57011,-155.0302,54.91108
L,-0.08890711,1.061202,0.1382937,0.0262442,-1.195997,3.143007,-41.35705,-115.238,118.9952,54.92422
L,-0.08828422,1.052218,0.1750188,0.04148505,-0.598347,2.445948,1.015066,39.80447,-46.4253,54.93924
L,-0.08741304,1.047119,0.2080985,0.06139113,-0.3592742,2.331088,1.402758,16.84718,-8.094002,54.95343
L,-0.09561763,1.024942,0.2323373,-0.2986369,-0.807228,0.8822647,-13.10458,-16.30497,-52.73541,54.9809
L,-0.1016618,0.9816771,0.2073957,-0.2233501,-1.598763,-0.9216652,2.78207,-29.24953,-66.66047,55.00797
L,-0.09574078,0.9621745,0.1851321,0.3953546,-1.302212,-1.486572,41.3117,19.80109,-37.71954,55.02294
L,-0.08776437,0.9557844,0.1745973,0.5970784,-0.4783338,-0.7885885,15.10014,61.67182,52.24791,55.0363
L,-0.08250132,0.949834,0.1686615,0.3702834,-0.4186376,-0.4176102,-15.95625,4.199946,26.1003,55.05051
L,-0.07823592,0.9439746,0.1660814,0.1638073,-0.2250243,-0.09908862,-7.929456,7.435478,12.23242,55.07655
L,-0.0546548,0.9404444,0.08012512,0.847498,-0.1268744,-3.08924,24.57162,3.527474,-107.4651,55.10438
L,-0.04266714,0.9240037,0.03482031,0.6348473,-0.8706723,-2.39927,-11.26164,-39.39034,36.53968,55.12326
L,-0.04037535,0.9129004,0.01783724,0.1001965,-0.4854356,-0.7424967,-23.37483,16.84248,72.43381,55.14613
L,-0.0384674,0.8970373,-0.03764541,0.130249,-1.082922,-3.787616,2.051584,-40.78843,-207.8801,55.16078
L,-0.03649249,0.8891763,-0.05739592,0.07457677,-0.2968457,-0.7458192,-2.102297,29.68385,114.8644,55.18726
L,-0.04557454,0.8611894,-0.07027715,-0.605803,-1.866822,-0.8592204,-45.38358,-104.7226,-7.564241,55.20226
L,-0.04799039,0.8494703,-0.08010589,-0.09247967,-0.4486118,-0.3762478,19.65021,54.2896,18.48837,55.22838
L,-0.04930623,0.8550344,-0.1071824,-0.08821956,0.3730419,-1.815331,0.2856168,55.08736,-96.4826,55.24329
L,-0.05541996,0.8610085,-0.1188087,-0.2252852,0.2201403,-0.4284174,-5.050735,-5.634274,51.10641,55.27043
L,-0.05885846,0.8658065,-0.1338382,-0.124845,0.1742058,-0.5456931,3.646785,-1.667793,-4.258049,55.29797
L,-0.05817281,0.8651503,-0.1386716,0.02469624,-0.02363501,-0.1740922,5.386279,-7.125965,13.38458,55.32574
L,-0.05818507,0.8598109,-0.1403366,-0.0008163646,-0.3554271,-0.1108361,-1.698318,-22.08667,4.210817,55.34076
L,-0.05830256,0.8555409,-0.1441839,-0.008058046,-0.2928727,-0.2638783,-0.4966937,4.290493,-10.49688,55.35534
L,-0.05817609,0.8559278,-0.1410659,0.004891313,0.01496109,0.1205906,0.5008257,11.90569,14.86961,55.3812
L,-0.05637203,0.8659496,-0.1344822,0.1196667,0.6647702,0.4367083,7.61328,43.10313,20.96871,55.39627
L,-0.05568685,0.8695914,-0.133492,0.02575512,0.1368879,0.03722252,-3.53002,-19.84244,-15.01617,55.42287
L,-0.07547159,0.8670632,-0.1257205,-0.6939325,-0.08867407,0.2725788,-25.24241,-7.911389,8.254915,55.45139
L,-0.08986527,0.8571268,-0.1184734,-0.9461431,-0.6531509,0.47637,-16.57861,-37.10487,13.39585,55.4666
L,-0.09580258,0.8530483,-0.1164076,-0.2276148,-0.1563528,0.07919782,27.54576,19.04543,-15.22614,55.49268
L,-0.1100207,0.828419,-0.1081079,-1.031318,-1.786507,0.6020256,-58.29714,-118.2444,37.92368,55.50647
L,-0.1163676,0.8192703,-0.1048095,-0.4222894,-0.6087008,0.2194549,40.52109,78.3642,-25.45396,55.5215
L,-0.1143583,0.8133377,-0.1080752,0.07620578,-0.2249982,-0.1238542,18.90589,14.55228,-13.02032,55.54787
L,-0.111283,0.8178277,-0.1110713,0.2176516,0.317773,-0.2120448,10.01058,38.41367,-6.241537,55.562
L,-0.1098899,0.8201487,-0.1130833,0.09821939,0.1636464,-0.1418632,-8.420776,-10.86696,4.948279,55.57618
L,-0.1094336,0.8211443,-0.1144437,0.03270336,0.07134619,-0.097487,-4.695088,-6.614532,3.180139,55.59013
L,-0.1109235,0.822706,-0.1154894,-0.1036021,0.1085917,-0.07271635,-9.477897,2.589835,1.722408,55.60452
L,-0.1126127,0.8237429,-0.116442,-0.1190346,0.07306787,-0.06712239,-1.087505,-2.50332,0.3941994,55.61871
L,-0.1146699,0.826146,-0.1177415,-0.07856747,0.09177867,-0.04963282,1.545485,0.7145865,0.6679467,55.64489
L,-0.1203649,0.8417414,-0.1219936,-0.409238,1.120683,-0.3055522,-23.76187,73.93668,-18.39027,55.65881
L,-0.12314,0.8479096,-0.1237015,-0.1988754,0.442032,-0.1223928,15.07526,-48.63428,13.12579,55.67276
L,-0.125582,0.8519838,-0.1250337,-0.1712569,0.2857185,-0.09342657,1.936875,-10.96219,2.031387,55.68702
L,-0.12966,0.847032,-0.1223773,-0.2954704,-0.3587833,0.1924686,-8.99995,-46.6977,20.71468,55.70082
L,-0.1345443,0.8422009,-0.1197579,-0.336237,-0.3325729,0.180322,-2.806392,1.804337,-0.8361816,55.71535
L,-0.1404587,0.8372861,-0.1157911,-0.3947122,-0.3280017,0.2647315,-3.902475,0.3050694,5.63326,55.73033
L,-0.145466,0.8338493,-0.1129184,-0.1946972,-0.1336306,0.1116972,7.777031,7.557581,-5.950314,55.75605
L,-0.1577178,0.8373528,-0.09839365,-0.7844951,0.2243336,0.9300405,-37.7655,22.9209,52.39956,55.77167
L,-0.1632292,0.8386148,-0.09212697,-0.2070486,0.04740793,0.2354215,21.69305,-6.646605,-26.0949,55.79829
L,-0.1771512,0.8426297,-0.1044694,-0.8958199,0.2583418,-0.7941783,-44.31941,13.57267,-66.25023,55.81383
L,-0.1846197,0.8461003,-0.1141395,-0.2902177,0.1348646,-0.3757721,23.5332,-4.798219,16.25892,55.83956
L,-0.1962939,0.8512345,-0.1241051,-0.8019758,0.3527008,-0.684602,-35.15575,14.96448,-21.21538,55.85412
L,-0.2019972,0.8539358,-0.1272763,-0.3893443,0.1844116,-0.2164841,28.16898,-11.48854,31.95685,55.86877
L,-0.2073211,0.8560483,-0.1297849,-0.2002337,0.07945212,-0.09435023,7.112511,-3.947561,4.593494,55.89536
L,-0.2101649,0.8549423,-0.1277616,-0.2073082,-0.08063213,0.1474979,-0.515726,-11.66995,17.63043,55.90907
L,-0.2127432,0.8548219,-0.1272535,-0.1833659,-0.008562805,0.03613334,1.702752,5.125486,-7.920115,55.92313
L,-0.2225136,0.8556184,-0.1271255,-0.6801013,0.05544261,0.008907827,-34.5768,4.455294,-1.895116,55.9375
L,-0.2306634,0.8564639,-0.1272889,-0.5749199,0.05964915,-0.01152533,7.419991,0.2967488,-1.44145,55.95168
L,-0.233149,0.8623908,-0.1266336,-0.170484,0.4065157,0.04494845,27.73952,23.79095,3.873433,55.96626
L,-0.2362911,0.8669931,-0.1263553,-0.1231964,0.1804447,0.01090957,1.854046,-8.86377,-1.334593,55.99176
L,-0.2519488,0.861894,-0.1194466,-1.052995,-0.3429202,0.4646203,-62.52979,-35.19676,30.51245,56.00663
L,-0.2590484,0.8605916,-0.1168695,-0.4864394,-0.0892332,0.1765735,38.81839,17.38174,-19.73595,56.02122
L,-0.2637727,0.8601758,-0.1180967,-0.1807949,-0.01591013,-0.04696539,11.69677,2.806015,-8.554655,56.04736
L,-0.2689031,0.8681651,-0.1230341,-0.3288279,0.5120645,-0.3164574,-9.488011,33.83995,-17.27279,56.06296
L,-0.2728037,0.8719797,-0.1249721,-0.1452415,0.142041,-0.07216242,6.836092,-13.77833,9.096655,56.08981
L,-0.272099,0.871459,-0.1251671,0.04858257,-0.03590216,-0.01344481,13.36397,-12.269,4.048519,56.10432
L,-0.2721294,0.8713523,-0.1252645,-0.002079792,-0.00731809,-0.006680668,-3.473022,1.959504,0.4636978,56.1189
L,-0.2707447,0.8723464,-0.1284455,0.09669061,0.06942178,-0.2221308,6.897194,5.35879,-15.04501,56.13322
L,-0.2697646,0.8737451,-0.1322252,0.03946692,0.0563244,-0.1521985,-2.304277,-0.5274039,2.816024,56.15806
L,-0.2627639,0.8732296,-0.1365246,0.4761794,-0.03506503,-0.2924397,29.70461,-6.216189,-9.539017,56.17276
L,-0.260603,0.8733165,-0.1383282,0.07813577,0.003142241,-0.0652139,-14.39238,1.381491,8.215982,56.20042
L,-0.2576486,0.8705413,-0.1440058,0.1953756,-0.1835267,-0.3754691,7.753206,-12.34464,-20.51754,56.21554
L,-0.259172,0.8700451,-0.1439053,-0.05749487,-0.01872705,0.0037949,-9.543402,6.219587,14.31353,56.24203
L,-0.2629178,0.8700517,-0.1441819,-0.252812,0.0004425206,-0.01867035,-13.1826,1.293818,-1.516254,56.25685
L,-0.2642287,0.8707112,-0.1449569,-0.08839096,0.04446775,-0.05225815,11.0859,2.968352,-2.26462,56.27168
L,-0.2654454,0.8713298,-0.1457905,-0.04739158,0.02409454,-0.03246715,1.59699,-0.7935686,0.7708903,56.29736
L,-0.2713582,0.870805,-0.1460336,-0.4137768,-0.03672668,-0.01701607,-25.63953,-4.256251,1.081262,56.31165
L,-0.2742067,0.8706324,-0.1463805,-0.2036855,-0.01233889,-0.02480458,15.02296,1.743893,-0.5569319,56.32563
L,-0.2751269,0.8706176,-0.147012,-0.06439786,-0.001034437,-0.04419089,9.747308,0.7910825,-1.356648,56.33992
L,-0.275979,0.870626,-0.1475883,-0.06027177,0.000590259,-0.04076476,0.2918586,0.1149229,0.2423469,56.35406
L,-0.2763898,0.8708748,-0.148463,-0.01539713,0.009327191,-0.03278591,1.681959,0.3274713,0.2990574,56.38074
L,-0.2763567,0.8720089,-0.1508848,0.002106571,0.07208945,-0.1539436,1.112631,3.989513,-7.701443,56.39647
L,-0.2757775,0.873145,-0.1528151,0.0219977,0.04315099,-0.07331378,0.7554824,-1.099108,3.06239,56.4228
L,-0.2783959,0.8733315,-0.1526647,-0.1830375,0.0130375,0.01051354,-14.333,-2.105085,5.859955,56.4371
L,-0.2803426,0.8734937,-0.1526676,-0.1306504,0.0108847,-0.0001930124,3.515867,-0.1444814,-0.7185506,56.452
L,-0.2828635,0.8740345,-0.1555251,-0.0966417,0.02073203,-0.1095452,1.303768,0.3775109,-4.192165,56.47809
L,-0.2850806,0.876385,-0.1611852,-0.155238,0.1645758,-0.3963028,-4.10274,10.07152,-20.07793,56.49237
L,-0.285044,0.8783184,-0.1642042,0.002577579,0.1361667,-0.2126324,11.1151,-2.00088,12.93608,56.50657
L,-0.2851864,0.8797952,-0.1666504,-0.005162216,0.05356124,-0.08871857,-0.2807057,-2.995922,4.49409,56.53414
L,-0.2829632,0.8797589,-0.1680415,0.1448264,-0.002364718,-0.09062422,9.771025,-3.643303,-0.1241438,56.54949
L,-0.2804616,0.8785246,-0.1688804,0.1855657,-0.09155702,-0.06222588,3.021949,-6.61608,2.106524,56.56297
L,-0.2781643,0.8773926,-0.1698437,0.08695157,-0.04284354,-0.03645965,-3.732471,1.843769,0.9752327,56.58939
L,-0.2781046,0.8766616,-0.1693831,0.004381128,-0.05368085,0.03381806,-6.063122,-0.79578,5.16047,56.60301
L,-0.2780938,0.8764302,-0.1692933,0.0007348391,-0.0158082,0.006135194,-0.2490497,2.586787,-1.890802,56.61765
L,-0.2782167,0.8762808,-0.1692419,-0.008428092,-0.01024624,0.003526873,-0.6287977,0.3816847,-0.1789936,56.63223
L,-0.2783475,0.8761312,-0.1692164,-0.009192778,-0.0105186,0.001790801,-0.05374203,-0.01914161,-0.122011,56.64645
L,-0.2784848,0.8759807,-0.1692153,-0.009687836,-0.01061289,8.094221E-05,-0.03492374,-0.006651715,-0.1206214,56.66063
L,-0.2786735,0.876112,-0.1693082,-0.007347139,0.005110851,-0.003619026,0.09114674,0.6122823,-0.1440767,56.68631
L,-0.2787106,0.876236,-0.1690561,-0.002371924,0.007919103,0.01610376,0.317793,0.1793778,1.259798,56.70197
L,-0.278726,0.8763158,-0.1689224,-0.0005824316,0.003028644,0.005073375,0.06790745,-0.1855826,-0.4185799,56.72832
L,-0.2796361,0.8779095,-0.1694677,-0.06365478,0.1114678,-0.03814013,-4.411429,7.58449,-3.022455,56.74261
L,-0.2803718,0.8792462,-0.1699701,-0.05154538,0.09364561,-0.03519592,0.8483181,-1.248524,0.2062556,56.75689
L,-0.2802206,0.8798186,-0.1702914,0.01077403,0.04077361,-0.02288553,4.43931,-3.766325,0.8769278,56.77093
L,-0.2800894,0.8803117,-0.1705859,0.009327947,0.03506935,-0.0209439,-0.1028439,-0.4056801,0.1380864,56.78499
L,-0.2813271,0.8812433,-0.1701373,-0.08675217,0.06529913,0.03144427,-6.734446,2.118865,3.67199,56.79926
L,-0.2828174,0.8823786,-0.1696277,-0.1061011,0.08082394,0.03628081,-1.377565,1.105306,0.3443428,56.8133
L,-0.2842675,0.8835016,-0.1691631,-0.05682221,0.04400691,0.01820406,1.930964,-1.442655,-0.7083275,56.83882
L,-0.2856852,0.8844103,-0.1685469,-0.09153903,0.05867072,0.03978602,-2.241577,0.9468052,1.393493,56.85431
L,-0.2858982,0.8845652,-0.1681784,-0.01516032,0.01102916,0.02623298,5.437865,-3.391893,-0.9649233,56.86835
L,-0.2860833,0.8847056,-0.1678788,-0.007067423,0.005357728,0.01143551,0.3088971,-0.2164724,-0.5648034,56.89455
L,-0.2853648,0.8847646,-0.167942,0.04864653,0.003990993,-0.00427347,3.771973,-0.09253135,-1.063537,56.90932
L,-0.2846197,0.8848482,-0.1680137,0.05310503,0.005964519,-0.005110624,0.3177731,0.1406602,-0.05966693,56.92336
L,-0.2847514,0.8849577,-0.1675914,-0.009015992,0.007494288,0.02890217,-4.251868,0.1047049,2.328003,56.93797
L,-0.2850337,0.8851823,-0.1667672,-0.01075468,0.008557413,0.03140273,-0.06624798,0.04050751,0.09527709,56.96421
L,-0.2852267,0.8865774,-0.1658714,-0.01336338,0.09659766,0.06203055,-0.1806273,6.095938,2.120681,56.97865
L,-0.2853549,0.8874334,-0.1653471,-0.009295449,0.06208495,0.03802487,0.2950701,-2.503404,-1.741269,56.99244
L,-0.2845632,0.8897603,-0.164048,0.05381629,0.158195,0.08832015,4.290551,6.53389,3.419245,57.00715
L,-0.2838088,0.8920505,-0.1627862,0.0527375,0.1600958,0.08820417,-0.07541302,0.1328771,-0.008107812,57.02145
L,-0.2764906,0.8916793,-0.1586238,0.2859925,-0.01450693,0.1626626,9.115443,-6.823356,2.909783,57.04704
L,-0.2713723,0.8913415,-0.154557,0.3624329,-0.02391866,0.287982,5.412858,-0.666458,8.874051,57.06116
L,-0.2717665,0.8912709,-0.1540159,-0.02845152,-0.005097914,0.03905067,-28.21256,1.35841,-17.96692,57.07502
L,-0.2720166,0.891243,-0.1535761,-0.01728263,-0.001927385,0.03038927,0.7717074,0.2190657,-0.5984541,57.08949
L,-0.2704675,0.8922371,-0.1528197,0.1111368,0.07131739,0.05426737,9.21302,5.254701,1.713055,57.10343
L,-0.2683078,0.893568,-0.1517227,0.1468989,0.09052689,0.07461505,2.432495,1.306605,1.384023,57.11813
L,-0.2642585,0.8951193,-0.1504039,0.1531757,0.05868281,0.04988445,0.2374352,-1.204579,-0.935495,57.14457
L,-0.2556342,0.8966781,-0.147613,0.5838835,0.1055374,0.1889548,29.15998,3.172169,9.415404,57.15934
L,-0.2502963,0.8969862,-0.1459751,0.3871878,0.02234799,0.1188023,-14.26745,-6.034199,-5.088556,57.17313
L,-0.2465093,0.8972948,-0.1447151,0.2728834,0.02223492,0.09079293,-8.236451,-0.008147505,-2.018277,57.187
L,-0.2420193,0.8951812,-0.141625,0.3200172,-0.1506466,0.2202411,3.359392,-12.32187,9.226229,57.20103
L,-0.2380595,0.8937011,-0.1390539,0.2877038,-0.1075345,0.1868082,-2.34778,3.132367,-2.429115,57.2148
L,-0.2345756,0.8926722,-0.1369106,0.2581393,-0.07623922,0.1588093,-2.190543,2.318786,-2.074547,57.22829
L,-0.2278804,0.8912914,-0.1342131,0.480318,-0.09905668,0.1935229,15.93947,-1.636963,2.490415,57.24223
L,-0.2222106,0.8902556,-0.1318629,0.3700977,-0.06761236,0.1534098,-7.194618,2.052525,-2.618381,57.25755
L,-0.2204884,0.8921895,-0.1302799,0.06688542,0.07510417,0.06147801,-11.7756,5.54256,-3.570277,57.2833
L,-0.2120865,0.8955981,-0.1237364,0.6155652,0.2497292,0.4794081,40.1993,12.79399,30.61986,57.29695
L,-0.2048021,0.8975164,-0.1183844,0.5084032,0.1338899,0.3735352,-7.479196,-8.084819,-7.389234,57.31128
L,-0.1991939,0.8988175,-0.1144112,0.4183756,0.0970582,0.2964014,-6.716051,-2.747644,-5.754167,57.32468
L,-0.1973616,0.8973306,-0.1133657,0.1270668,-0.1031126,0.07250848,-20.20234,-13.8819,-15.52704,57.3391
L,-0.1953332,0.896429,-0.1121709,0.1408216,-0.06259517,0.08294161,0.9549064,2.812871,0.7243068,57.35351
L,-0.1901556,0.89544,-0.1062544,0.3704349,-0.07076027,0.4233063,16.42788,-0.5841789,24.35168,57.36749
L,-0.185362,0.894779,-0.1012741,0.3291266,-0.04538535,0.3419478,-2.836226,1.742243,-5.586075,57.38205
L,-0.180844,0.8943239,-0.09693831,0.3182093,-0.03204762,0.3053707,-0.7689183,0.9393886,-2.576158,57.39625
L,-0.172392,0.9000456,-0.0924776,0.5943263,0.4023312,0.3136667,19.41589,30.54447,0.5833557,57.41047
L,-0.1651067,0.9042459,-0.08840326,0.2857249,0.1647357,0.1597939,-12.10323,-9.318404,-6.034835,57.43597
L,-0.15981,0.9001462,-0.07500967,0.3370155,-0.2608541,0.8521963,3.263479,-27.07908,44.05562,57.45168
L,-0.1560255,0.8989359,-0.06831735,0.1439898,-0.04604726,0.2546229,-7.344053,8.17276,-22.73589,57.47797
L,-0.1465331,0.9299179,-0.02682624,0.6646311,2.169267,2.905087,36.45379,155.1098,185.5778,57.49225
L,-0.1342502,0.9435116,0.006522381,0.8879975,0.9827677,2.41096,16.14842,-85.77871,-35.72323,57.50608
L,-0.1252273,0.9522454,0.02757102,0.6559348,0.634914,1.530164,-16.87018,-25.28778,-64.03087,57.51984
L,-0.1019058,0.9699928,0.06130378,1.682327,1.280235,2.433363,74.04033,46.55121,65.1536,57.5337
L,-0.08274224,0.9844291,0.08974853,1.330409,1.002222,1.974741,-24.43147,-19.30071,-31.83931,57.5481
L,-0.06667748,0.9964948,0.1142159,1.190973,0.8945003,1.813909,-10.33716,-7.986032,-11.92336,57.56159
L,-0.04626438,1.004194,0.1604264,1.467683,0.5535861,3.322488,19.89519,-24.51141,108.4654,57.5755
L,-0.0287099,1.011615,0.1994183,1.269112,0.53649,2.818949,-14.35584,-1.235978,-36.40368,57.58933
L,-0.01546765,1.004456,0.2398888,0.8923852,-0.482439,2.72727,-25.38731,-68.6648,-6.178133,57.60417
L,-0.003020998,1.001124,0.2750082,0.4081579,-0.1092655,1.151657,-15.87907,12.23732,-51.66844,57.63467
L,-0.01059963,0.9817909,0.2845042,-0.3089723,-0.7881901,0.3871428,-29.2366,-27.679,-31.16841,57.65919
L,-0.01985203,0.9660137,0.3039484,-0.6209581,-1.05886,1.30496,-20.93836,-18.1655,61.59758,57.6741
L,-0.02080314,0.96073,0.3190096,-0.03628167,-0.2015539,0.5745359,22.30347,32.70338,-27.86324,57.70031
L,-0.01400328,0.9716531,0.2780795,0.4668787,0.7499796,-2.810266,34.547,65.33231,-232.4006,57.71487
L,-0.009897839,0.9755555,0.2708092,0.2860756,0.2719257,-0.5066059,-12.59874,-33.31179,160.5238,57.72923
L,-0.01021752,0.9794568,0.2383147,-0.02266151,0.2765557,-2.303473,-21.88577,0.328218,-127.3764,57.74333
L,-0.01418355,0.9756371,0.2334512,-0.1499383,-0.1444039,-0.183867,-4.811776,-15.91463,80.13296,57.76978
L,-0.01692119,0.9711753,0.2287014,-0.187868,-0.3061886,-0.32595,-2.602889,-11.10233,-9.750315,57.78436
L,-0.01702933,0.9700491,0.2282951,-0.007390027,-0.07696005,-0.02776533,12.33348,15.66499,20.3773,57.79899
L,-0.01974415,0.9699901,0.2222275,-0.1047501,-0.002279125,-0.2341191,-3.756601,2.881536,-7.962086,57.82491
L,-0.02291887,0.964786,0.2143909,-0.2176345,-0.3567518,-0.5372136,-7.73849,-24.29992,-20.77782,57.83949
L,-0.02360982,0.9629542,0.2122773,-0.05157429,-0.1367276,-0.1577682,12.39513,16.42312,28.3227,57.85289
L,-0.02390989,0.9616389,0.2110127,-0.02196012,-0.09626256,-0.09254716,2.167275,2.961385,4.773119,57.86655
L,-0.02499543,0.9614599,0.2125054,-0.07528238,-0.01240906,0.1035187,-3.697913,5.815262,13.59722,57.88097
L,-0.02643511,0.9610572,0.2145643,-0.1016169,-0.02842286,0.1453264,-1.858762,-1.130296,2.950895,57.89514
L,-0.02682844,0.9611452,0.2142892,-0.02827987,0.006325425,-0.01978409,5.272866,2.498369,-11.87129,57.90905
L,-0.02685538,0.962677,0.2127695,-0.002056497,0.1169327,-0.1160068,2.001834,8.443516,-7.345426,57.92215
L,-0.02684862,0.9648749,0.2104665,0.0004771063,0.1551351,-0.162549,0.1788285,2.696429,-3.285077,57.93632
L,-0.02680056,0.9668397,0.2082874,0.00345953,0.141423,-0.1568517,0.214669,-0.9869727,0.4100812,57.95021
L,-0.02672532,0.9683796,0.2064663,0.005509122,0.1127575,-0.1333461,0.1500805,-2.099018,1.721191,57.96387
L,-0.02669056,0.9683276,0.2067335,0.002532603,-0.003791169,0.01946611,-0.216864,-8.491533,11.13363,57.97759
L,-0.02682496,0.9684164,0.20656,-0.009127697,0.006031412,-0.01178149,-0.7918854,0.6670805,-2.122117,57.99232
L,-0.02700414,0.9685468,0.2062795,-0.01364577,0.009932452,-0.02136181,-0.3440983,0.2971047,-0.7296403,58.00545
L,-0.02723955,0.9687324,0.2058534,-0.01756187,0.01384195,-0.03178914,-0.2921402,0.2916484,-0.7778777,58.01885
L,-0.02728119,0.9688941,0.206067,-0.002932967,0.0113934,0.01504148,1.030327,-0.1724537,3.298325,58.03305
L,-0.02731892,0.9690669,0.2062765,-0.002687803,0.01230893,0.01492548,0.01746425,0.06521759,-0.0082627,58.04709
L,-0.02784267,0.9693697,0.2064268,-0.03860951,0.02232143,0.01108052,-2.648105,0.738109,-0.2834457,58.06065
L,-0.02853885,0.9697763,0.206585,-0.04948469,0.02889862,0.01124424,-0.7730104,0.4675088,0.01163686,58.07472
L,-0.02944602,0.9706544,0.2060288,-0.06437765,0.06231812,-0.03947385,-1.056876,2.371608,-3.599199,58.08881
L,-0.06613632,0.9664691,0.114268,-0.2896158,-0.03303692,-0.7243155,-1.777923,-0.7526875,-5.405816,58.2155
L,-0.06174414,0.9654175,0.151504,0.1590306,-0.03807623,1.348228,16.24447,-0.1824617,75.04209,58.24312
L,-0.09044425,0.9400211,0.0828815,-1.041179,-0.9213279,-2.489478,-43.54108,-32.0425,-139.2238,58.27068
L,-0.1120489,0.9169325,0.03862433,-0.7874755,-0.8415666,-1.613147,9.24735,2.907254,31.94173,58.29812
L,-0.1290867,0.8859577,0.009886023,-0.6389636,-1.161639,-1.077765,5.5696,-12.0036,20.07827,58.32478
L,-0.1430472,0.8576083,-0.01364359,-0.8231372,-1.671531,-1.387347,-10.8592,-30.06408,-18.25354,58.34174
L,-0.1502272,0.8451822,-0.02613761,-0.2869182,-0.4965582,-0.4992733,21.42783,46.95304,35.4883,58.36677
L,-0.160336,0.8202012,-0.04964332,-0.6569094,-1.623358,-1.527487,-24.04337,-73.22353,-66.81705,58.38216
L,-0.166395,0.8083356,-0.06212844,-0.2348226,-0.4598587,-0.4838703,16.3583,45.09229,40.44616,58.40796
L,-0.1671339,0.784534,-0.06791206,-0.05335636,-1.718853,-0.4176701,13.10476,-90.91953,4.780708,58.42181
L,-0.1696895,0.7731045,-0.07443668,-0.1625292,-0.7268733,-0.4149415,-6.942989,63.08627,0.1735334,58.43753
L,-0.1728558,0.7621436,-0.0817764,-0.2170574,-0.7513974,-0.5031549,-3.738032,-1.681183,-6.047236,58.45212
L,-0.1770645,0.7587111,-0.08374486,-0.166861,-0.1360878,-0.07804288,1.990119,24.395,16.85429,58.47734
L,-0.1831541,0.7641757,-0.08773191,-0.4409789,0.3957182,-0.2887237,-19.85038,38.51099,-15.25655,58.49115
L,-0.1874013,0.7634605,-0.0925314,-0.3040358,-0.051193,-0.3435713,9.803068,-31.99211,-3.926265,58.50512
L,-0.1916046,0.7610013,-0.09799686,-0.2899661,-0.1696505,-0.3770364,0.9706003,-8.171822,-2.308596,58.51962
L,-0.1983897,0.7696704,-0.09811062,-0.4862448,0.6212539,-0.008152615,-14.06596,56.67875,26.43539,58.53357
L,-0.2044499,0.774649,-0.100019,-0.4307573,0.3538842,-0.1356511,3.944069,-19.00471,-9.062625,58.54764
L,-0.2031645,0.7764214,-0.09965939,0.09556243,0.1317711,0.02673887,39.12977,-16.51322,12.07304,58.56109
L,-0.2030525,0.7769464,-0.1001918,0.00811016,0.03799696,-0.0385362,-6.329401,-6.786951,-4.724315,58.57491
L,-0.2021927,0.7888822,-0.09891837,0.05949813,0.8260007,0.08812883,3.556242,54.53286,8.765702,58.58936
L,-0.202482,0.7973246,-0.09914006,-0.02217768,0.6471125,-0.01699219,-6.260474,-13.71183,-8.057557,58.6024
L,-0.2035002,0.8033401,-0.1003162,-0.07194028,0.4250505,-0.08310205,-3.516164,-15.69063,-4.671241,58.61655
L,-0.1969898,0.8121204,-0.09418823,0.4582858,0.6180686,0.4313642,37.32427,13.58715,36.21489,58.63076
L,-0.1927966,0.8189158,-0.09044646,0.3061869,0.4962047,0.2732259,-11.10635,-8.898577,-11.54736,58.64445
L,-0.1961584,0.8233327,-0.09368899,-0.2313043,0.3039001,-0.2230992,-36.98165,-13.23137,-34.14925,58.65899
L,-0.1987491,0.8269382,-0.09633572,-0.1903366,0.2648981,-0.1944575,3.009932,-2.865512,2.10433,58.6726
L,-0.2009588,0.8302255,-0.09870669,-0.1562205,0.2324071,-0.1676206,2.411904,-2.297008,1.897283,58.68674
L,-0.2051233,0.837248,-0.1054866,-0.2979539,0.5024265,-0.4850733,-10.14044,19.31877,-22.71243,58.70072
L,-0.20856,0.8431879,-0.1109209,-0.2520722,0.4356769,-0.39859,3.365305,-4.895915,6.343337,58.71436
L,-0.2096865,0.8423961,-0.1098354,-0.08112551,-0.05701837,0.07817222,12.31117,-35.48272,34.33526,58.72824
L,-0.2105344,0.8423581,-0.109574,-0.05991408,-0.002686995,0.01847309,1.498773,3.838988,-4.218266,58.74239
L,-0.2115618,0.8368834,-0.1073975,-0.07498108,-0.3995424,0.158836,-1.099589,-28.96249,10.24368,58.7561
L,-0.2131098,0.8313738,-0.1054188,-0.1106941,-0.393975,0.1414897,-2.553727,0.3981029,-1.240382,58.77008
L,-0.2146428,0.8276656,-0.1042953,-0.1115678,-0.2698718,0.08177043,-0.06358284,9.031907,-4.346209,58.78382
L,-0.2144711,0.8182091,-0.1031741,0.01197432,-0.6593044,0.07816499,8.613251,-27.15091,-0.2513682,58.79816
L,-0.2147525,0.811496,-0.1025967,-0.01969497,-0.4697761,0.04040873,-2.216208,13.26313,-2.642173,58.81245
L,-0.2179145,0.8002445,-0.1090507,-0.2392849,-0.8514768,-0.4884205,-16.61783,-28.88584,-40.02003,58.82567
L,-0.2205804,0.7917466,-0.1139407,-0.1803953,-0.5750315,-0.3308954,3.984908,18.70637,10.65934,58.84045
L,-0.222929,0.7848747,-0.1178614,-0.1772284,-0.5185485,-0.2958478,0.238975,4.262139,2.644646,58.8537
L,-0.2265864,0.7853933,-0.1238329,-0.2644077,0.03749397,-0.4317171,-6.302681,40.19944,-9.822756,58.86753
L,-0.2297104,0.7848145,-0.1286901,-0.2165387,-0.04011601,-0.3366672,3.317972,-5.379426,6.588249,58.88196
L,-0.2305031,0.7893932,-0.1293247,-0.05778556,0.3337823,-0.04626451,11.57291,27.25673,21.17,58.89568
L,-0.2315812,0.7927753,-0.1303869,-0.07764208,0.2435654,-0.07649382,-1.430019,-6.497202,-2.177042,58.90956
L,-0.2264813,0.8010054,-0.1255662,0.3765944,0.6077421,0.3559804,33.54236,26.89203,31.93536,58.9231
L,-0.2230968,0.8067731,-0.1225108,0.2416205,0.4117519,0.218124,-9.635786,-13.99173,-9.84157,58.93711
L,-0.2208717,0.8108671,-0.1206408,0.1590189,0.2925896,0.1336394,-5.903358,-8.516271,-6.037925,58.9511
L,-0.2213772,0.8141579,-0.1206379,-0.03552698,0.2312793,0.0002063086,-13.67266,-4.308882,-9.377666,58.96533
L,-0.221763,0.8165525,-0.1207506,-0.02713932,0.1684741,-0.00792887,0.5901166,-4.418686,-0.5723532,58.97955
L,-0.2198924,0.8207642,-0.1168336,0.1243906,0.2800807,0.2604806,10.07678,7.42187,17.8493,58.99458
L,-0.2184263,0.8243977,-0.1137781,0.1033182,0.2560484,0.2153205,-1.484945,-1.693529,-3.182379,59.00877
L,-0.2173502,0.8273547,-0.1115539,0.08233682,0.2262569,0.1701858,-1.605413,-2.279524,-3.453526,59.02184
L,-0.2154012,0.8310792,-0.1143076,0.1532471,0.2928492,-0.2165133,5.575495,5.235985,-30.40518,59.03456
L,-0.2137154,0.8345684,-0.1164579,0.1293694,0.2677611,-0.1650213,-1.832377,-1.925267,3.951498,59.04759
L,-0.2133036,0.8347026,-0.1165063,0.0287099,0.009354222,-0.003373816,-7.017893,-18.01591,11.26993,59.06194
L,-0.2130179,0.8349369,-0.1165227,0.02063103,0.01692063,-0.001179408,-0.5834236,0.5464153,0.1584713,59.07578
L,-0.2127392,0.8352706,-0.1165322,0.0199091,0.02383345,-0.0006811989,-0.05156622,0.493775,0.0355865,59.08978
L,-0.215678,0.829672,-0.1164113,-0.2129371,-0.4056454,0.008760451,-16.87099,-31.1181,0.6840995,59.10358
L,-0.2192451,0.823062,-0.1162485,-0.2445298,-0.4531332,0.01116152,-2.165756,-3.255398,0.1645986,59.11817
L,-0.2284778,0.8176335,-0.1154316,-0.6584061,-0.3871225,0.05825689,-29.51447,4.707369,3.358479,59.13219
L,-0.2352021,0.8137175,-0.1148136,-0.4191018,-0.2440673,0.03851594,14.91493,8.916093,-1.230379,59.14824
L,-0.2358262,0.8169135,-0.1153835,-0.03338807,0.1709821,-0.03048908,20.63521,22.20463,-3.691684,59.16693
L,-0.2404826,0.8234237,-0.1171349,-0.1943677,0.2717556,-0.07310908,-6.719718,4.206553,-1.779073,59.19089
L,-0.2473897,0.8310372,-0.1192705,-0.4468559,0.49255,-0.1381614,-16.33472,14.28429,-4.208559,59.20634
L,-0.2503323,0.8338061,-0.1200448,-0.1858773,0.1749059,-0.04890908,16.4853,-20.0647,5.637823,59.22218
L,-0.2521888,0.8339835,-0.1196955,-0.1270041,0.01213873,0.02389571,4.027466,-11.13477,4.980516,59.23679
L,-0.2539861,0.8343149,-0.119482,-0.1211781,0.02234037,0.01439073,0.3928077,0.6878341,-0.6408622,59.25163
L,-0.2499045,0.8354793,-0.1186768,0.2754781,0.07858764,0.05434656,26.77164,3.796314,2.696751,59.26644
L,-0.2441276,0.8375092,-0.1175108,0.4101816,0.1441334,0.08278986,9.564387,4.653965,2.019567,59.28053
L,-0.2400591,0.8365444,-0.1179952,0.2740287,-0.06498507,-0.03262301,-9.170527,-14.08509,-7.773584,59.29537
L,-0.2373137,0.8360549,-0.118369,0.1966423,-0.03505806,-0.02677702,-5.542721,2.143493,0.418713,59.30933
L,-0.2354359,0.8358663,-0.1186544,0.1320371,-0.01326532,-0.02006564,-4.542884,1.532413,0.4719287,59.32355
L,-0.232366,0.836682,-0.1180534,0.2148302,0.05708172,0.04205893,5.793835,4.922866,4.347459,59.33784
L,-0.2298273,0.8374795,-0.117586,0.1793832,0.05635529,0.03302045,-2.504639,-0.05132876,-0.6386477,59.352
L,-0.2265184,0.8425744,-0.1151735,0.2389592,0.3679278,0.1742231,4.302337,22.50052,10.19708,59.36584
L,-0.2237265,0.8468729,-0.1132329,0.1913919,0.2946726,0.1330316,-3.260844,-5.021813,-2.823768,59.38043
L,-0.224024,0.8463519,-0.1131771,-0.02146503,-0.03757912,0.004028253,-15.35476,-23.96748,-9.305848,59.39429
L,-0.2245009,0.8454961,-0.1130934,-0.03492057,-0.06266585,0.006128884,-0.9852763,-1.836966,0.1538178,59.40795
L,-0.2252885,0.8440419,-0.1128959,-0.05556315,-0.1025843,0.01393362,-1.456224,-2.816031,0.5505828,59.42213
L,-0.2252062,0.8442318,-0.1130658,0.005648724,0.01302765,-0.01165944,4.200609,7.933762,-1.756301,59.4367
L,-0.2250871,0.8444784,-0.1132356,0.00831717,0.01721913,-0.01185818,0.1863391,0.2926937,-0.01387843,59.45102
L,-0.2260434,0.8424215,-0.1139988,-0.06494191,-0.1396899,-0.0518332,-4.975241,-10.65616,-2.714822,59.46574
L,-0.2273476,0.8395463,-0.1150557,-0.0488008,-0.1075819,-0.03954618,0.603953,1.201388,0.4597445,59.49247
L,-0.2277025,0.8390073,-0.116849,-0.01258252,-0.01910967,-0.06358037,1.284069,3.13666,-0.8520989,59.52068
L,-0.2233956,0.838905,-0.1181931,0.2969572,-0.0070481,-0.09267275,21.34245,0.8316326,-2.00589,59.53518
L,-0.2208346,0.8388923,-0.1189182,0.09493259,-0.0004728153,-0.02687839,-7.488623,0.2437318,2.438857,59.56216
L,-0.2211416,0.838715,-0.1188969,-0.02157863,-0.01245811,0.001499141,-8.188396,-0.8423252,1.99437,59.57639
L,-0.2213028,0.8386294,-0.118884,-0.01166914,-0.006199096,0.0009350411,0.717204,0.4529992,-0.04082702,59.5902
L,-0.2197074,0.8403777,-0.119499,0.1137093,0.1246092,-0.04383061,8.93616,9.323165,-3.190605,59.60423
L,-0.2170916,0.8431997,-0.1204852,0.09767962,0.1053819,-0.03683004,-0.5985858,-0.7179916,0.2614186,59.63101
L,-0.207204,0.856334,-0.1226422,0.6548733,0.8699035,-0.1428559,36.90373,50.63535,-7.022247,59.64611
L,-0.2058337,0.8580208,-0.1239922,0.09498323,0.116919,-0.09357906,-38.80799,-52.19206,3.415558,59.66054
L,-0.2051245,0.858798,-0.1248139,0.02792887,0.03060913,-0.03235949,-2.64091,-3.399279,2.411109,59.68593
L,-0.2030568,0.8574013,-0.1262611,0.07463939,-0.0504187,-0.05224246,1.686158,-2.924946,-0.7177365,59.71363
L,-0.1953599,0.8583173,-0.1251015,0.5543129,0.06596412,0.08350897,34.54493,8.38161,9.776489,59.72752
L,-0.1911876,0.8591092,-0.1246019,0.2927596,0.05556996,0.03505744,-18.35242,-0.729327,-3.399699,59.74177
L,-0.187919,0.8598872,-0.1242849,0.2210659,0.05261545,0.02143902,-4.848831,-0.1998212,-0.9210494,59.75655
L,-0.1882099,0.8592882,-0.1241881,-0.01105299,-0.02275589,0.003676687,-8.818636,-2.863499,-0.6748247,59.78288
L,-0.1886109,0.8595354,-0.1240472,-0.02204475,0.01358995,0.007747778,-0.6043256,1.998289,0.223828,59.80106
L,-0.1887424,0.8597479,-0.1239623,-0.005483415,0.008863944,0.003539923,0.6906546,-0.1970878,-0.1754795,59.82504
L,-0.1907964,0.8606843,-0.1194687,-0.133018,0.06063565,0.291006,-8.259002,3.352679,18.61598,59.84048
L,-0.1916139,0.8613633,-0.1168597,-0.03202285,0.02659892,0.1021982,3.956259,-1.333312,-7.39612,59.86601
L,-0.1899999,0.8625799,-0.1156017,0.1110472,0.08370653,0.08656137,9.84382,3.929243,-1.075877,59.88055
L,-0.1897859,0.8626013,-0.1156537,0.01471245,0.001470733,-0.003574413,-6.621284,-5.652234,-6.195217,59.8951
L,-0.1896248,0.8625756,-0.1157585,0.006073454,-0.0009686961,-0.003953448,-0.3257567,-0.09198529,-0.01429255,59.92162
L,-0.189989,0.8621324,-0.1156221,-0.023979,-0.02917425,0.008978882,-1.97842,-1.856835,0.8513643,59.93681
L,-0.1902831,0.861762,-0.1154565,-0.01094549,-0.01379003,0.006165851,0.4851827,0.57269,-0.1047173,59.96367
L,-0.1896792,0.8613959,-0.1161875,0.04241714,-0.0257151,-0.05134594,3.74831,-0.8376437,-4.039756,59.97791
L,-0.1890349,0.8610782,-0.1168705,0.04288741,-0.02114811,-0.04546744,0.0313048,0.3040146,0.3913189,59.99293
L,-0.1892761,0.8598607,-0.1166382,-0.01706981,-0.08616951,0.01644179,-4.243365,-4.601774,4.381516,60.00706
L,-0.1895469,0.8583798,-0.1163206,-0.0104747,-0.0572909,0.01228745,0.2551457,1.117231,-0.1607195,60.03291
L,-0.1866755,0.8548786,-0.1178437,0.210372,-0.2565155,-0.1115951,16.18044,-14.59629,-9.076316,60.04655
L,-0.1851777,0.8532034,-0.118555,0.1000113,-0.1118545,-0.04748989,-7.368919,9.659201,4.280384,60.06153
L,-0.1863215,0.8535938,-0.1196711,-0.0760243,0.02594923,-0.07418458,-11.70048,9.159333,-1.774303,60.07658
L,-0.1878367,0.8540931,-0.1212042,-0.0583939,0.01924296,-0.05908361,0.6794626,-0.2584545,0.5819802,60.10252
L,-0.1813765,0.8601763,-0.1236061,0.23167,0.2181472,-0.08613709,10.40199,7.132909,-0.970165,60.13041
L,-0.1768245,0.8625912,-0.1257467,0.3151816,0.1672114,-0.1482121,5.782369,-3.526812,-4.298093,60.14485
L,-0.174873,0.8635359,-0.1266587,0.1344791,0.06510006,-0.06284811,-12.4527,-7.036774,5.882662,60.15936
L,-0.1679039,0.8679619,-0.1283626,0.480012,0.3048476,-0.1173579,23.7991,16.51297,-3.754442,60.17388
L,-0.1624785,0.8713117,-0.1297379,0.2074438,0.1280835,-0.05258852,-10.42184,-6.758699,2.476502,60.20004
L,-0.1560278,0.870486,-0.1299261,0.4177381,-0.05347162,-0.01218291,13.61843,-11.75731,2.616623,60.21548
L,-0.1557511,0.8703495,-0.129107,0.01078371,-0.005322164,0.03192427,-15.86094,1.876612,1.719065,60.24113
L,-0.1553459,0.8695943,-0.128655,0.0257466,-0.04798079,0.02871747,0.9506619,-2.710301,-0.2037432,60.25687
L,-0.1546365,0.8684319,-0.1288415,0.02729902,-0.04473035,-0.007178853,0.05974141,0.1250859,-1.381387,60.28286
L,-0.1544638,0.8656895,-0.1286851,0.01218679,-0.1935666,0.01103931,-1.066662,-10.50526,1.285886,60.29703
L,-0.1552091,0.8638709,-0.1282352,-0.04163836,-0.1016091,0.0251367,-3.007233,5.137702,0.7876271,60.31493
L,-0.155654,0.8623841,-0.1279095,-0.01869116,-0.06245993,0.01368252,0.9640179,1.644667,-0.4811932,60.33873
L,-0.162843,0.8597637,-0.126584,-0.428891,-0.1563282,0.07908067,-24.47233,-5.600139,3.901624,60.35549
L,-0.1684824,0.8584023,-0.1261182,-0.2258369,-0.0545228,0.01865285,8.131594,4.076945,-2.419919,60.38046
L,-0.1760636,0.8588504,-0.1290973,-0.494617,0.02923563,-0.1943656,-17.53586,5.464602,-13.89784,60.39579
L,-0.1796337,0.8601128,-0.1320296,-0.1351255,0.04778416,-0.1109863,13.60649,0.7020485,3.155843,60.42221
L,-0.1994024,0.8870758,-0.1496895,-0.6997373,0.9543846,-0.6250913,-19.98509,32.09018,-18.19734,60.45046
L,-0.1994024,0.8870758,-0.1496895,0,0,0,50.6718,-69.11221,45.26628,60.46427
L,-0.1994024,0.8870758,-0.1496895,0,0,0,0,0,0,60.47952
L,-0.1994024,0.8870758,-0.1496895,0,0,0,0,0,0,60.50609
L,-0.1990028,0.9002777,-0.1110874,0.02567498,0.8482383,2.480226,1.649642,54.50014,159.3569,60.52165
L,-0.1984345,0.9045761,-0.1012317,0.02228128,0.1685285,0.3864196,-0.1330596,-26.65,-82.09373,60.54716
L,-0.2064466,0.9125653,-0.08401537,-0.2860708,0.2852531,0.614704,-11.00962,4.167619,8.150826,60.57516
L,-0.2205622,0.9091322,-0.06772523,-0.9145616,-0.2224303,1.055453,-40.72049,-32.89326,28.55653,60.5906
L,-0.2270553,0.9027125,-0.06247675,-0.2482674,-0.2454625,0.200679,25.47623,-0.8806497,-32.68289,60.61675
L,-0.243846,0.8952693,-0.05806122,-1.109271,-0.4917307,0.2917104,-56.88177,-16.26959,6.013944,60.63189
L,-0.2533801,0.8924216,-0.05693537,-0.6806386,-0.2032995,0.08037386,30.60004,20.5911,-15.08731,60.6459
L,-0.2612729,0.890264,-0.05504954,-0.302226,-0.08261896,0.07221142,14.49001,4.621044,-0.3125525,60.67201
L,-0.2605011,0.8955588,-0.06761252,0.05015377,0.3440792,-0.8163881,22.89892,27.7284,-57.74443,60.6874
L,-0.2618479,0.8966559,-0.07037008,-0.05081386,0.04139231,-0.104041,-3.80945,-11.4202,26.87644,60.71391
L,-0.2620658,0.8999808,-0.08001914,-0.01360119,0.2075223,-0.6022484,2.322637,10.36904,-31.09574,60.72993
L,-0.2616358,0.9025025,-0.08621051,0.01683105,0.09869317,-0.2423158,1.191046,-4.259317,14.08692,60.75548
L,-0.2566471,0.9069504,-0.09675408,0.3441406,0.3068421,-0.727351,22.57954,14.35921,-33.46028,60.76997
L,-0.2556431,0.9086639,-0.1004882,0.06818734,0.1163698,-0.2535966,-18.7408,-12.93554,32.17406,60.7847
L,-0.2560229,0.9083823,-0.1028834,-0.01448928,-0.01074332,-0.09136629,-3.153839,-4.848945,6.188547,60.81091
L,-0.2539518,0.9104052,-0.109081,0.1407992,0.1375211,-0.4213386,10.55704,10.07952,-22.43264,60.82562
L,-0.2515125,0.9127323,-0.1134373,0.1689887,0.1612175,-0.3017919,1.952878,1.641614,8.281833,60.84006
L,-0.2500245,0.9144971,-0.1169827,0.1012684,0.1200999,-0.2412789,-4.608634,-2.798212,4.118151,60.85475
L,-0.2519812,0.9197216,-0.1148095,-0.07590079,0.2026603,0.08429997,-6.872424,3.20253,12.62926,60.88053
L,-0.2514102,0.9265609,-0.1158911,0.03656074,0.4379313,-0.06925818,7.201054,15.0647,-9.832522,60.89615
L,-0.2489469,0.9287879,-0.1187423,0.093966,0.08495298,-0.1087625,2.18982,-13.46495,-1.50696,60.92236
L,-0.250147,0.9289899,-0.1190908,-0.08274428,0.01392359,-0.0240257,-12.18399,-4.897403,5.842517,60.93687
L,-0.2508183,0.9293277,-0.1195223,-0.04680228,0.02355386,-0.03009007,2.505846,0.6714137,-0.4228031,60.95121
L,-0.2515592,0.9298643,-0.1201698,-0.05365375,0.03885964,-0.04688309,-0.4961523,1.108375,-1.216074,60.96502
L,-0.250984,0.9299906,-0.1208907,0.04090859,0.008978228,-0.05127032,6.725163,-2.125131,-0.3120149,60.97908
L,-0.250224,0.9302855,-0.1219813,0.05329555,0.02067867,-0.07648642,0.8686907,0.820546,-1.768392,60.99334
L,-0.2500096,0.9331258,-0.1233375,0.008321307,0.1102099,-0.05262307,-1.745075,3.47396,0.9259375,61.01911
L,-0.250205,0.936241,-0.1267646,-0.01350199,0.2152412,-0.236794,-1.507867,7.257068,-12.72517,61.03358
L,-0.2503085,0.9379328,-0.1285767,-0.003772712,0.06163363,-0.06601106,0.3544292,-5.595788,6.221474,61.06104
L,-0.2532864,0.9407429,-0.1321713,-0.1023915,0.09661923,-0.1235982,-3.390913,1.202946,-1.980078,61.09012
L,-0.2586543,0.9421723,-0.1351732,-0.1974136,0.05257216,-0.1103976,-3.494595,-1.619904,0.4854732,61.11731
L,-0.2601948,0.9444724,-0.1392156,-0.1003568,0.1498354,-0.2633486,6.322775,6.336224,-9.964014,61.13266
L,-0.2594856,0.9462777,-0.1421157,0.02700669,0.06874864,-0.1104327,4.850027,-3.087798,5.823066,61.15892
L,-0.2603239,0.9477853,-0.1451933,-0.03022804,0.05435866,-0.1109762,-2.063788,-0.5188783,-0.01959707,61.18665
L,-0.2593997,0.9482005,-0.1466654,0.06003391,0.02696822,-0.09561505,5.862643,-1.779048,0.997728,61.20205
L,-0.258984,0.9485055,-0.1475709,0.01617111,0.011866,-0.03522814,-1.706496,-0.5875567,2.349372,61.22775
L,-0.2565931,0.9512933,-0.1509306,0.157792,0.183995,-0.2217348,9.346697,11.36017,-12.30906,61.2429
L,-0.2554403,0.9528962,-0.1528682,0.04350863,0.06049345,-0.07312493,-4.313088,-4.660983,5.608577,61.2694
L,-0.2552394,0.9524239,-0.1527493,0.01422584,-0.03344476,0.008420279,-2.073557,-6.651901,5.774335,61.28352
L,-0.2551475,0.9522503,-0.1527653,0.006101661,-0.01152294,-0.001063093,-0.5391658,1.454854,-0.6293694,61.29859
L,-0.2541266,0.9524339,-0.153951,0.02524214,0.004539238,-0.02931603,0.4732656,0.3971519,-0.6985794,61.33904
L,-0.2541066,0.9518076,-0.1551141,0.0007433618,-0.02328019,-0.0432374,-0.9106932,-1.034132,-0.517499,61.36594
L,-0.2537816,0.9519439,-0.1575825,0.02102357,0.008818948,-0.1596906,1.312027,2.076653,-7.533937,61.38139
L,-0.2536142,0.952105,-0.1589435,0.006367925,0.00612754,-0.05178418,-0.5576036,-0.1024001,4.105519,61.40768
L,-0.2549125,0.9512295,-0.1603391,-0.09085108,-0.06126952,-0.09766251,-6.803358,-4.716427,-3.210552,61.42197
L,-0.2545041,0.9505683,-0.1612554,0.0287318,-0.04651855,-0.06446885,8.413294,1.037809,2.335351,61.43618
L,-0.2540189,0.9499572,-0.1621958,0.01810867,-0.02280574,-0.03509396,-0.3964678,0.8849904,1.096306,61.46297
L,-0.2536958,0.9520619,-0.1685187,0.02283314,0.1487155,-0.4467718,0.3338249,12.11948,-29.08865,61.47713
L,-0.2535359,0.9531583,-0.1716489,0.01097227,0.07524133,-0.2148039,-0.8139412,-5.042096,15.91859,61.4917
L,-0.2547283,0.9528156,-0.1730918,-0.04510507,-0.01296447,-0.05458266,-2.121261,-3.336597,6.060755,61.51814
L,-0.2532436,0.9481688,-0.1778708,0.09943871,-0.3112265,-0.320078,9.680962,-19.97639,-17.78181,61.53307
L,-0.2505414,0.943729,-0.1817225,0.1874959,-0.3080623,-0.2672586,6.110019,0.2195544,3.664972,61.54748
L,-0.2486913,0.9406172,-0.1847178,0.1325126,-0.2228782,-0.2145321,-3.938123,6.101227,3.776488,61.56144
L,-0.2465304,0.9381905,-0.1832823,0.1465258,-0.1645515,0.09733292,0.9502009,3.954991,21.1468,61.57619
L,-0.2465841,0.9384702,-0.1830128,-0.002121863,0.01103909,0.01063695,-5.865005,6.92806,-3.420655,61.60153
L,-0.2466386,0.9388359,-0.1827812,-0.003591705,0.0241177,0.01527507,-0.09695783,0.8627273,0.3059527,61.61669
L,-0.2466401,0.9390121,-0.1827226,-0.0001052645,0.01232741,0.004095934,0.2438499,-0.8246412,-0.7818952,61.63099
L,-0.2476793,0.9413201,-0.1821236,-0.0397331,0.08824615,0.02290307,-1.515198,2.902807,0.7191041,61.65714
L,-0.249601,0.9446747,-0.1804997,-0.1395494,0.2436028,0.1179266,-7.248269,11.28139,6.900231,61.67091
L,-0.2503577,0.946044,-0.1799725,-0.04949476,0.08955916,0.03447597,5.890043,-10.07526,-5.458101,61.6862
L,-0.2519381,0.9468282,-0.1806419,-0.1037279,0.05147174,-0.04393504,-3.559559,-2.499847,-5.146464,61.70144
L,-0.2534053,0.9475465,-0.1813431,-0.05644514,0.02763153,-0.02697342,1.819031,-0.9171658,0.6525371,61.72743
L,-0.254921,0.9472129,-0.1824099,-0.09757183,-0.0214767,-0.06868266,-2.647622,-3.161451,-2.685124,61.74297
L,-0.2557736,0.9472159,-0.1831867,-0.03368228,0.0001177291,-0.03068608,2.523849,0.8530515,1.500991,61.76828
L,-0.2563173,0.9473567,-0.1845352,-0.03735096,0.009675544,-0.09263217,-0.2520232,0.6565838,-4.25545,61.78284
L,-0.2560398,0.9475231,-0.1853377,0.01955435,0.01172715,-0.05655557,4.01005,0.1445743,2.542276,61.79703
L,-0.2557605,0.9477009,-0.1861982,0.01912715,0.01217183,-0.05892233,-0.02925478,0.0304517,-0.1620775,61.81163
L,-0.2567516,0.9480055,-0.1872316,-0.03732826,0.01147405,-0.03892387,-2.126357,-0.02628139,0.7532293,61.83818
L,-0.2577903,0.9484732,-0.1888226,-0.07083686,0.03189224,-0.1085001,-2.28514,1.392431,-4.744792,61.85284
L,-0.2577438,0.948597,-0.1892363,0.003348521,0.008915088,-0.02977738,5.339718,-1.65385,5.666304,61.86674
L,-0.2577053,0.9487045,-0.1896037,0.002550819,0.007128857,-0.02436022,-0.05288639,-0.1184243,0.3591491,61.88182
L,-0.2576715,0.9488211,-0.1900075,0.001316388,0.004537188,-0.01571141,-0.04804019,-0.1008596,0.3365847,61.90752
L,-0.2607486,0.9521594,-0.1912523,-0.2119372,0.2299289,-0.08573942,-14.68816,15.52419,-4.823285,61.92204
L,-0.2625184,0.9542073,-0.192006,-0.1311321,0.1517365,-0.05584348,5.987158,-5.793575,2.215105,61.93553
L,-0.2639204,0.9558284,-0.192619,-0.10192,0.1178461,-0.04456223,2.123621,-2.463716,0.8201083,61.94929
L,-0.265157,0.9567335,-0.1920218,-0.08752362,0.06406081,0.04226322,1.018876,-3.806559,6.144917,61.96342
L,-0.266257,0.9575763,-0.1915476,-0.0783096,0.06000475,0.03375904,0.6560028,-0.2887758,-0.6054645,61.97746
L,-0.2672863,0.9584002,-0.1911579,-0.07368327,0.05897563,0.0278963,0.3311752,-0.07366966,-0.4196837,61.99143
L,-0.2671106,0.9582442,-0.1901462,0.01268294,-0.01126464,0.07306302,6.23702,-5.07247,3.261759,62.00528
L,-0.2669582,0.9581229,-0.1889816,0.01046646,-0.008328149,0.07996047,-0.1521835,0.2016192,0.4735791,62.01984
L,-0.2661856,0.9563982,-0.1891201,0.05231066,-0.1167638,-0.009373184,2.832956,-7.341362,-6.04811,62.03461
L,-0.2651711,0.9540587,-0.1893339,0.04006172,-0.09239182,-0.008444514,-0.483728,0.9624834,0.0366745,62.05994
L,-0.2648685,0.9541931,-0.1899913,0.02069273,0.009189978,-0.04494633,-1.324325,6.945503,-2.495757,62.07456
L,-0.2641936,0.9539047,-0.1904268,0.05034549,-0.02151661,-0.0324928,2.212092,-2.290708,0.9290319,62.08797
L,-0.2634152,0.9535633,-0.190918,0.0553615,-0.02428106,-0.03492946,0.3567328,-0.1966046,-0.1732927,62.10203
L,-0.2626431,0.9532294,-0.1914158,0.05195032,-0.02246695,-0.03349489,-0.229523,0.1220632,0.09652578,62.11689
L,-0.2597614,0.9492989,-0.1901173,0.1064274,-0.1451597,0.04795585,2.011954,-4.531301,3.008147,62.14397
L,-0.2571307,0.9501354,-0.1923645,0.1740598,0.0553461,-0.1486889,4.474868,13.26638,-13.01091,62.15908
L,-0.2558279,0.9505585,-0.1934764,0.09234721,0.02999087,-0.07881477,-5.792448,-1.797383,4.953241,62.17319
L,-0.254734,0.9509156,-0.194427,0.07813565,0.02550664,-0.06790596,-1.015116,-0.3203037,0.7792048,62.18719
L,-0.2532292,0.9487226,-0.1935136,0.05844097,-0.08516667,0.0354728,-0.7648653,-4.298125,4.014833,62.21294
L,-0.2550745,0.9478096,-0.1945908,-0.1370308,-0.06780276,-0.0799896,-14.51608,1.289474,-8.57444,62.2264
L,-0.256582,0.9470854,-0.1955767,-0.1068074,-0.05130912,-0.0698543,2.141318,1.16857,0.7180828,62.24052
L,-0.2579404,0.9464426,-0.1965347,-0.09929892,-0.04698829,-0.07003146,0.5488875,0.3158619,-0.01295021,62.2542
L,-0.2641676,0.947902,-0.196804,-0.4374163,0.1025087,-0.0189158,-23.75011,10.501,3.590478,62.26843
L,-0.2695023,0.9491514,-0.1971488,-0.3622935,0.08485266,-0.0234122,5.101805,-1.199075,-0.305364,62.28316
L,-0.2713118,0.9497072,-0.1943789,-0.124048,0.03810228,0.1898781,16.33228,-3.204846,14.62154,62.29774
L,-0.272903,0.950162,-0.1923326,-0.1169728,0.03343207,0.1504333,0.5201097,-0.343317,-2.899663,62.31135
L,-0.272423,0.9505757,-0.192107,0.03522624,0.03036202,0.01655235,11.16967,-0.2253065,-9.825336,62.32497
L,-0.2721535,0.9508722,-0.191964,0.02009341,0.02210431,0.01065886,-1.128265,-0.6156738,-0.4394035,62.33839
L,-0.2719159,0.9512223,-0.1918002,0.0181578,0.02675838,0.01251936,-0.1479328,0.3556961,0.1421919,62.35147
L,-0.2720272,0.9508316,-0.1919217,-0.007856698,-0.0275921,-0.008578597,-1.837162,-3.838269,-1.489952,62.36563
L,-0.2722706,0.9501824,-0.192126,-0.01729336,-0.04612127,-0.01451558,-0.6703969,-1.316345,-0.4217738,62.37971
L,-0.2721055,0.9490709,-0.1918472,0.01229326,-0.08272555,0.02075126,2.202145,-2.724472,2.624927,62.39314
L,-0.2719868,0.9478236,-0.1915163,0.008548678,-0.08983088,0.02383564,-0.269676,-0.5117086,0.2221293,62.40703
L,-0.2719393,0.9466321,-0.1911862,0.003276143,-0.08232571,0.02280636,-0.3643024,0.5185645,-0.07111699,62.4215
L,-0.2718662,0.9467171,-0.1912935,0.00531961,0.006186702,-0.007802745,0.1486356,6.438124,-2.226413,62.43525
L,-0.2718066,0.9468137,-0.1914054,0.004248419,0.006885882,-0.007983584,-0.07638912,0.04986008,-0.01289602,62.44927
L,-0.2716224,0.9466307,-0.1913604,0.01315062,-0.01306764,0.003214784,0.6355277,-1.424482,0.7994512,62.46328
L,-0.2714287,0.9464183,-0.1913029,0.01391053,-0.01525257,0.004127782,0.05457727,-0.1569222,0.06557178,62.4772
L,-0.2700904,0.9473956,-0.1913366,0.09410626,0.06872401,-0.002369107,5.639171,5.905031,-0.4568456,62.49142
L,-0.2682371,0.9487942,-0.191374,0.1365519,0.1030468,-0.00275787,3.12728,2.528814,-0.028643,62.505
L,-0.2664612,0.9501756,-0.1914,0.1230242,0.09569487,-0.001796214,-0.9371583,-0.5093217,0.06662055,62.51943
L,-0.2665593,0.950121,-0.1914687,-0.006830749,-0.003802471,-0.00478526,-9.043754,-6.929498,-0.2081723,62.53379
L,-0.2666569,0.9500725,-0.1915269,-0.007077511,-0.003514976,-0.004222944,-0.01789908,0.02085361,0.040788,62.54758
L,-0.267336,0.9489331,-0.1908472,-0.04826888,-0.08099326,0.04831019,-2.927893,-5.507176,3.734069,62.56165
L,-0.2674704,0.9486982,-0.1907866,-0.009653253,-0.01687072,0.004354666,2.773385,4.605299,-3.156898,62.57557
L,-0.2675554,0.948549,-0.1907507,-0.003198572,-0.005614323,0.001349748,0.2429021,0.4235998,-0.1130809,62.60214
L,-0.2690491,0.9496821,-0.1868142,-0.1007165,0.07640094,0.265416,-6.575039,5.529787,17.80437,62.61697
L,-0.2705406,0.9493614,-0.1840284,-0.1061283,-0.02282251,0.1982327,-0.3850848,-7.060486,-4.780597,62.63103
L,-0.271705,0.949119,-0.1818858,-0.08691629,-0.01809421,0.159926,1.434028,0.3529313,-2.859298,62.64442
L,-0.270904,0.9482483,-0.1792887,0.05829661,-0.06336758,0.1890096,10.56821,-3.294875,2.116625,62.65816
L,-0.2702445,0.9474996,-0.1769613,0.04861721,-0.05518841,0.1715762,-0.713553,0.6029578,-1.285167,62.67173
L,-0.2697211,0.9468675,-0.1749119,0.03696626,-0.04463985,0.1447259,-0.8227986,0.7449467,-1.896184,62.68589
L,-0.2683202,0.9432968,-0.1745544,0.09587957,-0.2443946,0.02447271,4.032316,-13.67219,-8.230721,62.7005
L,-0.267016,0.939954,-0.1740446,0.08282613,-0.2122812,0.0323704,-0.828944,2.039323,0.5015338,62.71625
L,-0.2635771,0.9391593,-0.1747715,0.1327262,-0.03067257,-0.02805576,1.925944,7.009367,-2.332207,62.74216
L,-0.2604515,0.9382353,-0.1741113,0.1182325,-0.03495445,0.02497463,-0.5482588,-0.1619725,2.006003,62.76859
L,-0.2609423,0.9364418,-0.1701156,-0.03380559,-0.1235262,0.275209,-10.47186,-6.100512,17.23527,62.78311
L,-0.2616873,0.9344743,-0.1666012,-0.04909227,-0.1296545,0.231598,-1.007369,-0.4038476,-2.873893,62.79829
L,-0.2621821,0.9327973,-0.1637488,-0.01910438,-0.06474595,0.1101212,1.157753,2.505949,-4.689901,62.82419
L,-0.2584876,0.9255653,-0.1420975,0.2596515,-0.5082649,1.521656,19.59093,-31.17046,99.20253,62.83842
L,-0.2569687,0.9225821,-0.1322515,0.1115349,-0.2190564,0.7229889,-10.87615,21.23649,-58.64589,62.85204
L,-0.2632358,0.9314584,-0.1288016,-0.4617455,0.6539796,0.2541785,-42.23778,64.32298,-34.54071,62.86561
L,-0.2676177,0.9376519,-0.1252707,-0.3147089,0.4448202,0.2535906,10.56021,-15.02189,-0.04222817,62.87953
L,-0.2653055,0.9316831,-0.1165088,0.1615472,-0.4170276,0.6121725,33.27497,-60.21541,25.05333,62.89384
L,-0.2637075,0.9272859,-0.1089282,0.1051491,-0.2893292,0.4987984,-3.710947,8.402452,-7.459922,62.90904
L,-0.2625859,0.923912,-0.1021736,0.08162349,-0.2455407,0.4915835,-1.712133,3.186812,-0.5250859,62.92278
L,-0.2611299,0.9233799,-0.08027952,0.1040609,-0.03803163,1.564719,1.603552,14.83022,76.69469,62.93678
L,-0.260024,0.9226489,-0.06248256,0.07951137,-0.0525576,1.279585,-1.765087,-1.044404,-20.50091,62.95068
L,-0.248374,0.9350639,-0.01297704,0.8478602,0.9035302,3.60288,55.91839,69.58153,169.0833,62.96442
L,-0.2395363,0.9440913,0.02713644,0.6237831,0.6371794,2.831316,-15.81595,-18.79974,-54.45904,62.97859
L,-0.2378018,0.9457842,0.07867607,0.06770504,0.06607588,2.011734,-21.70526,-22.29175,-31.99055,63.00421
L,-0.228973,0.9500936,0.1470109,0.6014569,0.2935819,4.65529,36.36171,15.49879,180.0915,63.01889
L,-0.2212725,0.953132,0.194197,0.5446921,0.2149175,3.337716,-4.015263,-5.564327,-93.19863,63.03303
L,-0.215575,0.9555198,0.2261039,0.4008551,0.167996,2.244815,-10.1197,-3.30118,-76.89142,63.04724
L,-0.2130848,0.9519995,0.2391195,0.08235998,-0.1164285,0.430479,-10.53389,-9.407039,-60.00721,63.07748
L,-0.2154912,0.9426631,0.2435616,-0.09862854,-0.382661,0.1820596,-7.417926,-10.9117,-10.18162,63.10188
L,-0.2147183,0.9367996,0.2174901,0.05111137,-0.3877594,-1.724137,9.902476,-0.3371575,-126.059,63.117
L,-0.2104533,0.9360727,0.206683,0.3029927,-0.05163872,-0.7677538,17.89408,23.87859,67.94314,63.13107
L,-0.2070394,0.9354303,0.2009393,0.2445174,-0.04601264,-0.4113868,-4.188238,0.4029628,25.52445,63.14503
L,-0.196995,0.9454391,0.1910359,0.740464,0.7378374,-0.7300667,36.56058,57.78447,-23.49269,63.1586
L,-0.188797,0.952821,0.1857631,0.3122735,0.2811842,-0.2008483,-16.31031,-17.3945,20.15859,63.18485
L,-0.1838013,0.9693033,0.1704344,0.358006,1.181178,-1.098502,3.277335,64.49645,-64.32874,63.19881
L,-0.1804818,0.976738,0.1663475,0.2230066,0.4994794,-0.2745667,-9.069522,-45.79786,55.35358,63.21369
L,-0.1832051,0.9735755,0.1681848,-0.1008594,-0.1171279,0.06804921,-11.99485,-22.83695,12.68928,63.24069
L,-0.1947557,0.9635144,0.1761454,-0.8514966,-0.741691,0.5868437,-55.33606,-46.04203,38.2449,63.25426
L,-0.1978275,0.9625928,0.1786328,-0.2175197,-0.06526455,0.1761347,44.89283,47.89874,-29.0829,63.26838
L,-0.1993616,0.9623758,0.1802937,-0.1120191,-0.01584262,0.1212809,7.703719,3.60882,-4.005461,63.28207
L,-0.2002386,0.9629515,0.179629,-0.06133896,0.04026731,-0.04649459,3.544686,3.924461,-11.73461,63.29637
L,-0.2008533,0.963495,0.1792579,-0.0450376,0.03981799,-0.02718436,1.194328,-0.03292009,1.414774,63.31002
L,-0.2013877,0.9640913,0.1790403,-0.03737827,0.04170557,-0.01521749,0.5357118,0.1320225,0.8369908,63.32432
L,-0.2029306,0.9650958,0.1786509,-0.1129812,0.07355098,-0.02851344,-5.535992,2.331866,-0.9735904,63.33797
L,-0.204413,0.9662063,0.1784208,-0.1049707,0.07863992,-0.01629503,0.5672335,0.3603558,0.8652033,63.3521
L,-0.2080514,0.9661389,0.1774471,-0.274866,-0.005092759,-0.07355795,-12.83488,-6.325655,-4.325974,63.36533
L,-0.2112062,0.9662238,0.1767537,-0.2164932,0.005828698,-0.04758467,4.005785,0.7494749,1.782393,63.37991
L,-0.2107724,0.9661419,0.1755955,0.03083374,-0.005825481,-0.08232888,17.58006,-0.8283821,-2.469628,63.39397
L,-0.2104494,0.9661324,0.174686,0.02308713,-0.0006773105,-0.06499518,-0.5536336,0.3679286,1.238801,63.40797
L,-0.2101685,0.9661778,0.1738092,0.01984923,0.00320502,-0.0619546,-0.2287863,0.2743207,0.214844,63.42212
L,-0.2101505,0.9660783,0.1737833,0.001210317,-0.006683271,-0.001738892,-1.252198,-0.6643147,4.045409,63.437
L,-0.2101463,0.9659904,0.1737702,0.0003036972,-0.006487676,-0.0009683099,-0.06694786,0.01444343,0.05690238,63.45055
L,-0.210175,0.9650352,0.1731493,-0.00208095,-0.06944156,-0.04514286,-0.1733558,-4.576534,-3.21134,63.4643
L,-0.2102463,0.9637415,0.1722962,-0.005213777,-0.09451644,-0.0623269,-0.2288884,-1.832004,-1.255488,63.47799
L,-0.2103482,0.9624846,0.1714556,-0.007717721,-0.0951762,-0.06364976,-0.1895997,-0.04995701,-0.1001676,63.4912
L,-0.2109018,0.961471,0.1711106,-0.04262678,-0.07806074,-0.02657145,-2.688367,1.318071,2.855422,63.50418
L,-0.2114094,0.9605944,0.1708082,-0.03527742,-0.06091762,-0.02101422,0.5107613,1.191402,0.386213,63.51857
L,-0.2126974,0.9591073,0.1709378,-0.09441852,-0.1090167,0.00950346,-4.335426,-3.525975,2.237144,63.53221
L,-0.2139743,0.9576634,0.1710572,-0.09376094,-0.1060268,0.008763349,0.04828541,0.2195493,-0.05434618,63.54583
L,-0.2151392,0.9563704,0.1711557,-0.08720575,-0.09678844,0.007374134,0.4906928,0.6915407,-0.1039903,63.55919
L,-0.2152386,0.9563878,0.1714119,-0.007008766,0.001227138,0.01806457,5.654426,6.910758,0.7537475,63.57337
L,-0.2151148,0.9565001,0.1714398,0.008964315,0.008127416,0.002017834,1.15606,0.4994109,-1.16139,63.58719
L,-0.2148305,0.9568163,0.1715069,0.0205536,0.02286438,0.004854264,0.8378547,1.065418,0.2050616,63.60102
L,-0.2142275,0.9574932,0.1716507,0.04342698,0.04875086,0.01035264,1.647286,1.864281,0.3959794,63.61491
L,-0.21237,0.960124,0.1732319,0.1304033,0.184688,0.111008,6.106136,9.543413,7.066471,63.62915
L,-0.2106281,0.9626232,0.1747559,0.1295802,0.1859171,0.1133688,-0.06122637,0.09143108,0.1756161,63.64259
L,-0.2092468,0.964631,0.1759984,0.09346767,0.1358576,0.08408117,-2.443646,-3.3874,-1.981822,63.65737
L,-0.2075486,0.967073,0.1715936,0.1234531,0.1775253,-0.3202172,2.179839,3.029099,-29.39112,63.67113
L,-0.2059428,0.9694066,0.1676341,0.113338,0.1647146,-0.2794694,-0.7139471,-0.9042149,2.876087,63.6853
L,-0.2074323,0.9699576,0.1656067,-0.1111746,0.0411313,-0.151336,-16.75816,-9.224549,9.564175,63.69869
L,-0.2085398,0.9704977,0.1639544,-0.07953981,0.03878425,-0.1186665,2.272022,-0.1685659,2.346334,63.71262
L,-0.209411,0.9710582,0.1625006,-0.06159402,0.03963137,-0.1027771,1.268711,0.05988899,1.123329,63.72676
L,-0.2185061,0.9564728,0.1457762,-0.6461319,-1.036179,-1.188132,-41.52658,-76.42742,-77.10548,63.74084
L,-0.2250023,0.9463496,0.1338308,-0.4764816,-0.742511,-0.8761662,12.44342,21.5398,22.88191,63.75447
L,-0.2350883,0.9313881,0.1135214,-0.7188626,-1.066353,-1.447519,-17.27534,-23.08137,-40.72232,63.7685
L,-0.2427019,0.9202924,0.09843719,-0.5453189,-0.7947233,-1.080395,12.4299,19.45523,26.29493,63.78246
L,-0.2390843,0.9060579,0.06326818,0.2572826,-1.01234,-2.501179,57.08008,-15.47662,-101.0445,63.79652
L,-0.2371459,0.8947952,0.03844222,0.1347843,-0.7831399,-1.726254,-8.517826,15.93723,53.88382,63.81091
L,-0.2363014,0.885209,0.01742002,0.06052125,-0.6869789,-1.506518,-5.321927,6.89121,15.74695,63.82486
L,-0.2450075,0.8704069,0.01051947,-0.5033678,-0.855822,-0.3989718,-32.60258,-9.762065,64.03543,63.84216
L,-0.2516472,0.858155,0.001830143,-0.2736727,-0.5049921,-0.3581531,9.467481,14.46037,1.682448,63.86642
L,-0.2427049,0.8310334,-0.03842268,0.5753971,-1.745156,-2.590092,54.63391,-79.7991,-143.6155,63.88196
L,-0.2361841,0.8231738,-0.05249069,0.2568201,-0.3095492,-0.5540631,-12.54703,56.54082,80.18822,63.90735
L,-0.2326587,0.8117757,-0.07433113,0.2420565,-0.7825923,-1.499565,-1.013665,-32.47916,-64.91823,63.92191
L,-0.2332141,0.806601,-0.08408366,-0.0385781,-0.359433,-0.6774161,-19.49303,29.39287,57.10692,63.93631
L,-0.2336057,0.800874,-0.09437877,-0.02681822,-0.3921924,-0.7050159,0.8053243,-2.243387,-1.890054,63.95091
L,-0.2356288,0.7958597,-0.0989935,-0.07664096,-0.1899521,-0.1748157,-1.887389,7.661282,20.08509,63.97731
L,-0.2284455,0.7905735,-0.1108197,0.4599566,-0.3384793,-0.7572491,34.35902,-9.510385,-37.29395,63.99293
L,-0.2196589,0.7890248,-0.1180142,0.3497357,-0.06164354,-0.2863644,-4.387148,11.01896,18.74272,64.01805
L,-0.2224667,0.7976537,-0.1144951,-0.1991448,0.612013,0.2495994,-38.93012,47.78004,38.01399,64.03215
L,-0.2234973,0.8005928,-0.1152278,-0.07373367,0.210285,-0.05241774,8.972644,-28.74197,-21.60808,64.04613
L,-0.2240665,0.801896,-0.1171113,-0.03563287,0.08156862,-0.1179001,2.384884,-8.056885,-4.098808,64.0621
L,-0.2278569,0.7997397,-0.1148378,-0.1412988,-0.08038476,0.08475541,-3.939092,-6.037416,7.554739,64.08893
L,-0.2364974,0.7928535,-0.1070571,-0.5917081,-0.4715705,0.5328281,-30.84433,-26.78866,30.68432,64.10353
L,-0.2393534,0.7897961,-0.1058581,-0.1038135,-0.1111321,0.04358106,17.73414,13.10133,-17.7833,64.13104
L,-0.2407094,0.7947268,-0.1082227,-0.05082146,0.1848102,-0.08862982,1.98621,11.09229,-4.955431,64.15772
L,-0.2428361,0.8039945,-0.1118779,-0.1391017,0.6061588,-0.2390702,-5.773984,27.55839,-9.839582,64.17301
L,-0.2438677,0.8072214,-0.1139411,-0.03821788,0.1195458,-0.07643548,3.737434,-18.02751,6.025115,64.2
L,-0.2488048,0.8041149,-0.1086868,-0.344939,-0.2170426,0.3671105,-21.42993,-23.51669,30.98958,64.21432
L,-0.2517601,0.8024667,-0.1062177,-0.2182295,-0.1217121,0.1823245,9.356652,7.039521,-13.64522,64.22786
L,-0.2532547,0.8038516,-0.10582,-0.1065866,0.09876139,0.02836282,7.961511,15.72247,-10.97936,64.24188
L,-0.2546282,0.8049397,-0.105661,-0.09864298,0.07815068,0.01142123,0.5705158,-1.480267,-1.216749,64.25581
L,-0.2544754,0.80595,-0.1065196,0.01106663,0.0732017,-0.06221119,7.949065,-0.3585809,-5.335074,64.26961
L,-0.2544428,0.8071226,-0.1076101,0.002368798,0.08496147,-0.07901573,-0.6302056,0.8520602,-1.217582,64.28341
L,-0.2534922,0.8101866,-0.1096549,0.06895061,0.2222434,-0.1483175,4.829558,9.957836,-5.026854,64.2972
L,-0.252817,0.8130335,-0.1116572,0.04765541,0.2009415,-0.1413286,-1.503072,-1.503539,0.493295,64.31136
L,-0.2524391,0.8153801,-0.1134005,0.02861875,0.1776881,-0.1320052,-1.441463,-1.760759,0.7059751,64.32457
L,-0.2517999,0.8241121,-0.115889,0.0464162,0.6340807,-0.1807063,1.292381,33.14143,-3.536481,64.33834
L,-0.251476,0.8307873,-0.1179526,0.02296005,0.473195,-0.1462837,-1.662761,-11.40488,2.44015,64.35245
L,-0.2454872,0.8371922,-0.1169292,0.439263,0.4697818,0.07506798,30.53478,-0.2503498,16.23559,64.36608
L,-0.2411309,0.8424361,-0.1164886,0.3118408,0.375384,0.03153748,-9.121508,-6.757456,-3.116128,64.38005
L,-0.2378732,0.8469391,-0.1164295,0.2333333,0.3225239,0.004229636,-5.62302,-3.786053,-1.955898,64.39401
L,-0.2361694,0.848093,-0.1142726,0.1233825,0.08356354,0.1561977,-7.962144,-17.30443,11.00484,64.40782
L,-0.2348,0.8494581,-0.1129167,0.09023654,0.08995569,0.0893508,-2.184265,0.4212333,-4.405104,64.423
L,-0.232266,0.8509841,-0.1119,0.1716479,0.1033672,0.0688686,5.514599,0.9084646,-1.387413,64.43776
L,-0.2299206,0.8527974,-0.1111189,0.0898369,0.06945408,0.02991757,-3.133586,-1.298967,-1.491931,64.46387
L,-0.2275057,0.833284,-0.1108749,0.1688094,-1.364083,0.01705781,5.520576,-100.2115,-0.8989624,64.47817
L,-0.2260414,0.8268834,-0.1108127,0.1088059,-0.4755881,0.00462151,-4.458489,66.01862,-0.9240652,64.49163
L,-0.2232271,0.8224018,-0.1107686,0.0984449,-0.1567713,0.001541859,-0.3624329,11.15238,-0.1077278,64.52022
L,-0.2283161,0.8078937,-0.1105366,-0.1864762,-0.5316191,0.008503492,-10.44036,-13.73555,0.2550951,64.54751
L,-0.2321879,0.7948993,-0.1088419,-0.2822439,-0.9472721,0.1235346,-6.981351,-30.30059,8.385628,64.56123
L,-0.2342154,0.7881691,-0.1073531,-0.1414347,-0.4694735,0.1038534,9.822323,33.32944,-1.372884,64.57556
L,-0.235582,0.7825907,-0.1063271,-0.05097245,-0.2080762,0.03827186,3.374238,9.750103,-2.44619,64.60237
L,-0.232013,0.7820305,-0.1089033,0.2279683,-0.03578445,-0.1645593,17.81741,11.00518,-12.95589,64.61803
L,-0.2272056,0.7794753,-0.1110236,0.1677639,-0.08916567,-0.07399073,-2.100937,-1.862828,3.160546,64.64668
L,-0.220879,0.7738495,-0.1117308,0.2509795,-0.2231788,-0.0280543,3.301223,-5.316396,1.822331,64.67189
L,-0.2166663,0.7680274,-0.110328,0.3076101,-0.4251393,0.1024362,4.135202,-14.74728,9.5285,64.68559
L,-0.2165097,0.7681836,-0.1103317,0.01118153,0.01115707,-0.0002675441,-21.16203,31.14719,-7.332021,64.69959
L,-0.2164948,0.768266,-0.1103634,0.00112153,0.006212241,-0.002386341,-0.7586795,-0.3729161,-0.15979,64.71285
L,-0.2164386,0.7682422,-0.1103933,0.004076933,-0.001724108,-0.00217404,0.2142536,-0.5753502,0.0153909,64.72665
L,-0.2161893,0.7684123,-0.1103364,0.01574736,0.01074172,0.003595162,0.7371889,0.7874317,0.3644245,64.74248
L,-0.215761,0.7685429,-0.1102451,0.03111791,0.009492794,0.006632938,1.116768,-0.09074216,0.2207136,64.75624
L,-0.2151819,0.7726921,-0.1104359,0.02225337,0.1594359,-0.00733066,-0.3406313,5.761755,-0.536569,64.78226
L,-0.2176185,0.7774155,-0.108709,-0.1630246,0.3160294,0.1155464,-12.39651,10.47729,8.221413,64.79721
L,-0.2209271,0.7781698,-0.1064856,-0.2389334,0.05447659,0.1605636,-5.481825,-18.88829,3.250956,64.81106
L,-0.2234412,0.7785692,-0.1047702,-0.1865953,0.02963972,0.1273153,3.884515,-1.843385,-2.467674,64.82453
L,-0.2175975,0.7905642,-0.104588,0.4354381,0.893814,0.01357805,46.35086,64.394,-8.475141,64.83795
L,-0.2133769,0.799386,-0.1043251,0.3078525,0.6434553,0.01917041,-9.306007,-18.261,0.4079027,64.85166
L,-0.2102569,0.8059945,-0.1040018,0.2231006,0.4725518,0.02312157,-6.060341,-12.22076,0.2825352,64.86565
L,-0.2128745,0.8035114,-0.1014765,-0.191888,-0.1820251,0.1851192,-30.42135,-47.98474,11.87548,64.87929
L,-0.2158334,0.8009107,-0.09837184,-0.2104352,-0.1849608,0.2208011,-1.319056,-0.208783,2.537656,64.89335
L,-0.2147028,0.8004338,-0.09871937,0.08089157,-0.03412425,-0.0248645,20.84322,10.79173,-17.57636,64.90733
L,-0.2126029,0.7998108,-0.09930232,0.1457068,-0.04322724,-0.04044902,4.497336,-0.6316289,-1.081363,64.92174
L,-0.211099,0.7975152,-0.1005424,0.1045181,-0.159539,-0.08618552,-2.86251,-8.083362,-3.178566,64.93613
L,-0.2096811,0.7956703,-0.1015501,0.1026162,-0.1335243,-0.07292835,-0.1376511,1.88283,0.9594945,64.94994
L,-0.2084688,0.794356,-0.1022779,0.08764824,-0.09501689,-0.05261803,-1.082117,2.783918,1.468348,64.96378
L,-0.2074325,0.7942299,-0.1044544,0.07322271,-0.008911725,-0.1537857,-1.01929,6.084085,-7.148382,64.97793
L,-0.2064267,0.7941993,-0.1063203,0.07444152,-0.002258611,-0.1380951,0.09020438,0.4923981,1.161263,64.99144
L,-0.2059398,0.7964333,-0.1142094,0.03572819,0.1639488,-0.5789753,-2.841116,12.19772,-32.35557,65.00507
L,-0.2053899,0.7982777,-0.1202979,0.0397552,0.1333382,-0.440169,0.2911349,-2.21301,10.03509,65.0189
L,-0.2048444,0.7996919,-0.124741,0.03839957,0.09954853,-0.3127612,-0.09542673,-2.378561,8.968633,65.0331
L,-0.2027939,0.8022574,-0.1249553,0.1494836,0.187022,-0.01562663,8.097889,6.376712,21.66075,65.04682
L,-0.2010926,0.8043785,-0.1254614,0.1221206,0.1522582,-0.03632748,-1.964143,-2.495383,-1.485927,65.06075
L,-0.1949392,0.8056411,-0.122182,0.3936248,0.0807673,0.2097798,17.36779,-4.573184,15.74318,65.07639
L,-0.1895074,0.806946,-0.1197962,0.2133518,0.05125534,0.09371049,-7.080831,-1.159182,-4.559017,65.10184
L,-0.1821336,0.8039436,-0.1209668,0.5146381,-0.2095522,-0.08170053,21.02779,-18.20264,-12.24253,65.11617
L,-0.1787256,0.8031219,-0.1216413,0.2339965,-0.05641861,-0.04630871,-19.26886,10.51416,2.430003,65.13074
L,-0.1727784,0.8144375,-0.1238086,0.4264266,0.8113589,-0.1554006,13.7977,62.22173,-7.82215,65.14468
L,-0.1678504,0.822909,-0.1255686,0.3499077,0.6015033,-0.1249677,-5.433088,-14.90043,2.160832,65.15877
L,-0.1680617,0.8197109,-0.1244066,-0.01448049,-0.2191257,0.0796141,-24.96659,-56.2266,14.01722,65.17336
L,-0.1679604,0.8150148,-0.1227884,0.003996177,-0.1852289,0.06382775,0.7287913,1.337022,-0.6226748,65.19872
L,-0.1737851,0.7925416,-0.1181407,-0.3846092,-1.483934,0.306893,-25.66009,-85.75511,16.0499,65.21386
L,-0.1751159,0.7853991,-0.1165566,-0.04941351,-0.2652067,0.05882088,12.44611,45.25242,-9.211137,65.24079
L,-0.149511,0.8398267,-0.1216103,1.658964,3.526411,-0.3274352,110.6873,245.6624,-25.02588,65.25623
L,-0.149511,0.8398267,-0.1216103,0,0,0,-119.6718,-254.3829,23.62002,65.27009
L,-0.149511,0.8398267,-0.1216103,0,0,0,0,0,0,65.28344
L,-0.149511,0.8398267,-0.1216103,0,0,0,0,0,0,65.29733
L,-0.149511,0.8398267,-0.1216103,0,0,0,0,0,0,65.31477
L,-0.149511,0.8398267,-0.1216103,0,0,0,0,0,0,65.33806
L,-0.149511,0.8398267,-0.1216103,0,0,0,0,0,0,65.35227
L,-0.149511,0.8398267,-0.1216103,0,0,0,0,0,0,65.36821
L,-0.149511,0.8398267,-0.1216103,0,0,0,0,0,0,65.39355
L,-0.149511,0.8398267,-0.1216103,0,0,0,0,0,0,65.40801
L,-0.149511,0.8398267,-0.1216103,0,0,0,0,0,0,65.42175
L,-0.1947428,0.9385372,-0.07548624,-3.237916,7.066182,3.301787,-231.786,505.8321,236.3582,65.43572
L,-0.1947428,0.9385372,-0.07548624,0,0,0,228.6639,-499.0186,-233.1745,65.44988
L,-0.1947428,0.9385372,-0.07548624,0,0,0,0,0,0,65.46401
L,-0.186333,0.9734856,0.01908853,0.6023416,2.503146,6.773828,43.14214,179.2855,485.1689,65.47797
L,-0.1801337,0.9999537,0.0927255,0.4375663,1.868189,5.197494,-11.63028,-44.817,-111.2618,65.49214
L,-0.1770053,0.9956231,0.1245775,0.2272965,-0.3146437,2.314249,-15.27742,-158.5966,-209.4859,65.50591
L,-0.1744079,0.9934683,0.1501828,0.1813753,-0.1504687,1.788031,-3.206709,11.46444,-36.74613,65.52023
L,-0.1721129,0.9931524,0.1733089,0.08734563,-0.01202499,0.8801352,-3.578587,5.268899,-34.55275,65.5465
L,-0.1553898,0.9154733,0.1415007,1.030527,-4.786811,-1.960112,58.12164,-294.2364,-175.0244,65.56273
L,-0.1505327,0.8952657,0.1306967,0.190322,-0.7918255,-0.4233493,-32.92299,156.5413,60.21721,65.58825
L,-0.1160785,0.820771,0.1260368,2.386878,-5.160763,-0.3228231,152.1707,-302.6667,6.964152,65.60268
L,-0.07034367,0.7991058,0.1292953,3.254376,-1.541641,0.2318684,61.72895,257.5274,39.47042,65.61674
L,-0.04348119,0.7726979,0.1334883,0.9601634,-0.9439149,0.1498702,-82.00356,21.36493,-2.930914,65.64471
L,-0.05093753,0.8169532,-0.3175974,-0.5260046,3.121973,-31.82169,-104.8412,286.8267,-2255.423,65.65889
L,-0.0494246,0.8951157,-0.4635022,0.1064422,5.499153,-10.26518,44.496,167.2473,1516.615,65.6731
L,-0.0494246,0.8951157,-0.4635022,0,0,0,-3.965773,-204.8849,382.4554,65.69994
L,-0.0494246,0.8951157,-0.4635022,0,0,0,0,0,0,65.72839
L,-0.0494246,0.8951157,-0.4635022,0,0,0,0,0,0,65.75541
L,-0.0494246,0.8951157,-0.4635022,0,0,0,0,0,0,65.77036
L,-0.1229852,1.024037,-0.02424625,-2.45399,4.300832,14.65364,-81.86547,143.4764,488.8476,65.80034
L,-0.1415081,1.043842,0.01739953,-0.7551607,0.8074359,1.697852,69.25941,-142.4219,-528.1933,65.82487
L,-0.1482491,1.048657,0.1038398,-0.2430692,0.1736116,3.116891,18.46516,-22.85464,51.16817,65.8526
L,-0.1385037,0.9972077,0.1416749,0.3540342,-1.869056,1.374478,21.69167,-74.20637,-63.29867,65.88013
L,-0.1319435,0.9560452,0.1697116,0.4657928,-2.922671,1.990699,7.935223,-74.81004,43.75367,65.89421
L,-0.1296242,0.9393454,0.1862998,0.1544715,-1.112233,1.1048,-20.7345,120.5781,-59.00231,65.90923
L,-0.1241856,0.91587,0.1737767,0.2075838,-0.8960328,-0.4779935,2.027236,8.252136,-60.41348,65.93542
L,-0.1099808,0.8713953,0.1367401,0.9753031,-3.053632,-2.542935,52.71163,-148.1408,-141.7789,65.94999
L,-0.09895019,0.8522829,0.1218996,0.7810933,-1.353373,-1.050875,-13.75227,120.3978,105.655,65.96411
L,-0.09129132,0.8332949,0.1097781,0.5140114,-1.27435,-0.8135121,-17.92471,5.303524,15.93015,65.97901
L,-0.08469358,0.8153056,0.1012892,0.2596932,-0.7080753,-0.3341301,-10.01021,22.2891,18.86893,66.00442
L,-0.08901366,0.8075568,0.1016574,-0.2856918,-0.5124362,0.02434755,-36.06696,12.93785,23.70655,66.01954
L,-0.09023876,0.7935042,0.09243257,-0.08487113,-0.9735193,-0.6390683,13.91225,-31.94243,-45.95943,66.03397
L,-0.09014087,0.7793052,0.0852301,0.003724261,-0.5402304,-0.2740325,3.370791,16.48535,13.88853,66.06026
L,-0.067761,0.8445556,0.03469251,1.473317,4.29558,-3.327003,96.74659,318.3522,-200.9839,66.07545
L,-0.06352631,0.8690965,-0.09719367,0.2862557,1.658909,-8.915207,-80.24265,-178.233,-377.7499,66.09024
L,-0.06090859,0.8786951,-0.1056031,0.1030979,0.3780353,-0.3312029,-7.213598,-50.44672,338.0777,66.11563
L,-0.09839918,0.9549755,-0.1165748,-2.52257,5.13256,-0.7382376,-176.6692,319.9102,-27.3875,66.13049
L,-0.1095449,1.001084,-0.1250085,-0.7688919,3.180822,-0.5817963,120.9779,-134.6411,10.79214,66.14499
L,-0.1108984,0.9929333,-0.106991,-0.05137516,-0.3094003,0.6839229,27.23613,-132.4849,48.04528,66.17133
L,-0.1061238,0.97307,-0.09006578,0.3386458,-1.408829,1.200446,27.66278,-77.97852,36.63511,66.18543
L,-0.1002096,0.9639653,-0.08526421,0.3798053,-0.5847011,0.308354,2.643245,52.92507,-57.28969,66.201
L,-0.09690946,0.9585201,-0.08359692,0.1259618,-0.2078366,0.06363894,-9.688928,14.3845,-9.340507,66.2272
L,-0.0941881,0.9465624,-0.07425296,0.1729008,-0.7597287,0.5936648,2.982254,-35.06428,33.67501,66.24294
L,-0.09459418,0.9409297,-0.07596261,-0.01601733,-0.2221778,-0.06743512,-7.451663,21.20309,-26.07634,66.2683
L,-0.09339801,0.9360332,-0.07484744,0.0804434,-0.3292915,0.07499639,6.487071,-7.203489,9.578647,66.28316
L,-0.09191197,0.9343811,-0.07231627,0.05395521,-0.05998528,0.09190156,-0.9617339,9.777978,0.6137936,66.31071
L,-0.08760142,0.9339145,-0.06472249,0.2924395,-0.03165033,0.5151827,16.17941,1.922318,28.71652,66.32545
L,-0.0857093,0.9336213,-0.06160488,0.1317768,-0.0204196,0.2171261,-11.18937,0.7821649,-20.75817,66.33981
L,-0.0843139,0.9333529,-0.05946749,0.05327628,-0.01024751,0.08160526,-2.99715,0.3883707,-5.174188,66.366
L,-0.1336543,0.926371,0.001136649,-3.264587,-0.4619589,4.009847,-219.525,-29.88729,259.9104,66.38111
L,-0.1517344,0.9182165,0.1426668,-1.245949,-0.5619496,9.75323,139.1098,-6.890631,395.7922,66.39562
L,-0.1737536,0.9123375,0.2105848,-0.8553941,-0.2283825,2.638454,15.17214,12.9583,-276.3924,66.42136
L,-0.1261872,0.8413748,0.09616958,3.330462,-4.968604,-8.011021,293.0815,-331.8965,-745.6452,66.43565
L,-0.1043823,0.820596,0.05409502,1.359015,-1.295062,-2.622347,-122.8728,228.9579,335.8555,66.45169
L,-0.07090443,0.8408468,0.009554537,1.2944,0.7829807,-1.722127,-2.498295,80.34608,34.80641,66.47755
L,-0.1010716,0.9035607,-0.09095677,-2.109962,4.38636,-7.029999,-238.1091,252.0289,-371.2451,66.49185
L,-0.110039,0.9349646,-0.1227557,-0.6265357,2.194121,-2.221719,103.6438,-153.1669,335.944,66.50616
L,-0.1165607,0.9522601,-0.1531295,-0.4610634,1.222741,-2.147333,11.69837,-68.67358,5.258815,66.52031
L,-0.121924,0.9808604,-0.1341965,-0.3958196,2.110752,1.397285,4.815111,65.53683,261.5992,66.53386
L,-0.1263151,1.004124,-0.1265078,-0.3058177,1.62018,0.5354821,6.268188,-34.16587,-60.02031,66.54822
L,-0.1209959,0.9962423,-0.100462,0.2006315,-0.2972774,0.9824086,19.10253,-72.32375,16.85743,66.57473
L,-0.1239153,0.9983358,-0.06727085,-0.2033196,0.1458015,2.311603,-28.13319,30.85826,92.57181,66.58909
L,-0.1293346,1.005552,-0.0479822,-0.176785,0.2353861,0.6292188,0.8655887,2.922356,-54.88139,66.61974
L,-0.2353433,1.068507,0.04551356,-4.09151,2.429835,3.608562,-151.0927,84.69693,114.9907,66.64565
L,-0.2454443,1.056139,0.1359944,-0.7012474,-0.8586219,6.281518,235.3647,-228.2969,185.5666,66.66006
L,-0.2533852,1.050994,0.1794623,-0.3085775,-0.1999611,1.689125,15.25883,25.59502,-178.4566,66.68579
L,-0.2299126,0.9856809,0.1849752,1.541382,-4.288906,0.3620199,121.4819,-268.5101,-87.14745,66.70102
L,-0.2224894,0.9675819,0.1927357,0.5080787,-1.238789,0.5311694,-70.72432,208.765,11.57742,66.71563
L,-0.2040506,0.936474,0.1891061,0.700119,-1.181163,-0.1378164,7.291744,2.188057,-25.40131,66.74197
L,-0.1717019,0.8813733,0.1586648,1.183701,-2.016236,-1.113903,17.69517,-30.55685,-35.7168,66.76929
L,-0.1267771,0.82426,0.105677,2.850134,-3.623404,-3.361676,105.7225,-101.9626,-142.6042,66.78506
L,-0.09799492,0.8009012,0.08686047,1.098585,-0.8915783,-0.7182057,-66.85471,104.2708,100.8984,66.81126
L,-0.06672968,0.8016899,-0.03558039,2.186765,0.05515859,-8.563804,76.10989,66.21702,-548.7397,66.82555
L,-0.04915941,0.8315496,-0.04298256,0.6465385,1.09876,-0.2723798,-56.67617,38.4017,305.1021,66.85273
L,-0.05699446,0.8694717,-0.1214077,-0.5503516,2.663728,-5.50876,-84.07223,109.9268,-367.815,66.86697
L,-0.05595116,0.883777,-0.1482269,0.06948555,0.9527558,-1.786197,41.28216,-113.9535,247.9288,66.88198
L,-0.07076403,0.8989017,-0.1501747,-0.5526763,0.5643125,-0.07267371,-23.21321,-14.49304,63.93251,66.90878
L,-0.1271755,0.9384873,-0.1399297,-2.060746,1.446088,0.374257,-55.0908,32.21183,16.32667,66.93616
L,-0.1427077,0.9777048,-0.1004337,-1.000414,2.525952,2.543887,68.29481,69.55283,139.7434,66.95168
L,-0.1409144,0.9781674,-0.07380156,0.1333254,0.03439184,1.979995,84.28897,-185.2375,-41.92316,66.96513
L,-0.1407638,0.980041,-0.06061948,0.01100634,0.1369649,0.9636376,-8.941777,7.498305,-74.29779,66.97881
L,-0.1611889,1.035432,-0.01294936,-1.454189,3.94364,3.393926,-104.3162,271.0204,173.027,66.99286
L,-0.1761839,1.080347,0.02388307,-1.11292,3.333593,2.733691,25.32892,-45.27755,-49.00241,67.00633
L,-0.1884191,1.116396,0.05213258,-0.8768175,2.583379,2.024451,16.91983,-53.76274,-50.82646,67.02029
L,-0.2013986,1.120459,0.08456433,-0.9245881,0.2894276,2.310268,-3.40293,-163.4091,20.36016,67.03432
L,-0.2125033,1.127386,0.1115993,-0.4180136,0.2607293,1.017672,19.06885,-1.080285,-48.65686,67.06089
L,-0.2206251,1.091077,0.1605351,-0.265007,-1.184734,1.59674,4.992503,-47.16451,18.89461,67.09154
L,-0.216442,1.03739,0.2015407,0.1623598,-2.08377,1.591557,16.58745,-34.89439,-0.201191,67.1173
L,-0.2076298,0.9992723,0.2246868,0.3083352,-1.333721,0.8098779,5.107656,26.24411,-27.35083,67.14588
L,-0.1889058,0.9478474,0.2177325,1.239496,-3.404222,-0.4603604,61.641,-137.063,-84.08722,67.16099
L,-0.1613687,0.9021006,0.2014485,1.853798,-3.079678,-1.09624,41.35474,21.84831,-42.80739,67.17584
L,-0.1493171,0.8862963,0.1993661,0.7789029,-1.02145,-0.1345875,-69.47169,133.0257,62.15271,67.19131
L,-0.1310846,0.8599073,0.1669594,1.205131,-1.744256,-2.142014,28.17277,-47.77592,-132.6865,67.20644
L,-0.1164391,0.837688,0.1470421,0.9704819,-1.472356,-1.319818,-15.54902,18.01742,54.48275,67.22153
L,-0.08543179,0.8334806,-0.1757553,1.809525,-0.2455372,-18.8378,48.96483,71.59466,-1022.314,67.23867
L,-0.06037908,0.8257436,0.0344648,0.9732392,-0.3005659,8.16656,-32.48773,-2.137736,1049.056,67.26441
L,-0.04866947,0.7920001,-0.07347351,0.7464989,-2.151177,-6.881172,-14.45492,-117.9783,-959.3075,67.2801
L,-0.0391005,0.7906992,-0.1089259,0.6395839,-0.0869534,-2.369615,-7.146127,137.9714,301.5496,67.29506
L,-0.03010139,0.7855606,-0.139956,0.3325433,-0.1898854,-1.146653,-11.34605,-3.803637,45.19203,67.32212
L,-0.07238767,0.8371016,-0.1726037,-2.868813,3.49668,-2.214906,-217.1885,250.1064,-72.47316,67.33686
L,-0.0826325,0.8586607,-0.1904467,-0.6990165,1.470999,-1.217448,148.0477,-138.2145,68.05775,67.35152
L,-0.1144311,0.843281,-0.1910135,-1.20078,-0.5807697,-0.0214056,-18.94762,-77.47895,45.16497,67.378
L,-0.1284462,0.8352731,-0.1877847,-0.866911,-0.4953287,0.1997239,20.65168,5.284999,13.67809,67.39417
L,-0.124993,0.8366284,-0.1845158,0.1327707,0.0521093,0.1256824,38.43657,21.04834,-2.846807,67.42017
L,-0.124993,0.8366284,-0.1845158,0,0,0,-9.232105,-3.62338,-8.739225,67.43456
L,-0.124993,0.8366284,-0.1845158,0,0,0,0,0,0,67.44975
L,-0.1126979,1.051437,-0.003742963,0.4497764,7.858041,6.612968,16.45356,287.46,241.9132,67.47709
L,-0.118206,1.080476,0.0429692,-0.1716899,0.9051613,1.456042,-19.37142,-216.7248,-160.744,67.50917
L,-0.1247225,1.108285,0.1395256,-0.2499683,1.066739,3.703786,-3.002664,6.197926,86.22077,67.53524
L,-0.1181215,1.059872,0.1794895,0.2579633,-1.891948,1.561763,19.84962,-115.6234,-83.7088,67.56083
L,-0.09411918,0.9895688,0.1840896,0.9045529,-2.649457,0.1733592,24.36739,-28.54751,-52.32342,67.58736
L,-0.06566355,0.9400835,0.1676244,1.934511,-3.364181,-1.119359,70.02003,-48.58934,-87.88342,67.60207
L,-0.05320462,0.9194267,0.1647741,0.8456842,-1.402135,-0.1934727,-73.90713,133.1793,62.84715,67.61681
L,-0.05383933,0.9052355,0.1577597,-0.02450438,-0.5478875,-0.2708078,-33.59568,32.98026,-2.985707,67.64271
L,-0.04240499,0.8957665,-0.2134036,0.7089509,-0.5870942,-23.01283,45.47561,-2.430892,-1410.048,67.65884
L,-0.03048258,0.897252,0.05502173,0.4555959,0.05676476,10.25745,-9.681557,24.60405,1271.371,67.68501
L,-0.01853225,0.8358769,-0.08579009,0.7640747,-3.924173,-9.003164,19.72338,-254.5315,-1231.477,67.70065
L,-0.01164466,0.8149556,-0.1088998,0.2602395,-0.7904858,-0.8731744,-19.03681,118.4026,307.1819,67.72711
L,0.006239471,0.8641486,-0.1503416,1.198419,3.296432,-2.777018,62.86765,273.8653,-127.577,67.74203
L,0.01596032,0.8826395,-0.1687358,0.3711424,0.7059855,-0.702291,-31.58545,-98.90327,79.21313,67.76823
L,-0.07623345,0.8808402,-0.16226,-6.479368,-0.1264536,0.455119,-481.4532,-58.50373,81.34264,67.78246
L,-0.04180309,0.884258,-0.1425755,2.426267,0.2408476,1.387142,627.5696,25.88328,65.67856,67.79665
L,-0.01826107,0.8859172,-0.1313644,1.607135,0.113269,0.7653422,-55.91936,-8.709364,-42.4482,67.81129
L,-0.000938542,0.88635,-0.1260327,0.5911216,0.01476666,0.1819406,-34.67091,-3.361339,-19.90825,67.8406
L,-0.01822651,1.053323,-0.03874964,-0.6860335,6.625934,3.463629,-50.68098,262.3491,130.2263,67.8658
L,-0.03397517,1.198836,0.05993859,-0.5713279,5.278928,3.5802,4.16128,-48.86654,4.228939,67.89336
L,-0.04731106,1.185922,0.1989552,-0.9180477,-0.8890083,9.569952,-23.86831,-424.6028,412.3365,67.90789
L,-0.05177443,1.186943,0.271851,-0.3021808,0.06907767,4.935222,41.69572,64.8648,-313.7827,67.92266
L,-0.05043157,1.164276,0.2378887,0.09483337,-1.600763,-2.39844,28.03741,-117.9253,-517.9083,67.93682
L,-0.04977638,1.151202,0.2205429,0.02533258,-0.5054711,-0.6706645,-2.6872,42.34869,66.80322,67.96268
L,-0.07553107,1.17803,0.2192214,-1.75271,1.825699,-0.08993197,-121.0029,158.6455,39.52118,67.97738
L,-0.07553107,1.17803,0.2192214,0,0,0,121.2302,-126.2787,6.22035,67.99184
L,-0.07553107,1.17803,0.2192214,0,0,0,0,0,0,68.01827
L,-0.03816587,0.9500781,0.06772363,2.384388,-14.54627,-9.667533,152.155,-928.2421,-616.9147,68.03394
L,-0.03816587,0.9500781,0.06772361,0,0,-7.681404E-07,-81.94192,499.8976,332.2346,68.06304
L,-0.01291478,0.9036495,-0.06074614,0.9835692,-1.808467,-5.004097,38.31155,-70.44262,-194.9173,68.08871
L,0.01345028,0.9145232,-0.1795917,0.9650157,0.3980012,-4.349995,-0.6790963,80.7613,23.9415,68.11604
L,-0.03513825,0.9223162,-0.1944238,-3.360736,0.5390171,-1.025895,-299.2005,9.753692,229.919,68.13049
L,-0.05423531,0.9273478,-0.1778523,-1.262275,0.3325769,1.095342,138.7038,-13.64525,140.2091,68.14562
L,-0.07727759,0.9308328,-0.1747345,-0.8991358,0.1359896,0.1216618,14.17008,-7.671061,-37.99409,68.17125
L,-0.05512015,0.9207904,-0.1764304,1.424335,-0.6455523,-0.1090215,149.3585,-50.23946,-14.8289,68.18681
L,-0.02177175,1.036885,-0.09157147,1.968938,6.854374,5.010195,32.15413,442.8065,302.2459,68.20374
L,0.0009530274,1.124801,-0.0298359,0.9804417,3.793059,2.66353,-42.64785,-132.0779,-101.2449,68.22692
L,-0.01051811,1.177878,0.08091106,-0.7750232,3.586074,7.482385,-118.6043,-13.98447,325.5757,68.24172
L,-0.01456157,1.205987,0.1582642,-0.147136,1.02283,2.81478,22.84798,-93.27305,-169.8479,68.2692
L,-0.04676242,1.118969,0.1736603,-2.295068,-6.202063,1.097332,-153.0907,-514.9436,-122.4085,68.28323
L,-0.05750263,1.098372,0.1856162,-0.7059886,-1.353913,0.7858977,104.4553,318.6844,-20.47159,68.29845
L,-0.05581854,1.050125,0.1716555,0.06721614,-1.925639,-0.557205,30.86038,-22.81887,-53.60632,68.3235
L,-0.06036218,0.9753666,0.1561472,-0.302,-4.968932,-1.030782,-24.54051,-202.2772,-31.47705,68.33855
L,-0.06361377,0.9526846,0.1552527,-0.2181133,-1.521482,-0.05999912,5.62702,231.2508,65.119,68.35345
L,-0.04003242,0.9209644,0.08324985,0.9112191,-1.225717,-2.782299,43.63911,11.42881,-105.1938,68.37933
L,-0.02125972,0.8624573,-0.06031515,0.9973956,-3.108485,-7.627625,4.578568,-100.0317,-257.4328,68.39816
L,-0.01900158,0.840625,-0.1306479,0.09758622,-0.9434914,-3.039448,-38.88553,93.56085,198.2794,68.4213
L,-0.003162648,0.8708252,-0.1443623,1.058664,2.018561,-0.916663,64.23785,197.9817,141.8857,68.43626
L,0.00375042,0.8784356,-0.1562544,0.477654,0.5258385,-0.8216808,-40.14454,-103.1387,6.562731,68.45073
L,0.008709764,0.880124,-0.1685927,0.1919194,0.06533944,-0.4774748,-11.05751,-17.82065,13.32028,68.47657
L,0.008709764,0.880124,-0.1685927,0,0,0,-12.61548,-4.294971,31.38594,68.49178
L,0.008709764,0.880124,-0.1685927,0,0,0,0,0,0,68.50452
L,0.008709764,0.880124,-0.1685927,0,0,0,0,0,0,68.51968
L,-0.02859849,1.092562,-0.01153773,-2.688327,15.30766,11.31694,-193.7133,1103.027,815.4667,68.53356
L,-0.02859849,1.092562,-0.01153773,0,0,0,208.0073,-1184.419,-875.6399,68.54649
L,-0.02860351,1.092566,-0.01151994,-0.0002908542,0.0002485639,0.001030504,-0.01684615,0.01439671,0.05968637,68.56375
L,-0.06243531,1.119414,0.0957444,-1.385318,1.099339,4.392175,-56.71297,45.00468,179.8051,68.58817
L,-0.1060317,1.038745,0.1424901,-2.987069,-5.527158,3.202853,-109.7463,-454.0241,-81.48809,68.60277
L,-0.1204706,1.015708,0.1630372,-0.5236699,-0.8354965,0.7451982,89.34217,170.1565,-89.13387,68.63034
L,-0.09758009,1.055579,0.1358725,1.526098,2.658189,-1.811056,136.6568,232.9219,-170.4239,68.64534
L,-0.08841236,1.073737,0.1280033,0.3486025,0.6904464,-0.299227,-44.7742,-74.82333,57.4872,68.67164
L,-0.08841236,1.073737,0.1280033,0,0,0,-12.47734,-24.71278,10.71007,68.69958
L,-0.08841236,1.073737,0.1280033,0,0,0,0,0,0,68.71407
L,-0.08841236,1.073737,0.1280033,0,0,0,0,0,0,68.74158
L,-0.08841236,1.073737,0.1280033,0,0,0,0,0,0,68.75733
L,-0.08841236,1.073737,0.1280033,0,0,0,0,0,0,68.78262
L,-0.1304366,1.103135,-0.01840034,-1.471207,1.029201,-5.125378,-51.50482,36.03083,-179.432,68.81118
L,-0.1798019,1.11536,0.0365908,-3.357764,0.8315225,3.740425,-128.3211,-13.44583,603.0402,68.82588
L,-0.2002635,1.128207,0.1465987,-0.7874185,0.4943711,4.233398,98.91376,-12.97449,18.97092,68.85187
L,-0.2149501,1.128921,0.1784062,-1.013691,0.04926935,2.195407,-15.61772,-30.72163,-140.6654,68.86636
L,-0.210827,1.124768,0.1677147,0.2634909,-0.265366,-0.6832566,81.62011,-20.10721,-183.965,68.882
L,-0.2100081,1.122538,0.1629186,0.03174969,-0.08645741,-0.1859333,-8.983966,6.93579,19.27984,68.9078
L,-0.1194792,0.9366915,0.005831927,3.218279,-6.606805,-5.584394,113.2804,-231.7969,-191.914,68.93593
L,-0.0938916,0.9316196,-0.04762482,0.833869,-0.1652843,-1.742089,-77.70497,209.9212,125.2159,68.96661
L,-0.08234494,0.9293582,-0.07167023,0.460994,-0.09028518,-0.96,-14.88683,2.994299,31.22449,68.99166
L,-0.1062721,0.9318165,-0.0809707,-1.713758,0.1760716,-0.6661367,-155.7645,19.07755,21.04768,69.00562
L,-0.1140835,0.9325146,-0.08698999,-0.5116763,0.04572714,-0.3942833,78.74024,-8.537983,17.80728,69.02089
L,-0.1198913,0.9329185,-0.09300199,-0.2245538,0.01561809,-0.2324498,11.10139,-1.164146,6.257181,69.04675
L,-0.2383391,1.073678,0.01661476,-7.704806,9.156173,7.130365,-486.5765,594.576,478.9374,69.06213
L,-0.2521197,1.124912,0.1710193,-0.5387002,2.002773,6.035824,280.13,-279.6333,-42.78668,69.08771
L,-0.3074572,1.047547,0.254699,-3.475417,-4.858836,5.255419,-184.4376,-430.9367,-49.01258,69.10363
L,-0.3258258,1.038711,0.2869291,-0.6797316,-0.3269869,1.192677,103.4546,167.7015,-150.3421,69.13065
L,-0.3050668,1.048064,0.2567268,1.438121,0.6479585,-2.092321,146.7184,67.54125,-227.5747,69.14509
L,-0.3012138,1.049112,0.2526816,0.1471096,0.04001147,-0.1544442,-49.29085,-23.21143,73.98818,69.17128
L,-0.2211757,1.12246,0.157022,5.486792,5.028169,-6.557691,366.0475,341.9497,-438.9573,69.18587
L,-0.1777116,0.7564583,0.04457243,2.94415,-24.79202,-7.617047,-172.2321,-2019.944,-71.75814,69.20063
L,-0.1777116,0.7564583,0.04457243,0,0,0,-99.50892,837.942,257.4476,69.23022
L,-0.1777116,0.7564583,0.04457243,0,0,0,0,0,0,69.2553
L,-0.1777116,0.7564583,0.04457243,0,0,0,0,0,0,69.28281
L,-0.1777116,0.7564583,0.04457243,0,0,0,0,0,0,69.29815
L,-0.1777116,0.7564583,0.04457243,0,0,0,0,0,0,69.3243
L,-0.2421175,1.116876,0.06076372,-4.329134,24.22599,1.08832,-290.9889,1628.384,73.15296,69.33918
L,-0.2421175,1.116876,0.06076372,0,0,0,163.4298,-914.559,-41.08533,69.36567
L,-0.2594628,1.058513,0.1777115,-0.6096746,-2.051425,4.110641,-21.42968,-72.10632,144.4864,69.39412
L,-0.2623967,1.054276,0.2208969,-0.1050707,-0.1517333,1.546557,18.07089,68.03181,-91.825,69.42204
L,-0.2251577,0.8420212,0.02440047,1.329607,-7.5785,-7.015849,51.22476,-265.1706,-305.7183,69.45005
L,-0.1665192,0.7647553,0.04675812,2.116738,-2.789149,0.8070673,28.41388,172.8862,282.392,69.47775
L,-0.1620161,0.7219077,0.01525379,0.2916158,-2.774765,-2.040185,-118.1929,0.9314476,-184.3849,69.49319
L,-0.145625,0.741339,-0.02379847,0.6399809,0.7586852,-1.524771,13.6017,137.9614,20.12402,69.51881
L,-0.1759116,0.7728842,-0.1298072,-1.93929,2.019877,-6.787874,-165.154,80.75568,-337.0031,69.53442
L,-0.1846822,0.7799047,-0.1640202,-0.3299598,0.2641181,-1.287132,60.54481,-66.05362,206.9441,69.561
L,-0.2049803,0.7904789,-0.186443,-0.7394435,0.3852118,-0.8168411,-14.91713,4.411338,17.13228,69.58846
L,-0.2099584,0.8108265,-0.1887911,-0.1770665,0.7237428,-0.08352114,20.00322,12.04123,26.0835,69.61657
L,-0.2129365,0.8337572,-0.1849527,-0.1951728,1.502785,0.2515527,-1.186614,51.05532,21.9594,69.63183
L,-0.2148167,0.8419096,-0.1887619,-0.07239931,0.3139138,-0.1466743,4.72743,-45.77784,-15.33385,69.6578
L,-0.2123587,0.8384931,-0.1619398,0.1701974,-0.2365623,1.85717,16.79748,-38.11517,138.7469,69.67224
L,-0.2121272,0.8379631,-0.1535259,0.01615748,-0.03699081,0.5872344,-10.75097,13.92877,-88.63313,69.68657
L,-0.2067355,0.825378,-0.1486871,0.3889385,-0.9078452,0.3490558,26.89111,-62.82038,-17.18137,69.70043
L,-0.2030459,0.8166748,-0.1459871,0.1363009,-0.321517,0.09974425,-9.333062,21.66043,-9.210193,69.7275
L,-0.1494061,0.8006104,-0.1653867,1.928328,-0.5775079,-0.6974065,64.42254,-9.202755,-28.6572,69.75532
L,-0.2095269,0.8266411,-0.1347765,-2.126897,0.9208882,1.082898,-143.4619,53.00885,62.98195,69.78358
L,-0.2625339,0.8882289,-0.02388365,-3.50896,4.076989,7.340885,-91.48974,208.9275,414.266,69.79869
L,-0.2854212,0.9141772,0.02866346,-0.8857027,1.004163,2.033497,101.5163,-118.9139,-205.3882,69.82453
L,-0.2432106,0.8979273,-0.0098787,2.841613,-1.093943,-2.594657,250.9228,-141.2444,-311.5672,69.83939
L,-0.2277615,0.895054,-0.01777366,0.5762508,-0.1071762,-0.2944814,-84.49789,36.80633,85.79642,69.8662
L,-0.2025087,0.8685232,-0.03742514,1.754076,-1.842839,-1.365002,81.81235,-120.5601,-74.35895,69.88059
L,-0.1900082,0.8603718,-0.04163336,0.4571609,-0.298111,-0.1539005,-47.43003,56.49292,44.29173,69.90794
L,-0.1767357,0.8500841,-0.04877414,0.8420389,-0.6526727,-0.4530281,24.41758,-22.49425,-18.97737,69.9237
L,-0.1703994,0.8459404,-0.0525665,0.2451339,-0.1603107,-0.1467156,-23.09254,19.04807,11.85035,69.94955
L,-0.1610631,0.8450449,-0.05903982,0.6575587,-0.06306673,-0.4559222,29.04747,6.848989,-21.77772,69.96375
L,-0.1561804,0.8442099,-0.06128731,0.3444532,-0.0589049,-0.1585482,-22.08792,0.2935945,20.97815,69.97792
L,-0.1570367,0.844528,-0.06281577,-0.06053845,0.02248938,-0.1080576,-28.63165,5.754321,3.569523,69.99207
L,-0.1572184,0.8446072,-0.06393615,-0.0131863,0.005749065,-0.08131262,3.436623,-1.214943,1.941043,70.00584
L,-0.1570039,0.8445563,-0.06498988,0.01420383,-0.003371336,-0.06978992,1.814087,-0.6040573,0.7631646,70.02094
L,-0.1570335,0.8423814,-0.06894351,-0.001169054,-0.08578704,-0.1559464,-0.606366,-3.250795,-3.398346,70.0463
L,-0.1549632,0.8415701,-0.07814287,0.1388047,-0.05439578,-0.6167664,9.384474,2.104611,-30.89544,70.06121
L,-0.1534377,0.8410205,-0.08191247,0.1039278,-0.03744234,-0.2568035,-2.375985,1.154949,24.52238,70.07589
L,-0.1495577,0.8421829,-0.08590925,0.1471495,0.04408773,-0.1515817,1.639226,3.092103,3.990634,70.10226
L,-0.1460117,0.8408457,-0.09307615,0.2515103,-0.09484494,-0.5083219,7.401933,-9.853994,-25.30231,70.11636
L,-0.1454548,0.8388365,-0.09685615,0.03962659,-0.1429704,-0.2689751,-15.0771,-3.424488,17.03131,70.13041
L,-0.1446267,0.8372602,-0.1001362,0.06335969,-0.120608,-0.2509749,1.815963,1.711083,1.377308,70.14348
L,-0.1457324,0.8349277,-0.1061682,-0.08119091,-0.1712798,-0.4429315,-10.61431,-3.720809,-14.09532,70.1571
L,-0.1461605,0.8329459,-0.1114017,-0.03048084,-0.141096,-0.3726002,3.610358,2.148963,5.007314,70.17114
L,-0.1461336,0.8312797,-0.1158971,0.001906672,-0.118049,-0.3184977,2.294647,1.632877,3.83315,70.18526
L,-0.1475628,0.828618,-0.118964,-0.1009802,-0.1880686,-0.2167069,-7.269862,-4.947497,7.192414,70.19941
L,-0.1483985,0.8263731,-0.1220257,-0.05521614,-0.1483115,-0.2022661,3.023383,2.626532,0.9540228,70.21455
L,-0.1480351,0.828123,-0.1231229,0.02268322,0.1092225,-0.06848447,4.862107,16.07404,8.350011,70.23057
L,-0.1475982,0.8295617,-0.1246352,0.01820847,0.05995876,-0.06302756,-0.1864913,-2.05313,0.2274239,70.25456
L,-0.1406688,0.8350863,-0.1316982,0.5074055,0.4045347,-0.5171842,35.82125,25.23143,-33.25543,70.26822
L,-0.137426,0.8372052,-0.1354545,0.2253643,0.1472611,-0.261056,-19.60111,-17.87984,17.80023,70.28261
L,-0.1361381,0.8417836,-0.1379291,0.09209203,0.3273834,-0.176948,-9.529878,12.87998,6.014293,70.29659
L,-0.1348683,0.8452262,-0.1404802,0.08829576,0.2393775,-0.1773873,-0.2639708,-6.119422,-0.03054335,70.31097
L,-0.1357905,0.8462715,-0.1408128,-0.03227637,0.03658628,-0.01164104,-4.219928,-7.097529,5.800985,70.33955
L,-0.1397056,0.8517893,-0.1419458,-0.2664403,0.375507,-0.07710382,-15.93579,23.06491,-4.455004,70.35424
L,-0.1429048,0.8572051,-0.1430663,-0.1201835,0.2034564,-0.04209715,5.49446,-6.463462,1.315103,70.38086
L,-0.1466606,0.8645428,-0.1314482,-0.2394374,0.4677849,0.7406694,-7.602548,16.8512,49.90213,70.39655
L,-0.1480072,0.8679497,-0.1274277,-0.04659348,0.1178867,0.1391148,6.672765,-12.10714,-20.81493,70.42545
L,-0.151968,0.8824084,-0.1051268,-0.1590041,0.5804389,0.8952599,-4.512676,18.56896,30.35511,70.45036
L,-0.1564583,0.8955212,-0.08638787,-0.3054294,0.8919102,1.274601,-9.959657,21.18587,25.80225,70.46506
L,-0.1584266,0.9017396,-0.07823247,-0.07411271,0.2341461,0.3070794,8.709895,-24.76715,-36.4306,70.49162
L,-0.1589956,0.9064296,-0.05591308,-0.03761071,0.3099983,1.475264,2.412703,5.013666,77.21445,70.50674
L,-0.159683,0.9098338,-0.0444552,-0.02566154,0.1270872,0.4277434,0.4460841,-6.828403,-39.10584,70.53353
L,-0.1500134,0.9279681,-0.02089581,0.3441281,0.6453681,0.8384405,13.16021,18.44478,14.61604,70.56163
L,-0.1467764,0.9397082,-0.01478457,0.2110803,0.7655745,0.3985135,-8.676038,7.838651,-28.68762,70.57697
L,-0.1471917,0.9297122,-0.02745944,-0.0166311,-0.4003041,-0.5075833,-9.119033,-46.68929,-36.28595,70.60194
L,-0.141312,0.948987,0.0304245,0.3933997,1.289629,3.872875,27.43418,113.0694,293.086,70.61688
L,-0.1400001,0.9588701,0.07610711,0.08529421,0.6425588,2.970095,-20.03174,-42.06982,-58.69505,70.63226
L,-0.1390251,0.9660265,0.1030885,0.03795513,0.2785863,1.050342,-1.842836,-14.16887,-74.73295,70.65795
L,-0.1311169,0.9854159,0.1398639,0.498338,1.22183,2.317418,29.0112,59.43886,79.84526,70.67382
L,-0.1277024,0.995479,0.1624234,0.1314381,0.3873715,0.8684047,-14.12343,-32.12162,-55.77829,70.6998
L,-0.1256547,0.9789619,0.1993697,0.07422523,-0.5987106,1.339222,-2.073841,-35.74329,17.06609,70.72739
L,-0.1304908,0.9671444,0.2281098,-0.3056339,-0.7468358,1.816304,-24.00622,-9.361172,30.15045,70.74321
L,-0.1319014,0.9639303,0.2455138,-0.05482999,-0.1249351,0.6765059,9.748925,24.17371,-44.30473,70.76894
L,-0.1242182,0.9466589,0.2183084,0.543471,-1.221693,-1.924374,42.32084,-77.57919,-183.9733,70.78307
L,-0.1151557,0.9401731,0.2043293,0.5675279,-0.4061679,-0.8754246,1.506543,51.07143,65.6894,70.79904
L,-0.1091087,0.9352996,0.193612,0.2317523,-0.1867781,-0.410741,-12.86865,8.408144,17.80906,70.82513
L,-0.1025039,0.9151319,0.1196605,0.2399391,-0.7326536,-2.686522,0.2974115,-19.83065,-82.67494,70.85266
L,-0.10033,0.8999232,0.0757649,0.07796095,-0.5454001,-1.574142,-5.8087,6.715097,39.8911,70.88055
L,-0.1042116,0.8710502,0.03922099,-0.254135,-1.890332,-2.392549,-21.7425,-88.05342,-53.58159,70.89582
L,-0.1050575,0.8597454,0.02381231,-0.03217243,-0.429989,-0.5860841,8.442565,55.5456,68.71068,70.92211
L,-0.1049347,0.833964,-0.0127162,0.007890088,-1.657288,-2.348144,2.575319,-78.89385,-113.2696,70.93767
L,-0.1045813,0.822704,-0.02843809,0.013819,-0.4402968,-0.6147669,0.231836,47.58756,67.77959,70.96324
L,-0.1106611,0.8040188,-0.06999894,-0.4080296,-1.254024,-2.78928,-28.31159,-54.61182,-145.9385,70.97814
L,-0.112673,0.7944192,-0.0873521,-0.07380468,-0.3521529,-0.6365834,12.26071,33.08427,78.96958,71.0054
L,-0.1217653,0.7839088,-0.1030484,-0.3268637,-0.3778413,-0.5642737,-9.097354,-0.9234874,2.599503,71.03322
L,-0.1283309,0.7687475,-0.1181441,-0.4341904,-1.002637,-0.9982972,-7.097642,-41.31848,-28.70249,71.04834
L,-0.133472,0.7582592,-0.1197246,-0.1932501,-0.3942411,-0.05940816,9.056645,22.86885,35.29167,71.07494
L,-0.1394119,0.7441359,-0.1229449,-0.2157243,-0.5129321,-0.116957,-0.8162168,-4.310628,-2.090063,71.10248
L,-0.1439901,0.7305864,-0.1252877,-0.3036843,-0.8987657,-0.1553999,-5.834562,-25.59311,-2.55,71.11755
L,-0.1465897,0.7224177,-0.1279185,-0.09579317,-0.3010086,-0.09694243,7.660585,22.02677,2.154103,71.14469
L,-0.1497739,0.7107176,-0.1319722,-0.1139671,-0.4187752,-0.1450939,-0.6504909,-4.215156,-1.723461,71.17263
L,-0.1518321,0.7054744,-0.1319493,-0.07460818,-0.1900538,0.0008307263,1.426675,8.290645,5.289446,71.20022
L,-0.1539522,0.7027609,-0.1305358,-0.1374967,-0.1759842,0.09167511,-4.078637,0.9124814,5.891715,71.21564
L,-0.1544018,0.7029225,-0.1304888,-0.0172253,0.006188797,0.001799547,4.608072,6.979766,-3.443487,71.24174
L,-0.1564518,0.7072471,-0.1308966,-0.1334157,0.2814478,-0.02654272,-7.561722,17.91398,-1.844527,71.2571
L,-0.1587307,0.7121148,-0.1317324,-0.08688054,0.1855798,-0.03186184,1.774129,-3.654919,-0.202789,71.28333
L,-0.1598216,0.7219347,-0.1296369,-0.06851379,0.6167271,0.1316071,1.153506,27.07778,10.26651,71.29926
L,-0.1605524,0.7248071,-0.1295075,-0.02889623,0.1135723,0.005115832,1.566441,-19.89427,-5.001347,71.32455
L,-0.1615818,0.7241758,-0.1266667,-0.03660652,-0.02244769,0.1010162,-0.2741733,-4.836792,3.410161,71.35267
L,-0.1630423,0.7239093,-0.1233436,-0.09902738,-0.01807019,0.2253333,-4.232606,0.2968273,8.429641,71.36742
L,-0.1638727,0.7237465,-0.1219958,-0.03081868,-0.006040752,0.05001399,2.531215,0.4464109,-6.506075,71.39436
L,-0.1637322,0.7237681,-0.1218546,0.009263589,0.001422598,0.009315168,2.642687,0.4920706,-2.683338,71.40953
L,-0.1637099,0.7237679,-0.1218029,0.000836814,-8.943904E-06,0.001937473,-0.3161174,-0.05370209,-0.2767628,71.43619
L,-0.1656043,0.726494,-0.1220037,-0.118353,0.170311,-0.01254776,-7.446355,10.64069,-0.904961,71.45219
L,-0.1692209,0.7300825,-0.1212753,-0.1427811,0.1416722,0.02875741,-0.964407,-1.130648,1.630708,71.47752
L,-0.173823,0.7352037,-0.1194987,-0.1646302,0.1832035,0.06355412,-0.7816072,1.485699,1.24478,71.50548
L,-0.1770616,0.7361875,-0.1171625,-0.1158838,0.03519997,0.083597,1.744277,-5.295967,0.7171882,71.53342
L,-0.1809058,0.7340372,-0.1145289,-0.2589256,-0.1448283,0.1773866,-9.634515,-12.12573,6.317159,71.54827
L,-0.1829059,0.7331969,-0.1132397,-0.1374736,-0.05776006,0.08860807,8.347642,5.98438,-6.10193,71.56282
L,-0.183642,0.7307439,-0.1122599,-0.02878179,-0.09591755,0.03831201,4.250134,-1.492058,-1.966708,71.58839
L,-0.1835488,0.7316145,-0.1111794,0.006122729,0.0572016,0.07099243,2.293236,10.05997,2.147111,71.60361
L,-0.1836544,0.7321909,-0.1104177,-0.003976385,0.02170264,0.02868081,-0.3802675,-1.336662,-1.593182,71.63017
L,-0.1854271,0.7287233,-0.1088177,-0.06346616,-0.1241485,0.05728375,-2.129867,-5.221799,1.02405,71.6581
L,-0.1886732,0.7250358,-0.1072069,-0.2088741,-0.2372707,0.1036436,-9.356362,-7.278911,2.983054,71.67365
L,-0.1903021,0.7234176,-0.106398,-0.06210006,-0.0616933,0.03084125,5.595686,6.693798,-2.775553,71.69987
L,-0.192099,0.7244697,-0.1076438,-0.1160262,0.06792641,-0.08044181,-3.481876,8.36922,-7.185268,71.71536
L,-0.1933755,0.7250348,-0.1083223,-0.04894698,0.02167295,-0.02601719,2.572326,-1.773708,2.087052,71.74144
L,-0.1947932,0.726943,-0.1106362,-0.08912714,0.1199528,-0.1454666,-2.525896,6.178291,-7.509099,71.75735
L,-0.1955326,0.7278944,-0.1118002,-0.02870562,0.03693813,-0.04518858,2.345844,-3.223015,3.893259,71.7831
L,-0.1986966,0.7303146,-0.1146813,-0.1150707,0.08801852,-0.1047843,-3.140967,1.857716,-2.167405,71.8106
L,-0.2017596,0.7333755,-0.1168326,-0.2004357,0.200305,-0.1407737,-5.586099,7.347786,-2.355069,71.82588
L,-0.2033682,0.735462,-0.1177371,-0.1158504,0.1502576,-0.06513833,6.09163,-3.604297,5.447077,71.83977
L,-0.2047631,0.7370857,-0.1184853,-0.09607158,0.1118382,-0.05153663,1.362293,-2.64619,0.936837,71.85429
L,-0.2094524,0.7380287,-0.1189179,-0.1820079,0.036601,-0.0167875,-3.335458,-2.920193,1.348723,71.88005
L,-0.2126387,0.7414163,-0.1205786,-0.219347,0.2332015,-0.1143286,-2.570439,13.53404,-6.714761,71.89458
L,-0.2118393,0.744339,-0.121956,0.02927778,0.1070393,-0.05044427,9.105267,-4.620377,2.339605,71.92188
L,-0.2126688,0.7440187,-0.121851,-0.02970671,-0.01147114,0.003760299,-2.112354,-4.2441,1.941175,71.94981
L,-0.2131992,0.7441446,-0.1219343,-0.01898869,0.004504832,-0.002981436,0.3837293,0.5719756,-0.2413692,71.97774
L,-0.2120826,0.7473507,-0.1232181,0.07066616,0.2029137,-0.08124802,5.674186,12.55715,-4.953432,71.99354
L,-0.2111943,0.7508308,-0.1245699,0.03384584,0.132599,-0.05150601,-1.40294,-2.679154,1.13324,72.01978
L,-0.2129647,0.7513982,-0.124251,-0.1230987,0.03945623,0.02216875,-10.91301,-6.476611,5.122916,72.03416
L,-0.2140369,0.751826,-0.1241242,-0.06998957,0.02792346,0.008281814,3.466692,-0.7528005,-0.9064681,72.04948
L,-0.2151455,0.7523282,-0.1240367,-0.04371557,0.01980154,0.003449992,1.036037,-0.3202638,-0.1905284,72.07484
L,-0.2078187,0.7556292,-0.1226726,0.2625335,0.118281,0.04887725,10.9734,3.528677,1.627731,72.10275
L,-0.1909295,0.764766,-0.1176382,1.061723,0.5743818,0.3164854,50.24043,28.67244,16.82299,72.11866
L,-0.1911855,0.7673198,-0.1178044,-0.0099818,0.09959136,-0.006482039,-41.79424,-18.51584,-12.59506,72.1443
L,-0.200742,0.7564532,-0.1206364,-0.6473323,-0.7360788,-0.1918307,-43.1725,-56.60618,-12.55505,72.15907
L,-0.2073772,0.7477349,-0.1228218,-0.4638344,-0.60945,-0.1527714,12.82743,8.851995,2.730446,72.17337
L,-0.2119116,0.7414402,-0.1242438,-0.3263821,-0.4530821,-0.1023583,9.893544,11.25505,3.62863,72.18726
L,-0.2155064,0.7238567,-0.1263034,-0.2544114,-1.24444,-0.1457641,5.093598,-56.00695,-3.071965,72.20139
L,-0.2183324,0.7110001,-0.1278754,-0.1078044,-0.4904367,-0.05996651,5.59257,28.76273,3.272893,72.22761
L,-0.2168667,0.7095397,-0.1313903,0.08182246,-0.08152217,-0.1962075,10.58551,22.82677,-7.60536,72.24552
L,-0.2167365,0.7079688,-0.1325959,0.00538774,-0.06499566,-0.04988175,-3.16239,0.6837636,6.054044,72.26969
L,-0.2258187,0.7331266,-0.1347555,-0.6548018,1.813802,-0.1556978,-47.59756,135.4553,-7.628999,72.28356
L,-0.2293532,0.7427173,-0.1358666,-0.2530145,0.6865442,-0.07954051,28.76191,-80.69467,5.451714,72.29753
L,-0.2313376,0.7398772,-0.1351679,-0.1412828,-0.2021999,0.04974262,7.954863,-63.2751,9.204453,72.31158
L,-0.2328667,0.7381045,-0.1348475,-0.1132327,-0.1312721,0.02372992,2.077163,5.252346,-1.926292,72.32508
L,-0.2319933,0.7354566,-0.1329463,0.05849594,-0.1773441,0.1273354,11.50169,-3.085723,6.939077,72.34001
L,-0.2312979,0.7325344,-0.1308951,0.04937619,-0.2074883,0.1456401,-0.6475323,-2.140334,1.299693,72.3541
L,-0.2285289,0.7299116,-0.1275193,0.1040549,-0.09856114,0.1268563,2.054714,4.093264,-0.7058576,72.38071
L,-0.2240013,0.7285544,-0.1244709,0.3089242,-0.09259907,0.2079956,13.97847,0.4067985,5.53623,72.39536
L,-0.2214336,0.7291239,-0.1239357,0.174106,0.03861388,0.03629246,-9.141693,8.897229,-11.64277,72.41011
L,-0.2196563,0.7294988,-0.123511,0.1346572,0.02840498,0.03217576,-2.988801,-0.7734683,-0.3118983,72.42331
L,-0.2153356,0.7357872,-0.1179477,0.3256586,0.4739703,0.4193154,14.39616,33.58318,29.17951,72.43658
L,-0.2121073,0.7404079,-0.113747,0.2465832,0.3529374,0.3208594,-6.039962,-9.244769,-7.520294,72.44967
L,-0.2095989,0.7439032,-0.1104645,0.1881999,0.2622442,0.2462743,-4.380318,-6.804432,-5.595889,72.463
L,-0.2064785,0.7514136,-0.1053762,0.2174375,0.5233378,0.3545654,2.037342,18.19355,7.545948,72.47735
L,-0.2039182,0.7572599,-0.101269,0.1856106,0.4238324,0.29775,-2.307312,-7.213701,-4.118862,72.49114
L,-0.2062505,0.7714933,-0.09307265,-0.1677865,1.023926,0.5896358,-25.42287,43.16987,20.99783,72.50504
L,-0.2075838,0.7826639,-0.08648975,-0.09159112,0.7673775,0.4522191,5.23432,-17.62388,-9.439981,72.5196
L,-0.2082685,0.7916852,-0.08100141,-0.04882919,0.6433326,0.3913864,3.049452,-8.845926,-4.338118,72.53362
L,-0.1994664,0.7958625,-0.07819063,0.6596448,0.3130494,0.2106427,53.09383,-24.75179,-13.54513,72.54697
L,-0.192824,0.8001383,-0.07526663,0.4690889,0.3019599,0.2064951,-13.45719,-0.7831526,-0.2929067,72.56113
L,-0.1770473,0.8090023,-0.08049037,1.0855,0.6098835,-0.359415,42.41166,21.18644,-38.93699,72.57566
L,-0.1813667,0.800486,-0.08532295,-0.3124407,-0.6160363,-0.3495673,-101.1208,-88.67757,0.7123366,72.58949
L,-0.1777471,0.8074215,-0.09074174,0.2767957,0.5303703,-0.4143827,45.05974,87.66734,-4.956523,72.60256
L,-0.1746037,0.8133833,-0.09422952,0.2203271,0.4178727,-0.2444655,-3.957991,-7.885181,11.90984,72.61683
L,-0.1718085,0.8186458,-0.09651192,0.2003133,0.3771272,-0.1635638,-1.434254,-2.919951,5.797672,72.63078
L,-0.1718984,0.8207926,-0.08906484,-0.006648116,0.1587088,0.5505378,-15.29997,-16.14695,52.79116,72.64431
L,-0.1714245,0.8237815,-0.08209947,0.03284886,0.2071697,0.4827947,2.737677,3.358999,-4.695517,72.65874
L,-0.1854734,0.8340653,-0.0613677,-1.022445,0.7484254,1.508803,-76.8015,39.39116,74.67015,72.67248
L,-0.1982668,0.8519366,-0.03485146,-0.9295197,1.298469,1.926572,6.751624,39.96413,30.3536,72.68624
L,-0.2074533,0.8665276,-0.01408932,-0.6565397,1.042781,1.483825,19.50929,-18.27342,-31.64219,72.70023
L,-0.2145,0.8787804,0.002629218,-0.508604,0.8843612,1.206681,10.67743,-11.43417,-20.00322,72.71409
L,-0.2201958,0.8895912,0.0168567,-0.383049,0.7270355,0.9568112,8.443689,-10.58029,-16.80396,72.72896
L,-0.1862653,0.9558558,0.06189691,2.387194,4.662071,3.168819,194.9014,276.8507,155.6266,72.74317
L,-0.1702583,1.011098,0.1207428,1.194798,4.123421,4.392395,-89.00327,-40.20612,91.33062,72.75657
L,-0.1595744,1.052699,0.1663041,0.7673213,2.987817,3.27223,-30.70146,-81.55939,-80.45058,72.77049
L,-0.1518392,1.085686,0.2024456,0.2832031,1.207703,1.32322,-17.72467,-65.17403,-71.35772,72.79781
L,-0.1567106,1.083126,0.2891468,-0.3477637,-0.1827597,6.189603,-45.0447,-99.26513,347.411,72.81181
L,-0.1579353,1.08692,0.3471288,-0.08854131,0.2743123,4.191846,18.74065,33.04431,-144.4292,72.82565
L,-0.1624195,1.081899,0.3677803,-0.3040641,-0.3404359,1.400323,-14.61407,-41.68457,-189.2863,72.84039
L,-0.1654897,1.081023,0.388036,-0.1159021,-0.03309062,0.7646754,7.103331,11.60264,-23.99642,72.86688
L,-0.1346665,1.092508,0.1467139,1.992136,0.7423262,-15.59693,136.245,50.11609,-1057.469,72.88235
L,-0.1156468,1.094459,0.1740622,1.37277,0.1408057,1.973896,-44.7035,-43.41547,1268.195,72.89621
L,-0.1035371,1.097563,0.1139784,0.8706722,0.2231384,-4.319965,-36.1004,5.919643,-452.5228,72.91012
L,-0.1040805,1.057636,0.03454819,-0.02105875,-1.547392,-3.07838,-34.55972,-68.61828,48.1186,72.93592
L,-0.1027682,1.002649,-0.04682273,0.07797582,-3.267098,-4.834745,5.884252,-102.1783,-104.3565,72.95275
L,-0.1012993,0.9844956,-0.07535236,0.05684418,-0.7025207,-1.104055,-0.8177637,99.24545,144.3723,72.97859
L,-0.09126215,0.9306325,-0.1213698,0.3645287,-1.956208,-1.671266,11.17451,-45.53152,-20.59999,73.00613
L,-0.06904471,0.9450853,-0.08449145,1.464095,0.9524219,2.430225,72.45968,191.6741,270.2819,73.0213
L,-0.05841559,0.946224,-0.07481761,0.4092774,0.04384547,0.3724943,-40.61604,-34.985,-79.23351,73.04727
L,-0.03702095,0.9809109,-0.02490774,1.566613,2.539931,3.654629,84.74545,182.7748,240.3329,73.06093
L,-0.02050919,1.035257,0.06569464,1.181348,3.888211,6.482224,-27.56412,96.46385,202.3028,73.07491
L,-0.02127084,1.063777,0.1432887,-0.0512743,1.920013,5.22363,-82.98013,-132.4991,-84.72855,73.08976
L,-0.02025277,1.085161,0.2023174,0.0763822,1.604357,4.428741,9.577671,-23.68267,-59.63802,73.10309
L,-0.01790163,1.102451,0.2483706,0.1656821,1.218431,3.245314,6.292858,-27.1958,-83.39476,73.11728
L,-0.06114295,1.109046,0.2996542,-2.973624,0.4534611,3.526674,-215.8841,-52.60551,19.34859,73.13182
L,-0.08615885,1.115746,0.3420825,-0.9365562,0.2508748,1.588451,76.26464,-7.584518,-72.56403,73.15853
L,-0.1258341,1.118846,0.3812112,-2.677811,0.2092237,2.640923,-117.5231,-2.811165,71.03478,73.17335
L,-0.1135496,1.111867,0.3601966,0.839058,-0.4766806,-1.435344,240.2101,-46.8488,-278.4182,73.18799
L,-0.1006889,1.105008,0.3355267,0.4994598,-0.266412,-0.9580833,-13.18869,8.166019,18.53498,73.21374
L,-0.05148415,1.060686,0.3270512,3.660252,-3.297008,-0.6304736,235.1256,-225.4406,24.3703,73.22718
L,-0.02653745,1.047793,0.05997461,1.744831,-0.9017893,-18.67997,-133.9691,167.5273,-1262.425,73.24148
L,-0.06471572,1.017068,0.05348558,-2.239974,-1.802645,-0.3807206,-233.7942,-52.85452,1073.643,73.25852
L,-0.08783554,0.9953955,0.01001589,-0.909199,-0.8522891,-1.709469,52.33343,37.37326,-52.25373,73.28395
L,-0.1237837,0.9402536,-0.05799979,-2.630822,-4.035486,-4.977639,-125.9947,-232.9581,-239.1768,73.29762
L,-0.1357299,0.9213595,-0.08405748,-0.8382268,-1.325741,-1.828391,125.7811,190.1347,220.9734,73.31187
L,-0.1290868,0.8971508,-0.09169668,0.2401999,-0.8753362,-0.2762166,38.99353,16.28564,56.12318,73.33952
L,-0.1291662,0.8730564,-0.09370628,-0.005280965,-1.601467,-0.1335712,-16.31626,-48.26342,9.481147,73.35457
L,-0.1330909,0.8661016,-0.0880245,-0.2869035,-0.5084094,0.4153495,-20.58719,79.90479,40.12724,73.36825
L,-0.1365952,0.8577566,-0.08929618,-0.2407268,-0.5732688,-0.08735884,3.172158,-4.455582,-34.53406,73.3828
L,-0.1410568,0.8476058,-0.0979761,-0.1738386,-0.3955067,-0.3381972,2.606174,6.926173,-9.773449,73.40847
L,-0.1476142,0.8392639,-0.08876397,-0.2331158,-0.2965529,0.3274893,-2.107293,3.517782,23.665,73.4366
L,-0.1545444,0.834721,-0.08670846,-0.4770723,-0.312738,0.1415015,-16.79405,-1.114184,-12.80346,73.45113
L,-0.1582156,0.8350376,-0.08597736,-0.2532586,0.02184211,0.05043534,15.43985,23.08109,-6.282226,73.46562
L,-0.1617551,0.8334736,-0.08672906,-0.1376249,-0.0608105,-0.02922764,4.496097,-3.213718,-3.097474,73.49134
L,-0.1831158,0.7904953,-0.08279379,-1.416895,-2.850835,0.2610343,-84.85654,-185.0679,19.25365,73.50642
L,-0.1915432,0.7752511,-0.08278455,-0.58662,-1.061123,0.0006430895,57.79386,124.5784,-18.12533,73.52078
L,-0.2038113,0.7742722,-0.08546463,-0.4733606,-0.03777,-0.1034098,4.370075,39.48568,-4.014844,73.5467
L,-0.2061541,0.8014764,-0.0966188,-0.1680714,1.951671,-0.8002189,21.90195,142.7258,-49.99024,73.56064
L,-0.2090263,0.8104829,-0.1016103,-0.2122135,0.6654453,-0.3687955,-3.261444,-95.0328,31.87572,73.57417
L,-0.2122541,0.8146364,-0.1059525,-0.229683,0.2955559,-0.3089845,-1.243086,-26.32038,4.255997,73.58823
L,-0.2151004,0.8008074,-0.1045546,-0.2067996,-1.004764,0.1015674,1.662629,-94.47644,29.82919,73.60199
L,-0.2185518,0.7894031,-0.1043948,-0.2442693,-0.8071215,0.01131009,-2.651852,13.98777,-6.387798,73.61612
L,-0.2167571,0.7797931,-0.1010044,0.12176,-0.6519637,0.2300179,24.83239,10.52632,14.83772,73.63086
L,-0.2164962,0.7718257,-0.09923942,0.01832128,-0.5596488,0.1239737,-7.265764,6.4844,-7.448778,73.6451
L,-0.2186747,0.7728269,-0.1013686,-0.1580161,0.07262123,-0.1544417,-12.79076,45.86214,-20.19506,73.65888
L,-0.2207465,0.7727531,-0.1031946,-0.1503603,-0.005355413,-0.1325243,0.5556251,-5.659221,1.590675,73.67266
L,-0.2233453,0.7719026,-0.1053282,-0.1892405,-0.06193142,-0.1553624,-2.831163,-4.11974,-1.663021,73.68639
L,-0.2335555,0.7674369,-0.1134504,-0.7488939,-0.3275479,-0.5957452,-41.04919,-19.48231,-32.30098,73.70003
L,-0.2416513,0.7633235,-0.1198042,-0.5795341,-0.2944557,-0.4548349,12.12361,2.368901,10.08705,73.714
L,-0.2417057,0.7630833,-0.1233594,-0.00401726,-0.01772211,-0.2622364,42.45028,20.41195,14.20611,73.72755
L,-0.2427052,0.7621184,-0.126405,-0.07115592,-0.06869568,-0.2168324,-4.78001,-3.629119,3.232589,73.7416
L,-0.2442168,0.7607443,-0.1292357,-0.1079732,-0.09814799,-0.2021937,-2.629818,-2.103745,1.045629,73.7556
L,-0.239873,0.7740489,-0.1375288,0.3109469,0.9524039,-0.5936615,29.98837,75.20368,-28.02319,73.76957
L,-0.2374757,0.783307,-0.1442942,0.08871224,0.3425964,-0.2503535,-8.223811,-22.56598,12.70414,73.79659
L,-0.2319073,0.7789506,-0.1421673,0.371053,-0.2902858,0.1417252,18.81392,-42.17242,26.12635,73.8116
L,-0.2288743,0.7788059,-0.1420401,0.2266505,-0.01081902,0.009509514,-10.79084,20.88385,-9.880143,73.82498
L,-0.2269506,0.7787223,-0.1424862,0.1301697,-0.005654685,-0.03018521,-6.528616,0.3494578,-2.686044,73.83976
L,-0.2255356,0.7786575,-0.1432183,0.1043718,-0.004778946,-0.05400165,-1.902855,0.06459474,-1.756707,73.85332
L,-0.2244958,0.7796394,-0.1429932,0.07864568,0.07426608,0.01702138,-1.945746,5.978413,5.371686,73.86654
L,-0.2235995,0.7805079,-0.1430535,0.06519666,0.063172,-0.004380983,-0.9782414,-0.8069501,-1.556743,73.88029
L,-0.2232887,0.7793136,-0.1428888,0.02273956,-0.08740752,0.01205027,-3.107167,-11.01997,1.2025,73.89395
L,-0.2228333,0.7775134,-0.1428526,0.03419311,-0.1351392,0.00271603,0.8598161,-3.583214,-0.7007201,73.90727
L,-0.2223369,0.7755629,-0.1430354,0.03584173,-0.1408574,-0.01320269,0.1190564,-0.4129455,-1.149586,73.92112
L,-0.2252413,0.7647986,-0.1439422,-0.1871572,-0.693657,-0.05843339,-14.37016,-35.62269,-2.914689,73.93664
L,-0.2273381,0.7570286,-0.144921,-0.140721,-0.5214694,-0.0656872,3.116479,11.55606,-0.4868262,73.95154
L,-0.2361248,0.7559234,-0.1421807,-0.3446108,-0.04334278,0.107471,-7.996483,18.75195,6.791199,73.97704
L,-0.2454197,0.7695911,-0.1389679,-0.6716133,0.9875664,0.2321473,-23.62782,74.48916,9.008588,73.99088
L,-0.2492924,0.7748933,-0.1379557,-0.2835807,0.3882551,0.07411946,28.41353,-43.88432,-11.57152,74.00453
L,-0.2522845,0.7781282,-0.1374017,-0.211071,0.2282024,0.03907722,5.11517,-11.29086,-2.472043,74.01871
L,-0.253166,0.7771987,-0.1360638,-0.06232512,-0.06571096,0.09458856,10.51587,-20.77875,3.924478,74.03285
L,-0.254132,0.776648,-0.1350617,-0.06922542,-0.03946829,0.07180965,-0.494497,1.880634,-1.632409,74.04681
L,-0.2582271,0.7782542,-0.1290201,-0.2374965,0.09315196,0.3503967,-9.75913,7.691505,16.15706,74.06405
L,-0.2620846,0.7798237,-0.1239727,-0.1493258,0.06075799,0.1953843,3.413088,-1.25397,-6.000525,74.08988
L,-0.257419,0.798744,-0.1116733,0.1716338,0.6960207,0.4524568,11.80713,23.3694,9.456919,74.11707
L,-0.2520553,0.8177966,-0.09556136,0.3446231,1.22415,1.035207,11.11473,33.93281,37.44228,74.13263
L,-0.2504343,0.8263218,-0.08834032,0.06274804,0.3300101,0.2795264,-10.91138,-34.61213,-29.25238,74.15846
L,-0.2580877,0.847637,-0.08106859,-0.5616733,1.564289,0.5336619,-45.82539,90.58199,18.65064,74.17209
L,-0.2608943,0.8587322,-0.07659833,-0.2006892,0.79338,0.319654,25.81282,-55.12526,-15.30303,74.18607
L,-0.2600005,0.8815713,-0.05423662,0.06391077,1.633153,1.599015,18.9207,60.04953,91.48302,74.20006
L,-0.2596045,0.9005402,-0.03622124,0.02844392,1.36235,1.293869,-2.547239,-19.44916,-21.91562,74.21398
L,-0.2504213,0.8978974,-0.03739087,0.6897766,-0.1985047,-0.08785369,49.67461,-117.2403,-103.7852,74.22729
L,-0.2437127,0.8981584,-0.03662201,0.4560719,0.01774021,0.05226939,-15.88804,14.70106,9.526044,74.242
L,-0.2386986,0.9005257,-0.0343658,0.1801077,0.085034,0.08104318,-9.91263,2.417191,1.033554,74.26984
L,-0.2214428,0.9331728,-0.01657882,1.18977,2.250986,1.226394,69.61515,149.3402,78.97077,74.28435
L,-0.2059918,0.9556323,-0.004374719,1.103648,1.604253,0.871725,-6.151601,-46.19542,-25.33362,74.29835
L,-0.1955369,0.9714628,0.004972797,0.7642721,1.157248,0.6833227,-24.80905,-32.67702,-13.77259,74.31203
L,-0.186244,0.9852697,0.0173321,0.6722081,0.9987238,0.8940171,-6.659501,-11.46692,15.24069,74.32585
L,-0.1779676,0.9982758,0.0284001,0.6050211,0.9507721,0.8090937,-4.911509,-3.505368,-6.208075,74.33953
L,-0.1703347,1.010789,0.03856457,0.5440255,0.891857,0.7244573,-4.34737,-4.199089,-6.032338,74.35356
L,-0.1479209,1.020223,0.06347364,1.676839,0.7057916,1.863517,84.74895,-13.92007,85.21623,74.36693
L,-0.1293703,1.030149,0.08443448,1.325047,0.7090174,1.497209,-25.12814,0.2304155,-26.16496,74.38093
L,-0.1160855,1.038314,0.109291,0.9541192,0.586387,1.785203,-26.64012,-8.80735,20.68378,74.39485
L,-0.1040269,1.047236,0.130769,0.447114,0.3308212,0.796367,-18.79892,-9.475958,-36.66441,74.42182
L,-0.07950556,1.055076,0.1942859,1.702361,0.5442681,4.409581,87.14389,14.81827,250.8428,74.43623
L,-0.06513227,1.062025,0.2342851,1.057203,0.5111356,2.942077,-47.45348,-2.437,-107.9398,74.44982
L,-0.06350929,1.051178,0.2784552,0.1198459,-0.8009507,3.261668,-69.21761,-96.88889,23.5997,74.46336
L,-0.0597154,1.045679,0.3166281,0.2657792,-0.3852636,2.674184,10.22328,29.12076,-41.15591,74.47764
L,-0.05438814,1.04341,0.3503555,0.3920575,-0.1669883,2.482157,9.293399,16.06388,-14.13212,74.49123
L,-0.07142095,1.029828,0.3719065,-1.246524,-0.9939891,1.577178,-119.9174,-60.52297,-66.22971,74.50489
L,-0.08105554,1.021425,0.3939066,-0.6688693,-0.5833471,1.527327,40.10294,28.50829,-3.460863,74.51929
L,-0.1099648,1.003733,0.3838953,-2.062706,-1.262359,-0.7143143,-99.45179,-48.44824,-159.9436,74.53331
L,-0.1283119,0.9916602,0.3828927,-1.305537,-0.8590611,-0.07134314,53.8782,28.69763,45.75218,74.54736
L,-0.1252459,1.000161,0.347955,0.2109549,0.5848589,-2.403859,104.341,99.34776,-160.4869,74.5619
L,-0.1234569,1.006047,0.3300121,0.128063,0.4213886,-1.284439,-5.933811,-11.70201,80.13358,74.57587
L,-0.1222901,1.010215,0.319571,0.08815011,0.3148505,-0.788781,-3.015254,-8.048508,37.44492,74.5891
L,-0.09936947,1.012475,0.2734809,1.673679,0.1650592,-3.365529,115.7763,-10.93785,-188.1557,74.6028
L,-0.08203601,1.014296,0.2484498,1.210406,0.1271477,-1.747939,-32.3506,-2.647381,112.9573,74.61712
L,-0.08312414,1.005534,0.1901453,-0.07374511,-0.5938308,-3.951439,-87.03011,-48.86251,-149.3367,74.63187
L,-0.08321217,0.9994347,0.1582546,-0.006519245,-0.4516596,-2.36157,4.978209,10.52806,117.733,74.64538
L,-0.0824173,0.9949452,0.1295944,0.05922999,-0.3345385,-2.135618,4.899309,8.727288,16.83679,74.6588
L,-0.09963142,0.9729725,0.0840437,-1.228916,-1.568632,-3.251863,-91.96069,-88.10188,-79.68866,74.67281
L,-0.1109378,0.95754,0.05273837,-0.8283696,-1.130664,-2.293601,29.34621,32.08792,70.20757,74.68645
L,-0.123814,0.9380139,0.01484842,-0.7382795,-1.119566,-2.17249,5.165477,0.6363189,6.944103,74.7039
L,-0.1332122,0.922943,-0.01577128,-0.3654241,-0.5859908,-1.190562,14.49745,20.7466,38.17953,74.72961
L,-0.149986,0.8906237,-0.05143028,-1.169452,-2.253275,-2.486115,-56.05616,-116.2416,-90.32481,74.74396
L,-0.1568175,0.8776044,-0.07018415,-0.510794,-0.9734562,-1.402229,49.24796,95.69217,81.04226,74.75733
L,-0.1671702,0.8641518,-0.08465313,-0.7963294,-1.034771,-1.112957,-21.96344,-4.716352,22.25086,74.77033
L,-0.1757365,0.8519006,-0.1007605,-0.6695294,-0.9575367,-1.258932,9.910513,6.036533,-11.40919,74.78313
L,-0.184261,0.8562006,-0.09828053,-0.6118982,0.3086579,0.1780168,4.136817,90.88864,103.1455,74.79706
L,-0.1918556,0.8566419,-0.1017395,-0.5412918,0.03145391,-0.2465334,5.032372,-19.75731,-30.25918,74.81109
L,-0.1988873,0.8546517,-0.10883,-0.5148961,-0.1457315,-0.5191968,1.932812,-12.97433,-19.96566,74.82475
L,-0.1995385,0.8422212,-0.1166542,-0.04334767,-0.8274743,-0.5208391,31.38994,-45.38212,-0.1093234,74.83977
L,-0.2016423,0.8314608,-0.1262796,-0.1595798,-0.8161983,-0.7301076,-8.816423,0.855306,-15.8734,74.85295
L,-0.2110233,0.8242836,-0.127185,-0.6678913,-0.5109867,-0.06446161,-36.18979,21.72987,47.39139,74.867
L,-0.2191646,0.8169377,-0.1314744,-0.5066931,-0.4571908,-0.2669586,10.03256,3.348124,-12.60289,74.88306
L,-0.2145383,0.8084687,-0.1256484,0.3435574,-0.6289217,0.4326498,63.1411,-12.75305,51.95415,74.89653
L,-0.2126278,0.8002205,-0.124256,0.1492337,-0.6442845,0.108761,-15.17903,-1.200015,-25.29962,74.90933
L,-0.212477,0.7921203,-0.1257592,0.0115499,-0.6201537,-0.1150878,-10.54117,1.847474,-17.13803,74.92239
L,-0.2157003,0.7809892,-0.1209819,-0.2418398,-0.8351325,0.3584247,-19.01105,-16.1292,35.52618,74.93572
L,-0.2189793,0.7708262,-0.1194236,-0.2288495,-0.7093151,0.1087614,0.90664,8.781225,-17.42485,74.95005
L,-0.2362325,0.7727336,-0.1220659,-1.288557,0.142459,-0.1973424,-79.14418,63.61467,-22.86133,74.96344
L,-0.2494117,0.7718667,-0.1254552,-0.9101223,-0.05986976,-0.234056,26.13395,-13.97241,-2.535365,74.97792
L,-0.2603559,0.7692656,-0.1292896,-0.7838745,-0.1863004,-0.2746328,9.042379,-9.055472,-2.906278,74.99188
L,-0.2608334,0.7580041,-0.1317302,-0.02882456,-0.6799034,-0.147348,45.5854,-29.8008,7.684696,75.00845
L,-0.26299,0.7482921,-0.1348017,-0.08450463,-0.3805587,-0.1203557,-2.181793,11.72966,1.057679,75.03397
L,-0.2944953,0.7689533,-0.1349095,-2.094051,1.373277,-0.00716377,-133.5676,116.5714,7.523476,75.04901
L,-0.2940195,0.7816624,-0.1363311,0.03561804,0.9513493,-0.1064191,159.4175,-31.5836,-7.429809,75.06237
L,-0.2957685,0.7892132,-0.1382838,-0.1305524,0.5636123,-0.1457547,-12.40335,-28.94161,-2.936105,75.07577
L,-0.298818,0.7942265,-0.1405995,-0.1107496,0.1820709,-0.08409965,0.7191997,-13.85686,2.239195,75.1033
L,-0.2980233,0.7789568,-0.1413864,0.05717018,-1.09848,-0.0566149,12.0799,-92.12091,1.977213,75.1172
L,-0.298144,0.7730959,-0.1406223,-0.008148413,-0.3955692,0.05157678,-4.408568,47.44174,7.302215,75.13202
L,-0.2993774,0.7689515,-0.1406858,-0.08946545,-0.3006191,-0.004606651,-5.898388,6.887268,-4.075305,75.14581
L,-0.3011999,0.7656336,-0.1412445,-0.0685241,-0.1247512,-0.02100814,0.787385,6.612552,-0.6166884,75.1724
L,-0.3017308,0.7674637,-0.1472282,-0.03536466,0.1218917,-0.3985258,2.208472,16.42682,-25.14329,75.18742
L,-0.3029298,0.7675014,-0.1520025,-0.04560201,0.001432821,-0.1815953,-0.3893877,-4.581771,8.251167,75.21371
L,-0.3028238,0.7686322,-0.1559183,0.007894667,0.08426308,-0.291784,3.986309,6.172102,-8.210719,75.22713
L,-0.3011882,0.7702342,-0.1560717,0.1114276,0.1091354,-0.01044881,7.053154,1.694422,19.16589,75.24181
L,-0.3001943,0.7713508,-0.1564987,0.06474435,0.07273935,-0.02781844,-3.041187,-2.371027,-1.131547,75.25716
L,-0.2980814,0.7769963,-0.15545,0.08128829,0.2171907,0.04034719,0.6364685,5.557244,2.622426,75.28315
L,-0.2976134,0.7840057,-0.156251,0.03054773,0.457537,-0.05228695,-3.312085,15.68858,-6.046684,75.29847
L,-0.2977741,0.7866257,-0.1569421,-0.01145324,0.1867353,-0.0492572,-2.993556,-19.30099,0.2159409,75.3125
L,-0.2980599,0.7884437,-0.1576467,-0.01088235,0.06922983,-0.02683078,0.02173962,-4.474631,0.8540019,75.33876
L,-0.3000392,0.7832292,-0.159008,-0.1290714,-0.3400342,-0.08876905,-7.707105,-26.68809,-4.038991,75.3541
L,-0.3030111,0.777328,-0.1610056,-0.1142355,-0.2268306,-0.07678302,0.5702581,4.35127,0.4607135,75.38011
L,-0.3084594,0.7714337,-0.163723,-0.3841363,-0.415588,-0.1915996,-19.02982,-13.30867,-8.095339,75.39429
L,-0.3113372,0.7698059,-0.1648657,-0.2119097,-0.1198604,-0.08414458,12.68207,21.77619,7.91255,75.40788
L,-0.3136594,0.7684978,-0.1659026,-0.167423,-0.09430865,-0.07475162,3.207347,1.842201,0.6772026,75.42175
L,-0.3131048,0.7690268,-0.1663792,0.03895574,0.03715334,-0.03348259,14.4965,9.234183,2.898828,75.43598
L,-0.3125097,0.7696455,-0.1671045,0.0343461,0.03571183,-0.04186189,-0.2660475,-0.08319745,-0.4836158,75.45331
L,-0.3128459,0.7700884,-0.1669644,-0.01332637,0.01755273,0.005556396,-1.889485,-0.7197307,1.87941,75.47854
L,-0.3126104,0.7717115,-0.1666369,0.01526006,0.1051656,0.02121694,1.852141,5.676517,1.014661,75.49397
L,-0.3114877,0.7730942,-0.1664724,0.0444569,0.05475123,0.00651317,1.15616,-1.996348,-0.5822515,75.51923
L,-0.3040525,0.7862573,-0.1638869,0.4957023,0.877579,0.1723747,30.08425,54.85741,11.05789,75.53423
L,-0.3013195,0.7915945,-0.1630695,0.1996717,0.3899413,0.05971837,-21.62839,-35.62745,-8.230821,75.54791
L,-0.2996964,0.7948806,-0.1626344,0.109667,0.2220159,0.02940057,-6.080977,-11.34552,-2.048358,75.56271
L,-0.2986864,0.7947944,-0.1614976,0.03952556,-0.003370876,0.04448856,-2.74517,-8.821112,0.5905085,75.58826
L,-0.3006104,0.7909366,-0.141545,-0.1348554,-0.2704044,1.398517,-12.22271,-18.71691,94.90652,75.60253
L,-0.3011266,0.7900844,-0.1329066,-0.03509344,-0.05793325,0.5872737,6.782161,14.44451,-55.15107,75.61724
L,-0.2818665,0.8050072,-0.1207043,1.346383,1.043175,0.852999,96.57223,76.97305,18.57554,75.63155
L,-0.2672551,0.8164279,-0.1108596,1.026333,0.8022173,0.6915162,-22.48108,-16.9254,-11.34291,75.64578
L,-0.2559877,0.8253681,-0.1026004,0.4276999,0.3393607,0.3135094,-22.72343,-17.56952,-14.34871,75.67213
L,-0.2433074,0.8497252,-0.09669337,0.8710876,1.673234,0.4057888,30.45897,91.63181,6.339231,75.68668
L,-0.227535,0.8642655,-0.08794164,1.11686,1.029621,0.6197225,17.40353,-45.57522,15.14896,75.70081
L,-0.2150791,0.8749916,-0.08047393,0.8801202,0.7578925,0.5276591,-16.72777,-19.19998,-6.505087,75.71496
L,-0.2043841,0.8845128,-0.07365152,0.7420934,0.6606505,0.4733862,-9.577265,-6.747333,-3.765832,75.72937
L,-0.1967393,0.8914332,-0.06837471,0.3037331,0.2749531,0.2096522,-17.41642,-15.32408,-10.47837,75.75454
L,-0.1958313,0.9000175,-0.05249679,0.06238023,0.5897045,1.09075,-16.57998,21.62217,60.52789,75.7691
L,-0.192962,0.9060519,-0.0437726,0.1977288,0.4158493,0.6012077,9.327236,-11.98084,-33.73566,75.78361
L,-0.1894298,0.9118037,-0.03657326,0.2477135,0.40337,0.5048862,3.505406,-0.8751672,-6.754979,75.79787
L,-0.1750634,0.9241723,-0.01400065,0.9884648,0.8510088,1.55309,50.9668,30.79943,72.12083,75.8124
L,-0.1630289,0.9350153,0.004587871,0.4672365,0.4209771,0.7216927,-20.2365,-16.69583,-32.27871,75.83816
L,-0.1264427,0.9880584,0.05069266,2.673037,3.875396,3.368476,161.1587,252.3844,193.3775,75.85184
L,-0.1069637,1.018042,0.07674197,1.40747,2.166479,1.882214,-91.44452,-123.4792,-107.3911,75.86568
L,-0.1066579,1.037167,0.08542153,0.02105354,1.316579,0.5975039,-95.44137,-58.5074,-88.43987,75.88021
L,-0.10397,1.054364,0.09496118,0.1749288,1.119166,0.6208445,10.01427,-12.84771,1.519019,75.89558
L,-0.09172963,1.075377,0.1072454,0.8435164,1.448114,0.846539,46.07419,22.6687,15.55322,75.91009
L,-0.08038617,1.09454,0.1196223,0.4451528,0.7520116,0.4857074,-15.63303,-27.31722,-14.16016,75.93557
L,-0.06635513,1.099891,0.1928038,0.9603531,0.3662125,5.008904,35.26283,-26.40599,309.5898,75.95018
L,-0.0572198,1.107467,0.2405415,0.5992926,0.4970048,3.131671,-23.68614,8.580188,-123.1495,75.96542
L,-0.04764001,1.098413,0.2809897,0.3582431,-0.3385788,1.512588,-9.014221,-31.24725,-60.54676,75.99216
L,-0.05543737,1.077193,0.3091577,-0.5603161,-1.524868,2.024144,-66.00735,-85.24633,36.76025,76.00608
L,-0.05530458,1.073503,0.329438,0.009685739,-0.2691378,1.479228,41.57557,91.59215,-39.74586,76.01979
L,-0.07474283,1.053993,0.3378336,-1.444337,-1.449635,0.6238241,-108.0395,-87.71549,-63.55977,76.03325
L,-0.08688095,1.04171,0.3490285,-0.8988519,-0.909631,0.8290077,40.39423,39.98837,15.19425,76.04675
L,-0.09509204,1.033296,0.3622374,-0.5965871,-0.6112805,0.9597119,21.96144,21.67705,9.496484,76.06052
L,-0.1078991,1.029871,0.3342993,-0.8844312,-0.2365236,-1.929348,-19.87792,25.87994,-199.5126,76.075
L,-0.1169804,1.027276,0.3204835,-0.6382289,-0.1824145,-0.9709722,17.30307,3.802782,67.35454,76.08923
L,-0.1123896,1.026989,0.2996349,0.3318901,-0.02076151,-1.507263,70.13538,11.68681,-38.77149,76.10306
L,-0.1095644,1.026556,0.2879288,0.1025201,-0.01571152,-0.4247917,-8.323362,0.1832539,39.28064,76.13062
L,-0.09796428,1.025441,0.2146081,0.4172495,-0.04008301,-2.637291,11.32058,-0.8766248,-79.58198,76.15842
L,-0.09778775,1.021026,0.1724442,0.01289727,-0.3225683,-3.080553,-29.54251,-20.63875,-32.38528,76.1721
L,-0.09783552,1.019084,0.1561004,-0.003141366,-0.1277597,-1.074867,-1.0548,12.81182,131.9063,76.18731
L,-0.1096903,1.001844,0.1098032,-0.8105535,-1.178722,-3.165504,-55.20559,-71.85795,-142.9442,76.20193
L,-0.1182458,0.9892377,0.07768636,-0.2947907,-0.4343742,-1.106628,17.77131,25.6475,70.94139,76.23096
L,-0.1609849,0.9419698,0.01192637,-1.70998,-1.891176,-2.631042,-56.62141,-58.2863,-60.99145,76.25595
L,-0.1798243,0.9105256,-0.04251053,-1.203374,-2.008505,-3.477171,32.35958,-7.494449,-54.04669,76.27161
L,-0.1863388,0.8796195,-0.05335059,-0.2576545,-1.222369,-0.4287351,37.40416,31.09249,120.5687,76.29689
L,-0.1983686,0.8329812,-0.08600031,-0.8481826,-3.288314,-2.302025,-41.6362,-145.6631,-132.0795,76.31107
L,-0.2048196,0.8145865,-0.103149,-0.477437,-1.361391,-1.26918,27.43894,142.6119,76.441,76.32458
L,-0.2030301,0.8049074,-0.1149235,0.1244322,-0.6730272,-0.8187303,41.85051,47.86483,31.32166,76.33897
L,-0.2033938,0.7933775,-0.1288701,-0.02424816,-0.7686928,-0.9298112,-9.912426,-6.377964,-7.405694,76.35397
L,-0.2051366,0.7809527,-0.1439489,-0.1271891,-0.9067633,-1.100449,-7.512627,-10.07638,-12.45314,76.36767
L,-0.1990374,0.7720423,-0.1424949,0.4247777,-0.6205624,0.1012667,38.44176,19.93248,83.69356,76.38203
L,-0.1909184,0.7691329,-0.1310508,0.3091731,-0.1107936,0.4357931,-4.402245,19.41209,12.73883,76.40829
L,-0.1892179,0.7594863,-0.1130351,0.1139493,-0.6464165,1.207237,-13.08199,-35.89221,51.69463,76.42321
L,-0.1896095,0.7515391,-0.1102407,-0.02883493,-0.5852001,0.2057694,-10.51405,4.507725,-73.74402,76.43679
L,-0.1904619,0.7430004,-0.1110425,-0.06376864,-0.6388012,-0.05999003,-2.613488,-4.010046,-19.8822,76.45016
L,-0.1921947,0.7450379,-0.1121578,-0.1217176,0.1431161,-0.07834271,-4.070463,54.92362,-1.289133,76.46439
L,-0.1944954,0.7457129,-0.1144735,-0.1682826,0.04936872,-0.169372,-3.405902,-6.856953,-6.658143,76.47807
L,-0.212519,0.7325145,-0.1184931,-1.344557,-0.9845973,-0.2998619,-87.74994,-77.13375,-9.734534,76.49147
L,-0.2257634,0.720764,-0.122823,-0.9601608,-0.8518564,-0.3139011,27.86703,9.623134,-1.017777,76.50526
L,-0.2364483,0.7098152,-0.127342,-0.748526,-0.7670155,-0.3165785,14.82597,5.943488,-0.1875626,76.51954
L,-0.2455416,0.699343,-0.1319814,-0.648463,-0.7467993,-0.3308432,7.135724,1.441657,-1.017251,76.53356
L,-0.2522198,0.703719,-0.1285614,-0.2337309,0.1531563,0.1196987,14.51529,31.49773,15.7686,76.56213
L,-0.279744,0.7343762,-0.14468,-0.1961856,0.2185168,-0.1148895,0.2676135,0.4658723,-1.672083,76.70243
L,-0.2744791,0.7409776,-0.1466963,0.1882395,0.2360245,-0.07208875,13.74451,0.6259601,1.530273,76.7304
L,-0.2778769,0.756836,-0.1544143,-0.129202,0.603013,-0.2934776,-12.0707,13.95472,-8.418299,76.7567
L,-0.2813974,0.7647291,-0.1571381,-0.1251515,0.2805995,-0.09683146,0.1439952,-11.46173,6.990724,76.78483
L,-0.2823848,0.7659261,-0.1573971,-0.03901775,0.0472966,-0.01023374,3.403594,-9.219015,3.421928,76.81013
L,-0.2807389,0.7676201,-0.1575519,0.1237696,0.1273935,-0.01163919,12.24146,6.023213,-0.1056887,76.82343
L,-0.2796407,0.7689288,-0.1577751,0.07504562,0.08942828,-0.01525026,-3.329694,-2.594462,-0.2467728,76.83807
L,-0.278656,0.7702597,-0.1580647,0.07010881,0.09475574,-0.0206208,-0.3514819,0.3792945,-0.3823613,76.85211
L,-0.2769518,0.771442,-0.1586587,0.1267691,0.08795048,-0.04418918,4.214859,-0.5062307,-1.753209,76.86555
L,-0.2753703,0.772679,-0.15928,0.111149,0.08693867,-0.04366098,-1.097778,-0.07110998,0.03712142,76.87978
L,-0.27308,0.7716974,-0.1617073,0.1627978,-0.06977443,-0.172537,3.67121,-11.13921,-9.16054,76.89385
L,-0.2708608,0.7709501,-0.1640774,0.1425858,-0.04801241,-0.1522796,-1.298644,1.398231,1.301557,76.90942
L,-0.2708087,0.7664496,-0.1697773,0.002000064,-0.1728871,-0.2189601,-5.400601,-4.79706,-2.561531,76.93545
L,-0.2704603,0.762125,-0.1737631,0.02438434,-0.3026353,-0.2789309,1.566445,-9.079745,-4.196739,76.94974
L,-0.2702862,0.7614515,-0.173341,0.01317345,-0.0509707,0.03194352,-0.8484035,19.04514,23.52594,76.96295
L,-0.270115,0.7609318,-0.1731366,0.01202874,-0.03652396,0.0143683,-0.08044997,1.015315,-1.235185,76.97718
L,-0.2711016,0.7609348,-0.1719627,-0.06971024,0.0002147911,0.08294622,-5.775575,2.595915,4.845631,76.99133
L,-0.2724966,0.7609014,-0.1703861,-0.1052664,-0.002523208,0.1189652,-2.683023,-0.2066062,2.717952,77.00459
L,-0.2738298,0.7608262,-0.1689569,-0.07268647,-0.004097988,0.07792351,1.776335,-0.08586088,-2.237695,77.02293
L,-0.273469,0.7627183,-0.1656345,0.01460561,0.07658807,0.13449,3.533523,3.266116,2.289771,77.04763
L,-0.2726206,0.7723583,-0.1556673,0.05613287,0.6378289,0.659473,2.747633,37.13425,34.73528,77.06274
L,-0.2723004,0.7761227,-0.1518272,0.01251188,0.1471098,0.1500698,-1.704678,-19.17696,-19.90713,77.08833
L,-0.2674396,0.7836146,-0.1441112,0.3506402,0.5404427,0.556603,24.39139,28.37365,29.32588,77.1022
L,-0.2655718,0.7869133,-0.1407457,0.1342974,0.2371734,0.2419764,-15.55484,-21.80478,-22.62136,77.1161
L,-0.2612682,0.7953718,-0.1358318,0.3109582,0.6111752,0.3550607,12.76476,27.02379,8.170992,77.12994
L,-0.257877,0.8022063,-0.1316676,0.2406584,0.4850053,0.2955088,-4.988809,-8.953629,-4.226091,77.14404
L,-0.2532855,0.8038826,-0.1257345,0.3392426,0.123855,0.4383665,7.283894,-26.68359,10.55504,77.15757
L,-0.2495199,0.8058786,-0.120671,0.2645009,0.1402021,0.3556729,-5.250027,1.14826,-5.808583,77.17181
L,-0.2462917,0.8081312,-0.1161813,0.2350727,0.1640321,0.3269336,-2.142893,1.735246,-2.09273,77.18554
L,-0.2305111,0.8193467,-0.1032297,1.085204,0.7712692,0.8906537,58.46189,41.75854,38.76596,77.20008
L,-0.2181031,0.8284565,-0.09268105,0.4501339,0.3304819,0.3826833,-23.03899,-15.99083,-18.42809,77.22765
L,-0.2136193,0.8177906,-0.08763839,0.3057748,-0.7273673,0.3438872,-9.844661,-72.1407,-2.645726,77.24231
L,-0.1957893,0.8321843,-0.06893159,1.309984,1.057521,1.374404,73.78011,131.1373,75.71297,77.25592
L,-0.1813897,0.8439112,-0.05376728,1.053816,0.8582147,1.109781,-18.74731,-14.58596,-19.36613,77.26958
L,-0.1693082,0.8535333,-0.04098761,0.9038498,0.7198559,0.9560823,-11.2194,-10.35101,-11.49862,77.28295
L,-0.1743359,0.8392935,-0.03295001,-0.372732,-1.055677,0.5958738,-94.64035,-131.6305,-26.70433,77.29644
L,-0.1761955,0.8304594,-0.02504303,-0.134364,-0.6383123,0.5713245,17.22347,30.15704,-1.773829,77.31028
L,-0.1798877,0.8266261,-0.03045463,-0.2633021,-0.2733652,-0.385913,-9.194869,26.02521,-68.2628,77.3243
L,-0.1810644,0.8247203,-0.03219736,-0.08465007,-0.1370961,-0.1253694,12.85196,9.803002,18.74312,77.3382
L,-0.1811875,0.8237296,-0.032364,-0.008819496,-0.0710002,-0.0119422,5.434262,4.736642,8.128559,77.35216
L,-0.1761653,0.8623181,-0.01793654,0.3702347,2.844699,1.063575,27.94342,214.9418,79.28581,77.36572
L,-0.1715966,0.8921596,-0.005834371,0.3250935,2.123443,0.8611593,-3.212134,-51.32271,-14.40338,77.37978
L,-0.1659824,0.9260081,0.01686329,0.4018925,2.423044,1.624811,5.497653,21.4469,54.66592,77.39375
L,-0.1609178,0.9532427,0.0356633,0.3698218,1.988684,1.372788,-2.341828,-31.71726,-18.40282,77.40744
L,-0.1562188,0.9758685,0.05161788,0.3340034,1.608252,1.134055,-2.545975,-27.04117,-16.96922,77.42151
L,-0.1482877,0.9872752,0.06608815,0.5671319,0.8156583,1.034724,16.67027,-56.67588,-7.10288,77.43549
L,-0.141373,0.9989275,0.07940333,0.4917636,0.8286973,0.9469594,-5.360104,0.9273179,-6.241692,77.44955
L,-0.1310665,1.015226,0.1028864,0.7463473,1.180227,1.700536,18.4358,25.45619,54.57062,77.46336
L,-0.1221997,1.030774,0.123391,0.6399754,1.122229,1.479947,-7.677524,-4.186046,-15.92132,77.47722
L,-0.1054234,1.046674,0.1392981,1.195704,1.133233,1.133757,39.60873,0.7842662,-24.67414,77.49125
L,-0.09133047,1.061999,0.1543686,1.039498,1.130373,1.1116,-11.52176,-0.2109947,-1.634356,77.50481
L,-0.0791688,1.076924,0.1689879,0.803455,0.9860367,0.9658213,-15.59409,-9.535475,-9.630769,77.51994
L,-0.07258882,1.072904,0.2063348,0.4482594,-0.2738354,2.544243,-24.19761,-85.82847,107.5296,77.53462
L,-0.06566429,1.073569,0.2382713,0.5133548,0.04923466,2.36764,4.825896,23.95104,-13.09255,77.54811
L,-0.0606899,1.065706,0.2676579,0.3451582,-0.5455267,2.039044,-11.67065,-41.26869,-22.80032,77.56252
L,-0.05495594,1.062953,0.294007,0.2269208,-0.1089834,1.042762,-4.679235,17.27615,-39.42772,77.58779
L,-0.0716691,1.057839,0.3237392,-1.195758,-0.3658741,2.127215,-101.7867,-18.37946,77.58811,77.60177
L,-0.07508908,1.058656,0.3444532,-0.2473861,0.05912838,1.498359,68.60097,30.74278,-45.48864,77.61559
L,-0.09605202,1.050151,0.3364312,-1.443096,-0.585519,-0.5522358,-82.31306,-44.37774,-141.1637,77.63012
L,-0.1098581,1.045325,0.3353492,-1.046005,-0.365625,-0.0819748,30.08529,16.66008,35.62893,77.64332
L,-0.1199383,1.042726,0.3387863,-0.6566781,-0.1692812,0.2239105,25.36272,12.79084,19.92694,77.65867
L,-0.1283711,1.045572,0.3094527,-0.5275936,0.178028,-1.835233,8.076067,21.72912,-128.8286,77.67465
L,-0.135088,1.048203,0.2932701,-0.265499,0.1039892,-0.6396531,10.35985,-2.926545,47.25784,77.69995
L,-0.1114695,1.041813,0.2295054,0.5686492,-0.1538477,-1.535225,20.0833,-6.207788,-21.56216,77.74149
L,-0.113037,1.020849,0.1497253,-0.1148446,-1.535896,-5.845128,-50.07653,-101.2565,-315.7672,77.75513
L,-0.1194142,1.013739,0.1378601,-0.4651459,-0.51859,-0.8654441,-25.55075,74.20165,363.2148,77.76884
L,-0.1242374,1.008173,0.1198224,-0.3581832,-0.4133853,-1.33951,7.943239,7.81269,-35.20497,77.78231
L,-0.1470141,0.9817015,0.06328632,-1.604185,-1.864404,-3.98189,-87.7571,-102.1966,-186.1053,77.79651
L,-0.1634809,0.9627345,0.02868284,-0.9601121,-1.105889,-2.017592,37.55336,44.22601,114.5305,77.81366
L,-0.1768067,0.9472625,-0.003317155,-0.5267312,-0.6115637,-1.264868,17.13031,19.53928,29.75303,77.83896
L,-0.1901875,0.8958052,-0.0414707,-0.4790625,-1.842286,-1.365982,1.706647,-44.06262,-3.620113,77.86689
L,-0.196196,0.8542349,-0.08035132,-0.3889121,-2.690718,-2.516622,5.835158,-54.91636,-74.47736,77.88234
L,-0.2016668,0.8363277,-0.09874946,-0.3918385,-1.282591,-1.317749,-0.2096034,100.8558,85.86811,77.8963
L,-0.2069669,0.8190337,-0.1178131,-0.3953905,-1.290125,-1.422145,-0.2649825,-0.5620909,-7.787867,77.90971
L,-0.212337,0.8026171,-0.1370443,-0.4289281,-1.311253,-1.536058,-2.678757,-1.687519,-9.098625,77.92223
L,-0.2148492,0.7856445,-0.1366591,-0.1741235,-1.176428,0.02670132,17.66142,9.345196,108.3204,77.93665
L,-0.2181887,0.7693911,-0.1420494,-0.2479993,-1.207011,-0.4002988,-5.486145,-2.271184,-31.70978,77.95012
L,-0.2018069,0.7700352,-0.1471915,1.265285,0.04975232,-0.3971577,116.8823,97.06926,0.242611,77.96307
L,-0.190746,0.7662886,-0.1554193,0.7736292,-0.2620439,-0.5754746,-34.3876,-21.80777,-12.47191,77.97736
L,-0.1834315,0.7599107,-0.1655377,0.5290996,-0.4613514,-0.7319185,-17.68818,-14.41701,-11.31645,77.99119
L,-0.1883518,0.7587892,-0.1433123,-0.3647748,-0.08314038,1.647692,-66.26805,28.03896,176.4142,78.00468
L,-0.192046,0.7547662,-0.1303189,-0.2545789,-0.2772411,0.8954144,7.593904,-13.37601,-51.84149,78.01919
L,-0.2015698,0.7547917,-0.1137892,-0.6854975,0.001840507,1.189777,-31.01668,20.08774,21.18764,78.03308
L,-0.2086883,0.7521216,-0.1036901,-0.5101373,-0.1913486,0.7237305,12.56688,-13.84455,-33.39839,78.04704
L,-0.2377263,0.7337207,-0.1034627,-1.873069,-1.186931,0.01467199,-87.91446,-64.21899,-45.73707,78.06254
L,-0.2581295,0.7184179,-0.1044888,-1.534299,-1.150759,-0.07716749,25.47519,2.720077,-6.906244,78.07584
L,-0.2748379,0.7046014,-0.106193,-1.243609,-1.028366,-0.1268433,21.63616,9.109765,-3.697394,78.08927
L,-0.2845203,0.6993077,-0.1117461,-0.7272744,-0.3976227,-0.4171097,38.78341,47.37698,-21.80275,78.10258
L,-0.293945,0.6924514,-0.1166081,-0.6556923,-0.4770021,-0.338255,4.980046,-5.522513,5.486009,78.11696
L,-0.2925411,0.6856056,-0.1217429,0.1026895,-0.5007194,-0.3755684,55.47021,-1.734752,-2.729207,78.13063
L,-0.293804,0.6779758,-0.1264251,-0.08763317,-0.5294137,-0.3248882,-13.20591,-1.991013,3.516543,78.14504
L,-0.2967405,0.6698757,-0.1308256,-0.2178193,-0.6008418,-0.3264184,-9.656909,-5.298374,-0.1135023,78.15852
L,-0.2938773,0.6947227,-0.1355611,0.2046266,1.775755,-0.3384369,30.19129,169.8502,-0.8589405,78.17252
L,-0.2934844,0.7110958,-0.1400433,0.02934028,1.222828,-0.3347478,-13.09124,-41.29531,0.2755208,78.18591
L,-0.2913551,0.7373152,-0.142242,0.1466619,1.805899,-0.1514447,8.080707,40.15989,12.62528,78.20042
L,-0.2910873,0.7560651,-0.1449252,0.01937388,1.356288,-0.1940848,-9.207451,-32.52283,-3.084396,78.21425
L,-0.2871706,0.7577529,-0.1461711,0.2962281,0.1276508,-0.09423462,20.93932,-92.92553,7.551969,78.22747
L,-0.2852251,0.7590523,-0.1480648,0.1393485,0.09306694,-0.1356323,-11.23635,-2.477033,-2.965067,78.24143
L,-0.284657,0.7601898,-0.1500344,0.04140886,0.08292634,-0.1435851,-7.139683,-0.7392372,-0.5797523,78.25515
L,-0.2811932,0.7584553,-0.1493149,0.2214691,-0.1109032,0.04600705,11.51262,-12.39299,12.12206,78.27079
L,-0.2783034,0.7570846,-0.1492128,0.110524,-0.05242377,0.00390226,-4.243305,2.236655,-1.610376,78.29694
L,-0.2726513,0.7532279,-0.1447648,0.389299,-0.2656373,0.3063625,19.20105,-14.6854,20.83241,78.31145
L,-0.2707856,0.7520566,-0.1437127,0.1348809,-0.08467922,0.07606199,-18.39332,13.08248,-16.64972,78.32529
L,-0.2670579,0.7568062,-0.1446633,0.2721992,0.3468184,-0.06941047,10.02707,31.50822,-10.62249,78.33898
L,-0.2636043,0.7613199,-0.1458677,0.2586741,0.3380714,-0.0902087,-1.013009,-0.6551339,-1.557752,78.35233
L,-0.2642297,0.7606261,-0.144599,-0.04569267,-0.0506898,0.09269287,-22.23744,-28.40341,13.36303,78.36602
L,-0.2650376,0.7597559,-0.1430733,-0.05651139,-0.06086579,0.1067121,-0.7566866,-0.7117332,0.9805391,78.38032
L,-0.2647075,0.7588024,-0.1427622,0.02392119,-0.06909031,0.02254137,5.827783,-0.5959118,-6.098633,78.39412
L,-0.2643414,0.7579566,-0.1425657,0.02613528,-0.06038092,0.01402931,0.1580636,0.6217632,-0.6076759,78.40813
L,-0.2639586,0.7572166,-0.1424589,0.0257933,-0.04986745,0.007192923,-0.02304574,0.7084948,-0.4606987,78.42297
L,-0.2649392,0.7517675,-0.1445598,-0.06413151,-0.3563966,-0.1374097,-5.881549,-20.0486,-9.457766,78.43826
L,-0.2657669,0.7468622,-0.1466464,-0.03235559,-0.1917523,-0.08156466,1.242151,6.436106,2.183038,78.46384
L,-0.2685725,0.7356483,-0.1562246,-0.2030624,-0.8116114,-0.6932289,-12.35499,-44.8626,-44.26949,78.47765
L,-0.2695831,0.7314208,-0.1599882,-0.07297693,-0.3052944,-0.2717943,9.394253,36.56417,30.43431,78.4915
L,-0.2688507,0.7321864,-0.1600466,0.05324243,0.05565377,-0.004240979,9.17572,26.23971,19.45022,78.50526
L,-0.2685437,0.73241,-0.1601838,0.0211426,0.01539921,-0.009452592,-2.210924,-2.772594,-0.3589577,78.51978
L,-0.2695306,0.7345012,-0.15909,-0.06916987,0.1465784,0.07667112,-6.33018,9.194608,6.036582,78.53404
L,-0.2711947,0.7376307,-0.1575896,-0.05919267,0.1113149,0.05336616,0.3548796,-1.25429,-0.8289358,78.56216
L,-0.27434,0.75151,-0.1591027,-0.1946467,0.8589139,-0.09363842,-8.382545,46.26501,-9.097348,78.57832
L,-0.2746583,0.7577374,-0.1567769,-0.01098523,0.2149703,0.08028542,6.339972,-22.22886,6.003831,78.60728
L,-0.2725155,0.7621006,-0.1510972,0.110441,0.2248882,0.2927445,6.258586,0.5111904,10.95062,78.62669
L,-0.2712749,0.7653473,-0.1486589,0.04976046,0.1302187,0.09779491,-2.433759,-3.796976,-7.818982,78.65162
L,-0.2758127,0.7710869,-0.1388199,-0.3010027,0.380721,0.6526423,-23.26681,16.61631,36.80413,78.66669
L,-0.2775047,0.7737895,-0.1348943,-0.05928186,0.09468976,0.13754,8.46908,-10.02157,-18.04744,78.69524
L,-0.2632353,0.78201,-0.1245503,0.9596307,0.5528316,0.6956402,68.52278,30.81045,37.53274,78.71011
L,-0.2576787,0.7859573,-0.1198667,0.3839306,0.2727415,0.3236154,-39.77763,-19.35265,-25.70481,78.72458
L,-0.250069,0.7913013,-0.1084591,0.5094025,0.3577311,0.7636434,8.399311,5.689355,29.45626,78.73952
L,-0.2441245,0.7958854,-0.09936234,0.2234488,0.1723141,0.3419358,-10.74864,-6.969594,-15.85147,78.76612
L,-0.2336237,0.8104078,-0.06750406,0.6806892,0.9413792,2.065147,29.63967,49.85306,111.7036,78.78155
L,-0.2285563,0.8174486,-0.05169866,0.3555681,0.4940361,1.109018,-22.81278,-31.38873,-67.08874,78.7958
L,-0.2317557,0.8220952,-0.0529661,-0.1212728,0.1761247,-0.04804092,-18.07417,-12.05011,-43.85715,78.82218
L,-0.24008,0.8458456,-0.038481,-0.5609676,1.600518,0.976139,-29.63068,95.98874,69.01867,78.83702
L,-0.2421682,0.8578165,-0.02993632,-0.1453538,0.8332739,0.5947787,28.93008,-53.40639,-26.54576,78.85139
L,-0.2281055,0.8785279,-0.02902016,0.9958004,1.466602,0.0648748,80.80679,44.84686,-37.52327,78.86551
L,-0.2173135,0.8957558,-0.02653713,0.7500145,1.197297,0.1725644,-17.08147,-18.71597,7.484145,78.8799
L,-0.2088545,0.9104707,-0.02299026,0.3227791,0.5614856,0.1353407,-16.30236,-24.26114,-1.420376,78.90611
L,-0.1800833,0.9259526,-0.001450989,1.742646,0.937731,1.304619,86.00037,22.78893,70.82237,78.92262
L,-0.1673684,0.9458317,0.008001532,0.512005,0.8004872,0.3806331,-49.55532,-5.526519,-37.20695,78.94745
L,-0.1548425,0.9807333,0.02530629,0.8528795,2.376429,1.17827,23.20992,107.3048,54.31057,78.96214
L,-0.149739,1.009501,0.0374463,0.3373272,1.901467,0.8024283,-34.07689,-31.39392,-24.84231,78.97726
L,-0.1447126,1.029759,0.04699807,0.192358,0.7752737,0.3655386,-5.547856,-43.09852,-16.71942,79.0034
L,-0.1199573,1.050228,0.0949469,1.711351,1.41501,3.314741,105.0092,44.22549,203.8807,79.01786
L,-0.1024072,1.055178,0.1346338,1.17364,0.3310507,2.653999,-35.95855,-72.48814,-44.18608,79.03281
L,-0.08899902,1.061122,0.1629595,0.5037072,0.2232866,1.064117,-25.16751,-4.048397,-59.72744,79.05943
L,-0.06475788,1.066939,0.2146613,1.637801,0.3930573,3.493123,76.62265,11.4702,164.1106,79.07423
L,-0.05094485,1.073736,0.2467925,0.5022197,0.247122,1.168239,-41.28791,-5.305973,-84.52903,79.10174
L,-0.047331,1.063506,0.3055627,0.2230107,-0.6313192,3.626708,-17.22998,-54.20859,151.712,79.11794
L,-0.06224258,1.05476,0.3318847,-0.599537,-0.3516392,1.058309,-33.07146,11.24485,-103.2654,79.14281
L,-0.09196997,1.039366,0.3439169,-1.898845,-0.9832861,0.7685585,-82.99359,-40.34661,-18.50786,79.15847
L,-0.1042306,1.032182,0.3444707,-0.4736311,-0.2775337,0.02139285,55.05617,27.2633,-28.8631,79.18436
L,-0.1315762,1.030148,0.3126433,-1.733189,-0.1288987,-2.017255,-79.83208,9.420643,-129.2116,79.20013
L,-0.1407853,1.029949,0.3073164,-0.3555389,-0.007672128,-0.2056575,53.18743,4.680238,69.94101,79.22604
L,-0.1228498,1.038184,0.2664216,1.09955,0.5048234,-2.507094,89.20553,31.419,-141.0916,79.24235
L,-0.1166862,1.041818,0.2559431,0.2463794,0.1452806,-0.4188563,-34.10393,-14.37207,83.47349,79.26736
L,-0.09381358,1.034483,0.1938343,1.639124,-0.5256971,-4.45092,99.80856,-48.08441,-288.9506,79.28132
L,-0.08409566,1.032477,0.1761417,0.6535393,-0.1349009,-1.189842,-66.28146,26.28139,219.3104,79.29619
L,-0.1046149,1.020625,0.1187191,-0.7388739,-0.4267642,-2.067717,-50.13911,-10.50965,-31.61122,79.32396
L,-0.1574506,0.9771654,0.0280513,-3.639139,-2.993345,-6.244883,-199.7602,-176.7771,-287.7086,79.33848
L,-0.1731872,0.9633297,-0.001375757,-0.9011031,-0.7922537,-1.685043,156.7846,126.0382,261.1041,79.35594
L,-0.1846095,0.9344369,-0.02088433,-0.4907042,-1.241248,-0.8380948,17.63087,-19.28894,36.38517,79.37922
L,-0.1944116,0.8831014,-0.06045291,-0.3525755,-1.846498,-1.423253,4.968389,-21.77042,-21.0477,79.40702
L,-0.1950885,0.8477649,-0.09119809,-0.04357503,-2.274865,-1.979289,19.89259,-27.57704,-35.79605,79.42255
L,-0.1956189,0.8329656,-0.1058444,-0.0203773,-0.5685174,-0.5626382,0.8911408,65.54935,54.42064,79.44859
L,-0.1929618,0.8070166,-0.1270313,0.1854481,-1.811065,-1.478706,14.36525,-86.72161,-63.93552,79.46291
L,-0.1898475,0.794575,-0.1366111,0.2112832,-0.8440735,-0.6499185,1.752725,65.60326,56.22717,79.47765
L,-0.1887867,0.7820634,-0.1479236,0.04012953,-0.4732819,-0.4279209,-6.474303,14.02609,8.397594,79.50409
L,-0.1875155,0.7946206,-0.1522963,0.08764815,0.8658066,-0.3014933,3.27636,92.32878,8.717059,79.51859
L,-0.1877922,0.7947108,-0.1597755,-0.01846076,0.006015426,-0.4988908,-7.077816,-57.35092,-13.16707,79.53358
L,-0.1980819,0.7840471,-0.1394241,-0.3998492,-0.4143798,0.7908384,-14.82044,-16.33621,50.11781,79.55932
L,-0.2150622,0.7849817,-0.1055103,-1.11449,0.06134201,2.225915,-46.90507,31.22374,94.19046,79.57455
L,-0.2108026,0.7975562,-0.09241822,0.3000036,0.8856336,0.922087,99.62414,58.05564,-91.82985,79.58875
L,-0.2462705,0.7674279,-0.1035766,-2.506113,-2.128828,-0.7884381,-198.2767,-212.9982,-120.8636,79.60291
L,-0.2695074,0.7465651,-0.1122627,-0.902165,-0.8099915,-0.3372343,62.27272,51.20337,17.51783,79.62866
L,-0.3060049,0.742369,-0.1306684,-2.558187,-0.2941135,-1.290089,-116.0738,36.15891,-66.78745,79.64293
L,-0.3197637,0.7381976,-0.1383316,-0.8972073,-0.2720188,-0.4997211,108.3124,1.44079,51.53983,79.65826
L,-0.3129382,0.7452292,-0.1416243,0.4703663,0.4845722,-0.2269096,94.24323,52.13874,18.80019,79.67278
L,-0.310633,0.7487559,-0.1453086,0.08984375,0.1374494,-0.1435916,-14.83076,-13.52902,3.247297,79.69843
L,-0.2939548,0.7512448,-0.1498598,1.165268,0.1738989,-0.3179846,75.13754,2.546651,-12.18446,79.71275
L,-0.2897772,0.7508557,-0.1531685,0.2917201,-0.02717102,-0.2310494,-61.00036,-14.04083,6.070736,79.72707
L,-0.2905788,0.7449157,-0.1564008,-0.02907902,-0.2154935,-0.1172626,-11.63791,-6.831943,4.127942,79.75463
L,-0.2899731,0.7436317,-0.156268,0.02195038,-0.04652941,0.004815044,1.849192,6.122882,4.423822,79.78223
L,-0.2902365,0.7428595,-0.1570756,-0.009303001,-0.02727112,-0.02852689,-1.103865,0.6802,-1.177632,79.81054
L,-0.2905138,0.7452878,-0.1581781,-0.01805137,0.1580305,-0.07174776,-0.569348,12.05951,-2.812834,79.8259
L,-0.290676,0.7478091,-0.1591953,-0.006336159,0.09850037,-0.03974187,0.4576861,-2.325703,1.250395,79.8515
L,-0.2930887,0.7526078,-0.1604297,-0.08742893,0.1738967,-0.04473072,-2.938621,2.732194,-0.1807846,79.8791
L,-0.2951859,0.75914,-0.1609504,-0.07483877,0.2331009,-0.01858207,0.4492834,2.112719,0.9331216,79.90712
L,-0.2955735,0.7648718,-0.1618831,-0.0241046,0.3563953,-0.05799336,3.154568,7.666242,-2.45053,79.9232
L,-0.2903987,0.7715278,-0.1646947,0.2032584,0.261439,-0.1104344,8.930455,-3.729731,-2.059799,79.94866
L,-0.280402,0.7795433,-0.1673001,0.6691977,0.5365687,-0.1744087,31.1908,18.41767,-4.282553,79.9636
L,-0.2765451,0.7831354,-0.1686891,0.1390339,0.1294907,-0.05007058,-19.11156,-14.67451,4.48219,79.99134
L,-0.2725154,0.7799012,-0.1783766,0.2766787,-0.2220608,-0.665147,9.450695,-24.13754,-42.23117,80.00591
L,-0.2704653,0.779237,-0.1825512,0.07816022,-0.02532132,-0.1591553,-7.568416,7.500593,19.29068,80.03214
L,-0.2727556,0.7765003,-0.1810222,-0.1452324,-0.1735418,0.09695891,-14.1657,-9.398914,16.24064,80.0479
L,-0.273918,0.7769809,-0.1796698,-0.04487758,0.0185544,0.05221316,3.874434,7.416328,-1.727515,80.07381
L,-0.2789813,0.7777154,-0.1733066,-0.3535708,0.05129112,0.4443437,-21.55622,2.286024,27.38271,80.08813
L,-0.2808173,0.7782391,-0.1709038,-0.1024925,0.02923366,0.1341309,14.0159,-1.23131,-17.31696,80.10604
L,-0.2820077,0.7787145,-0.1694571,-0.04891017,0.0195337,0.0594448,2.201612,-0.3985558,-3.068734,80.13038
L,-0.2762166,0.7855074,-0.153619,0.2129783,0.2498202,0.5824708,9.631382,8.46917,19.23515,80.15757
L,-0.2720171,0.7883215,-0.1393911,0.151135,0.1012772,0.5120469,-2.22568,-5.345918,-2.534485,80.18536
L,-0.267065,0.7924769,-0.1290661,0.1772469,0.1487319,0.3695588,0.9346098,1.698521,-5.100002,80.21329
L,-0.2616969,0.7991146,-0.1207325,0.3748585,0.4635181,0.5819423,13.79933,21.9817,14.83086,80.22762
L,-0.2592608,0.8021289,-0.1164535,0.08961681,0.1108836,0.1574097,-10.49318,-12.97236,-15.61727,80.2548
L,-0.2526499,0.8056167,-0.1117231,0.4157888,0.2193648,0.2975146,20.5144,6.822866,8.811824,80.2707
L,-0.2493704,0.8077029,-0.108632,0.1287355,0.08189438,0.1213409,-11.26824,-5.396383,-6.915678,80.29617
L,-0.2351653,0.8196679,-0.1069897,0.8878849,0.747869,0.1026504,47.45028,41.62643,-1.168242,80.31217
L,-0.2276134,0.8284771,-0.1061225,0.2956534,0.3448747,0.03395363,-23.18547,-15.77696,-2.689432,80.33772
L,-0.2152197,0.8360798,-0.09945893,0.8006224,0.4911286,0.430459,32.62065,9.4479,25.61397,80.3532
L,-0.2073117,0.8382847,-0.09358585,0.2975922,0.08297445,0.2210155,-18.92999,-15.35963,-7.881764,80.37977
L,-0.1877281,0.8504655,-0.08836044,1.268838,0.7892054,0.3385587,62.92789,45.75734,7.615735,80.3952
L,-0.1775566,0.8568166,-0.08522515,0.3929275,0.2453443,0.1211168,-33.83653,-21.00942,-8.399809,80.42109
L,-0.1787373,0.8537555,-0.08446483,-0.07275505,-0.1886386,0.04685296,-28.69673,-26.7433,-4.576355,80.43732
L,-0.1779638,0.8535773,-0.08366881,0.02979922,-0.006864069,0.03066929,3.951203,7.003397,-0.6235234,80.46327
L,-0.1701272,0.8626209,-0.08017852,0.5166831,0.5962611,0.23012,32.10103,39.765,13.1501,80.47844
L,-0.1758347,0.8592435,-0.07816848,-0.2216574,-0.131169,0.07806221,-28.6743,-28.25058,-5.905338,80.50419
L,-0.1761076,0.8518705,-0.06357505,-0.01815088,-0.4903047,0.9704668,13.53324,-23.88262,59.34513,80.51923
L,-0.1719104,0.8480851,-0.04942587,0.1565095,-0.141154,0.5276135,6.512969,13.0196,-16.5137,80.54604
L,-0.1599057,0.8653308,-0.02794306,0.8556175,1.229162,1.531156,49.82789,97.66727,71.52599,80.56007
L,-0.154075,0.8728476,-0.01701655,0.1939716,0.2500615,0.363492,-22.01098,-32.57175,-38.84467,80.59013
L,-0.1425567,0.9195215,0.009129116,0.4478566,1.814785,1.016602,9.871616,60.83994,25.39437,80.61585
L,-0.1277566,0.9806085,0.03432541,0.535877,2.21182,0.9123007,3.187021,14.37574,-3.776515,80.64347
L,-0.1163573,1.036417,0.07885665,0.746322,3.653799,2.915484,13.77794,94.40714,131.1495,80.65874
L,-0.1102552,1.066526,0.1033242,0.2295662,1.132759,0.9204965,-19.44094,-94.84438,-75.05368,80.68533
L,-0.1019654,1.095089,0.1677992,0.5927777,2.042442,4.610401,25.9721,65.04858,263.8533,80.69931
L,-0.09685118,1.114164,0.2083404,0.3409624,1.271721,2.702858,-16.78837,-51.38353,-127.1747,80.71431
L,-0.09250105,1.11527,0.2504405,0.1647918,0.04188042,1.594841,-6.673707,-46.58891,-41.97398,80.74071
L,-0.09938225,1.118417,0.3013623,-0.4644349,0.2123857,3.436881,-42.46859,11.50797,124.3253,80.75552
L,-0.1067514,1.120547,0.3269123,-0.5198561,0.150254,1.802415,-3.909668,-4.383066,-115.3029,80.7697
L,-0.1113918,1.125216,0.3476271,-0.1784164,0.1795248,0.7964602,13.12795,1.125429,-38.67776,80.79571
L,-0.1146254,1.100364,0.2989087,-0.2046556,-1.572851,-3.08335,-1.660657,-110.9065,-245.5502,80.81151
L,-0.1141753,1.094339,0.2862114,0.03318225,-0.4441261,-0.9360324,17.53312,83.20825,158.2976,80.82507
L,-0.113749,1.091435,0.2775621,0.02972646,-0.2024767,-0.6030232,-0.240935,16.84759,23.21712,80.83942
L,-0.1133282,1.090352,0.2733895,0.01644924,-0.04235479,-0.1631095,-0.5190193,6.259321,17.19665,80.865
L,-0.106023,1.074126,0.2046911,0.5128585,-1.139119,-4.822949,34.85022,-76.99786,-327.1422,80.87924
L,-0.1051179,1.065716,0.1854448,0.06227547,-0.5786582,-1.324223,-31.002,38.56203,240.7271,80.89378
L,-0.1043517,1.059654,0.166238,0.05554253,-0.4394877,-1.392406,-0.4881081,10.08924,-4.943005,80.90757
L,-0.1035821,1.05496,0.1507046,0.05309365,-0.3238158,-1.071576,-0.1689371,7.979657,22.13257,80.92207
L,-0.1183351,1.023762,0.09393601,-0.5566241,-1.177052,-2.141847,-23.0043,-32.1921,-40.3807,80.94857
L,-0.1417343,0.9554783,0.02264474,-1.49609,-4.365915,-4.55819,-60.06716,-203.8881,-154.4951,80.96421
L,-0.1499706,0.9342812,-0.002115376,-0.2804731,-0.7218352,-0.8431692,41.39603,124.0937,126.5095,80.99358
L,-0.1687884,0.8753674,-0.0386149,-0.760791,-2.381849,-1.475652,-19.41895,-67.11329,-25.57089,81.01831
L,-0.1730885,0.8251896,-0.07866892,-0.2802691,-3.270466,-2.610622,31.31923,-57.91786,-73.97454,81.03365
L,-0.1713023,0.8030605,-0.0984235,0.06770419,-0.8387796,-0.7487772,13.18958,92.1706,70.57137,81.06004
L,-0.1686264,0.7875193,-0.1081646,0.1799551,-1.045159,-0.6551,7.548972,-13.87922,6.29987,81.07491
L,-0.1689305,0.7755136,-0.1184292,-0.01134892,-0.4480664,-0.3830861,-7.139691,22.28421,10.15188,81.1017
L,-0.1759672,0.7802951,-0.1119253,-0.4600101,0.3125779,0.4251739,-29.33014,49.72528,52.83803,81.117
L,-0.1794335,0.7780584,-0.1077851,-0.1318439,-0.08507826,0.1574776,12.48213,-15.12525,-10.18209,81.14329
L,-0.1773714,0.7897773,-0.1053527,0.141138,0.802101,0.1664889,18.68422,60.7229,0.6167714,81.1579
L,-0.1771828,0.7915578,-0.1066732,0.01237761,0.1168082,-0.08662618,-8.446888,-44.9563,-16.60475,81.17314
L,-0.1773,0.791531,-0.1085262,-0.004561544,-0.001046151,-0.07211601,-0.6592188,-4.586522,0.5646903,81.19884
L,-0.1900489,0.7934004,-0.1022633,-0.7987712,0.1171277,0.3923993,-49.76035,7.404058,29.10371,81.2148
L,-0.1942296,0.7923369,-0.09980069,-0.1598509,-0.04066465,0.09415852,24.42957,-6.033304,-11.40345,81.24095
L,-0.2097602,0.7826771,-0.1016933,-1.129027,-0.7022324,-0.1375875,-70.4558,-48.09373,-16.84715,81.25471
L,-0.2195688,0.7753648,-0.1045489,-0.6777127,-0.5052426,-0.1973037,31.18324,13.61088,-4.126051,81.26918
L,-0.227598,0.7691286,-0.1072824,-0.5661163,-0.4396895,-0.1927337,7.868301,4.621936,0.3222152,81.28336
L,-0.2359682,0.7915367,-0.1135285,-0.5892039,1.577378,-0.4396834,-1.62521,141.9877,-17.38356,81.29757
L,-0.2433292,0.8073235,-0.1188436,-0.5190017,1.113069,-0.3747468,4.949725,-32.73691,4.578465,81.31175
L,-0.2434956,0.8010135,-0.1175835,-0.006400382,-0.2426827,0.04846191,19.71469,-52.14234,16.27665,81.33775
L,-0.2486879,0.7689528,-0.1229225,-0.3461641,-2.137466,-0.3559446,-22.65183,-126.324,-26.96153,81.35275
L,-0.2534165,0.7521241,-0.1281087,-0.3316174,-1.180185,-0.3637076,1.02015,67.13361,-0.5444151,81.36701
L,-0.2578456,0.7368689,-0.1325035,-0.1679292,-0.578403,-0.1666275,6.206231,22.81654,7.472283,81.39339
L,-0.26405,0.7354909,-0.1477335,-0.4242163,-0.0942146,-1.041328,-17.52325,33.10566,-59.80636,81.40801
L,-0.2678935,0.7323804,-0.1542761,-0.269975,-0.2184862,-0.4595695,10.83425,-8.729117,40.86405,81.42225
L,-0.2638209,0.7595531,-0.153198,0.1529538,1.020507,0.04049069,15.8837,46.53219,18.78049,81.44888
L,-0.2571236,0.7567748,-0.1534415,0.4817894,-0.1998619,-0.01751595,23.65595,-87.79156,-4.172912,81.46278
L,-0.2557804,0.7549725,-0.1544097,0.08869647,-0.1190098,-0.06393065,-25.95641,5.338768,-3.06482,81.47792
L,-0.255188,0.7572112,-0.1539174,0.02238465,0.08458625,0.01859888,-2.505512,7.692631,3.118279,81.50439
L,-0.2535487,0.7611165,-0.1529428,0.1105264,0.2633102,0.065712,5.942857,12.05026,3.176549,81.51922
L,-0.2525122,0.7626483,-0.152452,0.06792383,0.1003867,0.03216406,-2.792001,-10.67735,-2.198598,81.53448
L,-0.2519764,0.7634117,-0.1523941,0.02070474,0.02949956,0.002236996,-1.824617,-2.739187,-1.156427,81.56036
L,-0.2531659,0.7701051,-0.1511314,-0.07381925,0.4153942,0.07836451,-5.866216,23.94885,4.72452,81.57647
L,-0.2538508,0.7729138,-0.1509423,-0.02704952,0.1109191,0.007471188,1.847003,-12.02415,-2.799678,81.60179
L,-0.2553405,0.7772047,-0.1493801,-0.1027611,0.2960115,0.1077662,-5.222984,12.76865,6.91888,81.61629
L,-0.2560132,0.7788439,-0.1489067,-0.04692697,0.1143477,0.03302018,3.89478,-12.67218,-5.214005,81.63062
L,-0.2565897,0.7800617,-0.1486644,-0.04179126,0.08828384,0.0175684,0.3723166,-1.889516,-1.120186,81.64442
L,-0.2571505,0.7811485,-0.1485261,-0.03804752,0.07372946,0.009383492,0.2539848,-0.9874083,-0.555286,81.65916
L,-0.262662,0.7790803,-0.150232,-0.2112905,-0.07928808,-0.06540027,-6.641506,-5.866135,-2.866937,81.68524
L,-0.2716246,0.7795933,-0.1533185,-0.6309077,0.03611288,-0.2172647,-29.53816,8.123434,-10.69021,81.69945
L,-0.2751631,0.7799459,-0.1546161,-0.2447498,0.02438572,-0.08975202,26.70949,-0.811136,8.819705,81.71391
L,-0.27431,0.7804495,-0.1543942,0.04451601,0.02628011,0.01157646,15.09341,0.09884595,5.287152,81.73307
L,-0.2718487,0.7820735,-0.1537756,0.1133128,0.0747662,0.02847844,3.167311,2.232234,0.778144,81.75479
L,-0.267173,0.7774408,-0.1500573,0.3256384,-0.3226413,0.2589624,14.78743,-27.67747,16.05207,81.76915
L,-0.2651604,0.7753021,-0.1483236,0.1384802,-0.1471539,0.1192862,-12.87728,12.07427,-9.610306,81.78368
L,-0.2647505,0.780352,-0.1425672,0.02911374,0.3587525,0.4089484,-7.76958,35.94047,20.5781,81.79776
L,-0.2644838,0.7847835,-0.137397,0.01014718,0.1686049,0.1967083,-0.7216211,-7.234554,-8.075103,81.82404
L,-0.2633437,0.7861567,-0.1332886,0.08307132,0.1000512,0.2993351,5.313126,-4.994697,7.47721,81.83777
L,-0.2629643,0.786788,-0.1314958,0.0268336,0.04465731,0.1268119,-3.977977,-3.918291,-12.20343,81.85191
L,-0.2623521,0.7909764,-0.1284234,0.04401656,0.3011391,0.2209024,1.235439,18.4408,6.76502,81.86581
L,-0.261832,0.7946906,-0.1255064,0.01827664,0.1305169,0.1025035,-0.9044992,-5.995654,-4.160532,81.89427
L,-0.260721,0.8068451,-0.1190913,0.07564732,0.8275893,0.4368019,3.906332,47.46321,22.76217,81.90896
L,-0.260256,0.812211,-0.115987,0.03591816,0.4144538,0.2397636,-3.06858,-31.90954,-15.21874,81.92191
L,-0.2543108,0.8236222,-0.1071171,0.4283947,0.8222538,0.6391395,28.28075,29.38492,28.77789,81.93578
L,-0.249848,0.8327808,-0.0999901,0.3170393,0.6506436,0.5063172,-7.910884,-12.19148,-9.435925,81.94986
L,-0.2444694,0.8390831,-0.09210653,0.3962846,0.4643365,0.5808406,5.838581,-13.72661,5.490685,81.96343
L,-0.2401991,0.8447305,-0.08545922,0.2996342,0.3962627,0.4664215,-6.781664,-4.776539,-8.028446,81.97768
L,-0.2366458,0.8500001,-0.07961359,0.2545039,0.3774291,0.4186881,-3.232415,-1.348937,-3.418861,81.99165
L,-0.224017,0.8263673,-0.05541025,0.9160373,-1.714223,1.755606,47.98478,-151.7195,96.97427,82.00543
L,-0.2140687,0.8113875,-0.03607605,0.6932192,-1.043818,1.347248,-15.52643,46.71524,-28.45525,82.01978
L,-0.2031287,0.8226036,-0.03443348,0.7887338,0.808641,0.1184238,6.886298,133.5564,-88.59428,82.03365
L,-0.194061,0.8308951,-0.03155061,0.6285148,0.5747166,0.1998222,-11.10535,-16.21414,5.642016,82.04808
L,-0.1872215,0.835926,-0.02637308,0.4877457,0.3587629,0.3692212,-10.03857,-15.40015,12.08024,82.0621
L,-0.1809065,0.8400975,-0.0208329,0.4550363,0.3005901,0.3992101,-2.356948,-4.191767,2.16091,82.07598
L,-0.1748917,0.8437653,-0.01508167,0.4424124,0.2697724,0.4230217,-0.9285257,-2.266747,1.751427,82.08958
L,-0.1592479,0.8555005,-0.005497411,1.143592,0.8578674,0.7006293,51.25769,42.99096,20.29369,82.10326
L,-0.1461295,0.864942,0.003238002,0.939083,0.6758687,0.6253239,-14.63978,-13.02837,-5.390732,82.11723
L,-0.1426503,0.8837892,0.01036046,0.2463639,1.334604,0.5043517,-49.05244,46.64599,-8.566218,82.13135
L,-0.1383691,0.8990365,0.01735686,0.2991217,1.065294,0.488823,3.686074,-18.81606,-1.084953,82.14566
L,-0.1334355,0.9117029,0.02429451,0.3469175,0.8906669,0.4878392,3.360888,-12.27938,-0.06918086,82.15988
L,-0.1388449,0.9522176,0.02975897,-0.2065329,1.546854,0.2086329,-21.13075,25.05325,-10.6601,82.18607
L,-0.1269157,1.012512,0.04744177,0.8803986,4.449848,1.305022,80.2175,214.2461,80.91551,82.19962
L,-0.1199713,1.048193,0.0574352,0.4968443,2.552777,0.7149888,-27.44172,-135.7275,-42.21445,82.2136
L,-0.113934,1.07195,0.06576031,0.4433151,1.744538,0.6113101,-3.930635,-59.34876,-7.613095,82.22722
L,-0.08974846,1.095355,0.1014857,1.699757,1.644889,2.510774,88.3026,-7.003284,133.4941,82.24145
L,-0.07005248,1.117183,0.130564,1.423149,1.577169,2.101076,-19.98655,-4.893192,-29.60303,82.25529
L,-0.04123179,1.131386,0.1569207,1.007356,0.4964458,0.9212344,-14.533,-37.77401,-41.23847,82.2839
L,-0.01196317,1.129968,0.2275356,1.04731,-0.05074393,2.526793,1.429656,-19.57992,57.45119,82.31184
L,0.007281436,1.126273,0.2929479,1.394377,-0.2677671,4.739475,25.14692,-15.72452,160.321,82.32565
L,0.01328074,1.122349,0.3291038,0.4040805,-0.2642761,2.435266,-66.70101,0.2351338,-155.1991,82.34049
L,0.0199783,1.122257,0.3552704,0.2557128,-0.003490934,0.999043,-5.664683,9.956782,-54.83501,82.36668
L,-0.006093278,1.091273,0.3690927,-1.751539,-2.081625,0.9286103,-134.8511,-139.6131,-4.731808,82.38157
L,-0.02240803,1.079091,0.3469781,-1.125477,-0.8403783,-1.525586,43.18905,85.62772,-169.3034,82.39606
L,-0.03251754,1.071153,0.3358181,-0.3931971,-0.3087074,-0.4340551,28.48114,20.67869,42.45375,82.42178
L,-0.03207136,1.069696,0.2822436,0.03324782,-0.1085933,-3.992103,31.77657,14.91151,-265.1282,82.4352
L,-0.03140149,1.069242,0.2698487,0.04418785,-0.02997609,-0.8176271,0.7216571,5.185966,209.4036,82.45036
L,-0.02546056,1.067807,0.2440088,0.397493,-0.09599126,-1.728884,23.6388,-4.416917,-60.96999,82.4653
L,-0.02074917,1.066757,0.2264929,0.1806703,-0.04026477,-0.671695,-8.314624,2.136976,40.54061,82.49138
L,-0.03429705,1.055429,0.1598126,-0.9158059,-0.7657459,-4.507432,-74.1193,-49.04087,-259.2871,82.50617
L,-0.03849649,1.051248,0.1398202,-0.1574453,-0.156764,-0.7495581,28.43245,22.83194,140.8902,82.53284
L,-0.07417878,1.017338,0.04513556,-2.565523,-2.438083,-6.807734,-173.1386,-164.0247,-435.5772,82.54675
L,-0.08564845,1.005913,0.01583299,-0.632991,-0.630546,-1.617156,106.653,99.75472,286.4587,82.56487
L,-0.1037987,0.9845264,-0.01237441,-0.747874,-0.8812087,-1.162276,-4.733717,-10.32847,18.74319,82.58914
L,-0.1258585,0.9428757,-0.0421054,-1.6019,-3.024511,-2.158947,-62.01601,-155.6382,-72.37437,82.60291
L,-0.1355317,0.9273366,-0.05900677,-0.6600099,-1.060251,-1.1532,64.26624,134.0237,68.62331,82.61757
L,-0.1417333,0.9033291,-0.07140426,-0.4282705,-1.657905,-0.8561459,16.00344,-41.27275,20.51392,82.63205
L,-0.1482323,0.8835631,-0.08566391,-0.4657365,-1.416497,-1.021892,-2.684931,17.30004,-11.87792,82.646
L,-0.1548936,0.865854,-0.1009508,-0.248466,-0.6605476,-0.5702005,8.104178,28.19688,16.84808,82.67281
L,-0.1635328,0.8435208,-0.09624171,-0.5818948,-1.504248,0.3171801,-22.45795,-56.82705,59.76914,82.68766
L,-0.1629481,0.8318397,-0.09507737,0.022353,-0.4465018,0.04450607,23.0971,40.43186,-10.42284,82.71382
L,-0.164386,0.8113234,-0.09398495,-0.05179243,-0.7389715,0.0393475,-2.670621,-10.53437,-0.185805,82.74158
L,-0.169143,0.7980268,-0.08894414,-0.3266139,-0.9129453,0.3461027,-18.86925,-11.94505,21.06182,82.75615
L,-0.1731111,0.7921864,-0.08743308,-0.2756266,-0.4056787,0.1049585,3.541603,35.235,-16.75,82.77055
L,-0.1768883,0.7851484,-0.08841193,-0.1434633,-0.2673093,-0.03717729,5.019679,5.255389,-5.398441,82.79688
L,-0.1808273,0.7987563,-0.09365927,-0.2707357,0.9353001,-0.3606609,-8.747691,82.65779,-22.23369,82.81142
L,-0.1840461,0.8029276,-0.09790924,-0.2310506,0.2994207,-0.3050667,2.848631,-45.64402,3.990604,82.82536
L,-0.1931157,0.8089907,-0.1055306,-0.6263264,0.4187056,-0.5263168,-27.29694,8.237569,-15.27908,82.83984
L,-0.2005723,0.8119642,-0.1122721,-0.2901875,0.1157192,-0.2623572,13.08147,-11.79128,10.27248,82.86553
L,-0.2141935,0.8202274,-0.100673,-0.9572952,0.5807347,0.8151841,-46.88426,32.68124,75.72949,82.87976
L,-0.2205364,0.8221582,-0.09788559,-0.4343642,0.1322247,0.1908828,35.81066,-30.71426,-42.75257,82.89436
L,-0.2215045,0.8085174,-0.101665,-0.07010856,-0.9878064,-0.2736862,26.37774,-81.10758,-33.64198,82.90817
L,-0.2235895,0.7983974,-0.1050368,-0.1452089,-0.7048104,-0.234827,-5.23037,19.70928,2.706357,82.92253
L,-0.2215917,0.7932112,-0.1112026,0.1358202,-0.3525755,-0.4191768,19.10531,23.94612,-12.53273,82.93724
L,-0.221302,0.788473,-0.1163347,0.01148421,-0.1878545,-0.2034688,-4.929512,6.530647,8.55211,82.96246
L,-0.2328357,0.7755873,-0.1236193,-0.8049735,-0.8993319,-0.5084204,-56.98336,-49.65643,-21.28361,82.97679
L,-0.238143,0.7697001,-0.127378,-0.3731999,-0.4139745,-0.2642985,30.36128,34.12917,17.16607,82.99101
L,-0.2402593,0.7803705,-0.1333013,-0.1550513,0.7817697,-0.4339737,15.98277,87.6068,-12.43134,83.00466
L,-0.242895,0.7870932,-0.1384716,-0.192996,0.4922704,-0.3785964,-2.778489,-21.19846,4.05498,83.01832
L,-0.2429515,0.7871006,-0.139507,-0.003857397,0.0005007491,-0.07072063,12.91859,-33.58897,21.0286,83.03296
L,-0.2435663,0.786722,-0.1407202,-0.02296494,-0.01413998,-0.04531484,-0.7137259,-0.5468765,0.9489849,83.05973
L,-0.2387628,0.776942,-0.1384288,0.3213883,-0.6543557,0.1533089,23.03985,-42.8353,13.28944,83.07468
L,-0.2369396,0.7712696,-0.1381097,0.1340284,-0.4169894,0.02345941,-13.77321,17.44928,-9.5455,83.08828
L,-0.2381779,0.7691146,-0.1401199,-0.08850297,-0.1540136,-0.1436676,-15.90383,18.79431,-11.9442,83.10227
L,-0.2394879,0.7668684,-0.1421225,-0.09241182,-0.1584617,-0.1412736,-0.2757486,-0.3137909,0.1688833,83.11645
L,-0.240918,0.764407,-0.1442424,-0.05283016,-0.09092711,-0.07831272,1.462246,2.494898,2.325932,83.14352
L,-0.2389673,0.756222,-0.1477821,0.1322015,-0.5547239,-0.2398981,12.54006,-31.43266,-10.95104,83.15827
L,-0.2397085,0.7528179,-0.1484441,-0.05476126,-0.2515105,-0.04890849,-13.81375,22.40292,14.11127,83.17181
L,-0.2405189,0.7497243,-0.1493158,-0.05804837,-0.2215719,-0.06243383,-0.2354356,2.144326,-0.968739,83.18577
L,-0.240968,0.7496805,-0.1504167,-0.03333031,-0.003251522,-0.0817072,1.834567,16.20367,-1.430464,83.19924
L,-0.2414803,0.7493003,-0.1515491,-0.03647495,-0.02707004,-0.08062555,-0.2238864,-1.695785,0.07700946,83.21329
L,-0.2421403,0.7485599,-0.1529126,-0.04971489,-0.05577407,-0.1027097,-0.9973476,-2.162238,-1.66357,83.22656
L,-0.251159,0.7465035,-0.1569875,-0.6163209,-0.1405313,-0.278468,-38.72064,-5.792129,-12.01094,83.2412
L,-0.2578384,0.7444559,-0.1603034,-0.475544,-0.145781,-0.2360788,10.02276,-0.3737566,3.017941,83.25524
L,-0.2587865,0.7523464,-0.1566804,-0.06624176,0.5512935,0.2531285,28.59705,48.70306,34.17984,83.26955
L,-0.2601839,0.7588169,-0.1539458,-0.09436582,0.4369405,0.1846594,-1.899164,-7.722036,-4.623591,83.28436
L,-0.2616881,0.7631271,-0.1523356,-0.05706291,0.1635175,0.06108617,1.415157,-10.37282,-4.687984,83.31072
L,-0.265054,0.765238,-0.1509297,-0.2410797,0.1511868,0.1006991,-13.18002,-0.8831764,2.837236,83.32468
L,-0.2671487,0.7650611,-0.1499125,-0.1256579,-0.01060855,0.06102153,6.923826,-9.705649,-2.380144,83.34135
L,-0.2691866,0.7649507,-0.1491529,-0.08047769,-0.004361724,0.02999774,1.78423,0.2466961,-1.225173,83.36668
L,-0.2644941,0.7718271,-0.1439427,0.3031338,0.4442113,0.3365718,24.78104,28.97751,19.80448,83.38216
L,-0.2626947,0.7753649,-0.1413699,0.07012898,0.1378838,0.1002749,-9.081301,-11.93903,-9.209607,83.40781
L,-0.2584121,0.7837471,-0.1350845,0.3057364,0.5984094,0.4487135,16.82001,32.87691,24.87502,83.42182
L,-0.2566382,0.7868489,-0.1275162,0.1147073,0.2005697,0.4893874,-12.35252,-25.72553,2.630103,83.43729
L,-0.2555228,0.7892243,-0.1218555,0.04276989,0.09108945,0.2170757,-2.758625,-4.1983,-10.44249,83.46336
L,-0.2561364,0.7914488,-0.1133196,-0.04259633,0.1544376,0.5925919,-5.926442,4.397863,26.06973,83.47777
L,-0.2563152,0.7928341,-0.1094681,-0.01342675,0.1040518,0.289297,2.191011,-3.784625,-22.78136,83.49108
L,-0.2539213,0.7969189,-0.1077799,0.1801203,0.307347,0.1270232,14.56291,15.29639,-12.20984,83.50437
L,-0.2519647,0.8006402,-0.1057964,0.137732,0.2619579,0.1396259,-2.983842,-3.195077,0.8871425,83.51858
L,-0.2504147,0.8039284,-0.1036644,0.1104753,0.234358,0.1519556,-1.942683,-1.967142,0.8787799,83.53261
L,-0.2499084,0.8136265,-0.09775147,0.03640012,0.6972881,0.4251357,-5.325936,33.28424,19.6414,83.54652
L,-0.2494011,0.8213376,-0.09275974,0.03608035,0.5484011,0.3550057,-0.02274151,-10.58867,-4.987569,83.56058
L,-0.2478434,0.8244982,-0.09254569,0.1103642,0.2239274,0.01516575,5.262992,-22.98887,-24.07757,83.57469
L,-0.2481627,0.8226596,-0.09413677,-0.02217024,-0.1276442,-0.1104591,-9.201037,-24.40741,-8.721349,83.5891
L,-0.2282773,0.8427775,-0.08648272,1.382719,1.398885,0.5322188,97.68789,106.146,44.68811,83.60348
L,-0.2132608,0.8585303,-0.08025023,1.100802,1.154786,0.4568821,-20.66635,-17.89403,-5.522666,83.61712
L,-0.2016511,0.8712059,-0.07495295,0.8270189,0.9029382,0.3773501,-19.50289,-17.94034,-5.665447,83.63116
L,-0.2094315,0.844733,-0.07123918,-0.5807488,-1.975997,0.2772047,-105.0791,-214.8906,-7.47509,83.64455
L,-0.2138277,0.8285448,-0.06764252,-0.3240858,-1.193375,0.2651411,18.92088,57.69399,-0.8893156,83.65812
L,-0.1975666,0.8164319,-0.06208085,1.200096,-0.893955,0.4104617,112.4874,22.09772,10.72492,83.67167
L,-0.1835351,0.8164845,-0.05909555,1.029753,0.003858133,0.2190865,-12.50127,65.88923,-14.04475,83.6853
L,-0.1721922,0.8166135,-0.05599905,0.8053837,0.009162547,0.219862,-15.93094,0.3766307,0.05505887,83.69938
L,-0.1625571,0.8168519,-0.05280355,0.699275,0.01730343,0.2319157,-7.700932,0.5908318,0.8748118,83.71316
L,-0.15398,0.8171587,-0.04954685,0.6021535,0.02153773,0.2286354,-6.818371,0.2972669,-0.2302951,83.7274
L,-0.1538079,0.8139743,-0.04640875,0.01185525,-0.2193289,0.2161416,-40.65769,-16.59005,-0.8605327,83.74192
L,-0.1479642,0.8086305,-0.03162376,0.415597,-0.3800444,1.051491,28.71364,-11.4299,59.40909,83.75598
L,-0.1419995,0.8047577,-0.01954202,0.4442072,-0.2884189,0.89976,2.13068,6.823606,-11.29984,83.76941
L,-0.1360101,0.8017888,-0.009414798,0.4390577,-0.2176402,0.7423911,-0.3774928,5.188537,-11.53616,83.78305
L,-0.1300019,0.799385,-0.0004906363,0.4350893,-0.1740763,0.6462473,-0.2873705,3.154697,-6.962297,83.79686
L,-0.1255404,0.8303655,0.005375861,0.3243368,2.252184,0.4264745,-8.051333,176.3809,-15.97674,83.81062
L,-0.1206621,0.853471,0.01137722,0.3568088,1.690002,0.4389567,2.375094,-41.11956,0.9129813,83.82429
L,-0.1153763,0.8823429,0.01701307,0.366962,2.004395,0.3912615,0.7048712,21.82627,-3.311174,83.83869
L,-0.1102641,0.9124541,0.02213205,0.3633782,2.140311,0.3638584,-0.2547388,9.661012,-1.947825,83.85276
L,-0.1049881,0.9364563,0.02756255,0.3725944,1.695047,0.3835059,0.6508558,-31.44487,1.387519,83.86692
L,-0.09960507,0.9563286,0.03319857,0.3836675,1.416373,0.4016986,0.7892175,-19.86206,1.296658,83.88095
L,-0.08890811,0.9769574,0.05439496,0.7628244,1.471088,1.511564,27.03855,3.901804,79.14704,83.89497
L,-0.07944641,0.9952611,0.07205449,0.6799151,1.315297,1.269007,-5.957837,-11.19508,-17.43003,83.90889
L,-0.07522456,1.008165,0.1173067,0.3262773,0.9972868,3.497227,-27.3302,-24.57678,172.2036,83.92183
L,-0.0704964,1.020961,0.1544796,0.3414482,0.924053,2.684477,1.095586,-5.288649,-58.6936,83.93568
L,-0.06537447,1.033814,0.1853371,0.3658538,0.9180943,2.204115,1.743267,-0.4256216,-34.3117,83.94968
L,-0.06910455,1.024626,0.2353864,-0.2824432,-0.6957684,3.789759,-49.08931,-122.2023,120.0656,83.96288
L,-0.07030999,1.02126,0.2778113,-0.08426615,-0.2352583,2.965711,13.85358,32.19198,-57.60508,83.97719
L,-0.08340715,1.007541,0.3115672,-0.8714066,-0.9128172,2.245917,-52.37161,-45.08071,-47.89079,83.99222
L,-0.09171684,1.000104,0.3422174,-0.5874692,-0.5257804,2.166871,20.07348,27.3623,-5.588323,84.00636
L,-0.1050237,0.9808205,0.3376013,-0.9915646,-1.436887,-0.3439654,-30.11119,-67.89117,-187.0952,84.01978
L,-0.1144323,0.9682976,0.339848,-0.6301458,-0.8387359,0.1504715,24.20638,40.06176,33.11539,84.03471
L,-0.1215237,0.9595772,0.3469471,-0.2728169,-0.3354858,0.273113,13.74693,19.36073,4.718191,84.06071
L,-0.1024747,0.9783698,0.2876608,1.20038,1.184221,-3.735951,92.83406,95.7649,-252.6327,84.07658
L,-0.08409969,0.9947676,0.2723851,0.714038,0.6372063,-0.5935994,-18.89884,-21.25654,122.1092,84.10231
L,-0.06826606,1.006446,0.2276512,1.15361,0.850859,-3.259233,32.02646,15.56636,-194.2134,84.11604
L,-0.06269354,1.00876,0.2105129,0.402425,0.1671315,-1.237659,-54.24758,-49.37605,145.9899,84.12988
L,-0.05804741,1.011332,0.1950435,0.3331392,0.1843972,-1.109198,-4.967955,1.237991,9.211006,84.14383
L,-0.06493425,1.004582,0.1764517,-0.482197,-0.4726229,-1.301742,-57.08748,-46.00264,-13.48141,84.15811
L,-0.06888574,1.000586,0.1615911,-0.2822505,-0.2854224,-1.061473,14.28196,13.37152,17.16217,84.17211
L,-0.0710033,0.9982957,0.1488028,-0.1540248,-0.1665857,-0.9301861,9.326747,8.643814,9.549402,84.18586
L,-0.08442661,0.9873806,0.1336606,-0.9087913,-0.7389753,-1.025164,-51.09956,-38.75219,-6.430216,84.20063
L,-0.09354039,0.9798834,0.1204619,-0.616707,-0.5073205,-0.8931206,19.76462,15.67551,8.935027,84.21541
L,-0.1082116,0.9686182,0.09588018,-1.074292,-0.8248909,-1.799989,-33.50645,-23.25396,-66.40507,84.22906
L,-0.1189975,0.9602431,0.0759155,-0.7973691,-0.6191396,-1.475922,20.47198,15.21051,23.95717,84.24259
L,-0.1345911,0.942753,0.04244573,-0.880226,-0.9872786,-1.889298,-4.6771,-20.78067,-23.33417,84.26031
L,-0.1466999,0.9295434,0.01634121,-0.5385535,-0.5875175,-1.161036,15.19637,17.77994,32.3905,84.28279
L,-0.1703395,0.8807823,-0.03094425,-0.8221003,-1.695731,-1.644415,-9.860718,-38.53961,-16.81016,84.31155
L,-0.1864486,0.8436154,-0.06781761,-1.087816,-2.509809,-2.489988,-17.94328,-54.9731,-57.09991,84.32635
L,-0.2017898,0.8106962,-0.1056362,-1.025921,-2.201419,-2.529057,4.139158,20.62309,-2.612723,84.34131
L,-0.1982342,0.7975744,-0.1247839,0.1336893,-0.4933753,-0.7199467,43.6008,64.22166,68.02173,84.3679
L,-0.1974972,0.7835445,-0.1446214,0.02659842,-0.5063133,-0.7158959,-3.864708,-0.4669066,0.1461875,84.39561
L,-0.1993018,0.7667662,-0.1282768,-0.0677363,-0.6297721,0.6134927,-3.540848,-4.634018,49.89852,84.42226
L,-0.2053949,0.7593696,-0.1180378,-0.2220269,-0.2695258,0.3731001,-5.622236,13.1271,-8.759726,84.4497
L,-0.2130003,0.75245,-0.1141694,-0.4966874,-0.4518988,0.2526334,-17.93737,-11.91031,-7.867373,84.46501
L,-0.2172253,0.7465674,-0.1158314,-0.1631653,-0.2271817,-0.06418265,12.8802,8.678291,-12.23504,84.49091
L,-0.2199925,0.7504365,-0.1112453,-0.1912014,0.2673341,0.3168763,-1.93713,34.16825,26.32902,84.50538
L,-0.2221471,0.7503235,-0.1104295,-0.1503719,-0.00788738,0.05693858,2.849626,-19.20864,-18.14193,84.51971
L,-0.238191,0.7668557,-0.1183567,-0.6199623,0.6388285,-0.3063216,-18.14568,24.99008,-14.03692,84.54559
L,-0.2543716,0.7711432,-0.1322158,-1.096029,0.2904272,-0.9387758,-32.24757,-23.59982,-42.84085,84.56035
L,-0.2616115,0.7714211,-0.1384474,-0.5107369,0.01960273,-0.4396098,41.28925,-19.10522,35.2135,84.57452
L,-0.2598279,0.7517178,-0.1425471,0.06782166,-0.7492158,-0.1558908,21.99966,-29.23428,10.7884,84.60082
L,-0.2583942,0.7416446,-0.1502667,0.09701294,-0.6816316,-0.5223656,1.975302,4.573257,-24.79845,84.6156
L,-0.2580532,0.7441831,-0.1536661,0.02342317,0.174385,-0.2335264,-5.055324,58.80493,19.8421,84.63016
L,-0.258581,0.7450242,-0.1572085,-0.01964663,0.03131213,-0.1318684,-1.603307,-5.326001,3.784299,84.65702
L,-0.2683591,0.7552134,-0.1595289,-0.6664757,0.6945,-0.1581594,-44.08798,45.203,-1.792003,84.67169
L,-0.2730877,0.758728,-0.1618963,-0.3287985,0.24438,-0.1646179,23.48012,-31.29874,-0.4490809,84.68607
L,-0.2823062,0.7391699,-0.1661262,-0.3572717,-0.757988,-0.163932,-1.103502,-38.84754,0.02658202,84.71188
L,-0.2885507,0.7325161,-0.1656132,-0.424301,-0.4521165,0.03485756,-4.554513,20.78341,13.50738,84.72659
L,-0.2920209,0.7294327,-0.1665179,-0.1294376,-0.1150087,-0.03374393,10.99839,12.5741,-2.558832,84.7534
L,-0.2908467,0.7526011,-0.1631454,0.07974012,1.573437,0.2290358,14.20588,114.6674,17.84615,84.76813
L,-0.291582,0.7625273,-0.1625542,-0.0471771,0.6368277,0.03792772,-8.142581,-60.08973,-12.26085,84.78371
L,-0.2832463,0.7645149,-0.1627378,0.3350463,0.07989066,-0.007380669,15.36301,-22.38542,-1.821116,84.80859
L,-0.2734465,0.7709397,-0.1673936,0.6087548,0.399104,-0.2892106,17.00262,19.82935,-17.50712,84.82469
L,-0.2694395,0.7758763,-0.1712018,0.1547025,0.1905882,-0.1470252,-17.52976,-8.050245,5.489406,84.85059
L,-0.2681547,0.7719028,-0.1694446,0.08867949,-0.2742562,0.121283,-4.55701,-32.0843,18.51906,84.86508
L,-0.2673902,0.7702227,-0.1687854,0.05210568,-0.1145183,0.04492898,-2.492877,10.88776,-5.204302,84.87975
L,-0.2691503,0.7663125,-0.169414,-0.06541058,-0.1453098,-0.02335776,-4.367194,-1.144288,-2.537703,84.90666
L,-0.2715292,0.7619346,-0.1707274,-0.164454,-0.3026479,-0.09079662,-6.846948,-10.8769,-4.662103,84.92113
L,-0.2722335,0.7611069,-0.1713039,-0.04655391,-0.05471114,-0.03810711,7.792937,16.38808,3.482662,84.93626
L,-0.272728,0.7605664,-0.1718074,-0.01909505,-0.02087553,-0.0194455,1.060427,1.306688,0.7206877,84.96215
L,-0.274424,0.7606452,-0.1690532,-0.06115672,0.0028413,0.09931278,-1.516673,0.8551892,4.282225,84.98988
L,-0.2777267,0.7606171,-0.1638306,-0.2127246,-0.001804361,0.3363809,-9.762311,-0.2992217,15.26928,85.00541
L,-0.279147,0.7606161,-0.1616871,-0.04877133,-3.684176E-05,0.07360472,5.629992,0.06069487,-9.023475,85.03453
L,-0.2815743,0.7676555,-0.1557255,-0.09565615,0.2774119,0.2349387,-1.847651,10.93378,6.357899,85.05991
L,-0.2823877,0.7683206,-0.1537902,-0.02938624,0.02402753,0.06991843,2.394192,-9.154243,-5.961836,85.08759
L,-0.2823631,0.7690849,-0.1527833,0.00167672,0.05212263,0.0686622,2.118358,1.915963,-0.08566923,85.10225
L,-0.2824152,0.7695478,-0.1521472,-0.003519453,0.03129029,0.04299796,-0.3512495,-1.408219,-1.734845,85.11704
L,-0.2818172,0.7724643,-0.1488403,0.02341066,0.1141796,0.1294663,1.054296,3.245064,3.385178,85.14259
L,-0.2719669,0.7780099,-0.1359709,0.6231185,0.3508084,0.8140978,37.93673,14.96883,43.30889,85.15839
L,-0.2622557,0.7807705,-0.1255961,0.3750345,0.1066105,0.400664,-9.58069,-9.430616,-15.96629,85.18429
L,-0.2666509,0.7901168,-0.1161514,-0.3100612,0.6593321,0.6662737,-48.32986,38.99157,18.73735,85.19846
L,-0.2677531,0.7943372,-0.1113372,-0.07599208,0.290994,0.3319306,16.13883,-25.39653,-23.05262,85.21297
L,-0.2649594,0.7987621,-0.105062,0.1882632,0.2981925,0.4228782,17.80795,0.485096,6.128886,85.22781
L,-0.2627098,0.8026056,-0.09951451,0.08589084,0.1467444,0.2118051,-3.908577,-5.782291,-8.058773,85.254
L,-0.2567404,0.8047698,-0.07996679,0.3801837,0.1378348,1.244975,18.74322,-0.5674407,65.80157,85.2697
L,-0.253998,0.8065225,-0.07010515,0.1051055,0.06717379,0.3779488,-10.54241,-2.708094,-33.2289,85.29579
L,-0.236009,0.8194711,-0.04438974,0.6584339,0.4739445,0.941237,20.25296,14.88865,20.61751,85.32311
L,-0.2180967,0.8435214,-0.02531161,1.224725,1.644403,1.304439,38.71934,80.02834,24.83339,85.33774
L,-0.210083,0.8543214,-0.01546623,0.5590033,0.7533678,0.6867768,-46.43829,-62.15527,-43.0858,85.35207
L,-0.2030154,0.8638289,-0.008882074,0.5023694,0.6757939,0.4680034,-4.025552,-5.513973,-15.55047,85.36614
L,-0.1965297,0.8724588,-0.002050254,0.4519351,0.6013507,0.4760554,-3.514371,-5.187363,0.5610796,85.38049
L,-0.183854,0.9068086,-0.004089329,0.4850907,1.314539,-0.07803375,1.268839,27.29315,-21.20455,85.40662
L,-0.1637029,0.9457073,0.01619969,1.350326,2.606607,1.359572,57.97963,86.58175,96.33426,85.42155
L,-0.1520068,0.9617525,0.04203317,0.8094187,1.11039,1.787775,-37.43286,-103.5439,29.63333,85.436
L,-0.1427988,0.9744862,0.05955767,0.3518688,0.4866003,0.6696708,-17.48454,-23.83712,-42.72659,85.46217
L,-0.1196948,1.011131,0.1067194,1.573131,2.495089,3.211211,83.15495,136.7567,173.0518,85.47685
L,-0.1068062,1.032958,0.1342427,0.9019428,1.527504,1.92607,-46.96956,-67.71132,-89.93378,85.49114
L,-0.09038741,1.046638,0.1712059,1.170862,0.9754913,2.635932,19.17727,-39.36531,50.62191,85.50517
L,-0.07587682,1.060316,0.2027711,0.554499,0.5227041,1.206213,-23.55334,-17.30255,-54.63446,85.53133
L,-0.07198011,1.047927,0.2767904,0.2679696,-0.8519806,5.090168,-19.70409,-94.53445,267.0923,85.54588
L,-0.06697151,1.048368,0.3266436,0.3403252,0.02999449,3.387436,4.916432,59.92858,-115.6976,85.56059
L,-0.08289158,1.037206,0.3422626,-0.6065915,-0.4253179,0.5951206,-36.07973,-17.34846,-106.3937,85.58684
L,-0.1222906,1.028041,0.343935,-2.406388,-0.5597332,0.1021432,-109.9268,-8.209729,-30.10976,85.60321
L,-0.1329326,1.027209,0.3528088,-0.4166287,-0.03258942,0.3474031,77.89776,20.63733,9.601765,85.62875
L,-0.1268195,1.027634,0.3085527,0.4050868,0.02814554,-2.932622,54.45091,4.024597,-217.3506,85.64384
L,-0.1247378,1.029289,0.3005636,0.147809,0.117543,-0.5672548,-18.26756,6.34751,167.9488,85.65793
L,-0.1078732,1.032141,0.2701802,0.6409022,0.1083874,-1.154656,18.73897,-0.3479394,-22.32297,85.68424
L,-0.08802993,1.016374,0.2030896,1.402102,-1.114067,-4.740543,53.78541,-86.37709,-253.3743,85.69839
L,-0.07914802,1.011742,0.1846119,0.571512,-0.29811,-1.188956,-53.44479,52.50323,228.529,85.71394
L,-0.08787774,1.000947,0.1440407,-0.6115567,-0.7561715,-2.842198,-82.87931,-32.08928,-115.8171,85.72821
L,-0.09329668,0.993108,0.1154057,-0.2083516,-0.3014195,-1.100983,15.50276,17.48467,66.94763,85.75422
L,-0.1224665,0.9561187,0.03239953,-1.871436,-2.373107,-5.325394,-106.6979,-132.9125,-271.024,85.76981
L,-0.1316314,0.943626,0.005936384,-0.3172069,-0.4323838,-0.915917,53.7935,67.17045,152.6166,85.7987
L,-0.1559429,0.8908733,-0.03535726,-0.9635787,-2.09084,-1.636662,-25.61876,-65.73242,-28.56651,85.82393
L,-0.1673616,0.8518999,-0.07386851,-0.8422475,-2.874692,-2.8406,8.949423,-57.81718,-88.80283,85.83749
L,-0.1729008,0.8350328,-0.09291342,-0.4053776,-1.234392,-1.393777,31.97175,120.0432,105.8839,85.85115
L,-0.1759084,0.8187838,-0.1033276,-0.2112662,-1.141366,-0.7315176,13.63482,6.534382,46.51859,85.86539
L,-0.1793588,0.8033534,-0.1164851,-0.2441923,-1.092058,-0.9311998,-2.330289,3.489656,-14.13215,85.87952
L,-0.1830841,0.7883698,-0.1311211,-0.2593134,-1.042983,-1.018778,-1.052549,3.416025,-6.096165,85.89388
L,-0.182126,0.7887951,-0.138338,0.06304711,0.02798695,-0.4748702,21.21106,70.46899,35.78871,85.90908
L,-0.1825995,0.7850879,-0.1485803,-0.01827805,-0.1430842,-0.3953123,-3.138826,-6.602662,3.070616,85.93499
L,-0.1843085,0.7739104,-0.1477942,-0.1108362,-0.7249157,0.05098323,-6.002862,-37.7347,28.9445,85.95041
L,-0.1877162,0.7769543,-0.1329169,-0.2466298,0.220303,1.076756,-9.828123,68.41066,74.24083,85.96423
L,-0.1909386,0.7765926,-0.1250248,-0.2163806,-0.02428599,0.5299363,2.031154,-16.42355,-36.71762,85.97912
L,-0.1941024,0.7738449,-0.1219793,-0.1267758,-0.1101035,0.1220348,3.590549,-3.438786,-16.34499,86.00407
L,-0.1988788,0.7861525,-0.1185646,-0.338771,0.8729327,0.2421907,-15.03606,69.72323,8.522225,86.01817
L,-0.2036542,0.7930544,-0.1179445,-0.340543,0.4921918,0.04422107,-0.1263623,-27.15151,-14.11767,86.0322
L,-0.2078003,0.795848,-0.1190196,-0.3042774,0.2050191,-0.07890144,2.661477,-21.07519,-9.035786,86.04582
L,-0.211233,0.7967872,-0.1207396,-0.2334902,0.06388249,-0.1169888,4.814856,-9.599925,-2.590655,86.06052
L,-0.2211713,0.8099141,-0.1245108,-0.6921545,0.9142244,-0.2626476,-31.94371,59.22211,-10.14441,86.07488
L,-0.2292205,0.8190261,-0.1282646,-0.5663035,0.6410779,-0.2641012,8.854293,-19.21732,-0.1022691,86.0891
L,-0.2346454,0.8209521,-0.1301623,-0.3760174,0.1334983,-0.1315338,13.18941,-35.18216,9.188719,86.10352
L,-0.2398048,0.8222883,-0.1325542,-0.2001332,0.05182978,-0.09278182,6.822578,-3.167937,1.503197,86.1293
L,-0.2501886,0.8112936,-0.1371181,-0.7790666,-0.8248963,-0.3424207,-43.43558,-65.77804,-18.72964,86.14263
L,-0.2555556,0.8074812,-0.1400441,-0.3833575,-0.2723178,-0.2089993,28.26506,39.47007,9.530146,86.15663
L,-0.2586527,0.7816229,-0.1397778,-0.2197905,-1.835028,0.01890206,11.6075,-110.8974,16.17298,86.17072
L,-0.2622174,0.7637282,-0.1404387,-0.2561528,-1.285906,-0.04749606,-2.612978,39.45973,-4.771346,86.18464
L,-0.269281,0.7566251,-0.1399153,-0.4972308,-0.5000126,0.03684714,-16.97024,55.32148,5.937181,86.19884
L,-0.2756315,0.7498914,-0.1402313,-0.4413441,-0.4679712,-0.02196385,3.883976,2.226788,-4.087208,86.21323
L,-0.281553,0.743571,-0.1410821,-0.4195376,-0.4477998,-0.06028083,1.544987,1.429139,-2.714747,86.22735
L,-0.2801994,0.7397946,-0.137627,0.09457664,-0.263851,0.2414046,35.92003,12.8521,21.0781,86.24166
L,-0.2806025,0.7355778,-0.1356405,-0.02855997,-0.2987584,0.1407443,-8.724195,-2.473186,-7.131753,86.25578
L,-0.2829593,0.7304198,-0.1356831,-0.1686233,-0.369034,-0.003048026,-10.02095,-5.027926,-10.28774,86.26975
L,-0.2858337,0.7251543,-0.1360243,-0.2129712,-0.3901348,-0.02528463,-3.285905,-1.563436,-1.647596,86.28325
L,-0.2871152,0.7231421,-0.1368571,-0.09468362,-0.1486753,-0.06153224,8.73968,17.84023,-2.678155,86.29678
L,-0.2889229,0.7204516,-0.1377055,-0.1366444,-0.2033728,-0.06412535,-3.17179,-4.134551,-0.1960114,86.31001
L,-0.2912799,0.7170273,-0.1386394,-0.1769401,-0.2570608,-0.07011338,-3.024996,-4.030351,-0.4495208,86.32333
L,-0.289377,0.7197521,-0.1395114,0.1311346,0.1877752,-0.06009094,21.23027,30.65486,0.6906738,86.33784
L,-0.286201,0.7243191,-0.141471,0.2255087,0.3242695,-0.1391332,6.700869,9.691541,-5.612255,86.35193
L,-0.2805952,0.7291723,-0.1441105,0.3991101,0.3455323,-0.1879286,12.35974,1.513828,-3.474044,86.36597
L,-0.2771898,0.731789,-0.1462067,0.2292509,0.1761524,-0.1411115,-11.43492,-11.40265,3.151725,86.38083
L,-0.2754003,0.7328977,-0.1477452,0.06635321,0.041109,-0.05704506,-6.039981,-5.007188,3.117047,86.4078
L,-0.270866,0.7456424,-0.1556831,0.3179863,0.8937809,-0.5566845,17.6469,59.79744,-35.03945,86.42206
L,-0.2686109,0.75191,-0.1591806,0.1563885,0.4346561,-0.2425533,-11.20685,-31.84043,21.78508,86.43648
L,-0.2671782,0.7558233,-0.1620141,0.09576189,0.2615614,-0.1893834,-4.052243,-11.56954,3.553844,86.45144
L,-0.2670544,0.7567097,-0.1637886,0.004872551,0.03488067,-0.06982876,-3.576417,-8.919693,4.704373,86.47685
L,-0.268752,0.759008,-0.1650523,-0.1167448,0.1580535,-0.08689869,-8.363396,8.470363,-1.173867,86.49139
L,-0.2708825,0.7611114,-0.1650585,-0.1468171,0.1449461,-0.0004282088,-2.072362,-0.9032669,5.958917,86.50591
L,-0.2726634,0.7630486,-0.1653735,-0.121578,0.132251,-0.02150167,1.722991,-0.8666545,-1.438615,86.52055
L,-0.2788815,0.7519043,-0.167563,-0.2392882,-0.428864,-0.08425962,-4.529806,-21.59321,-2.415094,86.54654
L,-0.2832245,0.7455125,-0.1687777,-0.1575103,-0.2318155,-0.04405286,2.965909,7.146526,1.458213,86.57411
L,-0.2824558,0.7468112,-0.1670373,0.04127727,0.06973001,0.09345075,10.6741,16.1918,7.383398,86.59274
L,-0.2815138,0.7478389,-0.1649716,0.04077697,0.04448584,0.08941868,-0.02165627,-1.092736,-0.1745348,86.61584
L,-0.2819506,0.7487068,-0.162874,-0.02910722,0.05783712,0.139774,-4.656767,0.8896693,3.355454,86.63084
L,-0.2833019,0.7487944,-0.1623029,-0.05158093,0.003344314,0.02179947,-0.8577966,-2.079931,-4.50296,86.65704
L,-0.2898878,0.756825,-0.1551315,-0.4493631,0.5479324,0.4893112,-27.14113,37.15786,31.89885,86.6717
L,-0.2925813,0.7601131,-0.1522375,-0.09853279,0.1202837,0.1058667,12.83395,-15.64409,-14.02703,86.69904
L,-0.2935956,0.7686989,-0.1450294,-0.0658413,0.5573884,0.4679413,2.122307,28.37652,23.50562,86.71444
L,-0.2943723,0.772199,-0.1421139,-0.02939783,0.1324764,0.1103507,1.379359,-16.08261,-13.53454,86.74086
L,-0.2872457,0.7843323,-0.1259575,0.2569025,0.4373861,0.5824127,10.32067,10.99151,17.01708,86.7686
L,-0.2829662,0.7947122,-0.1059747,0.2808803,0.6812797,1.31156,1.573767,16.00782,47.85717,86.78384
L,-0.2815382,0.7995043,-0.09730988,0.1005199,0.3373263,0.6099446,-12.69614,-24.21196,-49.38888,86.79804
L,-0.2753305,0.7986982,-0.09209693,0.2407979,-0.03126618,0.2022112,5.441411,-14.29777,-15.81605,86.82382
L,-0.2587281,0.8055728,-0.06895391,1.189783,0.4926531,1.658503,68.00732,37.54573,104.3626,86.83778
L,-0.2514739,0.8094383,-0.05696843,0.5136793,0.2737245,0.8487093,-47.8759,-15.50265,-57.34268,86.8519
L,-0.2549582,0.8086846,-0.05192584,-0.2463297,-0.0532885,0.3564954,-53.73026,-23.1188,-34.79799,86.86604
L,-0.256777,0.80897,-0.04645937,-0.1267361,0.01989052,0.3809149,8.333532,5.099266,1.701607,86.88039
L,-0.2574881,0.8099391,-0.04063217,-0.0513842,0.07001964,0.4210489,5.444612,3.622119,2.899913,86.89423
L,-0.2382676,0.8290492,-0.02505746,1.372901,1.365016,1.112484,101.7351,92.50016,49.38843,86.90823
L,-0.2234567,0.8439879,-0.01172101,1.019588,1.028386,0.9180859,-24.32222,-23.17374,-13.38242,86.92276
L,-0.2133265,0.8528199,0.001891486,0.3926035,0.3422901,0.5275627,-24.29925,-26.59017,-15.13503,86.94856
L,-0.1941013,0.8685905,0.01948427,1.34394,1.102442,1.229825,66.50321,53.13845,49.09167,86.96287
L,-0.1810929,0.8784689,0.02744976,0.9206422,0.6991302,0.5637437,-29.95811,-28.54365,-47.1407,86.977
L,-0.1714329,0.886321,0.03490476,0.6833018,0.5554169,0.5273296,-16.78828,-10.16556,-2.575747,86.99113
L,-0.1666831,0.9086722,0.04974253,0.3171495,1.492418,0.9907368,-24.44845,62.56477,30.94229,87.00611
L,-0.1614004,0.9271599,0.06299058,0.1948294,0.6818286,0.4885898,-4.51118,-29.89466,-18.51925,87.03323
L,-0.1449733,0.962781,0.07813918,0.6137751,1.330936,0.5660082,15.65338,24.25307,2.892638,87.05999
L,-0.1272908,0.9958001,0.101545,1.191,2.223989,1.576492,38.87872,60.15123,68.06071,87.07484
L,-0.1178385,1.013068,0.1143941,0.6711418,1.22605,0.9123268,-36.9116,-70.85689,-47.15789,87.08892
L,-0.09985507,1.025318,0.1361298,1.305889,0.8895776,1.578361,46.09281,-24.43333,48.36478,87.10269
L,-0.08443087,1.037536,0.1550597,1.093391,0.8661185,1.341901,-15.06351,-1.662968,-16.76215,87.1168
L,-0.07086612,1.049811,0.1719165,0.5069743,0.4587789,0.6300117,-21.91698,-15.22407,-26.60645,87.14355
L,-0.05078656,1.036569,0.2336004,0.7216526,-0.4759134,2.216901,7.715468,-33.59254,57.03228,87.17138
L,-0.05314929,1.019146,0.302286,-0.08463719,-0.6241459,2.460441,-28.88276,-5.309956,8.724053,87.1993
L,-0.0622006,1.012419,0.350786,-0.5832709,-0.4335054,3.125369,-32.13221,12.28497,42.84828,87.21481
L,-0.06308968,1.011699,0.3781116,-0.03473448,-0.02811569,1.067545,21.43003,15.83763,-80.39436,87.24041
L,-0.08419109,1.00086,0.3446648,-1.479039,-0.7596925,-2.344347,-101.2342,-51.27766,-239.1463,87.25468
L,-0.07893605,1.004171,0.3170904,0.3661824,0.2307034,-1.921447,128.5789,69.01285,29.46858,87.26903
L,-0.0745507,1.007105,0.3024444,0.2970521,0.1987161,-0.9920785,-4.682707,-2.16674,62.95308,87.28379
L,-0.07094761,1.009596,0.2941582,0.2475182,0.171138,-0.5692315,-3.402787,-1.894507,29.0479,87.29835
L,-0.04770729,1.014958,0.2617511,0.9142121,0.2109422,-1.27481,26.22596,1.565792,-27.75559,87.32377
L,-0.03241638,1.009143,0.1702275,0.9494131,-0.3610626,-5.6827,2.185627,-35.51578,-273.6859,87.33987
L,-0.02502529,1.007597,0.144748,0.2797471,-0.05851141,-0.9643796,-25.34636,11.45134,178.5849,87.36629
L,-0.06078083,0.9839498,0.05837555,-2.376547,-1.57177,-5.740876,-176.5546,-100.5811,-317.4771,87.38134
L,-0.07060274,0.9761963,0.03172892,-0.3390513,-0.2676496,-0.9198388,70.33411,45.0181,166.4216,87.41031
L,-0.1229156,0.9237602,-0.02688987,-2.066529,-2.0714,-2.315636,-68.2411,-71.25414,-55.13863,87.43562
L,-0.1518862,0.8934483,-0.07358318,-1.922651,-2.011665,-3.098828,9.548544,3.964351,-51.97696,87.45069
L,-0.1636731,0.8808337,-0.09495132,-0.4487201,-0.4802248,-0.8134664,56.11127,58.3006,87.00172,87.47696
L,-0.178428,0.8300949,-0.1129085,-0.9489437,-3.263218,-1.154901,-32.17139,-178.9855,-21.95905,87.49251
L,-0.1864339,0.8122587,-0.1266736,-0.308359,-0.6869903,-0.5301844,24.67315,99.22753,24.06197,87.51847
L,-0.1872899,0.7806526,-0.1297746,-0.05949057,-2.196543,-0.2155117,17.2957,-104.9099,21.86892,87.53286
L,-0.1903511,0.7661396,-0.1373622,-0.2240325,-1.062116,-0.5552894,-12.04179,83.02153,-24.86619,87.54652
L,-0.1941513,0.7519412,-0.1466337,-0.2770287,-1.035043,-0.6758812,-3.863362,1.973582,-8.790992,87.56024
L,-0.1931086,0.7516993,-0.1441968,0.07125647,-0.01652926,0.166535,23.80106,69.60305,57.56891,87.57487
L,-0.1991529,0.7471747,-0.130732,-0.3967181,-0.2969689,0.8837582,-30.71526,-18.4065,47.07456,87.59011
L,-0.2049558,0.7405127,-0.1236438,-0.2254262,-0.2588035,0.2753579,6.654291,1.482634,-23.63493,87.61585
L,-0.2258478,0.7584455,-0.1105983,-1.373991,1.17937,0.857951,-75.5367,94.58318,38.31492,87.63106
L,-0.2348984,0.762197,-0.1078213,-0.3434486,0.1423599,0.1053842,39.10689,-39.35234,-28.55832,87.65741
L,-0.2480883,0.7589747,-0.09936453,-0.9734448,-0.2378106,0.6241218,-46.49485,-28.05726,38.28377,87.67096
L,-0.255193,0.7559007,-0.09719788,-0.5099806,-0.2206539,0.1555243,33.26789,1.23152,-33.63638,87.68489
L,-0.2598985,0.7556877,-0.1001708,-0.3351945,-0.01517493,-0.2117724,12.45085,14.63725,-26.1643,87.69893
L,-0.2651847,0.7543899,-0.1027044,-0.3623803,-0.08896117,-0.1736902,-1.863649,-5.058216,2.610618,87.71352
L,-0.2642463,0.7647129,-0.110234,0.06736035,0.7409895,-0.5404755,30.84719,59.57464,-26.32819,87.72745
L,-0.2652588,0.7715338,-0.1161362,-0.07070167,0.4763086,-0.4121567,-9.640951,-18.48282,8.960573,87.74177
L,-0.2685283,0.780197,-0.1184615,-0.2412967,0.6393581,-0.1716089,-12.59022,12.03335,17.75287,87.75532
L,-0.2723047,0.7863634,-0.1208565,-0.2651229,0.4329138,-0.168144,-1.672705,-14.49334,0.2432514,87.76956
L,-0.2763894,0.7908946,-0.1232914,-0.2835714,0.314569,-0.169041,-1.280766,-8.215936,-0.06227551,87.78397
L,-0.2801224,0.7754121,-0.1237329,-0.1426094,-0.5914661,-0.01686428,5.385067,-34.6126,5.813498,87.81014
L,-0.2857229,0.7529735,-0.1322622,-0.4213996,-1.68833,-0.6417675,-20.9768,-82.53048,-47.01912,87.82343
L,-0.2894162,0.7450628,-0.1362808,-0.2559926,-0.548321,-0.2785419,11.46495,79.0181,25.17647,87.83786
L,-0.2930839,0.7386929,-0.1398129,-0.2622686,-0.4554862,-0.2525711,-0.4487734,6.638319,1.857084,87.85184
L,-0.292317,0.7281122,-0.1387816,0.05523051,-0.7620021,0.07427134,22.86552,-22.07453,23.53841,87.86573
L,-0.2928416,0.7194658,-0.1388445,-0.03660809,-0.6034595,-0.004387771,-6.409729,11.06522,-5.489886,87.88006
L,-0.2941943,0.7119464,-0.1396135,-0.09466764,-0.526203,-0.05381678,-4.062991,5.406388,-3.459028,87.89435
L,-0.2940701,0.7134062,-0.1396483,0.009319548,0.1095226,-0.002607148,7.801836,47.69652,3.8421,87.90768
L,-0.2937652,0.713519,-0.1398365,0.02197292,0.008130326,-0.01356021,0.9117666,-7.306039,-0.7892464,87.92155
L,-0.2934107,0.7133138,-0.1403124,0.02525051,-0.01461872,-0.03390583,0.2334781,-1.620523,-1.449316,87.93559
L,-0.2931215,0.7124514,-0.141258,0.01928289,-0.05749698,-0.06303746,-0.3978577,-2.858667,-1.942188,87.95059
L,-0.2929529,0.718703,-0.1450325,0.00621354,0.2303644,-0.1390886,-0.4815927,10.60741,-2.802412,87.97773
L,-0.2856637,0.7353221,-0.145898,0.5178375,1.180653,-0.06148374,36.34665,67.51015,5.513186,87.99181
L,-0.2832954,0.7412385,-0.146724,0.1663527,0.4155781,-0.05802226,-24.68908,-53.74056,0.2431423,88.00604
L,-0.2789472,0.7489418,-0.1463189,0.3042871,0.539075,0.02834899,9.652611,8.642279,6.044235,88.02033
L,-0.2757261,0.7547629,-0.14631,0.237453,0.4291295,0.0006547033,-4.926928,-8.105054,-2.041589,88.0339
L,-0.2732404,0.7593529,-0.1465567,0.1827328,0.3374141,-0.0181335,-4.022596,-6.742183,-1.38116,88.0475
L,-0.270061,0.7610587,-0.144683,0.2311317,0.1240121,0.136215,3.518439,-15.51361,11.22062,88.06126
L,-0.2676385,0.7626553,-0.1435353,0.1636699,0.1078689,0.07753604,-4.557917,-1.09068,-3.964522,88.07606
L,-0.2663504,0.7625844,-0.1438235,0.0499037,-0.002748116,-0.01116566,-4.407791,-4.285779,-3.436686,88.10187
L,-0.2651368,0.7628003,-0.1447057,0.08149094,0.01449635,-0.05923712,2.121006,1.157923,-3.22788,88.11676
L,-0.264946,0.7629748,-0.1455147,0.01386124,0.01267313,-0.05874199,-4.911003,-0.132395,0.035954,88.13053
L,-0.2646353,0.763316,-0.1464419,0.02250898,0.02472447,-0.06718577,0.6265768,0.8731858,-0.6117983,88.14433
L,-0.2648967,0.7626707,-0.1471884,-0.0164701,-0.04066632,-0.04704027,-2.456282,-4.120625,1.269477,88.1602
L,-0.2651105,0.7620524,-0.1480552,-0.008310628,-0.02403525,-0.03369141,0.3171645,0.6464611,0.5188795,88.18593
L,-0.262439,0.7585943,-0.1485634,0.1721535,-0.2228368,-0.03275181,11.6292,-12.81087,0.06054784,88.20145
L,-0.2607653,0.7568591,-0.1489018,0.05681818,-0.0589084,-0.01148555,-3.915366,5.564989,0.7219404,88.2309
L,-0.2660418,0.7528331,-0.1457519,-0.2075047,-0.1583221,0.1238684,-10.39464,-3.909496,5.322868,88.25633
L,-0.2664925,0.7520905,-0.1401368,-0.01675532,-0.02761525,0.2087905,7.09274,4.860144,3.157701,88.28323
L,-0.2648227,0.7512054,-0.1332609,0.1161653,-0.06157112,0.4783622,9.247438,-2.362349,18.75441,88.2976
L,-0.2640161,0.7508334,-0.1302287,0.05552866,-0.0256122,0.2087371,-4.174249,2.475425,-18.56108,88.31213
L,-0.2629799,0.754596,-0.126836,0.07743461,0.2811698,0.2535288,1.636977,22.92505,3.347165,88.32551
L,-0.2619757,0.7577868,-0.1236243,0.0705344,0.22413,0.2256001,-0.4846864,-4.006606,-1.961775,88.33974
L,-0.2610722,0.7602898,-0.1207887,0.06373621,0.176576,0.200035,-0.4795763,-3.354683,-1.803479,88.35392
L,-0.2623036,0.7626297,-0.1191118,-0.04800667,0.09122407,0.06537508,-4.356443,-3.327556,-5.249894,88.37957
L,-0.2516584,0.7771543,-0.1035294,0.7386369,1.007817,1.081218,54.58282,63.59959,70.48624,88.39398
L,-0.2470005,0.7836277,-0.09619339,0.3043497,0.4229694,0.4793354,-28.37632,-38.21391,-39.32697,88.40929
L,-0.240074,0.7895361,-0.08970899,0.5522271,0.4710643,0.5169847,19.76265,3.834488,3.001682,88.42183
L,-0.234368,0.7946481,-0.0839397,0.3921848,0.3513577,0.3965351,-11.00003,-8.227681,-8.278749,88.43638
L,-0.22946,0.7992653,-0.07860763,0.1850189,0.1740545,0.2010025,-7.809508,-6.683774,-7.370965,88.46291
L,-0.225332,0.8093851,-0.06620707,0.2893403,0.7093123,0.8691792,7.312098,37.51728,46.83383,88.47717
L,-0.2202573,0.8137714,-0.05249247,0.377066,0.3259194,1.019048,6.51836,-28.48757,11.1358,88.49063
L,-0.2158591,0.8175653,-0.04153702,0.3197351,0.2758034,0.7964246,-4.167765,-3.643268,-16.18394,88.50439
L,-0.2117669,0.8213873,-0.03197078,0.2817055,0.2631097,0.6585429,-2.617973,-0.8738326,-9.491822,88.51891
L,-0.1989868,0.8406962,-0.02825206,0.9270167,1.400586,0.2697401,46.8081,82.50764,-28.20208,88.5327
L,-0.1885282,0.8562606,-0.02380363,0.7632695,1.135888,0.3246457,-11.95026,-19.31768,4.007008,88.5464
L,-0.1722767,0.8599502,-0.009875367,1.14154,0.259169,0.9783525,26.57055,-61.58269,45.91782,88.56064
L,-0.1588018,0.8641616,0.002227033,0.4641744,0.1450702,0.4168951,-23.33341,-3.930396,-19.3407,88.58967
L,-0.1217963,0.8770016,0.0176776,2.434935,0.8448599,1.016635,129.6744,46.0456,39.46239,88.60487
L,-0.109152,0.9091831,0.02944044,0.9166541,2.333021,0.8527543,-110.0686,107.8851,-11.88061,88.61866
L,-0.1117558,0.9550161,0.03427161,-0.1701361,2.994723,0.3156682,-71.01084,43.23561,-35.09319,88.63396
L,-0.1113077,0.9813713,0.03939269,0.02873406,1.690038,0.3283909,12.7526,-83.66324,0.8158425,88.64956
L,-0.1078955,1.00178,0.04604189,0.203759,1.218668,0.3970494,10.45142,-28.14733,4.099868,88.66631
L,-0.1035729,1.02031,0.05273704,0.3029757,1.298847,0.4692764,6.954293,5.619895,5.062533,88.68057
L,-0.0956966,1.052171,0.09006944,0.5511848,2.229603,2.61251,17.36961,65.13406,149.9829,88.69486
L,-0.08822931,1.080108,0.1203977,0.2730131,1.021422,1.108838,-10.1703,-44.1726,-54.97609,88.72221
L,-0.0552351,1.113611,0.1789302,2.070186,2.102105,3.672558,112.7616,67.80626,160.8578,88.73815
L,-0.03783902,1.135274,0.2138493,1.224564,1.524914,2.458063,-59.52597,-40.63023,-85.49208,88.75236
L,-0.03188165,1.143458,0.2527001,0.4138019,0.5684784,2.698599,-56.31595,-66.43454,16.70772,88.76675
L,-0.02532348,1.153693,0.2859658,0.4509931,0.703789,2.28762,2.557563,9.305053,-28.26226,88.7813
L,-0.03781167,1.148907,0.3081743,-0.4835606,-0.1852936,0.8599439,-36.18724,-34.42654,-55.28163,88.80712
L,-0.06343487,1.132983,0.3335603,-1.822292,-1.132545,1.805421,-95.20898,-67.36745,67.24121,88.82118
L,-0.07481621,1.124703,0.3432765,-0.7689564,-0.5594072,0.6564534,71.16637,38.72287,-77.62756,88.83598
L,-0.08298308,1.12073,0.3545777,-0.6023907,-0.2930237,0.8335788,12.28593,19.64852,13.06482,88.84954
L,-0.08419582,1.110194,0.3183042,-0.07616439,-0.6617303,-2.278121,33.04913,-23.15626,-195.4272,88.86546
L,-0.08522744,1.104125,0.2996717,-0.03898985,-0.2293469,-0.7042086,1.405,16.3418,59.48552,88.89192
L,-0.05923701,1.098054,0.2255086,1.818803,-0.4248532,-5.189915,130.0078,-13.68147,-313.9085,88.90621
L,-0.04797922,1.096799,0.2067814,0.791196,-0.0882624,-1.316142,-72.22009,23.65556,272.2484,88.92044
L,-0.04306598,1.07718,0.1645602,0.3550101,-1.417534,-3.050726,-31.51696,-96.04755,-125.3337,88.93428
L,-0.03868561,1.063809,0.1368239,0.2987222,-0.911835,-1.891495,-3.83859,34.48644,79.05453,88.94894
L,-0.06136381,1.033249,0.09654805,-1.64316,-2.214267,-2.918207,-140.7001,-94.36839,-74.39097,88.96275
L,-0.07628968,1.01176,0.06685961,-0.8310802,-1.196514,-1.653069,45.21706,56.66906,70.44362,88.98071
L,-0.09845784,0.9741815,0.03742279,-0.9669301,-1.639102,-1.283974,-5.925497,-19.30477,16.09914,89.00363
L,-0.1314591,0.9233855,-0.01734601,-1.15904,-1.784013,-1.923541,-6.747122,-5.089463,-22.46229,89.0321
L,-0.1508471,0.8692931,-0.05156189,-0.7180629,-2.003391,-1.267235,16.33224,-8.124965,24.30725,89.0591
L,-0.161816,0.8375539,-0.07952758,-0.3910032,-1.131391,-0.9968776,11.65852,31.0837,9.637275,89.08716
L,-0.1719121,0.8137083,-0.1094965,-0.6814224,-1.609415,-2.022703,-19.60135,-32.26343,-69.23637,89.10197
L,-0.1777171,0.800206,-0.1251726,-0.216709,-0.5040653,-0.5852174,17.34859,41.26471,53.66396,89.12876
L,-0.1686221,0.7728812,-0.1288286,0.6600784,-1.983121,-0.2653319,63.6336,-107.3437,23.21596,89.14254
L,-0.1672108,0.7586846,-0.1362094,0.1018011,-1.024095,-0.532427,-40.27216,69.18072,-19.2673,89.1564
L,-0.1725315,0.7654184,-0.131709,-0.3294258,0.4169151,0.2786382,-26.699,89.21877,50.21632,89.17255
L,-0.1772882,0.7674624,-0.1309304,-0.1862746,0.08004603,0.03048906,5.605953,-13.19215,-9.717776,89.19809
L,-0.1878061,0.7623405,-0.1372218,-0.7364314,-0.3586155,-0.4405048,-38.52038,-30.7138,-32.97762,89.21237
L,-0.1908917,0.7642811,-0.1225318,-0.2070872,0.1302363,0.9858941,35.52596,32.80839,95.73013,89.22727
L,-0.193999,0.7632018,-0.1139637,-0.1178135,-0.0409224,0.3248572,3.38481,-6.489476,-25.06318,89.25365
L,-0.2015278,0.7785135,-0.1048792,-0.5136963,1.044736,0.6198452,-27.01153,74.07568,20.12737,89.2683
L,-0.2056318,0.7820051,-0.103427,-0.267756,0.227803,0.09474941,16.04573,-53.29866,-34.25852,89.28363
L,-0.2112498,0.7840967,-0.1026434,-0.2136881,0.07955328,0.02980528,2.056528,-5.638824,-2.470214,89.30992
L,-0.2187335,0.7907916,-0.104102,-0.5012286,0.4484024,-0.09769617,-19.25831,24.70403,-8.539535,89.32485
L,-0.2221307,0.7962211,-0.1058187,-0.131661,0.2104247,-0.06653099,14.32288,-9.223008,1.207831,89.35065
L,-0.2350193,0.8065984,-0.1057159,-0.8933527,0.7192871,0.007128235,-52.79559,35.27108,5.105586,89.36508
L,-0.2410002,0.8105116,-0.1064564,-0.4143392,0.2710962,-0.0513005,33.1846,-31.0493,-4.047765,89.37952
L,-0.2436775,0.7991711,-0.1070562,-0.09941019,-0.4210849,-0.0222731,11.69359,-25.70129,1.077813,89.40645
L,-0.249012,0.7901633,-0.115532,-0.3476864,-0.5871068,-0.5524284,-16.18203,-10.8209,-34.55421,89.42179
L,-0.2519188,0.7893467,-0.1220259,-0.1097678,-0.03083585,-0.2452219,8.984288,21.00592,11.60074,89.44827
L,-0.2545047,0.7689667,-0.1272134,-0.170408,-1.343012,-0.3418514,-3.996094,-86.47034,-6.367735,89.46345
L,-0.2568426,0.7614038,-0.1300694,-0.1526064,-0.493666,-0.1864213,1.161997,55.44096,10.14568,89.47877
L,-0.2593403,0.7551796,-0.132717,-0.1014814,-0.2528867,-0.107572,2.077203,9.782832,3.203637,89.50338
L,-0.249134,0.7552256,-0.1342222,0.6468848,0.002912687,-0.0954009,47.43223,16.21283,0.7714183,89.51916
L,-0.2460387,0.7567433,-0.1334036,0.1186625,0.05818359,0.03138196,-20.25012,2.118885,4.860393,89.54524
L,-0.2445046,0.7626691,-0.1321166,0.1005903,0.3885497,0.08438692,-1.184969,21.66171,3.475471,89.56049
L,-0.2449231,0.7684088,-0.1313031,-0.02809918,0.385406,0.05462046,-8.641184,-0.2110956,-1.998745,89.57539
L,-0.2454168,0.7717361,-0.1310749,-0.0195342,0.1316382,0.009028708,0.338856,-10.0398,-1.803743,89.60066
L,-0.2466777,0.7720982,-0.1309424,-0.08625147,0.02476677,0.009062256,-4.564074,-7.310985,0.002294998,89.61528
L,-0.2484422,0.7743931,-0.1330849,-0.06484134,0.08432988,-0.07872457,0.7867308,2.18869,-3.225791,89.64249
L,-0.2568449,0.7728952,-0.1370573,-0.5428061,-0.09676488,-0.2566198,-30.87619,-11.6986,-11.49191,89.65797
L,-0.2630917,0.7692558,-0.1389045,-0.2385043,-0.1389546,-0.07052585,11.61825,-1.610805,7.105072,89.68417
L,-0.2631043,0.7667594,-0.1379144,-0.0008387654,-0.1672818,0.06634734,15.92602,-1.898208,9.171903,89.69909
L,-0.2634388,0.7656721,-0.1377018,-0.01232258,-0.04005498,0.00783281,-0.4230486,4.686866,-2.155598,89.72623
L,-0.2613897,0.7660763,-0.1352246,0.1418776,0.02798963,0.1715211,10.67687,4.711434,11.33384,89.74068
L,-0.2601827,0.7662365,-0.1335802,0.07025006,0.009321575,0.09570833,-4.168899,-1.086527,-4.412493,89.75786
L,-0.2584398,0.765825,-0.1313713,0.07305449,-0.01724646,0.09259137,0.1175513,-1.113631,-0.1306511,89.78172
L,-0.2587676,0.7668917,-0.1280542,-0.02034135,0.0661991,0.2058586,-5.796203,5.178682,7.029435,89.79783
L,-0.2608546,0.7687014,-0.1261319,-0.08321964,0.07216401,0.07665198,-2.507327,0.2378561,-5.152228,89.82291
L,-0.2633432,0.7690827,-0.1224856,-0.1735019,0.02657912,0.2542169,-6.294403,-3.17814,12.37967,89.83725
L,-0.2645524,0.7692199,-0.1207571,-0.08562517,0.009720253,0.1224032,6.22268,-1.193801,-9.333917,89.85137
L,-0.266205,0.770173,-0.1200151,-0.1194141,0.06886542,0.05361296,-2.441446,4.273581,-4.970494,89.86521
L,-0.2677704,0.7710133,-0.1192594,-0.1075929,0.05775187,0.05194114,0.8124943,-0.763857,-0.1149074,89.87976
L,-0.2692481,0.7717505,-0.1184941,-0.0918367,0.04581926,0.04756077,0.9792315,-0.7415985,-0.2722352,89.89585
L,-0.2682881,0.7731508,-0.1171162,0.03733656,0.05446263,0.05359039,5.024035,0.3361734,0.2345145,89.92156
L,-0.2657328,0.7814921,-0.1009866,0.1756338,0.5733113,1.108623,9.505449,35.66153,72.51453,89.93611
L,-0.2650301,0.7849095,-0.09394473,0.04679957,0.2276105,0.4689996,-8.580567,-23.02423,-42.59994,89.95113
L,-0.2591722,0.7916465,-0.08774686,0.2350195,0.2702857,0.2486585,7.55138,1.712129,-8.840083,89.97605
L,-0.2538492,0.8064552,-0.07311015,0.3383566,0.9413229,0.9303894,6.568676,42.6548,43.33455,89.99178
L,-0.2526472,0.8170993,-0.06232034,0.08558103,0.757821,0.7681919,-17.99664,-13.06462,-11.54783,90.00583
L,-0.2516505,0.8245528,-0.05446772,0.03852684,0.2880995,0.3035269,-1.818781,-18.1561,-17.96065,90.0317
L,-0.2280869,0.8506823,-0.0405172,1.717757,1.904803,1.016976,122.4138,117.8557,52.00953,90.04542
L,-0.2175371,0.863827,-0.03286325,0.7543793,0.9399422,0.5473098,-68.88808,-68.99413,-33.5843,90.0594
L,-0.2093403,0.868423,-0.01733826,0.5581138,0.3129383,1.057087,-13.36359,-42.69229,34.71037,90.07409
L,-0.202344,0.8735103,-0.004273336,0.4481992,0.3259027,0.8369723,-7.041409,0.8305306,-14.10109,90.0897
L,-0.1980714,0.8839028,0.00282645,0.1650509,0.401463,0.2742656,-10.93806,2.918906,-21.73743,90.11559
L,-0.1866421,0.9026784,0.01863516,0.7531766,1.237282,1.041769,38.75657,55.07914,50.5773,90.13076
L,-0.1782489,0.9145217,0.02972151,0.294225,0.415172,0.3886358,-16.08871,-28.81935,-22.89583,90.15929
L,-0.166695,0.9645669,0.02347085,0.4114106,1.781997,-0.2225715,4.172709,48.66952,-21.7637,90.18737
L,-0.1479213,1.012918,0.05756556,0.7006558,1.804532,1.272455,10.79497,0.8410227,55.79615,90.21416
L,-0.130598,1.055744,0.09721464,0.6275848,1.551492,1.436397,-2.647198,-9.167077,5.939253,90.24177
L,-0.1095971,1.093287,0.1544608,0.7837768,1.401142,2.136495,5.829271,-5.611208,26.12849,90.26856
L,-0.09632043,1.115548,0.2235882,0.4821843,0.808452,2.510576,-10.95326,-21.52539,13.5859,90.2961
L,-0.09234793,1.133826,0.2918757,0.2379724,1.094993,4.090754,-14.6295,17.16519,94.66048,90.31279
L,-0.08836787,1.146443,0.3290679,0.1650867,0.5233188,1.54268,-3.02319,-23.71216,-105.6903,90.3369
L,-0.1170382,1.145449,0.350129,-1.747849,-0.06061047,1.283959,-116.6197,-35.5985,-15.77257,90.3533
L,-0.1424385,1.127646,0.3518061,-0.9973837,-0.6990432,0.06585624,29.46824,-25.0691,-47.83078,90.37877
L,-0.1636784,1.104792,0.3282672,-1.368038,-1.472052,-1.516118,-23.87341,-49.78858,-101.8932,90.39429
L,-0.1679221,1.096872,0.3168578,-0.1617431,-0.3018365,-0.4348489,45.976,44.60088,41.21086,90.42053
L,-0.1421625,1.090965,0.249188,0.9189879,-0.2107291,-2.414157,38.55568,3.250306,-70.61292,90.44856
L,-0.1192647,1.079686,0.1983055,1.510452,-0.744063,-3.356457,39.01577,-35.18124,-62.15856,90.46372
L,-0.1050928,1.07223,0.1791322,0.5265106,-0.2769939,-0.7123237,-36.55531,17.35252,98.23463,90.49064
L,-0.09645599,1.034114,0.1148739,0.3050522,-1.346264,-2.269596,-7.821879,-37.76646,-55.00264,90.51895
L,-0.1166535,0.9904919,0.04208381,-0.723906,-1.563461,-2.608897,-36.8793,-7.784668,-12.16102,90.54685
L,-0.141429,0.9398091,-0.01652046,-0.8046038,-1.64596,-1.903216,-2.620718,-2.6792,22.9175,90.57764
L,-0.1583738,0.8893303,-0.06669278,-0.6645698,-1.979758,-1.96774,5.49208,-13.09144,-2.530609,90.60314
L,-0.1706565,0.8330989,-0.09339105,-0.4619547,-2.114883,-1.00413,7.620421,-5.082088,36.24167,90.62973
L,-0.1838439,0.7828093,-0.1148058,-0.9068751,-3.458318,-1.472649,-30.59633,-92.38549,-32.21914,90.64427
L,-0.1898701,0.7611558,-0.1285084,-0.4034031,-1.449522,-0.9172775,33.70331,134.4724,37.17757,90.65921
L,-0.1909312,0.7528306,-0.1347211,-0.04170141,-0.3271973,-0.2441717,14.21558,44.10955,26.45437,90.68465
L,-0.1805965,0.7268118,-0.1323552,0.6803555,-1.71288,0.1557526,47.53463,-91.22259,26.32792,90.69984
L,-0.168325,0.7116383,-0.1241145,0.4624633,-0.5718287,0.3105589,-8.211494,43.00168,5.834034,90.72638
L,-0.1672886,0.723404,-0.1079001,0.03709711,0.4211262,0.580352,-15.2249,35.5403,9.656558,90.75432
L,-0.1765074,0.7225175,-0.095641,-0.3326921,-0.03199425,0.4424086,-13.34499,-16.35226,-4.978116,90.78203
L,-0.1830595,0.7245237,-0.09615463,-0.4247216,0.1300499,-0.03329489,-5.965622,10.50418,-30.8365,90.79745
L,-0.1867084,0.7304565,-0.09995618,-0.1375128,0.223584,-0.1432652,10.82376,3.524926,-4.144344,90.82399
L,-0.1983677,0.7628779,-0.1079489,-0.8017927,2.229555,-0.5496413,-45.68127,137.9468,-27.94571,90.83853
L,-0.2033059,0.7752532,-0.1119749,-0.3317569,0.8313966,-0.2704798,31.57792,-93.931,18.75462,90.85342
L,-0.2161006,0.7793488,-0.1115459,-0.5021046,0.1607246,0.01683693,-6.684971,-26.31926,11.2752,90.8789
L,-0.2348405,0.7821577,-0.1141582,-1.201107,0.1800351,-0.1674325,-44.80178,1.237685,-11.81054,90.8945
L,-0.2429559,0.782295,-0.1166552,-0.3102091,0.005247065,-0.09544767,34.05417,-6.681196,2.751587,90.92066
L,-0.2538359,0.783619,-0.120472,-0.7481985,0.09105293,-0.2624709,-30.1197,5.900706,-11.48587,90.9352
L,-0.2596902,0.784335,-0.1228404,-0.4136561,0.05058962,-0.1673539,23.63835,-2.859087,6.720853,90.94936
L,-0.2652169,0.7849717,-0.1251258,-0.3960626,0.04562346,-0.1637785,1.260807,-0.3558908,0.2562246,90.96331
L,-0.2721767,0.7814828,-0.1245594,-0.4821493,-0.2416961,0.03924419,-5.963828,-19.90462,14.06479,90.97775
L,-0.2787122,0.7791293,-0.1248176,-0.2461589,-0.08864494,-0.00972718,8.888433,5.764576,-1.844476,91.0043
L,-0.2752588,0.7670094,-0.1365306,0.2218884,-0.7787148,-0.7525692,30.07249,-44.33767,-47.72833,91.01986
L,-0.2711664,0.7695976,-0.1360375,0.1571633,0.09939706,0.01893781,-2.485686,33.72279,29.62876,91.0459
L,-0.2657952,0.7689511,-0.1362112,0.1904804,-0.02292597,-0.006160059,1.181531,-4.337966,-0.890051,91.0741
L,-0.2592406,0.7524624,-0.1381215,0.2308834,-0.5808145,-0.06729227,1.423194,-19.65159,-2.153378,91.10249
L,-0.2508373,0.740907,-0.1383636,0.2929376,-0.4028175,-0.008438954,2.163182,6.204902,2.051601,91.13117
L,-0.2455549,0.7365501,-0.1378733,0.1930218,-0.1592034,0.01791572,-3.651007,8.901865,0.9630219,91.15854
L,-0.2396255,0.7483423,-0.1318564,0.219789,0.4371133,0.2230335,0.9922029,22.10419,7.603281,91.18552
L,-0.2357145,0.7574034,-0.1282,0.1453035,0.3366373,0.1358435,-2.767278,-3.73288,-3.239277,91.21243
L,-0.2328648,0.7650968,-0.127108,0.1951492,0.5268499,0.07478204,3.413466,13.02589,-4.18153,91.22704
L,-0.2313121,0.7703216,-0.1270163,0.1062149,0.3574219,0.006272222,-6.083923,-11.59043,-4.686701,91.24165
L,-0.2321552,0.7698919,-0.1266831,-0.03152584,-0.01607079,0.01245988,-5.150915,-13.96703,0.2313919,91.26839
L,-0.2330832,0.7694931,-0.1261894,-0.06012594,-0.0258357,0.03198858,-1.853026,-0.6326773,1.265282,91.28383
L,-0.2336659,0.7693338,-0.1257859,-0.02228146,-0.006091835,0.01542502,1.44701,0.7549207,-0.6333194,91.30998
L,-0.2388573,0.7593395,-0.1309737,-0.1870378,-0.3600815,-0.1869062,-5.935936,-12.75375,-7.289708,91.33774
L,-0.2416116,0.7560607,-0.1324296,-0.148505,-0.1767823,-0.0785002,2.077567,9.882927,5.844917,91.35629
L,-0.2422636,0.7563323,-0.1320117,-0.02833456,0.01180423,0.01816031,5.222473,8.195762,4.200758,91.3793
L,-0.2431111,0.7517941,-0.1297572,-0.05545685,-0.2969686,0.1475297,-1.774825,-20.20543,8.465653,91.39458
L,-0.2436037,0.7491933,-0.1285056,-0.01867273,-0.09858029,0.04744094,1.394265,7.519709,-3.793762,91.42096
L,-0.2533616,0.7483585,-0.1239736,-0.6724418,-0.0575299,0.3123147,-45.05301,2.828894,18.25317,91.43547
L,-0.2573364,0.7477606,-0.1219546,-0.2555117,-0.03843413,0.1297875,26.80131,1.227524,-11.7333,91.45103
L,-0.2576486,0.7490022,-0.1194842,-0.01224223,0.04867914,0.09685905,9.538083,3.415528,-1.291055,91.47653
L,-0.2539061,0.7529822,-0.1148282,0.2392912,0.2544741,0.2976929,16.08243,13.15803,12.84083,91.49217
L,-0.2492688,0.7564648,-0.1116497,0.1730192,0.1299392,0.1185902,-2.472645,-4.646464,-6.682423,91.51897
L,-0.2429637,0.7686068,-0.1011009,0.2321393,0.4470418,0.3883852,2.176684,11.67507,9.933307,91.54613
L,-0.2386198,0.7833087,-0.08867204,0.3091016,1.04615,0.8844083,5.47644,42.63099,35.29573,91.56019
L,-0.23681,0.7896714,-0.08302635,0.1272601,0.4474123,0.3969915,-12.78666,-42.10178,-34.27398,91.57441
L,-0.2361315,0.7951037,-0.07567257,0.05024387,0.4022687,0.5445622,-5.703207,-3.342973,10.9279,91.58791
L,-0.235366,0.80007,-0.06924497,0.05568466,0.3612349,0.4675236,0.3957465,-2.984674,-5.60355,91.60166
L,-0.2345383,0.8047453,-0.06343906,0.05773828,0.3261334,0.4049985,0.1432533,-2.448547,-4.361516,91.616
L,-0.2345472,0.8166361,-0.06224158,-0.0006123256,0.8130175,0.08187588,-3.989635,33.28997,-22.09303,91.63062
L,-0.2343024,0.8265959,-0.06019993,0.009251585,0.3763175,0.07714154,0.372696,-16.50019,-0.1788813,91.65709
L,-0.2255718,0.8635329,-0.04818913,0.5681877,2.403876,0.7816679,36.37581,131.9544,45.85089,91.67245
L,-0.2217615,0.8829806,-0.04180263,0.2738059,1.397508,0.4589316,-21.15418,-72.31725,-23.19172,91.68637
L,-0.2116095,0.8942209,-0.03380606,0.7376068,0.8166748,0.5810011,33.69807,-42.20121,8.869119,91.70013
L,-0.20358,0.9048466,-0.02668105,0.562805,0.7447777,0.4994065,-12.2522,-5.039405,-5.719128,91.7144
L,-0.1947636,0.9082223,-0.01617242,0.3406792,0.1304402,0.4060693,-8.583275,-23.73893,-3.606688,91.74028
L,-0.1847953,0.9364872,-0.01799731,0.6794437,1.926543,-0.1243851,23.09024,122.4227,-36.15586,91.75495
L,-0.1794482,0.9529901,-0.01697138,0.3331053,1.028072,0.06391182,-21.5757,-55.9717,11.73026,91.771
L,-0.1749012,0.9660801,-0.01520881,0.1808193,0.5205529,0.07009213,-6.055955,-20.18249,0.2457726,91.79615
L,-0.1714531,0.9848482,-0.002373405,0.2264255,1.232449,0.842867,2.994837,46.74834,50.74607,91.81138
L,-0.1684505,0.9950561,0.008159634,0.1132537,0.385027,0.3972911,-4.268678,-31.96355,-16.80648,91.83789
L,-0.1624252,1.012363,0.03713401,0.430146,1.235562,2.06848,22.62293,60.71969,119.3061,91.8519
L,-0.1586272,1.023256,0.06528966,0.2820523,0.8088793,2.090888,-10.9977,-31.68623,1.664093,91.86536
L,-0.1551671,1.033068,0.08395558,0.2364564,0.6705797,1.275589,-3.115922,-9.451093,-55.71582,91.88
L,-0.1447725,1.045416,0.1118133,0.7585955,0.9011171,2.033055,38.10568,16.82461,55.27988,91.8937
L,-0.136073,1.057275,0.1355753,0.6460395,0.8807188,1.764611,-8.358601,-1.514811,-19.93516,91.90717
L,-0.1285591,1.068784,0.1563825,0.5725961,0.8769985,1.585606,-5.596734,-0.2835029,-13.641,91.92029
L,-0.1215567,1.077249,0.1924842,0.5026377,0.607655,2.591408,-5.021679,-19.33373,72.19745,91.93422
L,-0.1150644,1.086288,0.2236584,0.4402281,0.6128832,2.113845,-4.231841,0.3545048,-32.3824,91.94897
L,-0.1166724,1.088972,0.2620235,-0.1094896,0.1827841,2.612257,-37.42993,-29.28517,33.93651,91.96365
L,-0.1164667,1.093623,0.2955134,0.0141676,0.320292,2.306666,8.51708,9.471063,-21.04798,91.97817
L,-0.1338362,1.086733,0.2931128,-1.346334,-0.5340405,-0.1860747,-105.4545,-66.22062,-193.2162,91.99107
L,-0.1450804,1.084059,0.2962775,-0.846531,-0.2012942,0.2382611,37.62788,25.05096,31.94632,92.00436
L,-0.152925,1.084005,0.3035946,-0.5740911,-0.003986949,0.5354943,19.93816,14.43967,21.75263,92.01802
L,-0.1690239,1.068966,0.2931615,-1.144317,-1.06894,-0.741588,-40.53182,-75.69713,-90.77534,92.03209
L,-0.1806128,1.059794,0.2899511,-0.8434051,-0.6675024,-0.2336484,21.89959,29.21555,36.9665,92.04583
L,-0.1845679,1.057654,0.2692152,-0.2763339,-0.1495286,-1.448769,39.62002,36.18969,-84.8978,92.06014
L,-0.1883997,1.056592,0.2578291,-0.2741497,-0.07601836,-0.8146301,0.1562713,5.259351,45.37001,92.07412
L,-0.1921006,1.056226,0.2514685,-0.2697909,-0.02661812,-0.4636814,0.317751,3.601217,25.58373,92.08784
L,-0.1671913,1.061813,0.2334085,1.707585,0.3829596,-1.238057,135.5537,28.0775,-53.08519,92.10242
L,-0.1492255,1.06623,0.2219342,1.111809,0.2733637,-0.7100827,-36.8695,-6.782318,32.67356,92.11858
L,-0.1216605,1.055572,0.1711882,1.048463,-0.4053976,-1.930175,-2.409406,-25.81735,-46.40741,92.14487
L,-0.114405,1.002823,0.0582988,0.5157245,-3.749373,-8.024205,-37.8672,-237.6906,-433.1653,92.15894
L,-0.110759,0.9866882,0.02078083,0.1971504,-0.87247,-2.028695,-17.22613,155.5616,324.1929,92.17744
L,-0.107553,0.9726477,-0.01099208,0.1469293,-0.6434686,-1.456133,-2.301602,10.49499,26.24016,92.19926
L,-0.1295595,0.8858876,-0.05809948,-1.642623,-6.475975,-3.516208,-133.5764,-435.3521,-153.7689,92.21265
L,-0.1285888,0.8606005,-0.07829296,0.06945428,-1.809186,-1.44476,122.492,333.8894,148.2035,92.22663
L,-0.1276674,0.834037,-0.09904281,0.05984421,-1.725339,-1.347733,-0.6241872,5.446002,6.302047,92.24203
L,-0.1330656,0.8104753,-0.0997147,-0.4024793,-1.756697,-0.05009466,-34.46966,-2.337964,96.74859,92.25544
L,-0.1367274,0.7884318,-0.1058589,-0.2531419,-1.523887,-0.4247558,10.32382,16.09437,-25.90062,92.26991
L,-0.1392989,0.767712,-0.1151483,-0.186832,-1.505426,-0.6749313,4.817832,1.341264,-18.17684,92.28367
L,-0.1348105,0.754811,-0.1170605,0.3501814,-1.006524,-0.1491856,41.89727,38.92385,41.01818,92.29649
L,-0.1315584,0.7400715,-0.1227222,0.2519197,-1.141802,-0.4385862,-7.611915,-10.47942,-22.41863,92.30939
L,-0.1253458,0.7436998,-0.1122799,0.4493934,0.2624517,0.7553495,14.28437,101.5775,86.36399,92.32322
L,-0.1205849,0.7416191,-0.1078607,0.3298247,-0.1441431,0.3061451,-8.283354,-28.16765,-31.11951,92.33765
L,-0.1167942,0.7359992,-0.1074942,0.2706152,-0.4012076,0.02616294,-4.22696,-18.35183,-19.98792,92.35166
L,-0.1180239,0.7504226,-0.09306896,-0.08788636,1.030811,1.030943,-25.62133,102.3433,71.80943,92.36565
L,-0.1184619,0.7578797,-0.08429681,-0.03099848,0.5277614,0.6208333,4.026139,-35.60245,-29.02477,92.37978
L,-0.1286233,0.7552019,-0.07797299,-0.7114717,-0.1874875,0.4427751,-47.64476,-50.07965,-12.46712,92.39407
L,-0.1356231,0.7509593,-0.07441492,-0.4986264,-0.3022249,0.2534588,15.16198,-8.173293,-13.4859,92.4081
L,-0.1407497,0.7458213,-0.07259875,-0.3817938,-0.3826394,0.135255,8.700848,-5.988688,-8.80296,92.42153
L,-0.1508009,0.743861,-0.07368712,-0.7037552,-0.1372571,-0.07620474,-22.5428,17.18095,-14.8058,92.43581
L,-0.1583493,0.7405341,-0.07495415,-0.5490481,-0.2419837,-0.09215997,11.25292,-7.617496,-1.160535,92.44956
L,-0.1714252,0.7601709,-0.07914381,-0.9564046,1.436292,-0.3064439,-29.79521,122.7539,-15.67334,92.46323
L,-0.1815427,0.7734547,-0.08263072,-0.7145081,0.9381104,-0.2462479,17.0829,-35.18196,4.251082,92.47739
L,-0.1939455,0.7835369,-0.08407322,-0.8932199,0.7260946,-0.1038848,-12.87039,-15.26886,10.25265,92.49128
L,-0.2041442,0.7904928,-0.08566538,-0.7328759,0.4998458,-0.1144125,11.52226,-16.25816,-0.7565206,92.5052
L,-0.213057,0.7954826,-0.08735447,-0.6376697,0.3569997,-0.1208475,6.811604,-10.22005,-0.4603932,92.51917
L,-0.2135234,0.803751,-0.08945978,-0.0335558,0.5948177,-0.1514524,43.45907,17.10828,-2.201674,92.53307
L,-0.2155872,0.8101382,-0.09150624,-0.1519652,0.4703301,-0.1506935,-8.719189,-9.166766,0.05588461,92.54665
L,-0.2164655,0.8057157,-0.09099681,-0.05861662,-0.2951446,0.0339982,6.229829,-51.08569,12.32582,92.56164
L,-0.2188085,0.8000202,-0.09069575,-0.1656469,-0.4026556,0.02128369,-7.566707,-7.600686,-0.898876,92.57578
L,-0.2222026,0.7951481,-0.09083583,-0.2433596,-0.3493401,-0.01004396,-5.572186,3.822847,-2.246268,92.58973
L,-0.2200892,0.7906213,-0.09110358,0.1490829,-0.3193454,-0.01888792,27.68473,2.115968,-0.6238943,92.6039
L,-0.2194628,0.7873462,-0.09158492,0.04521764,-0.2363797,-0.03474164,-7.496603,5.988146,-1.144262,92.61776
L,-0.2259454,0.7834059,-0.09204264,-0.247436,-0.1503986,-0.01747063,-11.17027,3.281806,0.6592155,92.64396
L,-0.2368192,0.7733649,-0.09873149,-0.3879287,-0.3582182,-0.2386284,-5.012154,-7.414082,-7.889926,92.67199
L,-0.245039,0.7647359,-0.1059229,-0.5861745,-0.6153555,-0.5128345,-14.13736,-18.33705,-19.55427,92.68601
L,-0.248833,0.7616845,-0.108199,-0.2685125,-0.2159574,-0.1610869,22.48196,28.26669,24.89431,92.70014
L,-0.2523704,0.7591034,-0.1101885,-0.2309035,-0.1684784,-0.1298634,2.454922,3.099186,2.038115,92.71546
L,-0.2537815,0.756806,-0.1128006,-0.05544275,-0.09026763,-0.102631,6.893884,3.072916,1.069965,92.74091
L,-0.2592927,0.7552441,-0.1182855,-0.364828,-0.1033894,-0.3630919,-20.48068,-0.8686321,-17.24198,92.75602
L,-0.263497,0.7554122,-0.1216969,-0.1610375,0.006435838,-0.1306653,7.805735,4.206607,8.902575,92.78213
L,-0.2513708,0.7738534,-0.1231904,0.8499478,1.29258,-0.1046828,70.86195,90.14841,1.821166,92.79639
L,-0.2475235,0.7812076,-0.124537,0.2596711,0.4963633,-0.0908877,-39.83972,-53.73932,0.9310774,92.81121
L,-0.2461119,0.7825754,-0.1196416,0.05353631,0.05187536,0.185663,-7.817852,-16.85762,10.48844,92.83758
L,-0.2466024,0.7787201,-0.1175171,-0.03250107,-0.2554743,0.1407805,-5.70126,-20.3665,-2.974134,92.85267
L,-0.249023,0.7703018,-0.1193006,-0.1661138,-0.5776955,-0.1223904,-9.16905,-22.11214,-18.05986,92.86724
L,-0.2508937,0.7643688,-0.1208169,-0.07194584,-0.2281855,-0.05831637,3.621708,13.44219,2.464293,92.89324
L,-0.2427579,0.7594215,-0.1258781,0.505391,-0.3073201,-0.3144022,35.86384,-4.915792,-15.90791,92.90934
L,-0.2397402,0.7572964,-0.128044,0.1190648,-0.0838468,-0.0854554,-15.24279,8.817305,9.033269,92.93468
L,-0.2467299,0.7527409,-0.1383,-0.4580791,-0.2985547,-0.6721396,-37.8237,-14.0711,-38.44894,92.94994
L,-0.2514116,0.7469907,-0.1450677,-0.3288493,-0.4039012,-0.4753734,9.077388,-7.399775,13.8213,92.96418
L,-0.2547444,0.7424143,-0.1504207,-0.1269134,-0.1742719,-0.2038445,7.689757,8.744328,10.33987,92.99044
L,-0.2626325,0.7490504,-0.155111,-0.5390625,0.4534957,-0.3205253,-28.16538,42.90028,-7.973715,93.00507
L,-0.2657161,0.7506476,-0.1577154,-0.2057902,0.1065945,-0.1738092,22.24169,-23.15124,9.791431,93.02006
L,-0.2648829,0.7505519,-0.1573112,0.03227274,-0.003707705,0.01565617,9.220858,-4.272319,7.338537,93.04588
L,-0.2549537,0.7385713,-0.1464687,0.5342519,-0.6446275,0.5833911,27.00961,-34.48548,30.54768,93.06446
L,-0.2515259,0.7337425,-0.1428345,0.1476953,-0.2080611,0.1565916,-16.65573,18.81053,-18.3897,93.08767
L,-0.2555063,0.7319443,-0.1372309,-0.2689232,-0.1214924,0.3785952,-28.14795,5.848829,14.9992,93.10247
L,-0.2570674,0.7305909,-0.1350771,-0.05741223,-0.0497729,0.07920678,7.778665,2.637604,-11.0105,93.12966
L,-0.2579276,0.7301485,-0.1348879,-0.05700202,-0.0293186,0.01254029,0.02718231,1.355403,-4.417649,93.14475
L,-0.2583869,0.7296914,-0.1347465,-0.01736963,-0.01728623,0.005347145,1.498759,0.4550223,-0.2720195,93.1712
L,-0.2583904,0.7303917,-0.13422,-0.0002219025,0.04495057,0.03379519,1.100679,3.994859,1.826024,93.18678
L,-0.2595603,0.7324495,-0.1331797,-0.04491615,0.07900602,0.03993952,-1.715924,1.307474,0.2358963,93.21282
L,-0.2592163,0.7378911,-0.1296465,0.02450535,0.3876274,0.2516856,4.945225,21.98458,15.08369,93.22686
L,-0.2576837,0.7416074,-0.1269797,0.1048429,0.2542324,0.1824357,5.495823,-9.125439,-4.737328,93.24148
L,-0.2567379,0.744053,-0.1250564,0.06615195,0.1710496,0.1345176,-2.706134,-5.818007,-3.351509,93.25578
L,-0.2546504,0.7510257,-0.117828,0.142065,0.4745181,0.4919193,5.166187,20.65225,24.32261,93.27047
L,-0.2531398,0.7563238,-0.1122327,0.05927793,0.2079131,0.2195792,-3.248822,-10.46241,-10.68747,93.29595
L,-0.2474218,0.7679463,-0.09949434,0.3645286,0.7409487,0.8120825,19.46003,33.98154,37.77266,93.31164
L,-0.2450735,0.773247,-0.09357298,0.08979076,0.202676,0.2264072,-10.50479,-20.58124,-22.39371,93.33779
L,-0.2290356,0.7841284,-0.08141398,1.112232,0.7546296,0.8432297,70.9066,38.27813,42.7768,93.35221
L,-0.219705,0.7939154,-0.07531454,0.6443512,0.6758677,0.4212149,-32.31092,-5.439138,-29.14348,93.36669
L,-0.2132436,0.8010896,-0.07039808,0.2436439,0.2705224,0.1853887,-15.10975,-15.28464,-8.892466,93.39321
L,-0.2068277,0.8220854,-0.05416116,0.4449446,1.456064,1.126034,13.96026,82.21763,65.23401,93.40763
L,-0.2030256,0.8328127,-0.0458648,0.2631191,0.7423731,0.5741401,-12.58302,-49.39012,-38.19316,93.42208
L,-0.1974023,0.8306718,-0.02999479,0.3799291,-0.144644,1.072223,7.89202,-59.92944,33.65194,93.43688
L,-0.1923324,0.8307279,-0.01676725,0.1949876,0.002157149,0.5087326,-7.11287,5.645987,-21.67191,93.46288
L,-0.1758468,0.8466346,0.007525011,1.112665,1.073591,1.639565,61.93707,72.31463,76.32362,93.4777
L,-0.1675409,0.8551396,0.02071686,0.5565807,0.5699251,0.883989,-37.26331,-33.75078,-50.63132,93.49262
L,-0.1543926,0.8763621,0.0225988,0.5123022,0.8268964,0.0733263,-1.72523,10.01241,-31.58597,93.51829
L,-0.1537998,0.9433246,0.02661795,0.0408933,4.619424,0.2772616,-32.52027,261.6285,14.06853,93.53278
L,-0.151692,0.9839538,0.0311161,0.1374475,2.649425,0.2933241,6.296296,-128.4636,1.047435,93.54812
L,-0.1445177,1.006802,0.03962913,0.277553,0.8839309,0.3293448,5.42028,-68.3019,1.393537,93.57397
L,-0.1290561,1.042837,0.06928883,1.014307,2.363981,1.945724,48.33226,97.09367,106.0371,93.58921
L,-0.1182924,1.066294,0.09895503,0.7536386,1.64237,2.077141,-18.25126,-50.52516,9.201406,93.60349
L,-0.1101037,1.085079,0.1187286,0.3169851,0.7271716,0.7654349,-16.90285,-35.4273,-50.7761,93.62933
L,-0.08650452,1.108031,0.1711276,1.599377,1.55552,3.551209,86.9109,56.13921,188.7989,93.64408
L,-0.07391573,1.124693,0.2029266,0.4661125,0.6169094,1.177391,-41.96024,-34.75297,-87.89299,93.67109
L,-0.0808584,1.101867,0.2594522,-0.4443312,-1.460876,3.617639,-58.26839,-132.9783,156.1759,93.68671
L,-0.0870801,1.094085,0.2879436,-0.2303645,-0.2881224,1.05492,7.922328,43.42238,-94.88718,93.71372
L,-0.1032825,1.081611,0.3035119,-1.103788,-0.8497596,1.06059,-59.50173,-38.26139,0.3862152,93.7284
L,-0.1120392,1.076314,0.3040823,-0.3387703,-0.2049375,0.02206547,29.59632,24.94632,-40.17752,93.75425
L,-0.09361641,1.079032,0.2560491,1.244698,0.183634,-3.245258,106.9837,26.25301,-220.7498,93.76905
L,-0.08561239,1.08169,0.2459813,0.5783366,0.1920652,-0.7274572,-48.14846,0.6092006,181.9257,93.78289
L,-0.07112274,1.081559,0.1881133,1.005926,-0.009103549,-4.017417,29.68486,-13.96588,-228.4013,93.79729
L,-0.05952305,1.082413,0.1580221,0.4361429,0.03211059,-1.131413,-21.42359,1.549633,108.5124,93.82389
L,-0.067181,1.036784,0.05473256,-0.50137,-2.987356,-6.762422,-61.37946,-197.6861,-368.6652,93.83916
L,-0.06835857,1.023575,0.02331503,-0.06704895,-0.7521042,-1.788861,24.72951,127.2715,283.1862,93.85673
L,-0.09866377,0.976809,-0.01360171,-1.304916,-2.013703,-1.589603,-53.30146,-54.32334,8.579891,93.87995
L,-0.13007,0.9059058,-0.05436891,-2.130681,-4.810256,-2.765755,-56.02212,-189.7256,-79.79327,93.89469
L,-0.1398778,0.8823388,-0.06886457,-0.3747882,-0.9005786,-0.5539286,67.09866,149.4021,84.52143,93.92086
L,-0.1434164,0.833346,-0.08499959,-0.257679,-3.567544,-1.174917,8.527626,-194.2025,-45.21896,93.93459
L,-0.1462979,0.8135374,-0.09718903,-0.1975292,-1.357929,-0.8356142,4.123413,151.4742,23.25995,93.94918
L,-0.1493021,0.7937853,-0.1102974,-0.2057281,-1.352632,-0.8976701,-0.5614714,0.3627139,-4.249633,93.96378
L,-0.1543253,0.7841218,-0.1093364,-0.3342144,-0.6429529,0.06393906,-8.548705,47.21779,63.97972,93.97881
L,-0.1589385,0.7719232,-0.1130657,-0.332967,-0.8804507,-0.2691656,0.09003519,-17.14169,-24.04223,93.99267
L,-0.1459064,0.7732003,-0.1070778,0.9416442,0.09227708,0.4326629,92.09803,70.28521,50.71117,94.00651
L,-0.1372084,0.7695268,-0.1062182,0.3357075,-0.1417821,0.03317437,-23.38673,-9.033749,-15.41866,94.03242
L,-0.1624609,0.7729995,-0.09404459,-1.838831,0.2528733,0.8864573,-158.3451,28.73793,62.13416,94.04615
L,-0.1712587,0.7692621,-0.09290647,-0.636391,-0.2703461,0.08232659,86.97917,-37.84736,-58.16723,94.05997
L,-0.1751324,0.7793243,-0.09317324,-0.2753419,0.715225,-0.01896247,25.66347,70.05466,-7.199653,94.07404
L,-0.1790738,0.7841085,-0.09500503,-0.2866899,0.3479901,-0.1332385,-0.8254197,-26.71156,-8.312088,94.08779
L,-0.183716,0.7856802,-0.08589098,-0.3169068,0.1072957,0.6221858,-2.062803,-16.4314,51.5703,94.10244
L,-0.1881839,0.7849699,-0.08045621,-0.3078924,-0.0489534,0.3745246,0.6212047,-10.76755,-17.06701,94.11695
L,-0.1988122,0.7926388,-0.08300509,-0.761246,0.5492828,-0.1825612,-32.47102,42.84809,-39.90073,94.13091
L,-0.2076088,0.7969422,-0.08565604,-0.6100457,0.2984416,-0.1838438,10.48578,-17.3959,-0.08895399,94.14533
L,-0.2153258,0.7990032,-0.0883152,-0.5631862,0.150408,-0.1940652,3.4198,-10.80349,-0.7459513,94.15903
L,-0.2203306,0.8122195,-0.09071853,-0.3507959,0.9263578,-0.1684544,14.88686,54.38786,1.795107,94.1733
L,-0.2254979,0.8214132,-0.0931963,-0.2003802,0.3565204,-0.09608451,5.832923,-22.09755,2.806411,94.19909
L,-0.233099,0.822143,-0.09971674,-0.5622388,0.05398208,-0.4823067,-26.7661,-22.37828,-28.56824,94.21261
L,-0.2377899,0.8224003,-0.1030184,-0.3330692,0.01826585,-0.2344295,16.27179,-2.535969,17.60009,94.22669
L,-0.239188,0.8064267,-0.1016711,-0.09863386,-1.12685,0.09504455,16.53816,-80.78183,23.24264,94.24087
L,-0.2416069,0.7952278,-0.1014554,-0.1704522,-0.7891759,0.01520025,-5.060951,23.7955,-5.626534,94.25506
L,-0.2568398,0.7859994,-0.1128346,-1.117921,-0.6772597,-0.8350993,-69.53341,8.213369,-62.40228,94.26868
L,-0.2689013,0.7786633,-0.121588,-0.8782964,-0.5341927,-0.6374034,17.44895,10.41783,14.39577,94.28242
L,-0.2791964,0.772505,-0.1287968,-0.7270424,-0.4349028,-0.5090922,10.68167,7.011917,9.061431,94.29658
L,-0.2785117,0.7734802,-0.1290574,0.04930675,0.07023094,-0.01877146,55.91079,36.37852,35.31171,94.31046
L,-0.2797509,0.7731783,-0.1302278,-0.09043534,-0.02203682,-0.08541115,-10.19837,-6.733697,-4.863362,94.32417
L,-0.2770802,0.7705909,-0.1305104,0.1921245,-0.1861322,-0.02033201,20.32694,-11.80478,4.681698,94.33807
L,-0.2754773,0.767303,-0.13152,0.112472,-0.230703,-0.07084365,-5.588979,-3.1274,-3.544252,94.35232
L,-0.2750869,0.7569189,-0.1323498,0.02362506,-0.6283761,-0.05021046,-5.376428,-24.06455,1.248584,94.36884
L,-0.2759636,0.7486573,-0.1337552,-0.06528986,-0.6152654,-0.1046642,-6.621736,0.9763849,-4.055318,94.38227
L,-0.2776309,0.7416041,-0.1355232,-0.113704,-0.4809931,-0.1205704,-3.301632,9.156787,-1.084734,94.39693
L,-0.277748,0.7351514,-0.1358879,-0.007917312,-0.4364156,-0.02466501,7.154629,3.014891,6.486333,94.41172
L,-0.2787499,0.7300075,-0.1368176,-0.06289474,-0.3229017,-0.05836458,-3.45115,7.125717,-2.115455,94.42765
L,-0.2790477,0.7314803,-0.1369598,-0.01932047,0.0955639,-0.009224164,2.82741,27.15303,3.18858,94.44306
L,-0.2798734,0.7331837,-0.1374599,-0.05630935,0.1161672,-0.03410652,-2.52248,1.405058,-1.696868,94.45773
L,-0.2819735,0.7360836,-0.1373276,-0.1368119,0.1889134,0.008621125,-5.244352,4.739058,2.783498,94.47308
L,-0.2841289,0.7378552,-0.1375277,-0.1398612,0.114952,-0.01298248,-0.1978545,-4.799139,-1.401796,94.48849
L,-0.2788988,0.7439919,-0.1379372,0.1990486,0.2335493,-0.01558587,12.89825,4.513582,-0.09907998,94.51476
L,-0.273143,0.7541787,-0.1403395,0.2028037,0.3589277,-0.08464277,0.1323074,4.417633,-2.433179,94.54314
L,-0.2733847,0.7593645,-0.1425198,-0.01716761,0.3682117,-0.1548111,-15.61868,0.6591955,-4.982179,94.55723
L,-0.2751931,0.7592606,-0.1430733,-0.122808,-0.007059585,-0.03759007,-7.174355,-25.48578,7.960825,94.57195
L,-0.2770649,0.7591375,-0.143793,-0.1176145,-0.007733851,-0.04522243,0.3263348,-0.04236688,-0.4795727,94.58787
L,-0.2766249,0.7593189,-0.1448993,0.01647656,0.006794643,-0.04142857,5.021594,0.5440796,0.1420767,94.61457
L,-0.2764067,0.7585133,-0.1470868,0.01498829,-0.05534673,-0.150276,-0.1022384,-4.268865,-7.477384,94.62913
L,-0.2767475,0.7572259,-0.1482493,-0.02404089,-0.09081506,-0.08200287,-2.7533,-2.502102,4.816304,94.6433
L,-0.2771332,0.7560493,-0.1494415,-0.02209558,-0.06740671,-0.06830047,0.1114403,1.340987,0.7849655,94.66076
L,-0.2772985,0.7563864,-0.1496601,-0.006978143,0.01423566,-0.00923078,0.638361,3.447497,2.494324,94.68444
L,-0.2785909,0.7577551,-0.1505482,-0.092673,0.09813919,-0.06368063,-6.144528,6.016085,-3.904186,94.69839
L,-0.2801769,0.7592436,-0.1515577,-0.109176,0.1024693,-0.06949084,-1.136071,0.298087,-0.3999762,94.71291
L,-0.2816295,0.7605219,-0.152555,-0.1021472,0.08988985,-0.07012599,0.4942496,-0.8845571,-0.04466254,94.72713
L,-0.2819116,0.7600398,-0.152347,-0.0105253,-0.01799411,0.007760224,3.419437,-4.026357,2.906806,94.75393
L,-0.2846774,0.7578695,-0.1509814,-0.1859075,-0.1458814,0.09179588,-11.78856,-8.596126,5.648575,94.76881
L,-0.2864121,0.7566381,-0.1502987,-0.1268834,-0.09006609,0.04993439,4.31719,4.082492,-3.061869,94.78248
L,-0.2878949,0.7556655,-0.1498343,-0.1065567,-0.06988847,0.03336589,1.460669,1.449957,-1.190607,94.79639
L,-0.2922541,0.7599233,-0.1474804,-0.3032714,0.2962198,0.1637681,-13.68566,25.47057,9.072227,94.81077
L,-0.2963527,0.7637424,-0.1454101,-0.2987825,0.2784083,0.1509207,0.3272343,-1.298439,-0.936556,94.82449
L,-0.2991163,0.7583728,-0.1404531,-0.2072301,-0.4026387,0.3716949,6.864961,-51.06762,16.55453,94.83782
L,-0.3016703,0.7542188,-0.1364204,-0.1839307,-0.2991587,0.2904265,1.677967,7.452384,-5.852756,94.85171
L,-0.3038455,0.7512907,-0.1334118,-0.1601694,-0.2156162,0.2215403,1.749686,6.151727,-5.072496,94.86529
L,-0.3021478,0.7446842,-0.1265837,0.1215932,-0.4731814,0.4890593,20.18098,-18.44786,19.16079,94.87925
L,-0.3013669,0.7397555,-0.1212602,0.0524342,-0.3309546,0.3574599,-4.643859,9.550175,-8.836576,94.89414
L,-0.2886803,0.7429754,-0.1155442,0.8863877,0.2249675,0.3993646,58.2665,38.84106,2.927791,94.90845
L,-0.2750966,0.7576183,-0.1112641,0.9697372,1.04536,0.3055556,5.950316,58.56781,-6.697027,94.92246
L,-0.2650418,0.7683802,-0.1075143,0.7225342,0.7733433,0.2694568,-17.76392,-19.54704,-2.594041,94.93638
L,-0.2573024,0.7764339,-0.1040866,0.5679876,0.5910555,0.2515562,-11.34196,-13.37784,-1.313705,94.95
L,-0.2509983,0.7828065,-0.1008585,0.4710884,0.4762017,0.2412276,-7.241029,-8.58273,-0.771824,94.96339
L,-0.2480089,0.7862498,-0.09986819,0.213881,0.2463581,0.07085089,-18.40212,-16.44436,-12.18975,94.97736
L,-0.2397264,0.7971512,-0.09495131,0.601105,0.7911779,0.3568471,28.10311,39.54076,20.75642,94.99114
L,-0.2326278,0.8061473,-0.09056773,0.5286532,0.6699663,0.3264571,-5.395685,-9.026958,-2.263226,95.00457
L,-0.223575,0.8196616,-0.08742593,0.6103727,0.9111851,0.2118322,5.509842,16.2639,-7.728454,95.0194
L,-0.2156916,0.8309954,-0.08430556,0.3046276,0.4379537,0.1205758,-11.81445,-18.28637,-3.526284,95.04528
L,-0.2000121,0.8586705,-0.08156755,1.143015,2.01748,0.1995979,61.1174,115.1456,5.760611,95.059
L,-0.191498,0.8735241,-0.0794164,0.596134,1.04001,0.150617,-38.291,-68.43964,-3.429496,95.07328
L,-0.175953,0.8713767,-0.0567524,1.118284,-0.1544834,1.630415,37.56271,-85.93009,106.4545,95.08718
L,-0.16265,0.8718726,-0.03872137,0.9559466,0.03563596,1.295704,-11.66552,13.66191,-24.05221,95.1011
L,-0.1509539,0.8742089,-0.02415046,0.8331734,0.1664275,1.037956,-8.74572,9.316905,-18.36064,95.11514
L,-0.143364,0.8812442,-0.001513502,0.5192193,0.4812761,1.548576,-21.47734,21.53854,34.93112,95.12975
L,-0.1356276,0.8881001,0.01743237,0.5275897,0.4675468,1.292025,0.5708206,-0.9362765,-17.49563,95.14442
L,-0.1277298,0.8947878,0.03372437,0.5583494,0.4727953,1.151794,2.174614,0.3710516,-9.913928,95.15856
L,-0.1307719,0.9220815,0.0410162,-0.2200521,1.974303,0.5274585,-56.30609,108.6124,-45.16163,95.17239
L,-0.1308012,0.9443513,0.04913236,-0.0021831,1.660378,0.6051199,16.24376,-23.40543,5.790231,95.1858
L,-0.1288716,0.9627962,0.057933,0.1371551,1.311068,0.6255521,9.904198,-24.82908,1.452328,95.19987
L,-0.132104,0.9982506,0.07311314,-0.122027,1.338446,0.5730678,-9.784424,1.033568,-1.981344,95.22636
L,-0.1230818,1.038729,0.1454292,0.5723885,2.568036,4.587902,44.05539,78.00813,254.7107,95.24212
L,-0.1188923,1.048827,0.205163,0.1628485,0.3925295,2.321898,-15.91911,-84.56346,-88.08118,95.26785
L,-0.111088,1.066417,0.2630592,0.5620444,1.266801,4.169539,28.74913,62.96293,133.0627,95.28173
L,-0.1062431,1.078203,0.3013616,0.3349326,0.8147333,2.647879,-15.70042,-31.25181,-105.1936,95.2962
L,-0.1120995,1.068792,0.3174512,-0.4002135,-0.6431097,1.099526,-50.2383,-99.62586,-105.8111,95.31083
L,-0.1225386,1.052794,0.3084807,-0.3898212,-0.5973914,-0.3349782,0.388072,1.707234,-53.5679,95.33761
L,-0.1330098,1.039504,0.3123377,-0.7246439,-0.9197548,0.2669161,-23.17101,-22.30877,41.65337,95.35206
L,-0.1360348,1.037081,0.3211123,-0.1088079,-0.08715525,0.3156162,22.15117,29.94799,1.751708,95.37986
L,-0.1178586,1.032717,0.2315089,1.164413,-0.2795241,-5.740225,81.56578,-12.32364,-387.9527,95.39547
L,-0.1040317,1.034019,0.213687,0.5403463,0.05086743,-0.6964661,-24.38809,12.91147,197.1066,95.42106
L,-0.08895361,1.025259,0.1122748,1.061394,-0.6166672,-7.138722,36.67821,-46.98985,-453.4906,95.43526
L,-0.08169348,1.018054,0.09714425,0.5217103,-0.5177066,-1.087277,-38.78151,7.111272,434.8547,95.44918
L,-0.1007391,0.982552,0.05260979,-1.407187,-2.623093,-3.290429,-142.5166,-155.5565,-162.7799,95.46272
L,-0.1130113,0.9592509,0.02140341,-0.7298259,-1.385719,-1.855845,40.28273,73.58669,85.31477,95.47953
L,-0.1215518,0.9408056,-0.005832466,-0.3321738,-0.7174078,-1.059306,15.46619,25.99315,30.9804,95.50524
L,-0.1296061,0.866357,-0.05670318,-0.5134709,-4.74617,-3.243057,-11.55787,-256.8375,-139.2163,95.52093
L,-0.1286443,0.842374,-0.07674029,0.03792788,-0.9456956,-0.7901039,21.74276,149.8603,96.72488,95.54629
L,-0.1367979,0.7913283,-0.08356875,-0.5458196,-3.417091,-0.4571091,-39.0771,-165.4396,22.29126,95.56123
L,1.543571,1.003733,-0.1285282,5.468771,0.6912722,-0.1463207,19.57453,13.3707,1.011463,95.86849
L,-0.2178214,0.7370235,-0.1187802,-65.69983,-9.948247,0.3636003,-2654.585,-396.8535,19.02002,95.8953
L,-0.2472595,0.7463363,-0.1258557,-0.9169458,0.290078,-0.2203922,2017.876,318.9063,-18.19036,95.92741
L,-0.2550646,0.745267,-0.1310352,-0.3423812,-0.04690376,-0.2272018,25.20392,-14.78209,-0.2987118,95.9502
L,-0.2629564,0.7430537,-0.1341272,-0.2848003,-0.07987593,-0.1115857,2.077988,-1.189903,4.172365,95.97791
L,-0.265159,0.7378986,-0.1354478,-0.1502077,-0.3515503,-0.09005715,9.178623,-18.52701,1.468153,95.99258
L,-0.2664934,0.737224,-0.1361404,-0.09525846,-0.04816432,-0.04944406,3.922826,21.65872,2.899368,96.00658
L,-0.2678395,0.7372725,-0.1368029,-0.05263649,0.001897188,-0.02590746,1.666631,1.957536,0.920343,96.03216
L,-0.2656334,0.7362414,-0.1350384,0.1525106,-0.07128082,0.1219828,14.18198,-5.058855,10.22377,96.04662
L,-0.2626538,0.7353668,-0.13308,0.19724,-0.05789536,0.1296411,2.960993,0.8860906,0.5069691,96.06173
L,-0.2605684,0.7350526,-0.1316621,0.1511835,-0.0227807,0.1027929,-3.338888,2.545658,-1.946376,96.07552
L,-0.2597089,0.7343758,-0.1325351,0.03323423,-0.02616842,-0.03375334,-4.560428,-0.1309839,-5.279467,96.10139
L,-0.2597663,0.7275903,-0.1342432,-0.004131116,-0.4876045,-0.1227471,-2.685061,-33.15863,-6.395057,96.1153
L,-0.2606133,0.7213324,-0.135378,-0.06093064,-0.4501835,-0.08163676,-4.086074,2.692011,2.957414,96.1292
L,-0.2613318,0.7170242,-0.1362359,-0.05272781,-0.31617,-0.06296039,0.6019936,9.835058,1.370632,96.14283
L,-0.2618348,0.7179478,-0.1365534,-0.03412712,0.06265771,-0.02153593,1.26192,25.70068,2.810345,96.15757
L,-0.2624239,0.718882,-0.1369317,-0.04196034,0.06655061,-0.026951,-0.557998,0.2773103,-0.3857413,96.17161
L,-0.2633854,0.7201828,-0.1375616,-0.07048291,0.09535794,-0.04617262,-2.090889,2.111764,-1.409069,96.18525
L,-0.2669223,0.7170917,-0.1393654,-0.2455455,-0.2145996,-0.1252266,-12.15349,-21.51841,-5.488219,96.19965
L,-0.2706406,0.713805,-0.1412983,-0.2578662,-0.2279349,-0.1340515,-0.8544488,-0.9248026,-0.6120153,96.21407
L,-0.2748788,0.7121624,-0.1425085,-0.313143,-0.121358,-0.08941437,-4.084121,7.874433,3.298018,96.22761
L,-0.2782459,0.7107301,-0.1435495,-0.2066125,-0.08789063,-0.0638798,6.537062,2.053668,1.566885,96.2439
L,-0.2810185,0.7094541,-0.1444671,-0.1091978,-0.05025541,-0.03613692,3.836641,1.482248,1.092643,96.26929
L,-0.2868868,0.706162,-0.1440517,-0.4311545,-0.2418722,0.03051429,-23.65444,-14.07825,4.896922,96.28291
L,-0.2909954,0.7051765,-0.1439975,-0.1458612,-0.03498908,0.001925087,10.12838,7.344687,-1.014963,96.31107
L,-0.2949099,0.701196,-0.1452155,-0.2885704,-0.2934345,-0.08979102,-10.52035,-19.05228,-6.7612,96.32464
L,-0.2971288,0.6992068,-0.1458881,-0.1621159,-0.1453325,-0.04913514,9.23893,10.82053,2.970372,96.33833
L,-0.2992275,0.6974407,-0.1465064,-0.1463223,-0.1231341,-0.043109,1.101116,1.547653,0.4201372,96.35267
L,-0.2963181,0.6919217,-0.1435739,0.2095338,-0.3974631,0.2111875,25.6279,-19.75651,18.31382,96.36655
L,-0.2941457,0.6865682,-0.1410182,0.1617831,-0.3986905,0.1903354,-3.556126,-0.09141069,-1.552919,96.37998
L,-0.2935848,0.6890532,-0.1386221,0.04088962,0.1811561,0.1746667,-8.812987,42.27011,-1.142224,96.3937
L,-0.2932432,0.6912124,-0.1362209,0.0117208,0.07408377,0.08239324,-1.000842,-3.673872,-3.166092,96.42284
L,-0.2900987,0.6971316,-0.1283325,0.1994948,0.3755332,0.5004594,11.91283,19.12467,26.52312,96.43861
L,-0.2838562,0.7023337,-0.1208786,0.4261536,0.3551269,0.5088527,15.47324,-1.393066,0.5729777,96.45325
L,-0.2784675,0.7055327,-0.1162356,0.3640746,0.2161324,0.313694,-4.194235,-9.390873,-13.18548,96.46806
L,-0.275021,0.7076064,-0.1128597,0.2236328,0.1345606,0.2190488,-9.112864,-5.292957,-6.141259,96.48347
L,-0.2709045,0.7220773,-0.1045287,0.24217,0.85131,0.4901073,1.09053,42.16597,15.94622,96.50047
L,-0.2675627,0.7330599,-0.09780258,0.1245081,0.409188,0.2505999,-4.38379,-16.47238,-8.923455,96.52731
L,-0.2675264,0.7499841,-0.08541277,0.002284894,1.064434,0.77925,-7.68716,41.21135,33.24915,96.54321
L,-0.2668942,0.7580679,-0.07923452,0.04333649,0.5541645,0.4235334,2.814181,-34.98018,-24.38519,96.55779
L,-0.2576703,0.764774,-0.07409148,0.6403581,0.4655596,0.3570489,41.44746,-6.151278,-4.615601,96.5722
L,-0.2505088,0.7708598,-0.06926693,0.5238168,0.4451381,0.3528813,-8.524165,-1.493687,-0.3048336,96.58587
L,-0.2389593,0.7712623,-0.06136507,0.7584192,0.02642786,0.518894,15.40571,-27.49559,10.90161,96.6011
L,-0.2297519,0.7728091,-0.05442683,0.3621945,0.06084934,0.2729318,-15.58642,1.354049,-9.675499,96.62652
L,-0.2100337,0.7932056,-0.04735515,1.3106,1.355679,0.4700301,63.03725,86.06282,13.10044,96.64156
L,-0.2001612,0.8034992,-0.04280343,0.6711669,0.6997982,0.3094417,-43.47086,-44.58899,-10.91735,96.65627
L,-0.1880545,0.8111371,-0.02980735,0.8205023,0.5176367,0.8807766,10.12084,-12.34554,38.72079,96.67103
L,-0.1776165,0.81827,-0.01894901,0.405494,0.2770983,0.4218213,-16.1221,-9.344355,-17.82934,96.69677
L,-0.1528876,0.8363386,-0.003863431,1.653706,1.208307,1.008825,83.47227,62.27314,39.25496,96.71172
L,-0.1395553,0.8462539,0.004535954,0.9324932,0.6935032,0.5874729,-50.44333,-36.00658,-29.47034,96.72602
L,-0.1341408,0.8721627,0.009239358,0.3661928,1.752278,0.3181035,-38.30037,71.60768,-18.21815,96.74081
L,-0.1280157,0.8934548,0.01437388,0.2359906,0.82034,0.1978225,-5.016422,-35.90562,-4.634177,96.76676
L,-0.128849,0.9387736,0.0235322,-0.05601262,3.04617,0.6155893,-19.62741,149.6123,28.08078,96.78164
L,-0.1290837,0.9736137,0.05340408,-0.01569575,2.329875,1.997636,2.696129,-47.90113,92.42226,96.79659
L,-0.1275983,0.9989105,0.07725488,0.05753119,0.97982,0.9238096,2.836289,-52.29148,-41.59237,96.82241
L,-0.1128069,1.033473,0.1484128,0.9588259,2.240457,4.612669,58.42458,81.71818,239.1227,96.83784
L,-0.1046931,1.055387,0.1934142,0.3047253,0.8229988,1.690092,-24.5657,-53.23468,-109.7616,96.86446
L,-0.1064081,1.058453,0.2587796,-0.1162332,0.2077947,4.429972,-28.5294,-41.69391,185.6885,96.87922
L,-0.1049087,1.065612,0.3015442,0.05426285,0.2590549,1.547558,6.169865,1.85499,-104.3081,96.90685
L,-0.1232303,1.053787,0.3127167,-1.241703,-0.8013589,0.7571823,-87.83086,-71.86689,-53.56571,96.92161
L,-0.1289986,1.046331,0.3144964,-0.2167619,-0.2802062,0.06687997,38.51523,19.58386,-25.94017,96.94822
L,-0.1202064,1.05285,0.2577885,0.5964896,0.442304,-3.847218,55.17314,49.01701,-265.5428,96.96296
L,-0.1161745,1.058069,0.2459001,0.1507329,0.1950852,-0.4444462,-16.66464,-9.242286,127.2128,96.98971
L,-0.1034797,1.047518,0.1699541,0.4596494,-0.3820269,-2.749835,11.18516,-20.89592,-83.4729,97.01733
L,-0.097898,1.036282,0.1282905,0.1957203,-0.3939774,-1.460923,-9.254603,-0.4190399,45.19535,97.04585
L,-0.1123545,0.9995734,0.07466417,-0.9879243,-2.508574,-3.664706,-80.88773,-144.507,-150.6018,97.06048
L,-0.1238805,0.9811867,0.05231436,-0.381501,-0.6085819,-0.7397561,20.072,62.88783,96.8129,97.09069
L,-0.142862,0.9080053,-0.007940564,-0.7784529,-3.001261,-2.471131,-16.2795,-98.1268,-71.00586,97.11507
L,-0.1511131,0.8457477,-0.03126839,-0.2907237,-2.193609,-0.8219422,17.18485,28.45714,58.10818,97.14346
L,-0.1566904,0.7938982,-0.06502692,-0.2059221,-1.914371,-1.246422,3.131019,10.30996,-15.67251,97.17054
L,-0.1530845,0.7530586,-0.09512851,0.1289937,-1.460955,-1.076822,11.98092,16.22002,6.067093,97.19849
L,-0.1455139,0.716291,-0.1230822,0.4864191,-2.362355,-1.796049,22.96493,-57.91583,-46.21103,97.21406
L,-0.143396,0.6980893,-0.1377802,0.08246934,-0.708772,-0.5723402,-15.7298,64.39049,47.6512,97.23974
L,-0.1656829,0.6827459,-0.1261869,-1.475348,-1.0157,0.7674519,-103.1244,-20.31801,88.69153,97.25484
L,-0.17376,0.6709955,-0.1179922,-0.5554489,-0.8080568,0.563535,63.25973,14.27923,-14.02298,97.26939
L,-0.1800691,0.658102,-0.1163598,-0.245676,-0.5020726,0.06356534,12.06255,11.91502,-19.46881,97.29507
L,-0.1867782,0.63131,-0.1075213,-0.4657717,-1.859996,0.6136019,-15.27987,-94.27208,38.18559,97.30947
L,-0.1903744,0.6170452,-0.1068668,-0.2612846,-1.036429,0.04755275,14.85728,59.8373,-41.12705,97.32323
L,-0.1979745,0.6433282,-0.1112536,-0.5026016,1.738124,-0.2901066,-15.95858,183.4845,-22.32981,97.33836
L,-0.204335,0.6590517,-0.115694,-0.2423487,0.5991006,-0.1691909,9.916238,-43.39942,4.607169,97.3646
L,-0.2141606,0.6970634,-0.1262213,-0.6835824,2.644519,-0.7323939,-30.69712,142.302,-39.18267,97.37897
L,-0.2191109,0.7112716,-0.1316161,-0.3414967,0.9801604,-0.3721577,23.59887,-114.8162,24.85099,97.39347
L,-0.2256864,0.723406,-0.1309648,-0.2451244,0.4523517,0.02427963,3.592636,-19.67603,14.77868,97.4203
L,-0.2441996,0.7194712,-0.1252221,-1.292101,-0.274619,0.4008014,-73.07207,-50.73775,26.27874,97.43462
L,-0.2521985,0.717802,-0.1245147,-0.5553133,-0.1158799,0.04910899,51.15057,11.02026,-24.4158,97.44903
L,-0.2535712,0.7168265,-0.1248084,-0.05131939,-0.03647096,-0.01098201,18.84184,2.968708,-2.246505,97.47578
L,-0.2564937,0.717567,-0.124157,-0.1043735,0.02644755,0.02326427,-1.894798,2.247099,1.223087,97.50378
L,-0.2606985,0.7203929,-0.1223197,-0.2916067,0.1959739,0.1274207,-12.98467,11.7567,7.223279,97.5182
L,-0.2608388,0.7282997,-0.122629,-0.009753198,0.5495012,-0.02149473,19.58807,24.56921,-10.34923,97.53259
L,-0.2618394,0.7347376,-0.1232462,-0.06887638,0.4431911,-0.04248868,-4.07006,-7.318423,-1.44523,97.54711
L,-0.2634475,0.7394296,-0.1239487,-0.06127248,0.1787745,-0.0267669,0.2897261,-10.07489,0.5990363,97.57336
L,-0.2635491,0.738785,-0.1239766,-0.007447654,-0.04725077,-0.002049252,3.945709,-16.56912,1.811964,97.587
L,-0.2636065,0.7393302,-0.1248918,-0.003986941,0.03785007,-0.06353553,0.2402557,5.908018,-4.268606,97.6014
L,-0.2640153,0.7402991,-0.1262532,-0.02831825,0.0671206,-0.09431054,-1.685599,2.027773,-2.131999,97.61584
L,-0.2648085,0.7415982,-0.1278775,-0.05560035,0.09105531,-0.1138484,-1.912257,1.677631,-1.369446,97.6301
L,-0.2644212,0.7406644,-0.1277641,0.01485244,-0.03580996,0.004345675,2.701693,-4.864975,4.532455,97.65618
L,-0.2599995,0.7307935,-0.1251101,0.3009131,-0.6717533,0.1806164,19.46757,-43.27849,11.99593,97.67088
L,-0.2585981,0.7272722,-0.1242225,0.1053232,-0.2646484,0.06671198,-14.69975,30.59636,-8.560596,97.68418
L,-0.2583162,0.7279942,-0.1243358,0.01955192,0.05007441,-0.007856419,-5.948258,21.82611,-5.171339,97.6986
L,-0.2581189,0.7286332,-0.1244583,0.01423974,0.04612214,-0.008844451,-0.3834126,-0.2852592,-0.07131239,97.71246
L,-0.2578194,0.7297935,-0.1247109,0.02218176,0.08592426,-0.01870586,0.5881221,2.947425,-0.730257,97.72596
L,-0.2577694,0.729249,-0.1249201,0.003156642,-0.03441418,-0.01321985,-1.202344,-7.605111,0.3467032,97.74178
L,-0.2576811,0.7275226,-0.1255867,0.003419123,-0.06686798,-0.02581946,0.01016666,-1.257029,-0.4880189,97.7676
L,-0.2619195,0.7111281,-0.1315622,-0.2739287,-1.059595,-0.3862025,-17.92531,-64.16113,-23.29198,97.78307
L,-0.2636238,0.7054496,-0.133805,-0.06551044,-0.2182689,-0.08620957,8.011083,32.33852,11.53099,97.80909
L,-0.2652775,0.7027458,-0.1366819,-0.1184448,-0.1936561,-0.2060526,-3.791369,1.762868,-8.58364,97.82305
L,-0.2649114,0.7049083,-0.1373725,0.02132465,0.1259757,-0.04023264,8.142158,18.6199,9.65971,97.84022
L,-0.2646017,0.7071228,-0.1383088,0.01222202,0.08737442,-0.03694299,-0.3591511,-1.523042,0.1297957,97.86556
L,-0.2693243,0.7023491,-0.1391387,-0.341989,-0.345688,-0.06009474,-25.65035,-31.36042,-1.676545,97.87937
L,-0.2727473,0.6987091,-0.1399562,-0.2376378,-0.2527062,-0.05675442,7.244447,6.455142,0.2318979,97.89378
L,-0.2755569,0.6945251,-0.1400712,-0.2061914,-0.3070584,-0.008442399,2.307806,-3.988826,3.54555,97.9074
L,-0.2779027,0.6910531,-0.1403314,-0.1665595,-0.2465212,-0.01847534,2.813996,4.298336,-0.7123711,97.92149
L,-0.2815738,0.6852707,-0.1404639,-0.2389174,-0.3763228,-0.008619352,-4.709088,-8.447544,0.6414317,97.93685
L,-0.2845818,0.6805959,-0.1407295,-0.1186856,-0.1844451,-0.01048056,4.743838,7.570678,-0.07343518,97.9622
L,-0.2853791,0.6799849,-0.1376442,-0.04919595,-0.03770524,0.1903975,4.288203,9.055313,12.39618,97.9784
L,-0.2860733,0.6791965,-0.1364101,-0.02725949,-0.03095978,0.04845892,0.8613704,0.2648715,-5.573449,98.00387
L,-0.2871602,0.6810481,-0.1359003,-0.07793268,0.1327655,0.03654844,-3.633389,11.7395,-0.8540098,98.01781
L,-0.2880868,0.6819534,-0.1355817,-0.06453408,0.0630521,0.02219215,0.9331465,-4.855193,-0.9998447,98.03217
L,-0.2852052,0.694342,-0.1322066,0.2032764,0.8739488,0.2380952,18.8926,57.20444,15.23081,98.04635
L,-0.2833996,0.7031496,-0.1297458,0.1343222,0.655177,0.1830539,-5.129373,-16.27404,-4.09442,98.05979
L,-0.2771142,0.7133169,-0.1217685,0.4340568,0.7021371,0.5508975,20.69906,3.24297,25.40253,98.07427
L,-0.2726243,0.720984,-0.1157516,0.3302425,0.5639424,0.4425615,-7.635886,-10.16468,-7.968476,98.08787
L,-0.2659588,0.7246478,-0.1092583,0.4908181,0.2697814,0.4781426,11.82414,-21.66082,2.620047,98.10145
L,-0.2609035,0.7278905,-0.1040546,0.3577825,0.2294985,0.3682811,-9.415356,-2.85095,-7.775247,98.11558
L,-0.2569044,0.7309151,-0.09968065,0.2761727,0.2088753,0.3020547,-5.635809,-1.424198,-4.573462,98.13006
L,-0.252243,0.7326121,-0.0942195,0.3428578,0.1248203,0.4016861,4.904913,-6.182527,7.328221,98.14365
L,-0.2483393,0.7345448,-0.08950306,0.2855323,0.1413574,0.3449734,-4.192956,1.209576,-4.14813,98.15733
L,-0.2405796,0.744302,-0.08772205,0.5563874,0.6996162,0.1277032,19.42097,40.0285,-15.5788,98.17127
L,-0.2342363,0.752199,-0.08559866,0.4573288,0.5693499,0.1530893,-7.141809,-9.391786,1.830261,98.18514
L,-0.2288585,0.758787,-0.08323184,0.3885771,0.4760242,0.1710169,-4.967708,-6.743324,1.295369,98.19898
L,-0.2259535,0.7599051,-0.07180195,0.2085223,0.08025568,0.8204483,-12.92451,-28.40863,46.6168,98.21291
L,-0.2229178,0.7617725,-0.06259391,0.2227908,0.1370468,0.6757643,1.047142,4.167822,-10.61815,98.22654
L,-0.2198208,0.7733282,-0.05774669,0.2175348,0.8116961,0.3404801,-0.3691909,47.38887,-23.55111,98.24078
L,-0.2166442,0.7828572,-0.0531544,0.2267784,0.680279,0.3278431,0.6599041,-9.381867,-0.9021587,98.25478
L,-0.2115773,0.7954509,-0.04647007,0.376065,0.9346997,0.4961092,11.08001,18.88303,12.48866,98.26826
L,-0.2069561,0.806027,-0.04041285,0.3249522,0.7436838,0.4259287,-3.594131,-13.43178,-4.934925,98.28248
L,-0.2026373,0.8152447,-0.03478025,0.3120596,0.6660307,0.4069881,-0.9315631,-5.610882,-1.368572,98.29632
L,-0.1905057,0.8356627,-0.02580043,0.8449051,1.422012,0.6254001,37.11005,52.65036,15.21132,98.31068
L,-0.1843175,0.8577624,-0.0132514,0.4541453,1.621868,0.9209555,-28.6773,14.66715,21.69039,98.3243
L,-0.1787511,0.8761292,-0.002575863,0.3935241,1.298476,0.7547272,-4.285727,-22.86279,-11.75182,98.33845
L,-0.1734846,0.8920051,0.006825976,0.3767964,1.135857,0.6726626,-1.196801,-11.63471,-5.871384,98.35242
L,-0.1684033,0.9063326,0.0154359,0.3627579,1.022838,0.6146623,-1.002211,-8.068482,-4.140638,98.36643
L,-0.1719605,0.9401491,0.02377672,-0.2474798,2.352653,0.5802801,-42.45492,92.51676,-2.39201,98.38081
L,-0.1732402,0.9684939,0.03175441,-0.04795318,1.062096,0.2989286,7.476373,-48.35789,-10.5424,98.40749
L,-0.1828076,1.032543,0.06902641,-0.6346203,4.248474,2.472326,-38.91479,211.3588,144.1657,98.42257
L,-0.18492,1.072701,0.08905096,-0.07892674,1.500477,0.7481919,20.76279,-102.6754,-64.42008,98.44933
L,-0.1783372,1.106964,0.1309129,0.4714822,2.454073,2.998323,39.42252,68.30041,161.1635,98.46329
L,-0.1705985,1.120797,0.1725488,0.5512642,0.9853431,2.965924,5.683252,-104.6246,-2.307897,98.47733
R,0.07469276,1.327664,0.0003364155,0.01585931,0.06962163,0.04329646,-1.676519,-1.004302,-1.762854,0.05295563
R,0.0746779,1.328733,0.0004047049,-0.001135339,0.08165792,0.005216101,-1.29809,0.9193596,-2.908665,0.06604767
R,0.07426197,1.328995,-0.0005626318,-0.03012799,0.01897106,-0.07006949,-2.100097,-4.540753,-5.453348,0.07985306
R,0.07378168,1.329309,-0.001709081,-0.03749442,0.0245775,-0.08949817,-0.5750637,0.4376701,-1.51671,0.09266281
R,0.07410422,1.329959,-0.001752867,0.02276595,0.04587372,-0.003090501,4.253337,1.503144,6.098883,0.1068306
R,0.07445739,1.330662,-0.001796733,0.02648227,0.05271203,-0.003289299,0.2786649,0.5127635,-0.0149067,0.1201668
R,0.0748426,1.331431,-0.001849545,0.03026085,0.06039294,-0.00414869,0.296833,0.603388,-0.06751096,0.1328964
R,0.07483692,1.331471,-0.001875538,-0.0004371471,0.003061748,-0.001998825,-2.360603,-4.408633,0.1653195,0.1459007
R,0.07473928,1.33186,-0.002143492,-0.00743197,0.02964395,-0.02039558,-0.5324189,2.023334,-1.40029,0.1590385
R,0.07584504,1.33628,-0.002590411,0.07120343,0.2845968,-0.0287785,5.063571,16.41719,-0.5398018,0.1745682
R,0.07691995,1.340532,-0.00301504,0.08050893,0.3184375,-0.03180401,0.6969659,2.534607,-0.226605,0.1879196
R,0.07779041,1.343926,-0.003353382,0.0674706,0.2630747,-0.02622537,-1.010621,-4.291253,0.4324084,0.2008209
R,0.07770577,1.349794,-0.008462274,-0.006735732,0.4670424,-0.4065772,-5.905508,16.23221,-30.26926,0.2133865
R,0.07773192,1.354406,-0.0121759,0.001858354,0.3276972,-0.2638943,0.6107043,-9.902004,10.13919,0.227459
R,0.08394322,1.361786,-0.0122459,0.4491735,0.5336983,-0.005061625,32.34785,14.89709,18.71764,0.2412872
R,0.0885928,1.367696,-0.01252773,0.3216836,0.4088562,-0.01949845,-8.820453,-8.637262,-0.9988197,0.2557411
R,0.09218781,1.372631,-0.01295088,0.254225,0.3490019,-0.02992379,-4.770401,-4.232657,-0.7372376,0.2698822
R,0.09791999,1.370335,-0.02012376,0.4435231,-0.1776214,-0.554996,14.6468,-40.74709,-40.62708,0.2828064
R,0.1025013,1.369486,-0.02544096,0.3112099,-0.05771411,-0.3612002,-8.988111,8.145368,13.16466,0.2975273
R,0.1047483,1.369514,-0.02875844,0.1644896,0.002042027,-0.2428534,-10.74053,4.374396,8.663472,0.3111877
R,0.1067239,1.370059,-0.03135144,0.1415797,0.03908386,-0.1858231,-1.641795,2.654536,4.086981,0.3251419
R,0.1078996,1.37299,-0.03173631,0.08001221,0.19945,-0.026192,-4.189912,10.91355,10.86353,0.3398361
R,0.109339,1.375926,-0.03244158,0.09131521,0.1862748,-0.04474367,0.7170895,-0.8358628,-1.176962,0.3555984
R,0.1076891,1.379448,-0.03612622,-0.1406066,0.3001666,-0.3140137,-19.76492,9.706128,-22.94783,0.3673325
R,0.1067372,1.382916,-0.03965334,-0.07317746,0.2666422,-0.2711476,5.183619,-2.577188,3.29534,0.3803406
R,0.1063888,1.386084,-0.04277747,-0.02506895,0.22792,-0.2248075,3.461806,-2.786387,3.334554,0.3942375
R,0.1048969,1.392648,-0.04472871,-0.1086037,0.4778881,-0.142045,-6.081128,18.19707,6.024909,0.4079742
R,0.1025496,1.39987,-0.04178561,-0.1637865,0.5038678,0.2053542,-3.850365,1.812731,24.23971,0.4223061
R,0.1010556,1.405918,-0.04011118,-0.09849969,0.3987519,0.1103975,4.30446,-6.930459,-6.260644,0.4374733
R,0.1000962,1.411202,-0.03927152,-0.07159012,0.3943478,0.06265678,2.008023,-0.3286387,-3.562465,0.4508743
R,0.0931135,1.414225,-0.04459875,-0.5398061,0.23367,-0.411826,-36.19581,-12.42133,-36.68027,0.46381
R,0.08807327,1.417408,-0.04872953,-0.3448884,0.2178119,-0.2826568,13.33764,-1.085122,8.838662,0.4784241
R,0.08310826,1.417818,-0.05383964,-0.3882896,0.03202379,-0.3996372,-3.394203,-14.52961,-9.148479,0.4912109
R,0.07917285,1.419038,-0.05802604,-0.2821013,0.08750342,-0.3000931,7.611875,3.976935,7.135602,0.5051613
R,0.07588951,1.420787,-0.06162659,-0.2278817,0.1213347,-0.2498979,3.763136,2.348073,3.483817,0.5195694
R,0.07316076,1.42275,-0.06469457,-0.1957647,0.1408645,-0.2201015,2.304123,1.401096,2.137639,0.5335083
R,0.07046868,1.425312,-0.06426746,-0.2007147,0.1910374,0.03184383,-0.3690595,3.740767,18.7844,0.5469208
R,0.06994053,1.427775,-0.06128962,-0.03583105,0.1670468,0.2020251,11.18614,-1.627587,11.54555,0.5616608
R,0.06904152,1.43058,-0.05900132,-0.06550026,0.204367,0.1667216,-2.161647,2.719087,-2.572153,0.575386
R,0.06789062,1.433479,-0.05746507,-0.08129916,0.2047797,0.1085197,-1.11603,0.02915319,-4.111362,0.5895424
R,0.06629748,1.433349,-0.05825716,-0.1179421,-0.009566506,-0.05863925,-2.712713,-15.86828,-12.37496,0.6030502
R,0.06451974,1.433587,-0.05918786,-0.1214235,0.0162031,-0.06356842,-0.2377917,1.760122,-0.3366731,0.617691
R,0.06399043,1.433847,-0.05888409,-0.03978092,0.01958501,0.02282995,6.135928,0.2541704,6.493353,0.6309967
R,0.06335641,1.434299,-0.0586893,-0.04604019,0.03277355,0.01414501,-0.4545233,0.9577,-0.6306663,0.6447678
R,0.06250606,1.435006,-0.05856944,-0.06077211,0.05059808,0.008565689,-1.052859,1.27388,-0.3987418,0.6587601
R,0.06140232,1.436011,-0.05853195,-0.08037245,0.07315104,0.002729764,-1.427253,1.642257,-0.4249591,0.672493
R,0.05995077,1.437457,-0.05898656,-0.1043363,0.1039553,-0.03267669,-1.722509,2.21419,-2.544993,0.6864052
R,0.05918816,1.439693,-0.05900369,-0.05422107,0.1589368,-0.001217856,3.563173,3.909159,2.236708,0.70047
R,0.05828874,1.442019,-0.05910498,-0.06224323,0.1610018,-0.007009698,-0.5551637,0.1429091,-0.4008175,0.71492
R,0.05681156,1.440069,-0.06124846,-0.1107967,-0.1462983,-0.1607729,-3.641773,-23.04918,-11.53308,0.7282524
R,0.05476582,1.437871,-0.06402048,-0.1383233,-0.1486088,-0.1874302,-1.861215,-0.1562248,-1.802439,0.743042
R,0.05490842,1.437635,-0.06487343,0.01064156,-0.01761315,-0.06364808,11.11592,9.775041,9.236763,0.756443
R,0.05491437,1.437561,-0.06553763,0.0004179656,-0.005204143,-0.04669273,-0.7187056,0.8723377,1.19194,0.770668
R,0.05483784,1.437564,-0.06616571,-0.005689598,0.0002127056,-0.04669498,-0.4540729,0.402721,-0.0001670072,0.7841187
R,0.0550257,1.437456,-0.06645782,0.01357791,-0.00778019,-0.02111227,1.392573,-0.5776922,1.849008,0.7979546
R,0.05516123,1.437388,-0.06676231,0.00976321,-0.004869126,-0.02193522,-0.2748008,0.2097054,-0.0592829,0.8118362
R,0.05589494,1.437091,-0.06712388,0.05202513,-0.02105592,-0.02563734,2.996675,-1.147761,-0.2625071,0.8259392
R,0.05673277,1.436776,-0.0676064,0.06038846,-0.0227179,-0.03477927,0.6028033,-0.1197901,-0.6589223,0.8398132
R,0.05753162,1.436499,-0.068139,0.05713836,-0.01979877,-0.03809473,-0.2324672,0.2087944,-0.237143,0.8537941
R,0.05823979,1.436276,-0.06867862,0.05192827,-0.01638112,-0.0395684,-0.3820408,0.2506063,-0.10806,0.8674316
R,0.06017747,1.436936,-0.06873566,0.1358519,0.04628577,-0.003999231,5.883946,4.393621,2.49378,0.8816948
R,0.06477471,1.437282,-0.07063483,0.3346683,0.02515794,-0.1382548,14.47335,-1.538054,-9.773476,0.8954315
R,0.06867488,1.437614,-0.07233765,0.2789649,0.02375512,-0.1217967,-3.984262,-0.1003389,1.177189,0.9094124
R,0.07166265,1.437905,-0.07372314,0.2188389,0.02133976,-0.1014806,-4.403926,-0.1769129,1.488048,0.9230652
R,0.07836895,1.441894,-0.07417263,0.4670605,0.277763,-0.03130448,17.2874,17.85861,4.887423,0.9374237
R,0.08357204,1.444897,-0.07469105,0.3634322,0.2097822,-0.03621114,-7.238353,-4.748406,-0.3427258,0.9517403
R,0.08961894,1.445387,-0.07654603,0.4751667,0.03848172,-0.1457648,8.78014,-13.46085,-8.608767,0.9644661
R,0.09447952,1.445937,-0.07805793,0.3389662,0.03840782,-0.1054365,-9.498315,-0.005153257,2.812402,0.9788055
R,0.1013472,1.444249,-0.08125059,0.4856537,-0.1193772,-0.2257722,10.37315,-11.15792,-8.509649,0.9929466
R,0.1071323,1.443198,-0.08383293,0.410318,-0.07453158,-0.1831557,-5.343296,3.180737,3.022636,1.007046
R,0.1121973,1.442556,-0.08603255,0.3775212,-0.04790127,-0.163952,-2.444544,1.984924,1.43137,1.020462
R,0.1205583,1.443861,-0.0875655,0.5930207,0.09260856,-0.1087261,15.28461,9.965858,3.916976,1.034561
R,0.1277123,1.44488,-0.08906519,0.5167767,0.07355677,-0.108332,-5.507552,-1.376223,0.02846805,1.048405
R,0.1334485,1.443829,-0.08969343,0.409173,-0.07492347,-0.04481346,-7.675555,-10.59135,4.530883,1.062424
R,0.1388141,1.443146,-0.09053288,0.3714156,-0.04727522,-0.05810792,-2.61365,1.913869,-0.9202703,1.07687
R,0.1439006,1.44271,-0.0914959,0.3634186,-0.0311989,-0.06880654,-0.5713729,1.148627,-0.7643985,1.090866
R,0.1525861,1.442059,-0.09212489,0.6268918,-0.04700406,-0.04539832,19.0165,-1.140757,1.689516,1.104721
R,0.1602599,1.441597,-0.09292103,0.5909649,-0.03557396,-0.06131057,-2.76675,0.8802391,-1.225411,1.117706
R,0.1666283,1.442875,-0.09314885,0.4479296,0.08988462,-0.01602433,-10.0606,8.824313,3.185274,1.131924
R,0.1727161,1.443805,-0.09361982,0.4523444,0.06913442,-0.03499515,0.3280386,-1.54182,-1.409605,1.145382
R,0.1784327,1.442632,-0.09818229,0.3951926,-0.08106705,-0.315407,-3.950951,-10.38355,-19.3851,1.159847
R,0.1840973,1.4418,-0.1018032,0.4082896,-0.06002543,-0.2609825,0.9439914,1.516616,3.922756,1.173721
R,0.189729,1.44119,-0.104838,0.4225279,-0.04575701,-0.2276917,1.068258,1.070515,2.497709,1.18705
R,0.1981779,1.440187,-0.1080024,0.5904634,-0.07010631,-0.2211483,11.73641,-1.701685,0.4572916,1.201359
R,0.2059094,1.439411,-0.1108053,0.5397491,-0.05414448,-0.1956761,-3.540467,1.114327,1.778268,1.215683
R,0.2137733,1.440807,-0.1136896,0.5607976,0.09958175,-0.205687,1.50102,10.96257,-0.7139033,1.229706
R,0.2211664,1.44177,-0.116353,0.547004,0.07120555,-0.1970622,-1.020582,-2.099535,0.6381432,1.243221
R,0.2282553,1.442446,-0.1188788,0.5040185,0.04808279,-0.1795884,-3.056245,-1.644017,1.242377,1.257286
R,0.2342551,1.439932,-0.1246361,0.4373783,-0.1832418,-0.4196965,-4.857989,-16.86328,-17.50358,1.271004
R,0.2403674,1.438119,-0.1294204,0.4523751,-0.1341844,-0.3540891,1.109911,3.630744,4.855612,1.284515
R,0.2469492,1.437294,-0.1350078,0.4679607,-0.05871135,-0.3972604,1.108129,5.366102,-3.069461,1.29858
R,0.2534896,1.436604,-0.1398412,0.4348321,-0.04582488,-0.3213428,-2.202501,0.8567363,5.047261,1.313622
R,0.259029,1.433987,-0.1444764,0.4350214,-0.205531,-0.3640115,0.01486903,-12.54224,-3.350909,1.326355
R,0.2647791,1.431944,-0.1487585,0.4049885,-0.1438827,-0.3015915,-2.115248,4.341951,4.396301,1.340553
R,0.2706864,1.430266,-0.1528153,0.4216091,-0.1197846,-0.2895411,1.186224,1.719893,0.8600429,1.354565
R,0.2787686,1.426284,-0.1571035,0.5857582,-0.2885679,-0.3107893,11.89679,-12.23266,-1.539978,1.368362
R,0.286386,1.423129,-0.1612059,0.5153205,-0.2134839,-0.2775292,-4.765113,5.079438,2.250046,1.383144
R,0.2975923,1.424292,-0.1624558,0.8126318,0.08438797,-0.09063148,21.55972,21.60036,13.55301,1.396935
R,0.3076415,1.424784,-0.1643588,0.7718489,0.03779666,-0.1461679,-3.132435,-3.578562,-4.265615,1.409954
R,0.3168913,1.424836,-0.1666746,0.6838096,0.003824732,-0.1712008,-6.508451,-2.511432,-1.8506,1.423481
R,0.3270574,1.416726,-0.1677411,0.7135124,-0.5692185,-0.0748494,2.08471,-40.2195,6.762503,1.437729
R,0.3365628,1.410642,-0.1693725,0.6838081,-0.4376715,-0.1173644,-2.136877,9.463298,-3.058465,1.45163
R,0.3414832,1.407767,-0.1719474,0.353285,-0.2064417,-0.1848776,-23.73176,16.60244,-4.847494,1.465557
R,0.3471582,1.405117,-0.1745871,0.3970322,-0.1854067,-0.1846779,3.060596,1.471636,0.01397159,1.479851
R,0.3588288,1.400995,-0.1771672,0.8498285,-0.3001128,-0.1878743,32.97162,-8.35265,-0.232755,1.493584
R,0.3695305,1.397391,-0.1797973,0.7967574,-0.2683453,-0.1958184,-3.95123,2.365144,-0.5914469,1.507015
R,0.3795121,1.394107,-0.1824592,0.7096831,-0.2335147,-0.1892555,-6.190941,2.476439,0.4666162,1.52108
R,0.3733368,1.377309,-0.1926011,-0.4064285,-1.105534,-0.667496,-73.45769,-57.3926,-31.47574,1.536274
R,0.3580362,1.384167,-0.1864631,-1.187026,0.5320176,0.4761879,-60.55903,127.0419,88.72739,1.549164
R,0.3674779,1.374678,-0.1911629,0.6975959,-0.7010463,-0.3472478,139.2453,-91.10493,-60.83955,1.562698
R,0.3755335,1.36721,-0.1951326,0.5338035,-0.4948812,-0.2630488,-10.85369,13.66152,5.579438,1.577789
R,0.3826628,1.360999,-0.1985874,0.5350433,-0.4661108,-0.2592797,0.0930477,2.159171,0.2828626,1.591114
R,0.3881727,1.355073,-0.2010851,0.4192761,-0.4509706,-0.1900615,-8.809194,1.152077,5.267099,1.604256
R,0.393593,1.349778,-0.2035568,0.379408,-0.3706275,-0.1730161,-2.790706,5.62389,1.193147,1.618542
R,0.4012792,1.34716,-0.2026785,0.5529316,-0.1883576,0.06318498,12.48304,13.11223,16.99196,1.632442
R,0.4083688,1.344164,-0.202667,0.5255961,-0.222073,0.0008517304,-2.02654,-2.499515,-4.621122,1.645931
R,0.4150455,1.340936,-0.2032158,0.4743225,-0.229336,-0.03898628,-3.642564,-0.5159817,-2.830162,1.660007
R,0.4180278,1.336916,-0.2024147,0.2121608,-0.285982,0.05698779,-18.64969,-4.029688,6.827416,1.674065
R,0.4217426,1.332986,-0.2022836,0.2714082,-0.2871551,0.009581635,4.328692,-0.0857067,-3.463556,1.687752
R,0.4240011,1.328049,-0.2012735,0.1548624,-0.3385103,0.06925905,-7.991568,-3.521441,4.092094,1.702335
R,0.4270888,1.32339,-0.2008548,0.224343,-0.3385445,0.03042393,5.048205,-0.002485795,-2.821617,1.716099
R,0.431203,1.317034,-0.2069338,0.2757627,-0.425978,-0.4074585,3.446522,-5.860434,-29.35011,1.731018
R,0.4355242,1.311339,-0.2116242,0.3418169,-0.4504941,-0.3710254,5.225021,-1.939273,2.881936,1.74366
R,0.4399621,1.306032,-0.2154623,0.3099791,-0.3707118,-0.2680845,-2.223844,5.572731,7.190337,1.757977
R,0.4444572,1.303055,-0.2114908,0.3081504,-0.2040403,0.2722546,-0.1253616,11.42571,37.04149,1.772564
R,0.4490025,1.299658,-0.2091139,0.3515902,-0.2628172,0.1838554,3.360126,-4.54648,-6.837803,1.785492
R,0.4478619,1.298983,-0.2118322,-0.08314794,-0.04918659,-0.1981553,-31.69188,15.57341,-27.84811,1.79921
R,0.4475524,1.297563,-0.2146905,-0.02262293,-0.1037775,-0.2088913,4.42327,-3.989597,-0.7846041,1.812893
R,0.4481001,1.295385,-0.2177026,0.03924185,-0.1560279,-0.2157971,4.432217,-3.743409,-0.4947582,1.826851
R,0.4472093,1.294818,-0.2161339,-0.06385656,-0.04062415,0.112446,-7.390383,8.272468,23.52938,1.840801
R,0.4464288,1.293511,-0.2141134,-0.05588466,-0.09362196,0.1446742,0.5708233,-3.794881,2.307689,1.854767
R,0.4485281,1.290761,-0.2133961,0.1481347,-0.1940444,0.05061722,14.39635,-7.086175,-6.637007,1.868938
R,0.4512705,1.287299,-0.2129034,0.199694,-0.2521267,0.03587565,3.754436,-4.229425,-1.073448,1.882671
R,0.4526781,1.284996,-0.2113884,0.09863047,-0.1613372,0.1061621,-7.08185,6.361916,4.925198,1.896942
R,0.4543043,1.282557,-0.2103006,0.1193128,-0.17892,0.07981192,1.517423,-1.290017,-1.93326,1.910572
R,0.4561237,1.279984,-0.209512,0.1246285,-0.176264,0.05401792,0.3641141,0.181931,-1.766852,1.925171
R,0.4598198,1.276803,-0.2082454,0.2797859,-0.2407956,0.09588304,11.74519,-4.88494,3.169128,1.938381
R,0.4633223,1.273615,-0.2072858,0.2465553,-0.2244143,0.06754645,-2.339205,1.153129,-1.994701,1.952587
R,0.4637147,1.274714,-0.2074117,0.02937384,0.08224764,-0.009426533,-16.25723,22.95533,-5.761852,1.965946
R,0.4641667,1.275286,-0.2075073,0.03021218,0.03825376,-0.006387247,0.05603445,-2.940523,0.203144,1.980907
R,0.4648693,1.275693,-0.2076125,0.05008754,0.02900632,-0.007498045,1.416972,-0.6592768,-0.07919206,1.994934
R,0.4647498,1.275477,-0.2076356,-0.008625361,-0.0156207,-0.001670882,-4.236508,-3.220123,0.4204668,2.008793
R,0.4646897,1.275171,-0.2076594,-0.004583273,-0.02333964,-0.001819427,0.308654,-0.5894189,-0.01134296,2.021889
R,0.4645369,1.275405,-0.2075807,-0.0110365,0.01691632,0.005687199,-0.4660262,2.907124,0.5420983,2.035736
R,0.464435,1.2756,-0.2074972,-0.007198105,0.01376077,0.005896722,0.2709972,-0.222787,0.01479273,2.0499
R,0.4621857,1.27788,-0.2070485,-0.166328,0.1685649,0.03317833,-11.76726,11.44738,2.017408,2.063423
R,0.459946,1.280171,-0.2065614,-0.15821,0.1618246,0.03440995,0.5734566,-0.4761288,0.08700091,2.077579
R,0.4582753,1.281896,-0.2061601,-0.1212516,0.1251903,0.02912492,2.682282,-2.658767,-0.3835652,2.091358
R,0.4569662,1.284049,-0.2063212,-0.09475083,0.1558876,-0.01165943,1.918009,2.221732,-2.951788,2.105175
R,0.4560013,1.285688,-0.2064345,-0.06702106,0.1138298,-0.007871497,1.926124,-2.921357,0.263112,2.119572
R,0.4536933,1.287074,-0.2066931,-0.1672259,0.1004267,-0.01873661,-7.260395,-0.9711307,-0.7872373,2.133373
R,0.4517767,1.288239,-0.2069004,-0.1406972,0.08549776,-0.01521589,1.947452,-1.09592,0.2584532,2.146996
R,0.4502173,1.289201,-0.2070623,-0.1118701,0.06899118,-0.01162147,2.068102,-1.184209,0.2578697,2.160934
R,0.448338,1.290849,-0.2080895,-0.1354195,0.1188153,-0.07401474,-1.696904,3.590184,-4.495883,2.174812
R,0.4466712,1.292311,-0.2089661,-0.1137858,0.09978028,-0.05984294,1.476862,-1.299456,0.9674616,2.189461
R,0.4428317,1.296742,-0.2085456,-0.2914902,0.3364104,0.0319231,-13.49092,17.96443,6.966671,2.202633
R,0.4396317,1.300426,-0.2082386,-0.2261686,0.2603886,0.02169975,4.616787,-5.373054,-0.722564,2.216782
R,0.435968,1.305998,-0.2060075,-0.2670741,0.4061892,0.1626427,-2.981959,10.62868,10.27457,2.230499
R,0.4329896,1.310421,-0.2043657,-0.2154474,0.3199417,0.1187601,3.734446,-6.238758,-3.174272,2.244324
R,0.4306075,1.313849,-0.2031931,-0.169091,0.2432812,0.08324131,3.29056,-5.441671,-2.521269,2.258411
R,0.427445,1.317568,-0.1998035,-0.1979049,0.2327599,0.2121171,-1.803145,-0.6584134,8.064938,2.274391
R,0.4247364,1.320805,-0.1972138,-0.2026946,0.2422477,0.1937926,-0.3584338,0.710012,-1.3713,2.287754
R,0.4216159,1.319847,-0.1957492,-0.2390529,-0.07338545,0.1121991,-2.785249,-24.17924,-6.25051,2.300808
R,0.4188006,1.319551,-0.1944282,-0.2224926,-0.0234587,0.1044018,1.308772,3.945734,-0.6162236,2.313461
R,0.4161238,1.319716,-0.1931652,-0.1926676,0.01193541,0.09090344,2.146744,2.547598,-0.9715858,2.327354
R,0.4144298,1.323028,-0.1926906,-0.1171113,0.2289606,0.03281374,5.223268,15.00313,-4.015788,2.34182
R,0.4124696,1.326335,-0.1920548,-0.1412435,0.2382576,0.04581415,-1.738898,0.6699144,0.9367731,2.355698
R,0.4078701,1.332267,-0.1893463,-0.3414733,0.4404383,0.2010817,-14.86521,15.01004,11.52718,2.369167
R,0.4039767,1.337131,-0.1871006,-0.2866141,0.3580543,0.1653174,4.038475,-6.06472,-2.632798,2.382751
R,0.4005192,1.34128,-0.1851642,-0.243057,0.2916415,0.1361258,3.062012,-4.668732,-2.05213,2.396976
R,0.3926317,1.349702,-0.1808865,-0.5609486,0.5989724,0.3042244,-22.60808,21.85701,11.95497,2.411037
R,0.386255,1.356634,-0.1773958,-0.4643381,0.5048003,0.2541851,7.034959,-6.857405,-3.64375,2.42477
R,0.377954,1.362705,-0.1724571,-0.5778138,0.4225554,0.3437718,-7.898826,-5.724909,6.235956,2.439137
R,0.3710241,1.368106,-0.1683508,-0.500312,0.389915,0.2964608,5.595329,-2.356513,-3.415668,2.452988
R,0.3641165,1.37047,-0.1657339,-0.5126832,0.1754495,0.1942253,-0.9181855,-15.91757,-7.587886,2.466461
R,0.3579436,1.37324,-0.1632164,-0.4362867,0.1957991,0.1779297,5.399531,1.438266,-1.151737,2.48061
R,0.3522218,1.376299,-0.1607474,-0.3991277,0.2133864,0.1722305,2.592077,1.22683,-0.3975581,2.494946
R,0.343753,1.383725,-0.1555997,-0.6100749,0.534977,0.3708243,-15.19608,23.16654,14.30618,2.508827
R,0.3363237,1.390184,-0.1511766,-0.5379964,0.4676882,0.3203039,5.2196,-4.872747,-3.658462,2.522636
R,0.3294938,1.39577,-0.148665,-0.4902536,0.4009618,0.1802833,3.427018,-4.789683,-10.05081,2.536568
R,0.3230514,1.400987,-0.1460915,-0.4828049,0.3910181,0.192858,0.5582163,-0.7451937,0.9423611,2.549911
R,0.3168679,1.40597,-0.1434667,-0.4485183,0.3614416,0.1903956,2.486999,-2.14535,-0.1786066,2.563698
R,0.3116407,1.40554,-0.1379803,-0.3678649,-0.03025168,0.3861001,5.67592,-27.56511,13.77255,2.577908
R,0.3062729,1.406437,-0.1332084,-0.3895695,0.06505226,0.3463271,-1.575227,6.916765,-2.886554,2.591686
R,0.3018838,1.424961,-0.124677,-0.3141081,1.325723,0.6105523,5.400421,90.22041,18.90938,2.605659
R,0.2971505,1.439911,-0.1175198,-0.3368112,1.063747,0.5092826,-1.615493,-18.64157,-7.206089,2.619713
R,0.298779,1.453547,-0.1100437,0.1159399,0.9708803,0.5322732,32.23411,-6.611743,1.63684,2.633759
R,0.2985417,1.465221,-0.1034605,-0.01711013,0.8418587,0.4747593,-9.59512,-9.304604,-4.147713,2.647625
R,0.2971054,1.475634,-0.09745798,-0.1043247,0.7563903,0.4359988,-6.334933,-6.208099,-2.815416,2.661392
R,0.2430771,1.470229,-0.09291628,-3.876084,-0.3878113,0.3258287,-270.5923,-82.08691,-7.903783,2.675331
R,0.2119254,1.468359,-0.08831339,-2.221495,-0.1333481,0.328243,117.9926,18.14636,0.1721662,2.689354
R,0.1771258,1.452289,-0.09181923,-2.574077,-1.188664,-0.2593214,-26.07992,-78.06002,-43.46119,2.702873
R,0.1498132,1.442486,-0.09312761,-1.946658,-0.6986983,-0.09325296,44.71833,34.92157,11.83628,2.716904
R,0.1260293,1.436211,-0.09302549,-1.59744,-0.4214386,0.006858706,23.45514,18.62208,6.723974,2.731792
R,0.1159096,1.442377,-0.08980776,-0.7549328,0.4600082,0.2400426,62.85095,65.75584,17.39549,2.745197
R,0.1036128,1.447192,-0.0866399,-0.9129247,0.3574235,0.2351842,-11.72943,-7.615957,-0.3606904,2.758667
R,0.08251144,1.444617,-0.08871237,-1.467654,-0.1790511,-0.1441462,-38.58287,-37.31325,-26.38344,2.773045
R,0.06346861,1.443187,-0.08943637,-1.465208,-0.1100216,-0.0557062,0.1881787,5.311321,6.80482,2.786041
R,0.0513553,1.441632,-0.08800009,-0.8369617,-0.1075053,0.09923872,43.40826,0.1738673,10.70582,2.800514
R,0.03794264,1.440784,-0.08635644,-0.9538925,-0.06027876,0.1168945,-8.315985,3.358694,1.255656,2.814575
R,0.02389331,1.44038,-0.08459459,-1.042147,-0.02999434,0.1306903,-6.546525,2.246428,1.02334,2.828056
R,0.01631936,1.435742,-0.08850755,-0.5139698,-0.3146842,-0.2655345,35.84223,-19.31911,-26.8879,2.842793
R,0.006488387,1.432519,-0.09080948,-0.7311007,-0.239734,-0.1711879,-16.1474,5.573824,7.016279,2.856239
R,-0.0001906866,1.430534,-0.09447787,-0.4726996,-0.1404731,-0.2596238,18.28788,7.025013,-6.25889,2.870369
R,-0.008930213,1.429,-0.09686382,-0.6716548,-0.1178998,-0.1833664,-15.29021,1.734818,5.860572,2.883381
R,-0.01892283,1.427745,-0.09845404,-0.6871731,-0.08628181,-0.1093566,-1.067165,2.17431,5.089519,2.897923
R,-0.02302538,1.431197,-0.09598901,-0.2986562,0.251293,0.1794483,28.28308,24.57462,21.02429,2.911659
R,-0.02951141,1.433545,-0.09417304,-0.467108,0.1690762,0.1307816,-12.13149,-5.921055,-3.50486,2.925545
R,-0.03091761,1.435502,-0.09108763,-0.09806477,0.1365057,0.2151695,25.73622,-2.271392,5.885022,2.939884
R,-0.03482002,1.436997,-0.0885957,-0.2859122,0.1095497,0.182573,-13.76273,-1.974948,-2.388204,2.953533
R,-0.02559618,1.419099,-0.09946574,0.6916399,-1.342105,-0.8150794,73.30074,-108.8509,-74.80795,2.966869
R,-0.02119624,1.406506,-0.1071004,0.3087306,-0.8835821,-0.5357015,-26.86761,32.17321,19.60311,2.981121
R,-0.02002926,1.396796,-0.1128133,0.08369822,-0.696409,-0.4097384,-16.13978,13.42443,9.034332,2.995064
R,-0.01729409,1.400641,-0.1109316,0.1919191,0.2697404,0.132032,7.593537,67.79183,38.01441,3.009315
R,-0.01686323,1.401596,-0.1104559,0.03302537,0.0732182,0.03646119,-12.17925,-15.06348,-7.325529,3.022362
R,-0.01595546,1.404802,-0.1073574,0.0640379,0.2262009,0.2185808,2.187769,10.79211,12.84756,3.036537
R,-0.01584906,1.407605,-0.1043689,0.007606908,0.2003596,0.2136395,-4.034101,-1.847323,-0.3532371,3.050526
R,-0.01646939,1.409339,-0.1022406,-0.04428599,0.1237745,0.1519448,-3.704633,-5.46741,-4.404381,3.064533
R,-0.00815108,1.397489,-0.1107212,0.5674204,-0.8083366,-0.578495,41.72655,-63.58245,-49.82576,3.079193
R,-0.002777132,1.388686,-0.1168803,0.3804343,-0.6231518,-0.4360121,-13.23718,13.10966,10.08669,3.093319
R,0.002664026,1.394273,-0.1128096,0.3841549,0.3944082,0.2873934,0.2626793,71.84144,51.07364,3.107483
R,0.006430875,1.397734,-0.1101281,0.3074274,0.2824953,0.2188528,-6.26203,-9.133649,-5.593874,3.119736
R,0.008980746,1.399689,-0.1084619,0.1743891,0.1337317,0.1139539,-9.098667,-10.17414,-7.174176,3.134357
R,0.009521535,1.408592,-0.1054882,0.04180608,0.6882465,0.2298818,-10.24944,42.86721,8.961905,3.147293
R,0.009979115,1.414842,-0.1034131,0.03225381,0.4405418,0.1462654,-0.6733182,-17.46015,-5.893938,3.16148
R,0.01539193,1.408378,-0.1068727,0.3871587,-0.4623806,-0.2474457,25.38504,-64.58273,-28.16071,3.175461
R,0.02112346,1.401755,-0.1104168,0.4107398,-0.474619,-0.2539869,1.689898,-0.8770396,-0.4687575,3.189415
R,0.02742286,1.40401,-0.1108178,0.4672755,0.1672591,-0.02974454,4.193687,47.61304,16.63378,3.202896
R,0.03213122,1.405395,-0.1112044,0.3260945,0.09593792,-0.02677665,-9.778006,-4.939611,0.205552,3.217335
R,0.03582289,1.406247,-0.1115803,0.2655004,0.06129115,-0.02703404,-4.357851,-2.491754,-0.01851115,3.231239
R,0.05165084,1.414032,-0.1128994,1.179086,0.579941,-0.09826289,68.05651,38.63625,-5.306115,3.244663
R,0.06405218,1.419743,-0.1139782,0.8824475,0.4063348,-0.07676566,-21.10801,-12.35337,1.529688,3.258717
R,0.07434441,1.410507,-0.1172951,0.7208247,-0.6468324,-0.2323003,-11.31938,-73.75941,-10.89299,3.272995
R,0.08303239,1.404116,-0.1198653,0.6446368,-0.4742163,-0.1907031,-5.653044,12.80789,3.08646,3.286472
R,0.09071629,1.399474,-0.1219677,0.5278535,-0.3188384,-0.1444258,-8.022545,10.67384,3.179063,3.301029
R,0.1019426,1.406918,-0.1247685,0.827127,0.548456,-0.2063621,22.04968,63.89995,-4.563302,3.314602
R,0.1117227,1.412103,-0.1271139,0.6768181,0.3587645,-0.1623089,-10.40195,-13.12737,3.048648,3.329052
R,0.1228162,1.412994,-0.1302716,0.8289919,0.0666245,-0.2359662,11.37156,-21.83089,-5.504226,3.342434
R,0.1327069,1.413659,-0.1329507,0.7182171,0.04828601,-0.1945475,-8.044031,-1.331669,3.007668,3.356205
R,0.1482112,1.415819,-0.1352789,1.098773,0.1530397,-0.1649918,26.96954,7.423776,2.094577,3.370316
R,0.1616884,1.417497,-0.1374352,0.9781263,0.1218421,-0.1564955,-8.756004,-2.264189,0.6166273,3.384094
R,0.173711,1.41886,-0.139485,0.8557276,0.0970167,-0.1458984,-8.711946,-1.766993,0.7542679,3.398144
R,0.185152,1.418509,-0.145353,0.8287305,-0.02543002,-0.4250516,-1.955543,-8.869487,-20.2206,3.411949
R,0.1959608,1.418446,-0.1500886,0.7921344,-0.00462154,-0.3470556,-2.681983,1.52497,5.716013,3.425594
R,0.2066836,1.416648,-0.1554415,0.7278399,-0.1220465,-0.3633429,-4.364165,-7.970549,-1.105548,3.440327
R,0.2170806,1.415487,-0.1599968,0.777832,-0.08690068,-0.3407969,3.740047,2.62936,1.686733,3.453693
R,0.2272581,1.414729,-0.1640657,0.7339645,-0.05465956,-0.2934341,-3.163579,2.325121,3.415649,3.46756
R,0.2393098,1.408826,-0.1683995,0.857105,-0.4197724,-0.3082123,8.757609,-25.9664,-1.051008,3.481621
R,0.2507701,1.404599,-0.1723838,0.8102077,-0.2988639,-0.2816777,-3.315496,8.547853,1.87591,3.495766
R,0.2628694,1.402618,-0.175865,0.8781168,-0.1437915,-0.2526539,4.928563,11.25451,2.106425,3.509544
R,0.2744454,1.400945,-0.179292,0.8657855,-0.1251248,-0.2563057,-0.9222762,1.396109,-0.2731232,3.522915
R,0.2875087,1.397913,-0.1810568,0.9127028,-0.2118287,-0.123304,3.27801,-6.057809,9.292536,3.537228
R,0.2999143,1.395418,-0.1832387,0.8770374,-0.1763754,-0.1542579,-2.521432,2.506437,-2.188341,3.551373
R,0.3118334,1.393264,-0.1856783,0.8858826,-0.1601308,-0.1813211,0.6574151,1.20738,-2.011471,3.564827
R,0.3184131,1.38915,-0.187412,0.4567913,-0.2855535,-0.1203572,-29.78912,-8.707312,4.232342,3.579231
R,0.3261093,1.385769,-0.1894872,0.5807427,-0.2551364,-0.1565941,9.353229,2.29524,-2.734392,3.592484
R,0.3352208,1.383174,-0.1895925,0.6474782,-0.1844419,-0.007484244,4.742291,5.023618,10.59589,3.606556
R,0.344687,1.380771,-0.1904176,0.6470685,-0.1642601,-0.0563977,-0.02800277,1.379542,-3.343512,3.621185
R,0.3543485,1.378487,-0.1917023,0.7311431,-0.1728313,-0.09722322,6.362487,-0.6486371,-3.08954,3.634399
R,0.3620917,1.3768,-0.2044664,0.564634,-0.1230355,-0.9307469,-12.14169,3.631063,-60.77976,3.648113
R,0.3704423,1.375014,-0.2140987,0.596631,-0.1276063,-0.6882123,2.28613,-0.3265786,17.3287,3.662109
R,0.3649072,1.369056,-0.2289997,-0.3880675,-0.4176668,-1.04472,-69.03793,-20.33635,-24.99499,3.676373
R,0.3623549,1.365232,-0.2358529,-0.1854386,-0.2778288,-0.4979235,14.72227,10.16012,39.7282,3.690136
R,0.3627149,1.361816,-0.2422123,0.02726362,-0.2587944,-0.4816764,16.11055,1.441705,1.23059,3.703339
R,0.3648928,1.358655,-0.2481672,0.1500867,-0.2178135,-0.410374,8.464071,2.824108,4.913646,3.71785
R,0.3682063,1.355655,-0.2538646,0.2436514,-0.2205908,-0.4189428,6.880064,-0.204224,-0.6300929,3.731449
R,0.3740031,1.349936,-0.2591351,0.4004179,-0.3950593,-0.3640666,10.82883,-12.05161,3.790637,3.745926
R,0.379779,1.345074,-0.2643823,0.4286833,-0.3608703,-0.3894416,2.097849,2.537499,-1.883323,3.759399
R,0.3892022,1.343545,-0.2695413,0.6524696,-0.1058505,-0.3572104,15.49505,17.65766,2.231703,3.773842
R,0.3976824,1.341575,-0.2747077,0.6434221,-0.1494935,-0.3919953,-0.6864689,-3.311359,-2.639266,3.787022
R,0.4054832,1.339325,-0.2798861,0.5526858,-0.1594003,-0.3668898,-6.428645,-0.7018982,1.77872,3.801136
R,0.4124838,1.337721,-0.2890906,0.5079336,-0.1163766,-0.6678379,-3.247029,3.121619,-21.83552,3.814919
R,0.4215336,1.33581,-0.2985408,0.6355122,-0.1342168,-0.6636272,8.959005,-1.252797,0.2956905,3.829159
R,0.4299611,1.333679,-0.3069063,0.628333,-0.1588631,-0.6237068,-0.5352674,-1.837563,2.976362,3.842571
R,0.4229019,1.319063,-0.3147022,-0.5049198,-1.045447,-0.5576164,-81.05742,-63.41408,4.727204,3.856552
R,0.419399,1.307799,-0.3220655,-0.2460561,-0.7911643,-0.517216,18.18317,17.86137,2.837817,3.870789
R,0.4181505,1.298387,-0.3291654,-0.09248066,-0.6971955,-0.5259055,11.37578,6.960538,-0.6436626,3.884289
R,0.4183146,1.290132,-0.3361066,0.01154791,-0.5806195,-0.4882236,7.317001,8.199549,2.650414,3.898506
R,0.4274625,1.290747,-0.3440746,0.6555623,0.04409855,-0.571013,46.15213,44.76929,-5.932955,3.91246
R,0.4347393,1.290463,-0.3465042,0.5396261,-0.02108381,-0.1801671,-8.597449,-4.83371,28.98385,3.925945
R,0.4409855,1.288815,-0.3500673,0.4357122,-0.1149548,-0.2485531,-7.248644,-6.548086,-4.770351,3.940281
R,0.4466001,1.286315,-0.3543223,0.4097517,-0.1824715,-0.3105273,-1.894592,-4.927366,-4.522875,3.953983
R,0.4497575,1.283009,-0.3593268,0.2191969,-0.229517,-0.3474307,-13.22903,-3.266077,-2.561975,3.968388
R,0.4531944,1.27945,-0.3645079,0.255957,-0.2650036,-0.3858509,2.737628,-2.64278,-2.861257,3.981815
R,0.4547197,1.273504,-0.3664523,0.1083587,-0.4224086,-0.138133,-10.48564,-11.18232,17.59831,3.995892
R,0.4569049,1.268066,-0.3693494,0.1537444,-0.3826489,-0.2038274,3.193122,2.797301,-4.621949,4.010105
R,0.4593573,1.262481,-0.3721712,0.1838361,-0.4186088,-0.2115251,2.255755,-2.695643,-0.5770348,4.023445
R,0.4621199,1.257205,-0.3755352,0.187664,-0.3584316,-0.2285222,0.2600273,4.087873,-1.154626,4.038166
R,0.4650772,1.252117,-0.3792373,0.2209319,-0.3801208,-0.2765678,2.485318,-1.620316,-3.589306,4.051552
R,0.4678622,1.246947,-0.38334,0.2068188,-0.3839412,-0.3046742,-1.048064,-0.2837133,-2.087228,4.065018
R,0.4707966,1.241905,-0.3875204,0.2087496,-0.3586414,-0.2973859,0.1373527,1.799777,0.5184744,4.079075
R,0.4727286,1.237065,-0.3909533,0.1381132,-0.3459998,-0.2454088,-5.049608,0.9037169,3.715706,4.093063
R,0.474994,1.23224,-0.3946263,0.1632785,-0.3477798,-0.2647357,1.813839,-0.128293,-1.393024,4.106937
R,0.4774789,1.227425,-0.3984477,0.1745441,-0.3382151,-0.2684239,0.7913213,0.6718415,-0.2590643,4.121174
R,0.4803128,1.222052,-0.4038997,0.2023695,-0.3836744,-0.389329,1.986998,-3.246222,-8.633764,4.135178
R,0.483177,1.216838,-0.4089887,0.2066163,-0.3761523,-0.3671015,0.3063515,0.5426183,1.603409,4.14904
R,0.4870967,1.208883,-0.4110776,0.2909161,-0.5904321,-0.1550379,6.256703,-15.90378,15.7393,4.162514
R,0.4907667,1.201763,-0.4137641,0.2631505,-0.510505,-0.1926286,-1.99086,5.730965,-2.695343,4.17646
R,0.4897855,1.193634,-0.4139879,-0.0683547,-0.5662703,-0.01558763,-23.09383,-3.884808,12.3333,4.190815
R,0.489817,1.186226,-0.4151629,0.002360049,-0.5550157,-0.08802962,5.297927,0.8431873,-5.427331,4.204163
R,0.4905152,1.179241,-0.4169434,0.05010009,-0.5012661,-0.127776,3.425887,3.857147,-2.85225,4.218098
R,0.4921224,1.173681,-0.4185012,0.1144291,-0.3958616,-0.1109069,4.579978,7.504384,1.201008,4.232143
R,0.4938608,1.16797,-0.4204489,0.1265118,-0.4156198,-0.1417485,0.8793401,-1.437947,-2.244567,4.245884
R,0.4942944,1.165202,-0.4221222,0.03060018,-0.1953398,-0.1180771,-6.767871,15.54376,1.670344,4.260056
R,0.4950589,1.161777,-0.4239914,0.05456413,-0.2443762,-0.1334038,1.71032,-3.499751,-1.093879,4.274067
R,0.4961069,1.157672,-0.4261299,0.07695203,-0.3014531,-0.1570269,1.643937,-4.191138,-1.734634,4.287685
R,0.4959485,1.150529,-0.4295602,-0.01127741,-0.5085721,-0.2442223,-6.281591,-14.74606,-6.207974,4.301731
R,0.4962513,1.143938,-0.4327339,0.02105645,-0.4582725,-0.2206855,2.24831,3.49754,1.636613,4.316113
R,0.5005296,1.137935,-0.4386814,0.2345793,-0.3291675,-0.326102,11.70754,7.078875,-5.780026,4.334351
R,0.504071,1.132073,-0.4437361,0.145215,-0.2403703,-0.2072665,-3.664369,3.641116,4.872833,4.358738
R,0.5090135,1.131266,-0.4507653,0.3872207,-0.06324716,-0.5507042,18.96006,13.8768,-26.90679,4.371502
R,0.5115169,1.129157,-0.4543416,0.1840341,-0.1550319,-0.2629018,-14.93667,-6.747285,21.15694,4.385105
R,0.5144711,1.12718,-0.4559282,0.2106082,-0.1409352,-0.1131187,1.894542,1.004994,10.67847,4.399132
R,0.5173008,1.124654,-0.457954,0.192279,-0.1716158,-0.1376482,-1.245432,-2.084689,-1.666736,4.413849
R,0.5185819,1.120962,-0.4568082,0.1021017,-0.2942669,0.09132715,-7.187426,-9.77569,18.25008,4.426395
R,0.5201418,1.116958,-0.4564481,0.1081518,-0.2776382,0.02496446,0.4194632,1.152899,-4.601053,4.440819
R,0.5219067,1.112793,-0.4567263,0.1290174,-0.3044566,-0.02033298,1.525317,-1.960478,-3.311336,4.454498
R,0.5225027,1.110551,-0.4578609,0.04311534,-0.1621568,-0.08207221,-6.213768,10.29333,-4.465941,4.468323
R,0.5233616,1.107991,-0.4591698,0.06274822,-0.1870297,-0.09563345,1.434404,-1.817246,-0.9908016,4.48201
R,0.5232918,1.10712,-0.4606079,-0.005079643,-0.0633936,-0.1046619,-4.936332,8.997907,-0.6570671,4.49575
R,0.5234878,1.105802,-0.4621839,0.01404115,-0.09439891,-0.1128757,1.369509,-2.220726,-0.5883042,4.509712
R,0.5239356,1.103992,-0.4639962,0.03270845,-0.1322182,-0.1323771,1.363477,-2.76236,-1.424406,4.523403
R,0.523613,1.102625,-0.4641587,-0.02259821,-0.09576263,-0.01137844,-3.874481,2.55388,8.476506,4.537678
R,0.5231616,1.103561,-0.4635727,-0.03283244,0.06809274,0.04261758,-0.7444071,11.91834,3.927506,4.551426
R,0.5231993,1.103158,-0.4638605,0.00272489,-0.02916322,-0.02081178,2.572059,-7.035062,-4.588197,4.56525
R,0.5234295,1.101671,-0.4648971,0.01666034,-0.1076408,-0.07502761,1.008585,-5.679853,-3.923897,4.579067
R,0.5245332,1.098602,-0.4651651,0.07930715,-0.2205404,-0.01925927,4.501778,-8.112923,4.007493,4.592983
R,0.5257945,1.095207,-0.4656095,0.091392,-0.2459577,-0.03219579,0.8756133,-1.841627,-0.9373223,4.606785
R,0.5270317,1.091959,-0.4661627,0.08305058,-0.2180778,-0.03713989,-0.5599622,1.87159,-0.3318987,4.621681
R,0.5278091,1.087161,-0.4656042,0.05423014,-0.3346694,0.03895647,-2.010406,-8.132994,5.308197,4.636017
R,0.5286079,1.082956,-0.465333,0.06286588,-0.3309348,0.02134776,0.679618,0.2939057,-1.385776,4.648724
R,0.5307292,1.080276,-0.4665884,0.1578466,-0.1994039,-0.09341515,7.067453,9.787122,-8.539429,4.662163
R,0.5325677,1.077693,-0.4676852,0.1317489,-0.185108,-0.07859699,-1.870248,1.024493,1.061916,4.676117
R,0.5342218,1.075149,-0.4686795,0.120581,-0.1854317,-0.07248288,-0.814124,-0.02360153,0.4457112,4.689835
R,0.536756,1.070106,-0.4683701,0.1856702,-0.3694627,0.02266455,4.768795,-13.48312,6.971025,4.703484
R,0.5390244,1.065568,-0.4682904,0.1569842,-0.3140509,0.005517011,-1.985181,3.834704,-1.186675,4.717934
R,0.5394976,1.063337,-0.4698766,0.0317743,-0.1498223,-0.1065094,-8.407538,11.02755,-7.522295,4.732826
R,0.5400987,1.061097,-0.4711902,0.0472593,-0.176121,-0.1032825,1.217546,-2.067803,0.2537217,4.745544
R,0.5391775,1.059889,-0.4711677,-0.05880876,-0.07710515,0.001432736,-6.771822,6.321582,6.685451,4.761208
R,0.5380521,1.056857,-0.471361,-0.08185783,-0.2206056,-0.01406207,-1.67652,-10.43779,-1.127045,4.774956
R,0.5376482,1.054728,-0.4715909,-0.03069293,-0.1617663,-0.0174683,3.887702,4.47083,-0.2588183,4.788116
R,0.5375332,1.054517,-0.4716848,-0.008381709,-0.01538167,-0.006839196,1.626461,10.67126,0.7748485,4.801834
R,0.5365,1.052855,-0.4725571,-0.0767742,-0.1234765,-0.06481851,-5.081826,-8.03186,-4.308086,4.815292
R,0.5349218,1.052183,-0.4737051,-0.1151414,-0.04903632,-0.08375879,-2.799259,5.431127,-1.381876,4.828999
R,0.5335771,1.051274,-0.474798,-0.0983033,-0.06643021,-0.07988968,1.230902,-1.271529,0.2828398,4.842678
R,0.5324305,1.050185,-0.4758356,-0.08305558,-0.07890647,-0.07515889,1.104476,-0.9037237,0.3426771,4.856483
R,0.5283625,1.048837,-0.4762094,-0.2951538,-0.09775463,-0.02712644,-15.38895,-1.367543,3.485032,4.870266
R,0.5248358,1.047322,-0.4766485,-0.2597684,-0.1116097,-0.03234098,2.606372,-1.020514,-0.3840862,4.883842
R,0.523321,1.046268,-0.4785829,-0.1058352,-0.0736274,-0.135155,10.75497,2.653737,-7.18339,4.898155
R,0.5220143,1.045166,-0.4802048,-0.0874067,-0.07375925,-0.1084879,1.232693,-0.008819712,1.783777,4.913105
R,0.5219743,1.045095,-0.4811105,-0.00279614,-0.004941239,-0.06341396,5.924185,4.818437,3.155946,4.927387
R,0.5218733,1.044902,-0.4818997,-0.00796283,-0.01523038,-0.06219934,-0.4072209,-0.8109552,0.09573249,4.940075
R,0.5217094,1.044591,-0.4827212,-0.01154654,-0.0219254,-0.0578923,-0.2525397,-0.4717902,0.3035117,4.954266
R,0.5223153,1.042024,-0.4876963,0.04687961,-0.1985961,-0.3849432,4.52068,-13.66977,-25.30532,4.96719
R,0.5227448,1.039452,-0.4923554,0.0301011,-0.180264,-0.3265667,-1.176039,1.284934,4.091726,4.981457
R,0.5228383,1.039519,-0.4925097,0.006954787,0.004955674,-0.01147385,-1.721324,13.77425,23.43254,4.994904
R,0.5228601,1.039468,-0.4926809,0.001611963,-0.003753886,-0.01268593,-0.3958704,-0.6453248,-0.08980766,5.0084
R,0.5228607,1.03938,-0.4928545,4.730939E-05,-0.006330856,-0.01252839,-0.1128997,-0.1859447,0.01136763,5.022259
R,0.5230305,1.039294,-0.4927361,0.01215847,-0.006215847,0.008480618,0.8674503,0.008237411,1.50475,5.036221
R,0.5232012,1.039168,-0.4926477,0.01214712,-0.008949172,0.006291989,-0.0008074401,-0.1944964,-0.1557372,5.050274
R,0.5232466,1.038711,-0.4922874,0.003333858,-0.03346966,0.02641307,-0.6460695,-1.797511,1.475006,5.063915
R,0.5232933,1.037943,-0.4918013,0.003267045,-0.05381852,0.03407002,-0.004683012,-1.426292,0.536691,5.078182
R,0.5233238,1.037003,-0.4913214,0.00226047,-0.06952376,0.03548232,-0.0744128,-1.161036,0.1044068,5.091709
R,0.5235762,1.036956,-0.4903791,0.0180115,-0.00332664,0.06725173,1.12416,4.724524,2.2674,5.105721
R,0.5238152,1.036859,-0.4894786,0.01727495,-0.007030604,0.06508262,-0.05323477,-0.2677066,-0.156774,5.119556
R,0.5246966,1.036325,-0.4881146,0.06480978,-0.03925316,0.100298,3.495363,-2.369411,2.589484,5.133156
R,0.525544,1.035739,-0.486834,0.06040137,-0.04177712,0.09126903,-0.314203,-0.1798917,-0.6435292,5.147186
R,0.5255909,1.035905,-0.486601,0.003284635,0.0116592,0.0163396,-4.004496,3.746459,-5.253357,5.161449
R,0.5256117,1.035982,-0.4864878,0.001397162,0.00513227,0.007602325,-0.1267716,-0.4383796,-0.5868366,5.176338
R,0.525633,1.036047,-0.4863753,0.001766819,0.005409034,0.009315283,0.03060749,0.02291594,0.1418325,5.188416
R,0.5257591,1.036058,-0.4863281,0.008621674,0.0007419123,0.003226503,0.4688127,-0.3191907,-0.4164198,5.203037
R,0.5258918,1.036057,-0.4862843,0.009858631,-6.200397E-05,0.003255208,0.09191064,-0.05973408,0.002132874,5.216496
R,0.5256678,1.036606,-0.4854485,-0.01499058,0.03673232,0.05595234,-1.66345,2.463077,3.52764,5.231434
R,0.5252987,1.03746,-0.4841188,-0.02940786,0.06802644,0.1059139,-1.148405,2.492728,3.979675,5.243988
R,0.5249022,1.038332,-0.4827306,-0.02728735,0.06001411,0.09554263,0.1459383,-0.5514266,-0.713771,5.258518
R,0.5241675,1.04065,-0.4820957,-0.05339444,0.1684745,0.04613858,-1.897371,7.882517,-3.590511,5.272278
R,0.5234725,1.042791,-0.4814953,-0.0506455,0.1560502,0.04375608,0.2003384,-0.9054659,-0.1736332,5.285999
R,0.520568,1.04545,-0.4793689,-0.210512,0.1926925,0.154116,-11.58641,2.655671,7.998392,5.299797
R,0.5181136,1.047725,-0.477546,-0.1768042,0.1638929,0.131314,2.428218,-2.074647,-1.642596,5.313679
R,0.5169986,1.056961,-0.4770856,-0.08128389,0.6733089,0.03356594,6.963317,37.1358,-7.125712,5.327396
R,0.5160224,1.064077,-0.4766261,-0.06923871,0.5046841,0.03259013,0.8543215,-11.95995,-0.06921069,5.341496
R,0.5151297,1.069734,-0.4761581,-0.06210191,0.3935692,0.03255416,0.4965149,-7.730388,-0.00250283,5.355869
R,0.5134895,1.076934,-0.4748573,-0.1218431,0.5348452,0.09663016,-4.437744,10.49438,4.759745,5.369331
R,0.5120946,1.082957,-0.4737701,-0.09660667,0.4171153,0.07530136,1.747843,-8.153818,-1.477204,5.38377
R,0.5096844,1.093924,-0.4686522,-0.1685732,0.7670674,0.3579555,-5.033513,24.47648,19.7695,5.398067
R,0.5076798,1.103016,-0.4646743,-0.1533859,0.6957366,0.3043705,1.162077,-5.45795,-4.10011,5.411137
R,0.5059312,1.110825,-0.4614604,-0.1265224,0.5649755,0.2325442,1.943721,-9.461289,-5.197027,5.424957
R,0.4958518,1.122931,-0.4531879,-0.7001172,0.8409347,0.5746141,-39.84219,19.16827,23.76035,5.439354
R,0.4882745,1.13328,-0.4466163,-0.5090619,0.6952605,0.4414923,12.83547,-9.78668,-8.94338,5.454239
R,0.4807518,1.146779,-0.4404325,-0.5506907,0.988158,0.4526756,-3.047403,21.44131,0.8186588,5.467899
R,0.4745492,1.158474,-0.4351602,-0.4209103,0.7936028,0.3577814,8.806924,-13.20256,-6.439543,5.482635
R,0.4750112,1.171941,-0.4326161,0.03462023,1.009255,0.1906625,34.13797,16.16124,-12.52407,5.495979
R,0.474443,1.183937,-0.4298947,-0.04131848,0.8722781,0.1978849,-5.522018,-9.960541,0.5251874,5.509731
R,0.4732183,1.194936,-0.4270345,-0.1012128,0.9090183,0.2363798,-4.949851,3.036329,3.181344,5.521832
R,0.4631026,1.205744,-0.4187323,-0.7325298,0.782683,0.6012064,-45.71712,-9.148632,26.41909,5.535641
R,0.4655736,1.198488,-0.4213986,0.1800327,-0.5286965,-0.1942637,66.48771,-95.54482,-57.95657,5.549366
R,0.4577703,1.213535,-0.4097035,-0.5115244,0.9864185,0.7666428,-45.33322,99.3194,62.98972,5.564621
R,0.4514737,1.22663,-0.400213,-0.479271,0.9967062,0.722384,2.455001,0.7830647,-3.368807,5.577759
R,0.4461028,1.238185,-0.3923417,-0.4057524,0.8729197,0.5946438,5.554023,-9.351558,-9.650239,5.590996
R,0.4378397,1.25424,-0.3788878,-0.6010336,1.167826,0.9785959,-14.20416,21.45057,27.9275,5.604744
R,0.4309296,1.268405,-0.3676631,-0.4723456,0.9682692,0.767271,8.796553,-13.64082,-14.44525,5.619373
R,0.4215705,1.277868,-0.3609928,-0.6916937,0.699341,0.4929694,-16.2111,-19.87537,-20.27249,5.632904
R,0.4136271,1.287306,-0.3545565,-0.5854126,0.6955651,0.4743442,7.832711,-0.2782761,-1.372645,5.646473
R,0.4065347,1.296826,-0.3481932,-0.4887536,0.6560446,0.4385125,6.661031,-2.723465,-2.469257,5.660984
R,0.4081659,1.313349,-0.3452065,0.1127088,1.141638,0.2063641,41.55766,33.55178,-16.04015,5.675457
R,0.4078851,1.328195,-0.3413835,-0.02194486,1.159994,0.2987146,-10.52121,1.434268,7.215838,5.688255
R,0.4015369,1.336445,-0.3329647,-0.4222635,0.54879,0.5599962,-26.62805,-40.65556,17.3797,5.703289
R,0.3957667,1.345249,-0.3251955,-0.3935008,0.6003512,0.5298232,1.96149,3.516251,-2.057667,5.717953
R,0.3894258,1.353468,-0.3136412,-0.4933887,0.6395722,0.8990451,-7.772338,3.05181,28.72938,5.730804
R,0.3835464,1.362222,-0.3034372,-0.4494751,0.6692184,0.7800903,3.357158,2.266427,-9.093983,5.743885
R,0.3779665,1.371354,-0.2941355,-0.3869709,0.6332837,0.6450769,4.334681,-2.49208,-9.363219,5.758305
R,0.3703258,1.379615,-0.2823187,-0.5556042,0.6007108,0.8592753,-12.26247,-2.368598,15.57582,5.772057
R,0.3634235,1.388284,-0.2716281,-0.5037279,0.6327081,0.7801973,3.785931,2.335159,-5.77111,5.785759
R,0.3540468,1.393919,-0.2581507,-0.6432993,0.3865807,0.9246373,-9.575455,-16.88584,9.909464,5.800335
R,0.3457745,1.400552,-0.2460046,-0.6094826,0.4886787,0.8948914,2.491529,7.522307,-2.191597,5.813908
R,0.3381426,1.407861,-0.2347912,-0.5675598,0.5435904,0.8339096,3.117673,4.083626,-4.53504,5.827354
R,0.3226409,1.409106,-0.2258648,-1.04224,0.08368332,0.6001509,-31.91451,-30.92123,-15.71645,5.842228
R,0.3099166,1.412309,-0.2168606,-0.9632093,0.2424469,0.6816028,5.982539,12.01817,6.165793,5.855438
R,0.2989479,1.418172,-0.2057138,-0.7817746,0.4179241,0.7944716,12.93148,12.50688,8.044551,5.869469
R,0.2888675,1.424505,-0.195003,-0.7243738,0.4550267,0.769679,4.124803,2.666178,-1.781584,5.883385
R,0.2708644,1.419053,-0.1832162,-1.27655,-0.3865634,0.8357653,-39.1533,-59.67482,4.685996,5.897488
R,0.2557382,1.416917,-0.1719767,-1.05881,-0.1494993,0.7867458,15.2415,16.59411,-3.431283,5.911774
R,0.2421456,1.416888,-0.1611048,-1.04036,-0.002217153,0.832119,1.412071,11.27274,3.472792,5.924839
R,0.2281766,1.41994,-0.146821,-0.9700352,0.2119122,0.9918967,4.883535,14.8696,11.0953,5.93924
R,0.2152207,1.42335,-0.1335587,-0.9494885,0.2498952,0.9719431,1.505788,2.783617,-1.46232,5.952885
R,0.2024982,1.42061,-0.1268212,-0.9282252,-0.1998591,0.4915667,1.551359,-32.81391,-35.04809,5.966591
R,0.1902497,1.419666,-0.1191316,-0.8474202,-0.06534541,0.5320109,5.590542,9.306402,2.798149,5.981045
R,0.1782717,1.419872,-0.1107244,-0.8920332,0.01537642,0.626102,-3.322457,6.011574,7.007222,5.994473
R,0.1686978,1.423091,-0.1019978,-0.6946422,0.2335576,0.6331677,14.32186,15.83031,0.5126583,6.008255
R,0.1585768,1.426149,-0.0929558,-0.6808222,0.2057191,0.6082388,0.9296454,-1.872644,-1.676919,6.023121
R,0.1332462,1.405394,-0.09207149,-1.981577,-1.623685,0.06917828,-101.7562,-143.1117,-42.16994,6.035904
R,0.1124538,1.391533,-0.08892939,-1.457766,-0.9717839,0.2202946,36.72478,45.70527,10.59488,6.050167
R,0.0939767,1.381444,-0.08427001,-1.356391,-0.7406189,0.3420413,7.441875,16.96962,8.93732,6.063789
R,0.0880902,1.390074,-0.0805081,-0.4118258,0.603733,0.2631871,66.08275,94.05225,-5.516724,6.078083
R,0.07965522,1.395767,-0.07567407,-0.608302,0.4105571,0.3486137,-14.1692,-13.9312,6.160682,6.091949
R,0.06632763,1.393007,-0.06981857,-1.000787,-0.2072024,0.4396976,-29.47225,-46.38841,6.839614,6.105267
R,0.05320863,1.390754,-0.06361744,-0.9033534,-0.1551911,0.4270002,6.709134,3.58142,-0.8743228,6.119789
R,0.04104999,1.379887,-0.06305256,-0.8663535,-0.7743018,0.04024956,2.636399,-44.1142,-27.55759,6.133823
R,0.02864827,1.371766,-0.06086133,-0.9658458,-0.6324829,0.170653,-7.748464,11.04485,10.15582,6.146664
R,0.01611328,1.365255,-0.05759292,-0.8254136,-0.4287082,0.2152213,9.247288,13.41832,2.934767,6.16185
R,0.01295532,1.364622,-0.05200051,-0.245505,-0.04925675,0.4347615,45.08291,29.49909,17.06736,6.174713
R,0.007037143,1.363272,-0.0464233,-0.4151495,-0.0946615,0.3912318,-11.90026,-3.185064,-3.053529,6.188969
R,-0.003260619,1.3524,-0.04574822,-0.7494437,-0.7912618,0.04913042,-24.32905,-50.69672,-24.89723,6.202709
R,-0.01378958,1.343803,-0.04383344,-0.7334852,-0.5988739,0.1333902,1.111725,13.40243,5.869835,6.217064
R,-0.02447945,1.336541,-0.04109124,-0.7825428,-0.5315816,0.2007402,-3.591215,4.926073,4.930297,6.230724
R,-0.02972243,1.335878,-0.03709809,-0.3829519,-0.04844664,0.291664,29.1865,35.28864,6.641166,6.244415
R,-0.03663228,1.334128,-0.03297706,-0.4885049,-0.1237527,0.291344,-7.462261,-5.323903,-0.02262212,6.25856
R,-0.03814583,1.337134,-0.02788958,-0.1074089,0.2133527,0.3610315,27.0444,23.92262,4.945357,6.272652
R,-0.04202597,1.338286,-0.02299038,-0.2708081,0.0803714,0.3419318,-11.40418,-9.281219,-1.333032,6.28698
R,-0.04493375,1.326747,-0.02257885,-0.2150234,-0.8532705,0.03043211,4.125144,-69.04051,-23.03464,6.300503
R,-0.04941399,1.317634,-0.02112838,-0.3401297,-0.6918079,0.1101163,-9.49779,12.25788,6.049441,6.313675
R,-0.05487012,1.309965,-0.0189861,-0.3724719,-0.5235514,0.1462465,-2.207894,11.48631,2.466489,6.328323
R,-0.05509381,1.308835,-0.02026219,-0.01639271,-0.08283827,-0.09351985,26.09562,32.2981,-17.57151,6.341969
R,-0.05682147,1.307084,-0.0203315,-0.1289571,-0.1306414,-0.005173251,-8.402076,-3.568136,6.594399,6.355366
R,-0.05624448,1.304928,-0.0237199,0.04101298,-0.1532758,-0.2408487,12.08152,-1.608863,-16.75187,6.369434
R,-0.05704239,1.302074,-0.02620981,-0.05378426,-0.1923856,-0.1678359,-6.389953,-2.636252,4.921539,6.38427
R,-0.05895618,1.298803,-0.02780865,-0.1483408,-0.2535574,-0.1239289,-7.329219,-4.741526,3.403302,6.397171
R,-0.04785194,1.312799,-0.009498297,0.8008001,1.009354,1.320482,68.44885,91.0769,104.166,6.411037
R,-0.04083655,1.322265,0.004605438,0.5077424,0.6851187,1.020765,-21.21019,-23.46665,-21.69216,6.424854
R,-0.0409729,1.321242,-0.0002106039,-0.009692012,-0.07271048,-0.3423255,-36.77937,-53.8667,-96.88879,6.438923
R,-0.04114686,1.320965,-0.0009123152,-0.01245944,-0.01985997,-0.0502594,-0.1982146,3.785367,20.91895,6.452885
R,-0.04199064,1.311833,-0.01585579,-0.06113664,-0.6616225,-1.082737,-3.526931,-46.49922,-74.80871,6.466686
R,-0.04306756,1.30501,-0.02572723,-0.07642355,-0.4842143,-0.7005242,-1.084832,12.58974,27.12368,6.480778
R,-0.0442877,1.299565,-0.03273253,-0.08956946,-0.3997042,-0.5142534,-0.9650297,6.20381,13.67397,6.4944
R,-0.04290977,1.304828,-0.02308145,0.09820985,0.3750765,0.6878668,13.38369,55.22134,85.67934,6.50843
R,-0.0414166,1.311373,-0.01005995,0.1080099,0.4734409,0.9419167,0.708889,7.115247,18.37684,6.522255
R,-0.02941845,1.322079,0.009539626,0.8512156,0.7595653,1.390504,52.72718,20.29926,31.8253,6.53635
R,-0.02069299,1.329717,0.02445513,0.6175293,0.5405811,1.055618,-16.53873,-15.49822,-23.70095,6.55048
R,-0.01424713,1.335292,0.03610444,0.4793595,0.4146099,0.8663252,-10.27529,-9.36811,-14.07717,6.563927
R,-0.015142,1.353233,0.06631899,-0.06340121,1.271081,2.140693,-38.45444,60.68075,90.28861,6.578041
R,-0.01533047,1.367006,0.09042837,-0.01374701,1.004582,1.758523,3.621745,-19.43825,-27.87524,6.591751
R,-0.007008925,1.386866,0.101978,0.6078137,1.450587,0.843596,45.39939,32.57661,-66.82713,6.605442
R,-0.0004265918,1.402729,0.1125725,0.4546822,1.095759,0.7318239,-10.57773,-24.51013,-7.720788,6.619919
R,0.004950989,1.415805,0.1228317,0.3911488,0.9511133,0.7462282,-4.621226,-10.5211,1.047725,6.633667
R,0.03900588,1.414376,0.083135,2.490872,-0.1045358,-2.903532,153.5797,-77.2132,-266.9539,6.647339
R,0.06556455,1.415253,0.06105934,1.888822,0.06238979,-1.569995,-42.81708,11.87155,94.83958,6.6614
R,0.07966296,1.397084,-0.0240004,1.000762,-1.28972,-6.037883,-63.03805,-95.97822,-317.1487,6.675488
R,0.09175183,1.386097,-0.04755864,0.8548755,-0.776917,-1.665943,-10.31651,36.26338,309.1659,6.689629
R,0.09057269,1.366963,-0.0817297,-0.08925889,-1.44841,-2.586699,-71.46958,-50.83104,-69.69991,6.702839
R,0.09191988,1.354098,-0.1081183,0.09196778,-0.8782471,-1.801463,12.37174,38.92312,53.60546,6.717487
R,0.09500092,1.344665,-0.130502,0.2137845,-0.6545874,-1.553138,8.452492,15.51907,17.23053,6.731899
R,0.107995,1.335941,-0.1171936,1.035353,-0.6950703,1.0604,65.46176,-3.225636,208.2442,6.74445
R,0.1194015,1.328992,-0.1114757,0.8031561,-0.4893063,0.4026129,-16.34943,14.48826,-46.31615,6.758652
R,0.1237764,1.345341,-0.084629,0.3071386,1.147772,1.884759,-34.82272,114.9305,104.0535,6.772896
R,0.1289034,1.356727,-0.06682945,0.395064,0.8773699,1.371559,6.775169,-20.83607,-39.54506,6.785873
R,0.1346147,1.364606,-0.05557391,0.4036623,0.5568634,0.7955167,0.6077089,-22.6527,-40.71344,6.800022
R,0.1516905,1.378365,-0.04680187,1.230775,0.9916999,0.6322626,59.61578,31.34171,-11.76686,6.813896
R,0.1662347,1.388753,-0.04092522,1.054678,0.7533109,0.4261489,-12.7698,-17.28693,-14.94646,6.827686
R,0.1753127,1.391698,-0.04747342,0.6390337,0.2073292,-0.4609485,-29.25848,-38.43336,-62.44556,6.841892
R,0.1841197,1.394534,-0.0522665,0.6278779,0.2021859,-0.3417121,-0.7953325,-0.3666786,8.500708,6.855919
R,0.1928554,1.397353,-0.06109316,0.6339956,0.2045785,-0.6406026,0.4439974,0.1736454,-21.69223,6.869698
R,0.2015455,1.400202,-0.06775937,0.6324438,0.2073414,-0.4851493,-0.1129364,0.2010775,11.31348,6.883438
R,0.2102092,1.403071,-0.07313334,0.616988,0.2043008,-0.3827096,-1.10069,-0.2165374,7.295292,6.89748
R,0.2196399,1.40198,-0.07786236,0.6763936,-0.07823187,-0.3391747,4.260692,-20.26382,3.122407,6.911423
R,0.2288641,1.401967,-0.08204514,0.628557,-0.000877307,-0.2850248,-3.259707,5.27113,3.689911,6.926098
R,0.2383698,1.402904,-0.08606321,0.7372376,0.07265162,-0.3116309,8.428989,5.702713,-2.063503,6.938992
R,0.2476646,1.40421,-0.08982511,0.6590679,0.09259196,-0.266746,-5.542797,1.413914,3.182661,6.953094
R,0.2568402,1.405744,-0.09342343,0.6356596,0.1062616,-0.249281,-1.621659,0.9469879,1.209925,6.967529
R,0.2627591,1.401715,-0.1004791,0.4444554,-0.3025369,-0.52982,-14.35779,-30.69724,-21.06606,6.980846
R,0.2694423,1.39935,-0.1064606,0.4767219,-0.168665,-0.4266672,2.301628,9.549312,7.358063,6.994865
R,0.2774086,1.397973,-0.1096925,0.5707353,-0.09866938,-0.2315481,6.735456,5.014737,13.97904,7.008823
R,0.2855195,1.397268,-0.1131046,0.5914378,-0.05140821,-0.248808,1.509605,3.44624,-1.25858,7.022537
R,0.2911715,1.395925,-0.1179104,0.3954205,-0.09395016,-0.3362164,-13.71357,-2.976279,-6.115178,7.036831
R,0.297508,1.395124,-0.1224294,0.4708271,-0.05952381,-0.335783,5.603004,2.558011,0.03219777,7.050289
R,0.3043157,1.394664,-0.1267724,0.4931179,-0.03332239,-0.3145864,1.614645,1.897912,1.535386,7.064095
R,0.3109815,1.392241,-0.1287834,0.4680949,-0.1701463,-0.1412162,-1.757199,-9.608244,12.17465,7.078335
R,0.3179408,1.390547,-0.131343,0.5150648,-0.1254235,-0.1894355,3.476245,3.309945,-3.568716,7.091846
R,0.321283,1.386261,-0.134378,0.241623,-0.3098197,-0.2194211,-19.76865,-13.33104,-2.167833,7.105679
R,0.3257229,1.383098,-0.1375896,0.3143102,-0.2239063,-0.2273537,5.145696,6.08201,-0.5615612,7.119804
R,0.3309007,1.380631,-0.1409111,0.3654647,-0.1741216,-0.2344423,3.610622,3.513938,-0.5003355,7.133972
R,0.3389848,1.376675,-0.1419021,0.5847648,-0.2861738,-0.07168141,15.86319,-8.105355,11.7734,7.147797
R,0.3467216,1.373527,-0.1435993,0.5481504,-0.2230405,-0.1202513,-2.594122,4.472972,-3.441161,7.161911
R,0.352607,1.37018,-0.1456177,0.4303565,-0.2447263,-0.1475887,-8.613374,-1.585715,-1.99898,7.175587
R,0.3587336,1.367338,-0.1479483,0.4352473,-0.2019055,-0.1655668,0.3474488,3.042064,-1.277193,7.189663
R,0.3632625,1.36397,-0.1479491,0.3411526,-0.2536997,-6.28592E-05,-7.088037,-3.901594,12.4672,7.202938
R,0.3683526,1.361025,-0.1487419,0.358117,-0.2072346,-0.05577781,1.193534,3.269067,-3.919844,7.217152
R,0.3738237,1.358343,-0.1500411,0.3897333,-0.1910241,-0.09254628,2.252187,1.154753,-2.619194,7.23119
R,0.3815543,1.357012,-0.1509046,0.5724642,-0.09860522,-0.06394222,13.53158,6.843801,2.118187,7.244694
R,0.3860121,1.356924,-0.1533829,0.3168659,-0.006194076,-0.1761647,-18.16799,6.568608,-7.976801,7.258762
R,0.3908573,1.356324,-0.1557768,0.3320588,-0.04111928,-0.1640605,1.041236,-2.393577,0.8295547,7.273354
R,0.3960746,1.355387,-0.1581552,0.3993248,-0.07177007,-0.1820381,5.148431,-2.345962,-1.37598,7.286419
R,0.401491,1.354242,-0.1605097,0.3809741,-0.080544,-0.1656105,-1.290721,-0.6171272,1.155457,7.300636
R,0.392748,1.344647,-0.1733086,-0.634532,-0.6963074,-0.9288894,-73.70123,-44.68956,-55.39562,7.314415
R,0.3893068,1.341522,-0.1763749,-0.2493328,-0.2264891,-0.2221672,27.9098,34.04092,51.20591,7.328217
R,0.3880426,1.338647,-0.1794902,-0.08772209,-0.1994193,-0.216162,11.21368,1.878288,0.4166784,7.342628
R,0.388945,1.336721,-0.1788685,0.06508124,-0.1389357,0.04483537,11.01966,4.361876,18.82226,7.356495
R,0.3902003,1.334877,-0.1788488,0.08647955,-0.1270286,0.001354098,1.474229,0.8203361,-2.995625,7.37101
R,0.3919472,1.332729,-0.1792804,0.1351247,-0.1661903,-0.03338582,3.762769,-3.029211,-2.687182,7.383938
R,0.3983149,1.329239,-0.1792486,0.4284523,-0.2348162,0.002142622,19.73667,-4.617523,2.390546,7.3988
R,0.4042118,1.325891,-0.1797499,0.4657559,-0.264434,-0.03959565,2.946346,-2.339297,-3.296607,7.411461
R,0.4072507,1.321689,-0.1819282,0.218433,-0.3020119,-0.1565756,-17.77741,-2.701081,-8.408443,7.425373
R,0.4102578,1.318074,-0.1839229,0.2168055,-0.2606573,-0.1438114,-0.1173368,2.981537,0.9202549,7.439243
R,0.4132847,1.314787,-0.185812,0.2162083,-0.2348008,-0.1349349,-0.04265689,1.846905,0.6340451,7.453243
R,0.4170556,1.31346,-0.1854971,0.255827,-0.09002976,0.02136407,2.687842,9.821648,10.60373,7.467983
R,0.4207353,1.311805,-0.1856433,0.2771092,-0.124587,-0.01101179,1.602698,-2.602409,-2.438132,7.481262
R,0.4253808,1.309365,-0.1865551,0.3351977,-0.1760941,-0.06579338,4.191457,-3.716563,-3.95284,7.495121
R,0.4298396,1.306843,-0.1876185,0.3116917,-0.176275,-0.07433438,-1.643194,-0.01264375,-0.5970588,7.509426
R,0.433429,1.306336,-0.1889946,0.273374,-0.0386494,-0.1048048,-2.918291,10.48162,-2.320642,7.522556
R,0.4369588,1.305413,-0.1903454,0.2499472,-0.06530254,-0.09565037,-1.658881,-1.887347,0.6482418,7.536678
R,0.4356308,1.306232,-0.1898413,-0.09587364,0.05910906,0.0363902,-24.96692,8.982031,9.532812,7.550529
R,0.4361377,1.306172,-0.1900792,0.0374085,-0.004425324,-0.01755503,9.836462,-4.688952,-3.981255,7.564079
R,0.4384428,1.305691,-0.1911298,0.1602827,-0.03343004,-0.07305206,8.543959,-2.01682,-3.858943,7.578461
R,0.4406776,1.305565,-0.1935693,0.1646554,-0.009283656,-0.1797358,0.322169,1.779042,-7.860176,7.592033
R,0.4432238,1.305191,-0.1960503,0.1838778,-0.02706612,-0.1791699,1.38817,-1.284178,0.0408682,7.605881
R,0.4458328,1.304632,-0.1983586,0.187485,-0.04016756,-0.16587,0.2592099,-0.9414651,0.955726,7.619797
R,0.4481381,1.303208,-0.1995644,0.1615809,-0.09980782,-0.08452331,-1.815672,-4.180304,5.70175,7.634064
R,0.4504526,1.301843,-0.2007925,0.1625326,-0.09583445,-0.08624096,0.06683633,0.2790238,-0.1206192,7.648304
R,0.4506455,1.302323,-0.2008326,0.01427292,0.0355643,-0.002962221,-10.97273,9.724843,6.163473,7.661816
R,0.4508985,1.30258,-0.2009328,0.01791684,0.01819962,-0.007100258,0.2580309,-1.229618,-0.2930205,7.675938
R,0.4510313,1.302516,-0.2010711,0.009720913,-0.004693607,-0.01011677,-0.5998079,-1.675411,-0.2207597,7.689602
R,0.4512961,1.302383,-0.2013052,0.01975135,-0.00993348,-0.01746363,0.7482696,-0.3908939,-0.5480746,7.703007
R,0.4518057,1.302127,-0.2017185,0.03370829,-0.01693004,-0.02734079,0.9232214,-0.4628075,-0.6533533,7.718124
R,0.4518722,1.302002,-0.2015998,0.005074262,-0.009562246,0.009047547,-2.183315,0.5617868,2.774574,7.731239
R,0.4519834,1.301848,-0.2014957,0.00814676,-0.01127307,0.00763117,0.225234,-0.1254146,-0.1038297,7.744881
R,0.4519315,1.301727,-0.2015069,-0.003507159,-0.008159185,-0.0007578689,-0.788185,0.2106002,-0.5673726,7.759666
R,0.4519091,1.301585,-0.2015415,-0.001459755,-0.009274193,-0.002250698,0.1331798,-0.07252921,-0.09710575,7.77504
R,0.4519158,1.301421,-0.2015975,0.0005193015,-0.01262868,-0.004314108,0.1525876,-0.2586346,-0.1590914,7.78801
R,0.4518638,1.301446,-0.2015697,-0.003890634,0.0019007,0.002083631,-0.330108,1.087604,0.478906,7.801369
R,0.4518326,1.301466,-0.2015545,-0.002313507,0.001448149,0.001121433,0.1168224,-0.03352172,-0.07127281,7.814869
R,0.4518197,1.301733,-0.2015528,-0.000943454,0.01964836,0.0001280558,0.1006307,1.33681,-0.07296379,7.828484
R,0.4518258,1.302011,-0.2015631,0.0004229698,0.01929074,-0.0007173899,0.09506364,-0.02488018,-0.0588186,7.842857
R,0.45186,1.302057,-0.2014826,0.002471411,0.003341141,0.005813628,0.1479709,-1.152133,0.4717738,7.856701
R,0.4519118,1.302093,-0.2014056,0.003927719,0.002739008,0.005838471,0.1104317,-0.0456597,0.001883845,7.869888
R,0.4519801,1.302122,-0.2013327,0.005141694,0.002156412,0.005493234,0.09149977,-0.04391146,-0.02602119,7.883156
R,0.4520354,1.302059,-0.2017554,0.003795811,-0.004311191,-0.02900749,-0.09235997,-0.4438333,-2.36758,7.897728
R,0.4521874,1.301892,-0.202775,0.01098444,-0.0120676,-0.07367179,0.5194203,-0.5604454,-3.227254,7.911568
R,0.4528679,1.300072,-0.2056785,0.05044984,-0.1349247,-0.2152503,2.925797,-9.108104,-10.49603,7.925056
R,0.4535853,1.298225,-0.2085815,0.04530535,-0.1166361,-0.1833312,-0.3248848,1.154966,2.015754,7.940891
R,0.4542255,1.296635,-0.2110491,0.04738451,-0.1176507,-0.1826277,0.1538792,-0.07509385,0.05206936,7.954403
R,0.4556333,1.2942,-0.2140332,0.1061983,-0.183687,-0.2251113,4.436742,-4.981592,-3.204843,7.967659
R,0.4568165,1.292158,-0.2165508,0.08933072,-0.1541979,-0.1900832,-1.27354,2.226501,2.644705,7.980904
R,0.4570246,1.291211,-0.218495,0.01573538,-0.07160107,-0.1469597,-5.563026,6.243442,3.259676,7.994133
R,0.4572579,1.29034,-0.2201815,0.01633902,-0.06098844,-0.118151,0.04228761,0.7434626,2.018179,8.008408
R,0.457521,1.289486,-0.2217622,0.01885938,-0.0612353,-0.1133101,0.1806662,-0.01769562,0.3470111,8.022358
R,0.457405,1.287844,-0.2221256,-0.00843698,-0.1194664,-0.02643413,-1.986005,-4.23673,6.320847,8.036102
R,0.4573521,1.286197,-0.2226354,-0.003703735,-0.1153962,-0.03571786,0.3315852,0.2851385,-0.6503671,8.050377
R,0.4590519,1.283218,-0.2234143,0.1218468,-0.2135288,-0.0558347,8.999814,-7.034424,-1.442031,8.064327
R,0.4606811,1.280327,-0.2243344,0.1168775,-0.2074353,-0.06600429,-0.3565073,0.4371579,-0.7295833,8.078266
R,0.4625748,1.278524,-0.2248242,0.138786,-0.1321027,-0.03590212,1.605587,5.52083,2.206068,8.091911
R,0.4642013,1.276866,-0.2253886,0.115737,-0.1179679,-0.04015994,-1.640109,1.005794,-0.3029759,8.105965
R,0.4656541,1.275293,-0.2260092,0.1024876,-0.1110065,-0.04377502,-0.9346755,0.4910927,-0.2550245,8.12014
R,0.4666922,1.275259,-0.2259732,0.06952406,-0.002219596,0.002405228,-2.207762,7.286108,3.092968,8.135071
R,0.4676388,1.275099,-0.2260316,0.06120884,-0.01036785,-0.003772316,-0.537688,-0.5268906,-0.3994588,8.150536
R,0.4691329,1.274147,-0.2263915,0.05930946,-0.03779433,-0.01428762,-0.07539524,-1.088687,-0.4174023,8.175728
R,0.4721065,1.271814,-0.226846,0.2100512,-0.1647888,-0.03210262,10.64835,-8.970853,-1.258446,8.189884
R,0.4737337,1.270372,-0.2269262,0.1289925,-0.1143219,-0.006356072,-6.425478,4.000483,2.040914,8.202499
R,0.4751699,1.269039,-0.2270721,0.1017229,-0.09440861,-0.01033504,-1.931519,1.41047,-0.281833,8.216618
R,0.4762122,1.267425,-0.2263791,0.0743133,-0.1150734,0.04940338,-1.954112,-1.473255,4.258926,8.230644
R,0.4772789,1.26583,-0.2258173,0.0789433,-0.1180477,0.04158138,0.3426676,-0.2201274,-0.5789077,8.244156
R,0.4779539,1.264771,-0.2261129,0.0461135,-0.07233842,-0.02019502,-2.242934,3.122861,-4.220566,8.258793
R,0.4786497,1.26372,-0.2264092,0.04050219,-0.06116785,-0.01724509,-0.3265918,0.6501547,0.1716932,8.275974
R,0.4794032,1.262616,-0.2267166,0.03095856,-0.04538107,-0.01263164,-0.3921326,0.6486534,0.1895593,8.300312
R,0.4791539,1.26194,-0.22679,-0.01737149,-0.0471159,-0.005113844,-3.367739,-0.1208861,0.5238555,8.314663
R,0.4793111,1.261801,-0.2272172,0.01181053,-0.01037787,-0.03208945,2.191946,2.7595,-2.026216,8.327976
R,0.4796018,1.261593,-0.2278491,0.02001132,-0.01432839,-0.04349806,0.5645455,-0.2719553,-0.7853724,8.342503
R,0.480011,1.261278,-0.2286406,0.03026683,-0.02331405,-0.05854966,0.7585829,-0.6646551,-1.113343,8.356022
R,0.4803721,1.261199,-0.2289005,0.0269117,-0.005891029,-0.01936909,-0.2500787,1.298647,2.920373,8.369438
R,0.4807382,1.261092,-0.2291515,0.02632594,-0.007705362,-0.01804846,-0.0421154,-0.1304488,0.09495209,8.383347
R,0.4811625,1.260904,-0.2298673,0.0301427,-0.01337229,-0.0508543,0.2711493,-0.4025884,-2.330583,8.397423
R,0.4816721,1.260651,-0.230686,0.03641149,-0.01803966,-0.05848941,0.4478945,-0.3334757,-0.5455165,8.411419
R,0.4822278,1.260353,-0.2315388,0.03869107,-0.02073373,-0.05938226,0.1587196,-0.1875791,-0.06216618,8.425781
R,0.4825625,1.260477,-0.2317992,0.02452299,0.009042144,-0.01908133,-1.038321,2.182155,2.953494,8.439426
R,0.4828617,1.260562,-0.2320286,0.02106836,0.005984757,-0.01615486,-0.2432479,-0.2152768,0.2060586,8.453629
R,0.482971,1.260759,-0.2322348,0.008243782,0.01482533,-0.01554189,-0.9666147,0.6663322,0.04620077,8.466896
R,0.4830962,1.260951,-0.2324593,0.009178322,0.01414336,-0.0164587,0.06852696,-0.0500071,-0.0672269,8.480534
R,0.4831516,1.260921,-0.2327271,0.003958447,-0.002207186,-0.0191435,-0.3731549,-1.168857,-0.1919294,8.494522
R,0.4832234,1.26087,-0.2330426,0.005186811,-0.003684573,-0.02278861,0.08870752,-0.106691,-0.2632351,8.508369
R,0.4833165,1.260796,-0.2334192,0.006174522,-0.004884294,-0.02496384,0.06548371,-0.07953963,-0.1442145,8.523453
R,0.4834263,1.26082,-0.2337747,0.004014121,0.0008673291,-0.0129985,-0.07898691,0.2102864,0.4374678,8.550804
R,0.4839984,1.261153,-0.234896,0.04267528,0.02490929,-0.08364978,2.884118,1.793528,-5.270577,8.564209
R,0.484374,1.261348,-0.2355999,0.02712423,0.01404098,-0.05083183,-1.123035,-0.7848659,2.36998,8.578056
R,0.4847266,1.261516,-0.2362483,0.02377097,0.01130593,-0.04370802,-0.2260312,-0.1843603,0.4801915,8.592892
R,0.486005,1.261221,-0.2374168,0.0948825,-0.02188916,-0.08672605,5.277877,-2.463729,-3.192786,8.606365
R,0.4873411,1.260906,-0.2386319,0.1001264,-0.02357597,-0.09105538,0.3929841,-0.1264119,-0.3244449,8.619709
R,0.4875118,1.260849,-0.2390852,0.006073797,-0.002044036,-0.01612753,-3.345817,0.7659748,2.665475,8.64782
R,0.4875489,1.260665,-0.2398598,0.002806279,-0.01388488,-0.05858361,-0.2471322,-0.8955587,-3.211081,8.661041
R,0.487586,1.260556,-0.2403044,0.002645278,-0.007799741,-0.03172207,-0.01148762,0.4341815,1.916601,8.675056
R,0.4876327,1.260445,-0.2407491,0.003307158,-0.007878009,-0.03153317,0.04693209,-0.005549758,0.01339425,8.689159
R,0.4875601,1.259434,-0.2416755,-0.005256545,-0.07321601,-0.06710676,-0.6203159,-4.73279,-2.57679,8.702965
R,0.4874913,1.258272,-0.2427472,-0.004893684,-0.08266868,-0.07627847,0.0258273,-0.67281,-0.6528125,8.717014
R,0.4881399,1.257539,-0.2434014,0.04592745,-0.05192295,-0.04632736,3.598719,2.17715,2.120881,8.731136
R,0.4887471,1.256858,-0.2440161,0.04565808,-0.05121378,-0.04622284,-0.02025681,0.05332855,0.007860123,8.744434
R,0.4893209,1.256212,-0.2446063,0.04013182,-0.04521578,-0.04128243,-0.3865197,0.4195144,0.3455437,8.758732
R,0.4895884,1.256095,-0.2453365,0.01937051,-0.008474869,-0.05286005,-1.503024,2.659876,-0.8381671,8.772545
R,0.4898511,1.255969,-0.2460379,0.01911265,-0.009170253,-0.05104911,-0.01876684,-0.05060821,0.1317953,8.786285
R,0.4907168,1.255315,-0.2466691,0.05922168,-0.04473839,-0.04317467,2.743827,-2.433187,0.5386845,8.800903
R,0.4916396,1.254609,-0.2473503,0.06947336,-0.05308551,-0.05128384,0.7718024,-0.6284171,-0.6105027,8.814186
R,0.4928112,1.25542,-0.2479543,0.08414598,0.05824486,-0.04338292,1.053791,7.995778,0.5674459,8.82811
R,0.4940652,1.256258,-0.2486153,0.08844078,0.059053,-0.04661858,0.3028936,0.05699452,-0.2281969,8.842289
R,0.4953009,1.257044,-0.2492815,0.08941355,0.05691934,-0.04819793,0.07038581,-0.1543823,-0.1142748,8.85611
R,0.4956602,1.256711,-0.2511621,0.02549108,-0.0236786,-0.1334628,-4.536246,-5.719617,-6.050807,8.870201
R,0.4960637,1.256381,-0.2530583,0.0300879,-0.0246196,-0.141376,0.3427271,-0.07015821,-0.5899882,8.883614
R,0.4961936,1.255877,-0.2546864,0.008768435,-0.03399504,-0.1099405,-1.439663,-0.6331057,2.12278,8.898422
R,0.4963569,1.255433,-0.2561806,0.01143608,-0.03109146,-0.1045915,0.186731,0.2032463,0.3744195,8.912708
R,0.4965458,1.255038,-0.2575622,0.01413521,-0.02952826,-0.1033868,0.2019866,0.1169802,0.09015375,8.926071
R,0.4978358,1.253039,-0.2599974,0.09907889,-0.1535489,-0.1870445,6.524312,-9.525718,-6.425536,8.939091
R,0.4990632,1.251213,-0.262322,0.0853469,-0.127006,-0.1616379,-0.9548429,1.845644,1.766625,8.953472
R,0.5004861,1.249876,-0.2643001,0.1054014,-0.09902161,-0.146528,1.485496,2.072882,1.119238,8.966972
R,0.5016984,1.248745,-0.2660365,0.08353871,-0.07791962,-0.1196561,-1.506619,1.454195,1.851813,8.981483
R,0.5018309,1.246865,-0.2679328,0.009773319,-0.1386818,-0.1398732,-5.440955,-4.481832,-1.491218,8.995041
R,0.5020301,1.24519,-0.2697093,0.01414033,-0.1188498,-0.126068,0.3099041,1.40737,0.979682,9.009132
R,0.502282,1.243688,-0.2713751,0.01827096,-0.10896,-0.1208343,0.2996182,0.7173687,0.3796288,9.022919
R,0.5037324,1.241969,-0.2736508,0.1041695,-0.1234589,-0.1634375,6.169258,-1.041319,-3.05977,9.036842
R,0.5050573,1.240355,-0.2758119,0.09538502,-0.1161855,-0.1555934,-0.6324643,0.5236725,0.5647573,9.050732
R,0.5059015,1.238824,-0.2765169,0.05692194,-0.1032343,-0.04753207,-2.59333,0.8732162,7.285914,9.065563
R,0.5066716,1.237441,-0.2772854,0.05918352,-0.1063013,-0.05906671,0.1738084,-0.2357063,-0.8864665,9.078575
R,0.5074247,1.236103,-0.2781352,0.05584335,-0.09923974,-0.06301273,-0.247696,0.5236624,-0.2926234,9.09206
R,0.5072383,1.236101,-0.2780558,-0.01344137,-0.0001203576,0.005721286,-4.996582,7.148158,4.956866,9.105927
R,0.5070699,1.236068,-0.2780152,-0.01222055,-0.00237057,0.00294591,0.08860203,-0.1633111,-0.2014253,9.119705
R,0.5069325,1.236026,-0.2778882,-0.009832275,-0.003062722,0.009090056,0.1709178,-0.04953409,0.4397082,9.133678
R,0.5068097,1.235949,-0.2777901,-0.008810705,-0.005497606,0.007038731,0.07326911,-0.1746348,-0.1471252,9.147621
R,0.5067008,1.23584,-0.2777203,-0.007630717,-0.007622359,0.004889342,0.08272982,-0.148968,-0.1506952,9.161884
R,0.5065619,1.236028,-0.2772982,-0.009963396,0.01349548,0.03028573,-0.1673503,1.515029,1.821979,9.175823
R,0.5063732,1.236288,-0.276676,-0.0137796,0.01895891,0.04543002,-0.2786613,0.3989429,1.105845,9.189518
R,0.5049562,1.237074,-0.2752625,-0.09809051,0.05438837,0.09784914,-5.836176,2.4525,3.628561,9.203964
R,0.5035693,1.237801,-0.2739156,-0.1048637,0.05501875,0.1018374,-0.5121306,0.04766397,0.3015581,9.21719
R,0.5032836,1.237983,-0.2732775,-0.02034518,0.0129041,0.04544663,6.019024,-2.999213,-4.015893,9.231232
R,0.5030961,1.238084,-0.272857,-0.01388987,0.007479161,0.03114404,0.4781639,-0.4018412,-1.059435,9.244732
R,0.502959,1.238144,-0.2725526,-0.009652833,0.004280822,0.02143559,0.2983383,-0.2252015,-0.6835918,9.258934
R,0.5029104,1.238268,-0.2713488,-0.003455733,0.008777137,0.08563221,0.4408501,0.3198594,4.566827,9.272991
R,0.502864,1.238383,-0.2700256,-0.003330198,0.008242134,0.09490851,0.009003579,-0.03837149,0.6653156,9.286934
R,0.5028748,1.239136,-0.2680973,0.0007475879,0.0521742,0.1336159,0.2825713,3.044284,2.682235,9.301365
R,0.5028914,1.239817,-0.2663123,0.001289712,0.05300809,0.1389386,0.04219554,0.06490487,0.4142922,9.314213
R,0.5029109,1.24039,-0.2647683,0.001393799,0.04087061,0.1100762,0.007420685,-0.8653159,-2.05769,9.328239
R,0.502263,1.243724,-0.258132,-0.04599072,0.2366893,0.4710665,-3.363544,13.9,25.62455,9.342327
R,0.5017616,1.246375,-0.2527677,-0.03632877,0.1920778,0.3886751,0.7000614,-3.232352,-5.969707,9.356129
R,0.5001413,1.252094,-0.2410201,-0.1156139,0.4080447,0.8382075,-5.657086,15.40948,32.07463,9.370144
R,0.4989334,1.256482,-0.2318985,-0.08641512,0.3138987,0.6526135,2.089055,-6.735753,-13.27848,9.384121
R,0.4905432,1.260876,-0.2193013,-0.5835662,0.3056679,0.8761629,-34.57818,-0.5724745,15.54846,9.398499
R,0.4843459,1.264499,-0.2090876,-0.4389544,0.2565692,0.7234489,10.24294,-3.477694,-10.81682,9.412617
R,0.4794665,1.267628,-0.2004894,-0.3917616,0.2512347,0.6903403,3.789072,-0.4283021,-2.65826,9.425072
R,0.4712411,1.276574,-0.1870671,-0.5678784,0.6176751,0.9266701,-12.15907,25.29896,16.31616,9.439556
R,0.4647201,1.283788,-0.175678,-0.472353,0.5224941,0.8249722,6.919434,-6.894481,-7.366542,9.453362
R,0.4514624,1.28858,-0.1646376,-0.9735075,0.3519258,0.8106957,-36.79963,-12.52478,-1.048315,9.46698
R,0.4410858,1.292933,-0.1547449,-0.7236445,0.3035548,0.6898943,17.42487,-3.373279,-8.424415,9.481319
R,0.4323439,1.297035,-0.145592,-0.6234018,0.2925054,0.6527125,7.148535,-0.7879552,-2.651519,9.495342
R,0.4246657,1.299873,-0.1344604,-0.5631799,0.2081789,0.8164762,4.417131,-6.185145,12.01166,9.508976
R,0.4176125,1.302904,-0.1242234,-0.5109038,0.2195617,0.7415199,3.786638,0.8245199,-5.429495,9.522781
R,0.411861,1.308474,-0.1158697,-0.4116076,0.3985889,0.5978418,7.106172,12.81215,-10.28238,9.536755
R,0.4060962,1.313515,-0.1075839,-0.4043915,0.3536008,0.5812342,0.5062007,-3.155836,-1.164993,9.55101
R,0.3911536,1.312893,-0.09809186,-1.097229,-0.0456145,0.6969954,-50.87488,-29.31426,8.500306,9.564629
R,0.3788708,1.3134,-0.08890396,-0.899649,0.03712629,0.6729676,14.47179,6.060352,-1.759919,9.578281
R,0.3680315,1.314659,-0.07993514,-0.7704633,0.08950482,0.6375062,9.182548,3.723079,-2.520599,9.59235
R,0.3517429,1.312284,-0.07279085,-1.144762,-0.1669571,0.5020998,-26.30565,-18.02412,-9.516354,9.606579
R,0.3379765,1.311301,-0.06530575,-1.022028,-0.07296976,0.5556992,9.111831,6.977689,3.979259,9.620049
R,0.3251594,1.308803,-0.06101583,-0.9220401,-0.1796789,0.3086106,7.192988,-7.676499,-17.77518,9.633949
R,0.3133414,1.307495,-0.05570711,-0.8555712,-0.09469932,0.3843277,4.812047,6.152138,5.481568,9.647762
R,0.3021147,1.306931,-0.04970961,-0.8089631,-0.04063015,0.432163,3.358447,3.896071,3.44688,9.66164
R,0.2858782,1.303006,-0.04030169,-1.170923,-0.2830983,0.6784675,-26.10332,-17.48599,17.76266,9.675507
R,0.2715582,1.300419,-0.03137997,-1.029594,-0.1859572,0.6414633,10.16144,6.984357,-2.660566,9.689415
R,0.2724158,1.299307,-0.02250126,0.06246093,-0.08099472,0.6467074,79.54308,7.645259,0.3819681,9.703144
R,0.2699634,1.298545,-0.01392881,-0.1724009,-0.05363368,0.6026328,-16.51049,1.923446,-3.098393,9.717369
R,0.2655136,1.297997,-0.0055561,-0.3172381,-0.03905188,0.5969145,-10.32586,1.039579,-0.4076735,9.731396
R,0.2372473,1.292168,-0.005671196,-2.128654,-0.4389633,-0.008667553,-136.4125,-30.11617,-45.60462,9.744675
R,0.215796,1.287935,-0.003653679,-1.501553,-0.296295,0.141223,43.89605,9.986548,10.4921,9.758961
R,0.2014532,1.282922,-1.291472E-05,-1.036925,-0.3623828,0.2632114,33.59057,-4.777856,8.819233,9.772793
R,0.1876746,1.27901,0.004466121,-0.9890375,-0.2808136,0.3215094,3.437427,5.855114,4.184685,9.786724
R,0.1781945,1.276871,0.00967951,-0.6712978,-0.1514975,0.3691677,22.4996,9.157062,3.374751,9.800846
R,0.1679673,1.27486,0.01516052,-0.7539359,-0.1482178,0.4040532,-6.091979,0.2417756,2.571721,9.814411
R,0.1573615,1.272929,0.02080627,-0.7654895,-0.139386,0.407489,-0.8338897,0.6374447,0.2479802,9.828266
R,0.148832,1.270666,0.01905706,-0.6110842,-0.1621515,-0.12532,11.06215,-1.631005,-38.17236,9.842224
R,0.1394703,1.268536,0.01936406,-0.6627365,-0.1507562,0.02173372,-3.656592,0.8067065,10.41028,9.85635
R,0.124253,1.263764,0.01004729,-1.114283,-0.3494675,-0.6822166,-33.0643,-14.55056,-51.54646,9.870007
R,0.1103492,1.259788,0.004613023,-1.004352,-0.2872003,-0.3925492,7.940927,4.497925,20.92438,9.88385
R,0.01997029,0.8399617,0.1991642,-0.00361488,-0.01679176,0.007781454,0.04002645,0.01081552,0.016012,34.88576
R,0.02037402,0.839818,0.1991078,0.0304827,-0.01085019,-0.004259523,2.574446,0.4486021,-0.9091215,34.899
R,0.0206972,0.8396813,0.1990583,0.02328745,-0.009852597,-0.003570171,-0.5184698,0.07188404,0.04967273,34.91288
R,0.02106935,0.8394959,0.1989905,0.02690435,-0.01340148,-0.004898433,0.2614865,-0.2565684,-0.09602758,34.92671
R,0.02107467,0.8393869,0.199164,0.0003698983,-0.00757237,0.01204789,-1.843097,0.4048927,1.177101,34.94111
R,0.02108205,0.8392571,0.1993411,0.0005496287,-0.009669024,0.01319886,0.01339262,-0.1562323,0.08576442,34.95453
R,0.02087609,0.8396257,0.1993785,-0.01499702,0.02684028,0.00272678,-1.132072,2.658526,-0.7625537,34.96826
R,0.02047728,0.8403333,0.1994354,-0.02700049,0.04790806,0.003849755,-0.812665,1.426341,0.07602819,34.98303
R,0.02044785,0.8400717,0.1995582,-0.002056455,-0.01827775,0.008579799,1.742785,-4.624257,0.3304778,34.99734
R,0.02042512,0.839774,0.1996821,-0.001791784,-0.02347039,0.009766799,0.02086051,-0.4092657,0.09355533,35.01003
R,0.02039387,0.8392425,0.1998859,-0.002283137,-0.03882734,0.01489122,-0.03589891,-1.121999,0.3743967,35.02372
R,0.01912647,0.8383853,0.2009104,-0.0878475,-0.05941384,0.07100864,-5.930774,-1.426924,3.8897,35.03815
R,0.01770354,0.8373885,0.2020537,-0.101972,-0.07143589,0.08193407,-1.012209,-0.861539,0.7829511,35.0521
R,0.01782471,0.8388375,0.2031006,0.009029178,0.1079715,0.0780073,8.271262,13.36855,-0.2926034,35.06552
R,0.01797949,0.8406286,0.2044016,0.01079102,0.1248753,0.09070499,0.1228338,1.17852,0.8852721,35.07986
R,0.01812674,0.8424009,0.2057156,0.01056971,0.1272162,0.09431904,-0.01588545,0.1680335,0.2594196,35.0938
R,0.01851906,0.8443716,0.2105401,0.02890466,0.1451966,0.3554578,1.35087,1.324741,19.24001,35.10737
R,0.0188403,0.8460409,0.2146158,0.02279734,0.1184607,0.2892349,-0.4334046,-1.897307,-4.699496,35.12146
R,0.01796508,0.8487921,0.2135136,-0.06296215,0.1979152,-0.0792913,-6.169412,5.715845,-26.51123,35.13536
R,0.01720056,0.8512992,0.2126755,-0.05463865,0.1791763,-0.05990151,0.5948629,-1.33923,1.385746,35.14935
R,0.01653467,0.8535853,0.2120933,-0.04903345,0.1683418,-0.0428667,0.4127439,-0.7978088,1.254375,35.16293
R,0.01516354,0.8570542,0.2074487,-0.09799158,0.247917,-0.3319397,-3.498931,5.687062,-20.65942,35.17693
R,0.01400378,0.8601405,0.203785,-0.0836615,0.2226326,-0.2642857,1.033722,-1.823924,4.880323,35.19079
R,0.01368719,0.8615339,0.1972757,-0.02326,0.1023727,-0.478243,4.437749,-8.835601,-15.71963,35.2044
R,0.01337451,0.8628685,0.1925494,-0.02037955,0.0869903,-0.3080518,0.1877409,-1.002584,11.09264,35.21974
R,0.01253909,0.8674532,0.1746124,-0.06648452,0.3648537,-1.427469,-3.669138,22.113,-89.08575,35.23231
R,0.01183268,0.8712181,0.1614372,-0.05076218,0.2705463,-0.9467666,1.129802,-6.776894,34.54309,35.24622
R,0.01120975,0.8744366,0.1509595,-0.04100894,0.2118792,-0.689766,0.6420773,-3.862187,16.91892,35.26141
R,0.01260354,0.8775786,0.1239609,0.1086128,0.244849,-2.103901,11.65946,2.569207,-110.1983,35.27425
R,0.01350803,0.880439,0.1040404,0.06524689,0.2063411,-1.436995,-3.128261,-2.777818,48.10825,35.28811
R,0.01311783,0.8726482,0.09252141,-0.0262957,-0.5250161,-0.7762557,-6.168982,-49.28558,44.52671,35.30295
R,0.01278352,0.8675807,0.0815759,-0.02605098,-0.3948982,-0.8529432,0.01907026,10.1396,-5.975968,35.31578
R,0.01249142,0.8641862,0.07116751,-0.01997203,-0.2320928,-0.7116578,0.4156393,11.13157,9.660174,35.33041
R,0.007065928,0.8542331,0.03798838,-0.4230402,-0.776068,-2.587065,-31.42828,-42.41518,-146.2304,35.34323
R,0.003079816,0.8471007,0.01298473,-0.2761457,-0.4941076,-1.732176,10.1764,19.53336,59.22406,35.35767
R,-0.001774546,0.8279296,0.001269896,-0.3534839,-1.395998,-0.8530481,-5.631593,-65.67368,64.01617,35.3714
R,-0.005588017,0.8139917,-0.01136167,-0.2820763,-1.030968,-0.9343364,5.2819,27.00071,-6.012764,35.38492
R,-0.0108978,0.8054832,-0.02711015,-0.3694079,-0.591942,-1.095639,-6.075753,30.54352,-11.22203,35.39929
R,-0.0152267,0.7979886,-0.0419516,-0.3159227,-0.5469577,-1.083128,3.903342,3.282955,0.913062,35.41299
R,-0.0189556,0.7911806,-0.05635739,-0.2692858,-0.4916494,-1.040328,3.367934,3.994137,3.090849,35.42684
R,-0.02407068,0.7815239,-0.06012955,-0.3526799,-0.6658132,-0.260087,-5.749942,-12.00841,53.79684,35.44135
R,-0.0284651,0.7730797,-0.06669959,-0.3314067,-0.6368266,-0.4954818,1.604329,2.186035,-17.75241,35.45461
R,-0.03560809,0.7686843,-0.07137591,-0.5044428,-0.3104038,-0.3302454,-12.21993,23.05221,11.66911,35.46877
R,-0.04158609,0.7638115,-0.07802111,-0.4360316,-0.3554231,-0.4846962,4.989868,-3.28368,-11.26554,35.48248
R,-0.04686982,0.7586579,-0.0858819,-0.3435265,-0.3350656,-0.5110759,6.014304,1.323562,-1.715101,35.49786
R,-0.05069401,0.7587996,-0.08891053,-0.2938128,0.01088529,-0.2326903,3.819502,26.57941,21.38837,35.51087
R,-0.05453587,0.7573397,-0.09397133,-0.2988481,-0.1135618,-0.3936671,-0.3916868,-9.680429,-12.52199,35.52373
R,-0.05511713,0.7585496,-0.09657022,-0.03919085,0.08157713,-0.1752272,17.5071,13.15702,14.72807,35.53856
R,-0.04795472,0.7672622,-0.0796887,0.5386064,0.6551833,1.269475,43.44982,43.13465,108.6403,35.55186
R,-0.04338793,0.7728207,-0.06876864,0.3368476,0.4099958,0.8054662,-14.88179,-18.08509,-34.22543,35.56541
R,-0.0454313,0.7711532,-0.07126325,-0.1444599,-0.117887,-0.1763612,-34.02693,-37.31966,-69.41212,35.57956
R,-0.05311468,0.7646713,-0.08148549,-0.5411476,-0.4565254,-0.7199616,-27.93909,-23.85062,-38.2863,35.59376
R,-0.05609178,0.7596163,-0.08765783,-0.2090063,-0.3548892,-0.433327,23.31785,7.13533,20.12307,35.608
R,-0.05869954,0.755496,-0.0929876,-0.1914872,-0.3025473,-0.391363,1.286423,3.84345,3.081401,35.62162
R,-0.05941004,0.7499088,-0.09843504,-0.05170793,-0.4066231,-0.3964508,10.17277,-7.57436,-0.3702717,35.63536
R,-0.06040858,0.7452468,-0.103357,-0.07109253,-0.3319145,-0.3504226,-1.380108,5.318954,3.277028,35.64941
R,-0.06159336,0.7411494,-0.1079576,-0.08675475,-0.3000349,-0.3368819,-1.14686,2.334373,0.991511,35.66306
R,-0.06245293,0.7419809,-0.1063133,-0.0617348,0.05971747,0.1180988,1.79694,25.83751,32.67684,35.67699
R,-0.06338564,0.7424298,-0.1052348,-0.06502763,0.03129987,0.07519323,-0.2295732,-1.981251,-2.991338,35.69133
R,-0.05893845,0.7457346,-0.09797067,0.3346165,0.2486635,0.5465667,30.07012,16.35493,35.4672,35.70462
R,-0.05531317,0.7480411,-0.09231231,0.2561579,0.1629717,0.3998126,-5.543786,-6.054878,-10.36946,35.71877
R,-0.05304967,0.7491458,-0.08901506,0.1630122,0.07955872,0.2374603,-6.708129,-6.007201,-11.69222,35.73266
R,-0.04974296,0.7517117,-0.08593157,0.2407872,0.1868446,0.2245329,5.663407,7.81232,-0.9413466,35.74639
R,-0.04749428,0.7532078,-0.08401931,0.1589743,0.1057679,0.1351907,-5.783921,-5.731868,-6.316212,35.76054
R,-0.04521386,0.7571293,-0.0816001,0.1646831,0.2831956,0.1747057,0.4122729,12.81311,2.853614,35.77438
R,-0.04344573,0.7598754,-0.07987984,0.1290381,0.2004106,0.1255448,-2.601373,-6.041642,-3.587757,35.78809
R,-0.0415998,0.7599292,-0.07974127,0.1294538,0.003774579,0.009717555,0.02915475,-13.78998,-8.122907,35.80235
R,-0.04011811,0.7599716,-0.07961534,0.1079536,0.003087653,0.009175019,-1.566471,-0.05004822,-0.03952819,35.81607
R,-0.03875552,0.7600286,-0.07947825,0.09489754,0.003968518,0.009547689,-0.9092892,0.06134789,0.0259546,35.83043
R,-0.03855073,0.7624791,-0.07832509,0.01557005,0.1863037,0.08767197,-6.031097,13.86255,5.939621,35.84358
R,-0.03818577,0.7650656,-0.07708511,0.0249143,0.1765706,0.08464966,0.6379003,-0.6644409,-0.2063232,35.85823
R,-0.0341225,0.7712798,-0.07228325,0.3091013,0.4727311,0.3652865,21.61867,22.5295,21.3486,35.87138
R,-0.03091012,0.7759917,-0.06864708,0.230461,0.3380371,0.2608651,-5.641786,-9.663169,-7.491364,35.88531
R,-0.02826653,0.7797061,-0.06578416,0.188623,0.2650296,0.2042722,-2.985186,-5.209164,-4.037967,35.89933
R,-0.02257253,0.7787969,-0.06310477,0.3969812,-0.06339345,0.186805,14.52656,-22.89738,-1.2178,35.91367
R,-0.01801623,0.7785521,-0.06082507,0.3450044,-0.01853156,0.17262,-3.935706,3.39696,-1.074095,35.92688
R,-0.01140252,0.780064,-0.05736907,0.4479962,0.1024104,0.2341007,6.976405,8.1923,4.164549,35.94164
R,-0.005961711,0.7815304,-0.05442579,0.4096139,0.1104026,0.2215863,-2.889633,0.6016994,-0.9421534,35.95493
R,-0.0008459038,0.7861676,-0.05667451,0.3634358,0.3294292,-0.1597532,-3.28057,15.56003,-27.09102,35.969
R,0.003673933,0.7899631,-0.05785771,0.3221447,0.270519,-0.08433114,-2.942963,-4.198741,5.375595,35.98303
R,0.007739267,0.7931324,-0.05833971,0.2866334,0.223461,-0.03398401,-2.503787,-3.3179,3.549812,35.99722
R,0.01574647,0.7922362,-0.05294604,0.591612,-0.06621689,0.3985113,22.53335,-21.40285,31.95492,36.01075
R,0.02255323,0.7921272,-0.0487166,0.5124502,-0.008207388,0.3184155,-5.959735,4.367272,-6.03005,36.02403
R,0.03106517,0.7887253,-0.04457338,0.5798741,-0.2317559,0.2822557,4.593235,-15.22919,-2.463372,36.03871
R,0.03843981,0.7866744,-0.04110274,0.5603524,-0.1558288,0.2637123,-1.483333,5.76923,-1.408997,36.05187
R,0.04504779,0.7854701,-0.03806203,0.4777281,-0.0870665,0.21983,-5.973374,4.971215,-3.172504,36.0657
R,0.05121217,0.7922016,-0.04437504,0.4309219,0.4705625,-0.4413114,-3.271994,38.98109,-46.21713,36.08001
R,0.05707642,0.797308,-0.04833652,0.4267841,0.3716338,-0.2883061,-0.3011369,-7.199765,11.13532,36.09375
R,0.06259979,0.8032123,-0.04945934,0.3986558,0.4261469,-0.08104043,-2.030192,3.934549,14.95965,36.1076
R,0.06804811,0.8079389,-0.0500383,0.3788451,0.3286597,-0.04025769,-1.377522,-6.778701,2.835796,36.12199
R,0.06751937,0.8088758,-0.0509313,-0.03882561,0.06879815,-0.06557248,-30.66943,-19.08155,-1.858857,36.1356
R,0.06797543,0.8097575,-0.05139219,0.0330993,0.06399242,-0.03344997,5.220012,-0.3487799,2.331319,36.14938
R,0.06905104,0.8107993,-0.05172057,0.07776196,0.07531543,-0.02374022,3.228915,0.8186045,0.7019727,36.16322
R,0.06919031,0.808966,-0.05158021,0.009980266,-0.1313773,0.01005875,-4.857453,-14.81226,2.422143,36.17717
R,0.07012406,0.8056214,-0.0512545,0.06698887,-0.2399511,0.02336721,4.089891,-7.789262,0.9547707,36.19111
R,0.06907316,0.8001165,-0.05262661,-0.07721029,-0.4044501,-0.1008104,-10.59444,-12.08589,-9.123433,36.20472
R,0.06897401,0.7961009,-0.05366122,-0.006983393,-0.2828242,-0.07286856,4.946147,8.566228,1.967968,36.21892
R,0.06948032,0.7933815,-0.05437924,0.03632364,-0.1950944,-0.05151167,3.106918,6.293883,1.532179,36.23286
R,0.06750406,0.791388,-0.05515177,-0.1423259,-0.1435611,-0.05563589,-12.86591,3.711303,-0.2970167,36.24674
R,0.06639376,0.7898434,-0.05575757,-0.07794768,-0.1084377,-0.04253042,4.51965,2.465829,0.9200644,36.26099
R,0.06506271,0.7854384,-0.05703645,-0.09884638,-0.3271247,-0.0949714,-1.551974,-16.24008,-3.894359,36.27445
R,0.06435673,0.7818304,-0.05810418,-0.0487022,-0.2489021,-0.07365748,3.45921,5.396201,1.470346,36.28895
R,0.06410695,0.7789953,-0.05895629,-0.01831055,-0.2078265,-0.06246532,2.227905,3.011112,0.8204584,36.30259
R,0.0627406,0.7794596,-0.05877945,-0.100443,0.03412875,0.01299984,-6.037724,17.78663,5.547599,36.31619
R,0.06171009,0.7797152,-0.05867484,-0.07226902,0.0179282,0.007336237,1.975825,-1.136136,-0.3971854,36.33045
R,0.06097208,0.7790989,-0.05870308,-0.05604456,-0.0468071,-0.002144647,1.232082,-4.915983,-0.7199759,36.34362
R,0.06067781,0.7797567,-0.05916017,-0.02064818,0.04615565,-0.03207286,2.483659,6.52292,-2.099974,36.35787
R,0.06037072,0.7805299,-0.05978185,-0.02164005,0.05449009,-0.0438088,-0.06989575,0.5873181,-0.8270177,36.37206
R,0.06009916,0.7812973,-0.06049684,-0.02045646,0.05780801,-0.05385967,0.08915819,0.2499352,-0.7571188,36.38534
R,0.05989262,0.7819734,-0.06122423,-0.01446116,0.04733407,-0.05092967,0.4197735,-0.7333552,0.2051501,36.39962
R,0.05971334,0.7814825,-0.06119461,-0.01250587,-0.03423946,0.002066425,0.1363934,-5.690263,3.696809,36.41396
R,0.05929943,0.7801828,-0.06114344,-0.03159694,-0.09921466,0.003905966,-1.45737,-4.960064,0.1404265,36.42706
R,0.05934382,0.7785663,-0.06210319,0.003060427,-0.1114586,-0.0661738,2.38959,-0.8442077,-4.831928,36.44156
R,0.05943982,0.7768751,-0.06313675,0.006819794,-0.1201431,-0.07342559,0.267072,-0.6169631,-0.5151799,36.45564
R,0.05957062,0.7752903,-0.06412571,0.009493096,-0.1150246,-0.07177464,0.1940172,0.3714831,0.1198192,36.46941
R,0.05985355,0.7732228,-0.06438731,0.02147307,-0.1569105,-0.0198547,0.909229,-3.178962,3.940504,36.48259
R,0.06013889,0.7713425,-0.06468174,0.01982003,-0.1306058,-0.02045088,-0.1148209,1.827137,-0.0414114,36.49699
R,0.06039356,0.771197,-0.06508207,0.01872147,-0.01069563,-0.02942887,-0.08075756,8.814842,-0.6599904,36.51059
R,0.06046019,0.7710883,-0.06514866,0.004793035,-0.007821076,-0.004790623,-1.001991,0.2067914,1.772439,36.52449
R,0.06052161,0.7709728,-0.06521435,0.004392134,-0.008255762,-0.004697409,-0.02866718,-0.03108304,0.006665419,36.53848
R,0.06059265,0.770829,-0.06529447,0.005085485,-0.01030004,-0.005735104,0.04963348,-0.1463396,-0.07428332,36.55244
R,0.06078492,0.7702119,-0.06531981,0.01322228,-0.04243179,-0.001743056,0.5595517,-2.20964,0.2745256,36.56699
R,0.06106195,0.7693177,-0.06537272,0.02080806,-0.06716511,-0.003973966,0.5697898,-1.857791,-0.1675701,36.5803
R,0.06179852,0.7696509,-0.06507371,0.05224266,0.02362774,0.02120747,2.229543,6.43961,1.786029,36.5944
R,0.06295539,0.7701514,-0.06462172,0.08010159,0.03465481,0.03129643,1.928963,0.7635186,0.698563,36.60884
R,0.0638539,0.7710383,-0.06435171,0.07194289,0.07101405,0.0216192,-0.6532547,2.911226,-0.7748406,36.62133
R,0.06475283,0.7718995,-0.06409927,0.06076546,0.058213,0.01706391,-0.755569,-0.865322,-0.3079273,36.63612
R,0.06560951,0.7726917,-0.06387343,0.05539523,0.05123027,0.01460363,-0.3472552,-0.4515245,-0.1590888,36.65159
R,0.06590708,0.7730651,-0.06360311,0.02175289,0.027298,0.01976109,-2.459325,-1.749498,0.377021,36.66527
R,0.06615856,0.7733647,-0.063387,0.02103504,0.02505783,0.01807669,-0.06004426,-0.1873791,-0.1408922,36.67722
R,0.06691187,0.773735,-0.06305543,0.0556272,0.02734595,0.02448449,2.554402,0.1689622,0.4731733,36.69077
R,0.06775554,0.7741396,-0.06269629,0.06177767,0.02962203,0.02629736,0.4503655,0.1666651,0.1327466,36.70442
R,0.06862105,0.7745468,-0.06233787,0.06034273,0.02839096,0.02498909,-0.1000426,-0.08582945,-0.09121107,36.71877
R,0.06998838,0.775646,-0.06184073,0.096406,0.07749882,0.03505145,2.542703,3.462435,0.709464,36.73295
R,0.07135331,0.7767265,-0.06135358,0.100564,0.07960933,0.03589183,0.3063491,0.1554969,0.06191675,36.74652
R,0.07159375,0.7778747,-0.06156024,0.01658666,0.07921053,-0.01425601,-5.793198,-0.02751182,-3.459462,36.76102
R,0.07183689,0.7789209,-0.06174163,0.01772477,0.07626964,-0.01322324,0.08296721,-0.214387,0.07528771,36.77473
R,0.07269245,0.7804971,-0.06231372,0.06212777,0.1144564,-0.04154313,3.224371,2.77297,-2.056479,36.78851
R,0.07357436,0.7820706,-0.06286827,0.06393406,0.1140677,-0.04020218,0.130948,-0.02817772,0.0972128,36.8023
R,0.07441649,0.783535,-0.06336964,0.05713245,0.09935058,-0.0340144,-0.4614394,-0.9984477,0.4197955,36.81704
R,0.07498072,0.7854885,-0.06466386,0.04226004,0.146317,-0.09693471,-1.113917,3.517701,-4.712624,36.83039
R,0.07554675,0.7873152,-0.0658361,0.04268724,0.1377616,-0.08840532,0.03221757,-0.6452044,0.6432479,36.84365
R,0.07583722,0.7862116,-0.06712899,0.02039274,-0.07748477,-0.09076696,-1.565177,-15.11129,-0.165798,36.85789
R,0.07622221,0.784997,-0.06865527,0.02660039,-0.08391539,-0.1054574,0.4289136,-0.4443195,-1.015028,36.87237
R,0.07666951,0.7838358,-0.07025678,0.03126823,-0.081175,-0.1119536,0.3263056,0.1915672,-0.4541188,36.88667
R,0.07604421,0.7814886,-0.07377275,-0.03946027,-0.1481253,-0.22188,-4.463421,-4.224993,-6.937056,36.90252
R,0.07557692,0.7795189,-0.07688619,-0.03654418,-0.1540405,-0.2434874,0.2280536,-0.4625993,-1.689817,36.91531
R,0.07250047,0.780323,-0.08127259,-0.2167937,0.05666583,-0.3091046,-12.70197,14.84823,-4.623965,36.9295
R,0.07007006,0.780935,-0.08500404,-0.1884968,0.04746209,-0.2894011,2.194638,-0.7138175,1.528153,36.94239
R,0.06872267,0.7782793,-0.08493321,-0.1010323,-0.1991338,0.005311315,6.558434,-18.49074,22.09871,36.95573
R,0.06752273,0.7760102,-0.08511892,-0.08529193,-0.1612875,-0.01320054,1.118831,2.69013,-1.315827,36.9698
R,0.06640612,0.7739961,-0.08550716,-0.0829215,-0.1495706,-0.02883155,0.1760324,0.8701111,-1.160787,36.98326
R,0.06550456,0.7734622,-0.08746005,-0.06309126,-0.03736068,-0.1366624,1.387715,7.852421,-7.545974,36.99755
R,0.06459317,0.7728778,-0.08941335,-0.06764326,-0.04338017,-0.1449736,-0.3378486,-0.4467643,-0.6168546,37.01102
R,0.06569365,0.7722216,-0.08901616,0.08108049,-0.04834616,0.02926394,10.95757,-0.365881,12.83736,37.0246
R,0.06723627,0.771196,-0.08855861,0.1087656,-0.0723087,0.03226018,1.951989,-1.689521,0.2112554,37.03878
R,0.0688679,0.7699837,-0.0881976,0.1166723,-0.08668764,0.02581471,0.5653818,-1.028192,-0.4608954,37.05276
R,0.06864849,0.7702868,-0.08821895,-0.0165465,0.02285763,-0.001609811,-10.04675,8.261402,-2.068232,37.06602
R,0.06839438,0.7705932,-0.08827202,-0.01774513,0.02139385,-0.003705943,-0.08370148,-0.1022169,-0.1463741,37.08035
R,0.06861236,0.7707624,-0.08824693,0.01606031,0.0124675,0.001848278,2.490695,-0.6576694,0.4092202,37.09392
R,0.06886601,0.7709275,-0.08823977,0.01848032,0.01203359,0.0005222085,0.1763177,-0.03161377,-0.09661508,37.10764
R,0.06923053,0.7711319,-0.08825663,0.0260804,0.01462285,-0.001206844,0.5437543,0.1852505,-0.1237065,37.12162
R,0.0689109,0.7727105,-0.08807542,-0.02314669,0.1143128,0.01312263,-3.564803,7.219098,1.037675,37.13543
R,0.0685053,0.7746162,-0.08790052,-0.02835312,0.1332167,0.01222656,-0.3639562,1.321473,-0.06263933,37.14973
R,0.06779756,0.7766614,-0.08773125,-0.05243903,0.1515378,0.01254184,-1.784617,1.35748,0.02336042,37.16323
R,0.06716728,0.7784258,-0.08762516,-0.044583,0.1248061,0.007504195,0.5556965,-1.890867,-0.3563383,37.17737
R,0.06675464,0.7796621,-0.08746614,-0.0308182,0.0923344,0.01187678,1.028023,-2.425143,0.3265661,37.19076
R,0.06640086,0.7806863,-0.08735876,-0.02522857,0.07303285,0.007657355,0.398609,-1.376438,-0.3008969,37.20478
R,0.06608192,0.7815821,-0.08728483,-0.02260935,0.06350139,0.005240375,0.1856717,-0.6756666,-0.171335,37.21889
R,0.0662993,0.7837772,-0.08579525,0.01582075,0.1597593,0.1084077,2.79684,7.005397,7.508241,37.23263
R,0.06648897,0.785988,-0.08434217,0.01407721,0.1640802,0.1078471,-0.1294048,0.3206941,-0.04160289,37.2461
R,0.06636142,0.7864933,-0.08422974,-0.008888224,0.03521232,0.007834305,-1.600279,-8.979782,-6.969101,37.26045
R,0.06626813,0.7868537,-0.08415562,-0.006744368,0.02605747,0.005358974,0.1549915,-0.6618559,-0.1789556,37.27428
R,0.06618738,0.7871734,-0.08408915,-0.005761559,0.02281233,0.004742468,0.07012451,-0.2315442,-0.04398841,37.2883
R,0.06622064,0.787387,-0.0837707,0.002409826,0.01547385,0.02307365,0.5920618,-0.5317134,1.328195,37.3021
R,0.06625523,0.7876595,-0.08339308,0.002485844,0.01958265,0.02713548,0.005462646,0.295257,0.2918816,37.31602
R,0.06616783,0.7875459,-0.08320256,-0.006414365,-0.008337416,0.0139819,-0.6531736,-2.049014,-0.9653223,37.32964
R,0.06606865,0.7874297,-0.08299577,-0.007119386,-0.008343032,0.01484364,-0.05060714,-0.0004031128,0.06185642,37.34357
R,0.065913,0.7874051,-0.08307555,-0.00991802,-0.001568577,-0.005083632,-0.1783289,0.4316681,-1.269765,37.35927
R,0.06558691,0.7873849,-0.08325452,-0.02424346,-0.001502233,-0.01330573,-1.065039,0.004932363,-0.6112803,37.37272
R,0.06538698,0.7873861,-0.08336787,-0.01474681,9.232555E-05,-0.008360408,0.7004752,0.1176151,0.3647685,37.38628
R,0.06496467,0.7845643,-0.08363507,-0.03034732,-0.2027781,-0.01920091,-1.121047,-14.57819,-0.7789946,37.40019
R,0.06444091,0.7810795,-0.08397456,-0.03805454,-0.2531917,-0.02466578,-0.5599781,-3.662868,-0.3970575,37.41396
R,0.06443685,0.7810646,-0.08397724,-0.0003050009,-0.001114792,-0.0002020281,2.835477,18.93423,1.837543,37.42727
R,0.06228299,0.7810082,-0.08503598,-0.1560589,-0.004089794,-0.07671117,-11.28523,-0.2155553,-5.543508,37.44107
R,0.06033393,0.7809116,-0.08600241,-0.1374953,-0.006815965,-0.06817646,1.309561,-0.1923168,0.6020781,37.45525
R,0.06014942,0.7760538,-0.08587074,-0.01401192,-0.3688985,0.009999298,9.377298,-27.49645,5.936647,37.46841
R,0.05991919,0.7714687,-0.08578185,-0.01672796,-0.3331356,0.006458088,-0.1973379,2.598399,-0.2572913,37.48218
R,0.05703168,0.7692926,-0.08678683,-0.1902822,-0.143402,-0.06622655,-11.43695,12.50315,-4.789804,37.49735
R,0.05472048,0.767399,-0.0876013,-0.1659907,-0.1359974,-0.05849583,1.744616,0.5317979,0.5552226,37.51128
R,0.05281622,0.765713,-0.08827689,-0.1434455,-0.127007,-0.05089125,1.698303,0.6772371,0.5728428,37.52455
R,0.05404574,0.7623595,-0.08693904,0.08650336,-0.235935,0.09412479,16.17813,-7.663665,10.20265,37.53876
R,0.05501729,0.7590359,-0.08576396,0.07455609,-0.2550498,0.09017594,-0.9168344,-1.466869,-0.3030351,37.5518
R,0.05496908,0.7595451,-0.08573439,-0.003537989,0.03736965,0.0021702,-5.731214,21.46024,-6.458616,37.56542
R,0.05488826,0.7600383,-0.08571731,-0.005782348,0.03528418,0.001221769,-0.1605746,-0.1492062,-0.06785625,37.5794
R,0.05445156,0.7667633,-0.08848673,-0.03203092,0.493263,-0.2031299,-1.925268,33.5916,-14.98869,37.59303
R,0.05395206,0.7726732,-0.09105321,-0.03593289,0.4251509,-0.1846287,-0.280702,-4.89988,1.330948,37.60693
R,0.05350152,0.7767866,-0.09297212,-0.03193766,0.2915892,-0.1360279,0.2832142,-9.46793,3.445217,37.62104
R,0.05501053,0.7823621,-0.09397078,0.1132158,0.4183109,-0.07492588,10.89042,9.507533,4.584297,37.63437
R,0.0559889,0.7864993,-0.09486105,0.06853971,0.2898266,-0.06236795,-3.129765,-9.0009,0.8797398,37.64864
R,0.05489938,0.7985857,-0.09375169,-0.07977998,0.8850253,0.08123254,-10.86065,43.58318,10.51509,37.6623
R,0.05406196,0.8080727,-0.09313186,-0.06044201,0.6847381,0.04473742,1.395741,-14.45597,-2.634079,37.67616
R,0.05339304,0.8157597,-0.09283158,-0.04852035,0.5575756,0.02178053,0.8647461,-9.223822,-1.665194,37.68994
R,0.05155825,0.8201184,-0.09421215,-0.1278521,0.3037281,-0.09620101,-5.527999,-17.68862,-8.221199,37.70429
R,0.05015667,0.8242596,-0.09529959,-0.1050357,0.310347,-0.08149412,1.709881,0.496029,1.102151,37.71764
R,0.04595191,0.8334405,-0.09434831,-0.3043219,0.664468,0.06884954,-14.42343,25.62968,10.8812,37.73145
R,0.04271886,0.8413703,-0.09377453,-0.2396845,0.5878862,0.04253736,4.79194,-5.677447,-1.950673,37.74494
R,0.04008786,0.8484135,-0.09344953,-0.1813095,0.4853608,0.02239727,4.022783,-7.065305,-1.387909,37.75945
R,0.03297155,0.8601695,-0.09040405,-0.4858068,0.8025431,0.2079046,-20.78702,21.65298,12.66397,37.7741
R,0.02744609,0.8702801,-0.08820841,-0.4410674,0.8070807,0.1752662,3.571305,0.3622155,-2.605344,37.78663
R,0.02230493,0.8765672,-0.07898432,-0.3624863,0.4432827,0.6503602,5.540495,-25.65021,33.49732,37.80081
R,0.01793007,0.8828107,-0.07199091,-0.3168075,0.4521236,0.5064307,3.307849,0.6402193,-10.42272,37.81462
R,0.01239523,0.8982902,-0.04712461,-0.4064217,1.136655,1.825925,-6.580338,50.26495,96.89007,37.82824
R,0.007590284,0.9116064,-0.02764901,-0.3404291,0.9434502,1.379841,4.675555,-13.68853,-31.60496,37.84235
R,0.003232228,0.9233423,-0.01216058,-0.3133401,0.8437971,1.113604,1.947672,-7.164958,-19.14219,37.85626
R,-0.007451207,0.9255244,0.01360093,-0.7573279,0.1546867,1.826183,-31.47343,-48.8497,50.51336,37.87037
R,-0.01607806,0.9292631,0.03488249,-0.6212853,0.2692479,1.532646,9.797463,8.250427,-21.1398,37.88425
R,-0.01789147,0.9450618,0.05206243,-0.1303106,1.135292,1.234545,35.28127,62.23365,-21.42146,37.89817
R,-0.02048098,0.958925,0.06741016,-0.1905743,1.020257,1.12951,-4.435084,-8.465969,-7.730032,37.91176
R,-0.02353669,0.9713216,0.08165403,-0.2243797,0.9102766,1.045923,-2.482322,-8.075845,-6.137736,37.92538
R,-0.03076042,0.987135,0.1154941,-0.5126307,1.122196,2.401458,-20.45568,15.03879,96.19524,37.93947
R,-0.03707613,1.001335,0.1442665,-0.4553425,1.023751,2.074395,4.130294,-7.097523,-23.58017,37.95334
R,-0.04576935,1.02455,0.1765481,-0.6305689,1.683963,2.34157,-12.71017,47.88895,19.37972,37.96712
R,-0.05330308,1.044717,0.2046975,-0.5238519,1.402296,1.957348,7.420483,-19.58552,-26.71655,37.98151
R,-0.05738349,1.046303,0.2492468,-0.2972911,0.1155156,3.245779,16.50683,-93.75258,93.8728,37.99523
R,-0.06172896,1.050328,0.2876808,-0.3138129,0.2907197,2.775551,-1.193137,12.65254,-33.95795,38.00908
R,-0.06622524,1.056207,0.3213613,-0.3279555,0.4287963,2.456631,-1.031552,10.07121,-23.26181,38.02279
R,-0.06196958,1.03865,0.3420188,0.1729606,-0.7135901,0.8395724,20.35847,-46.42942,-65.72128,38.04739
R,-0.06010076,1.028895,0.3631203,0.1057185,-0.5518315,1.193704,-3.803866,9.150636,20.03312,38.06507
R,-0.0460686,0.9929363,0.3330429,1.02578,-2.628634,-2.198715,67.25838,-151.8185,-247.9929,38.07875
R,-0.04152483,0.9830005,0.3308202,0.3179715,-0.6953,-0.1555472,-49.53222,135.2942,142.9803,38.09304
R,-0.04742732,0.9914389,0.3054573,-0.4526922,0.6471804,-1.94521,-59.10616,102.9617,-137.2584,38.10608
R,-0.05187204,0.9974276,0.2918131,-0.316275,0.426146,-0.9708834,9.707092,-15.72824,69.33056,38.12013
R,-0.06255075,1.008297,0.2570818,-0.7720241,0.7857962,-2.510921,-32.94867,26.00114,-111.338,38.13396
R,-0.07061539,1.016549,0.2361348,-0.5788871,0.5923724,-1.503595,13.86355,-13.88414,72.30685,38.1479
R,-0.07621577,1.015839,0.2049822,-0.3985085,-0.05051405,-2.216741,12.83528,-45.74615,-50.74561,38.16195
R,-0.0811184,1.015836,0.1835229,-0.3540488,-0.0002668733,-1.549706,3.210701,3.628649,48.17054,38.1758
R,-0.08557598,1.016362,0.1665897,-0.3242307,0.03829946,-1.231666,2.168884,2.805198,23.13325,38.18954
R,-0.07903033,1.000622,0.1372346,0.4777011,-1.148759,-2.142337,58.52494,-86.6315,-66.46067,38.20325
R,-0.07510515,0.9898955,0.1152146,0.2794581,-0.763656,-1.567739,-14.11412,27.41786,40.90912,38.21729
R,-0.06182522,0.9770939,0.08974448,0.9056327,-0.8730083,-1.73695,42.70237,-7.457348,-11.53947,38.23196
R,-0.05231268,0.9675003,0.06880257,0.729993,-0.7362137,-1.607083,-13.47859,10.49762,9.965969,38.24499
R,-0.04541416,0.9597698,0.05005629,0.4837895,-0.5421348,-1.314666,-17.26612,13.61065,20.50706,38.25925
R,-0.04020696,0.9437149,0.01752413,0.3628485,-1.118745,-2.266909,-8.427422,-40.1794,-66.35425,38.2736
R,-0.035979,0.9312733,-0.008342358,0.3252159,-0.9570037,-1.989655,-2.894706,12.44117,21.32642,38.2866
R,-0.03224748,0.9084795,-0.01314033,0.2604351,-1.590863,-0.3348667,-4.521272,-44.23919,115.4933,38.30093
R,-0.02891797,0.8909619,-0.02181916,0.2403111,-1.264347,-0.6264054,-1.452473,23.56666,-21.04216,38.31478
R,-0.02584113,0.8759868,-0.03236924,0.2198955,-1.07024,-0.7539912,-1.459062,13.87242,-9.118282,38.32877
R,-0.02416887,0.8703166,-0.04183511,0.1209635,-0.4101606,-0.6847191,-7.156302,47.74722,5.010835,38.3426
R,-0.02226389,0.8634359,-0.05266967,0.1363682,-0.4925502,-0.7755909,1.102747,-5.897853,-6.505052,38.35657
R,-0.02057607,0.8564907,-0.06173229,0.1240751,-0.5105554,-0.6662117,-0.9036939,-1.323605,8.040689,38.37017
R,-0.01869159,0.8489996,-0.07204609,0.1380672,-0.5488445,-0.7556462,1.02514,-2.805268,-6.552464,38.38382
R,-0.01566578,0.842654,-0.08428444,0.2119721,-0.4445359,-0.8573514,5.177375,7.307293,-7.124908,38.39809
R,-0.01281953,0.8356911,-0.09663444,0.2046423,-0.5006257,-0.8879535,-0.5270052,-4.032805,-2.200262,38.412
R,-0.01009718,0.8283544,-0.1090802,0.198677,-0.5354347,-0.9082907,-0.4353468,-2.540359,-1.484205,38.4257
R,-0.008711714,0.8185481,-0.1038596,0.09562702,-0.6768406,0.3603331,-7.112677,-9.760063,87.56242,38.44019
R,-0.007043132,0.8092529,-0.1034954,0.1132597,-0.6309433,0.02472053,1.196867,3.115407,-22.78064,38.45493
R,-0.008231782,0.7962233,-0.099082,-0.09761831,-1.070058,0.3624534,-17.31842,-36.06243,27.73642,38.4671
R,-0.008504139,0.7844981,-0.09840417,-0.01893812,-0.8153017,0.04713248,5.470965,17.71428,-21.92559,38.48148
R,-0.00818681,0.7735961,-0.1001422,0.02280319,-0.783413,-0.1248913,2.999516,2.291512,-12.36157,38.4954
R,-0.00852553,0.7610934,-0.09615371,-0.02388205,-0.8815265,0.2812122,-3.291623,-6.917664,28.63303,38.50958
R,-0.00836118,0.7495083,-0.0950014,0.01219107,-0.8593529,0.08547603,2.675821,1.64479,-14.51926,38.52306
R,0.00157539,0.7384432,-0.08966391,0.7043841,-0.7843851,0.3783644,49.06821,5.314317,20.76228,38.53717
R,0.009321258,0.727701,-0.0870156,0.5584524,-0.7744774,0.1909346,-10.52121,0.7143152,-13.51309,38.55104
R,0.01718395,0.7243373,-0.08590908,0.5796281,-0.2479656,0.08157153,1.561046,38.81381,-8.062115,38.56461
R,0.02369284,0.7191188,-0.08594766,0.4644166,-0.3723462,-0.002752662,-8.22047,-8.874697,-6.016625,38.57862
R,0.02932894,0.7127926,-0.08669753,0.4036804,-0.4531079,-0.05370934,-4.350173,-5.78448,-3.649723,38.59258
R,0.03651268,0.7212584,-0.08577303,0.5179246,0.6103548,0.06665388,8.236644,76.67227,8.677804,38.60645
R,0.04283042,0.7252471,-0.08568446,0.4449643,0.2809268,0.006237721,-5.138662,-23.20193,-4.255168,38.62065
R,0.04698312,0.7398661,-0.09071713,0.2971087,1.045933,-0.3600664,-10.57845,54.73299,-26.20754,38.63463
R,0.05117734,0.7493328,-0.09485003,0.3120004,0.7042113,-0.3074393,1.107761,-25.42003,3.914836,38.64807
R,0.05542352,0.7552588,-0.09841907,0.2885203,0.4026576,-0.2425095,-1.595427,-20.49002,4.41186,38.66279
R,0.0572632,0.7635003,-0.1020181,0.1371618,0.6144678,-0.2683353,-11.28491,15.79203,-1.925503,38.6762
R,0.05976349,0.7692336,-0.1052949,0.1794728,0.4115382,-0.235212,3.037124,-14.56648,2.37762,38.69013
R,0.06300178,0.776318,-0.1048279,0.2398021,0.524616,0.03457969,4.467505,8.373636,19.97861,38.70364
R,0.06643689,0.7816285,-0.1051815,0.2354844,0.3640454,-0.0242353,-0.2959904,-11.00749,-4.031903,38.71822
R,0.06586114,0.7932511,-0.1054254,-0.04329595,0.8740094,-0.01834346,-20.96402,38.34883,0.4430606,38.73152
R,0.06642255,0.8023449,-0.1061631,0.04150363,0.6722715,-0.05453768,6.268952,-14.91381,-2.675719,38.74505
R,0.06772581,0.8096982,-0.1072117,0.09052533,0.5107644,-0.07283438,3.405073,-11.21837,-1.270898,38.75945
R,0.07330951,0.8194758,-0.1051127,0.4068184,0.7123793,0.1529268,23.04456,14.68931,16.44856,38.77317
R,0.07819102,0.827703,-0.1040179,0.3550661,0.5984236,0.07963916,-3.764303,-8.28879,-5.330717,38.78692
R,0.08648951,0.8191417,-0.09966922,0.5730765,-0.5912226,0.3003079,15.05535,-82.15454,15.23893,38.8014
R,0.09351091,0.8141433,-0.09672634,0.5252908,-0.3739476,0.2201647,-3.574977,16.25495,-5.995738,38.81477
R,0.09966329,0.811381,-0.09470833,0.4349543,-0.1952872,0.1426671,-6.38651,12.63073,-5.478833,38.82891
R,0.1023535,0.8074894,-0.09471303,0.1974297,-0.285598,-0.0003450229,-17.4316,-6.627783,-10.49546,38.84254
R,0.1051084,0.8054268,-0.09469008,0.1908498,-0.1428878,0.001589753,-0.4558297,9.88653,0.1340354,38.85697
R,0.1113403,0.7991145,-0.09716833,0.4560787,-0.4619582,-0.1813674,19.41043,-23.35075,-13.38948,38.87064
R,0.1170373,0.7947891,-0.098947,0.4183282,-0.3176121,-0.1306066,-2.772006,10.5993,3.727351,38.88425
R,0.1223544,0.7916825,-0.1002808,0.3519813,-0.2056503,-0.08829556,-4.392034,7.411645,2.800907,38.89936
R,0.1210799,0.792902,-0.1004903,-0.09634177,0.09217758,-0.01583338,-33.88846,22.51262,5.477372,38.91259
R,0.1163372,0.7980229,-0.1014523,-0.3552204,0.3835491,-0.0720519,-19.38957,21.82323,-4.210671,38.92594
R,0.1146379,0.7961608,-0.1012598,-0.1206541,-0.13222,0.01366235,16.65497,-36.62128,6.08599,38.94003
R,0.113706,0.7945216,-0.1011529,-0.06766848,-0.119027,0.007762725,3.84761,0.958023,-0.4284078,38.9538
R,0.1134141,0.7932578,-0.100404,-0.0210973,-0.09132098,0.0541147,3.365037,2.001921,3.349198,38.96764
R,0.1134795,0.7920641,-0.09975626,0.004679939,-0.08531131,0.04629407,1.842243,0.4294979,-0.5589236,38.98163
R,0.1138372,0.7908926,-0.09917836,0.02528159,-0.08281925,0.0408555,1.456472,0.176181,-0.3844899,38.99577
R,0.1162673,0.7943203,-0.09897339,0.1720845,0.2427235,0.01451443,10.39532,23.05216,-1.865249,39.0099
R,0.1203953,0.7994148,-0.09869521,0.3102389,0.3828752,0.0209065,10.38313,10.53323,0.4804022,39.0232
R,0.1188825,0.8161488,-0.09379334,-0.1048527,1.159898,0.3397663,-28.77149,53.85824,22.10132,39.03763
R,0.1182813,0.8287859,-0.09017112,-0.04472512,0.9400495,0.2694503,4.472779,-16.35414,-5.230677,39.05107
R,0.1182882,0.8385101,-0.08740754,0.000494699,0.6980122,0.1983721,3.245921,-17.37366,-5.10206,39.065
R,0.1106871,0.8261019,-0.08692417,-0.2712461,-0.4427899,0.01724924,-9.697145,-40.70984,-6.46342,39.09303
R,0.09717271,0.8258121,-0.08011856,-1.023316,-0.0219436,0.5153238,-56.94704,31.86665,37.7144,39.10623
R,0.09255292,0.8267889,-0.07702885,-0.3276658,0.06928098,0.2191421,49.33999,6.470232,-21.0071,39.12033
R,0.08605862,0.8152829,-0.0745885,-0.4593744,-0.8138745,0.1726181,-9.31641,-62.47002,-3.290878,39.13447
R,0.08097872,0.8076029,-0.07234447,-0.3656409,-0.5527955,0.1615205,6.746752,18.79195,-0.7987798,39.14836
R,0.07676109,0.8021775,-0.07022016,-0.2877738,-0.3701767,0.144944,5.312958,12.46029,-1.131033,39.16302
R,0.08468857,0.7989842,-0.07858744,0.5867144,-0.236338,-0.6192636,64.72102,9.905418,-56.55913,39.17653
R,0.08746307,0.7974596,-0.08120795,0.1959365,-0.1076702,-0.1850618,-27.59701,9.086611,30.66363,39.19069
R,0.08758657,0.7972672,-0.08235716,0.009053412,-0.01410445,-0.0842449,-13.69975,6.858978,7.39053,39.20433
R,0.09301558,0.7956979,-0.08809782,0.4084913,-0.1180755,-0.43194,30.05461,-7.823015,-26.16136,39.21762
R,0.09682018,0.7941504,-0.09290806,0.2782795,-0.1131941,-0.351835,-9.524065,0.357042,5.859109,39.23129
R,0.09987067,0.7950335,-0.09536646,0.2267913,0.06565513,-0.1827723,-3.827941,13.29672,12.56914,39.24474
R,0.1018509,0.7953646,-0.09709365,0.1349698,0.02256809,-0.1177253,-6.258568,-2.93682,4.433613,39.25941
R,0.1051443,0.7905253,-0.09688257,0.2480918,-0.3645384,0.01590057,8.521338,-29.16024,10.06587,39.27269
R,0.1080385,0.7862786,-0.09692298,0.1965542,-0.2884027,-0.002744495,-3.500069,5.170604,-1.266241,39.28741
R,0.1072789,0.7827314,-0.09634466,-0.05237221,-0.2445752,0.03987468,-17.16322,3.021858,2.938548,39.30192
R,0.1068519,0.7796637,-0.09603707,-0.03155497,-0.2266594,0.02272572,1.538082,1.323711,-1.267051,39.31545
R,0.1066688,0.7769021,-0.09591184,-0.001707716,-0.02576107,0.001168247,0.2784243,1.874041,-0.2010947,39.42265
R,0.112603,0.7884262,-0.09594941,0.2989287,0.580509,-0.0018927,15.14413,30.53998,-0.1541908,39.4425
R,0.1101959,0.7850304,-0.09686185,-0.1004172,-0.1416569,-0.03806325,-16.65915,-30.12595,-1.508894,39.46648
R,0.1098344,0.7924725,-0.09668949,-0.0258201,0.5315778,0.01231161,5.328385,48.0884,3.598219,39.48048
R,0.1096111,0.7945619,-0.09667901,-0.01549369,0.1449758,0.0007268644,0.7165183,-26.82514,-0.8038301,39.49489
R,0.1069288,0.7947996,-0.09584518,-0.224222,0.01987504,0.06970152,-17.44798,-10.45741,5.765718,39.50685
R,0.1042011,0.7950457,-0.09503248,-0.1909816,0.01723174,0.0569025,2.327395,-0.1850763,-0.8961502,39.52113
R,0.100386,0.7944116,-0.09513965,-0.2668355,-0.04435282,-0.007495665,-5.305404,-4.30737,-4.50416,39.53543
R,0.09703755,0.7939066,-0.09523098,-0.2291867,-0.03456674,-0.00625102,2.576869,0.6698074,0.08518959,39.55004
R,0.09422679,0.7935294,-0.09529947,-0.2086133,-0.02799405,-0.005083544,1.526952,0.487823,0.0866497,39.56351
R,0.08982502,0.7914826,-0.09460086,-0.3152728,-0.1466018,0.05003735,-7.639384,-8.495165,3.947982,39.57748
R,0.08608676,0.7898805,-0.09405221,-0.2819226,-0.120824,0.04137692,2.515121,1.944039,-0.6531304,39.59074
R,0.07875351,0.7904232,-0.09392656,-0.5269647,0.03900253,0.009029455,-17.60864,11.48508,-2.324477,39.60465
R,0.07297982,0.7907422,-0.09381001,-0.4128585,0.02281097,0.008334079,8.159372,-1.157808,-0.04972417,39.61864
R,0.06839401,0.790901,-0.09370261,-0.3178584,0.01100608,0.007443772,6.584793,-0.8182389,-0.06171038,39.63306
R,0.05990874,0.7858252,-0.09269366,-0.6399207,-0.3827945,0.07609096,-24.28846,-29.69864,5.177057,39.64632
R,0.05301674,0.7821299,-0.09193,-0.4767006,-0.2555945,0.05281992,11.28949,8.79808,-1.609595,39.66078
R,0.05149363,0.7790877,-0.09437367,-0.1112805,-0.2222687,-0.1785378,26.69807,2.434828,-16.9033,39.67447
R,0.04961704,0.7769017,-0.09591971,-0.1368008,-0.1593524,-0.1127039,-1.860397,4.586519,4.799213,39.68819
R,0.04901357,0.7747601,-0.09652515,-0.04384598,-0.1556047,-0.04398916,6.753753,0.272292,4.99256,39.70195
R,0.04792771,0.7728513,-0.09702712,-0.07722501,-0.1357459,-0.03569937,-2.373878,1.412337,0.5895597,39.71601
R,0.0464403,0.7709989,-0.0974899,-0.101966,-0.1269899,-0.031725,-1.696052,0.6002437,0.2724525,39.7306
R,0.04579024,0.7776859,-0.1011423,-0.05047636,0.5192397,-0.2836075,3.998133,50.17927,-19.5585,39.74348
R,0.0443591,0.7846093,-0.1051471,-0.09810776,0.4746135,-0.2745371,-3.265241,-3.059229,0.6217945,39.75806
R,0.04479754,0.7926496,-0.1019691,0.03228499,0.5920602,0.2340167,9.601594,8.648304,37.44785,39.77164
R,0.01407266,0.8390404,-0.0638513,-0.1793521,0.2707995,0.222507,-1.235401,-1.875314,-0.06718632,39.94296
R,-0.004540454,0.9820278,0.05245206,-0.690339,5.303239,4.313558,-18.95192,186.6474,151.7324,39.96992
R,-0.03832526,1.048547,0.1262372,-0.9715319,1.912864,2.121799,-8.086114,-97.49522,-63.02726,40.00469
R,-0.04827702,1.089414,0.2089767,-0.2446355,1.004595,2.033915,17.86867,-22.32721,-2.16037,40.04537
R,-0.04030905,1.089415,0.2993983,0.3752702,4.491556E-05,4.258621,29.19593,-47.31167,104.7778,40.0666
R,-0.02409574,1.05658,0.3512424,1.02712,-2.080119,3.284346,41.29495,-131.7792,-61.72071,40.08239
R,-0.01441351,1.043432,0.3549368,0.368594,-0.5005264,0.1406431,-25.06951,60.13369,-119.678,40.10866
R,-0.02264499,1.014601,0.3090716,-0.3126389,-1.095013,-1.742002,-25.87382,-22.57913,-71.5045,40.13499
R,-0.04107903,1.009384,0.2801298,-1.215385,-0.3440251,-1.908182,-59.51949,49.51384,-10.95649,40.15015
R,-0.05226947,1.012486,0.2687833,-0.4566482,0.1265859,-0.4630147,30.96176,19.20421,58.97289,40.17466
R,-0.06122003,1.013869,0.2610492,-0.6661944,0.10296,-0.5756539,-15.59662,-1.758485,-8.383788,40.1881
R,-0.06880089,1.014461,0.2559925,-0.5554152,0.04335523,-0.370478,8.116301,-4.366972,15.03232,40.20174
R,-0.08118448,1.01107,0.2425934,-0.9238142,-0.252908,-0.999572,-27.48253,-22.1012,-46.93034,40.21515
R,-0.08131943,1.00046,0.2185932,-0.009602864,-0.7550302,-1.707793,65.05294,-35.72972,-50.39515,40.2292
R,-0.08285224,0.9924972,0.2017988,-0.109012,-0.5662897,-1.1944,-7.069864,13.42301,36.51187,40.24326
R,-0.07945714,0.977218,0.1628423,0.2453158,-1.104013,-2.814829,25.60224,-38.85363,-117.0854,40.2571
R,-0.07801141,0.9654382,0.1357854,0.1034927,-0.8432508,-1.936866,-10.1524,18.66665,62.84888,40.27107
R,-0.07783531,0.9556409,0.1132981,0.01310734,-0.7292199,-1.673743,-6.727421,8.48737,19.58441,40.28451
R,-0.07101154,0.9405262,0.09386344,0.4250971,-0.9415919,-1.210713,25.66555,-13.23005,28.84518,40.30056
R,-0.06656349,0.9281121,0.07629022,0.1885561,-0.5262446,-0.7449409,-10.02713,17.60686,19.74439,40.32415
R,-0.05847535,0.8999447,0.02812075,0.5853832,-2.038631,-3.486288,28.72055,-109.4597,-198.4063,40.33797
R,-0.05554809,0.8880422,0.008990126,0.2051771,-0.8342705,-1.340904,-26.6494,84.41602,150.3743,40.35223
R,-0.04868883,0.8792546,0.001221605,0.4461824,-0.5716152,-0.5053278,15.67695,17.08524,54.35266,40.36761
R,-0.04346332,0.8703347,-0.009144792,0.3704261,-0.6323139,-0.7348537,-5.370215,-4.302812,-16.27065,40.38171
R,-0.03868599,0.864888,-0.02283058,0.3472955,-0.3959547,-0.9949103,-1.681518,17.18252,-18.90524,40.39547
R,-0.03474825,0.8584415,-0.03676947,0.2872159,-0.4702021,-1.016694,-4.382169,-5.415556,-1.588876,40.40918
R,-0.02939785,0.8547759,-0.04660929,0.2085925,-0.1429093,-0.3836181,-3.065238,12.75994,24.68129,40.43483
R,-0.02124784,0.8494263,-0.06989702,0.5185625,-0.3403823,-1.481733,19.72252,-12.56465,-69.86995,40.45055
R,-0.01701821,0.8470741,-0.08264618,0.1592147,-0.08854242,-0.4799134,-13.52683,9.479941,37.71122,40.47711
R,-0.01096308,0.8439345,-0.09898629,0.4603586,-0.2386936,-1.242303,22.89532,-11.41567,-57.96283,40.49026
R,-0.007482549,0.8406345,-0.1093004,0.2435663,-0.230938,-0.7217808,-15.17106,0.5427362,36.42599,40.50455
R,-0.004370671,0.8369923,-0.119867,0.22448,-0.2627313,-0.7622368,-1.376821,-2.293458,-2.918354,40.51842
R,-0.00256826,0.8335523,-0.1227954,0.06409269,-0.1223252,-0.1041303,-5.703279,4.99276,23.40188,40.54654
R,0.001815425,0.8370684,-0.1273838,0.3102475,0.2488442,-0.3247376,17.42117,26.26885,-15.61309,40.56067
R,0.00485791,0.837149,-0.133156,0.2268399,0.006012692,-0.4303619,-6.218658,-18.10489,-7.875075,40.57408
R,0.007720411,0.8363339,-0.1397198,0.2097226,-0.05972261,-0.4808989,-1.254109,-4.816131,-3.702621,40.58773
R,0.009851154,0.8365247,-0.1386376,0.1487118,0.01331619,0.07552707,-4.258152,5.097626,38.83485,40.60206
R,0.01206907,0.8362492,-0.1392524,0.1500809,-0.01864191,-0.04160045,0.09264386,-2.162526,-7.92573,40.61684
R,0.01431983,0.8354855,-0.1385031,0.1633507,-0.05542289,0.05438253,0.963068,-2.669412,6.966047,40.63062
R,0.01694269,0.834389,-0.1390287,0.1914162,-0.08002593,-0.03835781,2.048218,-1.795528,-6.768186,40.64432
R,0.01793894,0.8353976,-0.1387533,0.07474546,0.07567437,0.02066265,-8.753442,11.68171,4.428123,40.65765
R,0.0191488,0.8361004,-0.1392132,0.08439561,0.04902458,-0.03207844,0.6731582,-1.858989,-3.679021,40.67198
R,0.02074151,0.83661,-0.1404103,0.1158489,0.03706385,-0.08707773,2.287819,-0.8699871,-4.000481,40.68573
R,0.02947614,0.831587,-0.1428964,0.6215336,-0.357424,-0.176902,35.98323,-28.07075,-6.391666,40.69978
R,0.03650306,0.8276464,-0.1457468,0.5068973,-0.2842598,-0.2056167,-8.269461,5.27781,-2.071373,40.71365
R,0.04135006,0.8288242,-0.1394855,0.3399174,0.08260182,0.4390989,-11.71021,25.72781,45.21357,40.72791
R,0.04565908,0.8292574,-0.1357809,0.3021899,0.03037637,0.2598022,-2.64581,-3.662544,-12.57398,40.74216
R,0.04943059,0.8292176,-0.133861,0.2541586,-0.002679145,0.1293802,-3.236795,-2.227585,-8.789032,40.757
R,0.06212898,0.8255079,-0.1289882,0.8695947,-0.254045,0.3336925,42.14548,-17.21371,13.99144,40.77161
R,0.07250208,0.8225254,-0.1257632,0.4127572,-0.118677,0.1283252,-18.17808,5.386449,-8.1718,40.79674
R,0.09004651,0.8256511,-0.1190046,1.303619,0.2322536,0.5021901,66.19447,26.07549,27.7796,40.8102
R,0.09695736,0.81445,-0.1181308,0.4875239,-0.790181,0.06164327,-57.57117,-72.12731,-31.07823,40.82437
R,0.1025819,0.8060095,-0.1176411,0.3190038,-0.4787125,0.02777731,-9.55788,17.66542,-1.920761,40.842
R,0.1082402,0.799238,-0.1171655,0.2242668,-0.2683867,0.01884792,-3.754873,8.336205,-0.3539137,40.86723
R,0.112552,0.8014159,-0.1161697,0.317504,0.1603669,0.07332723,6.865612,31.57168,4.011636,40.88081
R,0.1164613,0.8171426,-0.11544,0.2441113,0.9820562,0.04556857,-4.583007,51.31036,-1.733388,40.89683
R,0.1204972,0.8267644,-0.1148185,0.1602056,0.3819347,0.02466929,-3.330613,-23.82166,-0.8295913,40.92202
R,0.1209043,0.8225807,-0.1118136,0.02713761,-0.2789253,0.2003364,-8.871564,-44.05913,11.71162,40.93702
R,0.1222433,0.8208497,-0.1101582,0.05041879,-0.06517748,0.06233027,0.8766191,8.048366,-5.19642,40.96358
R,0.1188614,0.815262,-0.1084423,-0.2462636,-0.4068837,0.1249523,-21.60375,-24.88229,4.559993,40.97731
R,0.1181705,0.8129215,-0.1074539,-0.04721104,-0.1599444,0.06754319,13.60282,16.8753,-3.923212,40.99194
R,0.1150618,0.8139908,-0.1073461,-0.2331063,0.08017645,0.008082898,-13.93916,18.00522,-4.45857,41.00528
R,0.1124562,0.8150069,-0.107116,-0.18868,0.07357994,0.01666307,3.217151,-0.4776896,0.6213371,41.01909
R,0.1114478,0.8168688,-0.1054993,-0.0700094,0.1292662,0.1122359,8.238553,3.865951,6.635022,41.03349
R,0.1108023,0.818495,-0.1039763,-0.04732177,0.1192062,0.1116449,1.66315,-0.7374691,-0.04332322,41.04713
R,0.1071324,0.8255341,-0.1019083,-0.2491023,0.4778005,0.1403757,-13.69642,24.34059,1.950181,41.06187
R,0.1046143,0.8310032,-0.1001489,-0.1867871,0.4056885,0.1305068,4.622404,-5.349104,-0.7320527,41.07535
R,0.1029676,0.83507,-0.09870008,-0.1293211,0.3193763,0.113778,4.512989,-6.778376,-1.313763,41.08808
R,0.0989095,0.8414668,-0.09735394,-0.2754548,0.4341986,0.09137358,-9.919235,7.793881,-1.520764,41.10281
R,0.09593564,0.8466649,-0.09609507,-0.2197233,0.3840632,0.09301125,4.117729,-3.704252,0.1209991,41.11635
R,0.0966753,0.8521639,-0.0906873,0.05102539,0.3793462,0.3730567,18.67767,-0.325403,19.319,41.13084
R,0.09703033,0.8568908,-0.08638193,0.02376668,0.3164302,0.2882086,-1.824747,-4.211711,-5.679877,41.14578
R,0.08786926,0.8742125,-0.07467539,-0.6276847,1.186822,0.8020912,-44.63514,59.63617,35.20942,41.16038
R,0.08103992,0.8881146,-0.06540595,-0.5003548,1.018542,0.6791301,9.328885,-12.32911,-9.008803,41.17403
R,0.07562003,0.8995618,-0.05782082,-0.4271771,0.9022287,0.5978342,5.767619,-9.167436,-6.407472,41.18671
R,0.06866588,0.9087121,-0.03141609,-0.536173,0.7055055,2.035836,-8.403715,-15.16759,110.8716,41.19968
R,0.06293742,0.9171159,-0.01028338,-0.3728112,0.5469177,1.375326,10.63166,-10.32096,-42.98626,41.21505
R,0.04133134,0.9633688,0.02982855,-0.8282984,1.77317,1.537745,-17.46172,47.01005,6.226579,41.24113
R,0.01560187,1.021537,0.08224855,-1.842848,4.16621,3.754533,-72.66615,171.3992,158.7753,41.2551
R,0.006294827,1.055127,0.1133345,-0.7018949,2.533264,2.344362,86.04547,-123.1493,-106.3486,41.26836
R,-0.002154751,1.078042,0.135042,-0.5832033,1.581573,1.498282,8.192285,-65.68726,-58.39779,41.28284
R,-0.01347067,1.089649,0.1711675,-0.8122672,0.8331736,2.593126,-16.44243,-53.72078,78.58897,41.29678
R,-0.0235082,1.102311,0.2025748,-0.7050585,0.8893941,2.20612,7.53058,3.949051,-27.18422,41.31101
R,-0.03280329,1.115922,0.2303749,-0.6312574,0.9243928,1.887983,5.012055,2.376866,-21.60561,41.32574
R,-0.03135308,1.103378,0.2738775,0.1075736,-0.9304612,3.226925,54.80478,-137.5888,99.31967,41.33922
R,-0.03239933,1.098485,0.3115678,-0.07822862,-0.3658817,2.818111,-13.89245,42.21367,-30.56708,41.35259
R,-0.02296864,1.076247,0.3031552,0.6840621,-1.613007,-0.6102203,55.29328,-90.46108,-248.6764,41.36638
R,-0.01757442,1.063836,0.3024572,0.383007,-0.8812551,-0.04955817,-21.37589,51.95675,39.80883,41.38046
R,-0.02247549,1.053357,0.2764338,-0.3504598,-0.7492925,-1.860848,-52.44788,9.436226,-129.5195,41.39445
R,-0.02707847,1.047163,0.2635336,-0.320065,-0.4307527,-0.8970097,2.11348,22.14942,67.01971,41.40883
R,-0.03144694,1.043568,0.257214,-0.317749,-0.2614803,-0.4596694,0.1684565,12.31236,31.8108,41.42258
R,-0.05802548,1.043756,0.2110141,-1.836427,0.01301397,-3.192152,-104.9321,18.96601,-188.7991,41.43705
R,-0.0772557,1.044383,0.1855146,-1.381877,0.04503324,-1.832386,32.66384,2.300893,97.71232,41.45097
R,-0.09265732,1.036562,0.1340143,-1.135389,-0.5764992,-3.796537,18.17077,-45.81861,-144.7948,41.46453
R,-0.1059654,1.031285,0.1036003,-0.9000611,-0.3569402,-2.056978,15.91584,14.84935,117.6509,41.47932
R,-0.1179299,1.027557,0.07809632,-0.7627481,-0.2376581,-1.625903,8.753838,7.604349,27.48144,41.495
R,-0.1127693,1.005963,0.01788876,0.3937201,-1.647473,-4.593437,88.23084,-107.5596,-226.4031,41.50811
R,-0.1115467,0.9910464,-0.01317572,0.04702143,-0.5736938,-1.194743,-13.33406,41.29766,130.7141,41.53411
R,-0.09552925,0.946601,-0.07419954,1.15863,-3.214982,-4.414191,80.40884,-191.059,-232.8806,41.54794
R,-0.08724874,0.9397567,-0.09734327,0.607015,-0.5017303,-1.696585,-40.437,198.8989,199.2182,41.56158
R,-0.08282053,0.9321755,-0.1211868,0.3042002,-0.5207965,-1.637959,-20.80217,-1.309773,4.027385,41.57613
R,-0.08033407,0.9246901,-0.1437912,0.1875174,-0.5645138,-1.704719,-8.799684,-3.29696,-5.034747,41.58939
R,-0.07835203,0.9274625,-0.1176537,0.1424293,0.199223,1.878237,-3.240017,54.88186,257.47,41.60331
R,-0.07695676,0.9279655,-0.09941059,0.09579878,0.03453624,1.252569,-3.201652,-11.3074,-42.95838,41.61787
R,-0.09570085,0.9608566,-0.04379927,-1.400699,2.457869,4.155694,-111.8295,181.0895,216.9432,41.63126
R,-0.1092074,0.984578,-0.004193504,-1.001882,1.759594,2.937865,29.58331,-51.79638,-90.33583,41.64474
R,-0.1198406,1.001475,0.02323031,-0.7409472,1.177445,1.910949,18.18247,-40.5654,-71.55765,41.65909
R,-0.1321652,1.042273,0.08760864,-0.8657038,2.865714,4.522078,-8.763185,118.5878,183.4116,41.67332
R,-0.1423231,1.074052,0.1376835,-0.6488401,2.029887,3.198544,13.85222,-53.38865,-84.54108,41.68898
R,-0.1466365,1.090348,0.1968556,-0.332963,1.257941,4.567613,24.38319,-59.58802,105.6812,41.70193
R,-0.1513628,1.104118,0.243998,-0.3558176,1.03668,3.549138,-1.720626,-16.65779,-76.67635,41.71522
R,-0.1402403,1.109592,0.2851154,0.7252993,0.3569652,2.681261,70.49958,-44.32415,-56.59423,41.73055
R,-0.1332667,1.116073,0.3206434,0.2783298,0.2586737,1.418004,-17.83958,-3.923039,-50.41946,41.75561
R,-0.1060338,1.065085,0.3200713,1.918039,-3.591172,-0.04028832,115.4863,-271.1483,-102.7089,41.76981
R,-0.09474871,1.052352,0.3276447,0.8074024,-0.9109495,0.5418451,-79.46145,191.7588,41.64923,41.78378
R,-0.1162544,1.034436,0.2807269,-1.48436,-1.236613,-3.238341,-158.1811,-22.47782,-260.9145,41.79827
R,-0.1308052,1.021574,0.2570812,-1.049639,-0.9278516,-1.705722,31.35928,22.27297,110.5577,41.81213
R,-0.1416377,1.011506,0.2407518,-0.7625338,-0.7086718,-1.149476,20.21021,15.42875,39.1559,41.82634
R,-0.1379135,0.7628186,0.03333706,0.02926853,-1.95443,-1.630067,6.222755,-9.790384,-3.776957,41.95358
R,-0.07789087,0.854972,-0.074586,1.958984,3.007653,-3.522334,62.98101,161.9497,-61.75874,41.98422
R,-0.06356318,0.8412143,-0.1072128,0.6361653,-0.6108571,-1.448663,-58.7346,-160.6658,92.07323,42.00674
R,-0.07865778,0.8391253,-0.1160763,-0.9794453,-0.1355469,-0.5751325,-104.8323,30.84151,56.68089,42.02216
R,-0.08972551,0.836781,-0.1179573,-0.4420079,-0.09362384,-0.07511914,21.46343,1.674265,19.96885,42.0472
R,-0.1172208,0.82255,-0.1685524,-2.037234,-1.054431,-3.748782,-118.1964,-71.18992,-272.1958,42.06069
R,-0.1301054,0.8127934,-0.1901567,-0.2202697,-0.1667954,-0.3693391,31.0621,15.17467,57.77362,42.11919
R,-0.1301054,0.8127934,-0.1901567,0,0,0,8.788794,6.655162,14.73669,42.14425
R,-0.1301054,0.8127934,-0.1901567,0,0,0,0,0,0,42.15891
R,-0.1301054,0.8127934,-0.1901567,0,0,0,0,0,0,42.17458
R,-0.1301054,0.8127934,-0.1901567,0,0,0,0,0,0,42.1997
R,-0.1301054,0.8127934,-0.1901567,0,0,0,0,0,0,42.21351
R,-0.1301054,0.8127934,-0.1901567,0,0,0,0,0,0,42.22738
R,-0.1301054,0.8127934,-0.1901567,0,0,0,0,0,0,42.24381
R,-0.1301054,0.8127934,-0.1901567,0,0,0,0,0,0,42.258
R,-0.1301054,0.8127934,-0.1901567,0,0,0,0,0,0,42.28306
R,-0.1301054,0.8127934,-0.1901567,0,0,0,0,0,0,42.29718
R,-0.1301054,0.8127934,-0.1901567,0,0,0,0,0,0,42.31203
R,-0.1301054,0.8127934,-0.1901567,0,0,0,0,0,0,42.32578
R,-0.1301054,0.8127934,-0.1901567,0,0,0,0,0,0,42.33891
R,0.04091364,1.023536,-0.0178901,9.228411,11.37194,9.29573,497.9771,613.6449,501.6096,42.35744
R,0.04091364,1.023536,-0.0178901,0,0,0,-375.1819,-462.3274,-377.9187,42.38204
R,0.05101576,1.034383,0.03546314,0.7028161,0.754661,3.711845,48.89571,52.50261,258.2372,42.39642
R,0.06145458,1.045711,0.1405707,0.7521912,0.8162366,7.573751,3.557836,4.436967,278.2781,42.41029
R,0.06826579,1.053071,0.1965305,0.4761383,0.5144833,3.911874,-19.2975,-21.09408,-255.9838,42.4246
R,0.08002321,1.051598,0.2248719,0.8736221,-0.1094016,2.105881,29.53458,-46.35706,-134.1923,42.43806
R,0.08943261,1.051229,0.2501454,0.3426809,-0.0134586,0.9204352,-19.33635,3.494148,-43.17275,42.46552
R,0.1012574,0.9969831,0.2340968,0.4419442,-2.0274,-0.5998088,3.709907,-75.26986,-56.8182,42.49227
R,0.1073056,0.963917,0.2219912,0.4278192,-2.338931,-0.8562919,-0.9991336,-22.03611,-18.14235,42.50641
R,0.1110614,0.9509893,0.222225,0.26255,-0.9037083,0.01635,-11.55316,100.3293,61.00209,42.52071
R,0.08855011,0.9359035,0.201477,-1.628367,-1.091241,-1.500822,-136.7805,-13.56525,-109.7455,42.53454
R,0.07397971,0.9229643,0.1894077,-1.08325,-0.9619744,-0.8973053,40.52723,9.610425,44.86908,42.54799
R,0.06351628,0.9112301,0.1819764,-0.8006205,-0.8978537,-0.5686114,21.62572,4.906264,25.15036,42.56106
R,0.04308734,0.9039056,0.1293897,-1.444262,-0.5178246,-3.717716,-45.50343,26.86687,-222.6318,42.5752
R,0.02851843,0.8959999,0.102548,-0.8390054,-0.4552772,-1.545782,34.85597,3.602029,125.0789,42.59257
R,0.01554514,0.8764781,0.05298378,-0.5117171,-0.7700144,-1.955003,12.90952,-12.41446,-16.14125,42.61792
R,0.007025416,0.860952,0.02713816,-0.5668513,-1.033019,-1.719613,-3.668302,-17.49873,15.66143,42.63295
R,0.002032871,0.8519874,0.01418538,-0.1900066,-0.3411731,-0.4929576,14.34198,26.33031,46.68414,42.65923
R,0.002032871,0.8519874,0.01418538,0,0,0,13.6688,24.54349,35.46264,42.67313
R,0.002032871,0.8519874,0.01418538,0,0,0,0,0,0,42.68658
R,0.002032871,0.8519874,0.01418538,0,0,0,0,0,0,42.70069
R,0.002032871,0.8519874,0.01418538,0,0,0,0,0,0,42.71439
R,0.002032871,0.8519874,0.01418538,0,0,0,0,0,0,42.72882
R,0.002032871,0.8519874,0.01418538,0,0,0,0,0,0,42.74316
R,0.002032871,0.8519874,0.01418538,0,0,0,0,0,0,42.75647
R,0.002032871,0.8519874,0.01418538,0,0,0,0,0,0,42.77079
R,0.002032871,0.8519874,0.01418538,0,0,0,0,0,0,42.78587
R,0.002032871,0.8519874,0.01418538,0,0,0,0,0,0,42.81161
R,0.002032871,0.8519874,0.01418538,0,0,0,0,0,0,42.82537
R,0.002032871,0.8519874,0.01418538,0,0,0,0,0,0,42.8394
R,0.002032871,0.8519874,0.01418538,0,0,0,0,0,0,42.85314
R,0.002032871,0.8519874,0.01418538,0,0,0,0,0,0,42.86765
R,0.002032871,0.8519874,0.01418538,0,0,0,0,0,0,42.88314
R,0.06603223,0.9752017,-0.04012704,4.55403,8.767614,-3.864733,324.0531,623.881,-275.0045,42.89719
R,0.06603223,0.9752017,-0.04012704,0,0,0,-337.235,-649.2592,286.1911,42.9107
R,0.06603441,0.9752148,-0.04012417,8.345222E-05,0.0005029997,0.0001100312,0.003201127,0.01929446,0.004220664,42.93677
R,0.08874939,1.087289,-0.01050279,1.538655,7.59161,2.006478,104.2189,514.2023,135.9063,42.95153
R,0.09849375,1.168048,0.002709284,0.6975499,5.781165,0.9457852,-60.21046,-129.6006,-75.92959,42.9655
R,0.09842997,1.166507,0.0627028,-0.00471537,-0.1139841,4.435122,-51.91614,-435.8088,257.955,42.97903
R,0.09914193,1.16828,0.1096713,0.04832594,0.1203716,3.188118,3.600327,15.90754,-84.64384,42.99376
R,0.1077195,1.136877,0.1486489,0.6468816,-2.36823,2.93951,45.14033,-187.679,-18.74885,43.00702
R,0.1147731,1.120214,0.1803774,0.5107908,-1.206725,2.297634,-9.855084,84.11097,-46.4818,43.02083
R,0.1223793,1.116719,0.1844752,0.5645289,-0.2593431,0.3041423,3.988427,70.31438,-147.9563,43.0343
R,0.1289294,1.116116,0.1913329,0.4894694,-0.04511118,0.5124537,-5.609007,16.00902,15.56659,43.04768
R,0.1347774,1.117478,0.2005628,0.4186344,0.09754745,0.6607227,-5.07072,10.21221,10.61382,43.06165
R,0.1377704,1.095233,0.1991792,0.2197753,-1.633438,-0.1015986,-14.60216,-127.1058,-55.97702,43.07527
R,0.1411318,1.081464,0.2019347,0.240228,-0.9840512,0.1969291,1.461712,46.41029,21.33513,43.08926
R,0.1329027,1.054117,0.1782402,-0.5574198,-1.852406,-1.605001,-54.03064,-58.82018,-122.0582,43.10403
R,0.1281074,1.035793,0.1652013,-0.3438312,-1.313876,-0.9349229,15.31482,38.61391,48.04625,43.11797
R,0.1254089,1.021692,0.1576529,-0.1951982,-1.020031,-0.546017,10.75145,21.25542,28.13172,43.1318
R,0.1071242,0.9976082,0.1316252,-1.394193,-1.836356,-1.984589,-91.4221,-62.24389,-109.6896,43.14491
R,0.09485726,0.979656,0.1152359,-0.8616547,-1.261007,-1.151217,37.40665,40.41377,58.53791,43.15915
R,0.07499273,0.9524364,0.08262603,-1.419675,-1.945325,-2.330558,-39.88048,-48.90675,-84.285,43.17314
R,0.06067547,0.9315205,0.06082872,-1.027144,-1.500539,-1.563775,28.1608,31.90971,55.01028,43.18708
R,0.05291766,0.9128585,0.0253014,-0.4586518,-1.103324,-2.100423,33.61002,23.48385,-31.72731,43.20399
R,0.04599253,0.8963363,-4.435075E-06,-0.524071,-1.250343,-1.915061,-4.950705,-11.12587,14.02752,43.21721
R,0.03967733,0.8812135,-0.02091494,-0.5068868,-1.213822,-1.678372,1.379282,2.9313,18.99776,43.22967
R,0.03763051,0.8592446,-0.03799403,-0.162005,-1.738833,-1.351806,27.29731,-41.55448,25.84759,43.2423
R,0.03472882,0.8405212,-0.05348069,-0.2027348,-1.308165,-1.082019,-2.845705,30.08985,18.84947,43.25661
R,0.03596234,0.829268,-0.07516716,0.08692483,-0.7929981,-1.52822,20.41198,36.30319,-31.44328,43.27081
R,0.03561527,0.8170382,-0.09396342,-0.02589141,-0.9123417,-1.402199,-8.416079,-8.903017,9.401181,43.28421
R,0.03425348,0.8044053,-0.1113509,-0.09454087,-0.8770235,-1.207103,-4.765901,2.451925,13.54429,43.29861
R,0.03746639,0.7889857,-0.1240946,0.2286227,-1.097224,-0.9068066,22.99549,-15.66888,21.36829,43.31267
R,0.03888554,0.7742036,-0.1374529,0.1046766,-1.09033,-0.9853142,-9.142302,0.5085115,-5.790738,43.32623
R,0.0369926,0.77267,-0.1392808,-0.1322552,-0.1071512,-0.1277121,-16.55391,68.69251,59.91878,43.34054
R,0.03495383,0.7676414,-0.1446242,-0.1425969,-0.3517126,-0.3737306,-0.7233191,-17.1052,-17.20712,43.35484
R,0.0308333,0.7681978,-0.1490058,-0.3120079,0.04213154,-0.3317774,-12.82787,29.82203,3.176713,43.36804
R,0.02721103,0.7654197,-0.1555416,-0.2536206,-0.1945112,-0.4576145,4.088108,-16.56904,-8.810749,43.38232
R,0.02390075,0.7605298,-0.1634035,-0.2294475,-0.3389369,-0.5449415,1.675525,-10.01066,-6.052948,43.39675
R,0.02755379,0.7676234,-0.1571117,0.2806634,0.5449975,0.4834019,39.19183,67.91269,79.00763,43.40977
R,0.0317605,0.7747415,-0.1515023,0.3042941,0.5148963,0.4057563,1.709338,-2.177381,-5.616532,43.42359
R,0.03185914,0.777227,-0.1499814,0.006862891,0.17292,0.105816,-20.69262,-23.79168,-20.86718,43.43797
R,0.03168486,0.7774364,-0.1503341,-0.01282636,0.01540567,-0.02596307,-1.449023,-11.59221,-9.698233,43.45155
R,0.03157223,0.7772723,-0.1507274,-0.008084451,-0.01177437,-0.02822512,0.3403788,-1.951009,-0.1623716,43.46548
R,0.02466563,0.7708899,-0.1515416,-0.4830641,-0.4464048,-0.05694808,-33.22121,-30.39908,-2.008952,43.47978
R,0.01831906,0.7641103,-0.1537438,-0.4535753,-0.4845241,-0.1573916,2.107501,-2.724307,-7.178483,43.49377
R,-0.03555765,0.7621969,-0.1542192,-3.971726,-0.1410512,-0.03504201,-259.3538,25.3204,9.019466,43.50734
R,-0.06636559,0.7595263,-0.1558335,-2.126413,-0.1843281,-0.1114217,127.3664,-2.987039,-5.27185,43.52183
R,-0.09272262,0.7563894,-0.1581685,-1.956211,-0.2328178,-0.1733006,12.63232,-3.598893,-4.592631,43.5353
R,-0.1007895,0.7725562,-0.1218119,-0.5669361,1.136197,2.555138,97.6381,96.21423,191.7544,43.54953
R,-0.1105225,0.7834773,-0.09522458,-0.6800295,0.7630347,1.857595,-7.901586,-26.07204,-48.73584,43.56384
R,-0.1105225,0.7834773,-0.09522458,0,0,0,53.69447,-60.24849,-146.6739,43.57651
R,-0.1105225,0.7834773,-0.09522458,0,0,0,0,0,0,43.59081
R,-0.1105225,0.7834773,-0.09522458,0,0,0,0,0,0,43.60399
R,-0.1105225,0.7834773,-0.09522458,0,0,0,0,0,0,43.61826
R,-0.1105225,0.7834773,-0.09522458,0,0,0,0,0,0,43.63226
R,-0.1105225,0.7834773,-0.09522458,0,0,0,0,0,0,43.64584
R,-0.1105225,0.7834773,-0.09522458,0,0,0,0,0,0,43.66005
R,-0.1105225,0.7834773,-0.09522458,0,0,0,0,0,0,43.67397
R,-0.1105225,0.7834773,-0.09522458,0,0,0,0,0,0,43.68778
R,-0.1105225,0.7834773,-0.09522458,0,0,0,0,0,0,43.70219
R,-0.008317769,1.001833,-0.000797689,7.483902,15.98904,6.91437,548.0056,1170.791,506.3018,43.71585
R,-0.008317771,1.001833,-0.0007976783,-1.997877E-07,0,7.65853E-07,-535.15,-1143.325,-494.4245,43.72984
R,-0.03236353,1.048154,0.08783533,-1.807182,3.481284,6.6613,-135.8205,261.6393,500.6363,43.74314
R,-0.03914353,1.081523,0.1577072,-0.4696977,2.311682,4.840508,92.65683,-81.02644,-126.1389,43.75758
R,-0.04493139,1.10665,0.2106495,-0.4226331,1.834828,3.86588,3.43668,-34.82023,-71.16797,43.77127
R,-0.04972508,1.126672,0.252685,-0.3498437,1.46119,3.067749,5.312167,-27.26808,-58.24751,43.78497
R,-0.05389593,1.143572,0.2880527,-0.2792039,1.131272,2.367579,4.728759,-22.08526,-46.87067,43.79991
R,-0.04672243,1.130848,0.2878177,0.54318,-0.9634604,-0.01779138,62.27123,-158.614,-180.6211,43.81312
R,-0.05599494,1.108461,0.2742803,-0.6933061,-1.673889,-1.012196,-92.45221,-53.11885,-74.35171,43.82649
R,-0.06344581,1.095268,0.2700894,-0.5208536,-0.922225,-0.2929667,12.0553,52.54515,50.27774,43.8408
R,-0.1033403,1.066998,0.2316152,-2.832638,-2.007228,-2.731794,-164.1442,-77.03876,-173.1647,43.85488
R,-0.1303049,1.048391,0.21052,-2.003575,-1.382618,-1.567453,61.60261,46.41099,86.51508,43.86834
R,-0.1529747,1.034333,0.1962033,-1.597511,-0.9906166,-1.008879,28.6148,27.62384,39.36199,43.88253
R,-0.1715677,0.9871073,0.07874536,-1.348656,-3.425576,-8.519895,18.05089,-176.6215,-544.8167,43.89632
R,-0.1884532,0.957159,0.07763281,-0.9933665,-1.761838,-0.06545029,20.90149,97.87678,497.3702,43.91331
R,-0.1692077,0.9537199,-0.08307184,1.546626,-0.2763833,-12.9147,204.1213,119.3755,-1032.604,43.92576
R,-0.1578733,0.9475624,-0.04481342,0.9086367,-0.493621,3.067039,-51.14528,-17.41515,1281.198,43.93823
R,-0.1519432,0.9406613,-0.1006548,0.4426375,-0.5151178,-4.168135,-34.78329,-1.604574,-540.0505,43.95163
R,-0.1318152,0.9099913,-0.1098142,1.452764,-2.213639,-0.6610919,72.90707,-122.5928,253.1251,43.96548
R,-0.1178771,0.887042,-0.1277083,0.992879,-1.634787,-1.274681,-32.75978,41.23442,-43.70888,43.97952
R,-0.1083347,0.8885224,-0.1246284,0.6749823,0.104712,0.2178609,-22.48643,123.0435,105.575,43.99366
R,-0.1015092,0.8860105,-0.128117,0.4137933,-0.1522823,-0.2114981,-15.83467,-15.58037,-26.03004,44.01015
R,-0.1039198,0.909955,-0.09432581,-0.09574663,0.951044,1.342144,-20.23831,43.82278,61.70879,44.03533
R,-0.1211799,0.9530586,-0.04009362,-1.245768,3.111057,3.914274,-83.00422,155.9016,185.6466,44.04919
R,-0.1322138,0.9922595,0.01147811,-0.8264169,2.93608,3.862634,31.40871,-13.10545,-3.867732,44.06254
R,-0.1409885,1.014431,0.03874972,-0.6156923,1.555725,1.913568,14.78591,-96.85545,-136.7601,44.07679
R,-0.1368015,1.050795,0.09278449,0.3007106,2.611652,3.880792,65.81631,75.83701,141.2865,44.09071
R,-0.1346113,1.080494,0.1364474,0.1625518,2.204284,3.240648,-10.25411,-30.23476,-47.51129,44.10419
R,-0.1337111,1.105238,0.171995,0.06344086,1.743658,2.504994,-6.984228,-32.4598,-51.84066,44.11838
R,-0.1184634,1.118747,0.2120635,1.012432,0.896989,2.66052,63.01225,-56.21811,10.32681,44.13344
R,-0.1074618,1.132024,0.2465884,0.8502393,1.026063,2.668185,-12.53475,9.975245,0.5923681,44.14638
R,-0.07545458,1.135551,0.2627414,2.319098,0.2555366,1.170376,106.4269,-55.8289,-108.5245,44.16018
R,-0.0506177,1.141569,0.2796656,1.813604,0.4394498,1.235818,-36.91147,13.42946,4.778569,44.17387
R,-0.0311405,1.149317,0.2976153,1.396562,0.5555936,1.287035,-29.90289,8.327783,3.672371,44.18782
R,-0.02814097,1.126049,0.2818835,0.2190279,-1.699042,-1.148744,-85.98428,-164.6349,-177.8621,44.20152
R,-0.02398892,1.112963,0.2759165,0.2998437,-0.9450413,-0.4309186,5.836194,54.45093,51.83849,44.21536
R,-0.0376094,1.074346,0.250133,-0.9386239,-2.661212,-1.776808,-85.34618,-118.266,-92.74889,44.22987
R,-0.04538425,1.050982,0.2362572,-0.5987456,-1.799271,-1.068585,26.17422,66.37856,54.5406,44.24286
R,-0.07732299,1.021533,0.1620381,-2.222014,-2.048766,-5.163502,-112.9326,-17.35763,-284.8879,44.25723
R,-0.09767886,1.000607,0.1361158,-1.480624,-1.522154,-1.885512,53.92649,38.30413,238.431,44.27098
R,-0.113229,0.9835671,0.1068196,-1.088776,-1.193063,-2.051233,27.43605,23.04201,-11.60325,44.28526
R,-0.09756448,0.9703454,0.07500376,0.8989403,-0.7587497,-1.825819,114.0692,24.92395,12.93581,44.30269
R,-0.08704422,0.9584054,0.05031926,0.4214276,-0.4783031,-0.9888283,-19.12853,11.23432,33.52875,44.32765
R,-0.06839313,0.9285097,0.02746885,0.6843885,-1.097,-0.8384798,9.649163,-22.70265,5.516931,44.3549
R,-0.05317749,0.9076192,0.006473138,1.138974,-1.563772,-1.571644,34.02826,-34.94042,-54.88141,44.36826
R,-0.04695635,0.8970692,-0.004764694,0.4455833,-0.755631,-0.804899,-49.66348,57.8823,54.91741,44.38223
R,-0.04745544,0.9124284,-0.02304365,-0.03689567,1.135452,-1.351302,-35.66807,139.8015,-40.39377,44.39575
R,-0.0470417,0.9214096,-0.03922649,0.02955286,0.6415191,-1.155923,4.746344,-35.28107,13.95575,44.40975
R,-0.04022654,0.9249776,-0.03994945,0.4353201,0.2279065,-0.04617899,25.91848,-26.41961,70.88514,44.42541
R,-0.03443743,0.926088,-0.04396252,0.461832,0.08858605,-0.320147,2.115017,-11.11443,-21.85608,44.43794
R,-0.0293825,0.925704,-0.04990429,0.367476,-0.02791788,-0.4319469,-6.859362,-8.469441,-8.127477,44.4517
R,-0.02072524,0.9288017,-0.04736806,0.6311041,0.2258151,0.1848883,19.21816,18.49683,44.96653,44.46542
R,-0.01334938,0.9301893,-0.04811668,0.5239939,0.09857724,-0.05318349,-7.60929,-9.039203,-16.91303,44.47949
R,-0.001755457,0.933166,-0.04738194,0.8363447,0.2147341,0.05300149,22.53189,8.379148,7.659812,44.49335
R,0.008076804,0.9347735,-0.0488667,0.6981224,0.1141361,-0.1054222,-9.814231,-7.142783,-11.2486,44.50744
R,0.01669929,0.9354982,-0.05175868,0.6089259,0.05117693,-0.2042342,-6.299119,-4.446223,-6.978168,44.5216
R,0.02583749,0.9356289,-0.04957028,0.6695147,0.009576754,0.1603345,4.439064,-3.047858,26.71031,44.53525
R,0.0341967,0.9354327,-0.04949196,0.6396138,-0.0150093,0.005992776,-2.287895,-1.881228,-11.80962,44.54832
R,0.04314901,0.928993,-0.04506518,0.6156335,-0.442845,0.3044213,-1.649081,-29.42144,20.52237,44.56286
R,0.05151857,0.9240575,-0.04292967,0.5660551,-0.333805,0.14443,-3.353119,7.374657,-10.82063,44.57764
R,0.05865501,0.925097,-0.03689449,0.4871811,0.07096761,0.4120021,-5.384462,27.63248,18.26626,44.59229
R,0.06575018,0.9254069,-0.03311336,0.5230475,0.02284431,0.2787402,2.644028,-3.547591,-9.8239,44.60586
R,0.072831,0.9252424,-0.03081809,0.5488449,-0.01275595,0.1779098,1.999593,-2.759431,-7.815522,44.61876
R,0.07600702,0.9290061,-0.04270379,0.2210771,0.2619863,-0.8273405,-22.81529,19.12428,-69.97353,44.63313
R,0.08016816,0.9315023,-0.05142503,0.3236844,0.1941766,-0.6784043,7.981572,-5.274756,11.58538,44.64598
R,0.08646223,0.9398721,-0.05089434,0.4567977,0.6074457,0.03851528,9.66081,29.99336,52.03106,44.65976
R,0.09281488,0.9460802,-0.05119573,0.4433729,0.4332817,-0.02103509,-0.9369592,-12.15549,-4.156223,44.67409
R,0.09918045,0.9508191,-0.05201382,0.4884939,0.3636609,-0.06278016,3.462591,-5.342707,-3.203519,44.68712
R,0.1067746,0.9425142,-0.05428526,0.5277725,-0.577164,-0.1578591,2.729754,-65.38483,-6.607731,44.70151
R,0.1140689,0.936951,-0.05645126,0.510183,-0.3891075,-0.1514951,-1.230248,13.15312,0.4451093,44.71581
R,0.1126017,0.9393229,-0.06230804,-0.1027886,0.166167,-0.4102935,-42.94143,38.89949,-18.13,44.73008
R,0.1129642,0.9412188,-0.06732211,0.02772777,0.1449779,-0.383433,9.980767,-1.620356,2.054065,44.74316
R,0.1146624,0.9427826,-0.07182532,0.1222973,0.1126202,-0.3243105,6.810668,-2.330327,4.257855,44.75704
R,0.1123273,0.9432774,-0.07231458,-0.1649059,0.03494158,-0.03455221,-20.28249,-5.485717,20.46293,44.7712
R,0.1111735,0.9437423,-0.07309651,-0.08515449,0.03431166,-0.05770737,5.8858,-0.04648927,-1.708892,44.78475
R,0.1101468,0.9429495,-0.07371226,-0.06990361,-0.05397727,-0.04192624,1.038422,-6.011536,1.074527,44.79944
R,0.1096611,0.9423008,-0.07454847,-0.03210886,-0.04288011,-0.05527157,2.498151,0.7334986,-0.8820972,44.81457
R,0.1088294,0.9404557,-0.07607567,-0.06038943,-0.1339855,-0.1108996,-2.053624,-6.615713,-4.039491,44.82834
R,0.1085098,0.9387496,-0.07787906,-0.0246166,-0.131385,-0.1388801,2.754886,0.2002665,-2.154796,44.84132
R,0.1086499,0.9372866,-0.07978757,0.009943278,-0.1038212,-0.1354366,2.452535,1.956054,0.2443722,44.85542
R,0.1093851,0.9356073,-0.08437487,0.0522273,-0.1193005,-0.3258903,3.003931,-1.099672,-13.53016,44.86949
R,0.1104454,0.9341661,-0.08864201,0.07901274,-0.1073897,-0.3179657,1.995918,0.8875343,0.5904967,44.88291
R,0.1136541,0.9343233,-0.09192327,0.2235892,0.0109483,-0.2286449,10.07439,8.246037,6.224063,44.89726
R,0.116598,0.9343659,-0.09503012,0.2249943,0.003261662,-0.237447,0.1073877,-0.5874652,-0.67272,44.91035
R,0.1192962,0.9343228,-0.09797566,0.2117684,-0.003386976,-0.2311845,-1.038047,-0.5218265,0.491522,44.92309
R,0.1230291,0.9335191,-0.09973055,0.2588764,-0.0557333,-0.1217019,3.266948,-3.630232,7.592648,44.93751
R,0.1264197,0.9328282,-0.101665,0.2356384,-0.04801829,-0.134442,-1.614977,0.5361727,-0.885403,44.9519
R,0.128839,0.9336146,-0.101905,0.1826667,0.0593768,-0.01811703,-3.999488,8.108577,8.782804,44.96514
R,0.1311831,0.9341913,-0.1025193,0.1705964,0.04197321,-0.04471095,-0.8784421,-1.266587,-1.935434,44.97888
R,0.1335876,0.9346366,-0.103432,0.1771525,0.03280459,-0.06724229,0.4830345,-0.6755194,-1.660049,44.99245
R,0.1384583,0.933539,-0.1068299,0.343417,-0.07738536,-0.239573,11.72276,-7.769133,-12.15047,45.00664
R,0.1429987,0.932623,-0.1100417,0.3275273,-0.06607732,-0.2316893,-1.146221,0.815722,0.5687012,45.0205
R,0.139883,0.9296465,-0.1111966,-0.2223054,-0.2123792,-0.0824055,-39.23118,-10.4388,10.65157,45.03452
R,0.1370889,0.9264525,-0.1128379,-0.2035734,-0.2327074,-0.119582,1.364782,-1.481077,-2.708611,45.04824
R,0.1409249,0.9194978,-0.1138376,0.262415,-0.4757633,-0.06838945,31.87788,-16.62726,3.502038,45.06286
R,0.1444073,0.9139351,-0.1151094,0.2520415,-0.4026091,-0.09204546,-0.750783,5.294576,-1.712116,45.07668
R,0.1474609,0.9095076,-0.1165095,0.2164662,-0.3138563,-0.09925234,-2.521864,6.291509,-0.5108816,45.09078
R,0.1534322,0.905311,-0.1168415,0.4434368,-0.3116413,-0.02464811,16.85523,0.1644919,5.540242,45.10425
R,0.1584252,0.9016756,-0.1175337,0.356067,-0.2592492,-0.04936316,-6.230543,3.736201,-1.762487,45.11827
R,0.1577335,0.9033526,-0.1157232,-0.04787219,0.1160532,0.1252918,-27.95413,25.97235,12.08679,45.13272
R,0.157127,0.9053066,-0.113437,-0.0457652,0.1474435,0.172512,0.1589911,2.368679,3.563177,45.14597
R,0.1569562,0.9068948,-0.11135,-0.01190991,0.1107297,0.1455021,2.360362,-2.559654,-1.883106,45.16032
R,0.1548516,0.9131373,-0.1154054,-0.1472738,0.4368451,-0.2837949,-9.472724,22.82146,-30.04208,45.17461
R,0.1534692,0.9184205,-0.1191993,-0.1080531,0.4129305,-0.2965256,3.065431,-1.869137,-0.9950129,45.1874
R,0.1552663,0.9176717,-0.1212623,0.1230081,-0.05124837,-0.1411977,15.81497,-31.77068,10.6314,45.20201
R,0.1570303,0.9169539,-0.1232119,0.1266888,-0.05155822,-0.1400219,0.2643461,-0.02225359,0.08444242,45.21593
R,0.1665021,0.9129257,-0.1245795,0.685147,-0.2913778,-0.09892492,40.39638,-17.34748,2.972775,45.22976
R,0.1739269,0.9099237,-0.1258997,0.5461177,-0.2208105,-0.09710604,-10.22607,5.190455,0.1337847,45.24335
R,0.1799349,0.9075639,-0.1271918,0.4170956,-0.1638225,-0.0897041,-8.957191,3.956321,0.5138705,45.25776
R,0.1792876,0.9087259,-0.1278321,-0.04695174,0.08428162,-0.04644265,-33.66,17.9964,3.137999,45.27155
R,0.1791818,0.9092512,-0.1282718,-0.00777197,0.03861995,-0.03232679,2.880186,-3.356683,1.037686,45.28515
R,0.1791185,0.9095149,-0.129597,-0.004542325,0.01891762,-0.09507132,0.2317,-1.413478,-4.501396,45.29909
R,0.1793945,0.9097104,-0.1313006,0.01949021,0.01380657,-0.1203077,1.697194,-0.3609459,-1.782208,45.31325
R,0.180023,0.9098003,-0.1331824,0.04635842,0.006629854,-0.1388049,1.981806,-0.5293568,-1.364359,45.32681
R,0.1821041,0.9098245,-0.1329181,0.1472064,0.001711751,0.01869856,7.133483,-0.3478821,11.14101,45.34094
R,0.1847928,0.9097617,-0.1327883,0.1831674,-0.004279821,0.008837789,2.449835,-0.4081743,-0.6717627,45.35562
R,0.1862726,0.9089529,-0.1330577,0.1106451,-0.06047223,-0.02014292,-5.422497,-4.201512,-2.166891,45.369
R,0.1878631,0.9081555,-0.1334359,0.123425,-0.06188018,-0.02934776,0.9917602,-0.1092617,-0.7143254,45.38188
R,0.1902338,0.9085407,-0.1339675,0.1650209,0.02681476,-0.03700254,2.89541,6.173883,-0.5328346,45.39625
R,0.1927285,0.9088281,-0.1345916,0.1819602,0.02096376,-0.04552183,1.235538,-0.426768,-0.6213918,45.40996
R,0.1952168,0.9090146,-0.1352669,0.1769692,0.01326387,-0.04802801,-0.3549495,-0.547607,-0.1782364,45.42402
R,0.1961226,0.9128178,-0.140105,0.06274775,0.2634737,-0.3351695,-7.912916,17.33377,-19.89228,45.43845
R,0.1973435,0.9161338,-0.1445154,0.0872073,0.2368529,-0.315029,1.747118,-1.901494,1.438613,45.45245
R,0.1958477,0.9192291,-0.1541338,-0.1167652,0.2416384,-0.7508608,-15.92322,0.3735889,-34.02344,45.46526
R,0.1951725,0.921614,-0.1614577,-0.04715387,0.166539,-0.5114316,4.861002,-5.244236,16.71948,45.47958
R,0.1950238,0.9235502,-0.1674125,-0.01093838,0.1424181,-0.4379965,2.663769,-1.774174,5.401392,45.49318
R,0.1935581,0.9212606,-0.1689983,-0.1046369,-0.1634583,-0.1132142,-6.689133,-21.83651,23.1862,45.50719
R,0.1927353,0.9198884,-0.1706888,-0.05918655,-0.09871107,-0.1216094,3.269629,4.657818,-0.6039337,45.52109
R,0.1931784,0.919351,-0.1710282,0.03142227,-0.03811976,-0.02406952,6.426558,4.297523,6.918151,45.53519
R,0.1936036,0.9189757,-0.1715894,0.02603467,-0.02297408,-0.03436168,-0.3298287,0.9272185,-0.6300862,45.55152
R,0.1981384,0.916175,-0.1673726,0.3644297,-0.2250728,0.3388738,27.19442,-16.24125,29.99431,45.56396
R,0.2062084,0.9114773,-0.1614816,0.5972636,-0.3476805,0.4360001,17.23208,-9.074217,7.188338,45.57748
R,0.2096881,0.909912,-0.1597531,0.2494968,-0.1122299,0.1239326,-24.93572,16.88238,-22.37599,45.59142
R,0.2184858,0.9134568,-0.1556675,0.6743478,0.271706,0.3131636,32.56496,29.4288,14.50461,45.60447
R,0.2186289,0.9136281,-0.1554795,0.01012189,0.01211717,0.01329664,-46.98404,-18.36202,-21.2111,45.61861
R,0.2254093,0.9158874,-0.1528032,0.5026734,0.1674915,0.1984123,36.51567,11.51879,13.72369,45.6321
R,0.2242449,0.9171271,-0.1541048,-0.08711584,0.09275114,-0.09737866,-44.12378,-5.591536,-22.12895,45.64546
R,0.2238074,0.9178277,-0.1548319,-0.03089642,0.04947215,-0.0513453,3.970254,-3.056392,3.250908,45.65962
R,0.223963,0.9179101,-0.1541731,0.01119056,0.005926872,0.04736569,3.026014,-3.130865,7.097228,45.67353
R,0.2244684,0.9180499,-0.1530476,0.03766233,0.01041519,0.08386779,1.972546,0.334447,2.719956,45.68695
R,0.2239875,0.9186757,-0.1526657,-0.03043895,0.03960949,0.02416745,-4.310078,1.847685,-3.778389,45.70275
R,0.2236423,0.9193621,-0.1522513,-0.02504888,0.04981226,0.03008094,0.3911887,0.7404747,0.4291766,45.71653
R,0.2236469,0.9191573,-0.1524577,0.0003214934,-0.01443568,-0.01455651,1.788782,-4.529912,-3.14724,45.73071
R,0.223714,0.9189366,-0.1526767,0.005133082,-0.01688832,-0.01675378,0.3681637,-0.1876658,-0.1681263,45.74378
R,0.223877,0.9186364,-0.1529735,0.01249041,-0.02299459,-0.02273547,0.5636119,-0.4677745,-0.4582307,45.75684
R,0.2243486,0.9186664,-0.1526981,0.03359375,0.002131454,0.01961829,1.503292,1.789849,3.017061,45.77087
R,0.2254463,0.9187442,-0.1521015,0.08264041,0.005860497,0.04491178,3.692501,0.2807428,1.904232,45.78416
R,0.2277346,0.9197682,-0.1522365,0.1629135,0.07290111,-0.009612855,5.715133,4.773029,-3.881941,45.7982
R,0.2302441,0.9208436,-0.1523696,0.1837563,0.07874913,-0.009744894,1.526204,0.4282188,-0.009668514,45.81186
R,0.2326212,0.9218185,-0.1524774,0.1688781,0.06925813,-0.00766112,-1.056975,-0.6742569,0.1480349,45.82594
R,0.2343821,0.9275369,-0.1584128,0.1281515,0.4161707,-0.4319584,-2.963976,25.24738,-30.87923,45.83968
R,0.2360834,0.9321982,-0.1630838,0.1233375,0.3379252,-0.3386252,-0.3489931,-5.672454,6.766243,45.85347
R,0.2339302,0.9334216,-0.1703418,-0.1605351,0.0912125,-0.5411401,-21.16482,-18.39427,-15.09899,45.86688
R,0.2326819,0.9346032,-0.1758595,-0.0842943,0.07978732,-0.3725981,5.148395,-0.7715201,11.38132,45.88169
R,0.2320586,0.9357155,-0.1800361,-0.03863124,0.06893469,-0.2588366,2.829857,-0.6725653,7.05009,45.89783
R,0.232849,0.9360865,-0.1797898,0.05797841,0.02721478,0.01806886,7.086077,-3.060052,20.31033,45.91146
R,0.2333846,0.9364176,-0.1798417,0.0407661,0.02520235,-0.00395729,-1.310135,-0.1531788,-1.676546,45.9246
R,0.2332872,0.9362688,-0.1797935,-0.006879083,-0.01051067,0.003408498,-3.364736,-2.522078,0.520177,45.93876
R,0.2331983,0.9361494,-0.1798192,-0.006577322,-0.008840345,-0.0019046,0.02233335,0.1236214,-0.3932233,45.95227
R,0.2326245,0.935722,-0.1796507,-0.04469326,-0.0332832,0.01312296,-2.968468,-1.903609,1.170346,45.96511
R,0.2316752,0.9350732,-0.1795172,-0.06787669,-0.04639338,0.009545059,-1.657773,-0.9374672,-0.2558441,45.9791
R,0.2307111,0.9344733,-0.1795326,-0.06665348,-0.041473,-0.001065154,0.08456124,0.3401497,-0.7334925,45.99356
R,0.2306186,0.9343253,-0.1793033,-0.006428216,-0.0102868,0.0159462,4.187717,2.168508,1.182871,46.00794
R,0.2305709,0.9342555,-0.1792011,-0.001873084,-0.002738932,0.004005571,0.1785972,0.2959362,-0.4681671,46.03345
R,0.2294879,0.9332958,-0.1796684,-0.06870727,-0.06088153,-0.02964288,-4.240121,-3.688706,-2.134738,46.04921
R,0.2287486,0.9326854,-0.1801272,-0.05713467,-0.04717902,-0.03545567,0.894366,1.058971,-0.4492298,46.06215
R,0.2290265,0.9325194,-0.1799578,0.01871728,-0.01117677,0.01140862,5.108975,2.424916,3.156524,46.077
R,0.2294579,0.9322894,-0.179736,0.01701799,-0.009072657,0.00874645,-0.06702663,0.08299448,-0.1050063,46.10235
R,0.2299017,0.9322534,-0.179503,0.03304665,-0.002685547,0.01735729,1.193698,0.4756655,0.6412726,46.11578
R,0.230157,0.9322495,-0.1794081,0.01783944,-0.000270689,0.006625633,-1.062494,0.1687208,-0.7497971,46.13009
R,0.2299702,0.9322162,-0.179689,-0.01300873,-0.002320503,-0.01956135,-2.148423,-0.1427594,-1.823794,46.14445
R,0.2297443,0.9321846,-0.1800426,-0.01497495,-0.002094398,-0.02344244,-0.1303573,0.01499043,-0.2573104,46.15953
R,0.2300847,0.9320737,-0.1799477,0.02489362,-0.008108957,0.006942749,2.916101,-0.439922,2.22246,46.1732
R,0.2306332,0.9319056,-0.1798084,0.03901375,-0.01195402,0.009905512,1.004207,-0.273456,0.2107083,46.18726
R,0.2319507,0.9315158,-0.1799951,0.09298747,-0.02751834,-0.01318175,3.809609,-1.098572,-1.629561,46.20143
R,0.2334049,0.9311022,-0.1802374,0.1012833,-0.02880496,-0.01686827,0.5777659,-0.08960661,-0.256748,46.21579
R,0.2347752,0.9307277,-0.1804971,0.1005012,-0.02746398,-0.01905035,-0.05736526,0.09835793,-0.1600495,46.22942
R,0.2350857,0.9302199,-0.1815565,0.02163701,-0.03538676,-0.07382418,-5.495423,-0.5520763,-3.816755,46.24377
R,0.2354016,0.929733,-0.1826083,0.02433373,-0.03749266,-0.08099731,0.2076762,-0.1621759,-0.5524067,46.25676
R,0.235566,0.9272724,-0.1853854,0.01246317,-0.1865376,-0.2105241,-0.8998832,-11.29879,-9.81916,46.26995
R,0.2357595,0.9249803,-0.1880172,0.0142149,-0.1683979,-0.1933605,0.1287006,1.332735,1.261024,46.28356
R,0.2359543,0.9231043,-0.1902132,0.01360941,-0.1310718,-0.1534307,-0.04230413,2.607897,2.789807,46.29787
R,0.235845,0.9223161,-0.1893521,-0.007566941,-0.05457607,0.05962345,-1.466258,5.296589,14.75194,46.31232
R,0.2357703,0.9215924,-0.1886898,-0.002885128,-0.02792446,0.02555506,0.180646,1.028343,-1.314516,46.33823
R,0.2359772,0.9214169,-0.1892389,0.00751385,-0.006373355,-0.01993973,0.3775665,0.7824781,-1.651827,46.36578
R,0.2336596,0.9206011,-0.1913955,-0.1617568,-0.05693807,-0.1505154,-11.81397,-3.529083,-9.11332,46.3801
R,0.2322488,0.9200193,-0.1927996,-0.1063902,-0.04387676,-0.1058924,4.175493,0.9850237,3.365263,46.39336
R,0.2324136,0.9200707,-0.1926816,0.01223081,0.003817773,0.008759202,8.80402,3.539875,8.509409,46.40684
R,0.2325828,0.9201127,-0.1925741,0.01197502,0.002969762,0.00761318,-0.01810319,-0.06001646,-0.08110762,46.42097
R,0.2327026,0.9202886,-0.192629,0.008747692,0.01285535,-0.004017297,-0.2357927,0.7222541,-0.849738,46.43465
R,0.2328139,0.9204597,-0.1927108,0.007748191,0.01191168,-0.005689268,-0.06957334,-0.06568731,-0.1163826,46.44902
R,0.2329176,0.9206254,-0.1928166,0.007634844,0.01219031,-0.007787277,-0.008341769,0.02050569,-0.1544022,46.46261
R,0.2329297,0.9206533,-0.192781,0.0008543605,0.001976301,0.002516729,-0.479359,-0.7220983,0.728461,46.47675
R,0.2329309,0.9206698,-0.1927588,8.407152E-05,0.00113189,0.001524565,-0.05299912,-0.05809905,-0.06826504,46.49129
R,0.2329225,0.9206765,-0.1927505,-0.0006628146,0.0005321353,0.0006581054,-0.05900896,-0.04738458,-0.06845608,46.50394
R,0.2329051,0.9206741,-0.1927552,-0.001228968,-0.0001721185,-0.0003337419,-0.03987472,-0.04960126,-0.06985676,46.51814
R,0.2328788,0.9206634,-0.1927726,-0.001864347,-0.0007609578,-0.001229158,-0.04506512,-0.04176426,-0.06350866,46.53224
R,0.2325783,0.9210415,-0.1930373,-0.02219891,0.02794268,-0.01956318,-1.502419,2.120768,-1.354609,46.54578
R,0.2319358,0.9218114,-0.1936143,-0.04463103,0.05347443,-0.04007891,-1.558147,1.773449,-1.425034,46.56017
R,0.232007,0.9230149,-0.1939527,0.005173346,0.08739612,-0.0245715,3.616598,2.46326,1.126087,46.57394
R,0.2320791,0.9241928,-0.1943045,0.005408568,0.08842085,-0.02640634,0.01765804,0.07692639,-0.137741,46.58727
R,0.2327611,0.9240962,-0.1939165,0.04663048,-0.006602113,0.0265246,2.818486,-6.497053,3.619074,46.60189
R,0.2339108,0.9239006,-0.1932686,0.08019766,-0.01364589,0.04519733,2.341521,-0.4913474,1.30254,46.61623
R,0.2352758,0.9236529,-0.1925118,0.1022951,-0.01855971,0.05671321,1.656004,-0.3682475,0.863013,46.62957
R,0.2350397,0.9236797,-0.1922345,-0.01730504,0.001961864,0.02033304,-8.767464,1.504365,-2.666903,46.64321
R,0.2348134,0.923701,-0.1919799,-0.01561266,0.001467928,0.01756065,0.1167488,-0.03407432,-0.1912539,46.65771
R,0.2347924,0.9237584,-0.1916262,-0.001515746,0.004149717,0.02557161,1.019146,0.1938817,0.5791575,46.67154
R,0.2347815,0.9238171,-0.191227,-0.0008043574,0.004335387,0.02947843,0.05253131,0.01371049,0.2884931,46.68508
R,0.2347805,0.9238735,-0.1908039,-7.28778E-05,0.00394373,0.0295634,0.05110687,-0.02736421,0.005936417,46.69939
R,0.2337007,0.924355,-0.1897627,-0.0769578,0.03431723,0.074206,-5.479859,2.164826,3.181835,46.71342
R,0.2324928,0.9248909,-0.1885844,-0.08670335,0.03846779,0.08458015,-0.6995444,0.2979315,0.7446663,46.72736
R,0.2328474,0.9235772,-0.1871555,0.02540771,-0.09414724,0.1023986,8.034237,-9.503618,1.27693,46.74131
R,0.2332311,0.9221804,-0.1856381,0.02923783,-0.1064408,0.1156386,0.2918727,-0.9368238,1.008949,46.75443
R,0.2335888,0.9208749,-0.1842075,0.02580877,-0.09417567,0.1031985,-0.2473603,0.8847613,-0.8973857,46.7683
R,0.2347049,0.9212905,-0.1838144,0.07715359,0.02872824,0.02717069,3.549509,8.496446,-5.255865,46.78276
R,0.2358163,0.9216739,-0.183393,0.08065887,0.02782825,0.03058706,0.2543989,-0.06531803,0.2479463,46.79654
R,0.2364186,0.9227299,-0.1836216,0.04192632,0.0735072,-0.01591231,-2.696098,3.179624,-3.236732,46.81091
R,0.2353331,0.9244047,-0.1827562,-0.07240478,0.1117128,0.05772603,-7.626263,2.548439,4.911921,46.8259
R,0.234019,0.9263846,-0.1816442,-0.04981034,0.07504564,0.0421492,0.8564196,-1.389831,-0.5904236,46.85228
R,0.2329548,0.9282887,-0.1805495,-0.07800921,0.1395851,0.08024198,-2.067161,4.73116,2.792447,46.86592
R,0.2330435,0.9283648,-0.1805263,0.006100438,0.005235688,0.001599224,5.790136,-9.248657,-5.413794,46.88045
R,0.2331207,0.9284279,-0.180493,0.005175731,0.004227613,0.002230575,-0.06193316,-0.06751683,0.04228535,46.89538
R,0.2331055,0.928571,-0.1802443,-0.001218921,0.01141461,0.01983063,-0.5098296,0.5730016,1.403209,46.90792
R,0.2330438,0.9283474,-0.1799193,-0.004410248,-0.01599154,0.02323931,-0.2282016,-1.959727,0.2437436,46.92191
R,0.2329209,0.9279479,-0.179323,-0.008013642,-0.02604944,0.03888176,-0.2349772,-0.6558749,1.020044,46.93724
R,0.2327535,0.9274537,-0.1785593,-0.01194309,-0.0352647,0.05448974,-0.2803703,-0.6575188,1.113647,46.95126
R,0.2325625,0.9269346,-0.1777316,-0.0139007,-0.03777849,0.06024105,-0.1424696,-0.1829471,0.4185652,46.965
R,0.2326654,0.9270589,-0.1773212,0.007736346,0.009344539,0.03084347,1.626153,3.541577,-2.209404,46.9783
R,0.2327461,0.9264776,-0.1752768,0.003084661,-0.02222962,0.07816773,-0.1778605,-1.20726,1.809476,47.00446
R,0.2333507,0.9262959,-0.1731518,0.04378022,-0.01315608,0.1538879,2.946988,0.6570646,5.483313,47.01826
R,0.2340262,0.9268532,-0.173224,0.0461632,0.03808899,-0.00493882,0.1628479,3.501978,-10.85388,47.0329
R,0.2347873,0.9274837,-0.1732956,0.05786189,0.04793087,-0.005441334,0.8894266,0.7482564,-0.03820504,47.04605
R,0.2355922,0.9281469,-0.1733408,0.05672358,0.04673639,-0.003185904,-0.08021569,-0.08417339,0.1589375,47.06024
R,0.2363472,0.9284558,-0.1732286,0.0534058,0.02184802,0.00793793,-0.2346836,-1.76048,0.7868446,47.07438
R,0.2358759,0.928107,-0.17203,-0.03251131,-0.0240625,0.08268297,-5.927014,-3.167149,5.156307,47.08887
R,0.2350476,0.9274998,-0.1699219,-0.06123427,-0.04488773,0.155849,-2.123393,-1.53954,5.408923,47.1024
R,0.2341629,0.9268531,-0.1676321,-0.06231214,-0.04554423,0.161274,-0.07591527,-0.04623821,0.3820841,47.1166
R,0.2333647,0.9262713,-0.1655312,-0.06047349,-0.04408418,0.1591673,0.1393035,0.1106197,-0.1596121,47.1298
R,0.2331055,0.9274004,-0.1665453,-0.01894118,0.08249286,-0.0740881,3.034406,9.247885,-17.04194,47.14349
R,0.2328394,0.9279401,-0.1666142,-0.01846112,0.03745368,-0.004782003,0.03330988,-3.125133,4.80894,47.1579
R,0.2325569,0.9284492,-0.1666042,-0.01975104,0.03558333,0.0006979167,-0.0901724,-0.1307466,0.3830742,47.1722
R,0.2322673,0.9289227,-0.1665301,-0.02148216,0.03512751,0.005501247,-0.1284107,-0.03381161,0.3563,47.18568
R,0.232785,0.9288731,-0.1651133,0.03676234,-0.003525359,0.1005976,4.135549,-2.744479,6.752148,47.19977
R,0.2335766,0.9287556,-0.1628028,0.05589873,-0.008292363,0.1631659,1.351425,-0.3366491,4.418619,47.21393
R,0.2363776,0.9293613,-0.1620508,0.2069564,0.04475233,0.05555947,11.1609,3.919207,-7.950502,47.22746
R,0.2390762,0.929915,-0.161227,0.1928642,0.03956516,0.0588749,-1.007141,-0.3707157,0.2369463,47.24146
R,0.2387914,0.9302447,-0.1613524,-0.01992,0.0230623,-0.008769261,-14.88263,-1.154249,-4.731193,47.25575
R,0.2385889,0.9304659,-0.1614185,-0.01471773,0.01607539,-0.004798365,0.3779779,-0.5076433,0.2885107,47.26952
R,0.2383214,0.9307722,-0.1614806,-0.01987449,0.02275988,-0.004619296,-0.3831671,0.4966839,0.01330553,47.28297
R,0.2359331,0.9315172,-0.1616133,-0.1651009,0.05150234,-0.009173301,-10.03962,1.986989,-0.314822,47.29744
R,0.2332642,0.9323516,-0.1616862,-0.191998,0.0600259,-0.005245137,-1.934938,0.6131722,0.2825863,47.31134
R,0.2333851,0.9320977,-0.1618859,0.008878836,-0.01865979,-0.01467143,14.75859,-5.781105,-0.6925576,47.32495
R,0.2334871,0.9318933,-0.1620291,0.007243588,-0.01450409,-0.01015794,-0.1160451,0.2949081,0.3202987,47.33904
R,0.2335901,0.93168,-0.162167,0.007388931,-0.01530839,-0.009902536,0.01043287,-0.05773324,0.01833328,47.35297
R,0.2306429,0.9306588,-0.1631851,-0.21225,-0.07354482,-0.0733173,-15.81786,-4.194046,-4.566978,47.36686
R,0.2271308,0.9294624,-0.1643383,-0.2452509,-0.08354422,-0.08052868,-2.304474,-0.6982641,-0.5035748,47.38118
R,0.2249302,0.9297491,-0.1623687,-0.1625905,0.02117831,0.1455188,6.107364,7.737424,16.70152,47.39471
R,0.2228992,0.9299923,-0.1605984,-0.1413728,0.01693192,0.1232284,1.47692,-0.2955825,-1.551594,47.40908
R,0.2226879,0.9298447,-0.1599702,-0.01499793,-0.01047306,0.04458243,8.968171,-1.94479,-5.581095,47.42317
R,0.2224821,0.9297338,-0.1595052,-0.01357653,-0.007317092,0.03067399,0.09376223,0.208183,-0.9174671,47.43833
R,0.2222499,0.9296324,-0.1590715,-0.008871321,-0.00387551,0.01656655,0.1797497,0.1314763,-0.5389362,47.46451
R,0.2189383,0.9298257,-0.1512367,-0.2303879,0.01344795,0.5450774,-15.41116,1.205213,36.76909,47.47888
R,0.2160578,0.9301774,-0.14356,-0.2164844,0.02643438,0.5769491,1.044929,0.9760079,2.395351,47.49219
R,0.213861,0.9304268,-0.1382628,-0.1630461,0.01851377,0.3931577,3.966174,-0.5878658,-13.64095,47.50566
R,0.2120415,0.9306233,-0.1340317,-0.1211225,0.0130777,0.2816567,2.790762,-0.3618667,-7.422375,47.52068
R,0.2043837,0.9288146,-0.123032,-0.5869746,-0.138633,0.8431258,-35.7077,-11.62867,43.03677,47.53373
R,0.1984808,0.9275183,-0.1141595,-0.3866553,-0.08491457,0.581183,13.12157,3.518734,-17.1581,47.549
R,0.1898479,0.9298123,-0.09095362,-0.6044494,0.1606195,1.624805,-15.24931,17.19158,73.07141,47.56328
R,0.1829243,0.9314684,-0.07235926,-0.4871123,0.1165165,1.308213,8.25529,-3.102879,-22.27399,47.57749
R,0.1643888,0.9412484,-0.05025048,-1.391462,0.7341781,1.659703,-67.8894,46.36778,26.38636,47.59081
R,0.1502254,0.9486963,-0.03173464,-1.086897,0.5715521,1.420906,23.37232,-12.47993,-18.32528,47.60384
R,0.1383785,0.9545346,-0.01569911,-0.9451033,0.4657591,1.279251,11.31173,-8.439744,-11.30074,47.61638
R,0.1263133,0.9358719,0.0220301,-0.8562037,-1.324394,2.677446,6.308744,-127.0379,99.22267,47.63047
R,0.1157014,0.9234992,0.05381065,-0.7898483,-0.9209034,2.36544,4.938862,30.032,-23.22274,47.64391
R,0.1179712,0.9441109,0.1038051,0.1610747,1.462706,3.547847,67.48206,169.1524,83.90926,47.658
R,0.1175637,0.9595287,0.1460107,-0.02883549,1.091164,2.987028,-13.44055,-26.29519,-39.69096,47.67213
R,0.1154779,0.9712307,0.1822271,-0.1488282,0.8349509,2.58408,-8.561617,-18.2811,-28.75078,47.68614
R,0.0972089,0.9783239,0.2151186,-1.315687,0.5108387,2.368762,-84.03436,-23.34177,-15.5067,47.70003
R,0.08284882,0.9845172,0.2453441,-1.021272,0.4404546,2.149605,20.93844,-5.005638,-15.58615,47.71409
R,0.07266094,0.9814093,0.2738274,-0.7229809,-0.2205519,2.021314,21.1682,-46.9082,-9.104156,47.72818
R,0.06315661,0.9802673,0.3012875,-0.5478237,-0.0658222,1.58278,10.09596,8.918528,-25.27683,47.74553
R,0.05413584,0.9804133,0.3281155,-0.5720228,0.009256319,1.701213,-1.534508,4.760857,7.509994,47.7613
R,0.06585839,0.9565191,0.3263772,0.5340629,-1.088582,-0.07919627,50.39169,-50.01596,-81.11287,47.78325
R,0.07915615,0.9460046,0.299325,0.9130241,-0.7219257,-1.857402,26.01948,25.17466,-122.0917,47.79781
R,0.08228238,0.9423608,0.2978956,0.2181905,-0.2543139,-0.09976122,-48.4948,32.63622,122.6718,47.81214
R,0.06738647,0.9654373,0.2680797,-1.158029,1.793997,-2.317931,-106.9892,159.2386,-172.4436,47.825
R,0.05585972,0.9828818,0.251277,-0.7607424,1.151305,-1.108944,26.22009,-42.41639,79.79066,47.84016
R,0.04628485,0.9962215,0.2407912,-0.6780103,0.9445992,-0.7425178,5.858383,-14.63715,25.9472,47.85428
R,0.04592538,0.9993094,0.231826,-0.02616114,0.2247319,-0.6524652,47.43985,-52.39003,6.553785,47.86802
R,0.04411531,1.002728,0.2262032,-0.1288699,0.2434054,-0.4003164,-7.312464,1.32948,17.95201,47.88206
R,0.04765324,1.007012,0.216443,0.27952,0.3384569,-0.7711206,32.26551,7.509697,-29.29599,47.89472
R,0.04903673,1.011389,0.2096915,0.09429846,0.2983457,-0.4601849,-12.62473,-2.733987,21.19343,47.90939
R,0.04901662,1.015821,0.2047458,-0.001564239,0.3447607,-0.3847181,-7.456923,3.610513,5.870378,47.92225
R,0.05104971,1.013988,0.206313,0.1435013,-0.1294342,0.1106192,10.23911,-33.46994,34.96223,47.93642
R,0.05199143,1.013318,0.2071383,0.06682844,-0.04753485,0.05857049,-5.441076,5.811974,-3.69363,47.95051
R,0.05594925,1.008597,0.2125554,0.2886813,-0.3443152,0.395116,16.1818,-21.64696,24.54741,47.96422
R,0.05869607,1.005627,0.2168505,0.1956692,-0.2115999,0.3059613,-6.625698,9.453945,-6.350917,47.97826
R,0.05915682,1.002531,0.215302,0.0313397,-0.2105523,-0.1053238,-11.17747,0.07125106,-27.97507,47.99296
R,0.05927645,1.000718,0.2141972,0.009158696,-0.1387814,-0.08458788,-1.698194,5.494838,1.587559,48.00602
R,0.05923005,0.999613,0.2133858,-0.003264644,-0.07777274,-0.05708618,-0.8740484,4.292284,1.934891,48.02023
R,0.06032645,0.9965336,0.2126377,0.0757549,-0.2127743,-0.05168832,5.459805,-9.327845,0.3729622,48.03471
R,0.06112045,0.9941256,0.2119742,0.06311206,-0.1913991,-0.05273793,-1.004925,1.699019,-0.08342917,48.04729
R,0.06076978,0.9941617,0.2120885,-0.02485851,0.00255628,0.008104043,-6.236062,13.74912,4.312968,48.06139
R,0.06055254,0.994204,0.2121448,-0.01563653,0.00305035,0.004046755,0.6637797,0.03556216,-0.2920356,48.07529
R,0.06030909,0.9942619,0.2121943,-0.01717394,0.004082851,0.003492078,-0.1084561,0.07283744,-0.03912948,48.08946
R,0.06040214,0.9941923,0.2125115,0.006832928,-0.005112045,0.02329744,1.762817,-0.6751783,1.454302,48.10308
R,0.06053676,0.9940956,0.2130091,0.009420726,-0.006769721,0.03481839,0.1810933,-0.1160037,0.8062324,48.11737
R,0.0603587,0.9940335,0.2135637,-0.01288755,-0.004490785,0.04013882,-1.614572,0.1649391,0.385069,48.13119
R,0.06013951,0.9939839,0.2141535,-0.01617624,-0.003664309,0.04353181,-0.2427112,0.06099544,0.2504088,48.14474
R,0.05911717,0.9940357,0.2150268,-0.07334455,0.003720238,0.06264646,-4.101349,0.5297796,1.371316,48.15868
R,0.05796653,0.9941164,0.215958,-0.08005143,0.005610569,0.06479005,-0.4666051,0.1315125,0.1491321,48.17305
R,0.05682993,0.9942156,0.2168345,-0.08517842,0.007437286,0.0656815,-0.3842224,0.1368961,0.06680659,48.18639
R,0.05636649,0.9947928,0.2169535,-0.03299492,0.04109519,0.008474505,3.715261,2.396312,-4.072915,48.20044
R,0.0559297,0.9953175,0.2170551,-0.03066469,0.03683215,0.007130423,0.1635931,-0.2992853,-0.09436071,48.21468
R,0.05611603,0.9952859,0.2172452,0.01390795,-0.002357987,0.0141913,3.327008,-2.925245,0.5270405,48.22808
R,0.0563056,0.9952524,0.2174473,0.01348244,-0.002382325,0.01437449,-0.03026158,-0.001730891,0.01302841,48.24214
R,0.05655598,0.9952112,0.2177306,0.01793273,-0.002945697,0.02028795,0.3187475,-0.04035096,0.423546,48.2561
R,0.0567447,0.9952757,0.2176647,0.01381146,0.004719779,-0.004817926,-0.3016096,0.5609878,-1.837341,48.26977
R,0.05693207,0.9953476,0.2175921,0.01339857,0.005140139,-0.005190219,-0.0295249,0.0300586,-0.02662148,48.28375
R,0.0573505,0.9952052,0.2173774,0.02751819,-0.009368728,-0.01412365,0.9285937,-0.9541928,-0.5875177,48.29896
R,0.05792035,0.9950064,0.2170755,0.04342552,-0.01514807,-0.0230094,1.212213,-0.4404131,-0.6771356,48.31208
R,0.05853532,0.9947886,0.2167399,0.04308149,-0.01525337,-0.02350431,-0.02410063,-0.007376675,-0.03467045,48.32635
R,0.05981232,0.9944845,0.2157876,0.09382198,-0.02234708,-0.06996763,3.727947,-0.5211805,-3.4137,48.33997
R,0.0610811,0.9941812,0.214826,0.09390302,-0.02244495,-0.07116941,0.005997781,-0.007243298,-0.08894328,48.35348
R,0.06215395,0.9942297,0.2146917,0.07455998,0.003371885,-0.009334819,-1.34429,1.794201,4.29734,48.36787
R,0.06307106,0.9942719,0.21457,0.06652352,0.003056689,-0.008825271,-0.58293,-0.02286295,0.03696042,48.38165
R,0.06458541,0.9938105,0.2131503,0.1113226,-0.03391843,-0.1043646,3.293276,-2.718117,-7.023291,48.39526
R,0.06609029,0.9933523,0.211734,0.1089166,-0.03316106,-0.1025105,-0.1741355,0.05481476,0.1341908,48.40907
R,0.06744345,0.9929423,0.2104585,0.09649638,-0.02923524,-0.09095633,-0.8857177,0.2799593,0.8239531,48.4231
R,0.06877156,0.992929,0.208576,0.09171712,-0.000917907,-0.1299991,-0.3300457,1.955537,-2.696214,48.43758
R,0.06997911,0.9929011,0.2068929,0.08827406,-0.002043537,-0.1230382,-0.2516949,-0.0822859,0.5088593,48.45126
R,0.07095912,0.9931517,0.2051499,0.07340123,0.01876786,-0.1305491,-1.11395,1.558738,-0.5625569,48.46461
R,0.07186674,0.9933512,0.2035844,0.0617989,0.01358766,-0.1065919,-0.7899947,-0.3527162,1.631229,48.47929
R,0.07271731,0.9935109,0.2021574,0.05908126,0.01109151,-0.09912083,-0.1887692,-0.1733837,0.5189459,48.49369
R,0.0730288,0.9938534,0.2015155,0.02390406,0.02628257,-0.04926381,-2.6995,1.165762,3.826031,48.50672
R,0.07333671,0.9941317,0.2009173,0.02228514,0.02014598,-0.04328906,-0.1171694,-0.4441383,0.4324252,48.52054
R,0.07385255,0.9949168,0.2001126,0.03596347,0.05473321,-0.05610456,0.9536414,2.411392,-0.8934856,48.53488
R,0.0744461,0.9957292,0.199199,0.04235049,0.05796645,-0.06518568,0.4557208,0.2306952,-0.6479484,48.5489
R,0.07580499,0.997514,0.1981839,0.1027769,0.1349899,-0.07678047,4.570228,5.825515,-0.8769486,48.56212
R,0.07716716,0.9992183,0.1971234,0.09212743,0.1152686,-0.07172041,-0.7202486,-1.3338,0.3422252,48.5769
R,0.07842338,1.00072,0.1961069,0.09617715,0.1149514,-0.07782382,0.3100489,-0.02428458,-0.4672817,48.58997
R,0.07979366,1.000587,0.1957672,0.09836006,-0.009515334,-0.02438625,0.1566918,-8.934342,3.835799,48.6039
R,0.08106631,1.00052,0.1953873,0.09002083,-0.004747369,-0.02687365,-0.5898759,0.3372621,-0.1759461,48.61803
R,0.081711,1.002104,0.1940642,0.04267726,0.1048374,-0.08758483,-3.134048,7.254293,-4.018958,48.63314
R,0.08245837,1.003774,0.1926304,0.06002389,0.134172,-0.1151506,1.393172,2.35597,-2.21391,48.64559
R,0.08324096,1.005364,0.1912257,0.05508924,0.1118925,-0.09888665,-0.3473652,-1.568328,1.14487,48.6598
R,0.08879546,1.002285,0.1908059,0.3991442,-0.2212856,-0.03016529,24.72367,-23.94206,4.938293,48.67371
R,0.0942715,0.9995148,0.1902236,0.4025546,-0.2036114,-0.04280444,0.2507055,1.299273,-0.9291301,48.68732
R,0.1002695,1.001766,0.1797339,0.4139941,0.1553902,-0.724017,0.7895706,24.77886,-47.01837,48.70181
R,0.1050618,1.003445,0.1719981,0.3503212,0.1226994,-0.5654988,-4.654618,-2.389764,11.588,48.71548
R,0.108472,1.000518,0.1613446,0.2243932,-0.1925907,-0.7009963,-8.285965,-20.74583,-8.915627,48.73068
R,0.1115502,0.9984565,0.1530031,0.2391617,-0.1601354,-0.6480925,1.147447,2.521622,4.11038,48.74355
R,0.1144306,0.9969527,0.1460052,0.2081235,-0.1086601,-0.5056419,-2.242687,3.719391,10.29288,48.75739
R,0.115928,0.9981589,0.1321864,0.1092826,0.08802547,-1.008492,-7.213411,14.3541,-36.698,48.7711
R,0.1176805,0.9989519,0.1211903,0.1187685,0.05374224,-0.7452363,0.6428846,-2.32346,17.84151,48.78585
R,0.1187225,1.002515,0.1112701,0.0776431,0.2654873,-0.7392045,-3.06446,15.7782,0.4494608,48.79927
R,0.1201004,1.005123,0.1024645,0.09842473,0.1862738,-0.6289744,1.484408,-5.65813,7.873616,48.81327
R,0.1216962,1.007102,0.09436828,0.1142936,0.1418033,-0.5798812,1.136591,-3.185162,3.516253,48.82723
R,0.128241,1.000909,0.07501962,0.4577655,-0.4331727,-1.353291,24.02324,-40.21518,-54.09412,48.84153
R,0.1336185,0.9966205,0.05958863,0.3522389,-0.2809142,-1.01078,-6.912333,9.973426,22.43557,48.8568
R,0.1431209,0.9989386,0.03767699,0.797891,0.1946419,-1.839847,37.41993,39.93087,-69.61401,48.86871
R,0.1508742,1.000555,0.01955645,0.5617669,0.117127,-1.312933,-17.10849,-5.616375,38.17783,48.88251
R,0.1558634,0.9983961,0.008076658,0.3237353,-0.1400951,-0.7448907,-15.44519,-16.69041,36.85863,48.89792
R,0.1605173,0.99681,-0.003460004,0.351178,-0.1196837,-0.8705431,2.070791,1.540222,-9.481578,48.91117
R,0.1649943,0.995599,-0.01485803,0.3349364,-0.09059735,-0.8527184,-1.215076,2.176032,1.333512,48.92454
R,0.1651461,0.9915519,-0.02764384,0.008290201,-0.2210254,-0.6982754,-17.83924,-7.12311,8.434649,48.94285
R,0.1663403,0.9884918,-0.03988086,0.05050962,-0.1294268,-0.517564,1.785667,3.874155,7.643176,48.96649
R,0.1753005,0.9819143,-0.05825127,0.6657776,-0.4887374,-1.364992,45.71678,-26.69816,-62.96716,48.97995
R,0.1801765,0.9791229,-0.06860614,0.3323471,-0.1902626,-0.7057899,-22.72668,20.34409,44.93132,48.99462
R,0.1853241,0.9765658,-0.06929227,0.3807613,-0.1891445,-0.05075204,3.581116,0.0827047,48.4521,49.00814
R,0.1901131,0.9742607,-0.07281221,0.3448918,-0.166007,-0.2534974,-2.583231,1.666304,-14.60123,49.02203
R,0.1929837,0.9712383,-0.07559468,0.1962743,-0.2066543,-0.1902473,-10.1615,-2.779194,4.324629,49.03665
R,0.1961443,0.968551,-0.08012667,0.2483572,-0.2111623,-0.3561251,4.09269,-0.3542428,-13.03473,49.04938
R,0.1967541,0.9684286,-0.08450523,0.0425827,-0.008549214,-0.3057577,-14.36935,14.14859,3.517182,49.0637
R,0.1982031,0.9678271,-0.09012355,0.1037268,-0.04306049,-0.402187,4.376998,-2.470487,-6.902881,49.07767
R,0.2002452,0.9668857,-0.0965121,0.1458638,-0.06723859,-0.4563272,3.0098,-1.727015,-3.867175,49.09167
R,0.2029586,0.9676248,-0.09874684,0.20381,0.05551576,-0.1678574,4.352503,9.220434,21.6678,49.10498
R,0.2058404,0.9678322,-0.1022998,0.199642,0.01436559,-0.2461417,-0.2887456,-2.850759,-5.423303,49.11942
R,0.205706,0.9664997,-0.1015604,-0.009797127,-0.09713918,0.05390212,-15.26786,-8.128561,21.87283,49.13313
R,0.20591,0.9649335,-0.1015785,0.0147129,-0.1129203,-0.001305306,1.767094,-1.137767,-3.98028,49.147
R,0.2065798,0.9629151,-0.1025255,0.0481828,-0.1452002,-0.06811979,2.407776,-2.322168,-4.806536,49.1609
R,0.2171517,0.9455581,-0.1046279,0.6873392,-1.12848,-0.1366916,41.55531,-63.92879,-4.458258,49.17628
R,0.2256032,0.9330932,-0.107416,0.5876699,-0.8667316,-0.1938666,-6.930425,18.20047,-3.975615,49.19067
R,0.2270295,0.9363753,-0.1010723,0.05617289,0.1292631,0.2498433,-20.9328,39.22687,17.47534,49.21606
R,0.2204416,0.9426012,-0.08680671,-0.4629922,0.4375544,1.002584,-36.48687,21.66669,52.90251,49.23029
R,0.2190383,0.9440315,-0.08198818,-0.1076906,0.1097592,0.3697741,27.26586,-25.15502,-48.56183,49.24332
R,0.2186223,0.9444164,-0.07964231,-0.02899056,0.0268225,0.1634649,5.483983,-5.779203,-14.37605,49.25767
R,0.2198353,0.9445696,-0.08072196,0.08306598,0.01049014,-0.07393507,7.673707,-1.118451,-16.25731,49.27227
R,0.2230065,0.9447331,-0.0834046,0.2429363,0.01252466,-0.205505,12.24695,0.1558553,-10.07898,49.28532
R,0.223255,0.9467233,-0.08344641,0.01761615,0.1410856,-0.00296349,-15.97251,9.113431,14.35778,49.29943
R,0.2236142,0.9484382,-0.08348505,0.02620841,0.1251479,-0.002820395,0.6270628,-1.163129,0.01044303,49.31313
R,0.2240777,0.9498643,-0.08353106,0.03356677,0.1032718,-0.003331643,0.532859,-1.584171,-0.03702224,49.32694
R,0.225351,0.9479486,-0.07879725,0.08715323,-0.1311194,0.3240051,3.66772,-16.04288,22.40453,49.34155
R,0.2270506,0.9456356,-0.07326429,0.1254333,-0.1707049,0.4083422,2.825138,-2.921477,6.224236,49.3551
R,0.2372339,0.9408678,-0.07456724,0.7191488,-0.3366994,-0.09201471,41.9286,-11.72265,-35.33556,49.36926
R,0.2450866,0.9372543,-0.07536773,0.5881518,-0.2706473,-0.05995536,-9.811451,4.947187,2.40119,49.38261
R,0.2513188,0.934352,-0.07580042,0.4301565,-0.2003192,-0.02986512,-10.90509,4.854156,2.076876,49.3971
R,0.2548859,0.9291776,-0.06233706,0.2368525,-0.3435798,0.8939561,-12.83523,-9.512386,61.34098,49.41216
R,0.2582653,0.9250419,-0.05223541,0.2725865,-0.3335817,0.814796,2.882293,0.8064423,-6.385034,49.42456
R,0.2592561,0.9240767,-0.05560695,0.07100448,-0.06916775,-0.2416154,-14.44602,18.94876,-75.70583,49.43851
R,0.2602907,0.923212,-0.05720204,0.07070149,-0.05909476,-0.1090054,-0.02070536,0.6883664,9.062284,49.45315
R,0.2623254,0.9217791,-0.06051264,0.147262,-0.1037065,-0.2396062,5.541101,-3.228797,-9.452296,49.46696
R,0.2647977,0.9200552,-0.06324827,0.1897207,-0.1322956,-0.2099321,3.258286,-2.193929,2.277192,49.48
R,0.2673609,0.9182789,-0.06522068,0.1819982,-0.1261173,-0.1400473,-0.5483203,0.4386829,4.962044,49.49408
R,0.2651068,0.9164957,-0.0684967,-0.1650576,-0.1305779,-0.2398858,-25.41302,-0.3266247,-7.310629,49.50774
R,0.2637184,0.9146338,-0.07116612,-0.09623298,-0.129057,-0.1850268,4.770483,0.105413,3.802469,49.52216
R,0.2514533,0.9186587,-0.08156835,-0.9011307,0.2957145,-0.7642609,-59.13652,31.20833,-42.55682,49.53577
R,0.2431535,0.9211944,-0.0890949,-0.5855033,0.1788844,-0.5309578,22.26583,-8.241742,16.45829,49.54995
R,0.2371641,0.9227428,-0.09492346,-0.428982,0.1108991,-0.417465,11.21069,-4.869383,8.12881,49.56391
R,0.2371641,0.9227428,-0.09492346,0,0,0,32.16678,-8.315654,31.30319,49.57725
R,0.2371641,0.9227428,-0.09492346,0,0,0,0,0,0,49.59209
R,0.2371641,0.9227428,-0.09492346,0,0,0,0,0,0,49.606
R,0.2371641,0.9227428,-0.09492346,0,0,0,0,0,0,49.61932
R,0.2371641,0.9227428,-0.09492346,0,0,0,0,0,0,49.63255
R,0.2371641,0.9227428,-0.09492346,0,0,0,0,0,0,49.64637
R,0.2371641,0.9227428,-0.09492346,0,0,0,0,0,0,49.66016
R,0.2371641,0.9227428,-0.09492346,0,0,0,0,0,0,49.67428
R,0.2371641,0.9227428,-0.09492346,0,0,0,0,0,0,49.688
R,0.2371641,0.9227428,-0.09492346,0,0,0,0,0,0,49.70301
R,0.2371641,0.9227428,-0.09492346,0,0,0,0,0,0,49.71613
R,0.2371641,0.9227428,-0.09492346,0,0,0,0,0,0,49.73006
R,0.2371641,0.9227428,-0.09492346,0,0,0,0,0,0,49.74445
R,0.2371641,0.9227428,-0.09492346,0,0,0,0,0,0,49.75768
R,0.2371641,0.9227428,-0.09492346,0,0,0,0,0,0,49.77146
R,0.2371641,0.9227428,-0.09492346,0,0,0,0,0,0,49.78512
R,0.2371641,0.9227428,-0.09492346,0,0,0,0,0,0,49.79934
R,0.2371641,0.9227428,-0.09492346,0,0,0,0,0,0,49.81326
R,0.1878609,0.9252795,-0.1767064,-3.535158,0.1818885,-5.864037,-253.4794,13.04184,-420.4656,49.8272
R,0.1878609,0.9252795,-0.1767064,0,0,0,252.7879,-13.00627,419.3186,49.84119
R,0.1878609,0.9252795,-0.1767064,0,0,0,0,0,0,49.85489
R,0.1868341,0.9260567,-0.1708654,-0.07282895,0.05512717,0.4142866,-5.165496,3.909972,29.38386,49.86899
R,0.1857149,0.9269052,-0.1644608,-0.08118277,0.06154452,0.4645573,-0.6059503,0.4654869,3.646425,49.88277
R,0.1848465,0.9275645,-0.1594667,-0.05765973,0.04377612,0.3316068,1.561911,-1.179807,-8.827808,49.89783
R,0.17833,0.9331112,-0.1587545,-0.5126883,0.4363839,0.05602866,-35.79922,30.88829,-21.68102,49.91055
R,0.1734289,0.9373513,-0.1578192,-0.3639585,0.3148769,0.06946153,11.04494,-9.023322,0.9975486,49.92401
R,0.1734653,0.9370397,-0.156882,0.002542708,-0.02178333,0.0655125,25.62029,-23.53426,-0.2760573,49.93832
R,0.1733498,0.9369434,-0.1561639,-0.008361749,-0.006975138,0.05199952,-0.7896514,1.072342,-0.9785485,49.95213
R,0.1731348,0.9369568,-0.1554084,-0.01546635,0.0009647709,0.0543509,-0.5110945,0.5711854,0.1691546,49.96603
R,0.173557,0.937597,-0.1548527,0.03040543,0.04610663,0.04002082,3.303575,3.251007,-1.032018,49.97991
R,0.1739554,0.9384513,-0.1540507,0.02894501,0.0620756,0.05827328,-0.106109,1.160246,1.326157,49.99368
R,0.1728825,0.9394482,-0.1534803,-0.07735149,0.07187242,0.04111984,-7.663638,0.7063197,-1.236709,50.00755
R,0.1715733,0.9406475,-0.1526983,-0.09286116,0.0850624,0.05546748,-1.100045,0.9355178,1.017627,50.02164
R,0.1716678,0.9404433,-0.1532715,0.006840249,-0.01477563,-0.04146187,7.211956,-7.221838,-7.011437,50.03547
R,0.1718842,0.9398959,-0.1548327,0.01557885,-0.03942308,-0.1124324,0.6293332,-1.77505,-5.111125,50.04935
R,0.1720574,0.9393038,-0.1566335,0.01257527,-0.04297308,-0.1306961,-0.2179878,-0.2576441,-1.325502,50.06313
R,0.1729566,0.9363948,-0.1571715,0.06401391,-0.2071098,-0.03830501,3.66223,-11.68589,6.577882,50.07718
R,0.1737269,0.933693,-0.1575949,0.05550676,-0.1946811,-0.0305059,-0.6130015,0.8955717,0.561982,50.09106
R,0.1735419,0.9334729,-0.1568733,-0.01264692,-0.0150463,0.04933347,-4.659905,12.28226,5.458897,50.10568
R,0.1733673,0.9333027,-0.1562721,-0.01346392,-0.013125,0.046358,-0.06299223,0.1481343,-0.2294126,50.11865
R,0.1731395,0.9330969,-0.1555437,-0.01607176,-0.01451914,0.05138464,-0.1839688,-0.09834918,0.3546028,50.13283
R,0.1737552,0.9327905,-0.1561092,0.04267852,-0.02123959,-0.03919574,4.072193,-0.4658184,-6.278451,50.14725
R,0.1750152,0.932144,-0.1572669,0.09362157,-0.04803536,-0.08602386,3.785265,-1.991029,-3.47951,50.16071
R,0.1742384,0.9310711,-0.1579465,-0.04802753,-0.06633255,-0.04201522,-8.757656,-1.13125,2.720896,50.17689
R,0.173336,0.9298676,-0.1586689,-0.064913,-0.08657639,-0.05197221,-1.214716,-1.456313,-0.7162909,50.19079
R,0.1728776,0.9294565,-0.1608191,-0.01828543,-0.01640007,-0.08576691,1.859881,2.799194,-1.348004,50.21586
R,0.1711886,0.9287242,-0.1647048,-0.1096468,-0.04753668,-0.2522549,-5.931115,-2.021366,-10.80828,50.23126
R,0.169903,0.9283586,-0.1666218,-0.08408379,-0.02391311,-0.1253869,1.671956,1.545104,8.297826,50.24655
R,0.1688729,0.9280512,-0.1681349,-0.0422458,-0.01260609,-0.06205144,1.715829,0.4637153,2.597468,50.27094
R,0.1686455,0.9285496,-0.1672285,-0.01662607,0.03643074,0.06625593,1.872855,3.584693,9.379534,50.28461
R,0.1683373,0.9290876,-0.1662662,-0.02094167,0.03655553,0.06539172,-0.2932371,0.008479489,-0.05872133,50.29933
R,0.1686038,0.928961,-0.1657246,0.02058435,-0.009773682,0.04183048,3.207365,-3.578352,-1.81981,50.31228
R,0.1688459,0.9288201,-0.1652212,0.01744713,-0.01015324,0.03627508,-0.2260592,-0.02735013,-0.4003066,50.32616
R,0.1688521,0.9284243,-0.164223,0.0002119711,-0.01370024,0.0345487,-0.5965267,-0.1227653,-0.05975173,50.35505
R,0.1689311,0.9281949,-0.1630529,0.00526391,-0.01527963,0.07792453,0.3364674,-0.1051899,2.8889,50.37006
R,0.1689359,0.9280554,-0.162436,0.0003621466,-0.0104944,0.04642316,-0.3688197,0.3600513,-2.370234,50.38335
R,0.1689248,0.927933,-0.1619321,-0.0007979819,-0.008807832,0.03626527,-0.08350377,0.121396,-0.7311445,50.39725
R,0.1690567,0.9278817,-0.161876,0.009414573,-0.003663705,0.004005183,0.7290741,0.3672391,-2.303047,50.41125
R,0.1711286,0.9285703,-0.1614742,0.1620336,0.05384845,0.03142597,11.93561,4.497752,2.144449,50.42404
R,0.1737381,0.9294436,-0.1609822,0.1782351,0.05965021,0.0336021,1.106598,0.3962732,0.1486344,50.43868
R,0.1738982,0.9295102,-0.1609442,0.01212631,0.005048772,0.002877755,-12.5851,-4.136832,-2.327804,50.45188
R,0.1761106,0.9302423,-0.1605482,0.1626428,0.05381555,0.02911285,11.06478,3.584946,1.928596,50.46548
R,0.176669,0.9307691,-0.1602202,0.04158603,0.03923562,0.02442738,-9.01543,-1.085807,-0.3489395,50.47891
R,0.1770955,0.9311588,-0.1599853,0.03061144,0.02796841,0.01685827,-0.7877664,-0.8087709,-0.5433177,50.49284
R,0.17714,0.9329428,-0.1592319,0.002908289,0.1164522,0.04918315,-1.80832,5.775768,2.110003,50.50816
R,0.1783121,0.9330873,-0.159204,0.08085218,0.009971217,0.00192023,5.37698,-7.345616,-3.260445,50.52266
R,0.1795571,0.9332241,-0.159183,0.09777445,0.01074277,0.001650034,1.328961,0.06059273,-0.02121941,50.53539
R,0.1808553,0.9333687,-0.1591624,0.09293504,0.01035124,0.001478444,-0.3464285,-0.02802764,-0.01228323,50.54936
R,0.1821547,0.9335153,-0.1591427,0.09989347,0.01126741,0.00150866,0.5349295,0.07043063,0.002322853,50.56237
R,0.1818993,0.9335106,-0.1597239,-0.01817403,-0.0003350638,-0.04135175,-8.401381,-0.8256025,-3.049837,50.57642
R,0.181392,0.9330115,-0.1594019,-0.03637642,-0.03578877,0.02308919,-1.305155,-2.542116,4.62057,50.59037
R,0.1800152,0.931576,-0.1584296,-0.0998157,-0.1040644,0.07048211,-4.599067,-4.949681,3.435777,50.60416
R,0.1785715,0.9299845,-0.1573118,-0.1083129,-0.1194056,0.08386922,-0.6375192,-1.151002,1.004394,50.61749
R,0.1782862,0.9305098,-0.1570171,-0.01968442,0.03623766,0.02032997,6.11406,10.73709,-4.383272,50.63199
R,0.1780787,0.9309306,-0.1567663,-0.01596791,0.0323877,0.01930302,0.2860418,-0.2963139,-0.07903977,50.64498
R,0.1779895,0.9309486,-0.1568083,-0.006444021,0.001296341,-0.00303305,0.6881565,-2.246531,-1.613911,50.65882
R,0.1779044,0.9309565,-0.1568461,-0.006106187,0.0005726887,-0.002710655,0.02422351,-0.05188761,0.0231165,50.67277
R,0.1780071,0.9308992,-0.156657,0.007335661,-0.004095708,0.01350477,0.9601362,-0.3334584,1.15825,50.68677
R,0.1781255,0.9308318,-0.1564464,0.008626754,-0.004911583,0.01534273,0.09406681,-0.05944319,0.1339103,50.70049
R,0.178276,0.9307446,-0.1561848,0.01073104,-0.006210916,0.01864868,0.1499795,-0.09260806,0.235627,50.71452
R,0.178009,0.9309478,-0.1559388,-0.01944336,0.01479601,0.01791233,-2.197232,1.529678,-0.05361966,50.72826
R,0.1775496,0.9312967,-0.1555075,-0.03415476,0.02593679,0.03206426,-1.093734,0.8282728,1.05214,50.74171
R,0.178526,0.9315568,-0.1549428,0.06967032,0.01855947,0.04029477,7.408035,-0.5263799,0.5872556,50.75572
R,0.1800074,0.9319268,-0.1541031,0.1075095,0.02685493,0.06093512,2.746209,0.6020498,1.497991,50.7695
R,0.1816178,0.93231,-0.153199,0.1184512,0.02818112,0.0665049,0.8048021,0.09754555,0.4096754,50.7831
R,0.1805571,0.9342547,-0.1499705,-0.07129307,0.1307171,0.2170062,-12.75393,6.892103,10.11616,50.79797
R,0.179578,0.9361647,-0.1467607,-0.06833754,0.1333075,0.2240218,0.2062767,0.180793,0.4896405,50.8123
R,0.1797376,0.9363293,-0.1457264,0.01195773,0.01233294,0.07751527,6.017416,-9.065971,-10.97936,50.82565
R,0.1798716,0.9364668,-0.1449431,0.0100276,0.01028289,0.05859821,-0.1443979,-0.1533699,-1.415238,50.83901
R,0.179995,0.936607,-0.1442367,0.008892678,0.010106,0.05090043,-0.08177946,-0.01274631,-0.55468,50.85289
R,0.180221,0.9368103,-0.13832,0.01592427,0.01432712,0.4169407,0.495508,0.2974572,25.79443,50.86708
R,0.1804522,0.937048,-0.1328585,0.01738539,0.01787059,0.4107053,0.1098749,0.2664659,-0.4688979,50.88038
R,0.1816555,0.9335617,-0.1118193,0.08385146,-0.2429309,1.466055,4.631495,-18.17319,73.53896,50.89473
R,0.1825839,0.9310587,-0.0954184,0.06723066,-0.1812543,1.187677,-1.203603,4.466342,-20.15887,50.90854
R,0.1791411,0.9332235,-0.1001362,-0.2528088,0.1589592,-0.3464275,-23.5004,24.98178,-112.6488,50.92216
R,0.1778792,0.9340112,-0.1014404,-0.08732861,0.05451426,-0.09025469,11.45186,-7.227988,17.72813,50.93661
R,0.1767052,0.9347116,-0.1021912,-0.08491997,0.05066484,-0.05431186,0.1742302,-0.2784497,2.599944,50.95043
R,0.1688155,0.9349873,-0.09325834,-0.5819455,0.0203336,0.6588928,-36.66074,-2.23724,52.60617,50.96399
R,0.1630141,0.9351909,-0.08583443,-0.4075008,0.0142978,0.5214718,12.25339,-0.4239685,-9.652759,50.97823
R,0.1709639,0.9049897,-0.01953642,0.557214,-2.116858,4.646959,67.61877,-149.3769,289.1636,50.99249
R,0.1765427,0.8844419,0.03352021,0.4391716,-1.617568,4.176719,-9.292528,39.30507,-37.01821,51.0052
R,0.180506,0.8681392,0.07536417,0.2728353,-1.12228,2.880552,-11.45064,34.09579,-89.22858,51.01972
R,0.1699396,0.8644803,0.1241993,-0.7672881,-0.2656986,3.546216,-75.52967,62.20154,48.3379,51.03349
R,0.1625084,0.8598232,0.1654612,-0.5273543,-0.3304853,2.928143,17.02686,-4.597574,-43.86143,51.04758
R,0.1440987,0.8581376,0.2017759,-1.351815,-0.1237745,2.666578,-60.53991,15.17871,-19.20663,51.0612
R,0.1307502,0.8552957,0.2344172,-0.9503635,-0.2023357,2.323933,28.5818,-5.593249,-24.39496,51.07525
R,0.1179828,0.8512514,0.2515188,-0.7330066,-0.2321883,0.981841,12.47893,-1.713904,-77.05244,51.09267
R,0.1075687,0.8468817,0.2701217,-0.8520557,-0.357517,1.522043,-9.740325,-10.25411,44.19808,51.10489
R,0.09859406,0.8423145,0.2902085,-0.6733379,-0.3426678,1.507048,13.40864,1.114088,-1.125027,51.11822
R,0.1048546,0.8179631,0.2699082,0.4421213,-1.71971,-1.433615,78.7745,-97.24765,-207.6716,51.13238
R,0.1079116,0.8000433,0.261893,0.2210123,-1.295526,-0.5794673,-15.98522,30.66662,61.75114,51.14621
R,0.1017359,0.8169257,0.2382337,-0.2241057,0.612628,-0.8585461,-16.15241,69.24297,-10.12719,51.17377
R,0.07543598,0.8500813,0.2058825,-0.9541042,1.202814,-1.173634,-26.48281,21.41068,-11.43073,51.20133
R,0.05710757,0.8928832,0.1876545,-0.6437142,1.503251,-0.6401875,10.90125,10.5517,18.73524,51.2298
R,0.05402884,0.9187664,0.1777669,-0.1125309,0.9460576,-0.3614028,19.4153,-20.366,10.18987,51.25716
R,0.05654162,0.9296178,0.1678652,0.09367334,0.404528,-0.3691223,7.68703,-20.18753,-0.2877749,51.28399
R,0.05745378,0.9347758,0.1591763,0.05407444,0.3057758,-0.5150923,-2.347493,-5.854202,-8.653361,51.30086
R,0.05655326,0.9384605,0.1558516,-0.0384973,0.157519,-0.1421309,-3.957457,-6.338005,15.94416,51.32425
R,0.06359949,0.9252794,0.1542705,0.4048939,-0.7574186,-0.0908567,25.47837,-52.57462,2.946346,51.34165
R,0.06613031,0.9213144,0.152977,0.1068685,-0.1674301,-0.05461828,-12.58466,24.91333,1.530233,51.36533
R,0.07587113,0.9130825,0.1528259,0.6605013,-0.5581795,-0.01025062,37.54049,-26.49576,3.008463,51.38008
R,0.08081605,0.9108508,0.1534036,0.3052947,-0.1377878,0.03566592,-21.93012,25.95459,2.834844,51.39628
R,0.08370498,0.909618,0.1534552,0.117014,-0.04993144,0.002090737,-7.626184,3.558562,-1.35994,51.42097
R,0.08877672,0.9057578,0.1578198,0.365455,-0.2781534,0.3145014,17.90196,-16.44503,22.51143,51.43484
R,0.09113479,0.9042796,0.159327,0.1638802,-0.1027306,0.104748,-14.00891,12.19141,-14.57731,51.44923
R,0.09431989,0.9070808,0.1573053,0.231932,0.2039757,-0.1472135,4.955377,22.33367,-18.34728,51.46297
R,0.09778952,0.9097527,0.1552892,0.2307308,0.1776818,-0.134074,-0.07987498,-1.748547,0.8737861,51.478
R,0.1056497,0.9162239,0.1520013,0.5958619,0.4905699,-0.2492511,27.67985,23.71941,-8.731343,51.4912
R,0.1119833,0.9210653,0.1494841,0.4743789,0.3626072,-0.1885301,-9.098864,-9.584188,4.547893,51.50455
R,0.1172908,0.924826,0.1474503,0.3780767,0.2678966,-0.1448805,-6.860067,-6.746688,3.109374,51.51859
R,0.1216557,0.931609,0.1232673,0.3126329,0.4858265,-1.732084,-4.687351,15.60902,-113.6819,51.53255
R,0.1257004,0.9370396,0.1063085,0.276983,0.3718897,-1.16135,-2.441327,-7.802469,39.08424,51.54715
R,0.1262161,0.9469196,0.08539119,0.03862612,0.7399955,-1.566669,-17.85252,27.5705,-30.35773,51.5605
R,0.1209116,0.9424348,0.0948604,-0.3837061,-0.3244128,0.6849599,-30.54963,-76.99455,162.8728,51.57433
R,0.1188967,0.9406627,0.09849736,-0.1495457,-0.1315252,0.2699344,17.37932,14.31606,-30.80308,51.5878
R,0.1164148,0.9529068,0.05326954,-0.1657147,0.8175584,-3.019919,-1.079623,63.37151,-219.6677,51.60278
R,0.114953,0.9623681,0.02504771,-0.09466625,0.6127023,-1.827614,4.601016,-13.26626,77.21236,51.61822
R,0.1097133,0.9586869,0.003351246,-0.3388152,-0.2380365,-1.402959,-15.78741,-55.01136,27.45947,51.63368
R,0.1060559,0.956671,-0.0153524,-0.1519911,-0.08377755,-0.7772748,7.76392,6.4106,26.00182,51.65775
R,0.06489144,0.9535823,-0.05450559,-1.481063,-0.1111292,-1.408698,-47.81885,-0.9840895,-22.71807,51.68554
R,0.03707772,0.9518272,-0.07935404,-1.952651,-0.1232174,-1.744475,-33.10769,-0.8486459,-23.57311,51.69978
R,0.0256723,0.9515629,-0.09191054,-0.8137894,-0.01885717,-0.8959203,81.25906,7.446218,60.54535,51.7138
R,0.01282841,0.9469002,-0.1017713,-0.9463039,-0.3435348,-0.7265142,-9.763315,-23.92139,12.48139,51.72737
R,0.001458307,0.9436116,-0.1123084,-0.8029645,-0.2322409,-0.7441364,10.12273,7.859656,-1.24449,51.74153
R,-0.009042795,0.9411811,-0.1232085,-0.7198747,-0.1666163,-0.7472266,5.695999,4.498717,-0.2118405,51.75612
R,-0.01376666,0.9188193,-0.1190297,-0.3593538,-1.701107,0.3178906,27.42554,-116.7317,81.02557,51.76926
R,-0.01965814,0.903013,-0.1191593,-0.3868781,-1.037959,-0.008514099,-1.807449,43.5472,-21.43413,51.78449
R,-0.01940787,0.9040545,-0.1251068,0.01886355,0.07849788,-0.4482725,30.58158,84.14963,-33.1455,51.79776
R,-0.02139909,0.9035442,-0.1319247,-0.1376542,-0.03527575,-0.4713274,-10.8202,-7.865262,-1.593801,51.81223
R,-0.02139909,0.9035442,-0.1319247,0,0,0,10.80396,2.76866,36.99271,51.82497
R,-0.02139909,0.9035442,-0.1319247,0,0,0,0,0,0,51.83871
R,-0.02139909,0.9035442,-0.1319247,0,0,0,0,0,0,51.85258
R,-0.02139909,0.9035442,-0.1319247,0,0,0,0,0,0,51.86539
R,-0.02139909,0.9035442,-0.1319247,0,0,0,0,0,0,51.87993
R,-0.02139909,0.9035442,-0.1319247,0,0,0,0,0,0,51.89362
R,-0.02139909,0.9035442,-0.1319247,0,0,0,0,0,0,51.90754
R,-0.02139909,0.9035442,-0.1319247,0,0,0,0,0,0,51.922
R,-0.02139909,0.9035442,-0.1319247,0,0,0,0,0,0,51.93561
R,-0.02139909,0.9035442,-0.1319247,0,0,0,0,0,0,51.95033
R,0.01658908,1.051275,0.039805,2.789459,10.84779,12.61006,204.8291,796.5502,925.9526,51.96395
R,0.01658908,1.051275,0.039805,0,0,0,-201.4435,-783.3841,-910.6476,51.9778
R,0.01658908,1.051275,0.039805,0,0,0,0,0,0,51.99187
R,0.04246155,1.092428,0.09249782,1.693885,2.694345,3.449827,110.8995,176.4002,225.862,52.00714
R,0.0620723,1.124011,0.1332258,1.453857,2.341434,3.019402,-17.7946,-26.16327,-31.90991,52.02063
R,0.1024113,1.132549,0.1954372,2.785728,0.5896256,4.296191,91.97626,-120.9763,88.17245,52.03511
R,0.1340032,1.139916,0.2447693,1.169723,0.2727445,1.826569,-59.83417,-11.73283,-91.44019,52.06212
R,0.1625114,1.129897,0.2743462,1.989679,-0.6992312,2.064275,57.22749,-67.83749,16.59032,52.07645
R,0.1785227,1.128573,0.2931487,1.169806,-0.09673738,1.373735,-59.90096,44.01899,-50.45178,52.09013
R,0.1395371,1.122477,0.2612712,-2.888587,-0.4516941,-2.361925,-300.702,-26.30011,-276.7894,52.10363
R,0.1178612,1.119038,0.2445989,-1.562769,-0.2479373,-1.202024,95.58722,14.69022,83.6252,52.1175
R,0.05194748,1.106526,0.1732769,-4.9032,-0.9307162,-5.305512,-248.4886,-50.79068,-305.2511,52.13094
R,0.02291555,1.0981,0.1471103,-1.707166,-0.4954646,-1.538674,187.9366,25.59412,221.5016,52.14795
R,0.0003680704,1.077396,0.1192676,-0.8681973,-0.7972422,-1.072092,32.30472,-11.62003,17.96589,52.17392
R,-0.03473983,1.044992,0.0552956,-1.266978,-1.16938,-2.308629,-14.39123,-13.42974,-44.62429,52.20163
R,-0.04598721,1.000646,0.01327268,-0.5769925,-2.274945,-2.155784,35.39637,-56.71571,7.840973,52.22112
R,-0.04621143,0.9810073,-0.004206566,-0.01001659,-0.8773432,-0.7808586,25.32879,62.43574,61.42273,52.24351
R,-0.03658576,0.9455603,-0.04197004,0.3357253,-1.236325,-1.317119,12.05883,-12.52061,-18.70377,52.27218
R,-0.0131444,0.9237831,-0.07011589,0.8738639,-0.8118268,-1.049241,20.06112,15.82475,9.986153,52.299
R,0.01214839,0.9285594,-0.09623743,0.9190952,0.1735623,-0.9492106,1.643625,35.80729,3.634937,52.32652
R,0.03487867,0.9454846,-0.1063293,0.8004576,0.5960295,-0.3553892,-4.177878,14.87739,20.9117,52.35492
R,0.05022846,0.9491831,-0.1088683,0.571408,0.1376784,-0.09451688,-8.52655,-17.06248,9.71118,52.38178
R,0.03590917,0.9499871,-0.1269318,-0.9479078,0.0532197,-1.195766,-100.5756,-5.590995,-72.90045,52.39689
R,0.03590917,0.9499871,-0.1269318,0,0,0,36.67183,-2.058918,46.26075,52.42274
R,0.03590917,0.9499871,-0.1269318,0,0,0,0,0,0,52.43752
R,0.03590917,0.9499871,-0.1269318,0,0,0,0,0,0,52.46381
R,0.03590917,0.9499871,-0.1269318,0,0,0,0,0,0,52.47945
R,0.03590917,0.9499871,-0.1269318,0,0,0,0,0,0,52.50546
R,0.08239609,1.148995,0.04181421,3.099254,13.26775,11.25019,206.6253,884.5524,750.0432,52.52045
R,0.1135707,1.235644,0.07965374,2.130409,5.921402,2.585872,-66.20879,-502.0334,-592.1008,52.53509
R,0.1322964,1.282349,0.1019524,0.7122482,1.776462,0.8481522,-53.94113,-157.6569,-66.0959,52.56138
R,0.1653826,1.316453,0.0841277,2.299406,2.370153,-1.238771,110.3033,41.25999,-145.0356,52.57577
R,0.1833489,1.338477,0.08076909,1.224582,1.501137,-0.2289234,-73.26019,-59.23227,68.83135,52.59044
R,0.1884648,1.315313,0.1028616,0.1965283,-0.8898236,0.8486832,-39.49269,-91.84879,41.39626,52.61647
R,0.1301148,1.236737,0.1092396,-2.129782,-2.86806,0.2327972,-84.91065,-72.20589,-22.47993,52.64387
R,0.07731003,1.162499,0.09920333,-3.417892,-4.805201,-0.6496147,-83.37536,-125.3851,-57.1158,52.65932
R,0.05752251,1.141314,0.09000212,-1.326644,-1.420324,-0.6168903,140.2066,226.9373,2.19399,52.67423
R,0.03833987,1.116427,0.08389344,-0.7328203,-0.9507387,-0.2333654,22.68543,17.93924,14.65152,52.70041
R,0.01253399,1.023313,0.0480287,-0.9107237,-3.286126,-1.265715,-6.278446,-82.41892,-36.43297,52.72874
R,0.001758004,0.9668812,0.01032254,-0.3620688,-1.896072,-1.266912,18.43458,46.70523,-0.04021805,52.75851
R,-0.01160167,0.9183239,-0.02341564,-0.532891,-1.936851,-1.345749,-6.813758,-1.626579,-3.144667,52.78358
R,-0.01358321,0.8904989,-0.06109522,-0.126571,-1.777332,-2.406792,25.95378,10.18929,-67.7744,52.79923
R,-0.01686706,0.8737395,-0.07657235,-0.1269677,-0.6479881,-0.5984126,-0.01533578,43.66531,69.91975,52.8251
R,-0.01081323,0.8649787,-0.1039771,0.4250062,-0.6150492,-1.923941,38.75111,2.312462,-93.05817,52.83934
R,-0.0104716,0.8550689,-0.1172291,0.02346872,-0.6807685,-0.9103605,-27.58402,-4.514655,69.62891,52.8539
R,-0.004165475,0.8519851,-0.1183404,0.4556542,-0.2228199,-0.08029777,31.2279,33.08944,59.97683,52.86774
R,-0.0003758412,0.8455765,-0.1226593,0.2686397,-0.4542954,-0.3061568,-13.25709,-16.40885,-16.01071,52.88184
R,0.001744991,0.8371263,-0.1289166,0.1514887,-0.6035891,-0.4469511,-8.36797,-10.66388,-10.05678,52.89584
R,0.00118805,0.8457239,-0.1438356,-0.03978164,0.6141179,-1.06565,-13.66222,86.97945,-44.19294,52.90984
R,0.0004336393,0.8486423,-0.1572364,-0.05427122,0.2099513,-0.9640291,-1.042359,-29.07515,7.310425,52.92374
R,-0.01549924,0.8676121,-0.1555606,-1.052598,1.253229,0.1107089,-65.95399,68.92363,71.00204,52.93888
R,-0.02708024,0.8794179,-0.1573716,-0.461943,0.4709088,-0.0722359,23.56006,-31.20519,-7.297305,52.96395
R,-0.02708024,0.8794179,-0.1573716,0,0,0,31.9851,-32.60589,5.00164,52.97839
R,-0.02708024,0.8794179,-0.1573716,0,0,0,0,0,0,52.99248
R,-0.02708024,0.8794179,-0.1573716,0,0,0,0,0,0,53.00724
R,0.02810791,0.9827621,-0.02314946,4.066117,7.614127,9.889128,299.5807,560.9886,728.6047,53.02081
R,0.02810791,0.9827621,-0.02314946,0,0,0,-279.1797,-522.7862,-678.9878,53.03538
R,0.02810791,0.9827621,-0.02314946,0,0,0,0,0,0,53.06123
R,0.03723293,1.065195,0.07740855,0.6507259,5.878502,7.171023,46.40476,419.2095,511.3821,53.07526
R,0.0409031,1.115945,0.1464169,0.2527883,3.49546,4.753055,-27.40855,-164.1357,-166.5412,53.08978
R,0.06757163,1.120669,0.187567,0.9682819,0.1715287,1.494078,25.97816,-120.6854,-118.327,53.11732
R,0.1158036,1.107914,0.19584,3.10504,-0.8211337,0.5325921,137.5585,-63.90484,-61.89781,53.13285
R,0.1408423,1.107474,0.2050879,0.9683887,-0.01702659,0.3576708,-82.63651,31.09942,-6.765203,53.15871
R,0.1384447,1.063583,0.2067269,-0.1721018,-3.150517,0.1176506,-81.86548,-224.9249,-17.22888,53.17264
R,0.1408223,1.052156,0.2124184,0.1723654,-0.8284361,0.4126084,24.97235,168.3406,21.38314,53.18643
R,0.108244,1.032341,0.1918773,-2.283477,-1.388895,-1.439766,-172.1348,-39.2837,-129.8366,53.2007
R,0.08848875,1.018198,0.1804199,-1.352852,-0.9684561,-0.7846113,63.72982,28.79197,44.86546,53.2153
R,0.07441685,1.007114,0.1739184,-0.9779595,-0.7703556,-0.4518357,26.05403,13.76746,23.12703,53.22969
R,0.0387563,0.9793254,0.1208934,-2.559748,-1.994682,-3.806189,-113.5423,-87.88329,-240.7786,53.24362
R,0.01494562,0.9590666,0.0916984,-0.8823617,-0.7507355,-1.08189,62.15957,46.09741,100.9554,53.27061
R,-0.0116688,0.9141654,-0.00747548,-0.8489671,-1.432292,-3.163524,1.065244,-21.74082,-66.40154,53.30196
R,-0.01730872,0.8813009,-0.07232714,-0.2278074,-1.327465,-2.619488,25.08988,4.234173,21.9747,53.32671
R,-0.01531989,0.8526683,-0.1243581,0.1293696,-1.862492,-3.384517,23.2337,-34.80251,-49.76374,53.34209
R,-0.01683207,0.838967,-0.1465589,-0.05809062,-0.5263363,-0.8528436,-7.201286,51.32844,97.25425,53.36812
R,-0.04157038,0.8393516,-0.1755045,-0.8900629,0.01383647,-1.041436,-29.93365,19.43495,-6.785408,53.39591
R,-0.05151803,0.8312002,-0.2147949,-0.3642064,-0.2984397,-1.438514,19.25281,-11.43315,-14.53791,53.42323
R,-0.0521256,0.8141185,-0.2549265,-0.02151723,-0.6049547,-1.421271,12.13644,-10.85532,0.6106626,53.45146
R,-0.04764146,0.7830285,-0.3142668,0.2947573,-2.043647,-3.900628,20.78974,-94.56982,-162.9761,53.46667
R,-0.04222003,0.7662326,-0.3398902,0.20693,-0.64108,-0.9780197,-3.352271,53.53442,111.5527,53.49287
R,-0.04222003,0.7662326,-0.3398902,0,0,0,-14.65302,45.39581,69.25499,53.507
R,0.01030603,1.061062,-0.002045065,3.374851,18.9431,21.70688,216.8375,1217.113,1394.689,53.52256
R,0.01030603,1.061062,-0.002045065,0,0,0,-132.2022,-742.0531,-850.3182,53.54809
R,0.02535422,1.081086,0.04810167,1.007353,1.340406,3.356912,67.43399,89.72918,224.7177,53.56303
R,0.04241309,1.105641,0.1500895,0.6417738,0.9237766,3.836897,-13.7535,-15.67408,18.05758,53.58961
R,0.06691268,1.097184,0.1809466,0.8870747,-0.306181,1.117267,8.881792,-44.53398,-98.47165,53.61723
R,0.08325426,1.077627,0.2092505,1.042806,-1.247992,1.806157,9.937697,-60.09981,43.96016,53.6329
R,0.08933955,1.065895,0.2251019,0.2313255,-0.4459877,0.602573,-30.84756,30.48732,-45.75293,53.6592
R,0.05132024,1.008935,0.1984153,-2.60904,-3.908802,-1.831345,-194.9175,-237.6325,-167.0254,53.67377
R,0.0409936,0.9915226,0.1942641,-0.7049655,-1.188721,-0.2833883,129.9848,185.6909,105.6739,53.68842
R,0.01192251,0.9659339,0.1488261,-1.10191,-0.9699113,-1.72228,-15.04579,8.293751,-54.53974,53.71481
R,-0.02721596,0.9258907,0.02637788,-1.40701,-1.439536,-4.401957,-10.96819,-16.88278,-96.33314,53.74262
R,-0.0423994,0.888655,-0.02521344,-0.8053918,-1.975133,-2.736615,31.91229,-28.41031,88.33656,53.76147
R,-0.04516111,0.8711894,-0.04922087,-0.1233332,-0.7799856,-1.07213,30.45956,53.37322,74.33302,53.78387
R,-0.04789141,0.8433182,-0.1007452,-0.1832395,-1.870524,-3.457959,-4.0205,-73.18945,-160.1205,53.79877
R,-0.04856345,0.8309841,-0.121654,-0.02498892,-0.4586259,-0.7774634,5.884317,52.49937,99.67035,53.82566
R,-0.01983536,0.805407,-0.1948644,2.006099,-1.786057,-5.112326,141.8321,-92.6953,-302.7059,53.83998
R,-0.008764701,0.7920546,-0.2211431,0.7839296,-0.9455066,-1.860831,-86.54362,59.52062,230.243,53.8541
R,-0.01321399,0.79267,-0.1961948,-0.3128634,0.04327471,1.754302,-77.12384,69.52872,254.2075,53.86832
R,-0.01640135,0.7893518,-0.184042,-0.1182823,-0.1231376,0.4509877,7.220877,-6.175535,-48.36581,53.89527
R,-0.01640135,0.7893518,-0.184042,0,0,0,7.614684,7.927253,-29.03333,53.9108
R,-0.01640135,0.7893518,-0.184042,0,0,0,0,0,0,53.93653
R,-0.01640135,0.7893518,-0.184042,0,0,0,0,0,0,53.95052
R,-0.01640135,0.7893518,-0.184042,0,0,0,0,0,0,53.96544
R,-0.03798106,0.9473845,-0.04845706,-1.49261,10.93069,9.378043,-103.2398,756.046,648.6537,53.9799
R,-0.03798106,0.9473845,-0.04845706,0,0,0,55.46907,-406.2113,-348.5112,54.00681
R,-0.06204877,1.037481,0.01151475,-1.62107,6.068401,4.039375,-109.1865,408.7346,272.0704,54.02165
R,-0.02803068,1.060163,0.09118793,1.284592,0.8565165,3.008621,109.7237,-196.8113,-38.92337,54.04813
R,0.005562428,1.065665,0.1782857,2.132259,0.3492433,5.528369,53.80408,-32.19821,159.9363,54.06389
R,0.01566651,1.069753,0.2410139,0.3846534,0.1556192,2.388008,-66.52983,-7.371102,-119.5508,54.09016
R,0.03230548,1.080048,0.2590445,1.186563,0.7341795,1.285799,57.18602,41.25846,-78.60102,54.10418
R,0.04101477,1.086963,0.2739761,0.5851073,0.4645614,1.003133,-40.40698,-18.11347,-18.99004,54.11906
R,0.04802762,1.093392,0.2889026,0.2654314,0.2433358,0.5649602,-12.0995,-8.373227,-16.58453,54.14548
R,-0.01333456,0.9966782,0.3067344,-4.072337,-6.418473,1.183414,-287.8784,-442.1147,41.04402,54.16055
R,-0.03117594,0.9784148,0.3636839,-1.205415,-1.233928,3.847676,193.6975,350.2829,180.0053,54.17535
R,-0.0470309,0.9520901,0.3999051,-0.6223842,-1.033372,1.421859,22.88679,7.872791,-95.22514,54.20083
R,-0.03665695,1.025921,0.4761978,0.6603853,4.699953,4.856643,81.65865,364.9725,218.6518,54.21654
R,-0.03394133,1.064632,0.5281286,0.1036222,1.477102,1.981566,-21.24485,-122.9769,-109.7066,54.24274
R,-0.0179864,1.108477,0.5797986,1.096615,3.013552,3.551381,68.25041,105.6034,107.8966,54.25729
R,-0.03700528,1.082358,0.3303455,-1.236529,-1.698141,-16.21841,-151.6914,-306.3348,-1285.35,54.27267
R,-0.04984179,0.9436336,0.1396249,-0.497048,-5.371598,-7.384974,28.63375,-142.2415,342.0431,54.2985
R,-0.03748343,0.9222842,1.096238,0.6910559,-1.193813,53.49197,66.4365,233.6138,3404.123,54.31638
R,-0.0323439,0.9105397,-0.5002242,0.2055685,-0.4697513,-63.85458,-19.41831,28.96069,-4693.576,54.34138
R,-0.05568374,0.9433144,-0.1266271,-0.781804,1.097839,12.51421,-33.07357,52.50887,2558.091,54.37124
R,-0.04877495,0.9822012,-0.008721462,0.275578,1.551116,4.70302,42.17686,18.08034,-311.573,54.39631
R,-0.01964936,1.010317,0.04752792,1.949719,1.882134,3.765434,112.07,22.15891,-62.76368,54.41125
R,-0.007872415,1.023015,0.06940797,0.4466514,0.4815764,0.8298211,-57.00522,-53.11745,-111.3358,54.43761
R,-0.01206269,1.101844,0.1334448,-0.1500211,2.822239,2.292663,-21.36221,83.80098,52.37302,54.46555
R,0.005342621,1.155373,0.1943298,1.135564,3.492386,3.972283,83.87468,43.72197,109.5824,54.48087
R,0.01377981,1.180596,0.2247418,0.5529395,1.652992,1.993077,-38.1829,-120.5465,-129.7092,54.49613
R,0.02908987,1.08201,0.2668786,0.6358428,-4.094379,1.749986,3.443062,-238.6944,-10.09581,54.52021
R,0.003888181,1.021534,0.2920007,-1.605071,-3.851623,1.600006,-142.7216,15.46087,-9.552098,54.53591
R,-0.01233135,1.002576,0.2888866,-1.13021,-1.321039,-0.2169973,33.08925,176.3363,-126.6126,54.55026
R,-0.02708056,0.9821541,0.2915756,-0.5724635,-0.7926414,0.1043652,21.64791,20.50879,12.47309,54.57603
R,-0.08863465,0.9077729,0.2514953,-4.058359,-4.904073,-2.642553,-229.8306,-271.0732,-181.1087,54.59119
R,-0.1100649,0.8569425,0.1640196,-1.576268,-3.738746,-6.434131,182.566,85.71365,-278.8831,54.60479
R,-0.1283086,0.8204521,0.1358688,-1.353273,-2.706773,-2.088159,16.54128,76.54942,322.3741,54.61827
R,-0.1438182,0.7887174,0.1035397,-1.076166,-2.201975,-2.243222,19.22764,35.02635,-10.75936,54.63268
R,-0.1108738,0.8330793,0.03800138,2.310372,3.11108,-4.596166,237.4962,372.6019,-165.0107,54.64694
R,-0.07126055,0.8520206,-0.1475781,1.350726,0.6458564,-6.327856,-32.72183,-84.05875,-59.04684,54.67627
R,-0.0372473,0.8628258,-0.1394203,1.357961,0.4313914,0.3256971,0.2888221,-8.5624,265.6395,54.70132
R,-0.02613759,0.8592482,-0.1712704,0.7745593,-0.2494307,-2.220565,-40.67425,-47.46633,-177.5232,54.71566
R,-0.02181007,0.8549647,-0.1879371,0.2954257,-0.2924194,-1.137779,-32.70885,-2.934699,73.9182,54.73031
R,-0.008834683,0.843486,-0.17556,0.898895,-0.7952109,0.8574456,41.80652,-34.83186,138.2231,54.74474
R,-0.008511219,0.8414797,-0.1582234,0.02272084,-0.1409265,1.217765,-61.54443,45.9584,25.30964,54.75898
R,-0.007644474,0.838207,-0.1491779,0.03384155,-0.1277787,0.3531764,0.4342012,0.5133455,-33.75733,54.78459
R,-0.004804677,0.8283428,-0.1394039,0.1950827,-0.677632,0.6714338,11.07662,-37.77273,21.86301,54.79915
R,-0.00280115,0.822052,-0.135183,0.07254317,-0.2277754,0.1528283,-4.436879,16.28829,-18.77753,54.82677
R,0.007732444,0.7966943,-0.1860613,0.7131504,-1.716781,-3.444584,43.3707,-100.8094,-243.5537,54.84154
R,0.007732444,0.7966943,-0.1860613,0,0,0,-50.93953,122.6277,246.0428,54.85554
R,0.007732444,0.7966943,-0.1860613,0,0,0,0,0,0,54.88219
R,0.007732444,0.7966943,-0.1860613,0,0,0,0,0,0,54.89674
R,0.007732444,0.7966943,-0.1860613,0,0,0,0,0,0,54.91108
R,0.007732444,0.7966943,-0.1860613,0,0,0,0,0,0,54.92422
R,0.007732444,0.7966943,-0.1860613,0,0,0,0,0,0,54.93924
R,0.007732444,0.7966943,-0.1860613,0,0,0,0,0,0,54.95343
R,0.007732444,0.7966943,-0.1860613,0,0,0,0,0,0,54.9809
R,0.007732444,0.7966943,-0.1860613,0,0,0,0,0,0,55.00797
R,0.007732444,0.7966943,-0.1860613,0,0,0,0,0,0,55.02294
R,0.007732444,0.7966943,-0.1860613,0,0,0,0,0,0,55.0363
R,0.007732444,0.7966943,-0.1860613,0,0,0,0,0,0,55.05051
R,0.007732444,0.7966943,-0.1860613,0,0,0,0,0,0,55.07655
R,0.007732444,0.7966943,-0.1860613,0,0,0,0,0,0,55.10438
R,0.007732444,0.7966943,-0.1860613,0,0,0,0,0,0,55.12326
R,0.007732444,0.7966943,-0.1860613,0,0,0,0,0,0,55.14613
R,0.007732444,0.7966943,-0.1860613,0,0,0,0,0,0,55.16078
R,0.007732444,0.7966943,-0.1860613,0,0,0,0,0,0,55.18727
R,0.007732444,0.7966943,-0.1860613,0,0,0,0,0,0,55.20226
R,0.007732444,0.7966943,-0.1860613,0,0,0,0,0,0,55.22838
R,0.007732444,0.7966943,-0.1860613,0,0,0,0,0,0,55.24329
R,0.007732444,0.7966943,-0.1860613,0,0,0,0,0,0,55.27044
R,0.007732444,0.7966943,-0.1860613,0,0,0,0,0,0,55.29797
R,0.007732444,0.7966943,-0.1860613,0,0,0,0,0,0,55.32574
R,0.007732444,0.7966943,-0.1860613,0,0,0,0,0,0,55.34076
R,0.007732444,0.7966943,-0.1860613,0,0,0,0,0,0,55.35534
R,0.007732444,0.7966943,-0.1860613,0,0,0,0,0,0,55.3812
R,0.007732444,0.7966943,-0.1860613,0,0,0,0,0,0,55.39627
R,0.007732444,0.7966943,-0.1860613,0,0,0,0,0,0,55.42287
R,0.007732444,0.7966943,-0.1860613,0,0,0,0,0,0,55.45139
R,0.007732444,0.7966943,-0.1860613,0,0,0,0,0,0,55.4666
R,0.007732444,0.7966943,-0.1860613,0,0,0,0,0,0,55.49268
R,0.007732444,0.7966943,-0.1860613,0,0,0,0,0,0,55.50648
R,0.007732444,0.7966943,-0.1860613,0,0,0,0,0,0,55.5215
R,0.007732444,0.7966943,-0.1860613,0,0,0,0,0,0,55.54787
R,0.007732444,0.7966943,-0.1860613,0,0,0,0,0,0,55.562
R,0.007732444,0.7966943,-0.1860613,0,0,0,0,0,0,55.57618
R,0.007732444,0.7966943,-0.1860613,0,0,0,0,0,0,55.59013
R,0.007732444,0.7966943,-0.1860613,0,0,0,0,0,0,55.60452
R,0.007732444,0.7966943,-0.1860613,0,0,0,0,0,0,55.61871
R,0.007732444,0.7966943,-0.1860613,0,0,0,0,0,0,55.64489
R,0.007732444,0.7966943,-0.1860613,0,0,0,0,0,0,55.65881
R,0.007732444,0.7966943,-0.1860613,0,0,0,0,0,0,55.67276
R,0.007732444,0.7966943,-0.1860613,0,0,0,0,0,0,55.68702
R,0.007732444,0.7966943,-0.1860613,0,0,0,0,0,0,55.70082
R,0.007732444,0.7966943,-0.1860613,0,0,0,0,0,0,55.71535
R,0.007732444,0.7966943,-0.1860613,0,0,0,0,0,0,55.73033
R,0.007732444,0.7966943,-0.1860613,0,0,0,0,0,0,55.75605
R,0.007732444,0.7966943,-0.1860613,0,0,0,0,0,0,55.77167
R,0.007732444,0.7966943,-0.1860613,0,0,0,0,0,0,55.79829
R,0.007732444,0.7966943,-0.1860613,0,0,0,0,0,0,55.81383
R,0.09525266,0.8857653,-0.1221929,3.400964,3.461227,2.481872,132.1586,134.5004,96.4435,55.83956
R,0.115352,0.8829471,-0.1022608,1.380748,-0.193601,1.369259,-138.7808,-251.0721,-76.43204,55.85412
R,0.1401685,0.8804953,-0.07771447,1.694134,-0.1673787,1.675694,21.3938,1.790103,20.91929,55.86877
R,0.1556419,0.8787292,-0.06239549,0.5816268,-0.06638273,0.5758211,-41.81774,3.796315,-41.34286,55.89537
R,0.1658648,0.8831071,-0.06424695,0.7460709,0.319499,-0.1351193,12.00112,28.16163,-51.8844,55.90907
R,0.1722912,0.8845505,-0.0627317,0.4570344,0.1026477,0.1077631,-20.55594,-15.42221,17.27352,55.92313
R,0.1763436,0.8845675,-0.06771333,0.2820808,0.001186604,-0.3467616,-12.17818,-7.06251,-31.63859,55.9375
R,0.1807608,0.8845825,-0.07001393,0.3116075,0.001059607,-0.1622954,2.082952,-0.008958938,13.01311,55.95168
R,0.184943,0.8784156,-0.07474724,0.2868518,-0.4229788,-0.324649,-1.697949,-29.08402,-11.13554,55.96626
R,0.1895637,0.873932,-0.07739951,0.1811668,-0.1757918,-0.1039897,-4.143688,9.691685,8.651587,55.99176
R,0.1893068,0.8759444,-0.08177073,-0.01727348,0.1353378,-0.2939689,-13.34529,20.92374,-12.77627,56.00663
R,0.1904144,0.8765281,-0.083088,0.07588396,0.03998955,-0.09025469,6.382819,-6.532928,13.95777,56.02122
R,0.1884503,0.8773073,-0.0912997,-0.07516196,0.0298198,-0.314255,-5.780406,-0.389188,-8.57231,56.04736
R,0.1894062,0.8830713,-0.0944428,0.06123801,0.3692571,-0.2013552,8.738132,21.74522,7.232651,56.06297
R,0.1906912,0.8853357,-0.09563723,0.04786072,0.08434126,-0.04448896,-0.4982632,-10.61224,5.842786,56.08981
R,0.1916076,0.8833822,-0.09874921,0.06318632,-0.1346906,-0.2145679,1.056684,-15.10202,-11.72677,56.10432
R,0.1926817,0.8824056,-0.1005248,0.0736324,-0.0669497,-0.121722,0.7161033,4.643797,6.364801,56.1189
R,0.1932093,0.8828125,-0.1021411,0.03684091,0.02841552,-0.1128624,-2.569171,6.659409,0.6186677,56.13322
R,0.1939709,0.883207,-0.1036826,0.03066796,0.01588662,-0.06207577,-0.2485717,-0.5045127,2.045072,56.15806
R,0.1934141,0.888589,-0.1108388,-0.03787157,0.3660766,-0.4867533,-4.661969,23.81947,-28.88601,56.17276
R,0.1936508,0.8910831,-0.1140528,0.008558729,0.09018104,-0.116212,1.678817,-9.975776,13.39796,56.20042
R,0.1933311,0.8899599,-0.115077,-0.0211444,-0.07427788,-0.06772771,-1.964303,-10.87586,3.206324,56.21554
R,0.1903328,0.8910439,-0.1201337,-0.1131558,0.04090934,-0.1908436,-3.472538,4.347198,-4.646428,56.24203
R,0.1880415,0.8910486,-0.1251461,-0.1546459,0.0003137873,-0.3382995,-2.800298,-2.739928,-9.952283,56.25685
R,0.1882534,0.8901526,-0.125445,0.01428574,-0.06040622,-0.02015517,11.39002,-4.093978,21.45052,56.27168
R,0.1884681,0.889438,-0.1258601,0.008363321,-0.02783711,-0.01616944,-0.2306876,1.268618,0.1552503,56.29736
R,0.1875555,0.8896995,-0.1276815,-0.06386604,0.01829869,-0.1274578,-5.05459,3.22857,-7.78793,56.31165
R,0.1869608,0.8899448,-0.1291582,-0.04252442,0.01754296,-0.1055966,1.526071,-0.05403939,1.563226,56.32563
R,0.1855012,0.8898706,-0.1305753,-0.1021402,-0.005193039,-0.09916932,-4.171895,-1.591059,0.4497803,56.33992
R,0.1841278,0.8898429,-0.1320957,-0.09715137,-0.001960503,-0.1075431,0.3528853,0.2286535,-0.5923186,56.35406
R,0.1802509,0.8896331,-0.1363744,-0.1453109,-0.00786165,-0.1603707,-1.805082,-0.2211825,-1.980047,56.38074
R,0.1759079,0.8897504,-0.1403287,-0.276065,0.007452564,-0.2513583,-8.311445,0.9734552,-5.783666,56.39647
R,0.1748341,0.8899677,-0.140745,-0.04078358,0.008256212,-0.0158129,8.936195,0.03052324,8.946219,56.4228
R,0.1758363,0.8901013,-0.1397986,0.07006042,0.009333333,0.06616042,7.748557,0.07529622,5.73035,56.4371
R,0.1769215,0.8902762,-0.138869,0.07282866,0.01174075,0.06238699,0.1857854,0.1615695,-0.2532465,56.452
R,0.1770276,0.8904095,-0.1387656,0.004068487,0.005109316,0.003964518,-2.636014,-0.2542251,-2.239705,56.47809
R,0.1769319,0.8907821,-0.1389776,-0.006701347,0.02609175,-0.0148425,-0.7540725,1.469129,-1.316813,56.49237
R,0.1764883,0.8915861,-0.1397341,-0.0312437,0.05662278,-0.05328117,-1.728541,2.15033,-2.707272,56.50657
R,0.1758905,0.8925931,-0.1407603,-0.02167893,0.03652246,-0.03721692,0.3468937,-0.7289954,0.5826156,56.53414
R,0.1770156,0.8902278,-0.1421183,0.07329267,-0.1540872,-0.08846822,6.186937,-12.41729,-3.338772,56.54949
R,0.1780993,0.889554,-0.1428932,0.08038872,-0.04997878,-0.0574851,0.5263694,7.722524,2.298256,56.56297
R,0.1790036,0.8890622,-0.1435957,0.03422791,-0.01861645,-0.02658799,-1.747153,1.187041,1.169433,56.58939
R,0.181448,0.8896577,-0.1479577,0.1794851,0.04372812,-0.3203016,10.66619,4.577942,-21.5673,56.60301
R,0.1826661,0.8899615,-0.1502076,0.0832017,0.02075462,-0.1536709,-6.576371,-1.569141,11.38124,56.61765
R,0.1834014,0.8879464,-0.1516946,0.05046118,-0.1382853,-0.1020462,-2.246788,-10.91397,3.542702,56.63223
R,0.1840926,0.8861592,-0.1531664,0.0485726,-0.1256074,-0.103436,-0.1327298,0.8910041,-0.09767877,56.64645
R,0.1847295,0.8846198,-0.1545788,0.04493344,-0.1085971,-0.0996367,-0.2567232,1.199985,0.2680223,56.66063
R,0.1836514,0.886282,-0.1563037,-0.04198058,0.06472816,-0.06716754,-3.384431,6.749284,1.264349,56.68631
R,0.1806542,0.8862492,-0.1575248,-0.19145,-0.002093994,-0.07799651,-9.547398,-4.268281,-0.6917027,56.70197
R,0.1791046,0.8861387,-0.1583528,-0.05880467,-0.004195769,-0.03142303,5.033611,-0.07975794,1.767365,56.72832
R,0.1782968,0.8868263,-0.1586509,-0.05649784,0.04809232,-0.02084758,0.1613449,3.657153,0.7396724,56.74261
R,0.1779183,0.8871117,-0.1588689,-0.02651594,0.01999683,-0.01527321,2.100368,-1.968216,0.3905098,56.75689
R,0.1777198,0.8896208,-0.1618452,-0.01413574,0.1787322,-0.2120181,0.8819008,11.30748,-14.01508,56.77093
R,0.1774931,0.8921958,-0.1650433,-0.01612414,0.1831338,-0.2274432,-0.1414128,0.3130394,-1.097013,56.78499
R,0.1731293,0.8910979,-0.1691314,-0.3058709,-0.07695521,-0.2865422,-20.30892,-18.23016,-4.142371,56.79926
R,0.1695393,0.8902356,-0.1726801,-0.255591,-0.06139242,-0.2526501,3.579731,1.10801,2.412985,56.8133
R,0.1667671,0.8896266,-0.1755801,-0.1086264,-0.02386491,-0.1136351,5.758725,1.470495,5.447229,56.83882
R,0.1648673,0.8909842,-0.1763482,-0.1226639,0.08765779,-0.04959494,-0.9063659,7.20074,4.134912,56.85431
R,0.1643774,0.8913946,-0.1759636,-0.03488466,0.02922155,0.0273777,6.249542,-4.160431,5.480151,56.86835
R,0.1638351,0.8917687,-0.1757239,-0.02069778,0.01427817,0.009151932,0.5414976,-0.5703723,-0.6956574,56.89455
R,0.1652138,0.8908308,-0.1750674,0.09334041,-0.06349674,0.04444066,7.720668,-5.265554,2.389134,56.90932
R,0.1665505,0.889857,-0.1745376,0.09526981,-0.06940763,0.03776573,0.1375148,-0.4212898,-0.4757458,56.92336
R,0.1655755,0.8882937,-0.1724949,-0.06672854,-0.1070007,0.139807,-11.08796,-2.573051,6.984208,56.93797
R,0.1644798,0.886672,-0.1704974,-0.04174861,-0.06179142,0.07611283,0.9517933,1.722577,-2.426897,56.96421
R,0.1668029,0.8893261,-0.1715773,0.1608517,0.1837733,-0.07477693,14.02812,17.00299,-10.44766,56.97865
R,0.1689534,0.8918502,-0.1726706,0.155983,0.1830857,-0.07929882,-0.3531492,-0.04987116,-0.3279985,56.99244
R,0.1692839,0.8912735,-0.1731393,0.02247411,-0.03920433,-0.03186592,-9.07639,-15.11203,3.22465,57.00715
R,0.1695179,0.8908297,-0.1735164,0.01635833,-0.031025,-0.02636146,-0.4275236,0.5717763,0.3847901,57.02145
R,0.1688298,0.8908542,-0.1755929,-0.02689186,0.000959675,-0.08114961,-1.690188,1.249939,-2.141083,57.04704
R,0.1674301,0.8903818,-0.1782334,-0.09911344,-0.0334532,-0.1869735,-5.114115,-2.436826,-7.493541,57.06116
R,0.1668647,0.8898758,-0.1783905,-0.04080913,-0.03652,-0.0113391,4.208184,-0.2213498,12.67662,57.07502
R,0.1663556,0.8894336,-0.1785586,-0.03517581,-0.030554,-0.01161476,0.3892304,0.4122167,-0.01904702,57.08949
R,0.1672745,0.8891369,-0.1787582,0.06592091,-0.0212866,-0.01431971,7.252846,0.6648584,-0.1940574,57.10343
R,0.1689897,0.8885883,-0.1791778,0.1166655,-0.03731513,-0.02854482,3.451581,-1.090239,-0.9675729,57.11813
R,0.169091,0.888923,-0.1792734,0.0038341,0.01266008,-0.003614831,-4.268121,1.890433,0.9430369,57.14457
R,0.1690138,0.8924649,-0.1818723,-0.005227838,0.2397945,-0.1759517,-0.6135157,15.37756,-11.66764,57.15934
R,0.1688148,0.8966241,-0.1849201,-0.01443497,0.3016957,-0.2210749,-0.6678455,4.490043,-3.273042,57.17313
R,0.1686466,0.899725,-0.1873076,-0.01211818,0.2234401,-0.1720393,0.1669411,-5.638877,3.533371,57.187
R,0.1688228,0.8992588,-0.1869891,0.01255353,-0.03322968,0.02270574,1.758439,-18.29376,13.88016,57.20103
R,0.1691288,0.8984377,-0.1864656,0.02223683,-0.05965909,0.03803397,0.7035528,-1.920264,1.113693,57.2148
R,0.169699,0.8969844,-0.1855756,0.04224557,-0.1076791,0.06594253,1.482525,-3.557989,2.067852,57.22829
R,0.1692946,0.8975568,-0.1846884,-0.02901358,0.04106373,0.06365242,-5.11225,10.67106,-0.1642966,57.24223
R,0.1687519,0.8983905,-0.1836006,-0.03542568,0.05441904,0.07100601,-0.4185492,0.8717669,0.4800053,57.25755
R,0.1695546,0.8987191,-0.1831034,0.03117419,0.01276389,0.01930903,2.586483,-1.617726,-2.007712,57.2833
R,0.170447,0.8991843,-0.1825998,0.0653811,0.03407979,0.03689539,2.506187,1.561721,1.288474,57.29695
R,0.1704945,0.8992797,-0.1825758,0.003317608,0.006656017,0.001675444,-4.331622,-1.913998,-2.45812,57.31128
R,0.1705328,0.8993848,-0.1825701,0.002854653,0.007843626,0.0004257523,-0.03453645,0.08859546,-0.09322688,57.32468
R,0.172421,0.9009444,-0.1823289,0.1309503,0.1081597,0.01672764,8.883468,6.956947,1.13054,57.3391
R,0.1747408,0.902912,-0.1820761,0.1610459,0.1365988,0.01754606,2.089348,1.974344,0.05681765,57.35351
R,0.1850106,0.9077905,-0.1790192,0.7347652,0.3490379,0.2187074,41.04723,15.19914,14.39226,57.36749
R,0.1927295,0.9115113,-0.1768051,0.5299773,0.2554675,0.1520215,-14.06074,-6.424547,-4.578655,57.38205
R,0.1986961,0.9144655,-0.1751466,0.4202346,0.2080661,0.1168107,-7.729279,-3.338531,-2.479926,57.39625
R,0.2008608,0.9192973,-0.1709747,0.1522191,0.3397599,0.2933575,-18.84621,9.260395,12.41434,57.41047
R,0.2030682,0.9232154,-0.1677725,0.08657335,0.1536692,0.1255879,-2.5746,-7.298409,-6.57986,57.43597
R,0.2307546,0.9367581,-0.1439722,1.761609,0.8616808,1.514352,106.5778,45.04879,88.36313,57.45168
R,0.243958,0.9430135,-0.1332521,0.5023477,0.2380012,0.4078681,-47.91114,-23.72915,-42.09841,57.47797
R,0.2653123,0.9505567,-0.08133954,1.495168,0.5281492,3.634763,69.51441,20.31532,225.9378,57.49225
R,0.2640883,0.9585183,-0.05110434,-0.08849283,0.5755869,2.185873,-114.4918,3.429541,-104.7485,57.50608
R,0.2645758,0.9646093,-0.03213769,0.03544006,0.442795,1.378812,9.009502,-9.653522,-58.67061,57.51984
R,0.2743189,0.9829447,0.01816322,0.7028326,1.322656,3.628531,48.14336,63.47007,162.2869,57.5337
R,0.2827212,0.9978687,0.05966059,0.5833182,1.036075,2.880902,-8.29714,-19.89552,-51.90319,57.5481
R,0.2901455,1.010302,0.09402544,0.5504056,0.9217247,2.547663,-2.439997,-8.477433,-24.70491,57.56159
R,0.2813737,1.017574,0.1387774,-0.6303368,0.5225638,3.21586,-84.84774,-28.68357,48.0164,57.57551
R,0.2765643,1.024792,0.1774983,-0.3478891,0.5221268,2.800898,20.43101,-0.03160786,-30.01656,57.58933
R,0.260958,1.017324,0.206297,-1.051699,-0.5032616,1.940719,-47.42919,-69.10011,-57.96672,57.60417
R,0.2508491,1.013894,0.2335073,-0.3314967,-0.1124593,0.8922957,23.6173,12.81542,-34.38054,57.63467
R,0.2410859,0.9611695,0.204326,-0.3980329,-2.149531,-1.189689,-2.712609,-83.04916,-84.88021,57.65919
R,0.2348815,0.9375308,0.1970006,-0.4163977,-1.58647,-0.4916285,-1.232517,37.78884,46.84903,57.6741
R,0.2323666,0.9288417,0.1997616,-0.09593447,-0.3314605,0.1053221,12.22461,47.87443,22.77168,57.70031
R,0.2218883,0.9661197,0.1557708,-0.7194447,2.559508,-3.020408,-42.81023,198.494,-214.6127,57.71487
R,0.2176112,0.9819131,0.145784,-0.2980369,1.100516,-0.6959044,29.36457,-101.6656,161.9763,57.72923
R,0.2086665,1.000416,0.1269639,-0.6340674,1.311604,-1.334117,-23.82055,14.96365,-45.24168,57.74333
R,0.2022983,1.010224,0.1117116,-0.2407549,0.3707952,-0.5766222,14.86941,-35.56785,28.63756,57.76978
R,0.1922503,1.024072,0.09275924,-0.689537,0.9503354,-1.300588,-30.79726,39.77042,-49.68152,57.78436
R,0.1874403,1.031251,0.08578818,-0.3287054,0.4905745,-0.4763868,24.65845,-31.41907,56.32417,57.79899
R,0.1887354,1.029324,0.09023371,0.04997344,-0.07433489,0.1715289,14.61119,-21.79682,24.99959,57.82491
R,0.20029,1.025507,0.1031716,0.7920943,-0.2616534,0.8869215,50.8741,-12.84111,49.04181,57.83949
R,0.2045444,1.025435,0.1082713,0.3175552,-0.005365532,0.380657,-35.42073,19.12993,-37.78879,57.85289
R,0.2064514,1.026217,0.1107547,0.1395639,0.05721315,0.1817388,-13.02606,4.57974,-14.55757,57.86655
R,0.2085529,1.025825,0.1133749,0.1457352,-0.02716601,0.1817176,0.4279772,-5.851717,-0.001467427,57.88097
R,0.2098946,1.026068,0.1151816,0.09465508,0.01713032,0.1274477,-3.603427,3.124869,-3.828453,57.89515
R,0.2113802,1.026235,0.1168407,0.106873,0.01201461,0.1193545,0.8789411,-0.3680161,-0.5822151,57.90905
R,0.2124178,1.02579,0.1179161,0.07920337,-0.03398005,0.08209495,-2.112241,-3.511132,-2.84431,57.92215
R,0.2132043,1.025701,0.1187948,0.05551629,-0.006310582,0.06201987,-1.671897,1.952985,-1.416953,57.93632
R,0.2138441,1.025831,0.1195614,0.04604806,0.00934411,0.05517712,-0.6815047,1.126794,-0.4925275,57.95021
R,0.2144095,1.026113,0.1202817,0.04140079,0.02068785,0.05274419,-0.3402941,0.8306405,-0.1781501,57.96387
R,0.2143698,1.026902,0.1203619,-0.002893317,0.05748853,0.005847976,-3.227192,2.681234,-3.416777,57.97759
R,0.2143535,1.027102,0.1204121,-0.001102048,0.01360104,0.003409367,0.1216504,-2.98053,-0.1656131,57.99232
R,0.2143443,1.027336,0.1204799,-0.0007058941,0.01780397,0.005161992,0.03017125,0.3200967,0.1334806,58.00545
R,0.2143394,1.027684,0.1205876,-0.0003612781,0.02594088,0.008036492,0.02570831,0.6070129,0.2144374,58.01885
R,0.2139094,1.027775,0.1207014,-0.0302897,0.006448146,0.008015054,-2.107888,-1.372892,-0.001509907,58.03305
R,0.2132445,1.027966,0.120901,-0.04735903,0.01361243,0.01421854,-1.21593,0.5103464,0.4419038,58.04709
R,0.2128824,1.030833,0.124009,-0.02669454,0.211333,0.2291116,1.523361,14.57572,15.84165,58.06065
R,0.2125405,1.033934,0.1272963,-0.02430285,0.2203769,0.2336648,0.170002,0.642845,0.3236479,58.07472
R,0.2121392,1.037886,0.1290008,-0.02847946,0.2804886,0.1209626,-0.2963924,4.265819,-7.99789,58.08881
R,0.1981087,1.041046,-0.04689567,-0.1107502,0.02494166,-1.388444,-0.6494066,-2.017167,-11.91454,58.2155
R,0.1963396,1.044494,0.06357218,-0.06405441,0.1248576,3.99979,1.69075,3.617728,195.0957,58.24312
R,0.1989612,1.028316,0.02033308,0.09510686,-0.5869127,-1.568623,5.774035,-25.82152,-202.0103,58.27068
R,0.1986914,1.012,-0.01048828,-0.009832975,-0.5947233,-1.12342,-3.824993,-0.2846913,16.22738,58.29812
R,0.1981536,0.9896324,-0.03600548,-0.02016888,-0.8388301,-0.9569642,-0.3876246,-9.154668,6.242545,58.32478
R,0.1988156,0.9691817,-0.05842113,0.03903263,-1.20581,-1.321667,3.490625,-21.63778,-21.5035,58.34174
R,0.1990168,0.9602436,-0.06952747,0.008037586,-0.3571765,-0.44382,-1.238592,33.91222,35.07961,58.36677
R,0.1860828,0.9379531,-0.09089862,-0.8404983,-1.448516,-1.388775,-55.14095,-70.9192,-61.40661,58.38216
R,0.1814784,0.9279981,-0.1018845,-0.1784447,-0.3858155,-0.4257668,25.65839,41.18576,37.32212,58.40796
R,0.170269,0.9056819,-0.1087953,-0.8095042,-1.611583,-0.4990665,-45.57257,-88.52,-5.293406,58.42181
R,0.165757,0.8954362,-0.1148932,-0.2869416,-0.6515913,-0.3878048,33.23305,61.05194,7.075834,58.43753
R,0.1620643,0.8858693,-0.1214617,-0.2531421,-0.6558332,-0.4502842,2.317034,-0.290795,-4.283107,58.45212
R,0.1529351,0.8815032,-0.1196452,-0.3619443,-0.1730991,0.07201779,-4.313647,19.13882,20.70755,58.47734
R,0.1509567,0.8735951,-0.1104009,-0.1432633,-0.5726692,0.6694276,15.83589,-28.93506,43.26171,58.49115
R,0.1491678,0.8678151,-0.1091196,-0.1280636,-0.4137596,0.09172168,1.088075,11.37554,-41.35504,58.50512
R,0.1472669,0.861831,-0.1096107,-0.1311338,-0.4128166,-0.03387952,-0.2118041,0.06504934,-8.664632,58.51962
R,0.1356114,0.8661824,-0.09752784,-0.8352658,0.3118336,0.8658975,-50.46035,51.93076,64.4809,58.53357
R,0.1265942,0.8675373,-0.08935889,-0.6409449,0.09630898,0.5806512,13.81238,-15.31955,-20.27539,58.54764
R,0.1175499,0.8779945,-0.09844697,-0.6724145,0.7774479,-0.6756622,-2.339642,50.63995,-93.40187,58.56109
R,0.109905,0.8845134,-0.1053414,-0.5529941,0.4715482,-0.4987157,8.63834,-22.12742,12.79952,58.57491
R,0.09930798,0.8923625,-0.1025383,-0.7337415,0.5434784,0.1940899,-12.51501,4.980475,47.9701,58.58936
R,0.09030921,0.8976035,-0.1010027,-0.6897587,0.4017224,0.1177083,3.371299,-10.86564,-5.854666,58.6024
R,0.08222961,0.9011432,-0.1002914,-0.5708942,0.2501095,0.05025901,8.398812,-10.71278,-4.765885,58.61655
R,0.07492784,0.9059111,-0.1093829,-0.5139944,0.3356312,-0.6399825,4.005358,6.020142,-48.58826,58.63076
R,0.06793153,0.9094493,-0.1162352,-0.5108749,0.2583565,-0.5003569,0.2277855,-5.642644,10.19555,58.64445
R,0.05256824,0.9189381,-0.1158545,-1.057059,0.6528707,0.02619033,-37.57977,27.14423,36.22866,58.65899
R,0.03979888,0.926285,-0.1161864,-0.9381755,0.5397851,-0.02438122,8.734485,-8.308497,-3.715535,58.6726
R,0.02845291,0.9321704,-0.1169679,-0.8021246,0.4160767,-0.05525005,9.618376,-8.745794,-2.18233,58.68674
R,0.03095694,0.9282057,-0.1103487,0.1791526,-0.2836552,0.4735763,70.20631,-50.06291,37.83533,58.70072
R,0.03056956,0.9264259,-0.1066489,-0.02841294,-0.1305435,0.2713729,-15.22441,11.23036,-14.83112,58.71436
R,0.02520521,0.9377939,-0.1088734,-0.3863274,0.8186899,-0.1602067,-25.77614,68.3615,-31.08132,58.72824
R,0.01950454,0.9468487,-0.1106591,-0.4028026,0.6398038,-0.126174,-1.164111,-12.63987,2.404709,58.74239
R,0.01950454,0.9468487,-0.1106591,0,0,0,29.39651,-46.69285,9.208172,58.7561
R,0.01950454,0.9468487,-0.1106591,0,0,0,0,0,0,58.77008
R,0.01950454,0.9468487,-0.1106591,0,0,0,0,0,0,58.78382
R,0.01950454,0.9468487,-0.1106591,0,0,0,0,0,0,58.79816
R,0.04098976,0.9357274,-0.07315767,1.503529,-0.7782677,2.624339,105.2165,-54.46295,183.6505,58.81245
R,0.04098976,0.9357274,-0.07315767,0,0,0,-113.7821,58.89671,-198.6012,58.82567
R,0.04098976,0.9357274,-0.07315767,0,0,0,0,0,0,58.84045
R,0.04099032,0.935726,-0.07315793,4.272812E-05,-9.894933E-05,-1.967743E-05,0.003224215,-0.007466602,-0.001484836,58.8537
R,0.05169355,0.9089304,-0.07811327,0.773797,-1.937211,-0.3582492,55.93906,-140.0448,-25.89844,58.86753
R,0.05971917,0.8907614,-0.08172504,0.556284,-1.259354,-0.250345,-15.07661,46.98476,7.479233,58.88196
R,0.01372021,0.9595883,0.01792294,-3.353267,5.017398,7.264216,-285.0015,457.5675,547.8023,58.89568
R,-0.0128785,1.010712,0.09410691,-1.915575,3.681769,5.486586,103.5391,-96.18874,-128.0206,58.90956
R,-0.01157762,1.049933,0.1578836,0.09606143,2.896241,4.709486,148.5461,-58.00606,-57.38366,58.9231
R,-0.01207985,1.079516,0.2070641,-0.03585383,2.111937,3.510995,-9.417428,-55.99149,-85.56022,58.93711
R,-0.01304842,1.103016,0.2467222,-0.06918393,1.678602,2.832734,-2.380732,-30.95261,-48.44748,58.95111
R,0.002483946,1.095228,0.2905589,1.092198,-0.5476881,3.082493,81.66562,-156.5474,17.5625,58.96533
R,0.01369945,1.092134,0.328553,0.7890704,-0.2176178,2.673087,-21.32668,23.22221,-28.80393,58.97955
R,0.04257015,1.061922,0.334074,1.919909,-2.009132,0.3671479,75.20106,-119.1362,-153.3455,58.99458
R,0.06495386,1.043724,0.3435091,1.577354,-1.282376,0.6648774,-24.13947,51.21368,20.98064,59.00877
R,0.08243085,1.030803,0.3562335,1.33727,-0.9886621,0.9736208,-18.37028,22.47381,23.62383,59.02184
R,0.05761858,1.025671,0.3305252,-1.950926,-0.4035037,-2.021373,-258.5425,46.00952,-235.4888,59.03456
R,0.04251549,1.021657,0.3183304,-1.159011,-0.3081089,-0.9358327,60.77157,7.320601,83.30441,59.04759
R,-0.0005241558,1.023323,0.2866496,-3.000688,0.1161652,-2.208758,-128.4001,29.58003,-88.74726,59.06194
R,-0.02639804,1.024175,0.2689178,-1.868508,0.06156164,-1.280518,81.76147,-3.943252,67.03373,59.07578
R,-0.04731178,1.024494,0.2573039,-1.493845,0.0227861,-0.8295683,26.76177,-2.769693,32.21086,59.08978
R,-0.0906271,1.023313,0.2073944,-3.138433,-0.08559632,-3.616217,-119.1594,-7.852903,-201.908,59.10358
R,-0.1200098,1.022237,0.178829,-2.014252,-0.07376111,-1.958226,77.06516,0.8113309,113.6591,59.11817
R,-0.1249062,0.999119,0.1499148,-0.3491758,-1.648586,-2.061937,118.7404,-112.3044,-7.395828,59.13219
R,-0.1328911,0.9828314,0.1278858,-0.4976647,-1.015142,-1.372987,-9.254747,39.48017,42.9396,59.14824
R,-0.1308195,0.9690322,0.1020229,0.1108275,-0.7382398,-1.383632,32.55359,14.81393,-0.569477,59.16693
R,-0.1269109,0.938205,0.06025193,0.1631556,-1.286811,-1.743631,2.184315,-22.89882,-15.02733,59.19089
R,-0.1237663,0.9137416,0.02935591,0.2034364,-1.58266,-1.998817,2.605963,-19.13995,-16.50922,59.20634
R,-0.1254556,0.9021852,0.01422184,-0.1067037,-0.7299849,-0.9559773,-19.59069,53.86111,65.87328,59.22218
R,-0.1207184,0.8908611,0.0005520486,0.3240638,-0.774673,-0.9351395,29.46845,-3.057073,1.425496,59.23679
R,-0.118564,0.8801337,-0.01324731,0.1452627,-0.7232792,-0.9304063,-12.05546,3.465169,0.319127,59.25163
R,-0.1092053,0.8730685,-0.02813151,0.6316444,-0.4768562,-1.004584,32.82751,16.6319,-5.006477,59.26644
R,-0.103161,0.8652828,-0.04272131,0.4291675,-0.5528085,-1.035923,-14.37652,-5.392859,-2.225217,59.28053
R,-0.09144256,0.8597734,-0.05722842,0.7892903,-0.3710857,-0.9771198,24.25592,12.23986,3.960689,59.29537
R,-0.08303025,0.8532668,-0.0715864,0.6025236,-0.4660306,-1.028377,-13.37699,-6.800333,-3.671243,59.30933
R,-0.07686877,0.8461468,-0.08591519,0.43326,-0.5006622,-1.007566,-11.90221,-2.435214,1.463394,59.32355
R,-0.06576992,0.8422728,-0.08703694,0.7766946,-0.2710975,-0.07849988,24.03345,16.06487,65.01576,59.33784
R,-0.05712875,0.8371474,-0.09188727,0.610574,-0.3621589,-0.3427182,-11.73787,-6.434282,-18.66934,59.352
R,-0.05215013,0.8382086,-0.09145813,0.3595359,0.07663998,0.03099066,-18.12896,31.68829,26.98775,59.36584
R,-0.04770379,0.8369339,-0.09442522,0.304807,-0.08738805,-0.2034013,-3.75179,-11.2445,-16.06811,59.38043
R,-0.06538007,0.8480996,-0.08911455,-1.275104,0.8054615,0.3830936,-113.9693,64.40703,42.30769,59.39429
R,-0.0770219,0.8548899,-0.08779646,-0.8524681,0.4972154,0.09651656,30.94736,-22.57119,-20.98448,59.40795
R,-0.08531684,0.8586963,-0.08908899,-0.5851644,0.2685221,-0.0911814,18.85686,-16.13309,-13.24109,59.42213
R,-0.06635319,0.8575799,-0.08047628,1.301364,-0.07661568,0.5910397,129.4613,-23.68476,46.8168,59.4367
R,-0.05243018,0.8561385,-0.07582441,0.9722517,-0.100651,0.3248426,-22.98207,-1.678399,-18.5887,59.45102
R,-0.04853938,0.8661717,-0.06726582,0.2642358,0.6813836,0.5812389,-48.08345,53.11028,17.41263,59.46574
R,-0.0453122,0.8731648,-0.06198128,0.1207517,0.2616597,0.197732,-5.368755,-15.70484,-14.3497,59.49247
R,-0.03737506,0.875348,-0.03658171,0.2814002,0.07740229,0.9005067,5.695569,-6.532588,24.9159,59.52068
R,-0.02940052,0.8680212,-0.02607592,0.5495474,-0.5049085,0.7239825,18.47876,-40.12862,-12.16477,59.53519
R,-0.0254171,0.8651611,-0.02211598,0.1476568,-0.1060189,0.1467865,-14.89723,14.78599,-21.39543,59.56216
R,-0.03721943,0.9318457,0.02563096,-0.8299114,4.689105,3.35745,-68.74025,337.1816,225.7662,59.57639
R,-0.04039869,0.9604102,0.04383099,-0.2301005,2.067366,1.317236,43.41161,-189.7496,-147.6615,59.5902
R,-0.02953422,1.004355,0.1443398,0.7743486,3.132107,7.163614,71.59062,75.88785,416.692,59.60423
R,-0.02128683,1.036625,0.2222973,0.3079778,1.20503,2.911125,-17.41543,-71.96178,-158.7984,59.63101
R,0.03180492,1.06355,0.2758424,3.516343,1.783319,3.546369,212.4946,38.30086,42.0731,59.64611
R,0.05735258,1.049531,0.2877822,1.7708,-0.9716998,0.82759,-120.9898,-190.9602,-188.4483,59.66054
R,0.07282195,1.039108,0.2950678,0.6092553,-0.4105318,0.2869427,-45.74699,22.10138,-21.29318,59.68593
R,0.04595883,0.9929433,0.2652607,-0.9697061,-1.666446,-1.07598,-56.99742,-45.33606,-49.19884,59.71363
R,-0.006077318,0.9481348,0.2198324,-3.747518,-3.227005,-3.271639,-200.0513,-112.3876,-158.1261,59.72752
R,-0.02094456,0.9325119,0.2077834,-1.04319,-1.096209,-0.8454396,189.7547,149.5116,170.2392,59.74177
R,-0.03311529,0.9185325,0.198847,-0.8227137,-0.9449781,-0.6040837,14.90368,10.22288,16.31511,59.75656
R,-0.0624527,0.9026355,0.1466115,-1.114907,-0.6041334,-1.985099,-11.10419,12.95308,-52.48259,59.78288
R,-0.07125305,0.8800273,0.04222627,-0.4838417,-1.242994,-5.739085,34.69588,-35.12445,-206.3936,59.80106
R,-0.07720987,0.868799,0.009193799,-0.2484166,-0.4682529,-1.377548,9.817891,32.30889,181.8884,59.82504
R,-0.06623743,0.8533277,-0.04037737,0.7105631,-1.001903,-3.210174,62.10246,-34.55859,-118.6788,59.84048
R,-0.06407405,0.8441948,-0.06168834,0.08474555,-0.3577616,-0.834809,-24.51499,25.23278,93.04957,59.86601
R,-0.05307975,0.8362242,-0.09210243,0.7564543,-0.5484088,-2.092617,46.21638,-13.11733,-86.54247,59.88055
R,-0.05242606,0.8497185,-0.1077841,0.0449293,0.9274917,-1.077832,-48.90456,101.4416,69.74827,59.8951
R,-0.05276742,0.8578438,-0.1246097,-0.01287175,0.3063866,-0.6344549,-2.179545,-23.42045,16.71872,59.92162
R,-0.06493739,0.8491303,-0.1401768,-0.8011766,-0.5736282,-1.024816,-51.89588,-57.93335,-25.69833,59.93681
R,-0.06974946,0.8442037,-0.152144,-0.1791331,-0.1833996,-0.4454889,23.15606,14.52657,21.5659,59.96367
R,-0.08680969,0.7915636,-0.1341891,-1.198349,-3.697552,1.261188,-71.592,-246.8419,119.8808,59.97791
R,-0.09365468,0.7743236,-0.1326444,-0.4556554,-1.147632,0.1028302,49.43948,169.7426,-77.10934,59.99293
R,-0.1610061,0.7382466,-0.1852993,-4.766675,-2.553283,-3.726558,-305.1047,-99.48243,-271.0181,60.00706
R,-0.1610061,0.7382466,-0.1852993,0,0,0,184.3546,98.75004,144.1273,60.03291
R,-0.1610061,0.7382466,-0.1852993,0,0,0,0,0,0,60.04655
R,-0.1610061,0.7382466,-0.1852993,0,0,0,0,0,0,60.06153
R,-0.1610061,0.7382466,-0.1852993,0,0,0,0,0,0,60.07658
R,-0.1610061,0.7382466,-0.1852993,0,0,0,0,0,0,60.10252
R,-0.01494499,1.017649,0.09851713,5.237898,10.01966,10.17795,187.8363,359.3152,364.9914,60.13041
R,0.005248243,1.06003,0.1898218,1.398187,2.934463,6.321967,-265.863,-490.5818,-266.9893,60.14485
R,0.01356184,1.078308,0.2344193,0.5729126,1.25957,3.073338,-56.87188,-115.4214,-223.8719,60.15936
R,0.02756173,1.087819,0.2820478,0.9642637,0.6551087,3.280484,26.9549,-41.63322,14.26754,60.17388
R,0.03898171,1.096833,0.3221544,0.4366509,0.3446297,1.533503,-20.17365,-11.87138,-66.79707,60.20004
R,0.07037288,1.080013,0.3213832,2.032857,-1.089226,-0.04993786,103.3686,-92.85491,-102.5419,60.21548
R,0.07081753,1.087073,0.308913,0.01733014,0.2751868,-0.4860232,-78.55462,53.17762,-16.99631,60.24113
R,0.04780152,1.002611,0.1963492,-1.462314,-5.366267,-7.151704,-94.00871,-358.4278,-423.5017,60.25687
R,0.03503126,0.9924019,0.1955878,-0.4912895,-0.3927736,-0.02929286,37.35666,191.3372,274.009,60.28287
R,-0.00965921,0.9753679,0.10325,-3.156072,-1.202952,-6.520959,-188.1888,-57.21538,-458.4459,60.29703
R,-0.0234786,0.9670485,0.07625983,-0.7720951,-0.4648105,-1.507951,133.1938,41.2403,280.0788,60.31493
R,-0.03517944,0.9593699,0.05156683,-0.4915551,-0.3225786,-1.037359,11.78556,5.975195,19.76971,60.33873
R,-0.04216796,0.9092296,0.03106124,-0.4169322,-2.991345,-1.223354,4.451969,-159.2173,-11.09637,60.35549
R,-0.04678424,0.8897653,0.01624079,-0.1848091,-0.7792408,-0.593325,9.292864,88.55983,25.22271,60.38047
R,-0.04425773,0.8688522,-0.0226326,0.164918,-1.365098,-2.537457,22.8284,-38.24179,-126.903,60.39579
R,-0.0384219,0.8636135,-0.04136835,0.2208818,-0.1982814,-0.7091346,2.118189,44.16316,69.20064,60.42221
R,-0.02170367,0.8662187,-0.05416755,0.5916014,0.09218919,-0.4529203,13.11851,10.27877,9.066557,60.45047
R,-0.01227786,0.8695283,-0.05176748,0.6829521,0.2397993,0.1738983,6.618863,10.69516,45.41645,60.46427
R,-0.009332284,0.8681279,-0.05525303,0.1931376,-0.09181935,-0.2285427,-32.11654,-21.74383,-26.38757,60.47952
R,-0.007117003,0.8653869,-0.06083474,0.08338925,-0.1031802,-0.2101108,-4.131229,-0.4276533,0.6938272,60.50609
R,0.01312431,0.8886998,-0.0404582,1.300524,1.497874,1.309212,78.20212,102.8693,97.618,60.52165
R,0.0244371,0.909561,-0.03005957,0.4435508,0.8179241,0.4077086,-33.60013,-26.65942,-35.34606,60.54716
R,0.05268052,0.9374903,-0.02699864,1.008423,0.9972078,0.1092895,20.16861,6.401272,-10.65497,60.57516
R,0.08815984,0.9595439,-0.02493401,2.298737,1.428877,0.1337694,83.60062,27.96821,1.586072,60.5906
R,0.09983441,0.9633855,-0.02166129,0.4463854,0.1468855,0.1251348,-70.82598,-49.01783,-0.3301516,60.61675
R,0.1197786,0.9750478,-0.02655443,1.317602,0.7704645,-0.3232633,57.55653,41.19645,-29.62321,60.63189
R,0.1335798,0.9843819,-0.03204565,0.9852707,0.666356,-0.3920176,-23.72515,-7.4323,-4.908367,60.6459
R,0.144609,0.991724,-0.03622584,0.4223223,0.2811427,-0.1600659,-21.55617,-14.75042,8.881791,60.67201
R,0.1607085,0.9678921,-0.04398534,1.046204,-1.548688,-0.5042406,40.5421,-118.909,-22.36572,60.6874
R,0.1702763,0.9603924,-0.04985089,0.3609902,-0.2829591,-0.221304,-25.85272,47.7552,10.67503,60.71391
R,0.1820331,0.9503573,-0.05373969,0.7338011,-0.6263393,-0.2427202,23.26908,-21.43215,-1.336697,60.72993
R,0.1875038,0.9461438,-0.05380447,0.2141107,-0.164907,-0.002535301,-20.33946,18.05938,9.400272,60.75548
R,0.1926403,0.9441361,-0.06339616,0.3543421,-0.1384992,-0.6616851,9.673903,1.821749,-45.47162,60.76997
R,0.1975911,0.9432281,-0.06778882,0.3362219,-0.06166613,-0.2983186,-1.230598,5.217958,24.67729,60.7847
R,0.1967598,0.944123,-0.07581443,-0.03171043,0.03413535,-0.3061506,-14.0354,3.654508,-0.2987667,60.81091
R,0.1978964,0.9495088,-0.0847916,0.07727101,0.3661461,-0.6102984,7.408929,22.57122,-20.677,60.82562
R,0.199246,0.9542231,-0.0878443,0.09349399,0.326593,-0.211482,1.123878,-2.740117,27.62878,60.84006
R,0.2014341,0.9573795,-0.09093574,0.1489101,0.2148032,-0.2103843,3.771285,-7.607747,0.0747045,60.85475
R,0.2012796,0.955883,-0.09083144,-0.005991741,-0.05804694,0.004045841,-6.008668,-10.5839,8.317783,60.88053
R,0.2044758,0.9560893,-0.08839966,0.2046564,0.0132053,0.1557095,13.48807,4.562371,9.711214,60.89615
R,0.2099777,0.9603242,-0.08477176,0.2098768,0.16155,0.1383925,0.1991414,5.65886,-0.6605854,60.92236
R,0.216721,0.9608704,-0.08344594,0.4649496,0.0376611,0.09141416,17.58701,-8.542016,-3.239108,60.93687
R,0.2205752,0.9614235,-0.08344336,0.2687053,0.03855552,0.0001797291,-13.68198,0.06235819,-6.360787,60.95121
R,0.2241144,0.9620557,-0.08374345,0.2562986,0.04578298,-0.02173094,-0.8984418,0.5233797,-1.586672,60.96502
R,0.223634,0.9595833,-0.08312614,-0.03416538,-0.17583,0.04390239,-20.65746,-15.76085,4.667766,60.97908
R,0.223624,0.9569546,-0.08259992,-0.0007008272,-0.1842538,0.03688325,2.345597,-0.5904443,-0.4919856,60.99335
R,0.2235394,0.9540309,-0.08910947,-0.003286247,-0.113479,-0.2526558,-0.1003483,2.746993,-11.23792,61.01911
R,0.2179939,0.9536945,-0.09263535,-0.3831636,-0.02323982,-0.2436186,-26.24738,6.235022,0.6244203,61.03358
R,0.2163397,0.953628,-0.09432048,-0.06025971,-0.002423221,-0.06138773,11.76311,0.7583305,6.638512,61.06104
R,0.2215793,0.9523599,-0.1015762,0.1801573,-0.04360408,-0.2494823,8.266512,-1.415965,-6.467452,61.09012
R,0.221605,0.9520345,-0.1018861,0.0009475177,-0.01196426,-0.01139679,-6.590737,1.163607,8.755987,61.11731
R,0.2211231,0.9516072,-0.1035715,-0.03139173,-0.02784077,-0.1097915,-2.106744,-1.034277,-6.409933,61.13266
R,0.220449,0.9511743,-0.1057855,-0.02567321,-0.01648524,-0.08431037,0.2177623,0.4324207,0.9703243,61.15892
R,0.2246222,0.9478482,-0.1095735,0.1504804,-0.1199321,-0.1365893,6.351802,-3.73012,-1.885089,61.18665
R,0.2399583,0.9518349,-0.1069537,0.9960986,0.258943,0.1701619,54.92412,24.60848,19.92393,61.20205
R,0.2467791,0.9534289,-0.1061582,0.265367,0.06201302,0.03094883,-28.42934,-7.661621,-5.416128,61.22775
R,0.2488821,0.9574546,-0.1043017,0.1387928,0.2656879,0.1225207,-8.353642,13.44213,6.043561,61.2429
R,0.2504056,0.959175,-0.1036373,0.057496,0.06492946,0.0250757,-3.068166,-7.576682,-3.677603,61.2694
R,0.2502118,0.9597777,-0.1043758,-0.01371936,0.04267963,-0.05229331,-5.042863,-1.575542,-5.478611,61.28352
R,0.2503694,0.9601984,-0.1047842,0.01046084,0.0279193,-0.0271069,1.604733,-0.9795777,1.67151,61.29859
R,0.2539828,0.9575646,-0.1023059,0.08934414,-0.06512333,0.06127934,1.950461,-2.300563,2.18543,61.33904
R,0.2605438,0.9590947,-0.1058966,0.2438903,0.05687881,-0.1334769,5.744943,4.535186,-7.239675,61.36594
R,0.2701343,0.9605673,-0.1102988,0.6204575,0.09526931,-0.2848005,24.362,2.483672,-9.789875,61.38139
R,0.2740274,0.961204,-0.1118484,0.1481234,0.02422442,-0.05895745,-17.97091,-2.703047,8.592657,61.40768
R,0.2739156,0.9600986,-0.1147876,-0.007829185,-0.07735334,-0.2056845,-10.91352,-7.108382,-10.26792,61.42197
R,0.2734241,0.9600376,-0.116094,-0.03457545,-0.004289956,-0.09191167,-1.881743,5.140399,8.004526,61.43618
R,0.2732046,0.960067,-0.1173191,-0.008192892,0.001096686,-0.04572103,0.9846283,0.2010359,1.723889,61.46297
R,0.2737583,0.9602738,-0.1167844,0.03912357,0.01461001,0.03777638,3.343323,0.9548345,5.899824,61.47713
R,0.2747037,0.9605812,-0.1161847,0.06487443,0.02109784,0.04115725,1.767129,0.4452217,0.232009,61.4917
R,0.2756884,0.9614686,-0.1167749,0.0372486,0.03356557,-0.02232735,-1.045014,0.4716218,-2.401459,61.51814
R,0.2774893,0.9618287,-0.1164744,0.1206227,0.02412015,0.02012807,5.584061,-0.6326163,2.843493,61.53307
R,0.2784322,0.9608036,-0.1148773,0.065424,-0.07113139,0.1108148,-3.83007,-6.609216,6.292477,61.54748
R,0.279496,0.959829,-0.1133906,0.07619322,-0.06980021,0.1064869,0.7713349,0.09534452,-0.3099769,61.56144
R,0.279264,0.9598362,-0.1133687,-0.01573008,0.0004890391,0.001486315,-6.233094,4.766142,-7.119835,61.57619
R,0.2792556,0.9596541,-0.1134467,-0.0003315962,-0.007186936,-0.003079611,0.6075588,-0.3028613,-0.180152,61.60153
R,0.2793483,0.9592727,-0.1136161,0.006113959,-0.02515963,-0.01117616,0.4251796,-1.185565,-0.5340871,61.61669
R,0.2794811,0.958985,-0.1137474,0.009284118,-0.02011906,-0.009180938,0.2217284,0.3525492,0.1395506,61.63099
R,0.2784939,0.9601973,-0.1160447,-0.03774408,0.0463531,-0.08783735,-1.798156,2.54161,-3.007483,61.65714
R,0.2772332,0.9599284,-0.1171913,-0.09154692,-0.01952909,-0.08326426,-3.90695,-4.784106,0.3320799,61.67091
R,0.2767143,0.9597861,-0.1177242,-0.03393993,-0.009309506,-0.03485412,3.767796,0.6684135,3.166274,61.6862
R,0.2761042,0.9629056,-0.1209242,-0.0400464,0.2047485,-0.2100314,-0.4007946,14.04958,-11.49766,61.70144
R,0.2755692,0.9660196,-0.1241161,-0.02058033,0.1198016,-0.1227944,0.7488865,-3.268026,3.356128,61.72743
R,0.2710389,0.9743631,-0.1343817,-0.2916487,0.5371286,-0.6608762,-17.45063,26.86634,-34.64021,61.74297
R,0.2710686,0.9760297,-0.1378513,0.001174936,0.06583644,-0.137059,11.56751,-18.6176,20.69252,61.76828
R,0.2717724,0.9772744,-0.1415869,0.04834906,0.08550756,-0.25662,3.240674,1.351328,-8.213363,61.78284
R,0.2724403,0.9774833,-0.1429918,0.04705981,0.01471774,-0.09900139,-0.09085155,-4.988475,11.10719,61.79703
R,0.272986,0.9777824,-0.1443785,0.03737469,0.02048638,-0.0949633,-0.6632436,0.3950404,0.2765304,61.81163
R,0.2741368,0.977293,-0.1445686,0.04334254,-0.01843346,-0.007159775,0.2247752,-1.465891,3.307064,61.83818
R,0.2773515,0.9767444,-0.143048,0.2192296,-0.0374122,0.1036945,11.99473,-1.294267,7.559775,61.85284
R,0.2799941,0.9766826,-0.140822,0.1902114,-0.004448963,0.1602249,-2.088675,2.372629,4.068949,61.86674
R,0.2821487,0.9767294,-0.1392185,0.1428439,0.00310208,0.1063085,-3.140394,0.5006223,-3.574574,61.88182
R,0.2839677,0.9768392,-0.1380291,0.07079034,0.004272751,0.04629103,-2.804097,0.04555884,-2.335691,61.90752
R,0.2879264,0.976595,-0.136127,0.2726595,-0.01681966,0.1310102,13.90405,-1.452772,5.835164,61.92204
R,0.2898588,0.976614,-0.1354151,0.1431843,0.001408811,0.052741,-9.593319,1.350617,-5.799269,61.93553
R,0.291442,0.9766986,-0.1349315,0.1150925,0.006148607,0.0351595,-2.04218,0.3445671,-1.278116,61.94929
R,0.2912689,0.9764648,-0.1347284,-0.01225238,-0.01654461,0.0143753,-9.012605,-1.606072,-1.470965,61.96342
R,0.2911768,0.976313,-0.1345925,-0.006560633,-0.01080849,0.009672265,0.4052301,0.4083893,-0.3348373,61.97746
R,0.2911175,0.9761668,-0.1344549,-0.00423906,-0.01046218,0.009853094,0.1661896,0.02479094,0.01294459,61.99143
R,0.291368,0.9762175,-0.1345617,0.01808497,0.003658747,-0.007713499,1.612152,1.019756,-1.268589,62.00528
R,0.291668,0.9762841,-0.1346817,0.02060143,0.004571274,-0.008241185,0.1727801,0.06265419,-0.03623097,62.01984
R,0.29211,0.9761586,-0.1349564,0.02992438,-0.00849448,-0.01859403,0.6311868,-0.8845839,-0.7009134,62.03461
R,0.292731,0.9760093,-0.1353193,0.02452381,-0.005896449,-0.01433449,-0.213276,0.1025999,0.1682153,62.05994
R,0.3017724,0.973439,-0.1300093,0.6181941,-0.1757385,0.3630673,40.59132,-11.61269,25.80428,62.07456
R,0.3026559,0.9733905,-0.1299175,0.0659038,-0.003623897,0.006848721,-41.20079,12.83973,-26.57387,62.08797
R,0.3028634,0.9734144,-0.1299982,0.01476236,0.001704083,-0.005740683,-3.637119,0.3789197,-0.8953437,62.10203
R,0.303038,0.9734255,-0.130031,0.01174682,0.0007459574,-0.002206791,-0.2029017,-0.06446789,0.2377794,62.11689
R,0.3027633,0.9732402,-0.1303386,-0.0101459,-0.006843917,-0.01135938,-0.8085442,-0.2803099,-0.3380244,62.14397
R,0.3013534,0.9730846,-0.1339301,-0.09328464,-0.0102931,-0.2376335,-5.500839,-0.2282135,-14.97133,62.15908
R,0.3006875,0.973002,-0.1359777,-0.04718328,-0.005853041,-0.1450686,3.266269,0.3145768,6.558196,62.17319
R,0.3002592,0.9729422,-0.1375855,-0.03059009,-0.004270266,-0.1148427,1.185233,0.1130558,2.159006,62.18719
R,0.2984602,0.9726166,-0.1400821,-0.06988529,-0.0126519,-0.09698997,-1.526527,-0.3256067,0.6935362,62.21294
R,0.2976378,0.972357,-0.1400519,-0.06107693,-0.01927673,0.002243051,0.6541243,-0.4919721,7.369218,62.2264
R,0.2973923,0.9722723,-0.1400617,-0.0173902,-0.006000845,-0.0006925676,3.095193,0.9405932,-0.2079878,62.24052
R,0.2972044,0.9722044,-0.1400812,-0.0137405,-0.004958519,-0.00142699,0.2668007,0.07619615,-0.05368782,62.2542
R,0.2969188,0.9723873,-0.1403084,-0.02005878,0.01284499,-0.01595889,-0.4438102,1.250558,-1.020753,62.26843
R,0.2965428,0.9726359,-0.1406302,-0.02553635,0.01687986,-0.02185071,-0.3719978,0.2740198,-0.4001308,62.28316
R,0.2960477,0.9728898,-0.1410822,-0.03394065,0.01740651,-0.03098849,-0.5761343,0.03610344,-0.626416,62.29774
R,0.2955345,0.9731565,-0.1415745,-0.0377239,0.01960793,-0.03619142,-0.2781144,0.1618307,-0.3824777,62.31135
R,0.2955006,0.9731976,-0.1415053,-0.002488977,0.003013893,0.005081843,2.585841,-1.217813,3.028986,62.32497
R,0.2954736,0.9732376,-0.1414311,-0.002010897,0.002986348,0.005530521,0.03564445,-0.002053652,0.0334523,62.33839
R,0.2954498,0.9732786,-0.1413565,-0.001822157,0.003134111,0.00570563,0.01442473,0.01129302,0.01338303,62.35147
R,0.2956814,0.9734216,-0.1413254,0.01635532,0.01009816,0.002193056,1.283706,0.491806,-0.2480604,62.36563
R,0.2959301,0.9735712,-0.1412963,0.01766811,0.01062839,0.002068513,0.09326278,0.03766819,-0.008847782,62.37971
R,0.2962132,0.9740527,-0.1401719,0.02107512,0.0358328,0.08369157,0.2535853,1.875975,6.07524,62.39314
R,0.2965893,0.9746886,-0.1386691,0.02708619,0.04579756,0.1082257,0.4329033,0.717638,1.766885,62.40703
R,0.2969677,0.9753219,-0.1371579,0.02614119,0.04376153,0.1044124,-0.0652943,-0.140678,-0.2634752,62.4215
R,0.2967226,0.975328,-0.13717,-0.01782741,0.0004378815,-0.0008768469,-3.198143,-3.151231,-7.658419,62.43525
R,0.2965099,0.9753309,-0.1371838,-0.01517019,0.0002082767,-0.000984001,0.1894926,-0.01637365,-0.007641403,62.44927
R,0.2965604,0.9755129,-0.1376137,0.003610516,0.01299105,-0.03069364,1.340754,0.9125618,-2.12097,62.46328
R,0.296705,0.9759818,-0.138692,0.01038527,0.03368151,-0.07744328,0.486565,1.485994,-3.357572,62.4772
R,0.296982,0.9763798,-0.1388564,0.01947886,0.02798501,-0.01156053,0.639439,-0.4005639,4.632717,62.49142
R,0.2972514,0.976757,-0.1389907,0.01984744,0.02779388,-0.009890783,0.02715601,-0.01408207,0.1230226,62.505
R,0.2975343,0.9771464,-0.1391147,0.01959319,0.02697625,-0.008593956,-0.01761374,-0.05664308,0.0898402,62.51943
R,0.297001,0.9779961,-0.1395708,-0.03713843,0.05917076,-0.03176578,-3.951077,2.242189,-1.613803,62.53379
R,0.2963556,0.9790331,-0.1401082,-0.04681447,0.07522395,-0.03897495,-0.7018582,1.164429,-0.5229219,62.54758
R,0.295357,0.9788491,-0.1390621,-0.07097767,-0.01308297,0.07435326,-1.717526,-6.276879,8.055399,62.56165
R,0.2952804,0.9788178,-0.1390123,-0.005502997,-0.002247432,0.003579837,4.702408,0.7782115,-5.082967,62.57557
R,0.2945264,0.9780993,-0.1370102,-0.02837667,-0.02703533,0.07534307,-0.8607804,-0.9328164,2.700589,62.60214
R,0.2902767,0.9766585,-0.1321518,-0.2865267,-0.09714586,0.3275714,-17.40547,-4.727123,17.00621,62.61697
R,0.2870306,0.9760739,-0.129564,-0.2309883,-0.0415988,0.1841356,3.951966,3.952586,-10.20653,62.63103
R,0.2846342,0.9756467,-0.1276923,-0.1788711,-0.03188621,0.1397107,3.890151,0.7249709,-3.315976,62.64442
R,0.2833097,0.9757529,-0.1282413,-0.0963961,0.007725743,-0.03995393,6.002313,2.882853,-13.07552,62.65816
R,0.2821684,0.9758172,-0.1285876,-0.08412938,0.004741107,-0.02553123,0.9042875,-0.2200237,1.063224,62.67173
R,0.2810345,0.975857,-0.1288172,-0.08008023,0.002807617,-0.01620904,0.2859539,-0.1365444,0.6583394,62.68589
R,0.2788489,0.9760602,-0.1276624,-0.14959,0.01391155,0.07903476,-4.75759,0.7600079,6.518953,62.7005
R,0.2765631,0.9762406,-0.1264404,-0.1451596,0.01145758,0.07760265,0.2813484,-0.1558371,-0.09094428,62.71625
R,0.2756395,0.977056,-0.1247283,-0.03564856,0.03146855,0.06607929,4.226687,0.7723433,-0.4447558,62.74216
R,0.2737599,0.9778415,-0.1210297,-0.07110051,0.02971456,0.1399103,-1.341056,-0.06634897,2.792835,62.76859
R,0.270959,0.9789011,-0.1144935,-0.1929129,0.07298509,0.4501933,-8.390014,2.980324,21.37121,62.78311
R,0.2691334,0.9798863,-0.1099543,-0.1203023,0.06491956,0.2991232,4.784927,-0.5315058,-9.955281,62.79829
R,0.2676396,0.9806012,-0.1066111,-0.05767213,0.02760033,0.1290742,2.417985,-1.440797,-6.565142,62.82419
R,0.2664044,0.9818978,-0.09659062,-0.0868151,0.09112349,0.7042351,-2.048165,4.464401,40.42225,62.83842
R,0.265585,0.982495,-0.09195635,-0.060165,0.04385504,0.3402929,1.956908,-3.470908,-26.72416,62.85204
R,0.2635525,0.9830739,-0.07655734,-0.1497506,0.04265036,1.134558,-6.600426,-0.0887574,58.51935,62.86561
R,0.2618056,0.983605,-0.06429654,-0.1253958,0.03812551,0.8800919,1.748211,-0.324798,-18.26582,62.87954
R,0.2574989,0.9860395,-0.05163076,-0.3010542,0.1701833,0.8854018,-12.27941,9.23151,0.3711917,62.89384
R,0.2540402,0.9879596,-0.04098729,-0.2275861,0.1263413,0.7003321,4.834139,-2.884771,-12.17744,62.90904
R,0.2511051,0.9895397,-0.03166814,-0.2136031,0.1149969,0.678223,1.017645,-0.8256166,-1.609045,62.92278
R,0.2357814,0.9863072,-0.02573285,-1.09515,-0.2310225,0.4241825,-63.00227,-24.72925,-18.15572,62.93678
R,0.2244032,0.9841855,-0.0196586,-0.818084,-0.1525516,0.4367326,19.92082,5.641987,0.9023438,62.95068
R,0.2198235,0.9978924,0.008425904,-0.3332979,0.9975535,2.043916,35.28144,83.70159,116.9665,62.96442
R,0.215333,1.008278,0.03151435,-0.3169542,0.733054,1.629644,1.153581,-18.66908,-29.24037,62.97859
R,0.222367,1.020191,0.07730703,0.2745566,0.4649996,1.787414,23.0883,-10.4629,6.158209,63.00421
R,0.209482,1.018461,0.1361527,-0.8777846,-0.1179022,4.008844,-78.50294,-39.71003,151.3343,63.01889
R,0.1969914,1.010917,0.1716573,-0.883524,-0.5335942,2.511423,-0.4059802,-29.40399,-105.9201,63.03303
R,0.1864968,1.006037,0.1963013,-0.7383536,-0.3433139,1.733835,10.21351,13.38724,-54.70744,63.04724
R,0.1804025,0.9956962,0.2083481,-0.2015617,-0.3420172,0.3984336,17.75382,0.04288694,-44.16698,63.07748
R,0.1830191,0.9531217,0.2154318,0.10721,-1.7444,0.2902427,12.65124,-57.45956,-4.432884,63.10188
R,0.1888441,0.9420702,0.2057777,0.3854085,-0.7312121,-0.6387635,18.40688,67.03714,-61.46729,63.117
R,0.1875143,0.9463286,0.2033182,-0.09447514,0.3025195,-0.1747269,-34.09176,73.43809,32.96597,63.13107
R,0.1865714,0.9474311,0.2032679,-0.06752903,0.07897028,-0.003598873,1.92999,-16.0115,12.25688,63.14503
R,0.1712975,0.9608616,0.187079,-1.125973,0.990074,-1.193425,-78.02721,67.16546,-87.71255,63.1586
R,0.1596928,0.9701583,0.1776825,-0.4420403,0.3541258,-0.3579265,26.05186,-24.22406,31.8252,63.18485
R,0.1535301,0.9862264,0.1601182,-0.4416348,1.151487,-1.258714,0.02905874,57.14148,-64.5533,63.19881
R,0.1496119,0.9928688,0.1551726,-0.2632334,0.4462495,-0.3322525,11.98535,-47.37926,62.24148,63.21369
R,0.1515823,0.9882613,0.1545115,0.07295694,-0.1705972,-0.02448027,12.44778,-22.83936,11.39557,63.2407
R,0.1544017,0.9848496,0.1547897,0.2079556,-0.2516443,0.02051935,9.957537,-5.978055,3.319184,63.25426
R,0.1568072,0.9836733,0.1555576,0.1703418,-0.08329535,0.0543815,-2.663485,11.92103,2.397828,63.26838
R,0.1581914,0.9829481,0.1561723,0.1010739,-0.05295526,0.04488379,-5.057984,2.215452,-0.6935286,63.28207
R,0.1616012,0.9856771,0.1571449,0.2384866,0.1908685,0.06802274,9.610966,17.05361,1.618393,63.29637
R,0.1644149,0.9883511,0.1580999,0.206148,0.1959151,0.06997515,-2.3693,0.3697476,0.1430448,63.31002
R,0.1663781,0.9906105,0.1589165,0.1373118,0.158026,0.05711484,-4.814571,-2.65006,-0.899481,63.32432
R,0.1687566,0.9900935,0.1605239,0.1741675,-0.03785353,0.117696,2.698743,-14.34319,4.436028,63.33797
R,0.1705564,0.9898669,0.1618765,0.1274396,-0.01605129,0.09578437,-3.308871,1.543848,-1.551592,63.3521
R,0.1738665,0.9913121,0.1612363,0.2500698,0.1091859,-0.04836996,9.264202,9.461144,-10.89026,63.36533
R,0.1766825,0.9927245,0.1607924,0.1932459,0.09691999,-0.03046159,-3.89949,-0.8417355,1.228945,63.37991
R,0.1785389,0.9907958,0.160302,0.1319482,-0.1370916,-0.0348565,-4.357053,-16.6336,-0.3123913,63.39397
R,0.1801935,0.9892741,0.1599432,0.1182514,-0.1087488,-0.02564089,-0.9788825,2.025596,0.6586198,63.40797
R,0.1816666,0.9881051,0.1596896,0.1040863,-0.08260613,-0.01792348,-1.000888,1.847209,0.5453029,63.42212
R,0.1846486,0.9872838,0.1593099,0.200338,-0.05517203,-0.02550475,6.466375,1.843077,-0.5093248,63.437
R,0.1873366,0.9866387,0.1590196,0.1984903,-0.04763644,-0.02143926,-0.136436,0.556453,0.3002095,63.45055
R,0.186593,0.9859143,0.1585626,-0.05405487,-0.05265963,-0.03321937,-18.35918,-0.3651688,-0.8563745,63.4643
R,0.1858572,0.985145,0.1580788,-0.05375993,-0.05621168,-0.03535004,0.02154915,-0.2595171,-0.1556692,63.47799
R,0.1851268,0.9842814,0.1575383,-0.05530243,-0.0653885,-0.04092649,-0.1167991,-0.6948727,-0.4222507,63.4912
R,0.18605,0.9830486,0.1583836,0.07109283,-0.09494345,0.06509805,9.733771,-2.276044,8.16501,63.50418
R,0.1872768,0.9815398,0.1594207,0.08525815,-0.1048515,0.07207197,0.9844521,-0.6885858,0.4846691,63.51857
R,0.1872127,0.9815158,0.159295,-0.004697113,-0.00176524,-0.009213988,-6.594305,7.556894,-5.958788,63.53221
R,0.1871747,0.9814966,0.1591874,-0.002790179,-0.001409314,-0.007900035,0.1400256,0.02613559,0.09648314,63.54583
R,0.1871567,0.98147,0.159078,-0.00134856,-0.001989934,-0.008187286,0.1079131,-0.04346265,-0.02150229,63.55919
R,0.1848449,0.9838054,0.1540095,-0.1629951,0.1646593,-0.3573662,-11.39717,11.74989,-24.61946,63.57337
R,0.1845218,0.9838987,0.1540183,-0.0233825,0.006755591,0.0006427733,10.10453,-11.42835,25.91107,63.58719
R,0.1819869,0.9838611,0.1527082,-0.1832663,-0.002714768,-0.09471849,-11.5589,-0.6846657,-6.894204,63.60102
R,0.1795679,0.983816,0.1514233,-0.1742112,-0.003253778,-0.09253091,0.6521205,-0.03881814,0.1575442,63.61491
R,0.1749449,0.9836902,0.1487619,-0.3245556,-0.008829338,-0.1868462,-10.55487,-0.3914301,-6.621366,63.62915
R,0.1712896,0.9835815,0.1466202,-0.2719078,-0.008082967,-0.1593205,3.916375,0.05552121,2.047588,63.64259
R,0.168506,0.9834919,0.1449647,-0.1883641,-0.006066082,-0.1120219,5.653194,0.1364777,3.200579,63.65737
R,0.1688315,0.9839239,0.1445465,0.02366824,0.03140166,-0.03039747,15.41404,2.723778,5.933817,63.67113
R,0.1689472,0.9841679,0.1442606,0.008163789,0.01722368,-0.0201844,-1.094345,-1.000719,0.720866,63.6853
R,0.1655545,0.9854313,0.1379781,-0.2532389,0.09430613,-0.4689369,-19.51171,5.753616,-33.49595,63.69869
R,0.162272,0.9865538,0.1322161,-0.2357513,0.08062072,-0.4138335,1.255964,-0.9828895,3.957541,63.71262
R,0.1596205,0.9873812,0.127796,-0.1874536,0.05849262,-0.3124831,3.414492,-1.564388,7.165152,63.72676
R,0.161342,0.9846056,0.1167119,0.1222995,-0.1971883,-0.7874333,22.0054,-18.16402,-33.74129,63.74084
R,0.162187,0.9826624,0.1082568,0.06197647,-0.1425268,-0.620162,-4.424544,4.009291,12.26893,63.75447
R,0.160848,0.9712221,0.08584581,-0.09543124,-0.8153888,-1.59731,-11.219,-47.95724,-69.64478,63.7685
R,0.1595843,0.9629972,0.06939644,-0.09051294,-0.5891009,-1.17817,0.3522685,16.20765,30.02052,63.78246
R,0.1594084,0.9548756,0.0488778,-0.01250254,-0.5772819,-1.458471,5.544999,0.840098,-19.92386,63.79653
R,0.1589964,0.948427,0.03256418,-0.02865931,-0.4486423,-1.134957,-1.124045,8.949598,22.50722,63.81091
R,0.1584316,0.9429904,0.01844417,-0.04047635,-0.3895999,-1.011885,-0.8468471,4.231174,8.819736,63.82486
R,0.1553091,0.9337803,0.00110931,-0.180537,-0.5325078,-1.002256,-8.097939,-8.262565,0.5566897,63.84216
R,0.1528011,0.9262279,-0.01390789,-0.1033744,-0.3112913,-0.6189731,3.180459,9.118018,15.79802,63.86642
R,0.154798,0.9057533,-0.04405704,0.1284901,-1.317451,-1.939965,14.91946,-64.74197,-85.00005,63.88196
R,0.1575271,0.8933461,-0.06231219,0.1074847,-0.4886522,-0.7189718,-0.8272916,32.64194,48.08836,63.90735
R,0.1579196,0.8746178,-0.09177809,0.02695087,-1.285883,-2.02313,-5.529453,-54.73787,-89.54353,63.92191
R,0.1566712,0.8661339,-0.1049744,-0.08671482,-0.5892993,-0.9166206,-7.895278,48.38504,76.85871,63.93631
R,0.1557297,0.8582888,-0.1180213,-0.06447047,-0.5372379,-0.8934649,1.523308,3.565198,1.585721,63.95091
R,0.1600729,0.8513936,-0.1144897,0.1645288,-0.2612039,0.133786,8.674968,10.45674,38.9144,63.97731
R,0.1633743,0.8415675,-0.1084534,0.2113907,-0.6291753,0.3865117,3.00063,-23.56167,16.18235,63.99293
R,0.1636642,0.8373228,-0.1042812,0.01153963,-0.1689521,0.1660657,-7.954717,18.31836,-8.77446,64.01805
R,0.1440446,0.8453195,-0.1063133,-1.39155,0.5671757,-0.1441307,-99.51609,52.2109,-22.00112,64.03215
R,0.1369008,0.8465593,-0.1095248,-0.5111046,0.08870088,-0.2297651,62.9922,-34.23289,-6.126788,64.04613
R,0.1313094,0.8461573,-0.1132618,-0.3499899,-0.02516491,-0.2339166,10.08483,-7.127324,-0.2598561,64.0621
R,0.1297761,0.8484176,-0.1175983,-0.05715835,0.08426435,-0.1616566,10.91639,4.079383,2.693758,64.08893
R,0.1272854,0.8547721,-0.1228366,-0.1705699,0.4351571,-0.3587255,-7.766495,24.02937,-13.49541,64.10353
R,0.1253939,0.856571,-0.1264244,-0.06875206,0.06538798,-0.130412,3.700905,-13.44048,8.29881,64.13104
R,0.1043741,0.8711004,-0.1280591,-0.7878491,0.5445806,-0.06126903,-26.95267,17.96075,2.591566,64.15772
R,0.08885516,0.8810213,-0.132734,-1.015018,0.648878,-0.3057635,-14.85805,6.821591,-15.99121,64.17301
R,0.08198284,0.8848872,-0.1357429,-0.2545985,0.1432174,-0.1114711,28.17121,-18.73317,7.197934,64.2
R,0.08369198,0.8842217,-0.1350116,0.1194139,-0.04649187,0.05109463,26.13143,-13.25457,11.35811,64.21432
R,0.0836838,0.8842063,-0.1350976,-0.0006035431,-0.001139965,-0.006345731,-8.862495,3.348938,-4.24159,64.22786
R,0.07863415,0.8971628,-0.1314964,-0.3601024,0.9239578,0.2568104,-25.63669,65.97084,18.76627,64.24188
R,0.07400515,0.90714,-0.1294857,-0.3324561,0.7165625,0.1444082,1.985563,-14.89518,-8.07276,64.25581
R,0.07057762,0.9366745,-0.1103878,-0.2483432,2.139943,1.383747,6.09444,103.1317,89.79694,64.26961
R,0.06705736,0.9598306,-0.09638719,-0.2550626,1.677783,1.014419,-0.4868529,-33.48601,-26.75988,64.28341
R,0.08691064,0.9859837,-0.06956549,1.439275,1.895988,1.944455,122.832,15.81886,67.42348,64.2972
R,0.1009892,1.007395,-0.04880694,0.9942406,1.512081,1.465983,-31.42867,-27.11176,-33.79,64.31136
R,0.1109452,1.025619,-0.03237009,0.7538713,1.379938,1.244605,-18.20086,-10.00594,-16.76284,64.32457
R,0.09612743,1.081725,-0.002337644,-1.076011,4.074169,2.180838,-132.8788,195.6445,67.98555,64.33834
R,0.08603594,1.127747,0.02219345,-0.7153661,3.262431,1.738961,25.56539,-57.54256,-31.32378,64.35245
R,0.07373475,1.17085,0.01643957,-0.9022613,3.16147,-0.4220324,-13.70829,-7.405218,-158.5035,64.36608
R,0.06463497,1.207563,0.0147891,-0.6510516,2.626672,-0.1180846,17.97301,-38.26261,21.7462,64.38006
R,0.05741802,1.240049,0.01610166,-0.51719,2.328057,0.09406235,9.592956,-21.39971,15.20313,64.39401
R,0.05754548,1.268026,0.07437557,0.009230134,2.025941,4.219933,38.12096,-21.87785,298.7768,64.40782
R,0.05684594,1.293352,0.1199869,-0.04607535,1.668138,3.004203,-3.642714,-23.56683,-80.07445,64.423
R,0.06394734,1.306088,0.1698318,0.4812797,0.8631803,3.378115,35.74017,-54.55396,25.341,64.43776
R,0.06856523,1.320273,0.2098901,0.1768777,0.5433135,1.534342,-11.65943,-12.25178,-70.6216,64.46387
R,0.06625036,1.282114,0.2419802,-0.1617346,-2.66612,2.242068,-23.65809,-224.2361,49.44726,64.47818
R,0.06504487,1.276076,0.2626829,-0.08962385,-0.4488443,1.539161,5.361145,164.8456,-52.2583,64.49163
R,0.05446866,1.249866,0.2411504,-0.3699612,-0.9168668,-0.7532177,-9.806346,-16.37167,-80.1886,64.52022
R,0.002323626,1.200973,0.1588813,-1.91075,-1.791585,-3.014586,-56.45912,-32.0523,-82.86333,64.54751
R,-0.02654346,1.156651,0.1050539,-2.104375,-3.230977,-3.923953,-14.11502,-104.9299,-66.29171,64.56123
R,-0.03812225,1.138482,0.0861617,-0.8076931,-1.267413,-1.317847,90.45168,136.9709,181.7922,64.57556
R,-0.04879946,1.122013,0.06889725,-0.3982595,-0.6143106,-0.6439629,15.27185,24.36068,25.13586,64.60237
R,-0.05124288,1.050437,0.02934926,-0.1560737,-4.571904,-2.526137,15.46968,-252.7922,-120.2244,64.61803
R,-0.04543054,1.012027,0.003644047,0.2028313,-1.340393,-0.8970271,12.5246,112.7691,56.85057,64.64668
R,-0.03209408,0.9338976,-0.01917527,0.5290669,-3.099439,-0.9052582,12.94199,-69.7826,-0.3265336,64.67189
R,-0.01718792,0.8762473,-0.03048082,1.088456,-4.209658,-0.8255382,40.84696,-81.06884,5.821205,64.68559
R,-0.01387491,0.8633137,-0.0511425,0.2365156,-0.9233302,-1.475037,-60.82003,234.6108,-46.36773,64.69959
R,-0.01229271,0.8453596,-0.06822257,0.1193229,-1.354017,-1.2881,-8.838139,-32.48041,14.09794,64.71285
R,-0.01134016,0.8263627,-0.08370953,0.06905554,-1.377195,-1.122736,-3.64416,-1.680327,11.98815,64.72665
R,-0.006836803,0.8058725,-0.09180407,0.2844644,-1.294307,-0.5113097,13.60678,5.235798,38.62212,64.74248
R,-0.003613452,0.7853365,-0.1011907,0.2341968,-1.492071,-0.6820012,-3.652261,-14.36876,-12.40181,64.75624
R,0.003802191,0.7811732,-0.1078098,0.2849555,-0.1599787,-0.2543437,1.950468,51.18732,16.43328,64.78226
R,-0.003633193,0.7757847,-0.1319251,-0.4974838,-0.3605355,-1.613499,-52.35114,-13.41877,-90.9378,64.79721
R,-0.01277344,0.7743014,-0.1461348,-0.6600716,-0.1071152,-1.026168,-11.74144,18.301,42.41469,64.81106
R,-0.01940764,0.7685794,-0.1597193,-0.4923888,-0.4246841,-1.008238,12.44537,-23.56987,1.3307,64.82453
R,-0.01940764,0.7685794,-0.1597193,0,0,0,36.69038,31.64537,75.12894,64.83795
R,-0.01940764,0.7685794,-0.1597193,0,0,0,0,0,0,64.85166
R,-0.01940764,0.7685794,-0.1597193,0,0,0,0,0,0,64.86565
R,-0.01940764,0.7685794,-0.1597193,0,0,0,0,0,0,64.87929
R,-0.01940764,0.7685794,-0.1597193,0,0,0,0,0,0,64.89335
R,-0.01940764,0.7685794,-0.1597193,0,0,0,0,0,0,64.90733
R,-0.01940764,0.7685794,-0.1597193,0,0,0,0,0,0,64.92174
R,-0.01940764,0.7685794,-0.1597193,0,0,0,0,0,0,64.93613
R,-0.01940764,0.7685794,-0.1597193,0,0,0,0,0,0,64.94994
R,-0.01940764,0.7685794,-0.1597193,0,0,0,0,0,0,64.96378
R,-0.01940764,0.7685794,-0.1597193,0,0,0,0,0,0,64.97793
R,-0.01940764,0.7685794,-0.1597193,0,0,0,0,0,0,64.99144
R,-0.01940764,0.7685794,-0.1597193,0,0,0,0,0,0,65.00507
R,-0.01940764,0.7685794,-0.1597193,0,0,0,0,0,0,65.0189
R,-0.01940764,0.7685794,-0.1597193,0,0,0,0,0,0,65.0331
R,0.01766908,0.9152908,-0.02259868,2.702848,10.69508,9.995924,197.0343,779.6584,728.6906,65.04682
R,0.01766908,0.9152908,-0.02259868,0,0,0,-194.013,-767.7031,-717.5168,65.06075
R,0.01871568,0.9787851,0.02325065,0.06694981,4.06165,2.932925,4.282697,259.8187,187.6156,65.07639
R,0.01948127,1.028064,0.05849456,0.03007114,1.935592,1.384324,-1.448535,-83.50814,-60.82657,65.10184
R,0.01845889,1.071752,0.111169,-0.07135549,3.049171,3.676329,-7.07891,77.72048,159.9668,65.11617
R,0.01813724,1.09629,0.1406722,-0.02208469,1.684742,2.02569,3.382935,-93.68177,-113.3329,65.13074
R,0.02714229,1.095934,0.1980675,0.6456841,-0.02550602,4.115377,47.88063,-122.6289,149.8356,65.14468
R,0.03377754,1.099106,0.2449782,0.4711242,0.2252082,3.330813,-12.39432,17.80153,-55.7066,65.15877
R,0.03508122,1.090675,0.2631818,0.0893233,-0.5776513,1.247251,-26.15965,-55.00909,-142.7584,65.17336
R,0.03634897,1.087825,0.2808726,0.05000482,-0.1124266,0.6977917,-1.550873,18.35026,-21.67279,65.19872
R,0.048967,1.055433,0.2630304,0.8331844,-2.138885,-1.178141,51.71431,-133.8096,-123.8701,65.21386
R,0.05461465,1.047899,0.263721,0.2097023,-0.2797539,0.02564293,-23.15044,69.03119,44.69754,65.24079
R,0.008146605,1.02398,0.2153102,-3.009219,-1.548913,-3.135029,-208.4538,-82.18934,-204.6816,65.25623
R,-0.01465732,0.9969795,0.1771967,-1.645901,-1.948823,-2.750887,98.39919,-28.86399,27.72589,65.27009
R,-0.03156014,0.9784414,0.153513,-1.265992,-1.388473,-1.773872,28.45448,41.96923,73.1768,65.28344
R,-0.0450003,0.9640398,0.1362184,-0.9679277,-1.037165,-1.245515,21.46589,25.30036,38.05095,65.29733
R,-0.05563902,0.9410645,0.08580624,-0.6097243,-1.316756,-2.88921,20.52927,-16.02386,-94.20303,65.31477
R,-0.06511451,0.9235612,0.0561861,-0.4069368,-0.7516997,-1.272074,8.708964,24.26707,69.44994,65.33806
R,-0.06252927,0.8771994,-0.02392302,0.1818854,-3.261801,-5.636105,41.42679,-176.599,-307.0328,65.35227
R,-0.06422887,0.8603831,-0.04908247,-0.1066393,-1.055121,-1.578602,-18.10317,138.4557,254.5835,65.36821
R,-0.05403965,0.8382092,-0.07896249,0.4020233,-0.8748871,-1.178939,20.06967,7.111275,15.76903,65.39355
R,-0.03686005,0.8076779,-0.1302669,1.188267,-2.11177,-3.548584,54.38231,-85.55186,-163.9019,65.40801
R,-0.03121211,0.7934737,-0.1511242,0.4110417,-1.03374,-1.517941,-56.56436,78.4562,147.7848,65.42175
R,-0.02486188,0.7830333,-0.1624119,0.4545811,-0.7473759,-0.8080295,3.116761,20.49935,50.819,65.43572
R,-0.02036992,0.771759,-0.1763047,0.3172254,-0.7962015,-0.9811159,-9.700153,-3.448099,-12.22349,65.44988
R,-0.01709055,0.7600014,-0.1915549,0.2320911,-0.8321241,-1.07931,-6.025224,-2.542353,-6.949539,65.46401
R,-0.01078046,0.7659048,-0.2078721,0.4519545,0.422827,-1.1687,15.7475,89.88467,-6.402433,65.47797
R,-0.01078046,0.7659048,-0.2078721,0,0,0,-31.90015,-29.84426,82.48994,65.49214
R,-0.01078046,0.7659048,-0.2078721,0,0,0,0,0,0,65.50591
R,-0.01078046,0.7659048,-0.2078721,0,0,0,0,0,0,65.52023
R,-0.01078046,0.7659048,-0.2078721,0,0,0,0,0,0,65.5465
R,-0.01078046,0.7659048,-0.2078721,0,0,0,0,0,0,65.56273
R,-0.01078046,0.7659048,-0.2078721,0,0,0,0,0,0,65.58825
R,-0.01238635,1.030749,0.0351671,-0.1112515,18.34759,16.83701,-7.707163,1271.065,1166.417,65.60268
R,-0.01238635,1.030749,0.0351671,0,0,0,7.91637,-1305.568,-1198.079,65.61674
R,-0.01238597,1.030749,0.03516841,1.361515E-05,1.704391E-05,4.687074E-05,0.0004866553,0.0006092116,0.001675332,65.64471
R,0.02745558,1.051863,0.1336506,2.810609,1.489454,6.947392,198.2725,105.0719,490.0982,65.65889
R,0.04893866,1.04619,0.1777869,1.511449,-0.3991546,3.105227,-91.40282,-132.8737,-270.3169,65.6731
R,0.06229611,1.04226,0.2010849,0.4976657,-0.14639,0.8680269,-37.77108,9.417386,-83.35253,65.69994
R,0.05588758,0.9854867,0.1817596,-0.225256,-1.995559,-0.6792732,-25.41024,-64.99711,-54.38662,65.72839
R,0.04571307,0.9462137,0.1618202,-0.3766149,-1.453714,-0.7380672,-5.60263,20.05666,-2.176292,65.75541
R,0.03537491,0.8943918,0.1391401,-0.6913487,-3.465505,-1.516698,-21.04735,-134.5355,-52.06976,65.77036
R,0.02941395,0.8726478,0.1276386,-0.1988584,-0.7253833,-0.3836914,16.42955,91.41087,37.79727,65.80034
R,8.572661E-05,0.859861,-0.01325046,-1.195679,-0.5213064,-5.743891,-40.63929,8.319992,-218.5294,65.82487
R,-0.01769652,0.8731489,-0.09937788,-0.6411981,0.4791394,-3.10561,19.99366,36.0744,95.13197,65.8526
R,-0.03435532,0.8793001,-0.1882384,-0.6051835,0.2234639,-3.228141,1.308343,-9.288221,-4.451315,65.88013
R,-0.05056319,0.8651477,-0.254203,-1.150811,-1.004871,-4.6837,-38.74132,-87.21578,-103.3494,65.89421
R,-0.05775968,0.8586335,-0.2820584,-0.4792979,-0.4338518,-1.855213,44.72386,38.03082,188.3818,65.90923
R,-0.09029396,0.8448858,-0.3095856,-1.241798,-0.5247343,-1.050685,-29.10378,-3.468884,30.70795,65.93542
R,-0.09029396,0.8448858,-0.3095856,0,0,0,85.26188,36.02827,72.14004,65.94999
R,-0.09029396,0.8448858,-0.3095856,0,0,0,0,0,0,65.96411
R,-0.09029396,0.8448858,-0.3095856,0,0,0,0,0,0,65.97901
R,-0.09029396,0.8448858,-0.3095856,0,0,0,0,0,0,66.00442
R,-0.02032906,1.05587,0.04617226,4.626862,13.95265,23.52669,305.9798,922.7053,1555.848,66.01954
R,-0.02032906,1.05587,0.04617226,0,0,0,-320.5349,-966.5972,-1629.857,66.03397
R,-0.02032906,1.05587,0.04617226,0,0,0,0,0,0,66.06026
R,-0.01818089,1.089189,0.1242274,0.1414185,2.193449,5.138544,9.309896,144.3996,338.2819,66.07545
R,-0.01041488,1.069463,0.1531826,0.5249651,-1.333435,1.957309,25.92688,-238.4094,-215.0443,66.09024
R,-0.004580784,1.053855,0.1652823,0.2297735,-0.614732,0.4765396,-11.62601,28.30586,-58.31952,66.11563
R,-0.005967883,0.9774921,0.1603874,-0.09333156,-5.138083,-0.3293562,-21.74026,-304.3556,-54.22504,66.13049
R,-0.005991473,0.9553136,0.1619237,-0.001627358,-1.529988,0.1059838,6.326239,248.9054,30.03204,66.14499
R,-0.01404706,0.9344444,0.1327486,-0.3057809,-0.7921712,-1.107454,-11.54533,28.00669,-46.06072,66.17133
R,-0.0162719,0.9049128,0.09032453,-0.1578003,-2.094574,-3.008986,10.49573,-92.37478,-134.8689,66.18543
R,-0.01322784,0.8927579,0.07522339,0.1953927,-0.7801979,-0.9693129,22.67077,84.36727,130.9227,66.20101
R,-0.01127238,0.8805646,0.06240103,0.07465921,-0.465539,-0.4895578,-4.609606,12.01368,18.31706,66.2272
R,-0.04488913,0.9237227,-0.06175239,-2.135828,2.742036,-7.888045,-140.4426,203.7922,-470.0604,66.24294
R,-0.04488913,0.9237227,-0.06175239,0,0,0,84.24535,-108.1565,311.1351,66.2683
R,-0.04488913,0.9237227,-0.06175239,0,0,0,0,0,0,66.28316
R,-0.04488913,0.9237227,-0.06175239,0,0,0,0,0,0,66.31071
R,-0.04488913,0.9237227,-0.06175239,0,0,0,0,0,0,66.32545
R,-0.04488913,0.9237227,-0.06175239,0,0,0,0,0,0,66.33981
R,-0.06166545,1.070338,0.002009392,-0.6405202,5.597764,2.434426,-24.45507,213.7227,92.94643,66.366
R,-0.05703212,1.096052,0.04715093,0.3065622,1.70135,2.98677,62.66329,-257.8045,36.54562,66.38111
R,-0.05249235,1.1308,0.1306971,0.3128479,2.394609,5.757392,0.4331584,47.77436,190.9311,66.39562
R,-0.04935942,1.152002,0.1771781,0.1217069,0.8236561,1.805681,-7.425377,-61.02785,-153.5147,66.42136
R,-0.03587813,1.155312,0.2037618,0.9434167,0.2315887,1.860318,57.50302,-41.4327,3.82347,66.43565
R,-0.02976257,1.15969,0.2223165,0.381341,0.2730361,1.156996,-35.04871,2.584488,-43.85622,66.45169
R,-0.01594246,1.141044,0.2491618,0.534345,-0.720967,1.037953,5.915791,-38.43244,-4.602724,66.47755
R,-0.01320748,1.08522,0.2520332,0.1911891,-3.902375,0.200724,-23.98834,-222.3965,-58.52655,66.49186
R,-0.01098287,1.069511,0.259224,0.1555115,-1.098142,0.5026771,-2.494041,196.0301,21.10806,66.50616
R,-0.008656558,1.056479,0.2679967,0.1644627,-0.9213188,0.6202025,0.6328231,12.50083,8.308682,66.52031
R,-0.01764688,1.025707,0.2606294,-0.6635022,-2.271,-0.5437232,-61.1053,-99.60893,-85.89981,66.53386
R,-0.02337001,1.00333,0.2586669,-0.3985872,-1.558432,-0.1366752,18.45002,49.62688,28.34888,66.54822
R,-0.04372794,0.9840601,0.1939927,-0.7678719,-0.7268413,-2.439418,-13.92889,31.3664,-86.85613,66.57473
R,-0.0671538,0.9546365,0.1554191,-1.631496,-2.049208,-2.686461,-60.14714,-92.09631,-17.20537,66.58909
R,-0.07523848,0.9420422,0.1472952,-0.2637319,-0.4108407,-0.265012,44.61811,53.44551,78.99059,66.61974
R,-0.06465942,0.9289511,0.02188192,0.4083092,-0.5052636,-4.84045,25.9381,-3.644346,-176.5936,66.64565
R,-0.06465942,0.9289511,0.02188192,0,0,0,-28.34635,35.07728,336.0421,66.66006
R,-0.06465942,0.9289511,0.02188192,0,0,0,0,0,0,66.68579
R,-0.06465942,0.9289511,0.02188192,0,0,0,0,0,0,66.70102
R,-0.06465942,0.9289511,0.02188192,0,0,0,0,0,0,66.71564
R,-0.06465942,0.9289511,0.02188192,0,0,0,0,0,0,66.74197
R,-0.06465942,0.9289511,0.02188192,0,0,0,0,0,0,66.76929
R,-0.06383303,1.06022,0.01011586,0.05242855,8.328019,-0.7464669,3.326193,528.3495,-47.35765,66.78506
R,-0.06383303,1.06022,0.01011586,0,0,0,-2.00114,-317.8713,28.49182,66.81126
R,-0.05712198,1.087846,0.05744188,0.4693863,1.932214,3.310094,32.82999,135.1436,231.5158,66.82555
R,-0.05040104,1.126408,0.1497554,0.2473128,1.418962,3.396887,-8.171705,-18.88627,3.193764,66.85273
R,-0.03246514,1.128878,0.1959322,1.259857,0.173533,3.243567,71.12339,-87.48174,-10.76956,66.86697
R,-0.02430389,1.13185,0.2225516,0.5435522,0.1979484,1.772895,-47.7071,1.62611,-97.94917,66.88198
R,-0.006811443,1.109269,0.2430411,0.6526531,-0.8425046,0.7644736,4.070617,-38.81989,-37.62476,66.90878
R,0.01006492,1.068886,0.2519072,0.6165047,-1.475217,0.3238845,-1.320524,-23.11339,-16.09501,66.93616
R,0.003769294,1.017491,0.2330249,-0.4054942,-3.310296,-1.21619,-65.82577,-118.1954,-99.19444,66.95168
R,-0.003155678,0.9971387,0.2252536,-0.514844,-1.51313,-0.5777583,-8.129724,133.6121,47.46487,66.96513
R,-0.007221344,0.9772071,0.2218046,-0.2972086,-1.457038,-0.252135,15.9096,4.100469,23.80373,66.97881
R,-0.02743082,0.9454325,0.2281396,-1.438836,-2.26223,0.4510329,-81.27938,-57.32655,50.06281,66.99286
R,-0.041279,0.9207571,0.2343978,-1.027808,-1.831399,0.4644799,30.50637,31.97619,0.9980314,67.00633
R,-0.05183236,0.8988564,0.2405355,-0.755874,-1.568618,0.4396026,19.47699,18.82143,-1.781816,67.02029
R,-0.06022071,0.8765321,0.1893753,-0.5978673,-1.591133,-3.646361,11.26169,-1.604753,-291.221,67.03432
R,-0.06726244,0.8563702,0.03491868,-0.2650701,-0.7589478,-5.814171,12.5274,31.32573,-81.60229,67.06089
R,-0.0503605,0.9129775,-0.0456658,0.5514988,1.847058,-2.629417,26.64409,85.03221,103.9164,67.09154
R,-0.03492347,0.9444771,-0.1042106,0.5991598,1.2226,-2.272308,1.849876,-24.2372,13.86052,67.1173
R,-0.02642012,0.9635045,-0.1456675,0.2974515,0.6655867,-1.450183,-10.55391,-19.4846,28.75837,67.14589
R,-0.02642012,0.9635045,-0.1456675,0,0,0,-19.70064,-44.08276,96.0477,67.16099
R,-0.02642012,0.9635045,-0.1456675,0,0,0,0,0,0,67.17584
R,-0.02642012,0.9635045,-0.1456675,0,0,0,0,0,0,67.19131
R,-0.02642012,0.9635045,-0.1456675,0,0,0,0,0,0,67.20644
R,-0.0214856,1.064371,0.0196887,0.326986,6.683886,10.95731,21.6677,442.9071,726.0854,67.22153
R,-0.0214856,1.064371,0.0196887,0,0,0,-19.08224,-390.058,-639.4466,67.23867
R,-0.0214856,1.064371,0.0196887,0,0,0,0,0,0,67.26441
R,0.0009850032,1.116229,0.1440965,1.432523,3.305995,7.93112,91.32471,210.7604,505.6166,67.2801
R,0.01945175,1.117596,0.2213662,1.234306,0.09141541,5.164659,-13.24871,-214.8604,-184.9085,67.29506
R,0.03254606,1.114366,0.2514209,0.4838731,-0.1193835,1.110606,-27.73067,-7.789633,-149.8091,67.32212
R,0.04156113,1.066679,0.2607546,0.6116061,-3.235208,0.633225,8.665747,-211.3858,-32.38678,67.33686
R,0.04679107,1.053064,0.2707499,0.3568446,-0.928927,0.6819894,-17.38266,157.3602,3.327251,67.35152
R,0.0401784,1.013469,0.2749726,-0.2497078,-1.495215,0.1594608,-22.90465,-21.38418,-19.73174,67.378
R,0.03611974,0.9441699,0.2703182,-0.2510508,-4.286508,-0.287903,-0.08306911,-172.6571,-27.67195,67.39417
R,0.03640446,0.9211612,0.2650089,0.01094701,-0.8846551,-0.2041368,10.0735,130.7972,3.22071,67.42017
R,0.04396666,0.9050341,0.2616478,0.5255532,-1.120791,-0.2335859,35.76377,-16.41084,-2.046633,67.43456
R,0.04781076,0.8942818,0.2633522,0.2530653,-0.7078494,0.1122041,-17.93849,27.18489,22.76413,67.44975
R,-0.02360985,0.8577096,0.1843666,-2.612682,-1.337869,-2.889422,-104.8337,-23.04716,-109.8044,67.47709
R,-0.03377135,0.8683549,0.0003259629,-0.316664,0.3317396,-5.735277,71.55105,52.03019,-88.68565,67.50918
R,-0.005036697,0.9226315,-0.08213283,1.10255,2.082594,-3.163946,54.45526,67.18032,98.66204,67.53524
R,-0.007956292,0.9266641,-0.08067101,-0.1140957,0.1575893,0.05712687,-47.54565,-75.22785,125.8773,67.56083
R,-0.0168508,0.9276549,-0.08406311,-0.3351988,0.03733962,-0.1278345,-8.332497,-4.531734,-6.970459,67.58736
R,-0.02216008,0.9234737,-0.07861324,-0.3609429,-0.2842486,0.3705001,-1.750174,-21.86266,33.87848,67.60207
R,-0.02448595,0.9216958,-0.07861541,-0.1578745,-0.1206791,-0.0001471671,13.78383,11.10274,-25.15872,67.61681
R,0.01389967,1.028273,-0.02361028,1.481968,4.114677,2.123603,63.30999,163.5159,81.99239,67.64271
R,0.05388867,1.120802,0.0608776,2.479394,5.736947,5.238409,61.8423,100.5838,193.1238,67.65884
R,0.06871212,1.144296,0.1580453,0.5664545,0.8977861,3.71311,-73.09993,-184.9209,-58.28684,67.68501
R,0.100173,1.111692,0.2072514,2.011529,-2.084596,3.146114,92.39455,-190.6862,-36.25238,67.70065
R,0.1164079,1.104208,0.2359115,0.6134167,-0.2827769,1.082889,-52.826,68.07957,-77.95649,67.72711
R,0.09880818,1.014788,0.2455487,-1.179359,-5.992068,0.6457904,-120.1343,-382.5809,-29.29006,67.74203
R,0.09540838,0.9903839,0.2557482,-0.1298043,-0.9317515,0.3894166,40.07204,193.203,-9.788356,67.76823
R,0.04125521,0.9268339,0.2022952,-3.805879,-4.466283,-3.756669,-258.3542,-248.4065,-291.3864,67.78246
R,0.01931454,0.8908588,0.156284,-1.546133,-2.535123,-3.242357,159.2417,136.0866,36.24291,67.79665
R,0.002589409,0.8616171,0.1295619,-1.141175,-1.995197,-1.82328,27.63074,36.83973,96.82524,67.8113
R,-0.01084318,0.8358139,0.1090741,-0.458499,-0.8807495,-0.6993169,23.302,38.03981,38.36462,67.8406
R,-0.04020896,0.808872,-0.008747458,-1.164961,-1.068802,-4.674062,-28.02585,-7.460155,-157.6809,67.86581
R,-0.03763545,0.8042191,-0.04695399,0.09338744,-0.1688447,-1.386436,45.66287,32.65757,119.3011,67.89336
R,-0.01977893,0.8093621,-0.05836843,1.229249,0.3540408,-0.7857741,78.19307,35.99562,41.34977,67.90789
R,-0.01977893,0.8093621,-0.05836843,0,0,0,-83.22319,-23.96944,53.19885,67.92266
R,-0.01977893,0.8093621,-0.05836843,0,0,0,0,0,0,67.93682
R,-0.01977893,0.8093621,-0.05836843,0,0,0,0,0,0,67.96268
R,-0.01977893,0.8093621,-0.05836843,0,0,0,0,0,0,67.97738
R,0.05488992,1.049647,-0.002398789,5.164641,16.61986,3.871268,357.2242,1149.551,267.7651,67.99184
R,0.05488992,1.049647,-0.002398789,0,0,0,-195.365,-628.6865,-146.4401,68.01827
R,0.09837105,1.101061,0.09593555,2.774664,3.28087,6.275014,177.0598,209.3623,400.4278,68.03394
R,0.1200564,1.127904,0.1635526,0.7452381,0.9224854,2.32373,-69.74328,-81.04829,-135.7899,68.06304
R,0.1162492,1.068053,0.1877161,-0.1482944,-2.331273,0.9412037,-34.80449,-126.739,-53.85155,68.08871
R,0.1060146,1.028648,0.2052449,-0.3745025,-1.441928,0.6414135,-8.277369,32.5428,-10.96988,68.11604
R,0.05376578,0.9689266,0.1909115,-3.615819,-4.132915,-0.9919286,-224.3114,-186.2266,-113.0335,68.13049
R,0.03379645,0.9467653,0.1782949,-1.319929,-1.464814,-0.8339312,151.7534,176.3557,10.44329,68.14562
R,0.01213538,0.9231417,0.1703814,-0.8452398,-0.9218192,-0.3087915,18.52292,21.18828,20.49155,68.17125
R,-0.0412956,0.8483678,0.1007039,-3.434676,-4.806653,-4.479043,-166.4554,-249.7268,-268.0742,68.18681
R,-0.04490644,0.8263151,0.026973,-0.2130933,-1.301437,-4.35122,190.1213,206.8598,7.543477,68.20375
R,-0.051683,0.803214,-0.0109118,-0.2924655,-0.9970057,-1.635047,-3.425575,13.13877,117.2256,68.22692
R,-0.03342324,0.8192934,-0.130108,1.233682,1.086372,-8.053242,103.1109,140.759,-433.6318,68.24172
R,-0.0292435,0.8193408,-0.1740999,0.1520952,0.001724302,-1.600807,-39.35751,-39.46891,234.7955,68.2692
R,-0.04088442,0.8034628,-0.2731232,-0.8296887,-1.131683,-7.057738,-69.9752,-80.78189,-388.9347,68.28323
R,-0.04624745,0.7949009,-0.3053855,-0.352529,-0.5628017,-2.120702,31.36523,37.39436,324.5271,68.29845
R,-0.01251075,0.7717338,-0.3523447,1.346509,-0.9246513,-1.874249,67.81252,-14.44225,9.83649,68.3235
R,-0.01251075,0.7717338,-0.3523447,0,0,0,-89.49778,61.45836,124.5749,68.33855
R,-0.01251075,0.7717338,-0.3523447,0,0,0,0,0,0,68.35345
R,0.08121288,1.07154,0.03209591,3.621623,11.58496,14.85536,139.945,447.6605,574.0337,68.37933
R,0.1045992,1.082746,0.08059936,1.242519,0.5953904,2.576994,-126.4021,-583.8773,-652.3513,68.39816
R,0.1347675,1.094713,0.1752625,1.303733,0.5171293,4.090894,2.645411,-3.382076,65.42365,68.4213
R,0.1221253,1.036642,0.1593546,-0.8449985,-3.881414,-1.063275,-143.6199,-293.9958,-344.5014,68.43626
R,0.1191699,1.019969,0.1573789,-0.2042025,-1.151983,-0.1365067,44.27539,188.5883,64.03445,68.45073
R,0.1179499,1.005759,0.1586332,-0.0472109,-0.549929,0.0485398,6.075346,23.29864,7.16103,68.47657
R,0.06262234,0.9478801,0.1459686,-3.63686,-3.804543,-0.8324867,-235.9591,-213.9362,-57.91269,68.49178
R,0.05832054,0.932876,0.1410399,-0.3376319,-1.177615,-0.3868345,258.944,206.1776,34.97756,68.50452
R,0.0541833,0.9191051,0.1388696,-0.2729121,-0.9083968,-0.1431649,4.269223,17.75892,16.07361,68.51968
R,0.03165889,0.921258,0.04070545,-1.623046,0.1551333,-7.073427,-97.2868,76.63497,-499.3751,68.53356
R,0.01591735,0.9203357,-0.002840646,-1.217271,-0.0713219,-3.367359,31.37795,-17.51147,286.5851,68.54649
R,0.01591735,0.9203357,-0.002840646,0,0,0,70.53501,4.132761,195.1223,68.56375
R,0.01591735,0.9203357,-0.002840646,0,0,0,0,0,0,68.58817
R,0.01591735,0.9203357,-0.002840646,0,0,0,0,0,0,68.60277
R,0.0571188,1.062215,-0.01315489,1.494288,5.145653,-0.3740756,54.19462,186.6218,-13.56692,68.63034
R,0.0571188,1.062215,-0.01315489,0,0,0,-99.62327,-343.0575,24.93939,68.64534
R,0.0571188,1.062215,-0.01315489,0,0,0,0,0,0,68.67164
R,0.09574877,1.107081,0.08107841,1.382284,1.605434,3.371921,49.46186,57.44674,120.6564,68.69958
R,0.1067623,1.109568,0.08912831,0.7605739,0.1717104,0.5559095,-42.93406,-99.00999,-194.468,68.71407
R,0.1110798,1.110514,0.09164052,0.1569327,0.03439147,0.09131482,-21.94134,-4.99131,-16.88723,68.74158
R,0.1110798,1.110514,0.09164052,0,0,0,-9.96101,-2.182934,-5.796037,68.75733
R,0.1110798,1.110514,0.09164052,0,0,0,0,0,0,68.78262
R,0.1110798,1.110514,0.09164052,0,0,0,0,0,0,68.81118
R,0.1110798,1.110514,0.09164052,0,0,0,0,0,0,68.82588
R,0.1110798,1.110514,0.09164052,0,0,0,0,0,0,68.85187
R,0.1110798,1.110514,0.09164052,0,0,0,0,0,0,68.86636
R,0.1110798,1.110514,0.09164052,0,0,0,0,0,0,68.882
R,0.1110798,1.110514,0.09164052,0,0,0,0,0,0,68.9078
R,-0.03067886,1.113888,0.04999852,-5.039488,0.1199442,-1.480364,-179.1526,4.26399,-52.62658,68.93593
R,-0.0160848,1.135173,0.1495195,0.4756025,0.6936498,3.243265,179.73,18.69635,153.9372,68.96661
R,-0.0804229,0.8741829,0.1431822,-2.567882,-10.4167,-0.2529339,-121.4725,-443.4395,-139.5414,68.99167
R,-0.1274518,0.8653684,0.1537385,-3.37024,-0.6316805,0.7564926,-57.49956,701.2257,72.33874,69.00562
R,-0.1466814,0.8671871,0.1596885,-1.259606,0.1191318,0.3897436,138.2534,49.18065,-24.02325,69.02089
R,-0.1641697,0.8294474,0.1649863,-0.6761702,-1.459177,0.2048356,22.55812,-61.02421,-7.149341,69.04675
R,-0.1641697,0.8294474,0.1649863,0,0,0,43.98361,94.91673,-13.32417,69.06213
R,-0.1641697,0.8294474,0.1649863,0,0,0,0,0,0,69.08771
R,-0.1641697,0.8294474,0.1649863,0,0,0,0,0,0,69.10363
R,-0.1641697,0.8294474,0.1649863,0,0,0,0,0,0,69.13065
R,-0.1641697,0.8294474,0.1649863,0,0,0,0,0,0,69.1451
R,-0.1641697,0.8294474,0.1649863,0,0,0,0,0,0,69.17128
R,-0.06839278,1.132567,0.09073234,6.565726,20.77951,-5.090277,450.0956,1424.484,-348.9502,69.18587
R,-0.06839282,1.132567,0.0907323,-2.523417E-06,8.074935E-06,-2.523417E-06,-444.7458,-1407.551,344.8023,69.20063
R,-0.08003939,1.171314,0.0793303,-0.3936408,1.309607,-0.3853748,-13.30453,44.26296,-13.02514,69.23022
R,-0.0759776,1.056245,0.1926095,0.1619181,-4.587078,4.515734,22.14666,-235.064,195.3766,69.2553
R,-0.09028378,0.8886386,0.1160999,-0.5201497,-6.093895,-2.781766,-24.79889,-54.78545,-265.3254,69.28281
R,-0.1038151,0.8812928,0.1194885,-0.881936,-0.4787808,0.2208595,-23.58033,365.9793,195.7037,69.29815
R,-0.106718,0.9107439,0.1122035,-0.1109965,1.126085,-0.2785459,29.47741,61.36317,-19.09512,69.3243
R,-0.106718,0.9107439,0.1122035,0,0,0,7.460788,-75.69138,18.72286,69.33918
R,-0.106718,0.9107439,0.1122035,0,0,0,0,0,0,69.36567
R,-0.1187711,1.084012,0.08509481,-0.4236592,6.090274,-0.9528537,-14.89135,214.0693,-33.49221,69.39412
R,-0.1187711,1.084012,0.08509481,0,0,0,15.17209,-218.105,34.12362,69.42204
R,-0.09987013,1.101208,0.1332747,0.674855,0.6139761,1.72025,24.0955,21.92184,61.42104,69.45005
R,-0.07644777,1.113038,0.1954626,0.8455014,0.4270475,2.244859,6.160002,-6.747759,18.93735,69.47775
R,-0.0715815,1.10482,0.167022,0.3151344,-0.5322459,-1.841782,-34.34598,-62.12278,-264.6464,69.49319
R,-0.06307389,1.090618,0.1024258,0.3321744,-0.5544943,-2.522116,0.6653146,-0.8686769,-26.56322,69.51881
R,-0.05229437,0.9184383,0.04631341,0.690226,-11.02488,-3.592949,22.9265,-670.4321,-68.56674,69.53442
R,-0.04662956,0.8343508,0.02791698,0.2131167,-3.163464,-0.6920944,-17.94939,295.7553,109.1334,69.561
R,-0.03604487,0.8390948,-0.03713068,0.3855911,0.1728174,-2.369629,6.283094,121.5378,-61.11113,69.58846
R,-0.02684685,0.8314869,-0.05467119,0.3271647,-0.2706029,-0.6238995,-2.078175,-15.77204,62.09397,69.61657
R,-0.02237331,0.8118767,-0.05732115,0.2931783,-1.285176,-0.1736682,-2.227328,-66.49104,29.50636,69.63183
R,-0.0191867,0.8005703,-0.06210826,0.1227014,-0.4353564,-0.184329,-6.564264,32.72254,-0.4104988,69.6578
R,-0.006490204,0.8000146,-0.06361713,0.8791096,-0.03848059,-0.1044746,52.37398,27.47982,5.529147,69.67224
R,9.010609E-05,0.7953664,-0.06699078,0.4592622,-0.3244101,-0.2354582,-29.30258,-19.95599,-9.141785,69.68657
R,0.0006059052,0.794129,-0.06359987,0.03720794,-0.08926114,0.2446082,-30.44551,16.96282,34.6303,69.70043
R,0.00190522,0.7911991,-0.06214806,0.04799996,-0.1082366,0.05363332,0.3986843,-0.7010007,-7.05509,69.7275
R,0.01269992,0.7885189,-0.06765,0.3880644,-0.09635345,-0.1977919,12.22516,0.4271936,-9.038621,69.75532
R,0.03423184,0.8030539,-0.09429367,0.7617361,0.5142059,-0.9425747,13.21941,21.59979,-26.34822,69.78358
R,0.05669991,0.813936,-0.1234242,1.487341,0.7203717,-1.928384,48.03356,13.64776,-65.25861,69.79869
R,0.06780539,0.8171566,-0.1360013,0.4296391,0.1245965,-0.4865691,-40.91944,-23.04883,55.7797,69.82454
R,0.05889544,0.8442492,-0.1304286,-0.6001257,1.824809,0.3753473,-69.35937,114.5171,58.05401,69.83939
R,0.05830751,0.8564001,-0.1316906,-0.02192958,0.4532295,-0.04707565,21.56668,-51.15983,-15.75635,69.8662
R,0.04767312,0.8241507,-0.1304258,-0.7386704,-2.240064,0.08785336,-49.78519,-187.0775,9.372239,69.88059
R,0.04042919,0.8166082,-0.129524,-0.2649209,-0.2758397,0.03298078,17.3257,71.83448,-2.006769,69.90794
R,0.04354603,0.8132427,-0.1307573,0.19774,-0.2135165,-0.07824411,29.35232,3.953933,-7.056374,69.9237
R,0.05555873,0.8156701,-0.1323983,0.464737,0.09391142,-0.06348463,10.32935,11.8935,0.5710019,69.94955
R,0.06249835,0.8222706,-0.1209666,0.4887637,0.4648752,0.8051462,1.692229,26.12733,61.17849,69.96375
R,0.06592788,0.8248124,-0.1173405,0.241935,0.1793133,0.2557989,-17.41246,-20.14487,-38.75352,69.97792
R,0.06829808,0.8335274,-0.1134259,0.1675658,0.6161256,0.2767543,-5.257667,30.88126,1.481482,69.99207
R,0.07070222,0.8402796,-0.1106484,0.1744824,0.4900419,0.2015769,0.5019791,-9.150633,-5.456069,70.00584
R,0.07313609,0.845688,-0.1086003,0.1611989,0.3582104,0.1356504,-0.8797826,-8.731386,-4.366406,70.02094
R,0.07746087,0.8603952,-0.1027088,0.170586,0.5801069,0.2323843,0.3702638,8.752458,3.815559,70.0463
R,0.08056577,0.8935254,-0.09067684,0.2081662,2.221196,0.8066746,2.51954,110.026,38.50301,70.06121
R,0.08268523,0.9103948,-0.08532425,0.1443881,1.149229,0.3646441,-4.344863,-73.02744,-30.11321,70.07589
R,0.07745173,0.9151295,-0.05923842,-0.1984855,0.1795654,0.9893293,-13.0038,-36.7754,23.69176,70.10226
R,0.06471517,0.9355775,-0.01137567,-0.9033583,1.450305,3.394733,-49.9941,90.12901,170.6066,70.11636
R,0.05750051,0.9548326,0.03023176,-0.5133768,1.370144,2.960678,27.75008,-5.704092,-30.88623,70.13041
R,0.05225536,0.9689859,0.05640941,-0.4013378,1.08295,2.003011,8.572783,-21.97491,-73.27692,70.14348
R,0.04963678,0.9917936,0.08884252,-0.1922819,1.674764,2.381553,15.35091,43.45668,27.79625,70.1571
R,0.04725266,1.011638,0.1171263,-0.1697399,1.412866,2.013698,1.604898,-18.64611,-26.18986,70.17114
R,0.04501586,1.029301,0.1424076,-0.1583912,1.250701,1.7902,0.8036197,-11.48315,-15.82621,70.18526
R,0.0395491,1.046271,0.1766321,-0.3864828,1.199737,2.419567,-16.12536,-3.602962,44.49427,70.19941
R,0.03504812,1.062218,0.2072335,-0.2973549,1.053522,2.021666,5.888189,-9.659636,-26.28716,70.21455
R,0.03042058,1.050936,0.2476577,-0.2888288,-0.7041816,2.52309,0.5321577,-109.7075,31.2965,70.23057
R,0.02637741,1.046189,0.2835002,-0.1685046,-0.197814,1.493782,5.014669,21.10353,-42.89776,70.25456
R,0.0376743,1.005817,0.2964315,0.8272102,-2.956198,0.9468881,72.9108,-201.9815,-40.04605,70.26822
R,0.04132065,0.9960734,0.3103077,0.2534118,-0.6771855,0.9643612,-39.87747,158.3853,1.214334,70.28261
R,0.04205741,0.992259,0.2862577,0.05268349,-0.2727513,-1.719741,-14.35344,28.91981,-191.9316,70.29659
R,0.04246582,0.9897692,0.2748676,0.02839854,-0.1731267,-0.7919989,-1.688635,6.927322,64.50982,70.31097
R,0.03378066,0.9887707,0.2332781,-0.3039739,-0.03494659,-1.455601,-11.63277,4.836192,-23.22555,70.33955
R,0.01744561,0.9785854,0.157064,-1.111665,-0.6931505,-5.186673,-54.9666,-44.7934,-253.9143,70.35424
R,0.00914392,0.9710383,0.1355462,-0.3118715,-0.283525,-0.808362,30.04601,15.38849,164.4809,70.38086
R,0.008023715,0.9258407,0.06311446,-0.07141416,-2.881391,-4.617596,15.32939,-165.6165,-242.8424,70.39655
R,0.006474521,0.9109496,0.04039052,-0.05359091,-0.5151219,-0.7860842,0.6165554,81.8558,132.5426,70.42545
R,0.01729384,0.8545208,-0.02286206,0.4344699,-2.266006,-2.540025,19.59899,-70.30999,-70.43276,70.45036
R,0.02307539,0.8116098,-0.07046586,0.3930496,-2.917235,-3.236269,-2.815898,-44.27282,-47.33302,70.46507
R,0.02487861,0.7929813,-0.09166247,0.06791691,-0.7016299,-0.798357,-12.24592,83.44938,91.8224,70.49162
R,0.02586616,0.7714503,-0.127397,0.06527493,-1.423155,-2.361973,-0.1746289,-47.69127,-103.3516,70.50674
R,0.02633287,0.7587256,-0.1453939,0.0174232,-0.4750338,-0.6718572,-1.786392,35.3951,63.09509,70.53353
R,0.02773237,0.7378094,-0.1547553,0.04980588,-0.7443766,-0.3331592,1.152447,-9.585473,12.05371,70.56163
R,0.02721387,0.7688078,-0.1169022,-0.03381129,2.021409,2.468404,-5.452671,180.3567,182.6898,70.57697
R,0.02698776,0.7792574,-0.1032839,-0.00905476,0.4184664,0.5453617,0.9914109,-64.19212,-77.011,70.60194
R,0.03586592,0.7520847,-0.1531811,0.5940164,-1.818059,-3.3385,40.35005,-149.6406,-259.8599,70.61688
R,0.03721164,0.7442222,-0.1681179,0.08749293,-0.5111879,-0.9711323,-32.93207,84.96738,153.9165,70.63226
R,0.03820809,0.7375877,-0.1812471,0.03879044,-0.2582673,-0.5110986,-1.895911,9.845798,17.90839,70.65795
R,0.04307083,0.7439363,-0.1783037,0.3064272,0.4000563,0.185484,16.86524,41.48452,43.89542,70.67382
R,0.04486943,0.7448409,-0.1794974,0.06923512,0.03482012,-0.04595207,-9.130468,-14.0594,-8.908894,70.6998
R,0.05094604,0.7451957,-0.1695613,0.2202639,0.01286383,0.3601631,5.474457,-0.7958667,14.72078,70.72739
R,0.05801351,0.7457939,-0.1621995,0.4466474,0.03780437,0.4652449,14.30691,1.576184,6.64093,70.74321
R,0.06066567,0.7454578,-0.1610053,0.1030916,-0.01306717,0.04641915,-13.35425,-1.977412,-16.28005,70.76894
R,0.0722319,0.7592971,-0.1571164,0.818137,0.9789277,0.2750818,50.57875,70.16879,16.17446,70.78307
R,0.08103837,0.7642479,-0.1562677,0.5514965,0.3100364,0.05314964,-16.69809,-41.88864,-13.89828,70.79904
R,0.08742242,0.7673897,-0.1559906,0.2446697,0.1204107,0.01061997,-11.75918,-7.267433,-1.629956,70.82513
R,0.09639318,0.7766507,-0.1548077,0.3258912,0.3364334,0.04297308,2.950626,7.847704,1.175329,70.85266
R,0.1052867,0.7795904,-0.152318,0.3189317,0.1054228,0.08928213,-0.2495746,-8.284272,1.660689,70.88055
R,0.1093049,0.7786978,-0.1501513,0.2630685,-0.05843766,0.1418591,-3.657395,-10.72803,3.442243,70.89582
R,0.1119806,0.7785701,-0.1491507,0.1017762,-0.004858441,0.03805817,-6.134911,2.037938,-3.948171,70.92211
R,0.1184449,0.7600411,-0.1445329,0.4155381,-1.19109,0.2968443,20.1694,-76.25392,16.63542,70.93767
R,0.1222296,0.7538081,-0.1425663,0.1479476,-0.2436554,0.07687554,-10.46037,37.03614,-8.598792,70.96325
R,0.1238024,0.7502162,-0.1411145,0.1056088,-0.2411869,0.09748515,-2.842945,0.1657525,1.383885,70.97814
R,0.1252591,0.7484364,-0.1403451,0.05344008,-0.06529002,0.02822547,-1.913759,6.452605,-2.540724,71.0054
R,0.1260702,0.7471919,-0.1371684,0.02915652,-0.04473867,0.1142005,-0.8729824,0.7388114,3.090762,71.03322
R,0.1280748,0.7410511,-0.1337703,0.1325642,-0.4061002,0.2247168,6.83847,-23.89726,7.308573,71.04834
R,0.1277854,0.7411205,-0.133387,-0.01087802,0.002607901,0.01441011,-5.391814,15.36283,-7.905167,71.07494
R,0.1274439,0.7405986,-0.1332284,-0.0124001,-0.01895219,0.005759798,-0.05527915,-0.7830212,-0.3141628,71.10248
R,0.1265317,0.7390596,-0.1329512,-0.0605103,-0.1020883,0.01838369,-3.191245,-5.514586,0.8373679,71.11755
R,0.1258747,0.7385324,-0.1327271,-0.02421062,-0.01942692,0.008259462,1.337608,3.045993,-0.373068,71.14469
R,0.1247808,0.7360957,-0.1310293,-0.0391529,-0.08721327,0.06076661,-0.534821,-2.42624,1.87936,71.17263
R,0.1243613,0.7331821,-0.127295,-0.01520694,-0.1056135,0.1353619,0.8679882,-0.6669679,2.703916,71.20022
R,0.1248761,0.7317241,-0.1235719,0.03339206,-0.09455406,0.2414627,3.151889,0.7172608,6.881166,71.21564
R,0.121132,0.733163,-0.1239074,-0.1434525,0.05512825,-0.01285374,-6.775612,5.73492,-9.743866,71.24174
R,0.1141002,0.7309441,-0.1232237,-0.4576291,-0.1444071,0.04449226,-20.44675,-12.98585,3.732103,71.2571
R,0.111461,0.7269982,-0.1218654,-0.1006203,-0.1504349,0.05178451,13.61078,-0.2298075,0.2780133,71.28333
R,0.1053947,0.72825,-0.1226352,-0.3809904,0.07861913,-0.04834476,-17.60837,14.38552,-6.288521,71.29926
R,0.1026658,0.7285348,-0.122793,-0.1078971,0.01126037,-0.006239395,10.79786,-2.663302,1.664807,71.32455
R,0.09853063,0.7313918,-0.12479,-0.1470437,0.1015943,-0.07101274,-1.39203,3.212221,-2.303302,71.35267
R,0.09381193,0.7338381,-0.1258176,-0.3199634,0.1658772,-0.06967796,-11.72526,4.358866,0.09050759,71.36742
R,0.09151988,0.7348009,-0.1261864,-0.08505771,0.03572692,-0.0136857,8.717316,-4.829857,2.077865,71.39436
R,0.08986305,0.736267,-0.1253141,-0.1092375,0.096662,0.05750813,-1.594209,4.017547,4.693923,71.40953
R,0.08876489,0.7370175,-0.1248818,-0.04118383,0.02814512,0.01621429,2.552196,-2.569569,-1.548631,71.4362
R,0.08526362,0.74332,-0.1245001,-0.2188455,0.3939407,0.02385523,-11.10466,22.86388,0.4775932,71.45219
R,0.08491436,0.7430575,-0.1243463,-0.01378865,-0.01036568,0.00607116,8.095544,-15.96182,-0.7021065,71.47752
R,0.08198094,0.7385236,-0.1237738,-0.1049368,-0.1621904,0.02048223,-3.260634,-5.431214,0.515526,71.50548
R,0.07867047,0.7301504,-0.1220534,-0.1184576,-0.2996157,0.06155943,-0.4838119,-4.917447,1.469853,71.53342
R,0.07796015,0.7242763,-0.1202261,-0.04784353,-0.3956473,0.123077,4.756179,-6.46817,4.143489,71.54827
R,0.07737838,0.7219504,-0.119474,-0.03998581,-0.1598633,0.05169534,0.5400777,16.20591,-4.906206,71.56282
R,0.07716335,0.7221156,-0.1195745,-0.008405777,0.006458768,-0.003931006,1.234494,6.501692,-2.174487,71.5884
R,0.07676473,0.7235572,-0.1191411,-0.02620312,0.09476084,0.02849466,-1.169876,5.804378,2.131443,71.60361
R,0.07623302,0.7248819,-0.1186272,-0.02002051,0.04988015,0.01934693,0.2327972,-1.689917,-0.3444445,71.63017
R,0.07243986,0.7320375,-0.1160616,-0.1358035,0.2561864,0.09185422,-4.145291,7.386226,2.595923,71.6581
R,0.07004182,0.7370273,-0.1125578,-0.1543036,0.3210719,0.2254541,-1.190397,4.175097,8.596565,71.67365
R,0.06897088,0.7388573,-0.1110957,-0.040829,0.06976485,0.05574502,4.32616,-9.580953,-6.470072,71.69987
R,0.06835946,0.7398874,-0.1097272,-0.03947766,0.06651401,0.08835678,0.08725297,-0.2098989,2.105659,71.71536
R,0.06794379,0.7404591,-0.1089562,-0.01594014,0.02192209,0.02956602,0.9026067,-1.709992,-2.254483,71.74144
R,0.07477723,0.7546579,-0.09558719,0.4295793,0.8925996,0.8404344,28.00725,54.7345,50.97465,71.75735
R,0.07864502,0.7677477,-0.08369604,0.1501656,0.5082059,0.4616696,-10.84814,-14.92395,-14.70541,71.7831
R,0.07880241,0.8050718,-0.06940617,0.005723892,1.357422,0.5197009,-5.253124,30.88469,2.110509,71.8106
R,0.07102855,0.8461037,-0.05474296,-0.5087047,2.685035,0.9595287,-33.6631,86.87614,28.78139,71.82588
R,0.06473897,0.8769525,-0.04578693,-0.4529603,2.221656,0.6449913,4.01458,-33.37143,-22.65222,71.83977
R,0.06015757,0.8975161,-0.0388232,-0.3155508,1.416353,0.4796377,9.464286,-55.46644,-11.38898,71.85429
R,0.05659746,0.9166587,-0.02986177,-0.1381788,0.7429833,0.3478212,6.884365,-26.13561,-5.116211,71.88005
R,0.04161412,0.9412232,-0.0045152,-1.031458,1.691029,1.744866,-61.49366,65.26376,96.17306,71.89458
R,0.03219801,0.9525354,0.01778298,-0.3448417,0.4142808,0.8166156,25.14563,-46.75773,-33.99488,71.92188
R,0.02904954,0.9795691,0.05279043,-0.1127532,0.968131,1.253688,8.311559,19.83449,15.65243,71.94981
R,0.01722856,1.022183,0.09276676,-0.4232176,1.525676,1.431242,-11.11532,19.96136,6.356848,71.97774
R,-0.003083658,1.080403,0.1444863,-1.285545,3.684678,3.273288,-54.57601,136.6416,116.5817,71.99354
R,-0.01336749,1.111871,0.1786318,-0.3918379,1.199001,1.301025,34.0523,-94.7101,-75.14781,72.01978
R,-0.0294515,1.116845,0.2439327,-1.118389,0.345872,4.540642,-50.52016,-59.32164,225.2642,72.03416
R,-0.0370039,1.124875,0.2862841,-0.4929822,0.5241612,2.764487,40.82336,11.63781,-115.9383,72.04948
R,-0.04389171,1.134233,0.3151213,-0.2716001,0.3690301,1.137109,8.729539,-6.117127,-64.17079,72.07484
R,-0.01563702,1.097745,0.3150317,1.012411,-1.307455,-0.003212138,46.00817,-60.07116,-40.85953,72.10275
R,0.0003655517,1.080806,0.3137875,1.00599,-1.064816,-0.07821118,-0.4036571,15.25337,-4.71476,72.11866
R,-0.01363091,1.071573,0.2793372,-0.5458328,-0.3600863,-1.343492,-60.51784,27.48298,-49.34332,72.1443
R,-0.03530624,1.055829,0.2083307,-1.467474,-1.065882,-4.807318,-62.39739,-47.78409,-234.5096,72.15907
R,-0.04436215,1.048368,0.1903311,-0.633392,-0.5218866,-1.258936,58.33766,38.0483,248.1822,72.17337
R,-0.05187766,1.043112,0.1698618,-0.5409513,-0.3782606,-1.473337,6.653702,10.33792,-15.43218,72.18726
R,-0.04942178,1.018228,0.1277761,0.1738105,-1.761111,-2.978542,50.58599,-97.86879,-106.5282,72.20139
R,-0.04889933,1.000717,0.09940921,0.01992378,-0.6678017,-1.081787,-5.868559,41.694,72.33387,72.22762
R,-0.03007143,0.9458544,0.02205314,1.051475,-3.063898,-4.320074,57.60863,-133.8139,-180.8474,72.24552
R,-0.02342669,0.9279416,-0.002874664,0.2749177,-0.7411197,-1.031357,-32.12907,96.10203,136.0665,72.26969
R,-0.008595093,0.8745673,-0.04465972,1.069311,-3.84812,-3.012569,57.2732,-224.0049,-142.8391,72.28356
R,-0.00257081,0.8551638,-0.06376094,0.4312479,-1.388999,-1.36736,-45.67569,176.036,117.7722,72.29753
R,0.003512437,0.8379349,-0.072326,0.4331034,-1.22663,-0.6097994,0.1321081,11.56003,53.93532,72.31158
R,0.008470594,0.8214175,-0.08397084,0.3671613,-1.223142,-0.8623229,-4.883142,0.2583421,-18.69986,72.32508
R,0.01239053,0.8149064,-0.09983964,0.2625416,-0.4360868,-1.062828,-7.007012,52.71378,-13.42905,72.34001
R,0.01594187,0.8058548,-0.1159194,0.2521567,-0.6426945,-1.141714,-0.7373608,-14.66982,-5.601156,72.3541
R,0.02316697,0.8119193,-0.1261192,0.2715046,0.227893,-0.383289,0.7270564,32.71492,28.50009,72.38071
R,0.02597261,0.8240232,-0.1365682,0.1914319,0.8258597,-0.7129445,-5.46345,40.79995,-22.49277,72.39536
R,0.02413894,0.8333386,-0.1392888,-0.1243367,0.6316566,-0.1844819,-21.4115,-13.16844,35.83376,72.41011
R,0.02366181,0.8366053,-0.1451187,-0.03614918,0.2474982,-0.4416907,6.681451,-29.10544,-19.48721,72.42331
R,0.02769493,0.8371009,-0.1425239,0.3039844,0.03735534,0.1955731,25.63657,-15.8389,48.03188,72.43658
R,0.03145985,0.8364993,-0.1426905,0.2875736,-0.04595079,-0.01272946,-1.253497,-6.363113,-15.91062,72.44967
R,0.03548424,0.8349242,-0.1452339,0.3019373,-0.1181758,-0.1908193,1.07766,-5.418819,-13.36153,72.463
R,0.04320461,0.8280188,-0.1448213,0.5379714,-0.4811852,0.02874759,16.44735,-25.29525,15.29988,72.47735
R,0.04951905,0.8220389,-0.1468679,0.4577688,-0.433516,-0.1483684,-5.814336,3.455808,-12.84012,72.49114
R,0.05460235,0.8262076,-0.1406335,0.3656851,0.2998894,0.448492,-6.624363,52.7601,42.93725,72.50504
R,0.05912664,0.8281246,-0.1379749,0.3108007,0.1316947,0.1826366,-3.77034,-11.55431,-18.2632,72.5196
R,0.06293781,0.8285525,-0.1376635,0.2717835,0.03051466,0.02220909,-2.782408,-7.215379,-11.44046,72.53362
R,0.06307518,0.8285723,-0.1295588,0.01029439,0.001478523,0.6073728,-19.59628,-2.176,43.85281,72.54697
R,0.06407613,0.8279479,-0.1247191,0.07068766,-0.04409685,0.3417858,4.265015,-3.218564,-18.75593,72.56113
R,0.06809559,0.8216148,-0.1214946,0.2765558,-0.4357406,0.2218581,14.1646,-26.94674,-8.251532,72.57566
R,0.06226167,0.8259321,-0.1175197,-0.4219995,0.3122973,0.2875287,-50.53038,54.10973,4.750317,72.58949
R,0.072059,0.8090169,-0.1178443,0.7492154,-1.293529,-0.02482828,89.56446,-122.7998,-23.88638,72.60256
R,0.07987443,0.7966111,-0.118446,0.5477988,-0.8695521,-0.04216975,-14.11769,29.71741,-1.215498,72.61683
R,0.08626835,0.7867723,-0.1191892,0.4582091,-0.7050813,-0.05326457,-6.420286,11.7865,-0.7950906,72.63078
R,0.09171568,0.7751215,-0.1232252,0.4027029,-0.861305,-0.2983693,-4.103391,-11.5491,-18.11978,72.64431
R,0.09662802,0.7655073,-0.12642,0.3404919,-0.6663885,-0.2214411,-4.312068,13.51036,5.33217,72.65874
R,0.09539456,0.7659721,-0.1324007,-0.08976784,0.03382235,-0.4352551,-31.31316,50.95949,-15.56082,72.67248
R,0.09536081,0.7641314,-0.1369174,-0.002452233,-0.1337349,-0.3281694,6.34403,-12.1741,7.780457,72.68624
R,0.09619936,0.7615351,-0.1404935,0.05992974,-0.1855533,-0.2555772,4.458304,-3.703344,5.188007,72.70023
R,0.09757287,0.75841,-0.1436711,0.09913453,-0.2255601,-0.2293438,2.829654,-2.887544,1.893428,72.71409
R,0.09932452,0.7548633,-0.1466804,0.1178003,-0.2385157,-0.2023784,1.255289,-0.8712772,1.813444,72.72896
R,0.1066856,0.7519187,-0.1462452,0.5178921,-0.2071675,0.03061363,28.1486,2.205514,16.39223,72.74317
R,0.1062278,0.7532722,-0.1460552,-0.0341719,0.1010242,0.01418463,-41.20736,23.00416,-1.2263,72.75657
R,0.1052845,0.7558825,-0.1459355,-0.06774882,0.1874743,0.008598031,-2.411504,6.208873,-0.4012308,72.77049
R,0.1046929,0.7580293,-0.1461306,-0.02166141,0.07860073,-0.007143637,1.687366,-3.986111,-0.5763385,72.79781
R,0.1080508,0.7746121,-0.1544628,0.2397254,1.183841,-0.5948383,18.66039,78.90304,-41.95551,72.81181
R,0.1079148,0.7768129,-0.1575053,-0.009834033,0.1591113,-0.2199587,-18.04206,-74.08346,27.10216,72.82565
R,0.1081388,0.7777322,-0.1597191,0.01518699,0.06233429,-0.1501107,1.696614,-6.562211,4.736221,72.84039
R,0.1085358,0.7783139,-0.1617244,0.01499018,0.02195916,-0.07570159,-0.007429765,-1.524208,2.809031,72.86688
R,0.126544,0.7467123,-0.1713221,1.163891,-2.042449,-0.6203117,74.25477,-133.4251,-35.19879,72.88235
R,0.1394561,0.7331113,-0.1767012,0.931945,-0.981669,-0.3882417,-16.74096,76.56306,16.74994,72.89621
R,0.1482434,0.721704,-0.1811591,0.6318001,-0.8201711,-0.3205182,-21.58014,11.61155,4.869255,72.91012
R,0.1562671,0.7380561,-0.1831992,0.3108702,0.6335492,-0.07904296,-12.43421,56.32339,9.355791,72.93593
R,0.1681561,0.7356271,-0.1861462,0.706723,-0.1443878,-0.1751798,23.53071,-46.24297,-5.714671,72.95275
R,0.1742572,0.7251545,-0.1874733,0.2361038,-0.4052743,-0.0513579,-18.21228,-10.09593,4.791728,72.97859
R,0.1842298,0.7244936,-0.1835361,0.3621854,-0.02400033,0.1429927,4.579042,13.84714,7.058442,73.00613
R,0.1703873,0.7380998,-0.1793102,-0.9122037,0.8966228,0.2784789,-83.98025,60.66763,8.92833,73.0213
R,0.1660768,0.7427472,-0.1783514,-0.1659749,0.1789531,0.0369206,28.73376,-27.63408,-9.301271,73.04727
R,0.1522267,0.7423989,-0.1757107,-1.014167,-0.02550628,0.1933605,-62.10853,-14.97145,11.45524,73.06093
R,0.1477989,0.7421088,-0.1749366,-0.3167911,-0.02075942,0.05538474,49.89436,0.3396187,-9.871591,73.07491
R,0.1431265,0.7546105,-0.1702171,-0.3145464,0.8416153,0.3177194,0.1511139,58.05505,17.66036,73.08976
R,0.1393678,0.7640098,-0.1667008,-0.2820047,0.7052045,0.2638128,2.441507,-10.23448,-4.044447,73.10309
R,0.1361699,0.7712191,-0.1639884,-0.2253518,0.5080309,0.1911437,3.992262,-13.89459,-5.1209,73.11728
R,0.1332435,0.7883782,-0.1581623,-0.2012426,1.179999,0.4006509,1.657943,46.20997,14.40741,73.13182
R,0.1305566,0.8019918,-0.15356,-0.1005924,0.5096691,0.1723018,3.768188,-25.09611,-8.549037,73.15853
R,0.1335079,0.8073655,-0.1572728,0.1991886,0.3626899,-0.2505894,20.23321,-9.920115,-28.54232,73.17335
R,0.1344993,0.8039429,-0.1567828,0.0677141,-0.2337684,0.03346979,-8.98,-40.73944,19.40188,73.18799
R,0.136307,0.795772,-0.155003,0.07020718,-0.3173287,0.06912152,0.09682147,-3.24516,1.384576,73.21374
R,0.1375825,0.780481,-0.158012,0.09488175,-1.137468,-0.2238368,1.835497,-61.00869,-21.79264,73.22718
R,0.1377622,0.7759247,-0.1588123,0.0125692,-0.3186741,-0.05597777,-5.757134,57.26839,11.74046,73.24148
R,0.1399477,0.7592909,-0.1580551,0.1282226,-0.9759295,0.04442791,6.78555,-38.56212,5.890946,73.25852
R,0.1414611,0.7472786,-0.1574097,0.05951786,-0.4723902,0.02538125,-2.701849,19.80195,-0.7490202,73.28395
R,0.1486833,0.7443717,-0.1476854,0.5285411,-0.2127434,0.7116572,34.32486,19.00191,50.22421,73.29762
R,0.1515785,0.7421507,-0.1436098,0.2031511,-0.1558401,0.2859718,-22.83165,3.992732,-29.86908,73.31187
R,0.1512349,0.7380986,-0.1431016,-0.01242457,-0.1465151,0.01837554,-7.794742,0.3371735,-9.67569,73.33952
R,0.1494471,0.7350383,-0.1424378,-0.1188286,-0.2034023,0.04412062,-7.072309,-3.781097,1.711186,73.35457
R,0.1471722,0.7355026,-0.1423287,-0.1663032,0.03393841,0.007979164,-3.470489,17.3501,-2.642015,73.36825
R,0.1450749,0.7355584,-0.1420121,-0.1440727,0.003832547,0.02174745,1.52715,-2.068153,0.9458266,73.3828
R,0.1462612,0.7348266,-0.1428523,0.04622357,-0.02851191,-0.0327369,7.414538,-1.260242,-2.122882,73.40847
R,0.1459852,0.7398419,-0.1439415,-0.009812771,0.1782932,-0.03872029,-1.992079,7.351876,-0.212708,73.4366
R,0.1462499,0.7426219,-0.1464753,0.0182213,0.1913734,-0.1744251,1.929875,0.900444,-9.341968,73.45113
R,0.1468416,0.742013,-0.1487709,0.04081928,-0.04200658,-0.1583645,1.558928,-16.09978,1.107946,73.46562
R,0.147329,0.7414146,-0.1507036,0.0189507,-0.023266,-0.07514925,-0.8502993,0.7286755,3.235595,73.49134
R,0.148665,0.7487664,-0.1547791,0.08861811,0.4876566,-0.2703339,4.621177,33.89051,-12.94698,73.50642
R,0.1492682,0.75216,-0.1565948,0.04198648,0.2362254,-0.1263899,-3.245937,-17.50163,10.01966,73.52078
R,0.1489382,0.7614784,-0.1593305,-0.01273125,0.3595452,-0.1055561,-2.111264,4.758248,0.803863,73.5467
R,0.139968,0.7801746,-0.1577873,-0.643537,1.341295,0.1107145,-45.25505,70.43239,15.51561,73.56064
R,0.1366445,0.7887462,-0.1574168,-0.2455565,0.6333145,0.02737127,29.4048,-52.30917,-6.157815,73.57417
R,0.1341112,0.7949902,-0.157279,-0.1802611,0.4443073,0.009808038,4.646249,-13.44927,-1.249755,73.58823
R,0.1265924,0.8068187,-0.1518428,-0.5462882,0.859414,0.3949762,-26.59418,30.16012,27.9849,73.60199
R,0.1207595,0.8167197,-0.1478762,-0.4128165,0.7007247,0.2807259,9.446221,-11.23095,-8.085866,73.61612
R,0.1147559,0.8309925,-0.1298914,-0.4073019,0.9683052,1.220137,0.3741266,18.15337,63.73214,73.63086
R,0.1097245,0.8430536,-0.1161368,-0.353413,0.8472041,0.9661552,3.785271,-8.50641,-17.84025,73.6451
R,0.105943,0.8580772,-0.1057659,-0.2742957,1.089742,0.7522601,5.738831,17.59267,-15.51503,73.65888
R,0.1023573,0.8710902,-0.09720035,-0.2602317,0.9444343,0.6216518,1.020706,-10.54584,-9.479011,73.67266
R,0.09889667,0.8827499,-0.08973344,-0.2519982,0.8490321,0.5437234,0.5995508,-6.946979,-5.67457,73.68639
R,0.07687411,0.9450969,-0.04650126,-1.615301,4.572992,3.170973,-99.99483,273.1432,192.7022,73.70003
R,0.06094737,0.9948535,-0.01251811,-1.140114,3.561826,2.432681,34.01619,-72.38428,-52.85059,73.714
R,0.05459427,1.030641,0.02361391,-0.4686068,2.639702,2.665108,49.53056,-68.01611,17.14385,73.72755
R,0.0483681,1.06052,0.05306173,-0.4432785,2.127275,2.096569,1.803279,-36.48282,-40.47773,73.7416
R,0.04237027,1.086974,0.07794596,-0.4284182,1.889569,1.777453,1.06145,-16.97903,-22.79413,73.7556
R,0.02928625,1.096753,0.1181164,-0.9366186,0.7000359,2.875595,-36.37949,-85.15265,78.61047,73.76957
R,0.01856036,1.108421,0.1521143,-0.3969124,0.4317608,1.258096,19.97187,-9.927539,-59.85571,73.79659
R,-0.006693458,1.117259,0.2187233,-1.682801,0.5889441,4.438524,-85.68579,10.47398,211.9294,73.8116
R,-0.01397296,1.121861,0.2702338,-0.5439787,0.3439282,3.849254,85.1013,-18.30943,-44.03463,73.82498
R,-0.02069936,1.128347,0.3033609,-0.4551588,0.4388471,2.241625,6.010222,6.422932,-108.7843,73.83976
R,-0.02725248,1.136133,0.3332294,-0.4833598,0.574344,2.203112,-2.080117,9.994289,-2.840725,73.85332
R,-0.01348059,1.117419,0.3343798,1.041609,-1.415455,0.08700366,115.338,-150.4945,-160.0476,73.86654
R,-0.004808794,1.10708,0.3410187,0.6307603,-0.7519943,0.4828988,-29.88388,48.25815,28.79621,73.88029
R,-0.009895896,1.090784,0.3110206,-0.3720852,-1.191921,-2.194149,-73.35099,-32.17747,-195.8069,73.89396
R,-0.01450022,1.080731,0.2965569,-0.3458441,-0.7551218,-1.08641,1.971042,32.80923,83.20546,73.90727
R,-0.01871505,1.074145,0.2892601,-0.3043784,-0.4756543,-0.5269434,2.994486,20.18202,40.40241,73.92112
R,-0.03914846,1.078661,0.2606556,-1.316739,0.2910675,-1.843295,-65.23706,49.40794,-84.82635,73.93664
R,-0.05428507,1.08219,0.2440726,-1.015865,0.2367911,-1.112932,20.19262,-3.642656,49.01694,73.95154
R,-0.06752305,1.075223,0.206664,-0.5191886,-0.2732365,-1.467154,19.47947,-20.00309,-13.89244,73.97704
R,-0.06150955,1.047941,0.1506249,0.4345103,-1.971248,-4.049145,68.91027,-122.6912,-186.5638,73.99088
R,-0.06131084,1.038793,0.1332409,0.01454238,-0.6695369,-1.272227,-30.7348,95.26402,203.2251,74.00454
R,-0.06239156,1.031404,0.1177296,-0.07628074,-0.5214812,-1.094833,-6.410538,10.45017,12.52096,74.01871
R,-0.04760534,1.010781,0.08312026,1.04534,-1.458005,-2.446769,79.29508,-66.20927,-95.57766,74.03285
R,-0.03735232,0.9952012,0.05755402,0.7347637,-1.116504,-1.832159,-22.2569,24.47302,44.04495,74.04681
R,-0.01531015,0.972288,0.02513431,1.278368,-1.328886,-1.880228,31.52713,-12.31737,-2.787859,74.06405
R,0.001289241,0.9542186,-0.001032101,0.642562,-0.6994656,-1.012901,-24.61204,24.36483,33.5742,74.08988
R,0.02716433,0.9081079,-0.02086342,0.9518661,-1.696273,-0.7295344,11.37836,-36.66953,10.42422,74.11707
R,0.04915054,0.8723336,-0.04944641,1.412636,-2.298529,-1.836485,29.60489,-38.69557,-71.12267,74.13263
R,0.05979875,0.8563348,-0.06409279,0.4121923,-0.6193148,-0.5669609,-38.72715,65.00237,49.14326,74.15846
R,0.08186798,0.8309614,-0.08728398,1.619629,-1.862118,-1.701969,88.61205,-91.20753,-83.29659,74.17209
R,0.09413901,0.8176168,-0.100314,0.8774624,-0.9542332,-0.9317355,-53.06996,64.91993,55.07692,74.18607
R,0.09518251,0.8135319,-0.1185044,0.07461726,-0.2920972,-1.300736,-57.40891,47.34724,-26.38605,74.20006
R,0.09809634,0.8067018,-0.1353962,0.2092723,-0.4905394,-1.213174,9.670959,-14.25217,6.288707,74.21398
R,0.1070881,0.8063632,-0.1397391,0.6753996,-0.02543428,-0.3262122,35.01217,34.93539,66.62228,74.22729
R,0.1157207,0.8028669,-0.1470914,0.5868735,-0.2376896,-0.4998288,-6.018303,-14.42984,-11.80305,74.242
R,0.1240515,0.7973884,-0.1561349,0.2992408,-0.1967855,-0.3248455,-10.33176,1.469276,6.285395,74.26984
R,0.121513,0.7882595,-0.1432518,-0.1750297,-0.6294302,0.8882784,-32.70046,-29.83041,83.64365,74.28435
R,0.1206622,0.7809757,-0.1417716,-0.06076827,-0.5202742,0.1057338,8.161567,7.796896,-55.89629,74.29835
R,0.1217173,0.7735658,-0.1435324,0.07713264,-0.5416812,-0.1287243,10.08084,-1.564896,-17.13937,74.31203
R,0.1246583,0.7514223,-0.1457976,0.2127376,-1.601761,-0.1638512,9.809055,-76.68143,-2.540923,74.32585
R,0.1280517,0.7335857,-0.1493552,0.2480594,-1.30389,-0.2600684,2.5821,21.77497,-7.033677,74.33953
R,0.1317166,0.717773,-0.1537194,0.2610702,-1.126418,-0.3108812,0.9268205,12.64218,-3.619637,74.35357
R,0.1289889,0.7241994,-0.1486696,-0.2041835,0.4810555,0.3780039,-34.82681,120.3283,51.56684,74.36693
R,0.1285085,0.7251067,-0.1475224,-0.0343122,0.0648033,0.08194291,12.13372,-29.73243,-21.1473,74.38093
R,0.1300292,0.7129929,-0.1468501,0.1092155,-0.8700128,0.0482866,10.3082,-67.13875,-2.417205,74.39485
R,0.1319922,0.7019013,-0.1475139,0.07278443,-0.4112602,-0.02461158,-1.350806,17.0098,-2.702945,74.42182
R,0.1466939,0.685113,-0.1510355,1.020648,-1.165503,-0.2444882,65.80419,-52.36232,-15.26466,74.43623
R,0.1538862,0.6759936,-0.1535919,0.5287196,-0.6703896,-0.1879261,-36.16264,36.39677,4.157996,74.44983
R,0.1585167,0.6857594,-0.1580665,0.3421272,0.7215509,-0.3306055,-13.78638,102.8435,-10.54187,74.46336
R,0.1630158,0.6906648,-0.162147,0.3151807,0.3436414,-0.2858536,-1.887721,-26.47426,3.135074,74.47764
R,0.1674568,0.6923202,-0.1659848,0.3268332,0.1218329,-0.2824464,0.8575568,-16.32391,0.2507457,74.49123
R,0.1755282,0.7128336,-0.1680585,0.5906944,1.501243,-0.151756,19.31034,100.9503,9.564413,74.50489
R,0.1826375,0.726956,-0.1704821,0.4935592,0.9804315,-0.1682553,-6.743483,-36.15669,-1.145446,74.51929
R,0.1924623,0.749382,-0.166431,0.7010039,1.600116,0.2890497,14.80141,44.21522,32.62923,74.53331
R,0.2010316,0.7659652,-0.1642697,0.6097726,1.180023,0.1537943,-6.491785,-29.89281,-9.624433,74.54736
R,0.1930041,0.7715803,-0.1659122,-0.5523263,0.3863394,-0.1130167,-79.95728,-54.60873,-18.35772,74.5619
R,0.1886006,0.7763314,-0.1676599,-0.3152222,0.3401062,-0.1251088,16.97308,-3.309603,-0.8656104,74.57587
R,0.1864881,0.7807206,-0.1694527,-0.1595889,0.3315877,-0.1354354,11.75745,-0.6435339,-0.7801333,74.5891
R,0.1872812,0.7793515,-0.1702455,0.05790934,-0.09996954,-0.05789411,15.88185,-31.51257,5.662115,74.6028
R,0.1881325,0.7786445,-0.1710111,0.05945013,-0.04937234,-0.05345964,0.1075941,3.533232,0.3096611,74.61712
R,0.1935902,0.7622778,-0.1717449,0.3698819,-1.109209,-0.04973096,21.03873,-71.8278,0.252702,74.63187
R,0.1982108,0.7514622,-0.1727005,0.3421643,-0.8009181,-0.07076161,-2.05254,22.82958,-1.557361,74.64538
R,0.2022507,0.7437232,-0.1737955,0.30103,-0.5766771,-0.08159377,-3.065129,16.70933,-0.8071592,74.6588
R,0.2100353,0.733269,-0.1744306,0.555746,-0.7463235,-0.04533995,18.18417,-12.11106,2.58816,74.67281
R,0.2165487,0.7254263,-0.1752673,0.4772033,-0.5746009,-0.06130236,-5.754465,12.58135,-1.169495,74.68645
R,0.2153709,0.7288063,-0.1759267,-0.06752891,0.1938019,-0.03780741,-31.23322,44.05779,1.347126,74.7039
R,0.2145197,0.7320381,-0.1767977,-0.0330971,0.1256605,-0.03386653,1.338786,-2.649491,0.1532302,74.72961
R,0.2092933,0.7334374,-0.1763746,-0.3643814,0.09755236,0.0294953,-23.09686,-1.959676,4.417533,74.74396
R,0.2075347,0.7336609,-0.176402,-0.1314933,0.01671688,-0.002044486,17.41307,-6.044077,-2.358233,74.75733
R,0.2061279,0.7345283,-0.17599,-0.1082093,0.06671802,0.03168556,1.791011,3.846097,2.594521,74.77033
R,0.2052457,0.7350339,-0.1757662,-0.06894636,0.03951439,0.01749427,3.068738,-2.126199,-1.109171,74.78313
R,0.2015593,0.7357665,-0.1734443,-0.2646185,0.05258677,0.1666692,-14.04553,0.9383479,10.70791,74.79706
R,0.1986067,0.7362025,-0.1715384,-0.2104405,0.03107582,0.1358394,3.861459,-1.533161,-2.197347,74.81109
R,0.196515,0.7363787,-0.1701652,-0.1531643,0.01290154,0.100551,4.194024,-1.330805,-2.583975,74.82475
R,0.1916208,0.738636,-0.1712274,-0.3257989,0.1502666,-0.0707063,-11.49191,9.144093,-11.40022,74.83977
R,0.1877736,0.7403033,-0.1720534,-0.2918136,0.1264648,-0.06265711,2.577847,-1.80541,0.610546,74.85295
R,0.1876241,0.7398039,-0.1722882,-0.01064511,-0.03555303,-0.01671773,20.0181,-11.53504,3.270704,74.867
R,0.1875097,0.7395473,-0.1724039,-0.007119725,-0.01597371,-0.00720041,0.2194111,1.218566,0.5923336,74.88306
R,0.1876384,0.7395116,-0.1723594,0.009557587,-0.002646955,0.003304267,1.238487,0.989668,0.7800958,74.89653
R,0.1877511,0.7394724,-0.1723136,0.008805358,-0.003063543,0.003578013,-0.05875816,-0.03254056,0.02138287,74.90933
R,0.1878468,0.739428,-0.1722679,0.007321937,-0.003395152,0.003504673,-0.1135718,-0.02538822,-0.005615002,74.92239
R,0.1860889,0.7406204,-0.1716826,-0.1318868,0.0894614,0.04391233,-10.4444,6.96674,3.031662,74.93572
R,0.1832004,0.742512,-0.1707599,-0.2015993,0.1320221,0.06439696,-4.865472,2.970456,1.429692,74.95005
R,0.1804686,0.7455512,-0.1689856,-0.2040187,0.2269765,0.1325154,-0.180688,7.09166,5.087415,74.96344
R,0.1781417,0.7480305,-0.1675456,-0.1606975,0.1712205,0.09943958,2.991669,-3.850394,-2.284145,74.97792
R,0.1762193,0.7499818,-0.1664185,-0.1376836,0.1397541,0.08072703,1.648352,-2.253752,-1.340268,74.99188
R,0.1614621,0.7770327,-0.1454305,-0.8909552,1.633176,1.267128,-45.47803,90.16389,71.62782,75.00845
R,0.150754,0.7977419,-0.1295048,-0.4195902,0.811477,0.6240401,18.47018,-32.19783,-25.19906,75.03397
R,0.1674365,0.7882773,-0.1312467,1.108824,-0.6290806,-0.1157781,101.5884,-95.74886,-49.17315,75.04901
R,0.1742367,0.782468,-0.1362001,0.5090361,-0.4348542,-0.3707837,-44.89746,14.53892,-19.08857,75.06237
R,0.1787205,0.7787864,-0.139439,0.3346851,-0.2748078,-0.2417637,-13.01397,11.94624,9.630353,75.07577
R,0.1816421,0.7768748,-0.1411043,0.1061041,-0.06942496,-0.06048031,-8.301625,7.459114,6.583868,75.1033
R,0.06384303,0.9126498,-0.05948529,-8.47429,9.767451,5.871553,-617.2609,707.6504,426.7418,75.1172
R,0.03339707,1.009218,-0.002135999,-2.054899,6.517725,3.870693,433.266,-219.3348,-135.0447,75.13202
R,0.01148966,1.050132,0.03118731,-1.58819,2.966097,2.415792,33.8343,-257.4773,-105.4738,75.14581
R,-0.006756816,1.08193,0.05730912,-0.6862561,1.195925,0.98245,33.92203,-66.57677,-53.90848,75.1724
R,-0.02863544,1.106565,0.130004,-1.456412,1.639855,4.83914,-51.26758,29.55149,256.7314,75.18742
R,-0.04050659,1.119732,0.1841297,-0.4516619,0.5009888,2.059322,38.22775,-43.33048,-105.7638,75.21371
R,-0.05587256,1.121809,0.2465164,-1.144996,0.1547399,4.648748,-51.66385,-25.80076,192.9513,75.22713
R,-0.06193658,1.117538,0.3002714,-0.41311,-0.290971,3.662043,49.85955,-30.36394,-67.21902,75.24181
R,-0.06841783,1.117344,0.334826,-0.422222,-0.01258077,2.251064,-0.5936024,18.13577,-91.91844,75.25716
R,-0.05577377,1.090585,0.3473403,0.4864345,-1.029475,0.481441,34.95727,-39.12133,-68.07983,75.28315
R,-0.03692275,1.05109,0.324938,1.230498,-2.578047,-1.462307,48.5687,-101.0829,-126.878,75.29847
R,-0.03123494,1.039951,0.3247571,0.4053904,-0.7938842,-0.01288914,-58.80835,127.1636,103.3051,75.3125
R,-0.02862278,1.031493,0.328786,0.09947142,-0.3220784,0.1534219,-11.64945,17.96645,6.333154,75.33876
R,-0.07263446,1.025476,0.2553511,-2.868572,-0.3921634,-4.786306,-193.4497,-4.56797,-321.9593,75.3541
R,-0.08736289,1.023429,0.2375944,-0.5662908,-0.07872085,-0.6827269,88.51997,12.0515,157.7778,75.38011
R,-0.1019301,1.011342,0.1853434,-1.027085,-0.8522055,-3.684044,-32.48911,-54.53587,-211.6131,75.39429
R,-0.1054705,1.002985,0.1667867,-0.2606989,-0.6154056,-1.366437,56.4336,17.43699,170.6592,75.40788
R,-0.1096603,0.9961609,0.1491694,-0.3020753,-0.4919812,-1.270155,-2.983107,8.898499,6.941591,75.42175
R,-0.09535054,0.9822459,0.1029269,1.005151,-0.9774208,-3.248173,91.82247,-34.09836,-138.9403,75.43598
R,-0.08617127,0.9711855,0.07258595,0.5295535,-0.6380736,-1.750375,-27.43728,19.57699,86.40813,75.45332
R,-0.05903934,0.9403062,0.03290014,1.075692,-1.224261,-1.573411,21.65258,-23.24039,7.016036,75.47854
R,-0.02031551,0.8768846,-0.026759,2.508952,-4.109147,-3.86537,92.86221,-186.9144,-148.498,75.49397
R,0.003591214,0.853787,-0.04979747,0.9466773,-0.9146361,-0.9122957,-61.86418,126.4988,116.9382,75.51923
R,0.01700675,0.8034976,-0.103434,0.8944055,-3.352763,-3.575914,-3.484923,-162.5484,-177.5818,75.53423
R,0.02450066,0.7841547,-0.1250435,0.5475145,-1.413222,-1.578815,-25.34432,141.7054,145.9107,75.54791
R,0.03094648,0.7648165,-0.1475337,0.4354985,-1.306544,-1.519506,-7.568122,7.207482,4.007096,75.56271
R,0.03770822,0.7630302,-0.165126,0.2646385,-0.06990892,-0.6885194,-6.687063,48.39899,32.52287,75.58826
R,0.07268412,0.7820435,-0.1562454,2.451531,1.332679,0.6224578,153.2836,98.31015,91.88898,75.60253
R,0.09152434,0.7844172,-0.160124,1.280822,0.1613678,-0.263684,-79.58876,-79.6297,-60.24294,75.61724
R,0.09686661,0.7844016,-0.151428,0.3734516,-0.0010875,0.6078938,-63.42979,-11.35645,60.9277,75.63155
R,0.1031637,0.7820473,-0.1485509,0.4423195,-0.165373,0.2020992,4.837436,-11.53978,-28.50391,75.64578
R,0.1102904,0.7782359,-0.1495258,0.2704439,-0.144633,-0.03699741,-6.522315,0.7870359,-9.073213,75.67213
R,0.1159501,0.7399535,-0.1403766,0.3890022,-2.631227,0.6288417,8.148751,-170.9087,45.76448,75.68668
R,0.1158638,0.7257812,-0.1336109,-0.006112089,-1.003562,0.4790886,-27.97862,115.2573,-10.60424,75.70081
R,0.1175426,0.7127781,-0.1305126,0.1186273,-0.9187837,0.2189237,8.813933,5.990347,-18.38293,75.71496
R,0.1206274,0.7007349,-0.1295886,0.2140399,-0.8356397,0.06411193,6.620387,5.769107,-10.74192,75.72937
R,0.1145947,0.7046852,-0.1289808,-0.2396832,0.1569486,0.02415149,-18.02679,39.43636,-1.587661,75.75454
R,0.1100275,0.7417254,-0.1243495,-0.3137483,2.544517,0.318147,-5.08798,164.0164,20.19632,75.7691
R,0.1101303,0.7558521,-0.1236354,0.007084956,0.9735065,0.04921167,22.1095,-108.2626,-18.53307,75.78361
R,0.1101303,0.7558521,-0.1236354,0,0,0,-0.4968643,-68.27151,-3.451189,75.79787
R,0.1101303,0.7558521,-0.1236354,0,0,0,0,0,0,75.8124
R,0.1101303,0.7558521,-0.1236354,0,0,0,0,0,0,75.83816
R,0.1101303,0.7558521,-0.1236354,0,0,0,0,0,0,75.85184
R,0.1101303,0.7558521,-0.1236354,0,0,0,0,0,0,75.86568
R,0.1101303,0.7558521,-0.1236354,0,0,0,0,0,0,75.88021
R,0.1101303,0.7558521,-0.1236354,0,0,0,0,0,0,75.89558
R,0.1101303,0.7558521,-0.1236354,0,0,0,0,0,0,75.9101
R,0.1101303,0.7558521,-0.1236354,0,0,0,0,0,0,75.93557
R,0.1101303,0.7558521,-0.1236354,0,0,0,0,0,0,75.95018
R,0.1101303,0.7558521,-0.1236354,0,0,0,0,0,0,75.96542
R,0.1101303,0.7558521,-0.1236354,0,0,0,0,0,0,75.99216
R,0.1101303,0.7558521,-0.1236354,0,0,0,0,0,0,76.00608
R,0.1101303,0.7558521,-0.1236354,0,0,0,0,0,0,76.01979
R,0.1101303,0.7558521,-0.1236354,0,0,0,0,0,0,76.03325
R,0.1101303,0.7558521,-0.1236354,0,0,0,0,0,0,76.04675
R,0.1101303,0.7558521,-0.1236354,0,0,0,0,0,0,76.06052
R,0.1101303,0.7558521,-0.1236354,0,0,0,0,0,0,76.075
R,0.1101303,0.7558521,-0.1236354,0,0,0,0,0,0,76.08923
R,0.1101303,0.7558521,-0.1236354,0,0,0,0,0,0,76.10306
R,0.1101303,0.7558521,-0.1236354,0,0,0,0,0,0,76.13062
R,0.1101303,0.7558521,-0.1236354,0,0,0,0,0,0,76.15842
R,0.1101303,0.7558521,-0.1236354,0,0,0,0,0,0,76.1721
R,0.1101303,0.7558521,-0.1236354,0,0,0,0,0,0,76.18731
R,0.1101303,0.7558521,-0.1236354,0,0,0,0,0,0,76.20193
R,0.1101303,0.7558521,-0.1236354,0,0,0,0,0,0,76.23096
R,0.2221668,0.8884841,-0.1930574,4.482554,5.306576,-2.77756,179.346,212.3149,-111.1295,76.25595
R,0.2221668,0.8884841,-0.1930574,0,0,0,-286.3242,-338.9589,177.4173,76.27161
R,0.2244675,0.8865869,-0.1929832,0.09099535,-0.07503678,0.002937349,3.598957,-2.967779,0.1161751,76.29689
R,0.2302217,0.8817695,-0.1927959,0.405711,-0.3396567,0.01320119,22.18957,-18.65749,0.72367,76.31107
R,0.2302217,0.8817695,-0.1927959,0,0,0,-30.02674,25.13805,-0.9770224,76.32458
R,0.2302217,0.8817695,-0.1927959,0,0,0,0,0,0,76.33897
R,0.2302217,0.8817695,-0.1927959,0,0,0,0,0,0,76.35397
R,0.2302217,0.8817695,-0.1927959,0,0,0,0,0,0,76.36767
R,0.2302217,0.8817695,-0.1927959,0,0,0,0,0,0,76.38203
R,0.2302217,0.8817695,-0.1927959,0,0,0,0,0,0,76.40829
R,0.2302217,0.8817695,-0.1927959,0,0,0,0,0,0,76.42321
R,0.2302217,0.8817695,-0.1927959,0,0,0,0,0,0,76.4368
R,0.2089293,0.9215193,-0.1992749,-1.593858,2.975487,-0.4849829,-119.3091,222.7316,-36.30364,76.45016
R,0.2089293,0.9215193,-0.1992749,0,0,0,111.9562,-209.0049,34.06628,76.46439
R,0.2089293,0.9215193,-0.1992749,0,0,0,0,0,0,76.47807
R,0.1999227,0.9128342,-0.1965852,-0.6718872,-0.6479084,0.2006505,-50.12271,-48.33389,14.96851,76.49147
R,0.193346,0.9064873,-0.1945749,-0.4767829,-0.4601165,0.1457358,14.1442,13.61408,-3.981078,76.50526
R,0.1882266,0.9015474,-0.1930146,-0.358637,-0.3460675,0.1093061,8.276655,7.989651,-2.552062,76.51954
R,0.1840106,0.8974795,-0.191733,-0.3006527,-0.2900911,0.09139201,4.134993,3.991801,-1.277495,76.53356
R,0.1782421,0.8903885,-0.1867329,-0.2018926,-0.2481788,0.1750021,3.456523,1.466897,2.926286,76.56213
R,-0.2852738,0.946986,-0.09984034,-3.303641,0.4033905,0.6193136,-22.10725,4.643964,3.166764,76.70244
R,0.01299869,1.065602,0.1408237,10.66717,4.242081,8.606907,499.6404,137.2837,285.6616,76.7304
R,-0.008295131,1.098966,0.2266817,-0.8096964,1.268658,3.264747,-436.4072,-113.0643,-203.1353,76.7567
R,-0.01458935,1.093659,0.2846479,-0.223758,-0.1886654,2.060684,20.82998,-51.8075,-42.80418,76.78483
R,-0.01559975,1.08358,0.3236022,-0.03992626,-0.3982797,1.539287,7.264151,-8.282956,-20.6031,76.81013
R,-0.005155242,1.062896,0.3285224,0.7854175,-1.555391,0.3700001,62.06509,-87.01373,-87.92934,76.82343
R,-0.002250045,1.056766,0.335841,0.1985349,-0.4189015,0.5001344,-40.1063,77.66526,8.8931,76.83807
R,-0.000992197,1.052472,0.3451579,0.08950526,-0.3055782,0.6629682,-7.758268,8.0638,11.58684,76.85212
R,-0.006818264,1.040502,0.32444,-0.4336367,-0.8908912,-1.542046,-38.93769,-43.56511,-164.1202,76.86555
R,-0.01134071,1.031611,0.3137961,-0.3178371,-0.6248911,-0.74805,8.138382,18.69446,55.80195,76.87978
R,-0.02610307,1.034361,0.2958665,-1.049312,0.1954735,-1.274444,-51.99345,58.31173,-37.4162,76.89385
R,-0.03716729,1.035611,0.2853934,-0.7108871,0.08031556,-0.6729032,21.74415,-7.39901,38.64957,76.90942
R,-0.04972305,1.037121,0.2572116,-0.4823294,0.05799843,-1.082605,8.780046,-0.8573128,-15.73869,76.93545
R,-0.05737492,1.029135,0.2104131,-0.5354761,-0.558796,-3.274944,-3.719192,-43.1631,-153.4193,76.94974
R,-0.05640789,1.021922,0.1930919,0.07318214,-0.5458916,-1.310811,46.06124,0.9765625,148.6391,76.96295
R,-0.05704647,1.016201,0.1774236,-0.04487972,-0.4020777,-1.101165,-8.297375,10.10723,14.73391,76.97718
R,-0.0481191,1.003908,0.1456485,0.630797,-0.8685815,-2.245189,47.74248,-32.96258,-80.83538,76.99133
R,-0.04228822,0.9941515,0.1218496,0.4399914,-0.736237,-1.795837,-14.39796,9.986561,33.90765,77.00459
R,-0.03855874,0.9858374,0.1012902,0.2033403,-0.4533037,-1.120953,-12.9028,15.42622,36.79632,77.02293
R,-0.01634757,0.9638597,0.05266609,0.8990931,-0.889643,-1.96827,28.16359,-17.66271,-34.29879,77.04763
R,0.01939923,0.9011468,-0.01517196,2.365171,-4.149372,-4.488475,97.0024,-215.6786,-166.7483,77.06274
R,0.03625324,0.8803712,-0.04030908,0.658643,-0.8118967,-0.9823412,-66.68993,130.4262,137.0173,77.08833
R,0.06094533,0.828516,-0.08112174,1.781201,-3.740648,-2.944082,80.97738,-211.2699,-141.5131,77.1022
R,0.07404781,0.8088392,-0.1004887,0.9420563,-1.414744,-1.392468,-60.33371,167.2304,111.5596,77.1161
R,0.07692549,0.7854255,-0.1187569,0.2079292,-1.691772,-1.319984,-53.04493,-20.01691,5.237364,77.12994
R,0.08103945,0.7642235,-0.1375894,0.2919462,-1.504602,-1.33644,5.96225,13.2825,-1.167781,77.14404
R,0.08439066,0.7554175,-0.1440495,0.2476037,-0.6506262,-0.4773101,-3.276244,63.09601,63.47681,77.15757
R,0.08873405,0.7439171,-0.1543526,0.3050894,-0.807815,-0.7237102,4.037925,-11.04129,-17.3077,77.17181
R,0.09371844,0.7311007,-0.1667741,0.3629525,-0.9332639,-0.904503,4.213457,-9.134909,-13.16493,77.18554
R,0.08032832,0.7305207,-0.1475487,-0.9208128,-0.03988228,1.322093,-88.2821,61.43616,153.1188,77.20008
R,0.07245829,0.7257935,-0.1375284,-0.2855082,-0.1714944,0.3635153,23.04751,-4.774611,-34.77519,77.22765
R,0.06892711,0.7078229,-0.146208,-0.2408111,-1.225514,-0.5919158,3.048146,-71.87952,-65.15623,77.24231
R,0.08361826,0.6971312,-0.1484719,1.079371,-0.7855285,-0.1663244,96.99493,32.3261,31.26856,77.25592
R,0.09539304,0.6862447,-0.1524073,0.8617218,-0.7967136,-0.2880069,-15.9284,-0.8185677,-8.905176,77.26958
R,0.105007,0.6750538,-0.1575786,0.7192472,-0.8372262,-0.3868826,-10.65892,-3.030862,-7.397171,77.28295
R,0.1249664,0.6882099,-0.15374,1.479707,0.9753385,0.2845741,56.37725,134.3758,49.77894,77.29644
R,0.141326,0.6949296,-0.152938,1.18207,0.4855378,0.05795204,-21.50598,-35.39093,-16.37475,77.31028
R,0.1373509,0.714769,-0.1403217,-0.2834677,1.414794,0.899701,-104.5109,66.26736,60.02705,77.3243
R,0.1361914,0.7278852,-0.1322659,-0.08341623,0.943563,0.5795164,14.39141,-33.89964,-23.03361,77.3382
R,0.1370212,0.7362797,-0.1273464,0.05946833,0.6015753,0.3525513,10.23957,-24.50794,-16.26504,77.35216
R,0.1484656,0.7195517,-0.129173,0.8436643,-1.233167,-0.1346536,57.80997,-135.255,-35.91615,77.36572
R,0.1583292,0.7073224,-0.1309344,0.7018706,-0.8702115,-0.1253393,-10.08967,25.82696,0.6627806,77.37978
R,0.1683026,0.7278835,-0.1340706,0.7139424,1.471869,-0.2245016,0.8641581,167.6577,-7.098529,77.39375
R,0.1772492,0.7425219,-0.1367633,0.6532904,1.068907,-0.1966237,-4.428847,-29.42456,2.035668,77.40744
R,0.185526,0.7529456,-0.1391771,0.5883121,0.7409165,-0.1715784,-4.61867,-23.31363,1.780221,77.42151
R,0.185526,0.7529456,-0.1391771,0,0,0,-42.06833,-52.98058,12.26903,77.43549
R,0.185526,0.7529456,-0.1391771,0,0,0,0,0,0,77.44955
R,0.185526,0.7529456,-0.1391771,0,0,0,0,0,0,77.46336
R,0.185526,0.7529456,-0.1391771,0,0,0,0,0,0,77.47722
R,0.185526,0.7529456,-0.1391771,0,0,0,0,0,0,77.49125
R,0.185526,0.7529456,-0.1391771,0,0,0,0,0,0,77.50481
R,0.185526,0.7529456,-0.1391771,0,0,0,0,0,0,77.51994
R,0.185526,0.7529456,-0.1391771,0,0,0,0,0,0,77.53462
R,0.185526,0.7529456,-0.1391771,0,0,0,0,0,0,77.54811
R,0.185526,0.7529456,-0.1391771,0,0,0,0,0,0,77.56252
R,0.185526,0.7529456,-0.1391771,0,0,0,0,0,0,77.58779
R,0.185526,0.7529456,-0.1391771,0,0,0,0,0,0,77.60177
R,0.185526,0.7529456,-0.1391771,0,0,0,0,0,0,77.61559
R,0.185526,0.7529456,-0.1391771,0,0,0,0,0,0,77.63012
R,0.185526,0.7529456,-0.1391771,0,0,0,0,0,0,77.64332
R,0.185526,0.7529456,-0.1391771,0,0,0,0,0,0,77.65868
R,0.185526,0.7529456,-0.1391771,0,0,0,0,0,0,77.67465
R,0.185526,0.7529456,-0.1391771,0,0,0,0,0,0,77.69995
R,0.185526,0.7529456,-0.1391771,0,0,0,0,0,0,77.74149
R,0.185526,0.7529456,-0.1391771,0,0,0,0,0,0,77.75513
R,0.185526,0.7529456,-0.1391771,0,0,0,0,0,0,77.76884
R,0.185526,0.7529456,-0.1391771,0,0,0,0,0,0,77.78231
R,0.185526,0.7529456,-0.1391771,0,0,0,0,0,0,77.79651
R,0.185526,0.7529456,-0.1391771,0,0,0,0,0,0,77.81366
R,0.185526,0.7529456,-0.1391771,0,0,0,0,0,0,77.83896
R,0.185526,0.7529456,-0.1391771,0,0,0,0,0,0,77.86689
R,0.185526,0.7529456,-0.1391771,0,0,0,0,0,0,77.88234
R,0.185526,0.7529456,-0.1391771,0,0,0,0,0,0,77.8963
R,0.185526,0.7529456,-0.1391771,0,0,0,0,0,0,77.90971
R,0.185526,0.7529456,-0.1391771,0,0,0,0,0,0,77.92223
R,0.185526,0.7529456,-0.1391771,0,0,0,0,0,0,77.93665
R,0.185526,0.7529456,-0.1391771,0,0,0,0,0,0,77.95012
R,0.185526,0.7529456,-0.1391771,0,0,0,0,0,0,77.96307
R,0.185526,0.7529456,-0.1391771,0,0,0,0,0,0,77.97736
R,0.185526,0.7529456,-0.1391771,0,0,0,0,0,0,77.99119
R,0.185526,0.7529456,-0.1391771,0,0,0,0,0,0,78.00468
R,0.185526,0.7529456,-0.1391771,0,0,0,0,0,0,78.01919
R,0.185526,0.7529456,-0.1391771,0,0,0,0,0,0,78.03308
R,0.185526,0.7529456,-0.1391771,0,0,0,0,0,0,78.04704
R,0.1032888,0.7898791,-0.130353,-5.30462,2.382355,0.5691918,-342.1689,153.6713,36.71511,78.06254
R,0.1032888,0.7898791,-0.130353,0,0,0,398.9026,-179.1509,-42.8027,78.07584
R,0.1032888,0.7898791,-0.130353,0,0,0,0,0,0,78.08927
R,0.1032888,0.7898791,-0.130353,0,0,0,0,0,0,78.10258
R,0.09832948,0.8725352,-0.1426307,-0.3450251,5.750481,-0.8541719,-24.00379,400.0674,-59.4257,78.11696
R,0.09832948,0.8725352,-0.1426307,0,0,0,25.22205,-420.372,62.44173,78.13064
R,0.09832948,0.8725352,-0.1426307,0,0,0,0,0,0,78.14505
R,0.09832948,0.8725352,-0.1426307,0,0,0,0,0,0,78.15853
R,0.1577722,0.8784526,-0.05563188,4.250563,0.4231323,6.221008,303.9442,30.25685,444.8445,78.17252
R,0.2034394,0.8827806,0.01194002,3.408704,0.3230531,5.043726,-62.83836,-7.470151,-87.87511,78.18591
R,0.1563377,0.9376798,0.01089654,-3.245905,3.78325,-0.07190897,-458.5872,238.4516,-352.5323,78.20042
R,0.01060325,0.9804945,0.01122332,-10.54178,3.097027,0.02363805,-527.7511,-49.63835,6.911446,78.21425
R,0.02660059,1.015941,0.02773133,1.209928,2.680891,1.248551,888.817,-31.47358,92.64383,78.22747
R,0.006467064,1.04466,0.04281163,-1.441257,2.055852,1.079522,-189.7849,-44.74336,-12.09989,78.24144
R,-0.01004587,1.069115,0.05672575,-1.204442,1.783772,1.014886,17.27312,-19.8454,-4.714481,78.25515
R,-0.01537758,1.08454,0.1007814,-0.3408965,0.9862424,2.816808,55.21301,-50.99207,115.2104,78.27079
R,-0.02256988,1.09983,0.1375254,-0.275083,0.5847954,1.405344,2.51716,-15.35409,-53.98407,78.29694
R,-0.04107735,1.129336,0.1909806,-1.274729,2.032284,3.681808,-68.85216,99.698,156.7949,78.31145
R,-0.05099137,1.148301,0.2243854,-0.7167408,1.371036,2.415021,40.34015,-47.80542,-91.58317,78.32529
R,-0.05270507,1.146735,0.2649388,-0.1251355,-0.1143367,2.961238,43.19939,-108.4628,39.88508,78.33898
R,-0.05661495,1.149377,0.3000869,-0.2928435,0.197875,2.632529,-12.56104,23.38412,-24.61973,78.35233
R,-0.05065575,1.132327,0.326238,0.4353871,-1.245671,1.910637,53.20549,-105.4674,-52.74234,78.36602
R,-0.04845711,1.123672,0.351023,0.1537784,-0.6053645,1.733518,-19.69638,44.78458,-12.38814,78.38032
R,-0.03884498,1.100227,0.3359235,0.6964515,-1.698685,-1.094041,39.31966,-79.21711,-204.8723,78.39412
R,-0.03320472,1.085938,0.3308155,0.4026578,-1.020161,-0.3646621,-20.97393,48.43984,52.07038,78.40813
R,-0.03022683,1.076381,0.3318932,0.2006778,-0.6439829,0.07262813,-13.61127,25.35034,29.46864,78.42297
R,-0.0300935,1.064858,0.3092131,0.008720717,-0.7536724,-1.483397,-12.55499,-7.174257,-101.7721,78.43826
R,-0.0306625,1.056725,0.2974527,-0.02224286,-0.3179196,-0.4597259,-1.210396,17.034,40.01627,78.46384
R,-0.05578181,1.056596,0.2635064,-1.818022,-0.009387079,-2.456876,-129.9704,22.33019,-144.5447,78.47765
R,-0.0648447,1.056018,0.2553541,-0.6544855,-0.04171832,-0.5887289,84.02594,-2.334832,134.9101,78.4915
R,-0.08054731,1.056275,0.2359366,-1.141527,0.0186928,-1.41159,-35.40626,4.391685,-59.81925,78.50526
R,-0.09296483,1.056167,0.2228866,-0.8552753,-0.007463545,-0.8988326,19.71601,-1.801558,35.31697,78.51978
R,-0.08718722,1.047795,0.2085132,0.4049643,-0.5867898,-1.007462,88.33269,-40.60612,-7.614017,78.53404
R,-0.08469676,1.041499,0.1977309,0.08855906,-0.2239004,-0.3834123,-11.25118,12.90413,22.19082,78.56216
R,-0.06832453,1.01031,0.1319442,1.013671,-1.931005,-4.073123,57.2774,-105.6937,-228.4448,78.57832
R,-0.04634308,0.9702567,0.02318524,0.758797,-1.382636,-3.754345,-8.798217,18.92965,11.00415,78.60728
R,-0.00574412,0.9070341,-0.003922987,2.092563,-3.258639,-1.39722,68.74532,-96.69347,121.4916,78.62669
R,0.0160489,0.8832428,-0.02640417,0.874068,-0.9542151,-0.9016687,-48.87103,92.42516,19.87541,78.65162
R,0.03938988,0.8252876,-0.07256062,1.548254,-3.84428,-3.061649,44.7201,-191.7037,-143.2758,78.66669
R,0.05149009,0.8039274,-0.09260195,0.4239503,-0.7483899,-0.7021803,-39.3918,108.4695,82.66782,78.69524
R,0.05279764,0.7631775,-0.1416048,0.08793422,-2.740472,-3.295488,-22.59738,-133.9693,-174.4023,78.71011
R,0.05601034,0.7446228,-0.1627276,0.2219796,-1.28202,-1.459463,9.261776,100.7708,126.8589,78.72458
R,0.06963082,0.7427342,-0.1711801,0.9117787,-0.1264284,-0.5658237,46.17638,77.35735,59.82181,78.73952
R,0.08129731,0.7361837,-0.1832737,0.4385289,-0.2462248,-0.4545858,-17.78887,-4.502997,4.181296,78.76612
R,0.09957275,0.7280785,-0.1518649,1.184668,-0.5254003,2.036013,48.36692,-18.09698,161.448,78.78155
R,0.109829,0.7195629,-0.1451546,0.7196528,-0.597514,0.470838,-32.62872,-5.060008,-109.8237,78.7958
R,0.1066533,0.7041172,-0.1481177,-0.1203736,-0.5854563,-0.1123109,-31.84035,0.457038,-22.10367,78.82218
R,0.09878185,0.7188368,-0.1324133,-0.5304492,0.9919465,1.058308,-27.63466,106.2999,78.88704,78.83702
R,0.098404,0.7200778,-0.1296635,-0.02630184,0.08638144,0.1914031,35.09272,-63.03464,-60.34354,78.85139
R,0.0989616,0.7200703,-0.1258412,0.03948457,-0.0005318071,0.2706666,4.658431,-6.154454,5.612763,78.86551
R,0.100084,0.7187208,-0.1241201,0.07800642,-0.09378728,0.1196077,2.677167,-6.481009,-10.4982,78.8799
R,0.1016264,0.716504,-0.1234041,0.05885132,-0.08458879,0.02732385,-0.7309163,0.3509942,-3.521347,78.90611
R,0.1131304,0.7218257,-0.1257701,0.6967905,0.3223342,-0.1433065,38.63954,24.64705,-10.33496,78.92262
R,0.111359,0.7453023,-0.1205339,-0.07132956,0.9453533,0.2108508,-30.93058,25.08767,14.26117,78.94745
R,0.111359,0.7453023,-0.1205339,0,0,0,4.856784,-64.36849,-14.35669,78.96214
R,0.111359,0.7453023,-0.1205339,0,0,0,0,0,0,78.97727
R,0.111359,0.7453023,-0.1205339,0,0,0,0,0,0,79.0034
R,0.111359,0.7453023,-0.1205339,0,0,0,0,0,0,79.01786
R,0.111359,0.7453023,-0.1205339,0,0,0,0,0,0,79.03282
R,0.111359,0.7453023,-0.1205339,0,0,0,0,0,0,79.05943
R,0.111359,0.7453023,-0.1205339,0,0,0,0,0,0,79.07423
R,0.111359,0.7453023,-0.1205339,0,0,0,0,0,0,79.10174
R,0.111359,0.7453023,-0.1205339,0,0,0,0,0,0,79.11794
R,0.111359,0.7453023,-0.1205339,0,0,0,0,0,0,79.14282
R,0.111359,0.7453023,-0.1205339,0,0,0,0,0,0,79.15847
R,0.111359,0.7453023,-0.1205339,0,0,0,0,0,0,79.18436
R,0.111359,0.7453023,-0.1205339,0,0,0,0,0,0,79.20013
R,0.111359,0.7453023,-0.1205339,0,0,0,0,0,0,79.22604
R,0.111359,0.7453023,-0.1205339,0,0,0,0,0,0,79.24236
R,0.111359,0.7453023,-0.1205339,0,0,0,0,0,0,79.26736
R,0.111359,0.7453023,-0.1205339,0,0,0,0,0,0,79.28132
R,0.111359,0.7453023,-0.1205339,0,0,0,0,0,0,79.29619
R,0.111359,0.7453023,-0.1205339,0,0,0,0,0,0,79.32396
R,0.111359,0.7453023,-0.1205339,0,0,0,0,0,0,79.33848
R,0.111359,0.7453023,-0.1205339,0,0,0,0,0,0,79.35594
R,0.111359,0.7453023,-0.1205339,0,0,0,0,0,0,79.37922
R,0.111359,0.7453023,-0.1205339,0,0,0,0,0,0,79.40702
R,0.111359,0.7453023,-0.1205339,0,0,0,0,0,0,79.42255
R,0.111359,0.7453023,-0.1205339,0,0,0,0,0,0,79.44859
R,0.111359,0.7453023,-0.1205339,0,0,0,0,0,0,79.46292
R,0.111359,0.7453023,-0.1205339,0,0,0,0,0,0,79.47766
R,0.111359,0.7453023,-0.1205339,0,0,0,0,0,0,79.50409
R,0.3314166,1.010876,-0.2025506,15.17275,18.31106,-5.654969,1046.146,1262.529,-389.9043,79.51859
R,0.3314166,1.010876,-0.2025506,0,0,0,-1012.073,-1221.408,377.2051,79.53358
R,0.3314166,1.010876,-0.2025506,0,0,0,0,0,0,79.55932
R,0.3314166,1.010876,-0.2025506,0,0,0,0,0,0,79.57455
R,0.3314166,1.010876,-0.2025506,0,0,0,0,0,0,79.58875
R,0.3314166,1.010876,-0.2025506,0,0,0,0,0,0,79.60291
R,0.3314166,1.010876,-0.2025506,0,0,0,0,0,0,79.62866
R,0.3314166,1.010876,-0.2025506,0,0,0,0,0,0,79.64293
R,0.09496474,0.8380474,-0.1396725,-15.41902,-11.27017,4.100278,-1005.473,-734.9274,267.3789,79.65826
R,0.09496474,0.8380474,-0.1396725,0,0,0,1062.566,776.6583,-282.5613,79.67278
R,0.09496474,0.8380474,-0.1396725,0,0,0,0,0,0,79.69843
R,0.08225662,0.8512158,-0.1195156,-0.8878884,0.920051,1.408315,-62.03481,64.28194,98.39588,79.71275
R,0.07774028,0.8566003,-0.1109415,-0.3153787,0.3759989,0.5987384,39.97869,-37.99147,-56.53321,79.72707
R,0.07286044,0.8604533,-0.09119862,-0.1770303,0.1397795,0.716229,5.018989,-8.569541,4.26231,79.75463
R,0.07770183,0.9055833,0.002281405,0.1753926,1.634957,3.386571,12.76749,54.1669,96.74049,79.78223
R,0.06351621,0.9550729,0.08466836,-0.5011693,1.748438,2.91068,-23.90251,4.009207,-16.81294,79.81054
R,0.03126401,1.016362,0.1379337,-2.098987,3.98872,3.466531,-103.9867,145.7985,36.175,79.8259
R,0.01653467,1.050662,0.1641123,-0.5754408,1.340029,1.022738,59.5214,-103.4781,-95.47327,79.8515
R,-0.01831847,1.086382,0.2041743,-1.263,1.294417,1.451758,-24.91561,-1.652872,15.54673,79.8791
R,-0.03866567,1.112131,0.2617763,-0.7260954,0.9188547,2.055541,19.15958,-13.40205,21.54617,79.90712
R,-0.05098387,1.131394,0.3275457,-0.7659254,1.197744,4.089434,-2.476563,17.34087,126.4642,79.9232
R,-0.04594542,1.121745,0.3615718,0.1979024,-0.3790174,1.33649,37.85761,-61.93265,-108.1312,79.94866
R,-0.02824904,1.073299,0.3515695,1.184627,-3.243017,-0.6695668,66.05309,-191.7213,-134.289,79.9636
R,-0.02298924,1.061656,0.3552183,0.1896076,-0.4197091,0.1315319,-35.86886,101.7758,28.87833,79.99134
R,-0.03815443,1.051922,0.3141741,-1.040697,-0.6679974,-2.816617,-84.42855,-17.03855,-202.314,80.00591
R,-0.04425953,1.048739,0.3058404,-0.2328215,-0.1214086,-0.317811,30.80882,20.84448,95.29343,80.03214
R,-0.06132383,1.047369,0.2120003,-1.082077,-0.08687107,-5.950561,-53.85271,2.190082,-357.1823,80.0479
R,-0.06328169,1.041047,0.1916136,-0.07558752,-0.2440584,-0.7870783,38.85789,-6.068587,199.3484,80.07381
R,-0.04308207,1.003064,0.0813013,1.410551,-2.652371,-7.703172,103.7779,-168.1738,-482.9548,80.08813
R,-0.03531092,0.9900757,0.04467455,0.4338077,-0.7250519,-2.044609,-54.52455,107.5884,315.877,80.10604
R,-0.03056646,0.9786581,0.01181622,0.1949422,-0.4691296,-1.350096,-9.814605,10.51544,28.53642,80.13038
R,-0.003119942,0.8957479,-0.03745736,1.009391,-3.049161,-1.812117,29.95271,-94.88494,-16.99159,80.15757
R,0.01519203,0.8463129,-0.06396983,0.6590301,-1.779118,-0.9541576,-12.60916,45.70763,30.87713,80.18536
R,0.03041572,0.8226823,-0.07519715,0.5448931,-0.8457959,-0.4018533,-4.085242,33.40588,19.76833,80.21329
R,0.0415149,0.807559,-0.08831447,0.7750624,-1.056069,-0.9159907,16.07285,-14.68352,-35.90251,80.22762
R,0.04749089,0.797719,-0.09793559,0.2197768,-0.3618827,-0.3538324,-20.42155,25.52987,20.6743,80.25481
R,0.06296394,0.7950508,-0.09899064,0.9731687,-0.167815,-0.06635705,47.38416,12.20578,18.0806,80.27071
R,0.07130945,0.789944,-0.1037271,0.3276999,-0.2005271,-0.1859854,-25.34538,-1.284491,-4.697402,80.29617
R,0.07088543,0.7889659,-0.0970763,-0.0265027,-0.06113272,0.4157064,-22.13927,8.712779,37.60847,80.31217
R,0.07096031,0.7859101,-0.09507163,0.002931146,-0.119633,0.07848144,1.152316,-2.290247,-13.20214,80.33772
R,0.07153449,0.7821805,-0.09589858,0.03709205,-0.2409323,-0.05342071,2.206771,-7.835849,-8.520787,80.3532
R,0.07055388,0.7828184,-0.09948555,-0.03690245,0.02400723,-0.1349846,-2.784556,9.970183,-3.069406,80.37977
R,0.08035218,0.7700608,-0.103723,0.6348409,-0.8265764,-0.2745463,43.52286,-55.11008,-9.042331,80.3952
R,0.08586419,0.7633026,-0.1068679,0.212867,-0.2609937,-0.1214517,-16.2961,21.84209,5.912322,80.4211
R,0.08958366,0.7583523,-0.1114101,0.2293121,-0.3051983,-0.2800373,1.013871,-2.7253,-9.777111,80.43732
R,0.0922801,0.7546418,-0.114327,0.1038882,-0.1429582,-0.1123822,-4.832323,6.250774,6.459404,80.46327
R,0.1000306,0.7442812,-0.1179889,0.5110055,-0.6830868,-0.2414339,26.84189,-35.61154,-8.508587,80.47844
R,0.100271,0.7466322,-0.118084,0.009335938,0.09130093,-0.003693287,-19.48291,30.07424,9.232932,80.50419
R,0.1003689,0.7535666,-0.1166924,0.006509426,0.4611396,0.09254205,-0.1879638,24.59437,6.399675,80.51923
R,0.1003667,0.758431,-0.1152045,-8.223685E-05,0.1813923,0.05548348,-0.2457987,-10.43159,-1.38189,80.54604
R,0.108438,0.7659202,-0.1078891,0.5752659,0.5337819,0.5213909,41.00709,25.11605,33.20686,80.56007
R,0.1121138,0.7683561,-0.1055365,0.1222859,0.08103387,0.0782638,-15.06929,-15.06157,-14.74151,80.59013
R,0.1146528,0.7673329,-0.1052216,0.09872088,-0.03978558,0.01224339,-0.9162624,-4.69773,-2.567021,80.61585
R,0.1150316,0.7698588,-0.1046085,0.01371531,0.09145804,0.02220169,-3.077859,4.752034,0.3605675,80.64347
R,0.1189327,0.7885615,-0.09292579,0.2554086,1.224475,0.7648704,15.82379,74.17921,48.62291,80.65874
R,0.1189327,0.7885615,-0.09292579,0,0,0,-9.608761,-46.06612,-28.77529,80.68533
R,0.1189327,0.7885615,-0.09292579,0,0,0,0,0,0,80.69931
R,0.1189327,0.7885615,-0.09292579,0,0,0,0,0,0,80.71431
R,0.1189327,0.7885615,-0.09292579,0,0,0,0,0,0,80.74071
R,0.1189327,0.7885615,-0.09292579,0,0,0,0,0,0,80.75552
R,0.1189327,0.7885615,-0.09292579,0,0,0,0,0,0,80.7697
R,0.1189327,0.7885615,-0.09292579,0,0,0,0,0,0,80.79571
R,0.1189327,0.7885615,-0.09292579,0,0,0,0,0,0,80.81151
R,0.1189327,0.7885615,-0.09292579,0,0,0,0,0,0,80.82507
R,0.1189327,0.7885615,-0.09292579,0,0,0,0,0,0,80.83942
R,0.1189327,0.7885615,-0.09292579,0,0,0,0,0,0,80.865
R,0.1189327,0.7885615,-0.09292579,0,0,0,0,0,0,80.87924
R,0.1189327,0.7885615,-0.09292579,0,0,0,0,0,0,80.89378
R,0.1189327,0.7885615,-0.09292579,0,0,0,0,0,0,80.90758
R,0.1189327,0.7885615,-0.09292579,0,0,0,0,0,0,80.92207
R,0.1189327,0.7885615,-0.09292579,0,0,0,0,0,0,80.94857
R,0.1189327,0.7885615,-0.09292579,0,0,0,0,0,0,80.96421
R,0.1189327,0.7885615,-0.09292579,0,0,0,0,0,0,80.99358
R,0.1189327,0.7885615,-0.09292579,0,0,0,0,0,0,81.01831
R,0.1189327,0.7885615,-0.09292579,0,0,0,0,0,0,81.03365
R,0.1189327,0.7885615,-0.09292579,0,0,0,0,0,0,81.06004
R,0.1189327,0.7885615,-0.09292579,0,0,0,0,0,0,81.07491
R,0.1189327,0.7885615,-0.09292579,0,0,0,0,0,0,81.1017
R,0.1189327,0.7885615,-0.09292579,0,0,0,0,0,0,81.117
R,0.1189327,0.7885615,-0.09292579,0,0,0,0,0,0,81.14329
R,0.1189327,0.7885615,-0.09292579,0,0,0,0,0,0,81.1579
R,0.1189327,0.7885615,-0.09292579,0,0,0,0,0,0,81.17314
R,0.1189327,0.7885615,-0.09292579,0,0,0,0,0,0,81.19884
R,0.1189327,0.7885615,-0.09292579,0,0,0,0,0,0,81.2148
R,0.1189327,0.7885615,-0.09292579,0,0,0,0,0,0,81.24095
R,0.1189327,0.7885615,-0.09292579,0,0,0,0,0,0,81.25471
R,0.1189327,0.7885615,-0.09292579,0,0,0,0,0,0,81.26918
R,0.1189327,0.7885615,-0.09292579,0,0,0,0,0,0,81.28336
R,0.1189327,0.7885615,-0.09292579,0,0,0,0,0,0,81.29757
R,0.1189327,0.7885615,-0.09292579,0,0,0,0,0,0,81.31176
R,0.09300497,0.8418298,-0.1033956,-0.9974771,2.049306,-0.402788,-38.37432,78.83962,-15.49581,81.33775
R,0.09488421,0.8622676,-0.08025037,0.1252876,1.362578,1.543078,74.85403,-45.78371,129.7297,81.35275
R,0.09663969,0.8876215,-0.0503052,0.1231106,1.778052,2.100039,-0.1526708,29.137,39.05945,81.36701
R,0.09786122,0.9033792,-0.03196982,0.04631454,0.597454,0.6951852,-2.91172,-44.76233,-53.26499,81.39339
R,0.05474544,0.9654858,0.01785298,-2.947977,4.246446,3.406559,-204.7302,249.4944,185.3861,81.40801
R,0.0415645,1.001997,0.04608308,-0.9258587,2.564593,1.982945,142.0381,-118.1371,-99.99785,81.42225
R,0.02205247,1.040375,0.06870908,-0.7328025,1.44135,0.8497521,7.250506,-42.18502,-42.55869,81.44888
R,-0.009901101,1.093731,0.1112667,-2.298693,3.838382,3.061532,-112.6479,172.4389,159.1122,81.46278
R,-0.02238747,1.126484,0.1366684,-0.8244901,2.162713,1.677309,97.34344,-110.6465,-91.40194,81.47792
R,-0.02940138,1.139758,0.1770759,-0.2650122,0.501536,1.526749,21.1392,-62.76557,-5.688734,81.50439
R,-0.04429976,1.156178,0.2375216,-1.004506,1.107124,4.075485,-49.85955,40.83112,171.8456,81.51922
R,-0.05240741,1.162988,0.2825482,-0.5313433,0.4462891,2.950863,31.00921,-43.30851,-73.70319,81.53448
R,-0.06006115,1.171385,0.312769,-0.2957519,0.3244859,1.167775,9.103606,-4.706657,-68.90121,81.56036
R,-0.03089455,1.129282,0.2983036,1.810097,-2.612993,-0.8977328,130.6902,-182.3017,-128.1867,81.57647
R,-0.02060676,1.120301,0.3008033,0.4062791,-0.3546672,0.09871902,-55.43875,89.18447,39.35129,81.60179
R,-0.04749042,1.109995,0.2480731,-1.854576,-0.7109375,-3.637612,-155.9657,-24.5774,-257.7518,81.61629
R,-0.06193849,1.108567,0.2327069,-1.007844,-0.09957923,-1.071885,59.06487,42.64606,178.9755,81.63062
R,-0.07444341,1.108286,0.2189373,-0.9065509,-0.02042139,-0.9982327,7.343283,5.738593,5.339485,81.64442
R,-0.08509503,1.108592,0.2096466,-0.722634,0.02078481,-0.6303054,12.47741,2.795538,24.96116,81.65916
R,-0.09052422,1.093781,0.1831984,-0.2081355,-0.5678012,-1.013928,19.724,-22.56424,-14.70669,81.68524
R,-0.07206175,1.050971,0.09526731,1.299631,-3.013569,-6.189747,106.1364,-172.1653,-364.3421,81.69945
R,-0.06658851,1.03755,0.06956656,0.3785692,-0.9282569,-1.777651,-63.70731,144.2354,305.1727,81.71391
R,-0.04982406,1.003897,0.02308651,0.8747415,-1.755978,-2.425252,25.88945,-43.18909,-33.79071,81.73307
R,-0.03771932,0.9797741,-0.009889832,0.5572858,-1.110571,-1.518186,-14.61523,29.71362,41.76007,81.75479
R,-0.009213271,0.90582,-0.05206855,1.985305,-5.150542,-2.937539,99.45451,-281.364,-98.85094,81.76915
R,0.004138266,0.8820457,-0.07127502,0.9186417,-1.635765,-1.321485,-73.39093,241.8314,111.1913,81.78368
R,0.008787824,0.859353,-0.09406856,0.3303127,-1.612132,-1.619293,-41.79592,1.67898,-21.15677,81.79776
R,0.01341895,0.838063,-0.1157249,0.1762007,-0.8100213,-0.8239591,-5.863503,30.51791,30.26009,81.82404
R,0.03552427,0.797904,-0.1463094,1.610555,-2.925918,-2.228333,104.5045,-154.1605,-102.3202,81.83777
R,0.04696749,0.7792646,-0.1630495,0.8094364,-1.318457,-1.184112,-56.66713,113.7038,73.86296,81.85191
R,0.04540888,0.7893248,-0.1684175,-0.1120626,0.7233183,-0.3859506,-66.25492,146.8018,57.38708,81.86581
R,0.04598666,0.7916172,-0.1775843,0.02030321,0.08055672,-0.3221211,4.651326,-22.58661,2.242964,81.89427
R,0.0467214,0.8012395,-0.1495587,0.0500279,0.6551745,1.90824,2.023935,39.12535,151.8638,81.90896
R,0.0489644,0.800469,-0.1421351,0.1732437,-0.05950759,0.5733855,9.516881,-55.20024,-103.1008,81.92191
R,0.05248318,0.7858939,-0.1367776,0.2535533,-1.050242,0.3860434,5.786878,-71.38953,-13.49934,81.93578
R,0.05618157,0.7730982,-0.1350465,0.2627398,-0.9090278,0.1229812,0.6526253,10.03212,-18.68839,81.94986
R,0.05697092,0.770293,-0.1300888,0.05815762,-0.2066821,0.3652684,-15.07307,51.74696,17.85107,81.96343
R,0.05860146,0.7655236,-0.1279667,0.1144099,-0.3346577,0.1488996,3.947058,-8.979667,-15.18195,81.97768
R,0.06078641,0.7596121,-0.1276865,0.1564947,-0.4234034,0.02007236,3.014279,-6.35632,-9.227131,81.99165
R,0.06668946,0.7527469,-0.1260947,0.4281821,-0.497968,0.1154657,19.70704,-5.408596,6.91942,82.00543
R,0.07192852,0.745515,-0.1258622,0.3650688,-0.5039374,0.01620128,-4.397871,-0.4159648,-6.91695,82.01978
R,0.07607128,0.7425209,-0.12577,0.2985151,-0.2157478,0.006643202,-4.795666,20.76613,-0.6887281,82.03366
R,0.08008768,0.7381519,-0.1264082,0.2785383,-0.3029886,-0.04426153,-1.385396,-6.050169,-3.530257,82.04808
R,0.09472588,0.721162,-0.1259535,1.043884,-1.211592,0.0324274,54.57853,-64.7946,5.468863,82.0621
R,0.1067256,0.7070594,-0.1261868,0.8646674,-1.016188,-0.01681255,-12.91382,14.08029,-3.548092,82.07598
R,0.1168478,0.694526,-0.1268591,0.7445188,-0.9218794,-0.04945176,-8.837332,6.936685,-2.400722,82.08958
R,0.1146288,0.7021467,-0.1233892,-0.1622118,0.5570927,0.2536573,-66.28387,108.1159,22.1579,82.10326
R,0.1145387,0.7040973,-0.122097,-0.006447659,0.1396308,0.0925041,11.15036,-29.88397,-11.53614,82.11723
R,0.1142207,0.7084934,-0.1035185,-0.02251844,0.3112971,1.315566,-1.137996,12.15594,86.60681,82.13135
R,0.115305,0.7099265,-0.08968703,0.07575491,0.1001258,0.9663768,6.866143,-14.75408,-24.3971,82.14566
R,0.1172717,0.7094447,-0.07928479,0.1382952,-0.03387792,0.731461,4.397682,-9.422817,-16.51871,82.15988
R,0.1137677,0.7087873,-0.07800276,-0.1337837,-0.02509877,0.04894789,-10.38797,0.3351882,-26.05836,82.18607
R,0.1086277,0.7069218,-0.07982861,-0.379339,-0.1376821,-0.1347508,-18.12243,-8.308854,-13.55729,82.19962
R,0.1071315,0.7051816,-0.07987333,-0.1070466,-0.1245011,-0.003199948,19.48139,0.9430497,9.411917,82.2136
R,0.1062649,0.7031612,-0.07946768,-0.06363686,-0.1483587,0.02978652,3.187564,-1.751861,2.422186,82.22722
R,0.1120336,0.6709641,-0.08998613,0.4054253,-2.262806,-0.7392353,32.96564,-148.6031,-54.04677,82.24145
R,0.1166446,0.6488178,-0.09694814,0.3331726,-1.600202,-0.5030454,-5.220677,47.87698,17.06608,82.25529
R,0.1118535,0.6534014,-0.1014328,-0.1674607,0.1602104,-0.1567508,-17.4984,61.53086,12.10388,82.2839
R,0.1079071,0.6501183,-0.1052779,-0.1412139,-0.1174797,-0.1375876,0.9391796,-9.9365,0.68571,82.31184
R,0.1055353,0.6461129,-0.1073063,-0.1718486,-0.2902113,-0.1469713,-2.219647,-12.51535,-0.6799002,82.32565
R,0.1041759,0.6443014,-0.1080549,-0.09156352,-0.1220131,-0.05041592,5.407564,11.32891,6.503447,82.34049
R,0.1031172,0.6418886,-0.1088125,-0.0404228,-0.09212287,-0.02892593,1.952554,1.14121,0.8204879,82.36668
R,0.1028572,0.640336,-0.1090246,-0.017463,-0.1043055,-0.014251,1.542485,-0.818452,0.9858905,82.38157
R,0.1020653,0.6406338,-0.1085476,-0.0546325,0.02054688,0.03290399,-2.564148,8.612973,3.253,82.39606
R,0.1009013,0.6408433,-0.1078771,-0.04527338,0.008148646,0.02608059,0.3640116,-0.4822139,-0.2653875,82.42178
R,0.1005542,0.6395269,-0.1052587,-0.02586142,-0.09809373,0.195111,1.446483,-7.916658,12.59531,82.4352
R,0.100352,0.6382005,-0.1037283,-0.01333865,-0.08749843,0.1009491,0.8260612,0.698917,-6.211364,82.45036
R,0.09995069,0.6379369,-0.1036937,-0.02684974,-0.01763097,0.002316033,-0.9039941,4.674664,-6.599305,82.4653
R,0.099624,0.6375818,-0.1036784,-0.0125276,-0.01362045,0.0005862804,0.5492191,0.1537937,-0.06633183,82.49138
R,0.1004106,0.6350215,-0.1020962,0.05317355,-0.1730676,0.1069545,4.441248,-10.77827,7.19025,82.50617
R,0.1009348,0.6330185,-0.1010415,0.01965304,-0.07509699,0.03954324,-1.256751,3.673114,-2.527382,82.53284
R,0.09938209,0.6328667,-0.09982965,-0.1116394,-0.01091522,0.08712888,-9.439801,4.61461,3.421363,82.54675
R,0.0985068,0.632547,-0.09910052,-0.04830551,-0.01764474,0.04023972,3.495282,-0.3713903,-2.587729,82.56487
R,0.101783,0.6392952,-0.09312575,0.1349962,0.2780597,0.2461883,7.552882,12.1844,8.48604,82.58914
R,0.09848177,0.6411481,-0.0899879,-0.2397247,0.1345481,0.2278583,-27.21076,-10.42124,-1.331055,82.60291
R,0.09720482,0.6417032,-0.08863942,-0.08712808,0.03787497,0.09200785,10.41184,-6.596119,-9.269228,82.61757
R,0.09592168,0.6432463,-0.08627897,-0.08861095,0.1065637,0.1630082,-0.1024043,4.7435,4.903142,82.63205
R,0.09475867,0.6445329,-0.08410094,-0.08334472,0.09220373,0.1560845,0.3773952,-1.029078,-0.4961792,82.646
R,0.09374372,0.6455579,-0.08217929,-0.03785777,0.038231,0.07167757,1.696661,-2.01318,-3.148373,82.67281
R,0.09281523,0.6439333,-0.07947243,-0.06253814,-0.1094232,0.1823191,-1.662335,-9.945184,7.452213,82.68766
R,0.0925222,0.6434323,-0.07719645,-0.01120071,-0.0191519,0.08699836,1.96235,3.450579,-3.643593,82.71382
R,0.09163416,0.6339608,-0.07564697,-0.03198611,-0.341148,0.05581032,-0.748663,-11.59788,-1.123352,82.74158
R,0.09252918,0.6241035,-0.07680389,0.06145182,-0.6768023,-0.07943459,6.415452,-23.04604,-9.285919,82.75615
R,0.09377632,0.6221133,-0.07746548,0.08662684,-0.1382403,-0.04595433,1.74867,37.4088,2.325556,82.77055
R,0.09457216,0.6204674,-0.07779054,0.03022703,-0.06251358,-0.01234583,-2.142114,2.876166,1.27648,82.79688
R,0.09515395,0.6195297,-0.07894433,0.03998734,-0.06445415,-0.07930282,0.6708461,-0.1333789,-4.60209,82.81142
R,0.09543783,0.6188336,-0.07943224,0.02036617,-0.04993671,-0.03500338,-1.407655,1.041505,3.178115,82.82536
R,0.09617174,0.6164657,-0.07863182,0.05070918,-0.1636095,0.05530474,2.096531,-7.854147,6.239781,82.83984
R,0.09697178,0.6136996,-0.07772946,0.03113489,-0.1076469,0.03511682,-0.7617701,2.177889,-0.7856505,82.86553
R,0.07423602,0.6243171,-0.04486204,-1.597867,0.7461964,2.309919,-114.4861,60.00801,159.8729,82.87976
R,0.06664258,0.6280801,-0.02974124,-0.5200037,0.2576941,1.035482,73.81277,-33.45296,-87.27433,82.89436
R,0.08577732,0.7796703,-0.0800278,1.385651,10.97747,-3.641524,137.9989,776.2778,-338.6876,82.90817
R,0.09891206,0.8938766,-0.1070376,0.9147698,7.953901,-1.8811,-32.79455,-210.5768,122.6048,82.92253
R,0.1303195,0.9456258,-0.06668051,2.135187,3.518093,2.743613,82.96812,-301.5614,314.4037,82.93724
R,0.153919,0.982875,-0.03649283,0.9353567,1.476359,1.19648,-47.55494,-80.92352,-61.32016,82.96247
R,0.103556,1.028615,0.03374,-3.515004,3.192317,4.901787,-310.6058,119.7625,258.606,82.9768
R,0.08990216,1.056684,0.07653927,-0.9601035,1.973746,3.009542,179.6545,-85.687,-133.0581,82.99102
R,0.07356638,1.081235,0.1070694,-1.197519,1.799794,2.238054,-17.4041,-12.75183,-56.55513,83.00466
R,0.06118902,1.103735,0.1332794,-0.9063267,1.64753,1.919219,21.32244,-11.14947,-23.34652,83.01832
R,0.04801136,1.116835,0.1714695,-0.9000639,0.8947775,2.60847,0.4277578,-51.41466,47.07739,83.03296
R,0.03739014,1.130642,0.2043142,-0.3967354,0.5157452,1.226851,18.80088,-14.15803,-51.60773,83.05973
R,0.02225317,1.134475,0.2728978,-1.012779,0.2564127,4.588766,-41.21798,-17.35132,224.9377,83.07468
R,0.01509169,1.14137,0.3177249,-0.5261599,0.5065863,3.293479,35.7523,18.38047,-95.16585,83.08829
R,0.02394743,1.11494,0.3286532,0.6332459,-1.889917,0.7814503,82.90542,-171.3664,-179.6272,83.10227
R,0.02895151,1.100068,0.3419399,0.3530112,-1.049137,0.9373066,-19.76906,59.31257,10.99483,83.11645
R,0.03138047,1.091175,0.3575892,0.0897318,-0.3285434,0.5781261,-9.726199,26.62054,-13.26903,83.14352
R,0.01223709,1.08467,0.3279494,-1.297394,-0.4408044,-2.008764,-94.00897,-7.608208,-175.32,83.15827
R,-3.49444E-05,1.088637,0.3233823,-0.9067196,0.2930524,-0.3374392,28.86499,54.22101,123.4858,83.17181
R,-0.01029581,1.092065,0.3239266,-0.7349249,0.2455174,0.03898139,12.30463,-3.40465,26.96077,83.18577
R,-0.02734208,1.097177,0.293141,-1.265169,0.3794062,-2.284898,-39.35456,9.937182,-172.4776,83.19924
R,-0.04109519,1.101757,0.2754853,-0.9791678,0.3260966,-1.257015,20.36217,-3.795434,73.18124,83.21329
R,-0.0529868,1.105984,0.2640891,-0.8952649,0.3182528,-0.8579727,6.316669,-0.5905213,30.04207,83.22657
R,-0.05963469,1.097118,0.2341055,-0.4545399,-0.6062207,-2.050079,30.13391,-63.20949,-81.50851,83.2412
R,-0.06677783,1.091731,0.2148237,-0.5085631,-0.3835212,-1.372792,-3.846239,15.85533,48.22019,83.25524
R,-0.06113563,1.072284,0.1834656,0.3942075,-1.35875,-2.190922,63.0746,-68.13712,-57.16093,83.26955
R,-0.05912749,1.059133,0.1614722,0.1356061,-0.888049,-1.485173,-17.46285,31.78556,47.65788,83.28436
R,-0.05949581,1.049358,0.143698,-0.01397276,-0.3708394,-0.6742979,-5.674559,19.62133,30.76209,83.31072
R,-0.0418052,1.000209,0.06950445,1.267073,-3.52021,-5.31404,91.75368,-225.5707,-332.3171,83.32468
R,-0.03094089,0.9831125,0.04651074,0.6517193,-1.025579,-1.379328,-36.91334,149.6459,236.0323,83.34135
R,-0.02511534,0.9675838,0.01969156,0.2300591,-0.6132471,-1.059127,-16.65196,16.28358,12.64518,83.36668
R,-0.005860147,0.9013378,-0.05247567,1.243872,-4.279448,-4.661953,65.49163,-236.834,-232.7401,83.38216
R,0.002055912,0.8795604,-0.07807006,0.3085262,-0.8487701,-0.9975343,-36.45485,133.7097,142.8197,83.40781
R,0.013134,0.8224197,-0.1195151,0.7908647,-4.079269,-2.958759,34.43413,-230.6253,-140.0118,83.42182
R,0.02480671,0.8066245,-0.1386042,0.7547926,-1.021368,-1.234358,-2.33253,197.7332,111.505,83.43729
R,0.03377671,0.7891616,-0.1586982,0.3439779,-0.6696602,-0.7705558,-15.75375,13.48713,17.7857,83.46336
R,0.05385031,0.7631409,-0.1724211,1.393584,-1.806454,-0.9526947,72.86758,-78.9205,-12.64476,83.47777
R,0.06398013,0.7486615,-0.1846323,0.7608801,-1.08759,-0.9172211,-47.52423,53.99603,2.664524,83.49108
R,0.06476533,0.7579784,-0.1770367,0.05908035,0.7010306,0.57151,-52.80499,134.5798,112.0155,83.50437
R,0.0663405,0.7598858,-0.1763343,0.1108808,0.1342642,0.0494407,3.646392,-39.89646,-36.75009,83.51858
R,0.06891561,0.758507,-0.1790291,0.1835375,-0.09827437,-0.1920647,5.1785,-16.57384,-17.21294,83.53261
R,0.07118703,0.7593892,-0.1628084,0.1633131,0.06343424,1.166253,-1.454115,11.6267,97.66181,83.54652
R,0.07414759,0.757057,-0.1540264,0.2105512,-0.1658683,0.6245623,3.359521,-16.30773,-38.52444,83.56058
R,0.0712269,0.7538676,-0.1432572,-0.2069299,-0.2259671,0.7629962,-29.57842,-4.25798,9.808002,83.57469
R,0.06238903,0.7723882,-0.1288679,-0.6135577,1.285769,0.9989614,-28.22962,104.9503,16.38158,83.5891
R,0.06387633,0.7618133,-0.126024,0.103418,-0.7353117,0.1977495,49.85434,-140.5342,-55.71164,83.60348
R,0.06551345,0.7526819,-0.1250916,0.1200118,-0.6693975,0.06834845,1.216434,4.831935,-9.485936,83.61712
R,0.06726862,0.7445586,-0.1251943,0.1250292,-0.5786557,-0.007313604,0.3574145,6.463974,-5.38977,83.63116
R,0.07482493,0.7249089,-0.1367509,0.5640205,-1.466699,-0.8626173,32.76735,-66.28565,-63.84189,83.64455
R,0.08091561,0.7095419,-0.1455652,0.4489974,-1.132843,-0.6497754,-8.47936,24.61144,15.69044,83.65812
R,0.09207201,0.7032715,-0.1474199,0.8233626,-0.462763,-0.1368848,27.62882,49.45313,37.85225,83.67167
R,0.09561533,0.7067204,-0.1475822,0.2600396,0.2531058,-0.01190466,-41.34148,52.53659,9.172115,83.6853
R,0.09878575,0.7072541,-0.1485356,0.2251098,0.03789444,-0.06769705,-2.480125,-15.2807,-3.961441,83.69938
R,0.1017249,0.7061559,-0.1498829,0.2133097,-0.07969961,-0.09778494,-0.8564053,-8.534489,-2.183655,83.71316
R,0.1048117,0.7039981,-0.1515924,0.2167111,-0.151488,-0.12001,0.2387938,-5.039877,-1.560298,83.7274
R,0.1040635,0.7225678,-0.1483232,-0.05153715,1.279017,0.2251698,-18.476,98.52818,23.77478,83.74192
R,0.1204474,0.7549704,-0.1431514,1.165209,2.304437,0.3678096,86.53357,72.92672,10.14438,83.75598
R,0.1337023,0.7788915,-0.13985,0.9871244,1.781468,0.2458652,-13.26246,-38.94699,-9.081533,83.76941
R,0.1446552,0.7966911,-0.1377642,0.8029212,1.304823,0.1529052,-13.50329,-34.94114,-6.814566,83.78305
R,0.1541902,0.8107204,-0.136431,0.6904815,1.015944,0.09654372,-8.142373,-20.91928,-4.081445,83.79686
R,0.1521581,0.7960222,-0.1386506,-0.1477312,-1.06851,-0.1613543,-60.93523,-151.5328,-18.74832,83.81062
R,0.1495218,0.7979752,-0.1373359,-0.1928275,0.1428441,0.09615435,-3.298471,88.60189,18.83492,83.82429
R,0.1459472,0.8026244,-0.1348628,-0.2481607,0.3227663,0.1716929,-3.841436,12.49087,5.24417,83.83869
R,0.1400944,0.7882224,-0.136981,-0.4160146,-1.023696,-0.1505601,-11.9311,-95.70689,-22.90583,83.85276
R,0.1369593,0.7790778,-0.138551,-0.2214019,-0.6458024,-0.1108756,13.74368,26.6871,2.802545,83.86692
R,0.135492,0.7729775,-0.1397545,-0.1045819,-0.4347854,-0.08577713,8.326168,15.03993,1.788858,83.88095
R,0.1371311,0.7745411,-0.1385045,0.11689,0.1115045,0.0891371,15.79367,38.95719,12.47353,83.89497
R,0.1411831,0.7780847,-0.135806,0.2911741,0.2546387,0.1939162,12.524,10.28557,7.529388,83.90889
R,0.1449167,0.7612518,-0.1408366,0.2885454,-1.300896,-0.3887801,-0.2031526,-120.2164,-45.03253,83.92183
R,0.1481813,0.7492833,-0.1446058,0.2357546,-0.8643208,-0.2721935,-3.812344,31.52774,8.419415,83.93568
R,0.1511526,0.7400492,-0.1475676,0.212235,-0.6595793,-0.2115623,-1.679978,14.62445,4.330821,83.94968
R,0.1586973,0.7722936,-0.1444558,0.5712874,2.441557,0.2356274,27.18759,234.8193,33.86138,83.96288
R,0.1649311,0.7960509,-0.1424889,0.4357719,1.660758,0.137499,-9.473221,-54.58181,-6.859678,83.97719
R,0.1636401,0.7865257,-0.1450834,-0.08589586,-0.6337484,-0.1726225,-34.70864,-152.6627,-20.63363,83.99222
R,0.1619182,0.768056,-0.1501223,-0.1217279,-1.305749,-0.3562388,-2.533216,-47.50837,-12.9811,84.00636
R,0.1639571,0.783406,-0.1494346,0.1519251,1.143805,0.05124649,20.39128,182.5287,30.3638,84.01978
R,0.1666093,0.7985398,-0.1490189,0.1776366,1.013601,0.02784176,1.722047,-8.720538,-1.567555,84.03471
R,0.1691742,0.8102305,-0.1489441,0.09867322,0.4497565,0.002878953,-3.037829,-21.69188,-0.9603538,84.06071
R,0.1652536,0.7966341,-0.1515936,-0.2470562,-0.8567833,-0.1669593,-21.78628,-82.33211,-10.70242,84.07658
R,0.1652652,0.7968932,-0.1518126,0.0004516565,0.01006847,-0.008509093,9.617952,33.68515,6.157245,84.10231
R,0.1626735,0.7900022,-0.1567329,-0.1888299,-0.5020628,-0.3584891,-13.79073,-37.31299,-25.49893,84.11604
R,0.1602071,0.7834923,-0.1613641,-0.1781089,-0.4701188,-0.3344471,0.7742338,2.306868,1.736217,84.12988
R,0.158748,0.7792059,-0.1648295,-0.1046257,-0.3073458,-0.2484743,5.268916,11.67122,6.164459,84.14383
R,0.1582528,0.7793267,-0.1650452,-0.03467005,0.008455195,-0.01510646,4.898094,22.11147,16.33974,84.15811
R,0.1580291,0.7793645,-0.1652995,-0.01597837,0.002699251,-0.01815927,1.335126,-0.4111407,-0.2180588,84.17211
R,0.1578992,0.7793693,-0.1655505,-0.009450221,0.0003511723,-0.01826096,0.4748379,-0.1707921,-0.007396431,84.18586
R,0.1659334,0.7676184,-0.1663047,0.5439352,-0.7955635,-0.05105868,37.46556,-53.8854,-2.220487,84.20063
R,0.1719464,0.7591366,-0.1671677,0.4068842,-0.5739425,-0.05840015,-9.273903,14.99655,-0.4967789,84.21541
R,0.1700294,0.7610452,-0.1683315,-0.1402891,0.1396741,-0.08517304,-40.04417,52.2251,-1.959339,84.22907
R,0.1681245,0.7627584,-0.1696919,-0.1409083,0.1267239,-0.1006245,-0.04579814,-0.9579053,-1.142921,84.24259
R,0.1670515,0.7632585,-0.1698149,-0.06056538,0.02823199,-0.006944444,4.535187,-5.559659,5.288042,84.26031
R,0.1662357,0.7635162,-0.1700163,-0.03628359,0.01146293,-0.008956407,1.079967,-0.7458279,-0.08948489,84.28279
R,0.1649065,0.7642875,-0.1690525,-0.04622672,0.02682243,0.03351768,-0.3457856,0.5341473,1.477093,84.31155
R,0.1631619,0.7646102,-0.1671797,-0.1178053,0.02179128,0.1264671,-4.833566,-0.339744,6.276697,84.32635
R,0.1618552,0.7645302,-0.1657312,-0.0873864,-0.005353157,0.09686802,2.03422,-1.815243,-1.979393,84.34131
R,0.1558315,0.767952,-0.1661299,-0.2264857,0.1286597,-0.01499021,-5.230072,5.038823,-4.205818,84.3679
R,0.1505471,0.7709093,-0.1665504,-0.1907072,0.1067228,-0.0151749,1.291181,-0.7916623,-0.0066652,84.39561
R,0.1482036,0.7719768,-0.1613197,-0.08796334,0.04006703,0.1963338,3.856483,-2.50192,7.938966,84.42226
R,0.1482693,0.774813,-0.1526191,0.002394031,0.10335,0.3170421,3.292555,2.305985,4.39852,84.4497
R,0.1501629,0.7775654,-0.1434961,0.1236687,0.1797498,0.5958005,7.920138,4.989472,18.20499,84.46501
R,0.1506888,0.7787308,-0.1397075,0.020311,0.04500589,0.1463094,-3.991545,-5.20364,-17.35878,84.49091
R,0.1467158,0.7937497,-0.1220289,-0.2745124,1.037728,1.221496,-20.37063,68.59151,74.28932,84.50538
R,0.1451859,0.8003228,-0.1136773,-0.1067244,0.4585135,0.5825759,11.70426,-40.40385,-44.56866,84.51971
R,0.1402673,0.7986592,-0.115584,-0.1901184,-0.06430395,-0.07369951,-3.223419,-20.20841,-25.36695,84.54559
R,0.1395541,0.8341597,-0.08280563,-0.04830931,2.404712,2.220321,9.605786,167.2449,155.3911,84.56035
R,0.1390061,0.8521573,-0.06585085,-0.03865358,1.269636,1.196069,0.6811602,-80.07352,-72.25551,84.57452
R,0.09899238,0.880389,-0.04239834,-1.521521,1.073511,0.8917807,-56.38596,-7.457676,-11.57056,84.60082
R,0.05849134,0.9240295,-0.01515007,-2.740605,2.953044,1.843823,-82.49238,127.1834,64.42232,84.6156
R,0.0454559,0.9540027,-0.004166299,-0.8954833,2.05904,0.7545416,126.7525,-61.41454,-74.82927,84.63016
R,0.03361633,0.9749101,0.005534231,-0.440737,0.7782923,0.3611099,16.92829,-47.67685,-14.64581,84.65702
R,0.01950788,0.9969841,0.02939056,-0.9616348,1.504566,1.626051,-35.50448,49.50296,86.21861,84.67169
R,0.01122982,1.012107,0.04368377,-0.575608,1.051554,0.9938676,26.84207,-31.49985,-43.95839,84.68607
R,0.00533981,1.026935,0.07738306,-0.228272,0.5746877,1.306041,13.46127,-18.48133,12.09854,84.71188
R,-0.02243424,1.049436,0.1424102,-1.887196,1.528893,4.418472,-112.7208,64.83649,211.4839,84.72659
R,-0.03450371,1.064476,0.1838862,-0.4501904,0.560966,1.547055,53.60022,-36.10362,-107.1037,84.7534
R,-0.04427088,1.068699,0.2488789,-0.6633179,0.2868199,4.413846,-14.47412,-18.61807,194.6923,84.76813
R,-0.05110485,1.074883,0.2916257,-0.4384443,0.3967817,2.742492,14.42713,7.054775,-107.2284,84.78371
R,-0.03812712,1.064247,0.3290635,0.5216245,-0.4275194,1.504768,38.58882,-33.13179,-49.74887,84.80859
R,-0.01667266,1.020579,0.3490559,1.332739,-2.712611,1.241914,50.38595,-141.9486,-16.32834,84.82469
R,-0.002017628,1.004169,0.3451086,0.5657921,-0.6335788,-0.1523955,-29.60978,80.26595,-53.8306,84.85059
R,-0.02078279,0.9998667,0.3079506,-1.294519,-0.296764,-2.563351,-128.3341,23.23526,-166.3204,84.86509
R,-0.02773006,0.997986,0.3018898,-0.4737733,-0.1282559,-0.4133227,55.9713,11.49152,146.6225,84.87975
R,-0.05923774,1.006108,0.2813509,-1.170903,0.3018411,-0.7632759,-25.90705,15.98346,-13.00512,84.90666
R,-0.08924402,1.009537,0.21883,-2.074358,0.2370698,-4.322116,-62.45657,-4.477694,-246.0255,84.92113
R,-0.09787595,1.007634,0.1994096,-0.5705523,-0.1258037,-1.283647,99.39829,-23.98515,200.8362,84.93626
R,-0.1061408,1.006391,0.177997,-0.3191797,-0.04800291,-0.8269269,9.707694,3.004569,17.63797,84.96215
R,-0.09055346,0.9685593,0.112622,0.5620548,-1.364155,-2.357313,31.77584,-47.45823,-55.18315,84.98988
R,-0.07720906,0.9392596,0.0696611,0.8594978,-1.887154,-2.767064,19.15796,-33.68579,-26.3916,85.00541
R,-0.0740843,0.9274471,0.05141839,0.1073011,-0.4056298,-0.6264368,-25.82969,50.87409,73.50703,85.03453
R,-0.04832106,0.8897606,-0.01722995,1.015285,-1.485162,-2.705314,35.78212,-42.54252,-81.92503,85.05991
R,-0.02400605,0.8535684,-0.0531221,0.8784501,-1.307547,-1.296708,-4.943575,6.416845,50.88998,85.08759
R,-0.003033057,0.8209689,-0.08359706,1.430266,-2.223148,-2.078259,37.63146,-62.43998,-53.29839,85.10225
R,0.006455629,0.8060837,-0.09958414,0.6414136,-1.006201,-1.08069,-53.32466,82.26288,67.43341,85.11704
R,0.01734856,0.794848,-0.1090582,0.4264512,-0.4398732,-0.3709015,-8.415638,22.17135,27.78775,85.14259
R,0.02859689,0.7807996,-0.1279204,0.7112113,-0.8882507,-1.192625,18.00486,-28.35009,-51.9561,85.1584
R,0.032016,0.7753929,-0.1379835,0.1320804,-0.2088629,-0.3887398,-22.3719,26.24483,31.0542,85.18429
R,0.04790423,0.7614137,-0.1357763,1.12083,-0.9861578,0.1557065,69.75102,-54.83401,38.40779,85.19846
R,0.05676191,0.7526424,-0.1399362,0.6107278,-0.6047722,-0.2868176,-35.17103,26.29615,-30.51158,85.21297
R,0.06181343,0.7540532,-0.1425657,0.3404179,0.09507551,-0.1772032,-18.21597,47.16217,7.386828,85.22781
R,0.06722515,0.7524425,-0.1471664,0.2066196,-0.06149869,-0.1756549,-5.10842,-5.978006,0.05911091,85.254
R,0.07721239,0.7509997,-0.1391209,0.6360777,-0.09188988,0.5124144,27.35176,-1.935585,43.82246,85.2697
R,0.08357038,0.7476383,-0.1390009,0.2436706,-0.128824,0.004596126,-15.03906,-1.415506,-19.46221,85.29579
R,0.09746134,0.7544381,-0.1408418,0.5084381,0.2488852,-0.06738091,9.691037,13.82494,-2.634508,85.32311
R,0.1121361,0.7570052,-0.1405702,1.003368,0.1755184,0.01857354,33.84007,-5.016343,5.877006,85.33774
R,0.1200911,0.756406,-0.1419399,0.5549068,-0.04179417,-0.09554513,-31.28296,-15.15891,-7.960491,85.35207
R,0.1231087,0.7482015,-0.1388954,0.214491,-0.5831794,0.2164018,-24.19684,-38.4818,22.17327,85.36614
R,0.127039,0.7415637,-0.1374023,0.2738762,-0.4625324,0.1040452,4.138081,8.406936,-7.829243,85.38049
R,0.1402662,0.7622849,-0.1389674,0.5061913,0.7929813,-0.05989678,8.890511,48.0475,-6.273927,85.40662
R,0.153748,0.7670329,-0.1416195,0.9029576,0.3180011,-0.1776286,26.57381,-31.81227,-7.885204,85.42155
R,0.1576426,0.7592986,-0.1429862,0.2696643,-0.5355215,-0.09462803,-43.84945,-59.09821,5.746989,85.436
R,0.1619925,0.7535771,-0.1443782,0.1662252,-0.2186384,-0.05319105,-3.952763,12.10919,1.583448,85.46217
R,0.1582872,0.7640482,-0.1421621,-0.252291,0.7129708,0.1508929,-28.49649,63.43266,13.89594,85.47685
R,0.157693,0.7711074,-0.1411485,-0.04158603,0.4940019,0.07092878,14.74507,-15.32338,-5.595863,85.49114
R,0.1540293,0.7690249,-0.1434155,-0.2611251,-0.148429,-0.1615805,-15.64732,-45.78831,-16.57175,85.50517
R,0.1512648,0.7669411,-0.1458171,-0.1056715,-0.07965378,-0.09179801,5.942142,2.628902,2.667403,85.53133
R,0.1517155,0.7681434,-0.1454982,0.03099382,0.08268297,0.02192808,9.398216,11.16359,7.820727,85.54588
R,0.1525034,0.7690912,-0.1453957,0.05354236,0.06439946,0.006967057,1.532132,-1.242331,-1.016574,85.56059
R,0.1439987,0.7692067,-0.1485434,-0.3240524,0.004401344,-0.1199355,-14.38724,-2.286068,-4.835283,85.58684
R,0.1415281,0.7689143,-0.1504464,-0.1508948,-0.01786026,-0.1162291,10.576,-1.35968,0.226375,85.60321
R,0.1409224,0.7688094,-0.1512492,-0.02371402,-0.00410693,-0.03143026,4.979045,0.538434,3.31982,85.62875
R,0.1436699,0.7876434,-0.1480211,0.1820662,1.248033,0.2139106,13.63601,82.97295,16.25749,85.64384
R,0.1450421,0.7957992,-0.1470232,0.09742772,0.5790899,0.07085527,-6.009607,-47.49714,-10.1574,85.65793
R,0.1459163,0.7868153,-0.1520445,0.03322464,-0.3414146,-0.1908264,-2.439903,-34.98184,-9.944661,85.68424
R,0.1590197,0.76042,-0.1646989,0.9258686,-1.865056,-0.8941417,63.07312,-107.6586,-49.69539,85.69839
R,0.1648193,0.7521777,-0.1693777,0.3731773,-0.5303563,-0.3010612,-35.56326,85.88209,38.16212,85.71394
R,0.1734443,0.7393829,-0.1708173,0.6042234,-0.896333,-0.1008464,16.18582,-25.63832,14.02595,85.72821
R,0.1805352,0.7295597,-0.172396,0.272636,-0.3776905,-0.0606987,-12.74914,19.94119,1.543631,85.75422
R,0.1870453,0.7355133,-0.1737421,0.4176647,0.3819597,-0.08636292,9.304558,48.7366,-1.64653,85.76981
R,0.1904918,0.7364708,-0.1747701,0.1192861,0.03314175,-0.03558071,-10.3272,-12.07295,1.757625,85.7987
R,0.1980876,0.7245059,-0.1727017,0.3010577,-0.4742261,0.08198105,7.204466,-20.10938,4.659527,85.82393
R,0.2026752,0.7207407,-0.1676827,0.3383841,-0.2777196,0.3702035,2.753209,14.49437,21.25937,85.83749
R,0.2055056,0.718573,-0.1659655,0.2071381,-0.1586448,0.1256707,-9.605067,8.714339,-17.89581,85.85115
R,0.2005436,0.7149267,-0.1673249,-0.3485417,-0.256121,-0.09549169,-39.03219,-6.84695,-15.53494,85.86539
R,0.1961391,0.7106005,-0.1687088,-0.3117175,-0.3061808,-0.0979431,2.606171,-3.542891,-0.1734943,85.87952
R,0.1933534,0.7067207,-0.1697539,-0.193907,-0.2700685,-0.07274275,8.200558,2.513706,1.754148,85.89388
R,0.1904285,0.7071584,-0.1711476,-0.1924563,0.02880663,-0.09170275,0.09545408,19.66574,-1.247553,85.90908
R,0.1885232,0.7069858,-0.1721919,-0.0735401,-0.00666455,-0.04030707,4.589691,-1.369046,1.983667,85.93499
R,0.1834071,0.7297416,-0.1707811,-0.3318012,1.475828,0.09149439,-16.74953,96.14709,8.547986,85.95041
R,0.1801505,0.7463718,-0.170833,-0.2357015,1.203621,-0.003754185,6.955263,-19.70111,-6.893661,85.96423
R,0.1778665,0.7576634,-0.1709567,-0.1533653,0.7582007,-0.008303783,5.528673,-29.90889,-0.3054943,85.97912
R,0.1760875,0.7664424,-0.1710873,-0.07128637,0.3517846,-0.005232417,3.28898,-16.28547,0.1230725,86.00407
R,0.1675085,0.7768099,-0.1665367,-0.6081455,0.7349327,0.3225794,-38.05689,27.16062,23.23794,86.01818
R,0.1636342,0.7837082,-0.1644064,-0.2764336,0.4922003,0.1520003,23.66801,-17.31923,-12.171,86.0322
R,0.1606024,0.7892717,-0.1629461,-0.2223765,0.4080643,0.1071082,3.964961,-6.171163,-3.292727,86.04583
R,0.1579267,0.7945228,-0.1617411,-0.1820909,0.357359,0.08200387,2.741594,-3.450699,-1.70845,86.06052
R,0.1568235,0.7971382,-0.1596848,-0.0768371,0.1821533,0.1432101,7.330406,-12.20221,4.262714,86.07488
R,0.1555995,0.8000174,-0.1580865,-0.08611258,0.2025673,0.112453,-0.6525796,1.436231,-2.163927,86.0891
R,0.1500918,0.8045041,-0.1588492,-0.38176,0.3109879,-0.05286451,-20.49239,7.515023,-11.45875,86.10352
R,0.1454732,0.8090588,-0.1591959,-0.179154,0.1766795,-0.01344934,7.859124,-5.209846,1.528922,86.1293
R,0.1364848,0.8161904,-0.1228257,-0.6743703,0.5350601,2.728739,-37.15455,26.88819,205.7379,86.14263
R,0.1323667,0.8206038,-0.1054916,-0.2941577,0.3152418,1.238157,27.15817,-15.70138,-106.4706,86.15663
R,0.1001626,0.8580412,-0.06488741,-2.285357,2.656741,2.881469,-141.3051,166.164,116.6173,86.17072
R,0.07806144,0.8876934,-0.03257068,-1.58818,2.130795,2.322269,50.09888,-37.79425,-40.18392,86.18464
R,0.05461579,0.9079946,-0.01693388,-1.650413,1.429062,1.100723,-4.380774,-49.39717,-85.98849,86.19884
R,0.03586721,0.9251978,-0.002933654,-1.302976,1.195578,0.9729788,24.14592,-16.22657,-8.877862,86.21323
R,0.01969525,0.9406297,0.01046061,-1.145779,1.093349,0.94898,11.13737,-7.24288,-1.700308,86.22735
R,0.02035991,0.9580407,0.02507923,0.04643812,1.216464,1.021371,83.29759,8.601763,5.057811,86.24166
R,0.01767063,0.9740154,0.03906944,-0.1905347,1.131803,0.9912021,-16.78946,-5.998176,-2.137466,86.25578
R,0.0149173,0.9938406,0.06704096,-0.1969891,1.418412,2.001247,-0.4617829,20.50569,72.26452,86.26975
R,0.01041217,1.011906,0.09138283,-0.3338027,1.338512,1.803582,-10.13704,-5.9201,-14.64573,86.28325
R,0.003524333,1.030503,0.129383,-0.5089079,1.374075,2.807639,-12.93765,2.627572,74.18475,86.29678
R,-0.003680649,1.04789,0.1620106,-0.5446202,1.314239,2.4663,-2.699471,-4.522969,-25.8016,86.31001
R,-0.01108244,1.064483,0.1906036,-0.5556511,1.245642,2.146473,-0.8280892,-5.149592,-24.00938,86.32333
R,-0.02104882,1.07776,0.2211719,-0.6868104,0.9149662,2.106549,-9.038545,-22.78776,-2.751281,86.33784
R,-0.03028439,1.091266,0.2489128,-0.6557559,0.9589653,1.969692,2.204974,3.124082,-9.717319,86.35193
R,-0.03528545,1.085689,0.2894543,-0.3560558,-0.3970244,2.886398,21.33747,-96.54116,65.26593,86.36597
R,-0.0409826,1.08516,0.3250855,-0.3835323,-0.03564779,2.398688,-1.849713,24.32786,-32.83263,86.38083
R,-0.04708727,1.087916,0.3569228,-0.2263512,0.1021879,1.180478,5.828017,5.110723,-45.16925,86.4078
R,-0.01683846,1.030407,0.3465502,2.121334,-4.033064,-0.7274257,164.6419,-290.0031,-133.8003,86.42206
R,-0.006885029,1.016088,0.3450771,0.6902729,-0.9930225,-0.1021619,-99.24446,210.8277,43.36221,86.43648
R,-0.002067542,1.005705,0.3491404,0.3219978,-0.6940098,0.271589,-24.61527,19.98582,24.98127,86.45144
R,-0.02156193,1.004083,0.3126421,-0.7670876,-0.06380873,-1.436177,-42.85458,24.79787,-67.19913,86.47685
R,-0.05708449,1.006745,0.2628502,-2.442819,0.1830732,-3.424093,-115.2368,16.9776,-136.7052,86.49139
R,-0.07199971,1.010393,0.2477235,-1.027848,0.251339,-1.042425,97.50946,4.704386,164.1272,86.50591
R,-0.08524714,1.012722,0.2352998,-0.9043579,0.1590495,-0.8481211,8.430289,-6.300301,13.26445,86.52055
R,-0.08918604,1.00551,0.1993053,-0.1515791,-0.2775525,-1.385166,28.96894,-16.80161,-20.66692,86.54654
R,-0.08887637,0.9790322,0.1280936,0.01123101,-0.9602954,-2.582694,5.904771,-24.76162,-43.43177,86.57411
R,-0.07182319,0.9375383,0.06305794,0.915688,-2.22806,-3.492158,48.56575,-68.07393,-48.83458,86.59274
R,-0.05787596,0.9197212,0.03849086,0.6037288,-0.7712418,-1.063427,-13.50367,63.0608,105.1316,86.61584
R,-0.03396164,0.8826131,-0.03973228,1.593542,-2.472718,-5.212437,65.95671,-113.3787,-276.4713,86.63084
R,-0.01499498,0.8664569,-0.06552495,0.7239364,-0.6166642,-0.9844779,-33.19191,70.84352,161.3765,86.65704
R,0.005433548,0.8205534,-0.1213621,1.393862,-3.132048,-3.809831,45.70975,-171.6275,-192.777,86.6717
R,0.01528228,0.8030967,-0.1445647,0.3602827,-0.6385928,-0.8487879,-37.81001,91.21466,108.3198,86.69904
R,0.03122718,0.7706657,-0.1837388,1.035132,-2.105397,-2.543157,43.8107,-95.22386,-109.9972,86.71444
R,0.03977381,0.7554629,-0.2037611,0.3234834,-0.5754156,-0.7578277,-26.93536,57.90868,67.57341,86.74086
R,0.06064924,0.7543095,-0.1758763,0.7525262,-0.04157642,1.0052,15.46631,19.24405,63.55433,86.7686
R,0.06674518,0.7581127,-0.1723482,0.4001038,0.2496166,0.2315671,-23.13105,19.1123,-50.77696,86.78384
R,0.07124988,0.7552762,-0.1772288,0.3170996,-0.1996677,-0.3435591,-5.842926,-31.62653,-40.48493,86.79804
R,0.07333945,0.7517945,-0.1641347,0.08105498,-0.1350575,0.5079206,-9.156212,2.50624,33.02905,86.82382
R,0.07755221,0.7406673,-0.1459314,0.3018993,-0.7974046,1.304512,15.82641,-47.46592,57.08632,86.83778
R,0.08107784,0.7340602,-0.1418562,0.249655,-0.4678594,0.2885655,-3.699498,23.33558,-71.94067,86.8519
R,0.0901892,0.7240237,-0.1368333,0.6441447,-0.7095512,0.3551032,27.88919,-17.08685,4.704006,86.86604
R,0.09812511,0.7148854,-0.1343316,0.5529909,-0.636779,0.1743265,-6.351787,5.070919,-12.5969,86.88039
R,0.1052247,0.7062525,-0.1334548,0.5129844,-0.6237726,0.06335167,-2.890698,0.9397869,-8.018576,86.89423
R,0.1095311,0.7094852,-0.1404286,0.307606,0.2309051,-0.4981309,-14.66995,61.04867,-40.10608,86.90823
R,0.1141108,0.7097424,-0.1461033,0.3152681,0.01770943,-0.3906465,0.5274627,-14.67646,7.399262,86.92276
R,0.118588,0.7305129,-0.1357582,0.1735145,0.8049762,0.4009323,-5.493769,30.51113,30.67825,86.94856
R,0.1283171,0.7325448,-0.1328892,0.6801172,0.1420417,0.2005594,35.41409,-46.34248,-14.00708,86.96287
R,0.1349501,0.7223384,-0.1367167,0.4694366,-0.7223399,-0.2708833,-14.91055,-61.17506,-33.36551,86.977
R,0.1406878,0.7142669,-0.1396994,0.4058547,-0.5709407,-0.2109839,-4.497462,10.70922,4.236985,86.99113
R,0.137737,0.7242438,-0.1376087,-0.1970258,0.6661679,0.1396002,-40.2551,82.60331,23.40894,87.00611
R,0.135474,0.7355478,-0.1354624,-0.0834601,0.4168938,0.07915542,4.18832,-9.19326,-2.229211,87.03323
R,0.1454651,0.7412642,-0.1385102,0.3733063,0.2135877,-0.1138787,17.0665,-7.596277,-7.212475,87.05999
R,0.1647227,0.7515925,-0.143222,1.297085,0.6956577,-0.3173617,62.22071,32.46962,-13.70552,87.07484
R,0.1739477,0.7554668,-0.1453442,0.6550026,0.2750838,-0.1506774,-45.58992,-29.86212,11.83513,87.08892
R,0.1682677,0.7467536,-0.1473632,-0.41246,-0.6327173,-0.1466131,-77.51493,-65.92094,0.2951275,87.10269
R,0.1636182,0.7376485,-0.1499798,-0.3295922,-0.6454418,-0.1854909,5.874332,-0.9020163,-2.755968,87.1168
R,0.1616279,0.7312505,-0.1523037,-0.07438527,-0.23912,-0.08685308,9.538205,15.18603,3.686528,87.14355
R,0.162468,0.7546163,-0.15515,0.03019123,0.839757,-0.1022957,3.758446,38.77449,-0.5550013,87.17138
R,0.1572184,0.7604134,-0.1470629,-0.1880487,0.2076643,0.2896972,-7.81775,-22.6427,14.04189,87.1993
R,0.1589043,0.7881985,-0.1338357,0.1086404,1.790488,0.8523614,19.1188,101.9979,36.25837,87.21481
R,0.160167,0.799423,-0.1290049,0.04932936,0.438513,0.1887313,-2.317144,-52.81849,-25.92648,87.24041
R,0.162456,0.7959415,-0.1281384,0.1604445,-0.2440216,0.06073488,7.788281,-47.84019,-8.971519,87.25468
R,0.1634372,0.7962769,-0.1266879,0.06836768,0.02337105,0.1010693,-6.416105,18.63247,2.810586,87.26903
R,0.1645837,0.7973372,-0.1249802,0.07762058,0.07178138,0.1156177,0.6264442,3.2775,0.9849662,87.2838
R,0.1659469,0.7990217,-0.1230422,0.09369981,0.1157782,0.1332027,1.105158,3.023992,1.208652,87.29835
R,0.1658314,0.7907016,-0.1271276,-0.004543419,-0.3272879,-0.1607102,-3.864627,-17.42904,-11.56175,87.32377
R,0.1772755,0.79625,-0.1394788,0.7105656,0.3445013,-0.7668842,44.40112,41.7114,-37.63734,87.33987
R,0.182502,0.7993969,-0.1435748,0.1978172,0.1191051,-0.1550318,-19.40715,-8.531079,23.15816,87.36629
R,0.1814093,0.7633663,-0.1459438,-0.07262813,-2.394828,-0.1574544,-17.97556,-167.0924,-0.1610209,87.38134
R,0.1818992,0.7528232,-0.1471185,0.01691354,-0.3639448,-0.04055268,3.090968,70.10587,4.035432,87.41031
R,0.184735,0.7429236,-0.1532703,0.1120198,-0.39107,-0.2430157,3.757012,-1.071536,-7.997962,87.43562
R,0.1878744,0.7349505,-0.1576793,0.2083485,-0.5291337,-0.2926058,6.39291,-9.162674,-3.291075,87.45069
R,0.1895207,0.7313266,-0.1595742,0.06267358,-0.1379588,-0.07213742,-5.545717,14.89168,8.39304,87.47696
R,0.1989711,0.7249669,-0.1655246,0.6077927,-0.4090177,-0.3826965,35.05881,-17.43289,-19.97331,87.49251
R,0.2033097,0.7214711,-0.1682356,0.1671084,-0.1346491,-0.104415,-16.97366,10.56775,10.71846,87.51847
R,0.2011704,0.7278017,-0.1649995,-0.1486757,0.4399606,0.2248952,-21.94616,39.93385,22.88618,87.53286
R,0.2000524,0.7322761,-0.1628204,-0.08181532,0.3274576,0.1594801,4.893088,-8.233382,-4.787317,87.54652
R,0.1996713,0.7346741,-0.1616753,-0.02778043,0.174808,0.08347491,3.939078,-11.12797,-5.540687,87.56024
R,0.1949329,0.7439423,-0.158067,-0.3238165,0.6333705,0.2465846,-20.23047,31.33718,11.14656,87.57487
R,0.1913963,0.7503709,-0.1561124,-0.2321226,0.4219376,0.1282832,6.01828,-13.87729,-7.764643,87.59011
R,0.1889761,0.7550537,-0.1547506,-0.09401802,0.181915,0.05290341,5.36504,-9.324315,-2.92833,87.61585
R,0.176074,0.7703755,-0.1481474,-0.8485206,1.007656,0.4342699,-49.62075,54.30581,25.08102,87.63106
R,0.1713462,0.7772505,-0.1454237,-0.1794093,0.2608932,0.1033601,25.39136,-28.33806,-12.55733,87.65741
R,0.1725536,0.7753958,-0.146479,0.08910253,-0.1368859,-0.07788746,19.81666,-29.35681,-13.3764,87.67096
R,0.1729764,0.774731,-0.1469271,0.03034831,-0.04771358,-0.03216131,-4.217433,6.400874,3.282266,87.68489
R,0.1590162,0.7897596,-0.1398275,-0.9944506,1.070559,0.5057341,-73.00133,79.65989,38.31686,87.69893
R,0.1486918,0.8016016,-0.1343529,-0.7077627,0.8117972,0.3752983,19.65312,-17.7387,-8.941678,87.71352
R,0.1538868,0.7964945,-0.1327485,0.3729067,-0.3665928,0.1151627,77.57146,-84.58595,-18.67278,87.72745
R,0.1589871,0.7914467,-0.1306214,0.3561576,-0.3524948,0.1485353,-1.169602,0.9844686,2.330428,87.74177
R,0.1617265,0.7875748,-0.1302481,0.2021682,-0.2857545,0.0275538,-11.36469,4.925557,-8.928654,87.75532
R,0.1632827,0.7853434,-0.129644,0.1092537,-0.1566517,0.04241221,-6.523031,9.06361,1.043129,87.76956
R,0.1641047,0.7841458,-0.1289714,0.05706787,-0.08314437,0.04669396,-3.622931,5.103155,0.2972552,87.78397
R,0.1667496,0.782734,-0.1219861,0.1010388,-0.0539338,0.266854,1.679789,1.11591,8.410615,87.81014
R,0.1680585,0.7894115,-0.1036927,0.09848481,0.5024353,1.376439,-0.1921664,41.86246,83.48768,87.82343
R,0.1683602,0.7924873,-0.0951457,0.02091837,0.2131933,0.5924202,-5.376409,-20.0484,-54.34316,87.83786
R,0.1684703,0.7949169,-0.08882518,0.007866843,0.173729,0.4519604,-0.9332733,-2.821961,-10.04384,87.85184
R,0.1642511,0.8048802,-0.09580664,-0.3038569,0.7175352,-0.502788,-22.44959,39.16361,-68.75867,87.86573
R,0.1611239,0.8127898,-0.09972247,-0.2182518,0.5520376,-0.2732992,5.974667,-11.55064,16.0168,87.88006
R,0.1586822,0.8192725,-0.1017068,-0.1708708,0.4536589,-0.1388632,3.315711,-6.884512,9.40779,87.89435
R,-0.001583442,0.9072803,-0.03435929,-12.02424,6.602953,5.052876,-889.3214,461.3625,389.5201,87.90768
R,0.0496076,0.9760473,0.02083402,3.688682,4.955152,3.977074,1132.229,-118.7359,-77.51928,87.92155
R,0.01564372,1.026646,0.06146631,-2.419409,3.604356,2.894433,-435.1085,-96.22364,-77.1217,87.93559
R,-0.0053791,1.06562,0.09265289,-1.401578,2.598423,2.07919,67.85815,-67.06493,-54.3517,87.95059
R,-0.009931292,1.087395,0.1409889,-0.1677439,0.802366,1.781134,45.46561,-66.18297,-10.98309,87.97773
R,-0.02343939,1.122837,0.2114628,-0.9596386,2.517886,5.006591,-56.25758,121.8735,229.1421,87.99181
R,-0.03060608,1.144161,0.2549839,-0.5034041,1.497865,3.057019,32.04693,-71.64858,-136.9423,88.00604
R,-0.0350052,1.145728,0.2881101,-0.3078492,0.1096253,2.318162,13.68487,-97.1486,-51.70495,88.02033
R,-0.04003386,1.15037,0.3176105,-0.3707071,0.3422385,2.174733,-4.633806,17.14796,-10.5734,88.0339
R,-0.04543862,1.157265,0.3449739,-0.3973152,0.5068091,2.011541,-1.956021,12.09793,-11.99658,88.0475
R,-0.03276644,1.129246,0.3260235,0.9207144,-2.035719,-1.376871,95.76318,-184.7307,-246.1896,88.06126
R,-0.02482034,1.113328,0.3183327,0.5371382,-1.076062,-0.5198758,-25.92888,64.87064,57.93092,88.07606
R,-0.03313841,1.094478,0.3018476,-0.3222778,-0.7303013,-0.6387048,-33.29748,13.39626,-4.603948,88.10187
R,-0.04953916,1.071198,0.2752335,-1.10127,-1.56322,-1.787073,-52.30742,-55.92847,-77.11013,88.11676
R,-0.05797539,1.062915,0.2650475,-0.6126055,-0.6014543,-0.7396641,35.4849,69.83967,76.05875,88.13053
R,-0.06523064,1.056693,0.2586562,-0.5256829,-0.4508188,-0.4630882,6.298019,10.91437,20.03945,88.14433
R,-0.07327521,1.053574,0.2205178,-0.5069317,-0.1965294,-2.403307,1.181614,16.02414,-122.2636,88.1602
R,-0.08058354,1.050663,0.1965551,-0.2840801,-0.11317,-0.9314437,8.6624,3.240238,57.21236,88.18593
R,-0.0706184,1.0077,0.1217376,0.642159,-2.768559,-4.821281,59.68732,-171.1146,-250.6631,88.20145
R,-0.06860656,0.9933397,0.09907511,0.06829741,-0.4874972,-0.7693388,-19.48127,77.43678,137.554,88.2309
R,-0.03929374,0.9214334,0.01202775,1.152742,-2.827755,-3.423184,42.64637,-92.03188,-104.3639,88.25633
R,-0.0119098,0.8578371,-0.03500667,1.018232,-2.364736,-1.748906,-5.001574,17.21667,62.25558,88.28323
R,0.005037849,0.8054246,-0.07291699,1.179067,-3.646393,-2.637464,11.18948,-89.16631,-61.81795,88.2976
R,0.01263804,0.7830182,-0.09104073,0.5232,-1.542468,-1.247644,-45.1501,144.8349,95.67564,88.31213
R,0.03121276,0.7682739,-0.1092838,1.388042,-1.101799,-1.363261,64.62743,32.93013,-8.639761,88.32551
R,0.04649767,0.7518256,-0.1275086,1.073071,-1.154752,-1.279459,-22.11238,-3.71757,5.883302,88.33975
R,0.05943478,0.7347257,-0.1456124,0.9131353,-1.206953,-1.277821,-11.28869,-3.684521,0.115593,88.35392
R,0.06536364,0.7241693,-0.1439311,0.2311445,-0.4115575,0.06554994,-26.58831,31.00956,52.3731,88.37957
R,0.07686683,0.7112601,-0.1345299,0.7981716,-0.8957244,0.6523231,39.34429,-33.59488,40.71442,88.39398
R,0.08446484,0.7005466,-0.1364916,0.496454,-0.700021,-0.128178,-19.71422,12.78726,-50.99792,88.40929
R,0.08504182,0.6997328,-0.1407327,0.0460012,-0.06488557,-0.3381354,-35.91348,50.63776,-16.73938,88.42183
R,0.08732979,0.6952314,-0.1466223,0.1572568,-0.3093865,-0.4048028,7.646823,-16.80504,-4.582191,88.43638
R,0.09076381,0.6884551,-0.1535138,0.1294517,-0.2554465,-0.2597892,-1.048165,2.033368,5.466558,88.46291
R,0.08962406,0.6799157,-0.1573877,-0.07988699,-0.5985461,-0.2715282,-14.67296,-24.04853,-0.8228108,88.47717
R,0.08937882,0.685981,-0.1539024,-0.01822252,0.4506803,0.2589718,4.581907,77.96156,39.41819,88.49063
R,0.09012958,0.6936044,-0.1499382,0.05457755,0.5541936,0.2881807,5.292319,7.525064,2.123392,88.50439
R,0.09154949,0.6967229,-0.1488166,0.09774755,0.2146796,0.07721511,2.971838,-23.37225,-14.52294,88.51891
R,0.1028164,0.6769466,-0.1507158,0.8172536,-1.434491,-0.1377639,52.18987,-119.6237,-15.59365,88.5327
R,0.1121214,0.6615322,-0.1533296,0.679078,-1.124939,-0.1907548,-10.08405,22.59108,-3.867273,88.5464
R,0.1175781,0.6800043,-0.1554704,0.3832919,1.29752,-0.1503728,-20.77668,170.1589,2.836523,88.56064
R,0.1227696,0.6918802,-0.1581197,0.1788341,0.4090917,-0.09126098,-7.043018,-30.60396,2.036244,88.58967
R,0.1256518,0.6888584,-0.1501818,0.1896438,-0.1988305,0.522305,0.7112699,-40.00079,40.37215,88.60487
R,0.1388569,0.7021348,-0.1468053,0.957311,0.9624801,0.2447866,55.65247,84.18989,-20.11885,88.61866
R,0.1526343,0.722034,-0.1460736,0.9002125,1.300213,0.0478058,-3.730819,22.06743,-12.87072,88.63396
R,0.1620983,0.7329554,-0.1459937,0.6068848,0.7003387,0.005126475,-18.80971,-38.46706,-2.736822,88.64956
R,0.1652595,0.7405739,-0.1468211,0.1887671,0.4549331,-0.0494065,-24.96744,-14.65412,-3.256376,88.66631
R,0.1691149,0.7467855,-0.1476791,0.2702321,0.4353819,-0.06013849,5.710042,-1.370384,-0.7522268,88.68057
R,0.1683498,0.7440747,-0.1468582,-0.0535394,-0.1897023,0.05744669,-22.65743,-43.74321,8.228578,88.69486
R,0.1674166,0.737444,-0.1448795,-0.0341184,-0.242425,0.07234026,0.7100557,-1.927606,0.5445273,88.72221
R,0.1693944,0.772307,-0.1462819,0.1240894,2.187436,-0.0879916,9.92657,152.459,-10.05985,88.73815
R,0.1717662,0.7892703,-0.1470277,0.1669639,1.1941,-0.05249312,3.018071,-69.92406,2.498849,88.75236
R,0.1707204,0.7854901,-0.1464331,-0.07264341,-0.2625737,0.04129923,-16.64325,-101.1813,6.514865,88.76675
R,0.170136,0.7824858,-0.1459472,-0.04018765,-0.2065968,0.03341627,2.231921,3.849427,-0.5420962,88.7813
R,0.1628127,0.7774091,-0.1442059,-0.2835707,-0.1965773,0.06742291,-9.424136,0.3879691,1.316785,88.80712
R,0.1517239,0.7628307,-0.1416946,-0.7886217,-1.036803,0.1786044,-35.91864,-59.75588,7.9071,88.82118
R,0.146779,0.7546758,-0.1404938,-0.3340931,-0.5509665,0.08112617,30.70926,32.82452,-6.585913,88.83598
R,0.1434375,0.7492379,-0.1396942,-0.2464641,-0.4011017,0.05898174,6.463535,11.05407,-1.633379,88.84954
R,0.1439837,0.7483351,-0.141532,0.03430369,-0.05670146,-0.1154225,17.63335,21.62972,-10.95329,88.86546
R,0.1441755,0.7478384,-0.1424603,0.007247625,-0.01876982,-0.03508585,-1.022576,1.433614,3.036298,88.89192
R,0.1512006,0.7299592,-0.1427201,0.491615,-1.25118,-0.01817564,33.89589,-86.24374,1.183372,88.90621
R,0.1538023,0.7236417,-0.1428111,0.182846,-0.4439971,-0.006396615,-21.70025,56.72875,0.8278283,88.92044
R,0.1509545,0.7226024,-0.14799,-0.2057704,-0.07509733,-0.3742043,-28.07979,26.65515,-26.57623,88.93428
R,0.1489314,0.7212121,-0.1518766,-0.1379626,-0.0948109,-0.2650488,4.6242,-1.34438,7.443926,88.94894
R,0.1519534,0.7166756,-0.1538842,0.2189551,-0.3286907,-0.1454641,25.86065,-16.94588,8.664572,88.96275
R,0.1543963,0.7125137,-0.1556718,0.135964,-0.2316415,-0.09949327,-4.619028,5.401462,2.558594,88.98071
R,0.1525361,0.7114679,-0.1575688,-0.08116457,-0.04562927,-0.08276854,-9.473862,8.116176,0.7297412,89.00363
R,0.1509559,0.7108897,-0.1596026,-0.05549921,-0.02030789,-0.07142932,0.9013961,0.8893148,0.3982462,89.0321
R,0.1521193,0.7086222,-0.1607168,0.04308961,-0.08398162,-0.04126618,3.65138,-2.358249,1.117136,89.0591
R,0.1546639,0.7035471,-0.1627714,0.09070744,-0.1809071,-0.07323927,1.697406,-3.455048,-1.139727,89.08716
R,0.1552463,0.7027907,-0.1642276,0.0393089,-0.05105481,-0.09828986,-3.469057,8.764158,-1.690747,89.10197
R,0.1556125,0.7020998,-0.1651325,0.01366743,-0.02579171,-0.03377999,-0.9572428,0.9431174,2.40827,89.12876
R,0.161384,0.7003994,-0.1645717,0.4188772,-0.1234081,0.04069768,29.40845,-7.084592,5.405281,89.14254
R,0.1646546,0.6991596,-0.1644538,0.235924,-0.08943313,0.008509046,-13.1976,2.450834,-2.321975,89.1564
R,0.1644331,0.7048019,-0.162767,-0.01370878,0.3493372,0.1044345,-15.45577,27.16604,5.939133,89.17255
R,0.1643995,0.7107376,-0.161025,-0.001316477,0.2324493,0.06821874,0.4852954,-4.577452,-1.418248,89.19809
R,0.1648787,0.7178479,-0.1589748,0.03354743,0.4978382,0.1435536,2.441069,18.58176,5.274731,89.21237
R,0.1609975,0.7253525,-0.154478,-0.2604787,0.5036603,0.3017913,-19.73302,0.390737,10.61983,89.22727
R,0.1584105,0.7307649,-0.1512427,-0.09808281,0.2052086,0.1226666,6.157232,-11.31578,-6.791504,89.25365
R,0.1428846,0.7518075,-0.1339053,-1.059356,1.435759,1.182948,-65.58878,83.96187,72.34421,89.2683
R,0.1374226,0.7614787,-0.1263105,-0.3563505,0.6309731,0.4955075,45.86579,-52.5062,-44.85028,89.28363
R,0.1347598,0.7695658,-0.114576,-0.1012836,0.307603,0.4463319,9.701719,-12.2997,-1.870444,89.30992
R,0.1299129,0.7923443,-0.09294568,-0.324621,1.525613,1.448711,-14.95824,81.57743,67.13535,89.32485
R,0.1272903,0.8120069,-0.07824913,-0.1016439,0.7620375,0.5695762,8.641646,-29.59296,-34.07155,89.35065
R,0.1090684,0.8714768,-0.04495775,-1.263023,4.122075,2.307545,-80.49937,232.8963,120.4649,89.36508
R,0.1018957,0.9067913,-0.02706438,-0.496902,2.446477,1.239598,53.07455,-116.0803,-73.98412,89.37952
R,0.06922689,0.9396245,-0.02498527,-1.213022,1.219126,0.07719913,-26.59015,-45.57261,-43.16089,89.40645
R,0.04522532,0.9707354,-0.006438598,-1.564363,2.027734,1.208826,-22.89954,52.70307,73.75667,89.42179
R,0.04185772,0.9786168,0.01232455,-0.1271677,0.2976155,0.7085347,54.2714,-65.33279,-18.89203,89.44827
R,0.01758771,1.014503,0.07114194,-1.599355,2.364878,3.875974,-97.01488,136.2294,208.7293,89.46345
R,0.006749111,1.037381,0.1068335,-0.7074886,1.493347,2.329762,58.21652,-56.8891,-100.9288,89.47877
R,-0.003350662,1.055644,0.1308088,-0.4103526,0.7420034,0.974116,12.0726,-30.527,-55.07976,89.50338
R,-0.0173446,1.091251,0.17793,-0.8869504,2.256793,2.986585,-30.20727,96.00892,127.5524,89.51916
R,-0.0241941,1.103881,0.224392,-0.2625848,0.4842013,1.781184,23.9359,-67.95469,-46.21069,89.54524
R,-0.02268243,1.107862,0.2799617,0.09911828,0.2610211,3.643641,23.71643,-14.63365,122.1191,89.56049
R,-0.01621878,1.105477,0.3224168,0.434018,-0.1601563,2.850752,22.48769,-28.28102,-53.24055,89.57539
R,-0.0138917,1.106959,0.3524705,0.09206607,0.05863738,1.189014,-13.52862,8.656118,-65.74324,89.60066
R,0.004796457,1.069632,0.331044,1.278442,-2.553521,-1.465767,81.159,-178.6956,-181.6114,89.61528
R,-0.002097404,1.058379,0.3107233,-0.2533199,-0.4134909,-0.7466993,-56.2857,78.63698,26.42267,89.64249
R,-0.04008909,1.049805,0.2322298,-2.454236,-0.5538673,-5.070629,-142.1777,-9.068224,-279.3229,89.65797
R,-0.05830299,1.04885,0.2164986,-0.6954072,-0.03645226,-0.6006153,67.15213,19.75492,170.6652,89.68417
R,-0.08156762,1.032786,0.1419635,-1.558968,-1.076479,-4.994614,-57.86742,-69.69245,-294.4429,89.69909
R,-0.09193847,1.027289,0.1206661,-0.3820481,-0.2024882,-0.7845667,43.35617,32.19667,155.0926,89.72623
R,-0.0848751,0.9799582,0.05360675,0.48907,-3.277214,-4.643217,60.31653,-212.8951,-267.1743,89.74068
R,-0.08510344,0.9648427,0.03129647,-0.01328984,-0.8797597,-1.298514,-29.23859,139.5378,194.67,89.75786
R,-0.06313207,0.9235915,-0.01153934,0.9209566,-1.729093,-1.795515,39.16007,-35.60086,-20.8324,89.78172
R,-0.03626398,0.8606791,-0.07241876,1.66745,-3.904378,-3.778214,46.32782,-134.9995,-123.0475,89.79783
R,-0.02343509,0.8383315,-0.09562492,0.5115633,-0.8911313,-0.9253662,-46.09198,120.1559,113.7598,89.82291
R,0.006086172,0.7743555,-0.1229682,2.058197,-4.460356,-1.906353,107.83,-248.8433,-68.39355,89.83725
R,0.0200875,0.7516111,-0.1388335,0.9914541,-1.610565,-1.123443,-75.53765,201.7978,55.43902,89.85137
R,0.01920637,0.738059,-0.1456718,-0.0636666,-0.9792112,-0.4941083,-76.23858,45.61898,45.47304,89.86521
R,0.01987524,0.722568,-0.1558365,0.0459732,-1.064733,-0.698639,7.535767,-5.878068,-14.05781,89.87976
R,0.0216834,0.7062763,-0.1679057,0.1123748,-1.01251,-0.7500861,4.126788,3.245607,-3.19738,89.89585
R,0.04205495,0.6951869,-0.1632447,0.7923263,-0.4313103,0.1812848,26.44588,22.60503,36.22453,89.92156
R,0.04723655,0.6876274,-0.1512387,0.3561419,-0.5195743,0.8251948,-29.97985,-6.066566,44.25725,89.93611
R,0.05094192,0.6787326,-0.1516035,0.246784,-0.5924122,-0.02429795,-7.283414,-4.851122,-56.5776,89.95113
R,0.05029514,0.67918,-0.1524681,-0.025949,0.01795177,-0.03468575,-10.94205,24.48779,-0.4167587,89.97605
R,0.05789755,0.6700076,-0.1480276,0.4832507,-0.5830467,0.2822607,32.36752,-38.20275,20.14685,89.99178
R,0.06611113,0.6616145,-0.1430233,0.5844573,-0.5972363,0.3560933,7.201602,-1.0097,5.253741,90.00584
R,0.07245002,0.6527939,-0.141583,0.2450889,-0.3410398,0.05568826,-13.12144,9.90566,-11.61495,90.0317
R,0.08226867,0.6685411,-0.1484548,0.7157676,1.147951,-0.500944,34.3119,108.5456,-40.57781,90.04542
R,0.08793005,0.6711313,-0.1523467,0.4048275,0.1852112,-0.2782985,-22.23434,-68.84245,15.92067,90.0594
R,0.09685625,0.6711571,-0.145633,0.607779,0.001761364,0.4571307,13.81884,-12.49098,50.07489,90.07409
R,0.1047161,0.6696121,-0.1417012,0.5035225,-0.09898125,0.2518796,-6.678939,-6.453829,-13.14891,90.0897
R,0.1034171,0.6709392,-0.1372148,-0.05018144,0.05126823,0.1733101,-21.38965,5.804156,-3.035152,90.11559
R,0.119521,0.688993,-0.1352352,1.06122,1.189715,0.1304548,73.23962,75.02189,-2.824094,90.13076
R,0.1388486,0.7095307,-0.1359169,0.6775372,0.7199577,-0.02389666,-13.45014,-16.46752,-5.410847,90.15929
R,0.1335065,0.7079256,-0.1391289,-0.1902204,-0.05715583,-0.1143727,-30.89886,-27.67124,-3.221645,90.18737
R,0.1325702,0.7023052,-0.1400367,-0.03494381,-0.2097585,-0.03387994,5.795105,-5.695313,3.004085,90.21416
R,0.1413427,0.7171117,-0.1414351,0.3178071,0.5364065,-0.05066302,12.77937,27.03188,-0.6080135,90.24177
R,0.1511269,0.7320931,-0.1389262,0.3651582,0.5591232,0.09363655,1.767197,0.8478119,5.385431,90.26856
R,0.1471019,0.7313656,-0.1352006,-0.1461802,-0.02642266,0.1353073,-18.57084,-21.26591,1.513404,90.2961
R,0.1376801,0.7441408,-0.1331834,-0.5644112,0.7653001,0.1208376,-25.0541,47.4281,-0.8668113,90.31279
R,0.1351764,0.7499533,-0.13244,-0.1038475,0.2410923,0.03083465,19.10348,-21.74335,-3.733184,90.3369
R,0.1435493,0.7718796,-0.1300741,0.5104415,1.336708,0.1442351,37.44934,66.79281,6.913313,90.3533
R,0.1417481,0.7715936,-0.1278402,-0.07072911,-0.01122959,0.08771743,-22.82061,-52.92896,-2.219259,90.37877
R,0.1370758,0.7566485,-0.131485,-0.3009319,-0.962596,-0.234756,-14.8271,-61.27641,-20.77014,90.39429
R,0.1342219,0.7474026,-0.1353649,-0.1087741,-0.3523917,-0.1478758,7.323788,23.25697,3.311301,90.42053
R,0.1368909,0.7278993,-0.1403473,0.09521776,-0.6957931,-0.1777509,7.277524,-12.25104,-1.065809,90.44856
R,0.1420596,0.7123906,-0.1453399,0.3409525,-1.023025,-0.329336,16.20984,-21.58576,-9.999278,90.46372
R,0.1460874,0.7047504,-0.1481778,0.1496405,-0.2838475,-0.1054328,-7.107611,27.46186,8.318437,90.49064
R,0.1415665,0.7041297,-0.1552288,-0.1596757,-0.02192384,-0.249039,-10.92501,9.251107,-5.072151,90.51895
R,0.1356064,0.6986723,-0.1627582,-0.2136202,-0.1956009,-0.2698661,-1.933444,-6.224829,-0.746474,90.54685
R,0.1358519,0.6977333,-0.1671901,0.007975099,-0.03049508,-0.1439283,7.196465,5.36193,4.089921,90.57764
R,0.1397776,0.7030128,-0.1697781,0.1539638,0.2070616,-0.1015017,5.725621,9.316886,1.663954,90.60314
R,0.1475676,0.7163413,-0.1701572,0.2929817,0.501289,-0.01425697,5.228509,11.06599,3.281304,90.62973
R,0.1586626,0.7330415,-0.17025,0.7629864,1.148442,-0.006377886,32.32133,44.50345,0.5418298,90.64427
R,0.1631939,0.7395387,-0.170818,0.3033289,0.4349304,-0.03802509,-30.77029,-47.7637,-2.11852,90.65921
R,0.1613821,0.7416388,-0.1674597,-0.0712062,0.08254076,0.1319885,-14.71996,-13.8496,6.681865,90.68465
R,0.1612005,0.7458244,-0.1632496,-0.01195222,0.2755446,0.2771554,3.900822,12.70588,9.556664,90.69984
R,0.1620807,0.7486849,-0.1610859,0.03316102,0.1077694,0.08152037,1.69965,-6.320965,-7.370587,90.72639
R,0.158292,0.7591918,-0.1512231,-0.1356454,0.3761716,0.3531096,-6.043646,9.609399,9.723503,90.75432
R,0.1510881,0.770799,-0.1412626,-0.2599753,0.4188808,0.359454,-4.486834,1.541295,0.2289577,90.78203
R,0.1331736,0.7848851,-0.1294876,-1.161268,0.9131043,0.7632923,-58.42445,32.03703,26.17798,90.79745
R,0.1219617,0.7946016,-0.1212726,-0.4225304,0.3661767,0.3095903,27.84009,-20.61153,-17.09823,90.82399
R,0.08692021,0.8256523,-0.09926995,-2.40974,2.135296,1.513082,-136.6566,121.659,82.76182,90.83853
R,0.07459248,0.8416209,-0.08855212,-0.8282011,1.072803,0.7200444,106.2509,-71.38036,-53.27779,90.85342
R,0.0674141,0.8356762,-0.06499581,-0.2817017,-0.2332897,0.9244231,21.44633,-51.25515,8.020455,90.8789
R,0.05727065,0.8302497,-0.03577138,-0.6501333,-0.3478071,1.873107,-23.61421,-7.339869,60.80486,90.8945
R,0.0528188,0.829134,-0.02211281,-0.1701702,-0.04264636,0.5220928,18.34637,11.66463,-51.64193,90.92066
R,0.04260183,0.8468873,-0.0130379,-0.7026014,1.220861,0.6240643,-36.61428,86.889,7.012391,90.9352
R,0.03668956,0.8560244,-0.006094602,-0.4177537,0.6456199,0.4906049,20.12698,-40.64582,-9.430077,90.94936
R,0.03096318,0.8632252,0.0007330324,-0.4101467,0.5157445,0.4890228,0.5448472,-9.302203,-0.1133154,90.96332
R,0.02536136,0.8779856,0.01179879,-0.3882822,1.023099,0.7670076,1.515501,35.16654,19.26812,90.97775
R,0.0196568,0.8904837,0.0220643,-0.2148586,0.4707346,0.3866437,6.531891,-20.80445,-14.32617,91.0043
R,-0.002799352,0.9497132,0.05075353,-1.44283,3.805553,1.843311,-78.89835,214.2654,93.59233,91.01986
R,-0.01814743,0.9930713,0.07065008,-0.5894236,1.665113,0.7641021,32.774,-82.20091,-41.44569,91.0459
R,-0.0384786,1.038973,0.1102738,-0.7210085,1.627815,1.405184,-4.666421,-1.322697,22.73483,91.0741
R,-0.06119573,1.080763,0.1690224,-0.8002096,1.472046,2.069416,-2.789856,-5.486958,23.39752,91.10249
R,-0.08069862,1.110522,0.2313603,-0.6798626,1.0374,2.173072,4.195248,-15.15158,3.613414,91.13117
R,-0.09607892,1.130959,0.2956567,-0.5620092,0.7467678,2.349446,4.306463,-10.61995,6.444844,91.15854
R,-0.0731705,1.08795,0.307072,0.8491667,-1.594236,0.4231377,52.30929,-86.77604,-71.40415,91.18552
R,-0.06882658,1.065531,0.3104574,0.161385,-0.8328993,0.1257762,-25.55242,28.28513,-11.04755,91.21243
R,-0.08386128,1.054922,0.2806073,-1.029586,-0.7265543,-2.044159,-81.5585,7.282577,-148.5986,91.22704
R,-0.09524361,1.051575,0.2649969,-0.7786562,-0.2289764,-1.067895,17.16592,34.0389,66.78543,91.24165
R,-0.102591,1.050298,0.2212578,-0.2747612,-0.047722,-1.635653,18.84351,6.778138,-21.23173,91.26839
R,-0.1152699,1.048612,0.1730461,-0.8214754,-0.1092978,-3.123681,-35.42211,-3.989549,-96.4107,91.28383
R,-0.1216156,1.047874,0.1571904,-0.242633,-0.02818243,-0.6062522,22.13245,3.101502,96.25567,91.30998
R,-0.09551417,0.9881862,0.07616547,0.9403975,-2.150484,-2.919215,42.62292,-76.46352,-83.33279,91.33774
R,-0.06940255,0.912188,0.01543378,1.407858,-4.097587,-3.274465,25.20403,-104.9818,-19.15394,91.35629
R,-0.04965621,0.8889106,-0.008424329,0.8581536,-1.01161,-1.036847,-23.88954,134.1131,97.24438,91.3793
R,-0.02816896,0.829364,-0.0550239,1.406079,-3.8966,-3.049376,35.85508,-188.7876,-131.6956,91.39458
R,-0.01791433,0.8074697,-0.07497846,0.3886913,-0.8298804,-0.7563574,-38.56307,116.2409,86.91454,91.42096
R,-0.0001753095,0.7821431,-0.1140131,1.222444,-1.745326,-2.689981,57.4562,-63.08583,-133.2513,91.43547
R,0.009235129,0.7674416,-0.13261,0.6049264,-0.9450482,-1.195457,-39.69559,51.44383,96.07175,91.45103
R,0.0150445,0.7670524,-0.1369796,0.2277733,-0.01526043,-0.1713223,-14.78738,36.45502,40.15417,91.47653
R,0.02598493,0.75655,-0.1421279,0.6995044,-0.6714977,-0.3291692,30.16133,-41.95821,-10.09235,91.49217
R,0.03263563,0.7481934,-0.1432868,0.2481414,-0.3117906,-0.04323839,-16.8406,13.42087,10.66824,91.51897
R,0.0441473,0.748444,-0.1353347,0.4238364,0.009225773,0.29278,6.468733,11.81917,12.37152,91.54613
R,0.05567024,0.7460449,-0.1370918,0.819943,-0.1707086,-0.125035,28.18593,-12.80367,-29.73064,91.56019
R,0.06228331,0.7419153,-0.1410284,0.4650153,-0.2903827,-0.2768083,-24.95766,-8.415195,-10.67234,91.57441
R,0.06215335,0.7414368,-0.1431666,-0.009624106,-0.03543432,-0.1583377,-35.14799,18.87944,8.772981,91.58791
R,0.06321562,0.7396142,-0.1463904,0.07726631,-0.1325697,-0.234491,6.320145,-7.065333,-5.539155,91.60166
R,0.06554765,0.7363465,-0.151029,0.1626738,-0.2279429,-0.3235712,5.957707,-6.652875,-6.213901,91.616
R,0.07026394,0.7301744,-0.1429753,0.3224689,-0.4220136,0.550658,10.92575,-13.26929,59.77411,91.63062
R,0.07493977,0.7242573,-0.1384512,0.1766706,-0.2235695,0.170937,-5.508815,7.497972,-14.3473,91.65709
R,0.09561186,0.7005495,-0.1340855,1.345349,-1.542914,0.2841254,76.05808,-85.86354,7.36635,91.67245
R,0.106183,0.6906407,-0.133583,0.7596382,-0.7120383,0.03610604,-42.08895,59.70647,-17.82258,91.68637
R,0.1114914,0.6906354,-0.1329432,0.3856891,-0.0003854282,0.04648524,-27.16976,51.70608,0.7541144,91.70013
R,0.1169946,0.6886657,-0.132966,0.3857312,-0.1380598,-0.001596967,0.002949532,-9.649871,-3.370177,91.7144
R,0.1217919,0.6975571,-0.1313182,0.1853733,0.3435749,0.06367579,-7.742133,18.61109,2.522238,91.74028
R,0.1233272,0.7013073,-0.1306703,0.1045947,0.2554817,0.04413717,-5.503018,-6.001326,-1.331063,91.75496
R,0.125162,0.7016356,-0.1306841,0.1143539,0.02046184,-0.000861864,0.6082554,-14.6479,-2.804619,91.771
R,0.1275847,0.7013023,-0.1308469,0.09634251,-0.0132547,-0.006473282,-0.7162603,-1.340806,-0.2231492,91.79615
R,0.1430934,0.7297894,-0.1277116,1.018416,1.870675,0.2058844,60.55009,123.7126,13.94497,91.81138
R,0.1475842,0.7269546,-0.1271492,0.1693885,-0.1069267,0.02121403,-32.02409,-74.59229,-6.965502,91.83789
R,0.1520983,0.7252876,-0.1281868,0.3222603,-0.1190045,-0.07407726,10.91352,-0.8622302,-6.802844,91.8519
R,0.153753,0.7257526,-0.129519,0.1228787,0.03452992,-0.09893325,-14.80643,11.40173,-1.845849,91.86536
R,0.1558439,0.7259659,-0.1307287,0.1428897,0.01457817,-0.08266769,1.367512,-1.363459,1.111553,91.88
R,0.1543873,0.7283307,-0.1309418,-0.106305,0.172584,-0.01554996,-18.18622,11.53126,4.898249,91.8937
R,0.1531456,0.7310914,-0.1312658,-0.09220742,0.205015,-0.02406272,1.046913,2.408384,-0.6321723,91.90717
R,0.1525441,0.7334494,-0.1316229,-0.04583939,0.1796875,-0.02720976,3.533459,-1.930077,-0.2398188,91.92029
R,0.151024,0.7368044,-0.13134,-0.1091108,0.2408227,0.02030565,-4.541682,4.38834,3.410701,91.93422
R,0.1502288,0.7394757,-0.1311875,-0.05392565,0.1811385,0.01034257,3.74197,-4.047041,-0.6755723,91.94897
R,0.1499905,0.7519693,-0.1298453,-0.01622463,0.8506778,0.09139103,2.567038,45.5885,5.518538,91.96365
R,0.1502076,0.7614654,-0.1289256,0.01495583,0.6540577,0.0633457,2.147601,-13.5425,-1.931665,91.97817
R,0.1457093,0.7713022,-0.1311311,-0.3486704,0.7624649,-0.1709579,-28.18522,8.402803,-18.16123,91.99107
R,0.1427056,0.7792654,-0.1327662,-0.2261373,0.5995163,-0.123094,9.224957,-12.26766,3.603458,92.00436
R,0.140637,0.7860116,-0.1340317,-0.1512996,0.4934387,-0.092562,5.473844,-7.758815,2.233197,92.01803
R,0.1371868,0.7818561,-0.1356728,-0.2453784,-0.2955397,-0.116718,-6.690774,-56.11122,-1.717949,92.03209
R,0.1342942,0.7792064,-0.1371408,-0.2105167,-0.1928356,-0.1068341,2.537142,7.474534,0.7193269,92.04583
R,0.137026,0.7726425,-0.1395691,0.1908701,-0.4586054,-0.1696637,28.04401,-18.56875,-4.389766,92.06014
R,0.1392903,0.767675,-0.1418547,0.1619985,-0.3554048,-0.1635198,-2.065642,7.383576,0.4395661,92.07412
R,0.1408266,0.7646123,-0.1436675,0.111994,-0.2232646,-0.1321521,-3.645266,9.632861,2.286674,92.08784
R,0.1413655,0.7647207,-0.1429459,0.03694082,0.007432499,0.04946963,-5.145069,15.81481,12.45058,92.10242
R,0.1416236,0.764815,-0.1426648,0.01597358,0.005835399,0.01739462,-1.297554,-0.09883618,-1.984956,92.11858
R,0.1428406,0.7518789,-0.1482481,0.04629235,-0.4920401,-0.2123686,1.153204,-18.93719,-8.739271,92.14487
R,0.1450208,0.7408848,-0.1523994,0.1549652,-0.7814576,-0.2950733,7.724496,-20.57187,-5.878672,92.15894
R,0.1459231,0.7368202,-0.1543107,0.04879106,-0.2197846,-0.1033504,-5.741114,30.37113,10.36696,92.17744
R,0.146568,0.7338888,-0.1558187,0.02955638,-0.134345,-0.06910989,-0.8815134,3.915644,1.569223,92.19926
R,0.1537285,0.7169196,-0.1541925,0.5338664,-1.265181,0.1212437,37.60007,-84.31223,14.19228,92.21267
R,0.159546,0.7121177,-0.1518723,0.4166741,-0.3439293,0.1661853,-8.393785,65.98374,3.218898,92.22663
R,0.1636483,0.7079922,-0.1505891,0.2664515,-0.2679594,0.08334656,-9.757174,4.93435,-5.380497,92.24203
R,0.16367,0.7091709,-0.1513573,0.001615383,0.08787952,-0.057275,-19.74551,26.53045,-10.48438,92.25544
R,0.1637841,0.7095104,-0.1517229,0.00789079,0.02347459,-0.02527422,0.4338239,-4.452365,2.21224,92.26991
R,0.1640461,0.7097026,-0.1521657,0.01903214,0.0139577,-0.03217676,0.8094896,-0.691462,-0.501513,92.28367
R,0.1676898,0.7145551,-0.1526922,0.284282,0.3785947,-0.04107608,20.69454,28.44863,-0.6943164,92.29649
R,0.1715154,0.718655,-0.1532452,0.2963463,0.3176021,-0.042836,0.9345703,-4.724831,-0.1363338,92.30939
R,0.170867,0.7211512,-0.1530883,-0.04690087,0.1805627,0.0113458,-24.82897,-9.912819,3.91927,92.32322
R,0.170664,0.7227376,-0.1530186,-0.01406209,0.1098994,0.004834294,2.274971,-4.89534,-0.4510975,92.33765
R,0.1707205,0.7238261,-0.1529979,0.004033905,0.07770374,0.00147229,1.291873,-2.298448,-0.2400134,92.35166
R,0.167556,0.7254735,-0.1506916,-0.2261631,0.1177413,0.1648293,-16.45168,2.861396,11.67477,92.36565
R,0.1646986,0.7270411,-0.1484465,-0.2022223,0.11094,0.1588907,1.694374,-0.4813462,-0.4202899,92.37978
R,0.1599404,0.7343045,-0.145777,-0.3331601,0.5085679,0.1869095,-9.16789,27.84075,1.961791,92.39407
R,0.1565959,0.7397442,-0.143753,-0.2382388,0.3874915,0.144181,6.761701,-8.624849,-3.043755,92.4081
R,0.1541234,0.7439482,-0.1421425,-0.1841397,0.3130815,0.119943,4.028904,-5.541515,-1.80507,92.42153
R,0.1538106,0.7469546,-0.1391077,-0.02190067,0.2105035,0.2124816,11.35951,-7.182216,6.479289,92.43581
R,0.1534404,0.7494332,-0.1367975,-0.02692863,0.1802858,0.1680414,-0.3657187,-2.197942,-3.23245,92.44956
R,0.1458012,0.7637466,-0.1311087,-0.5587529,1.046919,0.4160963,-38.89915,63.388,18.14344,92.46323
R,0.1400845,0.7750002,-0.1266,-0.4037118,0.7947367,0.3184036,10.94911,-17.80926,-6.899126,92.47739
R,0.1332182,0.7829069,-0.1238332,-0.4945001,0.5694239,0.1992617,-6.538359,-16.22648,-8.580311,92.49128
R,0.1277119,0.7897382,-0.1213189,-0.3948101,0.4898198,0.1802773,7.148015,-5.707805,-1.361227,92.50523
R,0.1230342,0.7959324,-0.118948,-0.3354017,0.4441372,0.170002,4.259727,-3.275553,-0.7367619,92.51917
R,0.1179986,0.8033024,-0.1182765,-0.3622591,0.5301909,0.04830876,-1.932084,6.190574,-8.754434,92.53307
R,0.1135266,0.8100343,-0.1172378,-0.329298,0.4957119,0.07648131,2.427126,-2.538893,2.074512,92.54665
R,0.1035145,0.8227859,-0.1111883,-0.6681796,0.8510016,0.403726,-22.61603,23.71107,21.83942,92.56164
R,0.09537231,0.8337216,-0.1061879,-0.5756267,0.7731215,0.3535146,6.543196,-5.505883,-3.549793,92.57578
R,0.08831035,0.843359,-0.1019122,-0.5063599,0.6910259,0.3065824,4.966596,-5.886454,-3.365151,92.58973
R,0.08949804,0.8459973,-0.09540613,0.0837857,0.1861166,0.4589655,41.63163,-35.61866,10.74981,92.6039
R,0.0890611,0.8496952,-0.08990219,-0.03153716,0.2669027,0.3972534,-8.323567,5.830834,-4.454144,92.61776
R,0.09531082,0.8500475,-0.07756659,0.2385451,0.01344551,0.4708362,10.30874,-9.674183,2.808577,92.64396
R,0.08635794,0.8666108,-0.05614593,-0.3193989,0.590907,0.7641941,-19.90497,20.60126,10.4657,92.67199
R,0.06346647,0.8971565,-0.03547504,-1.632443,2.178285,1.474089,-93.63621,113.1996,50.62421,92.68601
R,0.05263012,0.9135186,-0.02654738,-0.7669237,1.157996,0.6318391,61.2556,-72.2091,-59.60871,92.70014
R,0.04342408,0.9257767,-0.01910809,-0.6009235,0.8001432,0.4855992,10.83565,-23.35883,-9.545794,92.71546
R,0.03228918,0.9548531,0.00913853,-0.437492,1.142416,1.109814,6.421252,13.44798,24.52552,92.74091
R,0.01613248,1.003084,0.05483687,-1.069541,3.192771,3.025138,-41.84036,135.7294,126.7906,92.75602
R,0.00901839,1.040478,0.08892328,-0.2724892,1.432322,1.305603,30.52927,-67.43005,-65.86292,92.78213
R,-0.01019119,1.077147,0.1440509,-1.346438,2.570204,3.864006,-75.27517,79.75638,179.3235,92.79639
R,-0.01918806,1.100119,0.178108,-0.6072282,1.550423,2.298626,49.8917,-68.82836,-105.6527,92.81121
R,-0.02395597,1.103841,0.2209425,-0.1808275,0.1411449,1.624538,16.17164,-53.44819,-25.56542,92.83758
R,-0.0131106,1.083429,0.2709162,0.7186674,-1.35255,3.311504,59.60495,-98.97955,111.7867,92.85267
R,0.003823751,1.070843,0.2938237,1.162104,-0.8637025,1.572006,30.43045,33.5467,-119.3714,92.86724
R,0.01295043,1.062451,0.3128077,0.351013,-0.3227516,0.7301272,-31.19465,20.80502,-32.37873,92.89324
R,0.009636479,1.063434,0.2878547,-0.2056658,0.06096857,-1.548599,-34.54782,23.81391,-141.4191,92.90936
R,0.008665475,1.064699,0.2857913,-0.03833478,0.04993411,-0.08146179,6.606149,-0.4356353,57.92186,92.93468
R,-0.04275458,1.064723,0.2222897,-3.369865,0.0015625,-4.161646,-218.3351,-3.170082,-267.399,92.94994
R,-0.0614979,1.067424,0.2061787,-1.316573,0.1897776,-1.131667,144.2278,13.22065,212.8325,92.96418
R,-0.08061131,1.069994,0.1859117,-0.7278421,0.09784918,-0.7717726,22.41898,-3.500651,13.70486,92.99044
R,-0.0910219,1.043876,0.1350328,-0.711437,-1.784859,-3.476954,1.12109,-128.6602,-184.8663,93.00507
R,-0.09804451,1.036002,0.1186971,-0.46867,-0.52549,-1.0902,16.20161,84.04684,159.2854,93.02006
R,-0.09395016,1.014362,0.08683627,0.1585858,-0.8381584,-1.23406,24.29541,-12.11054,-5.572113,93.04588
R,-0.07530078,0.9518823,0.01690141,1.003453,-3.361809,-3.762932,45.45914,-135.7882,-136.0691,93.06446
R,-0.06977054,0.9324725,-0.006414854,0.2382835,-0.8363176,-1.004638,-32.96921,108.817,118.8478,93.08767
R,-0.0449984,0.8726895,-0.0512658,1.673678,-4.039111,-3.030259,96.97939,-216.39,-136.8568,93.10247
R,-0.03487212,0.8517432,-0.07075052,0.3724105,-0.7703357,-0.7165829,-47.85626,120.2146,85.08928,93.12966
R,-0.01779624,0.80373,-0.1043983,1.131532,-3.181595,-2.229669,50.3031,-159.7819,-100.2645,93.14475
R,-0.009940721,0.783953,-0.1215558,0.2970684,-0.7478947,-0.6488354,-31.55649,92.03403,59.78159,93.1712
R,0.003644097,0.7577369,-0.1255478,0.8719831,-1.68276,-0.2562381,36.90265,-60.00717,25.20005,93.18678
R,0.005573655,0.7444323,-0.1304314,0.07408053,-0.5107965,-0.1874948,-30.63347,44.9946,2.639227,93.21282
R,0.01589214,0.7089148,-0.1386693,0.735035,-2.530087,-0.5868249,47.08295,-143.8437,-28.44619,93.22686
R,0.02504712,0.6906908,-0.1428266,0.6262851,-1.246689,-0.2843948,-7.439494,87.79617,20.689,93.24148
R,0.03196875,0.6722353,-0.1489737,0.4841147,-1.290818,-0.4299428,-9.943732,-3.086454,-10.17998,93.25578
R,0.0403044,0.6607351,-0.1384488,0.5672746,-0.7826332,0.7162625,5.659361,34.58398,78.00385,93.27047
R,0.04773734,0.6474881,-0.1333839,0.2916916,-0.5198541,0.1987597,-10.81473,10.31227,-20.30842,93.29595
R,0.05106043,0.6548989,-0.1277073,0.2118504,0.4724435,0.3618905,-5.089955,63.25993,10.39975,93.31164
R,0.05390646,0.6523958,-0.1278865,0.1088201,-0.0957054,-0.006851321,-3.939439,-21.72357,-14.0991,93.33779
R,0.05457431,0.6717049,-0.1256059,0.04631541,1.339087,0.1581608,-4.334714,99.50325,11.44363,93.35221
R,0.05772688,0.6803122,-0.1243408,0.2177102,0.5944003,0.08736067,11.83617,-51.42656,-4.88931,93.36669
R,0.06091524,0.6832939,-0.1244576,0.1202258,0.1124339,-0.004401836,-3.675913,-18.17385,-3.460154,93.39321
R,0.07215911,0.6949811,-0.125623,0.7797652,0.8105118,-0.08082527,45.73923,48.41188,-5.299985,93.40763
R,0.07810445,0.6980413,-0.1269366,0.4114401,0.211779,-0.09090281,-25.4895,-41.43459,-0.6974043,93.42208
R,0.08952708,0.70388,-0.1272976,0.7717456,0.3944789,-0.02438889,24.34328,12.34373,4.493872,93.43688
R,0.09915023,0.7077059,-0.1280856,0.3701074,0.1471423,-0.0303061,-15.44704,-9.512589,-0.2275765,93.46288
R,0.1127534,0.7109825,-0.1215402,0.9181226,0.2211517,0.4417688,36.98736,4.995138,31.8619,93.4777
R,0.120344,0.7120532,-0.1195796,0.5086483,0.07174639,0.1313806,-27.43897,-10.01168,-20.79918,93.49262
R,0.1275865,0.7507334,-0.120768,0.2821891,1.507104,-0.04630282,-8.823561,55.92604,-6.923104,93.51829
R,0.1353094,0.7718384,-0.1141361,0.5327662,1.455933,0.4575031,17.28613,-3.530033,34.75518,93.53278
R,0.1405519,0.781353,-0.1116033,0.341862,0.6204447,0.1651634,-12.44886,-54.48217,-19.06345,93.54812
R,0.1414931,0.7745869,-0.1118225,0.03641529,-0.2617603,-0.008481509,-11.81686,-34.12997,-6.717825,93.57397
R,0.1435524,0.7714689,-0.1130876,0.1350931,-0.2045483,-0.08299315,6.473423,3.753196,-4.888083,93.58921
R,0.1445469,0.7790496,-0.115355,0.06962912,0.5307784,-0.1587561,-4.583598,51.48544,-5.304701,93.60349
R,0.1464428,0.7858827,-0.1170729,0.07339101,0.2645083,-0.06650114,0.1456226,-10.30731,3.571187,93.62933
R,0.1436059,0.7622873,-0.1145477,-0.192067,-1.597463,0.170964,-17.97217,-126.06,16.07698,93.6441
R,0.1435378,0.7542657,-0.1134248,-0.002521176,-0.2971775,0.04160189,7.02209,48.17155,-4.792468,93.67109
R,0.1397288,0.7559551,-0.112592,-0.2437773,0.1081238,0.05329514,-15.44039,25.93928,0.7483675,93.68671
R,0.1362346,0.7556203,-0.1128256,-0.1293769,-0.01239628,-0.008649475,4.235788,-4.462374,-2.293561,93.71372
R,0.1328976,0.7554122,-0.1134258,-0.227332,-0.01417944,-0.04088315,-6.673166,-0.1214779,-2.195911,93.7284
R,0.1321172,0.7554874,-0.113807,-0.03019273,0.002910087,-0.01474961,7.626752,0.6611449,1.011032,93.75425
R,0.1314068,0.753364,-0.1166301,-0.04799251,-0.1434641,-0.1907378,-1.202605,-9.889462,-11.89027,93.76905
R,0.1310796,0.7520787,-0.1182371,-0.0236453,-0.09286711,-0.1161124,1.759227,3.655923,5.392112,93.78289
R,0.133447,0.7538428,-0.1249478,0.1643573,0.1224676,-0.4658798,13.05184,14.94934,-24.28216,93.79729
R,0.1355564,0.7552569,-0.1307798,0.07931279,0.05317027,-0.2192817,-3.197636,-2.605546,9.271976,93.82389
R,0.1374859,0.7455797,-0.1423924,0.1263219,-0.6335695,-0.7602836,3.077713,-44.96122,-35.41968,93.83916
R,0.1384343,0.7420014,-0.1471,0.05400365,-0.2037461,-0.2680405,-4.117681,24.47342,28.02749,93.85673
R,0.139665,0.7363845,-0.1520274,0.05299103,-0.241859,-0.2121733,-0.04360268,-1.641109,2.405596,93.87995
R,0.1420387,0.7322654,-0.1567437,0.1610358,-0.2794465,-0.3199607,7.330041,-2.550035,-7.312583,93.89469
R,0.1432263,0.7321965,-0.1575536,0.04538539,-0.002633017,-0.03094991,-4.419395,10.57799,11.04409,93.92086
R,0.1450021,0.7331346,-0.1574678,0.1293077,0.06831163,0.00624783,6.111038,5.166032,2.708657,93.93459
R,0.1462461,0.7334471,-0.1578266,0.08527965,0.02142308,-0.02459589,-3.018226,-3.214318,-2.114408,93.94918
R,0.1475003,0.7335619,-0.1584354,0.08588954,0.007857399,-0.04169116,0.04176565,-0.9289872,-1.170695,93.96378
R,0.1524153,0.7339216,-0.1542314,0.3270116,0.02393718,0.2797063,16.04282,1.069852,21.38386,93.97881
R,0.1569884,0.734004,-0.150892,0.3300706,0.005945416,0.241026,0.2207849,-1.298578,-2.791803,93.99267
R,0.1570417,0.7348348,-0.1503278,0.003849185,0.06003221,0.04076583,-23.57138,3.908084,-14.46995,94.00651
R,0.1571864,0.7352322,-0.1500981,0.005584465,0.01533744,0.008866129,0.06697487,-1.725039,-1.231201,94.03242
R,0.1583732,0.7406675,-0.1460037,0.08642144,0.3957856,0.2981456,5.886369,27.70339,21.06469,94.04615
R,0.1592511,0.7431312,-0.1441942,0.06350243,0.178213,0.1308895,-1.657859,-15.73823,-12.09856,94.05997
R,0.15817,0.7485719,-0.1403089,-0.07684445,0.386723,0.2761712,-9.975893,14.82095,10.32666,94.07404
R,0.1576226,0.7527542,-0.1373481,-0.03981254,0.3042063,0.2153608,2.693589,-6.002016,-4.423169,94.08779
R,0.1561899,0.7559199,-0.1347874,-0.09780884,0.2161174,0.1748098,-3.959214,-6.013535,-2.768281,94.10244
R,0.1553419,0.7583741,-0.1328353,-0.05843664,0.169123,0.1345223,2.713246,-3.238511,-2.776322,94.11695
R,0.1506531,0.7637004,-0.1289014,-0.3358329,0.3814933,0.2817623,-19.86824,15.21082,10.54593,94.13091
R,0.147327,0.7680084,-0.1257363,-0.2306661,0.2987558,0.2195002,7.293343,-5.73787,-4.31789,94.14533
R,0.1448739,0.771605,-0.123102,-0.179022,0.26248,0.1922534,3.76899,-2.647407,-1.988474,94.15903
R,0.1346452,0.7837414,-0.1206478,-0.7169535,0.8506643,0.1720165,-37.70469,41.227,-1.418443,94.1733
R,0.1271345,0.7933661,-0.1184177,-0.2912537,0.3732341,0.08647952,16.50809,-18.51412,-3.317013,94.19909
R,0.114786,0.8092077,-0.1110545,-0.9134034,1.171778,0.544648,-46.01942,59.06701,33.88999,94.21261
R,0.1095914,0.8171694,-0.1074935,-0.368828,0.5653101,0.2528382,38.66663,-43.06119,-20.71945,94.22669
R,0.104261,0.8239075,-0.1030483,-0.3760349,0.4753347,0.3135875,-0.5084117,-6.347286,4.285539,94.24087
R,0.09950309,0.8301598,-0.0991805,-0.3352844,0.4405914,0.2725602,2.871644,-2.44832,-2.891144,94.25506
R,0.1028677,0.8417326,-0.08305659,0.2469271,0.8493097,1.183311,42.72766,29.99526,66.83867,94.26868
R,0.1043762,0.8517127,-0.07029964,0.10984,0.7267318,0.9289328,-9.982378,-8.925855,-18.52322,94.28242
R,0.1046716,0.8605837,-0.05994203,0.02086771,0.6264775,0.7314613,-6.283281,-7.080028,-13.94557,94.29658
R,0.1030704,0.8841997,-0.04108812,-0.1153154,1.700764,1.357814,-9.807578,77.36752,45.10838,94.31046
R,0.1013186,0.9036151,-0.02562674,-0.1278498,1.416938,1.128371,-0.9147568,-20.71362,-16.74475,94.32417
R,0.08524928,0.9253318,-0.005552183,-1.156002,1.562268,1.444134,-73.96379,10.45487,22.71557,94.33807
R,0.07335532,0.9438091,0.01132622,-0.8345636,1.296494,1.184307,22.5544,-18.64858,-18.23129,94.35232
R,0.05218225,0.9748597,0.03513496,-1.281254,1.878978,1.440747,-27.03077,35.24808,15.51808,94.36884
R,0.03619567,1.00123,0.0554706,-1.190564,1.963903,1.514451,6.753933,6.324547,5.488876,94.38227
R,0.02275585,1.023939,0.0732148,-0.9165373,1.548639,1.210077,18.68744,-28.31917,-20.75695,94.39693
R,0.02388519,1.041922,0.1044541,0.07638062,1.216202,2.112792,67.15363,-22.48357,61.053,94.41172
R,0.01966882,1.070667,0.1527185,-0.2646782,1.80444,3.029749,-21.40961,36.92604,57.56096,94.42765
R,0.01561804,1.091136,0.202431,-0.2628441,1.328218,3.225701,0.1190072,-30.90072,12.71479,94.44306
R,0.01112446,1.107195,0.231787,-0.3061237,1.093961,1.999874,-2.948415,-15.95868,-83.50915,94.45774
R,0.01058862,1.111344,0.2676235,-0.03494229,0.2705535,2.336895,17.68373,-53.69437,21.97708,94.47308
R,0.008642634,1.118478,0.2995447,-0.1262692,0.4629254,2.071275,-5.925939,12.48246,-17.23526,94.48849
R,0.02037972,1.09439,0.3018014,0.4466907,-0.9167302,0.08588646,21.80575,-52.50703,-75.56007,94.51476
R,0.03534279,1.055296,0.2949437,0.5272151,-1.377478,-0.2416268,2.837228,-16.23418,-11.53973,94.54314
R,0.02744882,1.035236,0.2579879,-0.5604975,-1.424313,-2.623982,-77.23112,-3.325408,-169.155,94.55723
R,0.01633687,1.030289,0.2436631,-0.7546451,-0.3359456,-0.9728404,-13.18514,73.91422,112.1339,94.57195
R,0.007709111,1.027325,0.233539,-0.542118,-0.1862641,-0.6361439,13.35396,9.405108,21.15604,94.58787
R,-0.01968085,1.024989,0.2003356,-1.02573,-0.08748214,-1.243437,-18.11087,3.699299,-22.74261,94.61457
R,-0.04921653,1.003677,0.1347347,-2.028984,-1.464008,-4.506519,-68.91949,-94.56187,-224.1607,94.62913
R,-0.05884453,0.9906625,0.1144643,-0.6792039,-0.9181243,-1.429968,95.21976,38.50922,217.0343,94.6433
R,-0.06778443,0.9801231,0.09313438,-0.5121375,-0.6037649,-1.221923,9.570688,18.00862,11.9182,94.66076
R,-0.0628919,0.9558499,0.05424718,0.2065958,-1.02498,-1.642082,30.34981,-17.78659,-17.74197,94.68444
R,-0.04933824,0.8969774,-0.008388304,0.9718301,-4.221302,-4.491115,54.86914,-229.1839,-204.2825,94.69839
R,-0.03787158,0.8754917,-0.03145607,0.789369,-1.479078,-1.587993,-12.56068,188.7756,199.8519,94.71291
R,-0.03218765,0.8531016,-0.05498795,0.3996802,-1.574424,-1.654705,-27.40198,-6.704525,-4.691038,94.72713
R,-0.02324096,0.8186402,-0.07775078,0.333901,-1.286139,-0.8495358,-2.454959,10.75912,30.04987,94.75393
R,-0.001167221,0.7806592,-0.107134,1.483718,-2.552945,-1.975035,77.28654,-85.15009,-75.65202,94.76881
R,0.008097784,0.76341,-0.1230005,0.6776689,-1.261653,-1.160518,-58.9567,94.44874,59.57614,94.78248
R,0.01423343,0.7461771,-0.1393715,0.4409053,-1.238354,-1.176416,-17.01375,1.674274,-1.142475,94.79639
R,0.01650973,0.7458193,-0.1453315,0.1583648,-0.02488887,-0.4146482,-19.65666,84.42214,52.99706,94.81077
R,0.01897753,0.7408572,-0.154616,0.1798993,-0.3617344,-0.6768241,1.569837,-24.55563,-19.1123,94.82449
R,0.02398375,0.7283931,-0.1564184,0.3753869,-0.9346038,-0.1351545,14.65844,-42.95603,40.61654,94.83782
R,0.02846826,0.7156354,-0.1620263,0.322963,-0.9187843,-0.4038655,-3.77544,1.139281,-19.35192,94.85171
R,0.03259803,0.7026873,-0.1699842,0.3041001,-0.9534454,-0.5859869,-1.388992,-2.5523,-13.41068,94.86529
R,0.03286149,0.7068992,-0.1494825,0.01886954,0.3016735,1.468417,-20.42936,89.89669,147.1447,94.87925
R,0.03397542,0.7061329,-0.1376471,0.07479783,-0.05144963,0.7947177,3.755448,-23.71135,-45.23725,94.89414
R,0.03910199,0.6844988,-0.1335125,0.3581824,-1.511527,0.2888709,19.79946,-102.0124,-35.3424,94.90845
R,0.04355613,0.6814278,-0.1320977,0.3179809,-0.2192393,0.1010029,-2.869981,92.2564,-13.41189,94.92246
R,0.04764454,0.6758183,-0.1328599,0.2937919,-0.4031019,-0.05477316,-1.738215,-13.2123,-11.19402,94.93638
R,0.05150729,0.6689115,-0.1349752,0.2834817,-0.5068764,-0.1552373,-0.7566511,-7.615867,-7.372923,94.95
R,0.05523009,0.6612031,-0.1379277,0.2781953,-0.5760316,-0.2206308,-0.395039,-5.16779,-4.886684,94.96339
R,0.07702403,0.6503887,-0.131179,1.559266,-0.7737275,0.4828409,91.65526,-14.14432,50.33047,94.97736
R,0.08639773,0.6664937,-0.1217401,0.6803045,1.168834,0.6850332,-63.79136,140.9831,14.67428,94.99114
R,0.09420984,0.6762571,-0.1157229,0.5817893,0.7271129,0.4481218,-7.336692,-32.89617,-17.64344,95.00457
R,0.09783419,0.6850387,-0.111745,0.2443677,0.5920902,0.2682041,-22.75027,-9.103753,-12.13075,95.0194
R,0.101846,0.690328,-0.1092134,0.155021,0.2043849,0.09782467,-3.452493,-14.98152,-6.583717,95.04528
R,0.1284384,0.6715681,-0.1146387,1.938557,-1.367574,-0.3954948,130.0176,-114.5939,-35.96238,95.059
R,0.1423853,0.6640753,-0.1169084,0.9765187,-0.5246269,-0.1589189,-67.35912,59.02072,16.56436,95.07328
R,0.1350604,0.6815735,-0.1151434,-0.5269375,1.258799,0.1269681,-108.1564,128.297,20.56629,95.08718
R,0.1315588,0.6937741,-0.1141325,-0.2516276,0.8767304,0.07264308,19.78367,-27.4553,-3.903779,95.1011
R,0.1305573,0.702226,-0.1136177,-0.07134213,0.6020678,0.03667417,12.8426,-19.56553,-2.562238,95.11514
R,0.1314111,0.7369821,-0.09667616,0.05841128,2.377638,1.158957,8.876326,121.4653,76.77446,95.12975
R,0.133165,0.7638057,-0.08401109,0.119606,1.829251,0.8637019,4.173215,-37.39761,-20.13511,95.14442
R,0.133165,0.7638057,-0.08401109,0,0,0,-8.455773,-129.3223,-61.06102,95.15856
R,0.133165,0.7638057,-0.08401109,0,0,0,0,0,0,95.17239
R,0.133165,0.7638057,-0.08401109,0,0,0,0,0,0,95.1858
R,0.133165,0.7638057,-0.08401109,0,0,0,0,0,0,95.19987
R,0.133165,0.7638057,-0.08401109,0,0,0,0,0,0,95.22636
R,0.133165,0.7638057,-0.08401109,0,0,0,0,0,0,95.24212
R,0.133165,0.7638057,-0.08401109,0,0,0,0,0,0,95.26785
R,0.133165,0.7638057,-0.08401109,0,0,0,0,0,0,95.28173
R,0.133165,0.7638057,-0.08401109,0,0,0,0,0,0,95.2962
R,0.133165,0.7638057,-0.08401109,0,0,0,0,0,0,95.31083
R,0.133165,0.7638057,-0.08401109,0,0,0,0,0,0,95.33761
R,0.133165,0.7638057,-0.08401109,0,0,0,0,0,0,95.35206
R,0.133165,0.7638057,-0.08401109,0,0,0,0,0,0,95.37986
R,0.133165,0.7638057,-0.08401109,0,0,0,0,0,0,95.39547
R,0.133165,0.7638057,-0.08401109,0,0,0,0,0,0,95.42106
R,0.133165,0.7638057,-0.08401109,0,0,0,0,0,0,95.43526
R,0.133165,0.7638057,-0.08401109,0,0,0,0,0,0,95.44918
R,0.133165,0.7638057,-0.08401109,0,0,0,0,0,0,95.46272
R,0.133165,0.7638057,-0.08401109,0,0,0,0,0,0,95.47953
R,0.133165,0.7638057,-0.08401109,0,0,0,0,0,0,95.50524
R,0.133165,0.7638057,-0.08401109,0,0,0,0,0,0,95.52093
R,0.133165,0.7638057,-0.08401109,0,0,0,0,0,0,95.54629
R,0.133165,0.7638057,-0.08401109,0,0,0,0,0,0,95.56123
R,0.1261594,0.7945176,-0.0753628,-0.02279988,0.09995224,0.02814592,-0.07420234,0.3252952,0.09160108,95.86849
R,0.0941641,0.8554714,0.0132411,-1.193422,2.273573,3.30492,-43.66412,81.07594,122.2235,95.8953
R,0.06762503,0.9030992,0.04325488,-0.8266467,1.483523,0.9348778,11.42441,-24.60872,-73.82277,95.92741
R,0.04245946,0.9865,0.06884217,-1.103916,3.658473,1.122415,-12.16274,95.40662,8.226544,95.9502
R,0.02489882,1.055285,0.09428556,-0.6337303,2.482327,0.9182038,16.96812,-42.44485,-7.369607,95.97791
R,0.008737573,1.085466,0.1571436,-1.102126,2.058191,4.286644,-31.94256,-28.92422,229.7129,95.99258
R,0.0006320817,1.101878,0.1945709,-0.5786508,1.171671,2.671937,37.37091,-63.28868,-115.2739,96.00658
R,-0.007011376,1.117201,0.220039,-0.2988793,0.5991619,0.9958677,10.9398,-22.3866,-65.5387,96.03216
R,-0.005161263,1.100416,0.2575325,0.1278998,-1.160346,2.591958,29.50358,-121.6362,110.339,96.04662
R,-0.001292858,1.090688,0.2687374,0.2560806,-0.6440183,0.7417436,8.485307,34.17984,-122.4804,96.06173
R,-0.0003589225,1.085636,0.2805237,0.0677062,-0.3662369,0.8544555,-13.65631,20.13792,8.17111,96.07552
R,0.002265621,1.072778,0.2688713,0.1014762,-0.4971331,-0.4505335,1.305692,-5.061012,-50.45649,96.10139
R,-0.001890912,1.056086,0.2519995,-0.298687,-1.199467,-1.212404,-28.75558,-50.46948,-54.74778,96.1153
R,-0.006876633,1.049685,0.2455551,-0.3586654,-0.4604573,-0.4635971,-4.31476,53.16329,53.86811,96.1292
R,-0.01110943,1.045629,0.2430124,-0.3106393,-0.2976799,-0.1866055,3.52457,11.946,20.32802,96.14283
R,-0.02733743,1.039714,0.2199466,-1.10095,-0.4012843,-1.564844,-53.61678,-7.028798,-93.50338,96.15757
R,-0.03981594,1.035454,0.2053367,-0.8889043,-0.3035156,-1.040732,15.10504,6.96453,37.33501,96.17161
R,-0.05027926,1.032202,0.1950145,-0.7670287,-0.2383599,-0.7566852,8.934276,4.776337,20.82249,96.18525
R,-0.05860545,1.019937,0.1660209,-0.5780358,-0.8514549,-2.012848,13.12059,-42.56334,-87.20753,96.19965
R,-0.06637415,1.010842,0.1460937,-0.5387607,-0.6307788,-1.381952,2.723735,15.30395,43.75285,96.21407
R,-0.06415708,0.9899483,0.1128752,0.1638076,-1.543722,-2.45435,51.90927,-67.4528,-79.23414,96.22761
R,-0.06426556,0.9743688,0.08868644,-0.006656261,-0.9560108,-1.484303,-10.46023,36.06388,59.52528,96.2439
R,-0.06585805,0.9615722,0.06842082,-0.06271978,-0.5039884,-0.7981538,-2.20804,17.80273,27.02371,96.26929
R,-0.03726587,0.8871658,0.01019624,2.100692,-5.466701,-4.277809,158.9477,-364.6147,-255.6532,96.28291
R,-0.02411856,0.8626766,-0.008374006,0.4667509,-0.8694052,-0.659274,-58.00757,163.2115,128.4639,96.31107
R,-0.01207301,0.8141727,-0.05523413,0.8879827,-3.575651,-3.454472,31.0527,-199.5012,-206.0586,96.32464
R,-0.007043691,0.7942477,-0.07470967,0.367449,-1.455747,-1.422908,-38.03088,154.883,148.4287,96.33833
R,-0.00339059,0.7744943,-0.09405123,0.2546911,-1.377186,-1.348477,-7.861382,5.477186,5.189279,96.35267
R,0.002885926,0.7615041,-0.1075455,0.4520195,-0.9355254,-0.971823,14.21111,31.80731,27.12571,96.36655
R,0.008116218,0.7470064,-0.1223653,0.3895141,-1.079687,-1.103673,-4.654941,-10.73614,-9.819247,96.37998
R,0.01141601,0.7338028,-0.1278286,0.2405505,-0.9625235,-0.3982642,-10.85927,8.541114,51.42345,96.3937
R,0.01459356,0.7195916,-0.1365033,0.1090285,-0.4876145,-0.2976476,-4.512788,16.2951,3.452363,96.42284
R,0.02650382,0.7084814,-0.1311284,0.7556152,-0.7048607,0.3409981,41.02102,-13.78262,40.51721,96.43861
R,0.03724476,0.6910378,-0.1317346,0.7332484,-1.190816,-0.04138692,-1.526908,-33.17457,-26.10415,96.45325
R,0.04330913,0.6817324,-0.1319724,0.4097264,-0.6287009,-0.01606596,-21.85808,37.97814,1.710757,96.46806
R,0.04822059,0.6715125,-0.1347252,0.3186901,-0.6631343,-0.1786191,-5.907084,-2.234286,-10.54761,96.48347
R,0.05361276,0.674513,-0.1374606,0.3172187,0.1765176,-0.1609259,-0.08656166,49.39625,1.040879,96.50047
R,0.05871675,0.673366,-0.1414226,0.190162,-0.04273779,-0.1476147,-4.733819,-8.168916,0.4959427,96.52731
R,0.07430805,0.6748618,-0.135176,0.9806063,0.0940799,0.3928808,49.71455,8.605071,33.99416,96.54321
R,0.08242297,0.6718481,-0.1351421,0.5562963,-0.2065981,0.00232189,-29.08742,-20.61217,-26.77371,96.55779
R,0.09138664,0.6866857,-0.135973,0.6222911,1.030087,-0.05768546,4.581605,85.85531,-4.165935,96.5722
R,0.0994163,0.6958141,-0.1376929,0.5873124,0.6676766,-0.1257935,-2.558445,-26.50775,-4.981613,96.58587
R,0.1054778,0.7102653,-0.1327516,0.3980436,0.9489722,0.324481,-12.42878,18.47193,29.56832,96.6011
R,0.1114852,0.7199976,-0.1300493,0.2363135,0.3828406,0.1063011,-6.362033,-22.27011,-8.582615,96.62652
R,0.1216367,0.7239021,-0.1308949,0.6747369,0.25952,-0.0562088,29.14048,-8.196695,-10.80147,96.64156
R,0.1279548,0.7251148,-0.1320067,0.4295284,0.08244052,-0.07558431,-16.6701,-12.03846,-1.317214,96.65627
R,0.1322163,0.7359784,-0.1294271,0.288811,0.7362574,0.1748289,-9.53677,44.3108,16.97113,96.67103
R,0.1368899,0.7440407,-0.1279969,0.1815596,0.3131993,0.05555928,-4.166468,-16.43482,-4.633347,96.69677
R,0.1428008,0.7461795,-0.1306836,0.3952786,0.1430325,-0.1796696,14.29213,-11.37964,-15.73057,96.71172
R,0.146866,0.7475047,-0.1319837,0.2843277,0.09268694,-0.09093183,-7.760172,-3.52129,6.206527,96.72602
R,0.1473386,0.7462638,-0.1312457,0.03196554,-0.08392593,0.04991554,-17.06791,-11.94479,9.525876,96.74081
R,0.1484144,0.7452741,-0.1306759,0.04144736,-0.03813244,0.02195457,0.3653146,1.764328,-1.077278,96.76676
R,0.1605013,0.7437518,-0.11857,0.8124409,-0.1023237,0.813709,51.82342,-4.314708,53.21889,96.78164
R,0.1606557,0.7371818,-0.1138386,0.01032366,-0.4393575,0.3164057,-53.64037,-22.53862,-33.25639,96.79659
R,0.1613296,0.7327021,-0.1107834,0.02610054,-0.1735118,0.1183381,0.6110836,10.29696,-7.671727,96.82241
R,0.1504554,0.7347267,-0.1145361,-0.7048975,0.1312438,-0.2432631,-47.38545,19.75516,-23.44005,96.83784
R,0.1464231,0.7356389,-0.116063,-0.1514355,0.03425636,-0.05734409,20.78607,-3.642505,6.982457,96.86446
R,0.142557,0.7383162,-0.1138715,-0.2620167,0.1814487,0.1485259,-7.494363,9.975595,13.95232,96.87922
R,0.1414068,0.7393239,-0.1129785,-0.04162389,0.03646768,0.03231581,7.975516,-5.246537,-4.205379,96.90685
R,0.1397419,0.7365908,-0.1122748,-0.1128379,-0.1852298,0.04768897,-4.826352,-15.02499,1.041878,96.92161
R,0.1397962,0.7360983,-0.1118226,0.002041598,-0.01850541,0.01699157,4.31694,6.265165,-1.153546,96.94822
R,0.1448257,0.732622,-0.1080951,0.3412186,-0.2358429,0.2528832,23.01067,-14.74475,16.00351,96.96296
R,0.1476853,0.730871,-0.105972,0.1069055,-0.06546144,0.07937425,-8.75981,6.36972,-6.486641,96.98971
R,0.1533209,0.7194089,-0.1122346,0.204053,-0.4150186,-0.2267551,3.517492,-12.65667,-11.08425,97.01733
R,0.1613224,0.7028477,-0.1198517,0.2805707,-0.5807124,-0.2670914,2.683075,-5.810013,-1.414382,97.04585
R,0.1655343,0.6998621,-0.1231281,0.2878304,-0.2040333,-0.2239042,0.496106,25.74144,2.951323,97.06048
R,0.1667292,0.7036038,-0.1238432,0.03954782,0.1238479,-0.02366734,-8.2179,10.85254,6.627638,97.09069
R,0.1660792,0.6944486,-0.12232,-0.02665563,-0.3754644,0.06246516,-2.715088,-20.47743,3.532403,97.11507
R,0.1624572,0.6845015,-0.130641,-0.1276183,-0.3504809,-0.2931853,-3.557361,0.8802787,-12.53113,97.14346
R,0.1617903,0.6807805,-0.1337069,-0.02462203,-0.1373878,-0.1131976,3.802798,7.86776,6.64545,97.17054
R,0.1629993,0.6844784,-0.1320313,0.04324754,0.1322858,0.05994079,2.427893,9.647013,6.193667,97.19849
R,0.1630557,0.6842933,-0.1320706,0.00362477,-0.01189108,-0.002523744,-2.545802,-9.263508,-4.013407,97.21406
R,0.1631066,0.684014,-0.1321809,0.001982138,-0.01087855,-0.004293858,-0.0639641,0.03942824,-0.06892821,97.23974
R,0.1646939,0.6848463,-0.1315034,0.1050742,0.0551018,0.04484691,6.824485,4.367765,3.25302,97.25484
R,0.1673658,0.6853726,-0.1311885,0.1837413,0.03618917,0.02165755,5.40979,-1.300586,-1.594688,97.26939
R,0.1698339,0.6855806,-0.1310614,0.09610698,0.008097984,0.004948961,-3.41248,-1.093871,-0.6506324,97.29507
R,0.1687053,0.6985178,-0.1251587,-0.07834535,0.898152,0.4097849,-12.11113,61.79087,28.10522,97.30947
R,0.1684987,0.7036997,-0.1229468,-0.01501221,0.3764984,0.1607133,4.601553,-37.90143,-18.09662,97.32323
R,0.1649199,0.7069593,-0.1183867,-0.236672,0.2155611,0.3015607,-14.65863,-10.64297,9.314407,97.33836
R,0.1624925,0.709502,-0.1150435,-0.09249012,0.09688181,0.1273841,5.493667,-4.521958,-6.636536,97.3646
R,0.1560229,0.7239848,-0.10098,-0.4500989,1.007589,0.9784176,-24.87925,63.3589,59.20736,97.37897
R,0.1535754,0.7304178,-0.09486512,-0.1688415,0.4437788,0.4218334,19.40262,-38.89457,-38.39611,97.39347
R,0.1461252,0.7417847,-0.08656694,-0.2777337,0.4237437,0.3093456,-4.059364,-0.7468826,-4.1934,97.4203
R,0.1466852,0.7767164,-0.06711964,0.03908746,2.438003,1.357293,22.11202,140.582,73.1398,97.43462
R,0.1464017,0.7942631,-0.05772484,-0.01967918,1.218158,0.6522219,-4.079799,-84.6862,-48.94865,97.44903
R,0.1221035,0.8438373,-0.04072051,-0.9083897,1.853334,0.6357078,-33.22449,23.74608,-0.6173813,97.47578
R,0.09460827,0.8885575,-0.0222718,-0.9819783,1.597156,0.6588855,-2.628174,-9.149255,0.827778,97.50378
R,0.07735308,0.9063699,-0.01073762,-1.196652,1.235297,0.7998989,-14.88767,-25.09503,9.779316,97.5182
R,0.05259093,0.9366068,0.01884332,-1.720904,2.10138,2.055797,-36.43412,60.19051,87.2816,97.53259
R,0.03394615,0.9618782,0.04249908,-1.283513,1.739693,1.62847,30.11011,-24.89869,-29.41731,97.54711
R,0.01810769,0.9842131,0.06213949,-0.6034821,0.8510129,0.7483453,25.91077,-33.86077,-33.53482,97.57336
R,-0.007856169,1.045888,0.08662221,-1.903319,4.521157,1.794742,-95.28651,269.0453,76.70766,97.587
R,-0.01747305,1.078585,0.1169149,-0.66764,2.269962,2.103034,85.78548,-156.2864,21.40276,97.6014
R,-0.02700401,1.101584,0.1382715,-0.6602753,1.593321,1.479519,0.5101992,-46.87563,-43.19519,97.61584
R,-0.03663358,1.123418,0.1575745,-0.674956,1.530348,1.352985,-1.028998,-4.413904,-8.869018,97.6301
R,-0.04628517,1.12773,0.1954805,-0.370115,0.1653791,1.453603,11.68991,-52.34323,3.858443,97.65618
R,-0.05880717,1.130986,0.2591771,-0.852172,0.2215326,4.33481,-32.8059,3.821476,196.0777,97.67088
R,-0.06659431,1.138877,0.3000164,-0.5852501,0.593087,3.069316,20.06077,27.92453,-95.10943,97.68418
R,-0.04843466,1.10958,0.2885703,1.259377,-2.031763,-0.7937934,127.9253,-182.034,-267.9077,97.6986
R,-0.03703087,1.093664,0.285393,0.8230822,-1.148764,-0.2293223,-31.49007,63.73146,40.74139,97.71246
R,-0.03036243,1.084224,0.287897,0.493811,-0.6990024,0.1854233,-24.38319,33.30577,30.71273,97.72596
R,-0.03729598,1.07433,0.2756882,-0.4381842,-0.6253315,-0.7715635,-58.89994,4.655836,-60.47935,97.74178
R,-0.04309579,1.068569,0.2710189,-0.224643,-0.2231411,-0.180858,8.271061,15.57798,22.87971,97.7676
R,-0.08495311,1.058951,0.2114463,-2.705287,-0.6215869,-3.850241,-160.3269,-25.75201,-237.1565,97.78307
R,-0.09886742,1.056391,0.1975214,-0.5348318,-0.09842376,-0.5352421,83.42697,20.1091,127.4204,97.80909
R,-0.1094489,1.008813,0.08514113,-0.7578851,-3.407684,-8.049127,-15.97598,-237.0226,-538.1748,97.82305
R,-0.1075402,0.9911455,0.06329791,0.1111862,-1.029215,-1.27246,50.62707,138.5559,394.7695,97.84022
R,-0.1082996,0.9747064,0.03216422,-0.0299636,-0.6486163,-1.228403,-5.569171,15.01682,1.738279,97.86556
R,-0.07451882,0.9048462,-0.02928248,2.446254,-5.05896,-4.449692,179.3164,-319.3771,-233.2711,97.87937
R,-0.06131823,0.8825861,-0.05205395,0.9164346,-1.545377,-1.58088,-106.2057,243.9261,199.1636,97.89378
R,-0.04744089,0.8437988,-0.07089618,1.018438,-2.846545,-1.382804,7.485902,-95.49088,14.53654,97.9074
R,-0.03706053,0.8142452,-0.08980546,0.7370391,-2.098401,-1.342621,-19.98025,53.12067,2.853154,97.92149
R,-0.0243398,0.7940372,-0.1068931,0.8278709,-1.315149,-1.112072,5.91137,50.97436,15.00424,97.93685
R,-0.01418135,0.7741238,-0.1243226,0.4008092,-0.7856948,-0.6876946,-16.85004,20.89003,16.74411,97.9622
R,0.01307051,0.7412103,-0.1281593,1.681711,-2.031092,-0.2367585,79.04446,-76.85343,27.82726,97.9784
R,0.02689053,0.7246079,-0.1361993,0.5426657,-0.6519201,-0.3157041,-44.72648,54.15543,-3.099929,98.00387
R,0.01967236,0.7034921,-0.1233396,-0.5175605,-1.514057,0.9220673,-76.02077,-61.81726,88.7512,98.01781
R,0.01965204,0.6901051,-0.1235613,-0.0014149,-0.9323401,-0.01543768,35.94699,40.51368,-65.29259,98.03217
R,0.03098924,0.6780682,-0.1201271,0.7997789,-0.8491364,0.2422627,56.51995,5.86958,18.17939,98.04635
R,0.04060171,0.6648836,-0.1201393,0.7150541,-0.9807791,-0.0009078374,-6.302528,-9.792667,-18.08901,98.05979
R,0.04526584,0.6679343,-0.120822,0.3220956,0.2106741,-0.04714615,-27.13691,82.27933,-3.193124,98.07427
R,0.050108,0.6658441,-0.1232968,0.3561565,-0.1537379,-0.1820259,2.505294,-26.80371,-9.92085,98.08787
R,0.05047566,0.6667833,-0.1252341,0.027073,0.06915818,-0.1426593,-24.23238,16.41317,2.898794,98.10145
R,0.0518945,0.6649811,-0.1282446,0.1004164,-0.1275521,-0.2130583,5.190749,-13.92182,-4.982363,98.11558
R,0.05466356,0.6601148,-0.1328578,0.1912254,-0.3360527,-0.3185837,6.271083,-14.39863,-7.287368,98.13006
R,0.05559058,0.6627741,-0.1316749,0.06818511,0.1956019,0.08700722,-9.05002,39.10496,29.83256,98.14365
R,0.05730332,0.6642795,-0.131166,0.1252747,0.1101074,0.03722382,4.175693,-6.253307,-3.641301,98.15733
R,0.06353398,0.6747248,-0.129366,0.4467538,0.7489486,0.1290665,23.05083,45.80645,6.585342,98.17127
R,0.06912767,0.6804188,-0.1292115,0.403287,0.4105215,0.01113861,-3.13382,-24.39952,-8.502225,98.18514
R,0.07426308,0.6829085,-0.1301076,0.3710631,0.1798942,-0.06475029,-2.328366,-16.66416,-5.483412,98.19898
R,0.08023154,0.6780378,-0.126482,0.4284216,-0.3496243,0.2602512,4.117252,-38.00934,23.32891,98.21291
R,0.08576102,0.6734255,-0.1246434,0.4058006,-0.3384877,0.1349329,-1.660128,0.8173008,-9.196931,98.22654
R,0.09352259,0.6739315,-0.1231846,0.5451903,0.03554143,0.1024658,9.791049,26.27264,-2.280564,98.24078
R,0.1004253,0.6732146,-0.1226774,0.4927864,-0.05118124,0.03621366,-3.741115,-6.19113,-4.729738,98.25478
R,0.105633,0.6971915,-0.1258037,0.3865119,1.77956,-0.2320381,-7.887661,135.8771,-19.90957,98.26826
R,0.1107616,0.7144522,-0.1284797,0.3606292,1.213733,-0.1881675,-1.820009,-39.78759,3.084879,98.28248
R,0.1158631,0.7268268,-0.1308623,0.3686157,0.894135,-0.1721593,0.577072,-23.09281,1.156685,98.29632
R,0.1198998,0.7265425,-0.1284522,0.2811332,-0.01979692,0.1678535,-6.092725,-63.65084,23.68021,98.31068
R,0.1193639,0.7252678,-0.1282136,-0.03932551,-0.09354878,0.01750814,-23.51801,-5.412544,-11.03364,98.3243
R,0.118764,0.7231086,-0.1279683,-0.04241463,-0.1526472,0.0173432,-0.2183913,-4.17807,-0.01166028,98.33845
R,0.118571,0.7201018,-0.1278149,-0.01380567,-0.2151295,0.01097247,2.046852,-4.47035,-0.4557996,98.35242
R,0.119078,0.7177384,-0.127887,0.03619026,-0.1687177,-0.005146633,3.569208,3.313337,-1.150742,98.36643
R,0.1167855,0.713897,-0.1300165,-0.1594902,-0.2672505,-0.1481483,-13.61371,-6.855042,-9.948785,98.38081
R,0.1156557,0.7110767,-0.1319075,-0.04233362,-0.1056787,-0.07085578,4.389922,6.054187,2.896192,98.40749
R,0.1180526,0.7214113,-0.1291931,0.1589924,0.6855113,0.1800493,13.35435,52.4812,16.64303,98.42257
R,0.1203916,0.7289733,-0.1276883,0.08739372,0.2825461,0.05622528,-2.675194,-15.05629,-4.626527,98.44933
R,0.1200872,0.7371584,-0.1244094,-0.02177649,0.5856091,0.2345893,-7.810675,21.6829,12.7612,98.46331
R,0.1185195,0.7405978,-0.1221823,-0.1118005,0.2452691,0.15882,-6.419816,-24.27043,-5.403283,98.47733
