L/R,p_x,p_y,p_z,v_x,v_y,v_z,a_x,a_y,a_z,t
L,-0.2659804,1.232158,0.009035274,-0.365703,0.7394215,0.05558807,4.628868,-10.36449,-4.406256,0.05295563
L,-0.266746,1.240623,0.006335221,-0.05847993,0.6466073,-0.2062362,23.4664,-7.089365,-19.99874,0.06604767
L,-0.265406,1.243029,0.003959129,0.0971195,0.1743676,-0.1722085,11.27715,-34.22582,2.466174,0.07984543
L,-0.2648723,1.245497,0.002326024,0.04165116,0.1925796,-0.1274513,-4.328876,1.421311,3.49296,0.092659
L,-0.2649965,1.247834,0.001843722,-0.008765141,0.1649226,-0.03403297,-3.557559,-1.951581,6.591937,0.1068306
L,-0.2653186,1.25049,0.001389135,-0.02415707,0.1991919,-0.03408672,-1.154148,2.56965,-0.004029996,0.1201668
L,-0.2658039,1.253502,0.0009329702,-0.03813278,0.23667,-0.03584559,-1.098215,2.945042,-0.1382129,0.1328926
L,-0.2657301,1.253652,0.0008858474,0.005674945,0.01156525,-0.003622571,3.367722,-17.30495,2.477147,0.1459007
L,-0.2646747,1.255588,0.0004430514,0.08035779,0.1473461,-0.03371371,5.686222,10.33811,-2.291087,0.1590347
L,-0.2666069,1.259385,0.00247255,-0.1243918,0.2444361,0.1306535,-13.18121,6.250385,10.5815,0.1745682
L,-0.268543,1.263551,0.004235907,-0.1450112,0.3120357,0.1320724,-1.544354,5.063096,0.1062734,0.1879196
L,-0.2702919,1.267615,0.005603993,-0.1355568,0.315041,0.1060424,0.7328215,0.2329474,-2.017622,0.2008209
L,-0.273963,1.273006,0.006779152,-0.2921552,0.4289997,0.09352183,-12.46246,9.069089,-0.9964175,0.2133865
L,-0.2769061,1.277846,0.007691579,-0.2091416,0.3439279,0.06483796,5.899029,-6.045287,-2.038304,0.227459
L,-0.2772495,1.278183,0.007031952,-0.0248409,0.02438604,-0.04771443,13.33149,-23.11423,-8.141539,0.2412834
L,-0.2776537,1.278826,0.006642173,-0.02795391,0.04445086,-0.02695999,-0.215318,1.387829,1.435529,0.2557411
L,-0.2782037,1.279849,0.006317808,-0.0388939,0.07239681,-0.02293779,-0.7736319,1.976225,0.2844332,0.2698822
L,-0.2798726,1.283982,0.006929388,-0.1291345,0.3197868,0.04732059,-6.982303,19.14161,5.43619,0.2828064
L,-0.2817109,1.288532,0.007547939,-0.1248745,0.3090989,0.04201851,0.2893879,-0.7260341,-0.3601732,0.2975273
L,-0.2842351,1.296343,0.008769158,-0.1847817,0.5717415,0.08939829,-4.385453,19.22652,3.468396,0.3111877
L,-0.2863975,1.302868,0.009723096,-0.1549622,0.4676223,0.06836224,2.136961,-7.46151,-1.50751,0.3251419
L,-0.289553,1.311686,0.009589312,-0.2148001,0.6002581,-0.009106933,-4.073271,9.028734,-5.273456,0.3398323
L,-0.2922326,1.319161,0.009593435,-0.169962,0.4741108,0.0002615075,2.843948,-8.001147,0.5942126,0.3555984
L,-0.2903057,1.327467,0.006980667,0.1642149,0.7078694,-0.2226662,28.47935,19.92146,-18.99843,0.3673325
L,-0.289332,1.334767,0.005148104,0.07485566,0.5611437,-0.1408784,-6.869497,-11.27955,6.287448,0.3803406
L,-0.2889808,1.341438,0.003813786,0.02527107,0.4800731,-0.09601525,-3.568022,-5.833701,3.228273,0.3942375
L,-0.2857237,1.348704,0.003121209,0.2371064,0.5289243,-0.05041789,15.4211,3.556247,3.319377,0.4079742
L,-0.2787427,1.35929,-0.004401896,0.4872288,0.7388428,-0.5250631,17.45689,14.65093,-33.1271,0.4223022
L,-0.2736681,1.368639,-0.0100237,0.3344956,0.6162544,-0.3705612,-10.06741,-8.08042,10.18399,0.4374733
L,-0.2698624,1.377135,-0.01449039,0.2839809,0.6339934,-0.3333091,-3.769461,1.323704,2.779791,0.4508743
L,-0.2668459,1.385088,-0.01824146,0.2332619,0.6150074,-0.2900651,-3.922033,-1.46816,3.344006,0.4638062
L,-0.2620183,1.390054,-0.02239719,0.3302535,0.3397051,-0.2842903,6.635113,-18.83321,0.3950471,0.4784241
L,-0.2592759,1.398359,-0.02339679,0.2144732,0.6494443,-0.0781738,-9.054626,24.22323,16.11939,0.4912109
L,-0.2568412,1.406311,-0.02476636,0.1745696,0.5701843,-0.09820196,-2.861181,-5.683136,-1.436067,0.5051575
L,-0.2545779,1.414012,-0.02637168,0.157042,0.5343518,-0.1113882,-1.216189,-2.486306,-0.9149548,0.5195694
L,-0.2524225,1.421543,-0.02812352,0.1546336,0.5402812,-0.1256796,-0.1727805,0.4253814,-1.02529,0.5335083
L,-0.2515181,1.428993,-0.02846223,0.06743059,0.555443,-0.02525342,-6.501637,1.130426,7.487524,0.5469208
L,-0.2494462,1.428262,-0.03048482,0.1405664,-0.04953578,-0.137218,4.961725,-41.04336,-7.595976,0.5616608
L,-0.2475853,1.429055,-0.03231658,0.1355788,0.05772304,-0.1334587,-0.3633855,7.81469,0.2738946,0.575386
L,-0.2455517,1.431069,-0.03433796,0.1436544,0.1422881,-0.1427894,0.5704598,5.973654,-0.6591173,0.5895424
L,-0.2414618,1.432101,-0.03683893,0.3027813,0.07639085,-0.1851497,11.78033,-4.878446,-3.135978,0.6030502
L,-0.2375934,1.434242,-0.03937825,0.2642154,0.1462839,-0.1734411,-2.634136,4.773849,0.7997258,0.617691
L,-0.2338559,1.434226,-0.03914146,0.2808995,-0.001245341,0.01779623,1.253909,-11.0877,14.37263,0.6309967
L,-0.2304338,1.435174,-0.03937352,0.2485691,0.06888162,-0.01685592,-2.348353,5.093755,-2.516999,0.6447639
L,-0.2271523,1.436826,-0.03994574,0.2344517,0.1179988,-0.04088414,-1.008669,3.50934,-1.716777,0.6587601
L,-0.2239262,1.439002,-0.04076822,0.2349186,0.1584462,-0.05989176,0.03400391,2.94529,-1.384093,0.672493
L,-0.2225221,1.439749,-0.03869672,0.1009316,0.05369139,0.1488983,-9.630898,-7.529706,15.0077,0.6864052
L,-0.2223409,1.439399,-0.0372709,0.01287992,-0.02485083,0.1013752,-6.260436,-5.584315,-3.37887,0.70047
L,-0.2218808,1.439469,-0.03617416,0.03183986,0.004801346,0.0758986,1.312099,2.052043,-1.76308,0.71492
L,-0.221758,1.439216,-0.03623405,0.009214056,-0.01897353,-0.004492187,-1.697058,-1.783245,-6.029746,0.7282524
L,-0.2215791,1.439107,-0.03632784,0.01209255,-0.007326864,-0.006341485,0.1946298,0.7874915,-0.1250406,0.743042
L,-0.2214345,1.437716,-0.03656807,0.01078917,-0.1037753,-0.01792644,-0.09725984,-7.197088,-0.8644824,0.756443
L,-0.2210525,1.436196,-0.0369629,0.02685665,-0.1068819,-0.02775569,1.129524,-0.2183907,-0.690984,0.770668
L,-0.2205086,1.434981,-0.03741882,0.04043955,-0.09033785,-0.0338958,1.009834,1.229982,-0.4564926,0.7841187
L,-0.2207863,1.434906,-0.03731532,-0.02007728,-0.005445272,0.007480517,-4.373897,6.135671,2.990503,0.7979546
L,-0.2209662,1.434897,-0.03725175,-0.01295321,-0.0006097142,0.004579297,0.5131998,0.3483409,-0.2089963,0.8118362
L,-0.2216638,1.43462,-0.03692835,-0.04946895,-0.01965276,0.02293113,-2.58923,-1.350289,1.301277,0.8259392
L,-0.2224656,1.43435,-0.03655678,-0.05779145,-0.01949581,0.02678176,-0.5998604,0.01131263,0.2775424,0.8398132
L,-0.2231658,1.434162,-0.03623269,-0.0500842,-0.01339529,0.02318117,0.5512713,0.4363474,-0.2575374,0.8537941
L,-0.2237184,1.434058,-0.03597737,-0.0405212,-0.007631119,0.01872132,0.7012262,0.4226696,-0.3270274,0.8674316
L,-0.2267154,1.433447,-0.03523631,-0.2101153,-0.04283398,0.05195631,-11.89037,-2.468098,2.330129,0.8816948
L,-0.2319808,1.433066,-0.03473567,-0.3833148,-0.02773535,0.0364455,-12.6085,1.099143,-1.129149,0.8954315
L,-0.2360779,1.432869,-0.03438103,-0.2931276,-0.01409832,0.02537303,6.452518,0.9756729,-0.7921889,0.9094086
L,-0.2390954,1.432805,-0.03414832,-0.2209563,-0.004678771,0.0170402,5.284716,0.6897426,-0.6101685,0.9230652
L,-0.2413638,1.432217,-0.03535815,-0.157981,-0.04096374,-0.08425861,4.385913,-2.527068,-7.054962,0.9374237
L,-0.2432764,1.431807,-0.03630653,-0.1335973,-0.02865208,-0.06624362,1.703185,0.8599593,1.258332,0.9517403
L,-0.247375,1.431427,-0.03758518,-0.3220631,-0.02981677,-0.100477,-14.8097,-0.091522,-2.690074,0.9644661
L,-0.25096,1.431147,-0.03867486,-0.2500114,-0.01952813,-0.07599184,5.024714,0.717506,1.707541,0.9788055
L,-0.2594393,1.432446,-0.03844524,-0.5997812,0.09181901,0.0162424,-24.74097,7.876143,6.524191,0.9929428
L,-0.2660256,1.433429,-0.03836107,-0.4670172,0.06972715,0.005968733,9.413925,-1.566473,-0.7284772,1.007046
L,-0.2714801,1.434204,-0.03837444,-0.4065565,0.05778185,-0.00099711,4.506508,-0.8903579,-0.5192078,1.020462
L,-0.2766404,1.433078,-0.03972897,-0.3660038,-0.0798752,-0.09607145,2.876262,-9.763519,-6.743281,1.034561
L,-0.2810125,1.432374,-0.04073068,-0.3158218,-0.0508749,-0.07235981,3.624942,2.094862,1.712831,1.048405
L,-0.2855692,1.43281,-0.04146258,-0.3250361,0.03112245,-0.0522077,-0.6572768,5.84901,1.437484,1.062424
L,-0.2897702,1.433168,-0.04209945,-0.2908057,0.024764,-0.04408508,2.3695,-0.4401454,0.5622646,1.07687
L,-0.2937586,1.433471,-0.04267925,-0.2849614,0.02169358,-0.04142632,0.4175674,-0.219376,0.1899639,1.090866
L,-0.2984795,1.430875,-0.04551487,-0.3407364,-0.1874226,-0.2046638,-4.02563,-15.09321,-11.78186,1.104721
L,-0.3030354,1.428928,-0.04780902,-0.3508533,-0.1498972,-0.1766738,-0.7791087,2.889852,2.155528,1.117706
L,-0.3077317,1.429577,-0.05067507,-0.3303197,0.04565502,-0.201588,1.444262,13.75445,-1.752378,1.131924
L,-0.3121392,1.429999,-0.05299379,-0.3274961,0.03133858,-0.1722897,0.2098037,-1.063767,2.176978,1.145382
L,-0.3171473,1.429186,-0.05607606,-0.3462182,-0.05617913,-0.2130799,-1.294273,-6.050169,-2.819863,1.159847
L,-0.3218322,1.428552,-0.05864393,-0.3376688,-0.04569357,-0.1850842,0.6162123,0.7557678,2.017844,1.173721
L,-0.3262592,1.428043,-0.06086276,-0.3322381,-0.03826403,-0.16652,0.4075651,0.5575747,1.393217,1.187046
L,-0.3306567,1.427658,-0.0627244,-0.3072486,-0.02684402,-0.1300689,1.745963,0.7978911,2.546756,1.201359
L,-0.3349577,1.427304,-0.06450911,-0.3002559,-0.02471704,-0.1245938,0.4881762,0.1484882,0.3822305,1.215683
L,-0.3412891,1.427648,-0.06470308,-0.4515098,0.02453414,-0.01383233,-10.78626,3.512215,7.898653,1.229706
L,-0.347128,1.427833,-0.06527589,-0.4320138,0.01369778,-0.04238166,1.442492,-0.8017741,-2.112344,1.243221
L,-0.3525133,1.427909,-0.06608052,-0.3828951,0.005390562,-0.05720903,3.492317,-0.5906397,-1.054219,1.257286
L,-0.3611578,1.426948,-0.06777132,-0.6301707,-0.07008655,-0.1232576,-18.02608,-5.502189,-4.814861,1.271004
L,-0.368669,1.426204,-0.06935978,-0.5559072,-0.05506247,-0.1175619,5.49625,1.111935,0.4215397,1.284515
L,-0.3780749,1.424016,-0.07312174,-0.6687517,-0.1555719,-0.2674738,-8.02319,-7.146177,-10.65866,1.29858
L,-0.3863355,1.422336,-0.07624054,-0.5491952,-0.1116853,-0.2073483,7.948524,2.917734,3.997346,1.313622
L,-0.3961761,1.419129,-0.08148232,-0.7728173,-0.2518349,-0.4116541,-17.56177,-11.00641,-16.04481,1.326355
L,-0.4049851,1.416606,-0.08580536,-0.6204221,-0.1777102,-0.3044755,10.73334,5.220673,7.548695,1.340553
L,-0.413152,1.414513,-0.0895564,-0.582881,-0.149401,-0.2677137,2.679328,2.020443,2.623707,1.354565
L,-0.4229801,1.410625,-0.09463146,-0.7122961,-0.2817857,-0.3678182,-9.379432,-9.594646,-7.255126,1.368362
L,-0.4319832,1.407461,-0.09902715,-0.6090605,-0.2140242,-0.2973684,6.983899,4.584069,4.765932,1.383144
L,-0.4442707,1.405837,-0.1004311,-0.8910313,-0.1177818,-0.1018099,-20.44729,6.979076,14.18105,1.396935
L,-0.4551847,1.404205,-0.102258,-0.8382815,-0.1253388,-0.1403206,4.051581,-0.5804318,-2.957903,1.409954
L,-0.4653002,1.402566,-0.1043525,-0.7478012,-0.1211665,-0.1548367,6.688901,0.3084461,-1.073127,1.423481
L,-0.4736372,1.399962,-0.106061,-0.5851427,-0.1827309,-0.1199104,11.41632,-4.320952,2.451329,1.437729
L,-0.4820422,1.397617,-0.108022,-0.604805,-0.1687998,-0.141114,-1.414867,1.002463,-1.525773,1.451626
L,-0.4926426,1.395924,-0.1117423,-0.760908,-0.1214916,-0.2670417,-11.20522,3.395821,-9.039213,1.465557
L,-0.5026271,1.394202,-0.1151302,-0.6985297,-0.1204547,-0.2370235,4.364054,0.07254606,2.100107,1.479851
L,-0.506745,1.386505,-0.1208716,-0.2998524,-0.5604948,-0.4180767,29.03079,-32.04274,-13.1839,1.493584
L,-0.5121558,1.380399,-0.1257983,-0.4028463,-0.4546205,-0.3668042,-7.668056,7.882509,3.817322,1.507015
L,-0.5183331,1.375254,-0.1302264,-0.4393228,-0.36592,-0.3149215,-2.594163,6.308271,3.689834,1.521076
L,-0.5219003,1.367746,-0.1325849,-0.2347162,-0.4939916,-0.1551862,13.46295,-8.427005,10.51046,1.536274
L,-0.5102299,1.373107,-0.1273469,0.9053899,0.415896,0.4063691,88.44983,70.58939,43.56565,1.549164
L,-0.5247627,1.366237,-0.1339367,-1.073752,-0.5075747,-0.4868863,-146.2289,-68.23063,-65.99818,1.562698
L,-0.5365317,1.360614,-0.1393397,-0.7798755,-0.3725986,-0.3580331,19.4737,8.944179,8.538448,1.577789
L,-0.546668,1.355799,-0.1439703,-0.7607089,-0.3613656,-0.3475142,1.438421,0.8430187,0.7894248,1.591114
L,-0.5456541,1.337736,-0.1543502,0.07714985,-1.374456,-0.7898505,63.75607,-77.09013,-33.65916,1.604256
L,-0.5467771,1.324147,-0.1626435,-0.07860481,-0.9512517,-0.5805168,-10.90258,29.6236,14.65303,1.618542
L,-0.5523393,1.317201,-0.1638056,-0.4002496,-0.4997941,-0.08362785,-23.14501,32.48611,35.75527,1.632439
L,-0.5578836,1.310533,-0.1658138,-0.410915,-0.4942218,-0.1488318,-0.7904584,0.4129912,-4.832575,1.645931
L,-0.5634158,1.304121,-0.1683356,-0.3930174,-0.4555217,-0.1791518,1.271471,2.749325,-2.153991,1.660007
L,-0.5634476,1.300522,-0.1630895,-0.002260007,-0.2560295,0.3731969,27.79775,14.1915,39.29306,1.674065
L,-0.564975,1.296286,-0.1601797,-0.1115916,-0.3094691,0.2125945,-7.987909,-3.904364,-11.73382,1.687752
L,-0.573514,1.286834,-0.1585271,-0.5855268,-0.6481575,0.113317,-32.49784,-23.22395,-6.80748,1.702335
L,-0.5809539,1.278501,-0.1579054,-0.5405523,-0.6054254,0.04516872,3.267682,3.104759,-4.951404,1.716099
L,-0.5914633,1.271379,-0.1567339,-0.7044154,-0.4773555,0.07852651,-10.98332,8.584186,2.235884,1.731018
L,-0.6005029,1.264511,-0.1562666,-0.7150536,-0.54332,0.03696321,-0.8414963,-5.21792,-3.28774,1.74366
L,-0.6087196,1.257785,-0.1562478,-0.5739284,-0.4697575,0.001308328,9.857481,5.138279,-2.490465,1.757977
L,-0.6104282,1.250141,-0.1579248,-0.1171303,-0.5240586,-0.1149565,31.31456,-3.722462,-7.970223,1.772564
L,-0.6134639,1.242845,-0.1593936,-0.2348176,-0.5643165,-0.1136144,-9.103282,-3.114009,0.1038188,1.785492
L,-0.6171558,1.24398,-0.156882,-0.2691315,0.0827395,0.183093,-2.501441,47.16959,21.6296,1.79921
L,-0.6211456,1.243223,-0.1553053,-0.2916638,-0.05537158,0.1152572,-1.647154,-10.09621,-4.958932,1.812889
L,-0.6257278,1.241163,-0.1542003,-0.3281933,-0.1474898,0.07914639,-2.616393,-6.597876,-2.586406,1.826851
L,-0.6264323,1.233179,-0.1525292,-0.05050246,-0.5723441,0.1197885,19.90566,-30.45475,2.913338,1.840801
L,-0.6283658,1.226094,-0.15137,-0.1384483,-0.5072811,0.08300008,-6.297319,4.658802,-2.634213,1.854767
L,-0.6293358,1.22031,-0.1490197,-0.06844297,-0.4081679,0.16585,4.939836,6.993792,5.846195,1.868938
L,-0.6312509,1.214646,-0.1472676,-0.1394531,-0.4124566,0.1275835,-5.170802,-0.3122938,-2.786479,1.882671
L,-0.6302912,1.210858,-0.146804,0.0672489,-0.2654621,0.03248317,14.48428,10.30038,-6.663992,1.896942
L,-0.6304817,1.206806,-0.1463646,-0.01397635,-0.2972555,0.03224269,-5.959337,-2.332616,-0.01764345,1.910572
L,-0.6314357,1.202374,-0.1459089,-0.06534982,-0.3035913,0.03121427,-3.519009,-0.4339928,-0.07044493,1.925171
L,-0.6343279,1.201016,-0.1471701,-0.218935,-0.102792,-0.09547358,-11.62617,15.20021,-9.590084,1.938381
L,-0.637471,1.198735,-0.1481844,-0.2212549,-0.16058,-0.07139815,-0.1633031,-4.067878,1.694744,1.952587
L,-0.6381171,1.195622,-0.1478981,-0.04836522,-0.2330276,0.02142637,12.94174,-5.423098,6.948427,1.965946
L,-0.6392558,1.191978,-0.1476016,-0.07610913,-0.2435301,0.01982208,-1.854385,-0.7019816,-0.10723,1.980907
L,-0.6408021,1.187904,-0.1473037,-0.1102419,-0.2904542,0.02123526,-2.433423,-3.345355,0.1007495,1.994934
L,-0.6397492,1.18674,-0.1484379,0.07597888,-0.08399566,-0.08184201,13.43701,14.89729,-7.437679,2.008793
L,-0.6392038,1.185091,-0.1493734,0.04164543,-0.1259103,-0.0714276,-2.621703,-3.200602,0.7952451,2.021889
L,-0.6389734,1.185423,-0.1488822,0.01663654,0.02399277,0.03546832,-1.806041,10.8254,7.719594,2.035736
L,-0.6385633,1.185953,-0.1475747,0.02895654,0.03738554,0.09231185,0.8698127,0.9455518,4.013248,2.0499
L,-0.6367411,1.187235,-0.1468553,0.1347452,0.09481664,0.05319773,7.822813,4.246888,-2.892393,2.063423
L,-0.6352292,1.188018,-0.1461905,0.1068024,0.0552917,0.04696131,-1.973874,-2.792031,-0.4405384,2.077579
L,-0.6341757,1.188314,-0.1456584,0.07645522,0.02149951,0.03862018,-2.202473,-2.452497,-0.6053649,2.091358
L,-0.6326619,1.189713,-0.1465329,0.1095605,0.1012303,-0.06329592,2.39601,5.770556,-7.376227,2.105175
L,-0.6313877,1.190713,-0.1473126,0.08850855,0.0694472,-0.05415859,-1.462279,-2.207672,0.6346831,2.119572
L,-0.6300977,1.192698,-0.1471646,0.09346496,0.1438467,0.01072329,0.3591197,5.390655,4.70105,2.133373
L,-0.6290776,1.194157,-0.1470341,0.07488711,0.1071391,0.009581306,-1.363784,-2.694675,-0.08383226,2.146996
L,-0.6283123,1.195154,-0.1469295,0.05490131,0.07148844,0.00750248,-1.433815,-2.557637,-0.1491384,2.160934
L,-0.6259687,1.199463,-0.1464059,0.1688771,0.3104986,0.03772999,8.212776,17.22239,2.178109,2.174812
L,-0.6240096,1.202952,-0.14596,0.1337402,0.2381673,0.03044332,-2.398679,-4.937813,-0.497437,2.189461
L,-0.616677,1.212278,-0.1428713,0.5566717,0.7080166,0.2344836,32.10801,35.6699,15.49028,2.202633
L,-0.6111411,1.219256,-0.1405598,0.3912695,0.4932175,0.1633706,-11.69027,-15.18153,-5.026114,2.216782
L,-0.604099,1.228154,-0.1374576,0.5133612,0.6486374,0.2261508,8.900334,11.32992,4.576602,2.230499
L,-0.5984793,1.23521,-0.1350041,0.4065044,0.5104253,0.1774757,-7.729546,-9.997646,-3.520941,2.244324
L,-0.5937921,1.241051,-0.1329698,0.3327114,0.4145681,0.1444001,-5.238126,-6.804328,-2.347838,2.258411
L,-0.5886613,1.246057,-0.1360964,0.3210865,0.3132982,-0.1956575,-0.7274764,-6.337381,-21.28051,2.274391
L,-0.5841489,1.250618,-0.1380671,0.3376793,0.3413413,-0.1474763,1.24171,2.098583,3.605603,2.287754
L,-0.5834675,1.256317,-0.1377054,0.05219444,0.4365776,0.02770447,-21.86971,7.295624,13.41981,2.300808
L,-0.5821544,1.261488,-0.1373015,0.1037788,0.4086241,0.0319189,4.076738,-2.209178,0.3330686,2.313461
L,-0.5804766,1.266131,-0.1368963,0.1207944,0.3342832,0.02917618,1.225085,-5.352386,-0.19747,2.327351
L,-0.5765433,1.270235,-0.1372931,0.2718453,0.2836722,-0.02742614,10.43952,-3.497854,-3.911932,2.34182
L,-0.5729157,1.274353,-0.1374694,0.2613902,0.2967204,-0.01270014,-0.7533694,0.9402144,1.061114,2.355698
L,-0.5699743,1.277135,-0.1334514,0.2183739,0.2065013,0.2982977,-3.193562,-6.697927,23.0887,2.369167
L,-0.5670133,1.280291,-0.1302596,0.2179777,0.2323347,0.234963,-0.0291603,1.901727,-4.662402,2.382751
L,-0.564078,1.283661,-0.1277027,0.2063472,0.2369352,0.1797535,-0.8176119,0.323409,-3.881156,2.396976
L,-0.5615252,1.287977,-0.1254201,0.1815484,0.3069723,0.1623298,-1.76366,4.98096,-1.239152,2.411037
L,-0.5588961,1.292171,-0.1234366,0.1914497,0.3053906,0.1444396,0.7209852,-0.1151758,-1.302728,2.42477
L,-0.5543291,1.298003,-0.1211302,0.3178978,0.4059264,0.1605411,8.801811,6.9981,1.120795,2.439137
L,-0.5502211,1.303325,-0.1190864,0.2965781,0.3842605,0.1475564,-1.5392,-1.564189,-0.9374419,2.452988
L,-0.5444281,1.31283,-0.1075689,0.4300835,0.7056429,0.8550688,9.911542,23.85966,52.52623,2.466457
L,-0.5393315,1.321002,-0.09854104,0.3601162,0.5774174,0.6378948,-4.943803,-9.060251,-15.34525,2.48061
L,-0.5346987,1.328255,-0.09125564,0.3231648,0.5059623,0.5082023,-2.577597,-4.984446,-9.046863,2.494946
L,-0.5272094,1.334565,-0.09150995,0.5395112,0.4545033,-0.01832041,15.58503,-3.706968,-37.92931,2.508827
L,-0.5207064,1.340613,-0.09073836,0.4709168,0.4379748,0.05587556,-4.967298,-1.19692,5.372936,2.522636
L,-0.511103,1.348528,-0.0846834,0.6893398,0.568139,0.4346308,15.67861,9.343311,27.1874,2.536568
L,-0.5028535,1.35584,-0.0793535,0.6182327,0.5479828,0.399428,-5.32884,-1.510533,-2.638133,2.549911
L,-0.4955376,1.362725,-0.07454754,0.530662,0.4994466,0.3486036,-6.352004,-3.520603,-3.686581,2.563698
L,-0.4867568,1.366313,-0.07314315,0.6179383,0.2524916,0.09883285,6.142005,-17.37927,-17.57743,2.577908
L,-0.4788437,1.37054,-0.07111821,0.57446,0.3068229,0.1470031,-3.156354,3.944231,3.496964,2.591682
L,-0.4591094,1.382765,-0.06490599,1.411911,0.874693,0.444458,59.91616,40.62875,21.28167,2.605659
L,-0.4427177,1.393385,-0.05939788,1.166389,0.7556834,0.391943,-17.47074,-8.468419,-3.736835,2.619713
L,-0.4228714,1.401396,-0.05586194,1.413366,0.5705056,0.2518136,17.58861,-13.18751,-9.979375,2.633755
L,-0.4059187,1.409035,-0.05226038,1.222229,0.5507082,0.2596614,-13.78042,-1.427333,0.5658025,2.647625
L,-0.3909698,1.416472,-0.04859644,1.085834,0.5402552,0.2661343,-9.90722,-0.7592607,0.4701636,2.661392
L,-0.3888342,1.40965,-0.04821959,0.1532097,-0.489455,0.02703614,-66.90797,-73.87312,-17.1533,2.675331
L,-0.384518,1.406593,-0.04693733,0.3078032,-0.2179849,0.09144063,11.02442,19.35916,4.592832,2.689354
L,-0.3425143,1.42988,-0.04491144,3.106946,1.722471,0.1498516,207.0481,143.5324,4.320569,2.702873
L,-0.30775,1.44882,-0.04255361,2.477773,1.34991,0.1680511,-44.84334,-26.55375,1.297137,2.716904
L,-0.2788806,1.464454,-0.03999297,1.939003,1.050058,0.1719851,-36.18635,-20.1395,0.2642278,2.731792
L,-0.241245,1.456853,-0.05462643,2.807612,-0.5670087,-1.091655,64.79813,-120.633,-94.26738,2.745197
L,-0.2087892,1.453654,-0.06416036,2.409543,-0.2374681,-0.7078062,-29.55292,24.46533,28.49718,2.758667
L,-0.1973144,1.446331,-0.06391427,0.798316,-0.5095292,0.01712094,-112.0949,-18.9276,50.43399,2.773041
L,-0.184109,1.442801,-0.06369718,1.01576,-0.2715119,0.01669842,16.72586,18.30834,-0.03250093,2.786041
L,-0.1697633,1.433007,-0.07070406,0.9912043,-0.6767099,-0.4841356,-1.696684,-27.9969,-34.60481,2.800514
L,-0.1542357,1.427059,-0.07574455,1.104309,-0.4230026,-0.3584737,8.043908,18.04337,8.93693,2.814575
L,-0.1379794,1.423393,-0.07958565,1.205853,-0.2719121,-0.2849241,7.532267,11.20754,5.455738,2.828056
L,-0.1276532,1.418648,-0.08446781,0.7009221,-0.3220643,-0.3313905,-34.27359,-3.404221,-3.154035,2.842789
L,-0.1154616,1.415499,-0.08838211,0.9066539,-0.2341844,-0.2910949,15.29968,6.535376,2.996669,2.856236
L,-0.1041294,1.417997,-0.08930717,0.8017982,0.1766869,-0.06545209,-7.418978,29.07084,15.96515,2.870369
L,-0.09143524,1.419877,-0.09050568,0.9755777,0.1445141,-0.09210837,13.35539,-2.472565,-2.048603,2.883381
L,-0.07785582,1.42134,-0.09188214,0.933831,0.100628,-0.09465637,-2.87084,-3.017965,-0.1752212,2.897923
L,-0.07520029,1.42692,-0.09653352,0.193316,0.4061806,-0.3386093,-53.90768,22.24348,-17.75917,2.911659
L,-0.06924731,1.431188,-0.1003729,0.4287195,0.3073747,-0.2765019,16.95319,-7.115762,4.472826,2.925545
L,-0.06534362,1.419982,-0.1078014,0.2722341,-0.7814495,-0.5180483,-10.91293,-75.93209,-16.84489,2.939884
L,-0.05892383,1.412307,-0.1137656,0.4703491,-0.5623603,-0.4369672,14.515,16.05168,5.94045,2.953533
L,-0.07294251,1.400772,-0.1217187,-1.051177,-0.8648992,-0.5963562,-114.09,-22.68557,-11.95162,2.966869
L,-0.07980981,1.392284,-0.1283176,-0.4819868,-0.5957664,-0.4631495,39.94905,18.8893,9.349224,2.981117
L,-0.08248997,1.385577,-0.1341025,-0.1921739,-0.4809047,-0.4147922,20.78028,8.235865,3.467329,2.995064
L,-0.09518272,1.392736,-0.1339099,-0.8906124,0.5023421,0.0135119,-49.00735,68.9915,30.05283,3.009315
L,-0.1025271,1.3972,-0.1348999,-0.563113,0.3422693,-0.07590167,25.11027,-12.27322,-6.855581,3.022358
L,-0.1085618,1.396917,-0.132876,-0.4256042,-0.01995897,0.1427342,9.697904,-25.5464,15.41945,3.036537
L,-0.1119481,1.396315,-0.1323318,-0.2420751,-0.04306995,0.03890591,13.12,-1.652142,-7.422406,3.050526
L,-0.1134734,1.395716,-0.1325866,-0.1088926,-0.04271344,-0.01818874,9.507899,0.025451,-4.075986,3.064533
L,-0.1208458,1.402176,-0.1281878,-0.5028959,0.4406388,0.3000575,-26.8763,32.97109,21.70865,3.079193
L,-0.1258249,1.406627,-0.125565,-0.3525744,0.3151422,0.185722,10.64448,-8.8866,-8.096262,3.093315
L,-0.1299297,1.412659,-0.1190811,-0.2897272,0.4257876,0.4576492,4.435922,7.809648,19.19334,3.107483
L,-0.1329666,1.417105,-0.1146105,-0.2478535,0.3628483,0.3648647,3.417479,-5.136721,-7.572509,3.119736
L,-0.1353417,1.420511,-0.1114778,-0.1624421,0.2329605,0.2142506,5.841399,-8.883203,-10.3007,3.134357
L,-0.1374834,1.419395,-0.1093474,-0.1655658,-0.08629461,0.1646949,-0.2414779,-24.68027,-3.830944,3.147293
L,-0.1391105,1.418888,-0.1078445,-0.1146898,-0.0357455,0.105933,3.586137,3.563094,-4.141996,3.16148
L,-0.1473024,1.413584,-0.1067914,-0.5859343,-0.3793656,0.07532081,-33.70639,-24.57789,-2.189578,3.175461
L,-0.1535104,1.410017,-0.1058444,-0.4448843,-0.2556213,0.06786922,10.10809,8.867918,-0.5340046,3.189415
L,-0.1677953,1.406983,-0.1081698,-1.059623,-0.2250283,-0.1724907,-45.59989,2.269316,-17.82935,3.202896
L,-0.1786084,1.404767,-0.1096802,-0.7490999,-0.1535743,-0.1046362,21.51208,4.950118,4.700752,3.217331
L,-0.187467,1.403058,-0.1106686,-0.6369255,-0.1228744,-0.07107104,8.065229,2.207292,2.413303,3.231239
L,-0.2025731,1.403703,-0.1090369,-1.125307,0.04806053,0.1215583,-36.38147,12.73361,14.34971,3.244663
L,-0.2146383,1.403992,-0.1078212,-0.8585299,0.02059582,0.08650213,18.9832,-1.954318,-2.494508,3.258717
L,-0.2311006,1.411724,-0.1057837,-1.152948,0.5415275,0.1426976,-20.61981,36.48386,3.935696,3.272995
L,-0.2446093,1.417339,-0.1042078,-1.002334,0.4165989,0.1169293,11.17536,-9.269544,-1.911973,3.286472
L,-0.2565074,1.421512,-0.1029308,-0.817347,0.2866385,0.08772479,12.70787,-8.927759,-2.006236,3.301029
L,-0.2709022,1.4146,-0.1090007,-1.06057,-0.509231,-0.4472129,-17.92002,-58.63755,-39.41279,3.314602
L,-0.2835817,1.409972,-0.1131824,-0.8774749,-0.3202547,-0.2893925,12.67087,13.07787,10.92177,3.329052
L,-0.3006968,1.410566,-0.1146041,-1.27933,0.04438445,-0.106264,-30.03816,27.25634,13.68863,3.34243
L,-0.3155396,1.411022,-0.1157301,-1.077824,0.03309384,-0.08176561,14.63254,-0.8198797,1.778979,3.356201
L,-0.3304581,1.404453,-0.1215743,-1.056974,-0.4653885,-0.4140615,1.477213,-35.31734,-23.54307,3.370316
L,-0.3441696,1.399716,-0.125964,-0.9951269,-0.3437933,-0.3185886,4.488627,8.824879,6.929021,3.384094
L,-0.3572003,1.396103,-0.1294618,-0.9274793,-0.2571952,-0.2489585,4.814939,6.163768,4.95605,3.398144
L,-0.3730576,1.394515,-0.1302549,-1.148634,-0.1150093,-0.05745177,-16.01945,10.2993,13.87188,3.411949
L,-0.3876099,1.392998,-0.1312923,-1.066475,-0.1111965,-0.07602718,6.021098,0.2794241,-1.361317,3.425594
L,-0.3996758,1.38579,-0.1338958,-0.8190057,-0.4892057,-0.1767158,16.79767,-25.65843,-6.834523,3.440327
L,-0.4118413,1.380205,-0.1362165,-0.9101362,-0.417835,-0.1736197,-6.817726,5.339445,0.2316337,3.453693
L,-0.4240507,1.375598,-0.1383582,-0.8805063,-0.3322386,-0.1544554,2.136804,6.17292,1.382064,3.46756
L,-0.4403321,1.36892,-0.1428842,-1.158222,-0.4750848,-0.3219672,-19.75615,-10.16181,-11.91648,3.481617
L,-0.4553525,1.363391,-0.1466401,-1.061611,-0.3907809,-0.2654617,6.82823,5.958418,3.993683,3.495766
L,-0.4639727,1.355379,-0.1519463,-0.6256164,-0.5814819,-0.3851041,31.64268,-13.84029,-8.683148,3.509544
L,-0.4739004,1.348707,-0.1563908,-0.7425107,-0.4990014,-0.332408,-8.742689,6.168832,3.941222,3.522915
L,-0.4846326,1.341054,-0.1568411,-0.7498355,-0.5346649,-0.03145822,-0.5117687,-2.491727,21.0267,3.537228
L,-0.4957559,1.33441,-0.1578927,-0.7863825,-0.4697529,-0.07435149,-2.583759,4.589073,-3.03242,3.551373
L,-0.5071054,1.328384,-0.1593248,-0.8435506,-0.4478487,-0.1064389,-4.249016,1.628026,-2.384897,3.564827
L,-0.5195166,1.324982,-0.1635669,-0.8618626,-0.2362417,-0.2945778,-1.271623,14.69444,-13.06476,3.579227
L,-0.5317463,1.321182,-0.1672432,-0.9225674,-0.2866907,-0.2773269,-4.579398,-3.805722,1.30136,3.592484
L,-0.5391005,1.310471,-0.1688254,-0.5227385,-0.7613629,-0.1124699,28.41995,-33.73982,11.71808,3.606552
L,-0.5477834,1.301534,-0.1706615,-0.5933753,-0.6106947,-0.1254715,-4.827168,10.29634,-0.8884982,3.621185
L,-0.5572354,1.293602,-0.1726594,-0.7152948,-0.6002544,-0.1511913,-9.226468,0.7900864,-1.946388,3.634399
L,-0.5660926,1.289842,-0.1801467,-0.6458536,-0.274235,-0.545972,5.063587,23.77303,-28.78704,3.648113
L,-0.5755484,1.285467,-0.1861532,-0.6756056,-0.3125852,-0.4291509,-2.125728,-2.740054,8.346678,3.662109
L,-0.5880059,1.279357,-0.1832746,-0.8734037,-0.4283482,0.2018201,-13.86777,-8.116226,44.23784,3.676373
L,-0.6019112,1.273631,-0.1828432,-1.010311,-0.4160286,0.03134527,-9.947201,0.8950921,-12.38608,3.690136
L,-0.6149405,1.267936,-0.18325,-0.9868671,-0.431315,-0.03081547,1.775715,-1.157826,-4.708196,3.703339
L,-0.6274954,1.26226,-0.1841668,-0.8651912,-0.3911836,-0.06318185,8.385015,2.765563,-2.230455,3.71785
L,-0.6397218,1.2566,-0.1853997,-0.8990358,-0.4161816,-0.09065568,-2.488679,-1.838171,-2.020224,3.731449
L,-0.65395,1.249339,-0.1906295,-0.9828352,-0.5016057,-0.3612545,-5.788542,-5.90077,-18.69193,3.745926
L,-0.6673635,1.242548,-0.1949192,-0.9955452,-0.5040257,-0.318376,-0.9433351,-0.1796079,3.182435,3.759399
L,-0.681775,1.238316,-0.2035577,-0.9978539,-0.2929626,-0.598136,-0.159857,14.61409,-19.37069,3.773842
L,-0.6954362,1.233624,-0.2104254,-1.036528,-0.3560239,-0.5210802,-2.934321,-4.784703,5.846518,3.787022
L,-0.7087493,1.228648,-0.2162571,-0.9432306,-0.3525507,-0.4131694,6.610072,0.2460748,7.645454,3.801136
L,-0.6935404,1.211769,-0.2221248,1.103493,-1.22464,-0.4257413,148.5016,-63.27512,-0.912164,3.814919
L,-0.6844453,1.204772,-0.2299771,0.6386871,-0.4914027,-0.5514154,-32.64029,51.49044,-8.825266,3.829159
L,-0.6806483,1.197806,-0.236747,0.2830943,-0.5193313,-0.5047428,-26.51209,-2.082284,3.479789,3.842571
L,-0.6801628,1.191003,-0.242873,0.03473833,-0.4867204,-0.4382921,-17.76884,2.33317,4.754271,3.856548
L,-0.6817164,1.18431,-0.2485916,-0.1091029,-0.4700559,-0.4015799,-10.10102,1.170241,2.57806,3.870789
L,-0.685657,1.179227,-0.2523993,-0.2918904,-0.376457,-0.282048,-13.53959,6.933145,8.854071,3.884289
L,-0.6900615,1.173736,-0.2565268,-0.3097959,-0.3862356,-0.2903139,-1.259414,-0.6877913,-0.581395,3.898506
L,-0.6951746,1.169886,-0.2601556,-0.3664229,-0.2759449,-0.2600465,-4.058073,7.903785,2.169062,3.91246
L,-0.6894349,1.165082,-0.2630937,0.4256365,-0.3562058,-0.2178793,58.73653,-5.951888,3.126983,3.925945
L,-0.686474,1.159931,-0.2664883,0.2065469,-0.3593417,-0.236799,-15.28287,-0.2187521,-1.319771,3.940281
L,-0.6853512,1.154565,-0.2701669,0.0819399,-0.3915994,-0.2684633,-9.093811,-2.354162,-2.310862,3.953983
L,-0.68186,1.148936,-0.2681331,0.2423696,-0.3907988,0.141194,11.13763,0.05557923,28.43994,3.968388
L,-0.6799709,1.14326,-0.2677534,0.1406871,-0.4226562,0.02827592,-7.572568,-2.37251,-8.409315,3.981815
L,-0.6758933,1.137156,-0.2690387,0.2896807,-0.4336382,-0.09130674,10.58476,-0.7801787,-8.495359,3.995892
L,-0.6732654,1.131147,-0.2708335,0.1848874,-0.422806,-0.1262769,-7.372767,0.7621067,-2.460339,4.010105
L,-0.6719313,1.127856,-0.2708371,0.1000098,-0.2467204,-0.000270321,-6.362641,13.19982,9.445775,4.023445
L,-0.6711181,1.12419,-0.2714733,0.05524018,-0.2490039,-0.04321675,-3.041227,-0.1551224,-2.917375,4.038166
L,-0.6705561,1.120036,-0.2725478,0.04198579,-0.3103003,-0.08026681,-0.9901854,-4.579216,-2.767869,4.051552
L,-0.6729222,1.114952,-0.2732672,-0.1757126,-0.3775584,-0.05342599,-16.16667,-4.994709,1.993247,4.065018
L,-0.6748732,1.109532,-0.2743906,-0.138789,-0.3855919,-0.07992071,2.626678,-0.571487,-1.884785,4.079075
L,-0.6822313,1.106021,-0.2776494,-0.5261567,-0.2510485,-0.2330239,-27.69943,9.620774,-10.94792,4.09306
L,-0.6877674,1.102089,-0.2805489,-0.3989142,-0.283303,-0.2089296,9.168734,-2.324169,1.736166,4.106937
L,-0.6922,1.0979,-0.2832206,-0.311357,-0.2943043,-0.1876675,6.150215,-0.7727593,1.4935,4.121174
L,-0.688646,1.084395,-0.2832233,0.2537924,-0.9643404,-0.0001936632,40.35699,-47.84689,13.3874,4.135178
L,-0.6865704,1.073425,-0.2838056,0.1497231,-0.791337,-0.04200562,-7.507195,12.47986,-3.016168,4.14904
L,-0.6867709,1.065066,-0.2780969,-0.0148818,-0.6204523,0.4236998,-12.21693,12.68301,34.56452,4.162514
L,-0.6872454,1.057254,-0.2742874,-0.03402369,-0.5600725,0.273149,-1.37252,4.329377,-10.79486,4.17646
L,-0.6953053,1.059595,-0.2734255,-0.5614827,0.163068,0.06004393,-36.74467,50.37654,-14.84566,4.190815
L,-0.7015852,1.059728,-0.2729244,-0.4704826,0.009976065,0.03754198,6.817693,-11.4696,-1.685839,4.204163
L,-0.7067389,1.058435,-0.2726328,-0.3698416,-0.09279189,0.02092458,7.222133,-7.374761,-1.192486,4.218098
L,-0.7055865,1.052185,-0.272092,0.08205035,-0.4450197,0.03850659,32.17294,-25.07724,1.25177,4.232143
L,-0.7052578,1.045555,-0.2716533,0.02392565,-0.482635,0.03193557,-4.231336,-2.738304,-0.4783537,4.24588
L,-0.6959862,1.041698,-0.2693102,0.6540677,-0.2721172,0.1652945,44.45316,14.85091,9.407762,4.260056
L,-0.6894999,1.037607,-0.267566,0.4629262,-0.2919701,0.124481,-13.64187,-1.416915,-2.912881,4.274067
L,-0.6849139,1.033379,-0.2662148,0.3367516,-0.3104604,0.09921875,-9.264966,-1.357738,-1.855,4.287685
L,-0.6816871,1.035621,-0.2678527,0.2297325,0.1596534,-0.1166082,-7.619341,33.47026,-15.36604,4.301731
L,-0.6792601,1.036363,-0.2689256,0.1687583,0.05156665,-0.07460627,-4.239793,-7.515727,2.920575,4.316113
L,-0.6810581,1.034956,-0.2685157,-0.09858359,-0.07715436,0.02247667,-14.65845,-7.05782,5.323093,4.334351
L,-0.6850273,1.031004,-0.267514,-0.1627561,-0.1620425,0.04107398,-2.631386,-3.480824,0.76258,4.358738
L,-0.6872912,1.030228,-0.268053,-0.1773666,-0.06079087,-0.04222626,-1.144665,7.932606,-6.526197,4.371502
L,-0.688198,1.029346,-0.2682506,-0.0666582,-0.06478722,-0.0145252,8.138405,-0.2937802,2.036362,4.385105
L,-0.6888784,1.029015,-0.2683441,-0.04850677,-0.0236011,-0.00667154,1.294068,2.936278,0.5599105,4.399132
L,-0.6894971,1.028494,-0.2684179,-0.04203927,-0.03542963,-0.005011907,0.4394546,-0.8037265,0.112769,4.413849
L,-0.6898131,1.027825,-0.2699472,-0.02518813,-0.05334068,-0.1218931,1.343091,-1.427569,-9.315807,4.426395
L,-0.690171,1.02679,-0.271726,-0.02481569,-0.07177334,-0.1233284,0.02582183,-1.277972,-0.09951536,4.440819
L,-0.6905188,1.02552,-0.2734741,-0.02543149,-0.09282601,-0.1278199,-0.04502852,-1.539423,-0.3284301,4.454494
L,-0.6908077,1.024884,-0.2748274,-0.02089224,-0.04597414,-0.09786853,0.3282581,3.38812,2.165951,4.468323
L,-0.69106,1.024144,-0.2760256,-0.01843384,-0.05408654,-0.08754224,0.1796139,-0.5927027,0.7544522,4.48201
L,-0.6908745,1.023805,-0.2758918,0.01350378,-0.02466512,0.009738513,2.324336,2.141213,7.079835,4.49575
L,-0.6907141,1.023443,-0.275791,0.01148395,-0.02595628,0.007216957,-0.1446687,-0.0924786,-0.1806041,4.509712
L,-0.6905087,1.02289,-0.2756879,0.01500244,-0.04034898,0.007536048,0.2569939,-1.051257,0.02330669,4.523403
L,-0.6839145,1.021227,-0.2830703,0.4619521,-0.1165069,-0.5171741,31.31085,-5.335205,-36.75832,4.537678
L,-0.6840218,1.021848,-0.2826235,-0.007799494,0.04514081,0.03250295,-34.16831,11.75776,39.98184,4.551426
L,-0.6813619,1.018164,-0.2805108,0.1924022,-0.2664787,0.152818,14.4817,-22.54116,8.703056,4.56525
L,-0.6784493,1.014075,-0.2783596,0.2108038,-0.2959518,0.1556978,1.331821,-2.133132,0.2084268,4.579067
L,-0.682757,1.008819,-0.2750896,-0.3095489,-0.377647,0.2349811,-37.39236,-5.870588,5.697267,4.592983
L,-0.6861193,1.004251,-0.2724157,-0.2436213,-0.3310185,0.1937405,4.776816,3.378492,-2.988106,4.606785
L,-0.6885169,1.000552,-0.2704,-0.1609475,-0.2483035,0.1353113,5.549921,5.55269,-3.922372,4.621681
L,-0.6818482,0.9999816,-0.2700978,0.4651826,-0.03979012,0.02108003,43.67649,14.54511,-7.968346,4.636017
L,-0.6752468,0.9988681,-0.2696127,0.5195184,-0.08763321,0.03817594,4.276133,-3.76517,1.345419,4.648724
L,-0.6656974,0.996253,-0.2682185,0.7105627,-0.1945918,0.1037446,14.21548,-7.958714,4.878918,4.662163
L,-0.6583595,0.9938165,-0.2669942,0.5258594,-0.1746045,0.08773365,-13.23643,1.432356,-1.147395,4.676117
L,-0.6525144,0.9914938,-0.2658838,0.4260984,-0.1693244,0.08094932,-7.272453,0.3849079,-0.4945692,4.689835
L,-0.6533445,0.9920389,-0.2662521,-0.06081435,0.03994026,-0.02698348,-35.67392,15.33189,-7.907752,4.703484
L,-0.6566761,0.9940112,-0.2676808,-0.2305636,0.1364878,-0.09887102,-11.7473,6.681453,-4.974891,4.717934
L,-0.6596469,0.992314,-0.267442,-0.1994829,-0.1139576,0.01603724,2.086994,-16.81679,7.715807,4.732826
L,-0.6620241,0.9903903,-0.2670831,-0.1869656,-0.1513042,0.02822392,0.9845016,-2.937347,0.9584954,4.745541
L,-0.6638166,0.9896765,-0.2679908,-0.1144121,-0.04555865,-0.05793843,4.630983,6.749589,-5.49962,4.761208
L,-0.6657297,0.9881448,-0.2690152,-0.1391553,-0.111417,-0.07450706,-1.799742,-4.790336,-1.205152,4.774956
L,-0.666361,0.9872392,-0.2693789,-0.04796648,-0.06880435,-0.02763813,6.928869,3.23787,3.561277,4.788116
L,-0.6665044,0.987094,-0.2694569,-0.01045432,-0.01058468,-0.005683398,2.734591,4.244143,1.600473,4.801834
L,-0.6677439,0.9858545,-0.270186,-0.09212858,-0.09212858,-0.05419354,-6.070433,-6.060745,-3.605512,4.815289
L,-0.6676329,0.9852726,-0.2709212,0.008095089,-0.04244053,-0.05362453,7.310249,3.624214,0.04150336,4.828999
L,-0.6674798,0.9846543,-0.2715455,0.01119806,-0.04520183,-0.04563537,0.2268337,-0.2018568,0.5840241,4.842678
L,-0.6672835,0.983937,-0.2721495,0.01421318,-0.05195669,-0.04375561,0.2184016,-0.4892915,0.136161,4.856483
L,-0.6674218,0.9816744,-0.2761844,-0.01003321,-0.1641641,-0.2927558,-1.759216,-8.141297,-18.0664,4.870266
L,-0.6674717,0.9793964,-0.2798876,-0.003674663,-0.167792,-0.2727636,0.4683495,-0.2672198,1.472556,4.883842
L,-0.6694825,0.977039,-0.2803575,-0.1404917,-0.164708,-0.03282624,-9.559109,0.2154757,16.7639,4.898155
L,-0.6710555,0.9749449,-0.2808459,-0.1052166,-0.1400708,-0.03267535,2.359575,1.647994,0.01009331,4.913105
L,-0.6638179,0.974752,-0.2849473,0.5067567,-0.01350911,-0.2871636,42.84859,8.861483,-17.81853,4.927387
L,-0.656961,0.9742658,-0.2889414,0.540439,-0.03832494,-0.3148043,2.654723,-1.955899,-2.178544,4.940075
L,-0.6516863,0.9736199,-0.2921423,0.3717028,-0.04550991,-0.2255628,-11.89064,-0.5063164,6.288739,4.954266
L,-0.6549354,0.9705807,-0.2920402,-0.251402,-0.235159,0.007897819,-48.21228,-14.67396,18.06385,4.96719
L,-0.6582588,0.966962,-0.2922393,-0.232942,-0.2536389,-0.01395179,1.293898,-1.29529,-1.531482,4.981457
L,-0.6597711,0.9656429,-0.2927798,-0.112469,-0.0980984,-0.04019504,8.959229,11.56709,-1.951634,4.994904
L,-0.6607506,0.9644371,-0.293395,-0.07257366,-0.08934692,-0.04558101,2.955997,0.6484314,-0.3990677,5.0084
L,-0.6614286,0.9632714,-0.2940675,-0.0489179,-0.08411179,-0.04852868,1.706913,0.3777477,-0.2126928,5.022259
L,-0.6611391,0.9631001,-0.2943026,0.02073514,-0.01226947,-0.01683957,4.988833,5.145638,2.269702,5.036221
L,-0.6608607,0.9628857,-0.294562,0.01981118,-0.01525176,-0.01845608,-0.06574699,-0.2122126,-0.1150268,5.050274
L,-0.6618698,0.9606271,-0.2939979,-0.07397407,-0.1655699,0.04135207,-6.875067,-11.0193,4.384326,5.063915
L,-0.6630408,0.9577016,-0.2934509,-0.08207721,-0.2050593,0.03833765,-0.5679651,-2.767888,-0.2112866,5.078182
L,-0.6640577,0.9548535,-0.293084,-0.07517713,-0.2105497,0.02712343,0.5100994,-0.4058887,-0.8290301,5.091709
L,-0.6687326,0.9513253,-0.2926252,-0.3336552,-0.251808,0.03274954,-18.44772,-2.944621,0.4015386,5.105721
L,-0.6724034,0.9482259,-0.2923717,-0.2653062,-0.22401,0.01832179,4.939973,2.009115,-1.042776,5.119556
L,-0.6722423,0.9473938,-0.2916092,0.01184589,-0.0612023,0.05607946,20.38545,11.97505,2.777202,5.133152
L,-0.672217,0.9466422,-0.2911327,0.001805008,-0.0535599,0.03395751,-0.7154544,0.5445529,-1.57628,5.147186
L,-0.6731266,0.9456542,-0.2910131,-0.06377039,-0.06926986,0.008385013,-4.597539,-1.101437,-1.792906,5.161449
L,-0.6741402,0.9444548,-0.2909175,-0.06808064,-0.08055102,0.006415338,-0.2894969,-0.7576964,-0.1322927,5.176338
L,-0.6752218,0.9430842,-0.2908445,-0.08955504,-0.113491,0.00604568,-1.778075,-2.727422,-0.03060753,5.188416
L,-0.6750099,0.9430944,-0.2908495,0.01449175,0.0006970715,-0.0003383446,7.1159,7.809475,-0.436612,5.203037
L,-0.6748039,0.943064,-0.2908592,0.01530612,-0.002258716,-0.0007219033,0.0605111,-0.2196264,-0.02849989,5.216496
L,-0.6748144,0.9428679,-0.2906665,-0.0007022472,-0.01312723,0.0129018,-1.071629,-0.727558,0.9119947,5.231434
L,-0.6748698,0.9424949,-0.2903633,-0.004415451,-0.02971171,0.0241473,-0.2957746,-1.321034,0.8957582,5.243988
L,-0.6749942,0.9418863,-0.2899367,-0.008557036,-0.04188271,0.02936097,-0.2850332,-0.8376356,0.3588169,5.258518
L,-0.6754348,0.9416596,-0.2899055,-0.0320254,-0.01647837,0.002267726,-1.705598,1.846297,-1.969041,5.272278
L,-0.6759918,0.9413385,-0.2898763,-0.04059372,-0.02340058,0.002124166,-0.6244467,-0.5044798,-0.01046245,5.285999
L,-0.6763688,0.9415067,-0.289723,-0.02731891,0.01219502,0.01111505,0.9620991,2.579809,0.6516189,5.299797
L,-0.6768273,0.9416683,-0.2895461,-0.03303191,0.0116361,0.01273959,-0.4115494,-0.04026321,0.117028,5.313679
L,-0.6773717,0.9418133,-0.2893471,-0.03968385,0.01057599,0.01451048,-0.4849181,-0.07728056,0.1290956,5.327396
L,-0.6776493,0.9427806,-0.2886634,-0.0196919,0.06860034,0.04848992,1.417957,4.115459,2.410039,5.341496
L,-0.677999,0.9438615,-0.2878689,-0.02432905,0.07520153,0.05527427,-0.3226121,0.4592524,0.4719946,5.355869
L,-0.6773755,0.9519804,-0.2861454,0.04631712,0.6030923,0.1280307,5.247796,39.2132,5.404551,5.369331
L,-0.6769294,0.9585104,-0.2847523,0.03089911,0.4522622,0.0964787,-1.067831,-10.44628,-2.185248,5.38377
L,-0.673856,0.9653358,-0.2813204,0.2149605,0.4773879,0.2400384,12.87369,1.757352,10.04091,5.398067
L,-0.67159,0.9706883,-0.2786891,0.17338,0.4095519,0.2013349,-3.181572,-5.190542,-2.96144,5.411137
L,-0.6698561,0.9750944,-0.2765832,0.1254615,0.3188052,0.152375,-3.467173,-6.566026,-3.542519,5.424957
L,-0.6633444,0.9804633,-0.2737884,0.4523011,0.3729216,0.1941263,22.70245,3.758955,2.900069,5.439354
L,-0.6583512,0.98507,-0.2714611,0.335457,0.3094887,0.1563521,-7.849819,-4.261549,-2.537746,5.454239
L,-0.6406999,1.001848,-0.2650425,1.29215,1.228227,0.4698735,70.03385,67.25545,22.95107,5.467899
L,-0.626969,1.015262,-0.2599201,0.9317807,0.9102948,0.3476027,-24.45471,-21.57496,-8.297328,5.482635
L,-0.6196557,1.02592,-0.255373,0.5480676,0.7986796,0.3407684,-28.75588,-8.364566,-0.5121677,5.495979
L,-0.6132204,1.035155,-0.2514426,0.4679525,0.671576,0.285801,-5.825715,-9.242567,-3.997055,5.509731
L,-0.6072438,1.043517,-0.2479001,0.4939263,0.6910368,0.2927643,2.146561,1.608306,0.5754749,5.521832
L,-0.6403963,1.05958,-0.2406852,-2.401419,1.163538,0.5226172,-209.7257,34.22585,16.6495,5.535637
L,-0.6445104,1.045732,-0.246498,-0.2996666,-1.008692,-0.4233934,153.0874,-158.2209,-68.90553,5.549366
L,-0.6499133,1.067883,-0.2393657,-0.3541667,1.452066,0.4675407,-3.57261,161.3085,58.40286,5.564621
L,-0.6534905,1.085695,-0.2335839,-0.2723642,1.356194,0.440215,6.228294,-7.299557,-2.080535,5.577755
L,-0.6559361,1.100256,-0.2287594,-0.1847045,1.09971,0.3643672,6.620418,-19.37069,-5.728327,5.590996
L,-0.6477451,1.111051,-0.2224177,0.5957876,0.7851779,0.4612724,56.77063,-22.87811,7.048587,5.604744
L,-0.6416822,1.121051,-0.2169769,0.4144353,0.6835805,0.3719086,-12.39646,-6.94476,-6.108523,5.619373
L,-0.6549006,1.136897,-0.2086389,-0.9769171,1.171104,0.6162272,-102.8291,36.03083,18.05657,5.632904
L,-0.6641219,1.150958,-0.2015432,-0.6795887,1.036258,0.5229455,21.91253,-9.937913,-6.87468,5.646473
L,-0.6709667,1.163759,-0.1952794,-0.4716992,0.8821799,0.4316489,14.32623,-10.61792,-6.291502,5.660984
L,-0.6615484,1.171427,-0.1895621,0.650752,0.5298004,0.3950347,77.55505,-24.34744,-2.529829,5.675457
L,-0.6550985,1.17969,-0.1841606,0.5039679,0.6456315,0.4220485,-11.46902,9.050503,2.110728,5.688255
L,-0.6463079,1.197023,-0.1768062,0.5848747,1.153196,0.4893193,5.38305,33.77032,4.475797,5.703285
L,-0.6398475,1.212613,-0.1701052,0.4404584,1.062931,0.4568616,-9.846,-6.15412,-2.212898,5.717953
L,-0.6291717,1.227759,-0.1655337,0.8306897,1.178484,0.3557099,30.36415,8.991272,-7.870675,5.730804
L,-0.6208667,1.241821,-0.1608296,0.6349109,1.075067,0.3596199,-14.96712,-7.906104,0.2989164,5.743885
L,-0.6141356,1.255244,-0.1560084,0.4667989,0.9308697,0.3343543,-11.65861,-10.00015,-1.752174,5.758305
L,-0.5981705,1.261721,-0.1498802,1.161258,0.4711172,0.445746,50.51281,-33.441,8.102293,5.772053
L,-0.5853264,1.269554,-0.1440254,0.9370956,0.5715193,0.4271663,-16.35477,7.325301,-1.35557,5.785759
L,-0.5797434,1.27807,-0.1333099,0.3830272,0.5842057,0.7351509,-38.01249,0.8703669,21.12963,5.800335
L,-0.5742921,1.287278,-0.1239501,0.4016389,0.6784096,0.6896014,1.371263,6.940692,-3.355972,5.813908
L,-0.5688123,1.296915,-0.1155502,0.4075222,0.7166933,0.6246786,0.4375199,2.847048,-4.828116,5.827354
L,-0.5479556,1.305095,-0.1083065,1.402267,0.5500048,0.4870154,66.88029,-11.20708,-9.2556,5.842228
L,-0.5308104,1.313884,-0.1012844,1.297872,0.665292,0.5315681,-7.902505,8.727075,3.372575,5.855438
L,-0.5245286,1.320663,-0.09276983,0.4477255,0.4831515,0.6068617,-60.59294,-12.9818,5.366436,5.869469
L,-0.5179849,1.32831,-0.08472863,0.4702277,0.5495135,0.577838,1.616999,4.768747,-2.085629,5.883385
L,-0.4930191,1.335989,-0.08075418,1.770251,0.5444702,0.2818174,92.18102,-0.3576041,-20.99,5.897488
L,-0.4720208,1.344161,-0.07606217,1.469847,0.572046,0.3284327,-21.02776,1.930265,3.262996,5.911774
L,-0.4540424,1.352654,-0.07086145,1.376038,0.6500912,0.3980549,-7.180027,5.973454,5.328768,5.924839
L,-0.4312899,1.357643,-0.0669483,1.579981,0.3464404,0.2717374,14.16227,-21.08616,-8.771755,5.93924
L,-0.4112473,1.363698,-0.06242436,1.468842,0.4436854,0.3315415,-8.144971,7.126693,4.382804,5.952885
L,-0.3935718,1.373031,-0.05862451,1.2896,0.6809856,0.2772358,-13.07745,17.31334,-3.96212,5.966591
L,-0.3769978,1.38219,-0.05428903,1.146681,0.6336352,0.2999526,-9.887916,-3.275959,1.571673,5.981045
L,-0.3611034,1.391184,-0.04960525,1.183705,0.6698419,0.3488134,2.75728,2.696413,3.638796,5.994473
L,-0.3392759,1.389697,-0.05695248,1.583706,-0.1079176,-0.5330839,29.0224,-56.43094,-63.98674,6.008255
L,-0.3191953,1.390879,-0.06079534,1.350785,0.07953233,-0.2585019,-15.66819,12.60941,18.47063,6.023121
L,-0.2960086,1.394211,-0.05497178,1.813861,0.2606405,0.4555692,36.22585,14.16783,55.86077,6.035904
L,-0.2747106,1.398548,-0.0497446,1.493621,0.3041316,0.3665793,-22.45828,3.050008,-6.240814,6.050163
L,-0.2546581,1.403511,-0.04495215,1.471624,0.364283,0.3517112,-1.614353,4.414425,-1.091147,6.063789
L,-0.2511139,1.4109,-0.03901686,0.2479567,0.5169386,0.415239,-85.60902,10.67994,4.444468,6.078083
L,-0.2441104,1.418,-0.03362301,0.5050701,0.5120014,0.3889862,18.54215,-0.3560523,-1.893262,6.091949
L,-0.2179473,1.397716,-0.05050227,1.964618,-1.523167,-1.267487,109.5994,-152.8236,-124.3869,6.105267
L,-0.1941764,1.385308,-0.06126659,1.636833,-0.8543965,-0.7412135,-22.57077,46.05045,36.23837,6.119789
L,-0.1751099,1.378614,-0.06584432,1.358567,-0.4769469,-0.3261825,-19.82758,26.89485,29.57268,6.133823
L,-0.1567147,1.374227,-0.06902112,1.432617,-0.3416704,-0.2474092,5.766981,10.53533,6.134863,6.146664
L,-0.1386443,1.37132,-0.07128462,1.189914,-0.1914092,-0.1490488,-15.98168,9.894517,6.476911,6.16185
L,-0.1272804,1.359695,-0.07629984,0.8834415,-0.9037849,-0.38989,-23.82559,-55.38108,-18.72333,6.174713
L,-0.1144669,1.351412,-0.08004333,0.8988483,-0.5809891,-0.2625994,1.080759,22.64356,8.929211,6.188969
L,-0.1111648,1.355721,-0.0768619,0.2403803,0.3136716,0.2316002,-47.93486,65.12911,35.97652,6.202705
L,-0.1045143,1.358426,-0.07480742,0.4631791,0.1883883,0.1430846,15.51684,-8.725357,-6.164674,6.217064
L,-0.09558965,1.360087,-0.07350074,0.6533195,0.1215966,0.09565458,13.91906,-4.889431,-3.472071,6.230724
L,-0.08557384,1.362655,-0.07268336,0.7317681,0.1876219,0.05971837,5.731562,4.823896,-2.625547,6.244411
L,-0.07458602,1.364407,-0.07214872,0.7765949,0.1238289,0.03778762,3.168261,-4.508755,-1.550017,6.25856
L,-0.06991252,1.352383,-0.0826219,0.3316543,-0.853301,-0.7432275,-31.57513,-69.34184,-55.42459,6.272652
L,-0.06311208,1.343786,-0.09015161,0.4746255,-0.5999984,-0.5255237,9.978447,17.67885,15.19429,6.28698
L,-0.06105282,1.342296,-0.08966522,0.1522771,-0.1102169,0.03596725,-23.83687,36.21813,41.52087,6.300503
L,-0.05651952,1.340672,-0.08977201,0.3441578,-0.1233076,-0.008107194,14.56715,-0.9938222,-3.346033,6.313675
L,-0.05036901,1.338982,-0.09025169,0.4198753,-0.1153483,-0.03274638,5.168982,0.5433563,-1.682035,6.328323
L,-0.04890371,1.336179,-0.09005988,0.1073856,-0.2053746,0.01405682,-22.90112,-6.597667,3.430019,6.341969
L,-0.04554885,1.333481,-0.09019362,0.2504149,-0.2013899,-0.009982515,10.67605,0.29743,-1.794353,6.355366
L,-0.04554369,1.331723,-0.0905719,0.0003667405,-0.1250169,-0.0268883,-17.77349,5.428608,-1.201668,6.369434
L,-0.04412387,1.329828,-0.09108496,0.09570514,-0.1276919,-0.03458322,6.426431,-0.1803093,-0.5186875,6.38427
L,-0.0412248,1.327568,-0.09178218,0.224711,-0.1751737,-0.05404243,9.999443,-3.680389,-1.508313,6.397171
L,-0.04389571,1.324578,-0.09233156,-0.1926168,-0.2156551,-0.03961969,-30.09628,-2.919381,1.040119,6.411037
L,-0.04512522,1.321423,-0.09301341,-0.08898609,-0.22837,-0.04934957,7.500323,-0.9202498,-0.7042046,6.424854
L,-0.04915981,1.323058,-0.09167054,-0.2867797,0.1162385,0.0954521,-14.05922,24.49486,10.29254,6.438923
L,-0.05197089,1.324209,-0.09056567,-0.201341,0.08246243,0.07913465,6.119463,-2.419177,-1.168722,6.452885
L,-0.05519774,1.327567,-0.08730342,-0.2338677,0.2433733,0.2364334,-2.357387,11.6621,11.40031,6.466682
L,-0.05686658,1.329787,-0.08494342,-0.1183966,0.1574848,0.1674317,8.192163,-6.093414,-4.895368,6.480778
L,-0.05750531,1.331117,-0.08335552,-0.04688922,0.09766172,0.1165667,5.249298,-4.391558,-3.733954,6.4944
L,-0.06024,1.332092,-0.08076062,-0.1949105,0.06943312,0.1849473,-10.55,-2.011952,4.873727,6.50843
L,-0.06195213,1.332755,-0.07870492,-0.1238477,0.04801324,0.1487,5.140364,-1.549418,-2.621973,6.522255
L,-0.06850886,1.334893,-0.07495644,-0.4651717,0.151683,0.2659385,-24.21544,7.354915,8.317555,6.53635
L,-0.07291529,1.336409,-0.0720491,-0.3118572,0.1072489,0.2057615,10.85056,-3.144744,-4.258917,6.55048
L,-0.07576806,1.337432,-0.06988402,-0.212152,0.07610816,0.1610112,7.414785,-2.315848,-3.327951,6.563927
L,-0.08002514,1.337068,-0.06960166,-0.3016132,-0.0258277,0.02000475,-6.338298,-7.222128,-9.990268,6.578041
L,-0.0832404,1.336864,-0.06912303,-0.2345185,-0.01485984,0.03491116,4.893844,0.799989,1.087264,6.591751
L,-0.08936939,1.337994,-0.06613562,-0.4476672,0.0825613,0.2182031,-15.56859,7.115733,13.38782,6.605442
L,-0.09412217,1.338892,-0.06361858,-0.3283041,0.06199769,0.1738677,8.245146,-1.420455,-3.062514,6.619919
L,-0.0978007,1.339591,-0.06154683,-0.2675651,0.05088096,0.1506925,4.417969,-0.808597,-1.685699,6.633667
L,-0.1060142,1.346425,-0.05230531,-0.600756,0.4998605,0.6759515,-24.37053,32.83965,38.41895,6.647339
L,-0.1124708,1.351562,-0.04508293,-0.4591852,0.3653181,0.5136467,10.06835,-9.568499,-11.54293,6.6614
L,-0.1288473,1.352613,-0.04609546,-1.162472,0.07460906,-0.07187293,-49.92213,-20.6357,-41.56254,6.675488
L,-0.1412341,1.353721,-0.04616792,-0.8759421,0.07831468,-0.005124121,20.26225,0.2620465,4.720205,6.689629
L,-0.1547411,1.364917,-0.036848,-1.022461,0.8475671,0.7055042,-11.09125,58.23128,53.79352,6.702839
L,-0.1658929,1.373647,-0.02932918,-0.7613007,0.5959554,0.5132849,17.82852,-17.17669,-13.12217,6.717487
L,-0.1756546,1.380653,-0.02307291,-0.6773342,0.4861038,0.4341036,5.826177,-7.622274,-5.494152,6.731899
L,-0.1941724,1.384296,-0.02579038,-1.475475,0.290302,-0.2165259,-63.59507,-15.60129,-51.84152,6.74445
L,-0.2092011,1.387869,-0.02679437,-1.058205,0.2515864,-0.07069258,29.38079,-2.726046,10.26842,6.758652
L,-0.2300291,1.395716,-0.01927126,-1.46222,0.5508754,0.5281569,-28.36369,21.01147,42.04199,6.772896
L,-0.2471647,1.402473,-0.01295102,-1.320396,0.5207047,0.4870112,10.92835,-2.324827,-3.170518,6.785873
L,-0.2624129,1.408474,-0.007487086,-1.077714,0.4241204,0.386179,17.15224,-6.82637,-7.126595,6.800022
L,-0.2764513,1.407007,-0.01379409,-1.011842,-0.1057448,-0.4545901,4.747852,-38.19108,-60.60011,6.813896
L,-0.2897359,1.407135,-0.01732169,-0.9633428,0.009275588,-0.255806,3.516965,8.340775,14.41496,6.827686
L,-0.3040689,1.406387,-0.01915172,-1.009216,-0.05268769,-0.1288559,-3.230044,-4.36296,8.938813,6.841888
L,-0.3176414,1.406818,-0.01986988,-0.9673609,0.03074021,-0.05118616,2.983186,5.9462,5.535795,6.855919
L,-0.3288029,1.398886,-0.02667116,-0.8100494,-0.5756852,-0.4936085,11.41701,-44.01184,-32.10918,6.869698
L,-0.3402839,1.393923,-0.03118162,-0.8355601,-0.3611709,-0.3282596,-1.856599,15.61178,12.03366,6.883438
L,-0.3519102,1.390768,-0.03429012,-0.8279701,-0.2247097,-0.2213731,0.5405248,9.718145,7.611967,6.89748
L,-0.3645814,1.390451,-0.03575435,-0.9088043,-0.02274282,-0.1050172,-5.797593,14.48547,8.345284,6.911423
L,-0.3770178,1.390368,-0.03688703,-0.8474461,-0.005629387,-0.07718347,4.181099,1.166151,1.896659,6.926098
L,-0.3854763,1.385839,-0.0400854,-0.6560235,-0.3512204,-0.2480576,14.84624,-26.80314,-13.25255,6.938992
L,-0.3950064,1.382646,-0.04254121,-0.6757485,-0.2264674,-0.1741343,-1.398643,8.845891,5.241695,6.953094
L,-0.4051079,1.38029,-0.04452877,-0.699986,-0.1632633,-0.1377289,-1.679545,4.379747,2.522722,6.967525
L,-0.4153869,1.376769,-0.04689349,-0.77165,-0.2643184,-0.1775193,-5.379806,-7.586198,-2.987064,6.980846
L,-0.4259684,1.37404,-0.04889392,-0.7547959,-0.1946599,-0.1426942,1.202228,4.968865,2.484132,6.994865
L,-0.4314537,1.36515,-0.0565706,-0.3929843,-0.6368544,-0.5499848,25.92149,-31.68041,-29.17977,7.008823
L,-0.4385639,1.35846,-0.0624435,-0.5184653,-0.4878912,-0.4282461,-9.149957,10.86225,8.877069,7.022537
L,-0.452568,1.357536,-0.06027424,-0.9797463,-0.064585,0.1517633,-32.27169,29.61494,40.57806,7.036831
L,-0.46542,1.356221,-0.05928054,-0.9549497,-0.09773597,0.07383566,1.842483,-2.463245,-5.790327,7.050289
L,-0.4776746,1.354663,-0.05905102,-0.8876718,-0.1128765,0.01662585,4.873303,-1.09671,-4.14402,7.064095
L,-0.4849547,1.349119,-0.06667411,-0.5113692,-0.3894192,-0.5354627,26.43234,-19.42498,-38.77993,7.078331
L,-0.4933618,1.344554,-0.07251585,-0.6220342,-0.3377523,-0.4322266,-8.188025,3.8228,7.638361,7.091846
L,-0.5108811,1.345616,-0.06815962,-1.266571,0.07674607,0.3149368,-46.59719,29.96642,54.01666,7.105679
L,-0.5261675,1.345701,-0.06555204,-1.082159,0.006017081,0.1845964,13.05495,-5.00707,-9.2271,7.119804
L,-0.540361,1.345154,-0.06410152,-1.001813,-0.03857869,0.1023813,5.671008,-3.147688,-5.802962,7.133972
L,-0.5482695,1.336446,-0.06501859,-0.5722209,-0.6300372,-0.0663545,31.08338,-42.79528,-12.20896,7.147793
L,-0.5574194,1.329717,-0.06593069,-0.6480934,-0.4766617,-0.06460458,-5.374096,10.86368,0.1239477,7.161911
L,-0.5619273,1.325582,-0.07625594,-0.329633,-0.3023187,-0.7550079,23.2866,12.74839,-50.48398,7.175587
L,-0.5683615,1.321791,-0.08388783,-0.4570926,-0.2693343,-0.5421827,-9.054953,2.343265,15.11947,7.189663
L,-0.5635664,1.310668,-0.09586046,0.3612024,-0.8379131,-0.9018829,61.64113,-42.83031,-27.09576,7.202938
L,-0.5627614,1.301826,-0.1051198,0.05665268,-0.6222148,-0.6516201,-21.43245,15.1796,17.61205,7.217148
L,-0.5645475,1.29432,-0.112788,-0.1271946,-0.5345694,-0.5460897,-13.09276,6.241706,7.515396,7.23119
L,-0.5680379,1.289513,-0.1146251,-0.2585476,-0.3560416,-0.1360791,-9.729702,13.22407,30.37067,7.24469
L,-0.5671461,1.284689,-0.1156414,0.06337676,-0.3428097,-0.07221957,22.87626,0.9402722,4.537923,7.258762
L,-0.5682145,1.279866,-0.1175121,-0.07322304,-0.3305801,-0.1282077,-9.361783,0.8381516,-3.837113,7.273354
L,-0.5705346,1.275043,-0.1199209,-0.1775821,-0.3691332,-0.1843721,-7.987476,-2.950796,-4.298735,7.286419
L,-0.5736299,1.270218,-0.1226642,-0.2177061,-0.3393648,-0.1929511,-2.822179,2.093807,-0.6034166,7.300636
L,-0.5714008,1.270679,-0.1243753,0.1617741,0.03349945,-0.1241813,27.5411,27.06094,4.991028,7.314415
L,-0.5650673,1.266748,-0.1263909,0.4588991,-0.2848518,-0.1460433,21.52834,-23.0663,-1.584022,7.328217
L,-0.5609604,1.262335,-0.1288812,0.2849681,-0.3062136,-0.1727962,-12.06855,-1.482233,-1.856304,7.342628
L,-0.5588015,1.257974,-0.1314896,0.1556869,-0.3145031,-0.1881115,-9.323324,-0.5978099,-1.104481,7.356495
L,-0.5578458,1.253729,-0.1341162,0.06584264,-0.2924606,-0.1809584,-6.189785,1.51861,0.4928035,7.37101
L,-0.5643568,1.249992,-0.133652,-0.5036331,-0.2890141,0.03590661,-44.04976,0.2665909,16.77482,7.383938
L,-0.5770769,1.249463,-0.1340221,-0.8558738,-0.03562949,-0.02489733,-23.70067,17.04909,-4.091219,7.3988
L,-0.5866579,1.247934,-0.1350175,-0.7567415,-0.120763,-0.07862284,7.829754,-6.724087,-4.243392,7.411461
L,-0.5915105,1.244363,-0.1363079,-0.348797,-0.2567007,-0.09274854,29.32279,-9.771113,-1.015346,7.425373
L,-0.5960405,1.240767,-0.137863,-0.3265994,-0.2592564,-0.1121178,1.60037,-0.1842555,-1.396459,7.439243
L,-0.6003511,1.237155,-0.1395832,-0.3079019,-0.25797,-0.1228766,1.335544,0.09188309,-0.7684909,7.453243
L,-0.5987356,1.232027,-0.1434045,0.1096015,-0.3479151,-0.259246,28.32453,-6.102108,-9.251662,7.467983
L,-0.5984762,1.227113,-0.146898,0.01953013,-0.3700625,-0.2630855,-6.78301,-1.667858,-0.2891455,7.481262
L,-0.6020345,1.22765,-0.145318,-0.2567523,0.03876789,0.1140049,-19.93553,29.49971,27.20947,7.495121
L,-0.6061599,1.227398,-0.1442134,-0.2883875,-0.01760833,0.07721771,-2.211458,-3.940984,-2.571609,7.509426
L,-0.6104735,1.222584,-0.146467,-0.3285199,-0.3666382,-0.1716333,-3.056501,-26.58224,-18.95258,7.522556
L,-0.6147121,1.217899,-0.1487318,-0.3001418,-0.3317463,-0.1603705,2.009496,2.470744,0.7975366,7.536678
L,-0.6134365,1.219257,-0.1480291,0.09211863,0.09806301,0.05074251,28.32747,31.0391,15.24573,7.550526
L,-0.6144964,1.218858,-0.148289,-0.07819976,-0.02947333,-0.01917284,-12.56627,-9.409762,-5.158426,7.564079
L,-0.6178855,1.217254,-0.1492645,-0.235664,-0.1115136,-0.06782991,-10.94915,-5.704605,-3.383331,7.578461
L,-0.6198916,1.213116,-0.1504265,-0.1478007,-0.3049027,-0.08561802,6.47353,-14.24839,-1.310581,7.592033
L,-0.6222017,1.208873,-0.1517426,-0.1668259,-0.3063963,-0.09504347,-1.373924,-0.1078663,-0.6806684,7.605881
L,-0.6245643,1.204903,-0.1530721,-0.1697762,-0.285259,-0.09553822,-0.2120083,1.518919,-0.03555244,7.619797
L,-0.6234149,1.201877,-0.1525389,0.08056066,-0.2120989,0.03737571,17.54661,5.127937,9.3162,7.634064
L,-0.6229041,1.198895,-0.1523347,0.03587095,-0.2094495,0.01433791,-3.138264,0.1860518,-1.617793,7.648304
L,-0.6228297,1.19856,-0.1519369,0.005509776,-0.02473002,0.02944355,-2.247035,13.67112,1.117971,7.661816
L,-0.6229226,1.198091,-0.1517319,-0.006580058,-0.03325061,0.01451601,-0.8560987,-0.6033549,-1.057041,7.675938
L,-0.6221604,1.196802,-0.1513618,0.05578239,-0.0942909,0.02708639,4.563914,-4.467154,0.9199464,7.689602
L,-0.6214679,1.195026,-0.1510392,0.05165944,-0.1324968,0.02406779,-0.3075716,-2.850156,-0.2251869,7.703007
L,-0.6209478,1.192951,-0.1508108,0.03440418,-0.1372776,0.01510752,-1.141399,-0.3162417,-0.592703,7.718124
L,-0.6227645,1.191097,-0.1493284,-0.1385253,-0.1413976,0.1130313,-13.1857,-0.3141441,7.466587,7.731239
L,-0.6246909,1.188929,-0.1479426,-0.1412544,-0.1589073,0.1016171,-0.2001136,-1.283936,-0.8369651,7.744877
L,-0.6247789,1.188069,-0.1482612,-0.005952573,-0.05817159,-0.02154735,9.148454,6.811265,-8.327787,7.759666
L,-0.6249337,1.187185,-0.1485424,-0.01006901,-0.05752171,-0.01828959,-0.2677668,0.04227328,0.2119113,7.77504
L,-0.625174,1.186118,-0.1488351,-0.01852482,-0.08225184,-0.02256664,-0.6519523,-1.906722,-0.3297655,7.78801
L,-0.6251571,1.18618,-0.148869,0.001267495,0.004668309,-0.002540569,1.481987,6.508311,1.49949,7.801365
L,-0.625162,1.186197,-0.1489081,-0.0003663489,0.001262359,-0.00289548,-0.1209894,-0.2522173,-0.02628189,7.814869
L,-0.6253638,1.185924,-0.1491017,-0.01481945,-0.02005113,-0.01421639,-1.061584,-1.565482,-0.8315235,7.828484
L,-0.6258326,1.185247,-0.1495171,-0.03261428,-0.0471321,-0.02890397,-1.238006,-1.884053,-1.021832,7.842857
L,-0.6271519,1.183478,-0.1503591,-0.09530432,-0.12779,-0.06082297,-4.52847,-5.826395,-2.305697,7.856701
L,-0.6285995,1.181473,-0.1512506,-0.1097727,-0.1520104,-0.06760287,-1.097139,-1.83663,-0.5141193,7.869888
L,-0.6299757,1.179512,-0.1520709,-0.1037577,-0.1479005,-0.06183941,0.453494,0.3098621,0.434529,7.883152
L,-0.6320661,1.179713,-0.1541177,-0.1434139,0.01385436,-0.1404287,-2.720654,11.09737,-5.391708,7.897728
L,-0.6340402,1.179709,-0.1559915,-0.1426406,-0.0002928611,-0.1353912,0.0558751,-1.022218,0.3639908,7.911568
L,-0.6365321,1.178754,-0.161329,-0.1847382,-0.07085159,-0.3956967,-3.120941,-5.230925,-19.29795,7.925056
L,-0.6387211,1.177777,-0.1657238,-0.1382385,-0.06167189,-0.2775423,2.93655,0.579717,7.461689,7.940891
L,-0.6405479,1.176864,-0.1691796,-0.135199,-0.06758188,-0.2557667,0.2249524,-0.4373994,1.611614,7.954403
L,-0.6418031,1.175262,-0.1723068,-0.09469424,-0.1208813,-0.2359015,3.055565,-4.020755,1.498575,7.967659
L,-0.6430011,1.173867,-0.1750138,-0.09045129,-0.1052887,-0.2043851,0.320353,1.177274,2.379565,7.980904
L,-0.6449355,1.172958,-0.1763403,-0.1462208,-0.06869053,-0.1002717,-4.215584,2.766436,7.869869,7.994133
L,-0.6467161,1.172051,-0.1777446,-0.1247328,-0.06355225,-0.09837653,1.505334,0.3599601,0.1327634,8.008408
L,-0.6484436,1.171114,-0.1792513,-0.1238717,-0.06718408,-0.1080352,0.06173873,-0.2604115,-0.6925468,8.022354
L,-0.6528693,1.163978,-0.1844743,-0.3219123,-0.5190934,-0.3799067,-14.40487,-32.87051,-19.77511,8.036102
L,-0.6564412,1.158561,-0.1887201,-0.2502213,-0.3794929,-0.2974325,5.022277,9.779645,5.77769,8.050377
L,-0.6566456,1.15452,-0.1907951,-0.01465511,-0.2896329,-0.1487473,16.88605,6.441418,10.65817,8.064327
L,-0.6572019,1.151389,-0.1926991,-0.03991345,-0.2246511,-0.1365905,-1.812075,4.661903,0.8721489,8.078266
L,-0.6566643,1.15062,-0.1964212,0.03941205,-0.05638283,-0.2728596,5.815073,12.33515,-9.989414,8.091908
L,-0.6565406,1.149533,-0.1998915,0.008802578,-0.07728121,-0.2468708,-2.177501,-1.486671,1.8488,8.105965
L,-0.656713,1.148214,-0.2031995,-0.01216446,-0.09306041,-0.2333564,-1.479113,-1.113139,0.9533668,8.12014
L,-0.6566315,1.148306,-0.2027676,0.005457173,0.006163771,0.02892461,1.180226,6.645637,17.56653,8.135071
L,-0.6565842,1.148338,-0.2023956,0.003060249,0.002088986,0.02405321,-0.1549924,-0.263488,-0.3149997,8.150536
L,-0.658174,1.148327,-0.2017032,-0.06310569,-0.0004637341,0.02748571,-2.626439,-0.1013295,0.1362521,8.175728
L,-0.6653536,1.144136,-0.2015331,-0.5071662,-0.296054,0.01201453,-31.36831,-20.88041,-1.09288,8.189884
L,-0.6700712,1.139964,-0.2024976,-0.3739605,-0.3306717,-0.07645832,10.55914,-2.744125,-7.013193,8.202499
L,-0.6737087,1.136649,-0.203568,-0.2577196,-0.2348649,-0.07583298,8.235638,6.787887,0.04430532,8.216614
L,-0.6715947,1.13124,-0.2055023,0.1506763,-0.3855441,-0.1378626,29.10782,-10.73944,-4.421069,8.230644
L,-0.6703255,1.126381,-0.2074152,0.09393527,-0.3596044,-0.1415768,-4.199415,1.919804,-0.2748855,8.244156
L,-0.6701815,1.1243,-0.2066877,0.009834344,-0.1421846,0.04970517,-5.745779,14.85413,13.06839,8.258793
L,-0.6702899,1.122296,-0.2063828,-0.006306894,-0.1165977,0.01774638,-0.9394602,1.489221,-1.860081,8.275974
L,-0.6705597,1.120193,-0.2063355,-0.01108689,-0.08642241,0.001940267,-0.1964025,1.239856,-0.6494478,8.300312
L,-0.6761292,1.116305,-0.2047479,-0.3880956,-0.2709413,0.1106272,-26.27075,-12.85766,7.573535,8.314663
L,-0.6797783,1.117337,-0.2052364,-0.2740912,0.07752507,-0.03669077,8.563203,26.17432,-11.06548,8.327976
L,-0.683062,1.117987,-0.2058604,-0.2260537,0.04474954,-0.04295747,3.306915,-2.256279,-0.4314016,8.342503
L,-0.6860471,1.118163,-0.2064957,-0.2208045,0.01305023,-0.04699073,0.3882729,-2.344748,-0.2983343,8.356022
L,-0.6926571,1.116703,-0.2035833,-0.4926784,-0.1088374,0.2170773,-20.26446,-9.08505,19.68264,8.369438
L,-0.6981694,1.115216,-0.2014695,-0.3963333,-0.1069665,0.1519859,6.927125,0.1345155,-4.680011,8.383347
L,-0.7008813,1.118249,-0.2035784,-0.1926575,0.2154895,-0.1498264,14.46948,22.90784,-21.44127,8.397423
L,-0.7035303,1.120348,-0.2052367,-0.1892673,0.1499642,-0.1184811,0.2422226,-4.681672,2.239572,8.411419
L,-0.7061235,1.121794,-0.2065734,-0.1805569,0.1007138,-0.09306939,0.6064751,-3.429137,1.769327,8.425781
L,-0.7057612,1.121329,-0.2060462,0.02656163,-0.03412507,0.03865068,15.18314,-9.884564,9.655935,8.439423
L,-0.7047287,1.119496,-0.204125,0.0726831,-0.1290363,0.1352334,3.246635,-6.681099,6.798763,8.453629
L,-0.7021322,1.117244,-0.202795,0.1956989,-0.1697455,0.1002484,9.27195,-3.068338,-2.636892,8.466896
L,-0.7002569,1.115236,-0.2017185,0.1375087,-0.1472378,0.07893466,-4.266907,1.650428,-1.562875,8.480534
L,-0.7001994,1.115576,-0.2004528,0.004111842,0.02432165,0.09048077,-9.536186,12.26432,0.8254001,8.494522
L,-0.7003075,1.115789,-0.1994835,-0.007808195,0.01541839,0.07000259,-0.8608172,-0.6429579,-1.478852,8.508369
L,-0.7005238,1.115934,-0.1986018,-0.01433675,0.009602617,0.05845643,-0.4328328,-0.3855765,-0.7654921,8.523453
L,-0.7012468,1.116284,-0.1982715,-0.02643393,0.01279637,0.01207342,-0.4422877,0.1167677,-1.69582,8.550804
L,-0.7027562,1.116419,-0.1972967,-0.1125987,0.0100402,0.0727225,-6.427883,-0.2056105,4.524415,8.564209
L,-0.7037955,1.116441,-0.1966789,-0.07505596,0.001627066,0.04461841,2.711187,-0.6075624,-2.029564,8.578056
L,-0.7048357,1.116425,-0.1960993,-0.07011362,-0.001108897,0.03906652,0.3331457,-0.1844218,-0.3742339,8.592892
L,-0.706928,1.116886,-0.1951654,-0.15529,0.03424936,0.06931603,-6.321767,2.624279,2.24511,8.606365
L,-0.7090276,1.117289,-0.1942467,-0.1573488,0.03016903,0.06884403,-0.1542902,-0.3057849,-0.03537233,8.619709
L,-0.7093406,1.115852,-0.194674,-0.01113618,-0.05110938,-0.01519881,5.201354,-2.891389,-2.989731,8.64782
L,-0.7130502,1.109154,-0.1933105,-0.2805693,-0.5065818,0.1031268,-20.37804,-34.44875,8.949322,8.661041
L,-0.7149918,1.106063,-0.1925655,-0.1385326,-0.2205957,0.05315116,10.13448,20.40542,-3.565818,8.675056
L,-0.7165772,1.103696,-0.1919607,-0.112418,-0.1678134,0.04288951,1.851713,3.742647,-0.7276252,8.689159
L,-0.7171513,1.097392,-0.1924907,-0.04158607,-0.4566438,-0.03839329,5.130745,-20.92156,-5.887758,8.702965
L,-0.7178819,1.092231,-0.192794,-0.0519999,-0.3673211,-0.02159097,-0.7412221,6.357695,1.195935,8.717014
L,-0.7206239,1.093147,-0.1929398,-0.1942127,0.06488956,-0.01032555,-10.07302,30.61374,0.7979364,8.731133
L,-0.7232256,1.093635,-0.1930194,-0.1955926,0.03664504,-0.00598092,-0.1037324,-2.123353,0.3266181,8.744434
L,-0.7258162,1.093774,-0.1930491,-0.1811966,0.009755203,-0.002079234,1.006884,-1.880739,0.2728932,8.758732
L,-0.7253615,1.093706,-0.1939929,0.03291995,-0.004919221,-0.06832755,15.50107,-1.062362,-4.796078,8.772545
L,-0.7249337,1.093489,-0.1951287,0.03113288,-0.01580719,-0.08266024,-0.1300582,-0.7923975,-1.043095,8.786285
L,-0.7230738,1.093374,-0.1958406,0.1272386,-0.007836965,-0.04870274,6.574512,0.5452366,2.323005,8.800903
L,-0.7211595,1.093092,-0.1966096,0.1441207,-0.02128805,-0.05789036,1.270977,-1.012671,-0.6916937,8.814186
L,-0.720309,1.09194,-0.1968097,0.06108305,-0.08273973,-0.01437072,-5.963784,-4.413476,3.125592,8.82811
L,-0.7196489,1.090797,-0.196981,0.04655132,-0.08056732,-0.01208447,-1.02486,0.1532102,0.1612394,8.842289
L,-0.7191121,1.089636,-0.1971376,0.03884039,-0.08402912,-0.01133168,-0.5579277,-0.2504803,0.05446816,8.85611
L,-0.7190315,1.089428,-0.197459,0.005718733,-0.01473674,-0.02280197,-2.350472,4.917321,-0.8139865,8.870201
L,-0.7189951,1.089226,-0.1977037,0.002715266,-0.0151095,-0.01824917,-0.2239309,-0.02779231,0.3394453,8.883614
L,-0.7188417,1.088644,-0.1980984,0.01035629,-0.03924362,-0.02665246,0.5159838,-1.629731,-0.5674583,8.898422
L,-0.7186892,1.087898,-0.1985602,0.01067674,-0.05224466,-0.03232748,0.02243056,-0.9100517,-0.3972422,8.912708
L,-0.7185543,1.087041,-0.1990506,0.01009849,-0.06409685,-0.03669845,-0.04327276,-0.8869482,-0.3270983,8.926071
L,-0.719869,1.084185,-0.2011096,-0.1009834,-0.2193909,-0.1581453,-8.53192,-11.92775,-9.328031,8.939091
L,-0.7211679,1.08134,-0.2030896,-0.09031416,-0.1978034,-0.1376761,0.7418756,1.501073,1.423308,8.953472
L,-0.7218579,1.080103,-0.2058649,-0.05111349,-0.09168374,-0.2055743,2.903708,7.86059,-5.029411,8.966972
L,-0.7224662,1.078959,-0.2081234,-0.04192133,-0.0787822,-0.1556421,0.6334563,0.88908,3.440963,8.981483
L,-0.7229446,1.079934,-0.2080766,-0.03528155,0.07185566,0.003457812,0.4897521,11.11109,11.73525,8.995041
L,-0.7235209,1.080965,-0.2080752,-0.04090248,0.07318456,9.305631E-05,-0.398888,0.09430517,-0.2387792,9.009132
L,-0.7242416,1.082087,-0.2081457,-0.05227501,0.08139354,-0.005113577,-0.8249143,0.5954443,-0.3776668,9.022919
L,-0.7286078,1.081632,-0.2086269,-0.3136647,-0.03271444,-0.03456426,-18.77822,-8.197513,-2.115736,9.036839
L,-0.732943,1.081072,-0.2092042,-0.312041,-0.04026805,-0.04155727,0.1168743,-0.5436941,-0.5033426,9.050732
L,-0.7371391,1.06744,-0.2210873,-0.2829178,-0.9191583,-0.8012042,1.963596,-59.25818,-51.21833,9.065563
L,-0.7404779,1.057535,-0.2297819,-0.2565917,-0.7612229,-0.6681966,2.023225,12.13773,10.22197,9.078575
L,-0.7432899,1.049709,-0.2366568,-0.2085308,-0.5803041,-0.5098248,3.564044,13.41635,11.74434,9.09206
L,-0.7423096,1.051506,-0.2330759,0.07071237,0.1296092,0.2583113,20.14362,51.21066,55.41064,9.105923
L,-0.7416353,1.052673,-0.2302253,0.04894276,0.08465704,0.2068852,-1.579948,-3.262444,-3.732288,9.119701
L,-0.7413093,1.057012,-0.2242606,0.02332236,0.3104531,0.4267514,-1.833033,16.15477,15.73051,9.133678
L,-0.7413831,1.059841,-0.2200128,-0.005296682,0.2029155,0.3046587,-2.052616,-7.71281,-8.75674,9.147621
L,-0.7416859,1.061304,-0.217475,-0.02122894,0.1025675,0.1779303,-1.117022,-7.03547,-8.885019,9.161884
L,-0.7364386,1.059892,-0.2142337,0.3764496,-0.1013017,0.2325341,28.53012,-14.62591,3.917371,9.175823
L,-0.7323846,1.058479,-0.2117041,0.2960263,-0.1031511,0.1847112,-5.872561,-0.1350485,-3.492058,9.189518
L,-0.7319829,1.057654,-0.2116044,0.02780895,-0.05714451,0.006904789,-18.56656,3.184673,-12.30813,9.203964
L,-0.731765,1.057046,-0.2115384,0.01647678,-0.04596914,0.00499351,-0.8568389,0.8449832,-0.1445141,9.21719
L,-0.7316507,1.056812,-0.2114722,0.00814147,-0.0166395,0.004709573,-0.5936027,2.088723,-0.02022073,9.231232
L,-0.7315525,1.056569,-0.2114075,0.007273707,-0.01802749,0.004799454,-0.0642959,-0.1028413,0.006659629,9.244728
L,-0.7314404,1.05625,-0.2113262,0.007892219,-0.02243052,0.005716719,0.04353901,-0.3099431,0.06456916,9.258934
L,-0.7308677,1.054718,-0.2105601,0.04073524,-0.1089637,0.05450517,2.336391,-6.155809,3.470719,9.272991
L,-0.7302069,1.052867,-0.209664,0.04739654,-0.1328061,0.06426983,0.4777619,-1.710024,0.7003412,9.286934
L,-0.7285498,1.052148,-0.2088407,0.114827,-0.04978688,0.05705004,4.672613,5.752839,-0.5002974,9.301365
L,-0.7270302,1.051396,-0.2080696,0.1182777,-0.05855663,0.0600122,0.2685808,-0.682583,0.230556,9.314213
L,-0.7256659,1.050632,-0.2073587,0.09726425,-0.05449415,0.0506867,-1.498112,0.2896261,-0.664842,9.328239
L,-0.7257081,1.049337,-0.2063519,-0.002991301,-0.0919053,0.07146544,-7.116542,-2.655593,1.474958,9.342327
L,-0.7256986,1.048035,-0.2053696,0.0006823521,-0.09433734,0.07117408,0.2661764,-0.1762153,-0.02111081,9.356129
L,-0.724304,1.049736,-0.2024211,0.09953971,0.1214436,0.2104323,7.055503,15.40041,9.938938,9.37014
L,-0.7227738,1.051389,-0.1992654,0.1094475,0.1182043,0.2257205,0.7086662,-0.2316987,1.093506,9.384121
L,-0.7150764,1.05581,-0.1880871,0.5353749,0.3075252,0.7774805,29.62439,13.16778,38.37638,9.398499
L,-0.7091861,1.05902,-0.1794973,0.4172099,0.2273119,0.6084145,-8.369701,-5.681558,-11.97505,9.412617
L,-0.7045273,1.06143,-0.1727003,0.3740525,0.1935394,0.5457277,-3.46507,-2.71156,-5.033073,9.425072
L,-0.694545,1.072216,-0.1627773,0.6891748,0.7446257,0.6850793,21.75598,38.04687,9.620803,9.439556
L,-0.6865559,1.08047,-0.1545902,0.5786992,0.5978775,0.5930365,-8.002353,-10.62978,-6.667161,9.453362
L,-0.6843233,1.089155,-0.1388306,0.1639356,0.6377363,1.157226,-30.45597,2.926821,41.42826,9.46698
L,-0.6818367,1.096206,-0.1258985,0.1734088,0.4917614,0.9018564,0.6606426,-10.17995,-17.80889,9.481319
L,-0.6791244,1.102196,-0.1149628,0.1934779,0.4272704,0.7800579,1.43156,-4.600255,-8.688091,9.495338
L,-0.6778476,1.109323,-0.09896567,0.09361888,0.5225787,1.173024,-7.32236,6.988667,28.81505,9.508976
L,-0.6760662,1.115582,-0.085279,0.1290412,0.453397,0.9914007,2.56583,-5.011206,-13.156,9.522781
L,-0.6822066,1.125334,-0.06818327,-0.4395609,0.6980902,1.223797,-40.70333,17.51634,16.63605,9.536751
L,-0.6859036,1.133722,-0.05328513,-0.2592713,0.5882491,1.044799,12.64361,-7.7031,-12.55304,9.55101
L,-0.6839566,1.138282,-0.0427485,0.1429666,0.3348389,0.7737012,29.53621,-18.60783,-19.9066,9.564629
L,-0.6821387,1.142977,-0.03248271,0.1331552,0.3438722,0.7519187,-0.7186332,0.6616461,-1.595457,9.578281
L,-0.6804217,1.147805,-0.02231376,0.122047,0.3432162,0.7228112,-0.7895741,-0.04663351,-2.068974,9.59235
L,-0.6475483,1.1458,-0.02145054,2.310334,-0.1409434,0.06066718,153.7926,-34.02668,-46.53541,9.606579
L,-0.6220713,1.145681,-0.01824082,1.891966,-0.008843838,0.2383595,-31.06874,9.809942,13.19575,9.620045
L,-0.5991403,1.154511,-0.005364877,1.649173,0.6350651,0.9260222,-17.46142,46.30915,49.45587,9.633949
L,-0.5804469,1.162164,0.006529162,1.35369,0.5541609,0.8613123,-21.39749,-5.858719,-4.685998,9.647758
L,-0.5645193,1.168957,0.01763276,1.147383,0.489403,0.7998739,-14.86182,-4.664988,-4.425859,9.66164
L,-0.5290049,1.171277,0.01679062,2.561176,0.1672455,-0.06073211,101.958,-23.23292,-62.06402,9.675507
L,-0.4994116,1.174291,0.01863312,2.127734,0.2167015,0.1324739,-31.16407,3.55584,13.89134,9.689415
L,-0.4944342,1.181788,0.02828427,0.3625443,0.5461326,0.7029704,-128.5729,23.99511,41.55383,9.703144
L,-0.4875314,1.188582,0.03756386,0.4853851,0.4776942,0.6525186,8.637872,-4.812429,-3.54765,9.717365
L,-0.4788545,1.194867,0.04650455,0.6184322,0.4479507,0.6372341,9.482738,-2.119923,-1.089383,9.731396
L,-0.4799361,1.202051,0.05969515,-0.08144885,0.5410352,0.9933459,-52.70601,7.009929,26.81774,9.744675
L,-0.477442,1.208729,0.07164374,0.1745807,0.4674149,0.8363824,17.92166,-5.153306,-10.98719,9.758961
L,-0.4457226,1.204766,0.06793004,2.293178,-0.2864985,-0.2684847,153.1653,-54.50465,-79.87707,9.772793
L,-0.4189115,1.203332,0.06752826,1.924528,-0.1029402,-0.02883961,-26.46206,13.17599,17.20195,9.786724
L,-0.4167703,1.21297,0.08093273,0.1516178,0.6824858,0.9491897,-125.5423,55.61716,69.25568,9.800846
L,-0.412097,1.221252,0.09284468,0.3445123,0.610579,0.8781345,14.21995,-5.300887,-5.238101,9.814411
L,-0.4053289,1.228549,0.1036118,0.4884942,0.5266382,0.7771292,10.39206,-6.058525,-7.290185,9.828266
L,-0.3545758,1.219969,0.08010317,3.636135,-0.6146915,-1.684243,225.5084,-81.769,-176.3416,9.842224
L,-0.3126944,1.215194,0.0662,2.964885,-0.338062,-0.9842378,-47.51934,19.58324,49.55499,9.85635
L,-0.2872321,1.212591,0.05101287,1.864466,-0.1905464,-1.112071,-80.57771,10.80177,-9.36054,9.870007
L,-0.2644201,1.211527,0.04104929,1.647843,-0.07688069,-0.7197274,-15.64794,8.210746,28.3413,9.88385
R,0.07469276,1.327664,0.0003364155,0.01585931,0.06962163,0.04329646,-1.676519,-1.004302,-1.762854,0.05295563
R,0.0746779,1.328733,0.0004047049,-0.001135339,0.08165792,0.005216101,-1.29809,0.9193596,-2.908665,0.06604767
R,0.07426197,1.328995,-0.0005626318,-0.03012799,0.01897106,-0.07006949,-2.100097,-4.540753,-5.453348,0.07985306
R,0.07378168,1.329309,-0.001709081,-0.03749442,0.0245775,-0.08949817,-0.5750637,0.4376701,-1.51671,0.09266281
R,0.07410422,1.329959,-0.001752867,0.02276595,0.04587372,-0.003090501,4.253337,1.503144,6.098883,0.1068306
R,0.07445739,1.330662,-0.001796733,0.02648227,0.05271203,-0.003289299,0.2786649,0.5127635,-0.0149067,0.1201668
R,0.0748426,1.331431,-0.001849545,0.03026085,0.06039294,-0.00414869,0.296833,0.603388,-0.06751096,0.1328964
R,0.07483692,1.331471,-0.001875538,-0.0004371471,0.003061748,-0.001998825,-2.360603,-4.408633,0.1653195,0.1459007
R,0.07473928,1.33186,-0.002143492,-0.00743197,0.02964395,-0.02039558,-0.5324189,2.023334,-1.40029,0.1590385
R,0.07584504,1.33628,-0.002590411,0.07120343,0.2845968,-0.0287785,5.063571,16.41719,-0.5398018,0.1745682
R,0.07691995,1.340532,-0.00301504,0.08050893,0.3184375,-0.03180401,0.6969659,2.534607,-0.226605,0.1879196
R,0.07779041,1.343926,-0.003353382,0.0674706,0.2630747,-0.02622537,-1.010621,-4.291253,0.4324084,0.2008209
R,0.07770577,1.349794,-0.008462274,-0.006735732,0.4670424,-0.4065772,-5.905508,16.23221,-30.26926,0.2133865
R,0.07773192,1.354406,-0.0121759,0.001858354,0.3276972,-0.2638943,0.6107043,-9.902004,10.13919,0.227459
R,0.08394322,1.361786,-0.0122459,0.4491735,0.5336983,-0.005061625,32.34785,14.89709,18.71764,0.2412872
R,0.0885928,1.367696,-0.01252773,0.3216836,0.4088562,-0.01949845,-8.820453,-8.637262,-0.9988197,0.2557411
R,0.09218781,1.372631,-0.01295088,0.254225,0.3490019,-0.02992379,-4.770401,-4.232657,-0.7372376,0.2698822
R,0.09791999,1.370335,-0.02012376,0.4435231,-0.1776214,-0.554996,14.6468,-40.74709,-40.62708,0.2828064
R,0.1025013,1.369486,-0.02544096,0.3112099,-0.05771411,-0.3612002,-8.988111,8.145368,13.16466,0.2975273
R,0.1047483,1.369514,-0.02875844,0.1644896,0.002042027,-0.2428534,-10.74053,4.374396,8.663472,0.3111877
R,0.1067239,1.370059,-0.03135144,0.1415797,0.03908386,-0.1858231,-1.641795,2.654536,4.086981,0.3251419
R,0.1078996,1.37299,-0.03173631,0.08001221,0.19945,-0.026192,-4.189912,10.91355,10.86353,0.3398361
R,0.109339,1.375926,-0.03244158,0.09131521,0.1862748,-0.04474367,0.7170895,-0.8358628,-1.176962,0.3555984
R,0.1076891,1.379448,-0.03612622,-0.1406066,0.3001666,-0.3140137,-19.76492,9.706128,-22.94783,0.3673325
R,0.1067372,1.382916,-0.03965334,-0.07317746,0.2666422,-0.2711476,5.183619,-2.577188,3.29534,0.3803406
R,0.1063888,1.386084,-0.04277747,-0.02506895,0.22792,-0.2248075,3.461806,-2.786387,3.334554,0.3942375
R,0.1048969,1.392648,-0.04472871,-0.1086037,0.4778881,-0.142045,-6.081128,18.19707,6.024909,0.4079742
R,0.1025496,1.39987,-0.04178561,-0.1637865,0.5038678,0.2053542,-3.850365,1.812731,24.23971,0.4223061
R,0.1010556,1.405918,-0.04011118,-0.09849969,0.3987519,0.1103975,4.30446,-6.930459,-6.260644,0.4374733
R,0.1000962,1.411202,-0.03927152,-0.07159012,0.3943478,0.06265678,2.008023,-0.3286387,-3.562465,0.4508743
R,0.0931135,1.414225,-0.04459875,-0.5398061,0.23367,-0.411826,-36.19581,-12.42133,-36.68027,0.46381
R,0.08807327,1.417408,-0.04872953,-0.3448884,0.2178119,-0.2826568,13.33764,-1.085122,8.838662,0.4784241
R,0.08310826,1.417818,-0.05383964,-0.3882896,0.03202379,-0.3996372,-3.394203,-14.52961,-9.148479,0.4912109
R,0.07917285,1.419038,-0.05802604,-0.2821013,0.08750342,-0.3000931,7.611875,3.976935,7.135602,0.5051613
R,0.07588951,1.420787,-0.06162659,-0.2278817,0.1213347,-0.2498979,3.763136,2.348073,3.483817,0.5195694
R,0.07316076,1.42275,-0.06469457,-0.1957647,0.1408645,-0.2201015,2.304123,1.401096,2.137639,0.5335083
R,0.07046868,1.425312,-0.06426746,-0.2007147,0.1910374,0.03184383,-0.3690595,3.740767,18.7844,0.5469208
R,0.06994053,1.427775,-0.06128962,-0.03583105,0.1670468,0.2020251,11.18614,-1.627587,11.54555,0.5616608
R,0.06904152,1.43058,-0.05900132,-0.06550026,0.204367,0.1667216,-2.161647,2.719087,-2.572153,0.575386
R,0.06789062,1.433479,-0.05746507,-0.08129916,0.2047797,0.1085197,-1.11603,0.02915319,-4.111362,0.5895424
R,0.06629748,1.433349,-0.05825716,-0.1179421,-0.009566506,-0.05863925,-2.712713,-15.86828,-12.37496,0.6030502
R,0.06451974,1.433587,-0.05918786,-0.1214235,0.0162031,-0.06356842,-0.2377917,1.760122,-0.3366731,0.617691
R,0.06399043,1.433847,-0.05888409,-0.03978092,0.01958501,0.02282995,6.135928,0.2541704,6.493353,0.6309967
R,0.06335641,1.434299,-0.0586893,-0.04604019,0.03277355,0.01414501,-0.4545233,0.9577,-0.6306663,0.6447678
R,0.06250606,1.435006,-0.05856944,-0.06077211,0.05059808,0.008565689,-1.052859,1.27388,-0.3987418,0.6587601
R,0.06140232,1.436011,-0.05853195,-0.08037245,0.07315104,0.002729764,-1.427253,1.642257,-0.4249591,0.672493
R,0.05995077,1.437457,-0.05898656,-0.1043363,0.1039553,-0.03267669,-1.722509,2.21419,-2.544993,0.6864052
R,0.05918816,1.439693,-0.05900369,-0.05422107,0.1589368,-0.001217856,3.563173,3.909159,2.236708,0.70047
R,0.05828874,1.442019,-0.05910498,-0.06224323,0.1610018,-0.007009698,-0.5551637,0.1429091,-0.4008175,0.71492
R,0.05681156,1.440069,-0.06124846,-0.1107967,-0.1462983,-0.1607729,-3.641773,-23.04918,-11.53308,0.7282524
R,0.05476582,1.437871,-0.06402048,-0.1383233,-0.1486088,-0.1874302,-1.861215,-0.1562248,-1.802439,0.743042
R,0.05490842,1.437635,-0.06487343,0.01064156,-0.01761315,-0.06364808,11.11592,9.775041,9.236763,0.756443
R,0.05491437,1.437561,-0.06553763,0.0004179656,-0.005204143,-0.04669273,-0.7187056,0.8723377,1.19194,0.770668
R,0.05483784,1.437564,-0.06616571,-0.005689598,0.0002127056,-0.04669498,-0.4540729,0.402721,-0.0001670072,0.7841187
R,0.0550257,1.437456,-0.06645782,0.01357791,-0.00778019,-0.02111227,1.392573,-0.5776922,1.849008,0.7979546
R,0.05516123,1.437388,-0.06676231,0.00976321,-0.004869126,-0.02193522,-0.2748008,0.2097054,-0.0592829,0.8118362
R,0.05589494,1.437091,-0.06712388,0.05202513,-0.02105592,-0.02563734,2.996675,-1.147761,-0.2625071,0.8259392
R,0.05673277,1.436776,-0.0676064,0.06038846,-0.0227179,-0.03477927,0.6028033,-0.1197901,-0.6589223,0.8398132
R,0.05753162,1.436499,-0.068139,0.05713836,-0.01979877,-0.03809473,-0.2324672,0.2087944,-0.237143,0.8537941
R,0.05823979,1.436276,-0.06867862,0.05192827,-0.01638112,-0.0395684,-0.3820408,0.2506063,-0.10806,0.8674316
R,0.06017747,1.436936,-0.06873566,0.1358519,0.04628577,-0.003999231,5.883946,4.393621,2.49378,0.8816948
R,0.06477471,1.437282,-0.07063483,0.3346683,0.02515794,-0.1382548,14.47335,-1.538054,-9.773476,0.8954315
R,0.06867488,1.437614,-0.07233765,0.2789649,0.02375512,-0.1217967,-3.984262,-0.1003389,1.177189,0.9094124
R,0.07166265,1.437905,-0.07372314,0.2188389,0.02133976,-0.1014806,-4.403926,-0.1769129,1.488048,0.9230652
R,0.07836895,1.441894,-0.07417263,0.4670605,0.277763,-0.03130448,17.2874,17.85861,4.887423,0.9374237
R,0.08357204,1.444897,-0.07469105,0.3634322,0.2097822,-0.03621114,-7.238353,-4.748406,-0.3427258,0.9517403
R,0.08961894,1.445387,-0.07654603,0.4751667,0.03848172,-0.1457648,8.78014,-13.46085,-8.608767,0.9644661
R,0.09447952,1.445937,-0.07805793,0.3389662,0.03840782,-0.1054365,-9.498315,-0.005153257,2.812402,0.9788055
R,0.1013472,1.444249,-0.08125059,0.4856537,-0.1193772,-0.2257722,10.37315,-11.15792,-8.509649,0.9929466
R,0.1071323,1.443198,-0.08383293,0.410318,-0.07453158,-0.1831557,-5.343296,3.180737,3.022636,1.007046
R,0.1121973,1.442556,-0.08603255,0.3775212,-0.04790127,-0.163952,-2.444544,1.984924,1.43137,1.020462
R,0.1205583,1.443861,-0.0875655,0.5930207,0.09260856,-0.1087261,15.28461,9.965858,3.916976,1.034561
R,0.1277123,1.44488,-0.08906519,0.5167767,0.07355677,-0.108332,-5.507552,-1.376223,0.02846805,1.048405
R,0.1334485,1.443829,-0.08969343,0.409173,-0.07492347,-0.04481346,-7.675555,-10.59135,4.530883,1.062424
R,0.1388141,1.443146,-0.09053288,0.3714156,-0.04727522,-0.05810792,-2.61365,1.913869,-0.9202703,1.07687
R,0.1439006,1.44271,-0.0914959,0.3634186,-0.0311989,-0.06880654,-0.5713729,1.148627,-0.7643985,1.090866
R,0.1525861,1.442059,-0.09212489,0.6268918,-0.04700406,-0.04539832,19.0165,-1.140757,1.689516,1.104721
R,0.1602599,1.441597,-0.09292103,0.5909649,-0.03557396,-0.06131057,-2.76675,0.8802391,-1.225411,1.117706
R,0.1666283,1.442875,-0.09314885,0.4479296,0.08988462,-0.01602433,-10.0606,8.824313,3.185274,1.131924
R,0.1727161,1.443805,-0.09361982,0.4523444,0.06913442,-0.03499515,0.3280386,-1.54182,-1.409605,1.145382
R,0.1784327,1.442632,-0.09818229,0.3951926,-0.08106705,-0.315407,-3.950951,-10.38355,-19.3851,1.159847
R,0.1840973,1.4418,-0.1018032,0.4082896,-0.06002543,-0.2609825,0.9439914,1.516616,3.922756,1.173721
R,0.189729,1.44119,-0.104838,0.4225279,-0.04575701,-0.2276917,1.068258,1.070515,2.497709,1.18705
R,0.1981779,1.440187,-0.1080024,0.5904634,-0.07010631,-0.2211483,11.73641,-1.701685,0.4572916,1.201359
R,0.2059094,1.439411,-0.1108053,0.5397491,-0.05414448,-0.1956761,-3.540467,1.114327,1.778268,1.215683
R,0.2137733,1.440807,-0.1136896,0.5607976,0.09958175,-0.205687,1.50102,10.96257,-0.7139033,1.229706
R,0.2211664,1.44177,-0.116353,0.547004,0.07120555,-0.1970622,-1.020582,-2.099535,0.6381432,1.243221
R,0.2282553,1.442446,-0.1188788,0.5040185,0.04808279,-0.1795884,-3.056245,-1.644017,1.242377,1.257286
R,0.2342551,1.439932,-0.1246361,0.4373783,-0.1832418,-0.4196965,-4.857989,-16.86328,-17.50358,1.271004
R,0.2403674,1.438119,-0.1294204,0.4523751,-0.1341844,-0.3540891,1.109911,3.630744,4.855612,1.284515
R,0.2469492,1.437294,-0.1350078,0.4679607,-0.05871135,-0.3972604,1.108129,5.366102,-3.069461,1.29858
R,0.2534896,1.436604,-0.1398412,0.4348321,-0.04582488,-0.3213428,-2.202501,0.8567363,5.047261,1.313622
R,0.259029,1.433987,-0.1444764,0.4350214,-0.205531,-0.3640115,0.01486903,-12.54224,-3.350909,1.326355
R,0.2647791,1.431944,-0.1487585,0.4049885,-0.1438827,-0.3015915,-2.115248,4.341951,4.396301,1.340553
R,0.2706864,1.430266,-0.1528153,0.4216091,-0.1197846,-0.2895411,1.186224,1.719893,0.8600429,1.354565
R,0.2787686,1.426284,-0.1571035,0.5857582,-0.2885679,-0.3107893,11.89679,-12.23266,-1.539978,1.368362
R,0.286386,1.423129,-0.1612059,0.5153205,-0.2134839,-0.2775292,-4.765113,5.079438,2.250046,1.383144
R,0.2975923,1.424292,-0.1624558,0.8126318,0.08438797,-0.09063148,21.55972,21.60036,13.55301,1.396935
R,0.3076415,1.424784,-0.1643588,0.7718489,0.03779666,-0.1461679,-3.132435,-3.578562,-4.265615,1.409954
R,0.3168913,1.424836,-0.1666746,0.6838096,0.003824732,-0.1712008,-6.508451,-2.511432,-1.8506,1.423481
R,0.3270574,1.416726,-0.1677411,0.7135124,-0.5692185,-0.0748494,2.08471,-40.2195,6.762503,1.437729
R,0.3365628,1.410642,-0.1693725,0.6838081,-0.4376715,-0.1173644,-2.136877,9.463298,-3.058465,1.45163
R,0.3414832,1.407767,-0.1719474,0.353285,-0.2064417,-0.1848776,-23.73176,16.60244,-4.847494,1.465557
R,0.3471582,1.405117,-0.1745871,0.3970322,-0.1854067,-0.1846779,3.060596,1.471636,0.01397159,1.479851
R,0.3588288,1.400995,-0.1771672,0.8498285,-0.3001128,-0.1878743,32.97162,-8.35265,-0.232755,1.493584
R,0.3695305,1.397391,-0.1797973,0.7967574,-0.2683453,-0.1958184,-3.95123,2.365144,-0.5914469,1.507015
R,0.3795121,1.394107,-0.1824592,0.7096831,-0.2335147,-0.1892555,-6.190941,2.476439,0.4666162,1.52108
R,0.3733368,1.377309,-0.1926011,-0.4064285,-1.105534,-0.667496,-73.45769,-57.3926,-31.47574,1.536274
R,0.3580362,1.384167,-0.1864631,-1.187026,0.5320176,0.4761879,-60.55903,127.0419,88.72739,1.549164
R,0.3674779,1.374678,-0.1911629,0.6975959,-0.7010463,-0.3472478,139.2453,-91.10493,-60.83955,1.562698
R,0.3755335,1.36721,-0.1951326,0.5338035,-0.4948812,-0.2630488,-10.85369,13.66152,5.579438,1.577789
R,0.3826628,1.360999,-0.1985874,0.5350433,-0.4661108,-0.2592797,0.0930477,2.159171,0.2828626,1.591114
R,0.3881727,1.355073,-0.2010851,0.4192761,-0.4509706,-0.1900615,-8.809194,1.152077,5.267099,1.604256
R,0.393593,1.349778,-0.2035568,0.379408,-0.3706275,-0.1730161,-2.790706,5.62389,1.193147,1.618542
R,0.4012792,1.34716,-0.2026785,0.5529316,-0.1883576,0.06318498,12.48304,13.11223,16.99196,1.632442
R,0.4083688,1.344164,-0.202667,0.5255961,-0.222073,0.0008517304,-2.02654,-2.499515,-4.621122,1.645931
R,0.4150455,1.340936,-0.2032158,0.4743225,-0.229336,-0.03898628,-3.642564,-0.5159817,-2.830162,1.660007
R,0.4180278,1.336916,-0.2024147,0.2121608,-0.285982,0.05698779,-18.64969,-4.029688,6.827416,1.674065
R,0.4217426,1.332986,-0.2022836,0.2714082,-0.2871551,0.009581635,4.328692,-0.0857067,-3.463556,1.687752
R,0.4240011,1.328049,-0.2012735,0.1548624,-0.3385103,0.06925905,-7.991568,-3.521441,4.092094,1.702335
R,0.4270888,1.32339,-0.2008548,0.224343,-0.3385445,0.03042393,5.048205,-0.002485795,-2.821617,1.716099
R,0.431203,1.317034,-0.2069338,0.2757627,-0.425978,-0.4074585,3.446522,-5.860434,-29.35011,1.731018
R,0.4355242,1.311339,-0.2116242,0.3418169,-0.4504941,-0.3710254,5.225021,-1.939273,2.881936,1.74366
R,0.4399621,1.306032,-0.2154623,0.3099791,-0.3707118,-0.2680845,-2.223844,5.572731,7.190337,1.757977
R,0.4444572,1.303055,-0.2114908,0.3081504,-0.2040403,0.2722546,-0.1253616,11.42571,37.04149,1.772564
R,0.4490025,1.299658,-0.2091139,0.3515902,-0.2628172,0.1838554,3.360126,-4.54648,-6.837803,1.785492
R,0.4478619,1.298983,-0.2118322,-0.08314794,-0.04918659,-0.1981553,-31.69188,15.57341,-27.84811,1.79921
R,0.4475524,1.297563,-0.2146905,-0.02262293,-0.1037775,-0.2088913,4.42327,-3.989597,-0.7846041,1.812893
R,0.4481001,1.295385,-0.2177026,0.03924185,-0.1560279,-0.2157971,4.432217,-3.743409,-0.4947582,1.826851
R,0.4472093,1.294818,-0.2161339,-0.06385656,-0.04062415,0.112446,-7.390383,8.272468,23.52938,1.840801
R,0.4464288,1.293511,-0.2141134,-0.05588466,-0.09362196,0.1446742,0.5708233,-3.794881,2.307689,1.854767
R,0.4485281,1.290761,-0.2133961,0.1481347,-0.1940444,0.05061722,14.39635,-7.086175,-6.637007,1.868938
R,0.4512705,1.287299,-0.2129034,0.199694,-0.2521267,0.03587565,3.754436,-4.229425,-1.073448,1.882671
R,0.4526781,1.284996,-0.2113884,0.09863047,-0.1613372,0.1061621,-7.08185,6.361916,4.925198,1.896942
R,0.4543043,1.282557,-0.2103006,0.1193128,-0.17892,0.07981192,1.517423,-1.290017,-1.93326,1.910572
R,0.4561237,1.279984,-0.209512,0.1246285,-0.176264,0.05401792,0.3641141,0.181931,-1.766852,1.925171
R,0.4598198,1.276803,-0.2082454,0.2797859,-0.2407956,0.09588304,11.74519,-4.88494,3.169128,1.938381
R,0.4633223,1.273615,-0.2072858,0.2465553,-0.2244143,0.06754645,-2.339205,1.153129,-1.994701,1.952587
R,0.4637147,1.274714,-0.2074117,0.02937384,0.08224764,-0.009426533,-16.25723,22.95533,-5.761852,1.965946
R,0.4641667,1.275286,-0.2075073,0.03021218,0.03825376,-0.006387247,0.05603445,-2.940523,0.203144,1.980907
R,0.4648693,1.275693,-0.2076125,0.05008754,0.02900632,-0.007498045,1.416972,-0.6592768,-0.07919206,1.994934
R,0.4647498,1.275477,-0.2076356,-0.008625361,-0.0156207,-0.001670882,-4.236508,-3.220123,0.4204668,2.008793
R,0.4646897,1.275171,-0.2076594,-0.004583273,-0.02333964,-0.001819427,0.308654,-0.5894189,-0.01134296,2.021889
R,0.4645369,1.275405,-0.2075807,-0.0110365,0.01691632,0.005687199,-0.4660262,2.907124,0.5420983,2.035736
R,0.464435,1.2756,-0.2074972,-0.007198105,0.01376077,0.005896722,0.2709972,-0.222787,0.01479273,2.0499
R,0.4621857,1.27788,-0.2070485,-0.166328,0.1685649,0.03317833,-11.76726,11.44738,2.017408,2.063423
R,0.459946,1.280171,-0.2065614,-0.15821,0.1618246,0.03440995,0.5734566,-0.4761288,0.08700091,2.077579
R,0.4582753,1.281896,-0.2061601,-0.1212516,0.1251903,0.02912492,2.682282,-2.658767,-0.3835652,2.091358
R,0.4569662,1.284049,-0.2063212,-0.09475083,0.1558876,-0.01165943,1.918009,2.221732,-2.951788,2.105175
R,0.4560013,1.285688,-0.2064345,-0.06702106,0.1138298,-0.007871497,1.926124,-2.921357,0.263112,2.119572
R,0.4536933,1.287074,-0.2066931,-0.1672259,0.1004267,-0.01873661,-7.260395,-0.9711307,-0.7872373,2.133373
R,0.4517767,1.288239,-0.2069004,-0.1406972,0.08549776,-0.01521589,1.947452,-1.09592,0.2584532,2.146996
R,0.4502173,1.289201,-0.2070623,-0.1118701,0.06899118,-0.01162147,2.068102,-1.184209,0.2578697,2.160934
R,0.448338,1.290849,-0.2080895,-0.1354195,0.1188153,-0.07401474,-1.696904,3.590184,-4.495883,2.174812
R,0.4466712,1.292311,-0.2089661,-0.1137858,0.09978028,-0.05984294,1.476862,-1.299456,0.9674616,2.189461
R,0.4428317,1.296742,-0.2085456,-0.2914902,0.3364104,0.0319231,-13.49092,17.96443,6.966671,2.202633
R,0.4396317,1.300426,-0.2082386,-0.2261686,0.2603886,0.02169975,4.616787,-5.373054,-0.722564,2.216782
R,0.435968,1.305998,-0.2060075,-0.2670741,0.4061892,0.1626427,-2.981959,10.62868,10.27457,2.230499
R,0.4329896,1.310421,-0.2043657,-0.2154474,0.3199417,0.1187601,3.734446,-6.238758,-3.174272,2.244324
R,0.4306075,1.313849,-0.2031931,-0.169091,0.2432812,0.08324131,3.29056,-5.441671,-2.521269,2.258411
R,0.427445,1.317568,-0.1998035,-0.1979049,0.2327599,0.2121171,-1.803145,-0.6584134,8.064938,2.274391
R,0.4247364,1.320805,-0.1972138,-0.2026946,0.2422477,0.1937926,-0.3584338,0.710012,-1.3713,2.287754
R,0.4216159,1.319847,-0.1957492,-0.2390529,-0.07338545,0.1121991,-2.785249,-24.17924,-6.25051,2.300808
R,0.4188006,1.319551,-0.1944282,-0.2224926,-0.0234587,0.1044018,1.308772,3.945734,-0.6162236,2.313461
R,0.4161238,1.319716,-0.1931652,-0.1926676,0.01193541,0.09090344,2.146744,2.547598,-0.9715858,2.327354
R,0.4144298,1.323028,-0.1926906,-0.1171113,0.2289606,0.03281374,5.223268,15.00313,-4.015788,2.34182
R,0.4124696,1.326335,-0.1920548,-0.1412435,0.2382576,0.04581415,-1.738898,0.6699144,0.9367731,2.355698
R,0.4078701,1.332267,-0.1893463,-0.3414733,0.4404383,0.2010817,-14.86521,15.01004,11.52718,2.369167
R,0.4039767,1.337131,-0.1871006,-0.2866141,0.3580543,0.1653174,4.038475,-6.06472,-2.632798,2.382751
R,0.4005192,1.34128,-0.1851642,-0.243057,0.2916415,0.1361258,3.062012,-4.668732,-2.05213,2.396976
R,0.3926317,1.349702,-0.1808865,-0.5609486,0.5989724,0.3042244,-22.60808,21.85701,11.95497,2.411037
R,0.386255,1.356634,-0.1773958,-0.4643381,0.5048003,0.2541851,7.034959,-6.857405,-3.64375,2.42477
R,0.377954,1.362705,-0.1724571,-0.5778138,0.4225554,0.3437718,-7.898826,-5.724909,6.235956,2.439137
R,0.3710241,1.368106,-0.1683508,-0.500312,0.389915,0.2964608,5.595329,-2.356513,-3.415668,2.452988
R,0.3641165,1.37047,-0.1657339,-0.5126832,0.1754495,0.1942253,-0.9181855,-15.91757,-7.587886,2.466461
R,0.3579436,1.37324,-0.1632164,-0.4362867,0.1957991,0.1779297,5.399531,1.438266,-1.151737,2.48061
R,0.3522218,1.376299,-0.1607474,-0.3991277,0.2133864,0.1722305,2.592077,1.22683,-0.3975581,2.494946
R,0.343753,1.383725,-0.1555997,-0.6100749,0.534977,0.3708243,-15.19608,23.16654,14.30618,2.508827
R,0.3363237,1.390184,-0.1511766,-0.5379964,0.4676882,0.3203039,5.2196,-4.872747,-3.658462,2.522636
R,0.3294938,1.39577,-0.148665,-0.4902536,0.4009618,0.1802833,3.427018,-4.789683,-10.05081,2.536568
R,0.3230514,1.400987,-0.1460915,-0.4828049,0.3910181,0.192858,0.5582163,-0.7451937,0.9423611,2.549911
R,0.3168679,1.40597,-0.1434667,-0.4485183,0.3614416,0.1903956,2.486999,-2.14535,-0.1786066,2.563698
R,0.3116407,1.40554,-0.1379803,-0.3678649,-0.03025168,0.3861001,5.67592,-27.56511,13.77255,2.577908
R,0.3062729,1.406437,-0.1332084,-0.3895695,0.06505226,0.3463271,-1.575227,6.916765,-2.886554,2.591686
R,0.3018838,1.424961,-0.124677,-0.3141081,1.325723,0.6105523,5.400421,90.22041,18.90938,2.605659
R,0.2971505,1.439911,-0.1175198,-0.3368112,1.063747,0.5092826,-1.615493,-18.64157,-7.206089,2.619713
R,0.298779,1.453547,-0.1100437,0.1159399,0.9708803,0.5322732,32.23411,-6.611743,1.63684,2.633759
R,0.2985417,1.465221,-0.1034605,-0.01711013,0.8418587,0.4747593,-9.59512,-9.304604,-4.147713,2.647625
R,0.2971054,1.475634,-0.09745798,-0.1043247,0.7563903,0.4359988,-6.334933,-6.208099,-2.815416,2.661392
R,0.2430771,1.470229,-0.09291628,-3.876084,-0.3878113,0.3258287,-270.5923,-82.08691,-7.903783,2.675331
R,0.2119254,1.468359,-0.08831339,-2.221495,-0.1333481,0.328243,117.9926,18.14636,0.1721662,2.689354
R,0.1771258,1.452289,-0.09181923,-2.574077,-1.188664,-0.2593214,-26.07992,-78.06002,-43.46119,2.702873
R,0.1498132,1.442486,-0.09312761,-1.946658,-0.6986983,-0.09325296,44.71833,34.92157,11.83628,2.716904
R,0.1260293,1.436211,-0.09302549,-1.59744,-0.4214386,0.006858706,23.45514,18.62208,6.723974,2.731792
R,0.1159096,1.442377,-0.08980776,-0.7549328,0.4600082,0.2400426,62.85095,65.75584,17.39549,2.745197
R,0.1036128,1.447192,-0.0866399,-0.9129247,0.3574235,0.2351842,-11.72943,-7.615957,-0.3606904,2.758667
R,0.08251144,1.444617,-0.08871237,-1.467654,-0.1790511,-0.1441462,-38.58287,-37.31325,-26.38344,2.773045
R,0.06346861,1.443187,-0.08943637,-1.465208,-0.1100216,-0.0557062,0.1881787,5.311321,6.80482,2.786041
R,0.0513553,1.441632,-0.08800009,-0.8369617,-0.1075053,0.09923872,43.40826,0.1738673,10.70582,2.800514
R,0.03794264,1.440784,-0.08635644,-0.9538925,-0.06027876,0.1168945,-8.315985,3.358694,1.255656,2.814575
R,0.02389331,1.44038,-0.08459459,-1.042147,-0.02999434,0.1306903,-6.546525,2.246428,1.02334,2.828056
R,0.01631936,1.435742,-0.08850755,-0.5139698,-0.3146842,-0.2655345,35.84223,-19.31911,-26.8879,2.842793
R,0.006488387,1.432519,-0.09080948,-0.7311007,-0.239734,-0.1711879,-16.1474,5.573824,7.016279,2.856239
R,-0.0001906866,1.430534,-0.09447787,-0.4726996,-0.1404731,-0.2596238,18.28788,7.025013,-6.25889,2.870369
R,-0.008930213,1.429,-0.09686382,-0.6716548,-0.1178998,-0.1833664,-15.29021,1.734818,5.860572,2.883381
R,-0.01892283,1.427745,-0.09845404,-0.6871731,-0.08628181,-0.1093566,-1.067165,2.17431,5.089519,2.897923
R,-0.02302538,1.431197,-0.09598901,-0.2986562,0.251293,0.1794483,28.28308,24.57462,21.02429,2.911659
R,-0.02951141,1.433545,-0.09417304,-0.467108,0.1690762,0.1307816,-12.13149,-5.921055,-3.50486,2.925545
R,-0.03091761,1.435502,-0.09108763,-0.09806477,0.1365057,0.2151695,25.73622,-2.271392,5.885022,2.939884
R,-0.03482002,1.436997,-0.0885957,-0.2859122,0.1095497,0.182573,-13.76273,-1.974948,-2.388204,2.953533
R,-0.02559618,1.419099,-0.09946574,0.6916399,-1.342105,-0.8150794,73.30074,-108.8509,-74.80795,2.966869
R,-0.02119624,1.406506,-0.1071004,0.3087306,-0.8835821,-0.5357015,-26.86761,32.17321,19.60311,2.981121
R,-0.02002926,1.396796,-0.1128133,0.08369822,-0.696409,-0.4097384,-16.13978,13.42443,9.034332,2.995064
R,-0.01729409,1.400641,-0.1109316,0.1919191,0.2697404,0.132032,7.593537,67.79183,38.01441,3.009315
R,-0.01686323,1.401596,-0.1104559,0.03302537,0.0732182,0.03646119,-12.17925,-15.06348,-7.325529,3.022362
R,-0.01595546,1.404802,-0.1073574,0.0640379,0.2262009,0.2185808,2.187769,10.79211,12.84756,3.036537
R,-0.01584906,1.407605,-0.1043689,0.007606908,0.2003596,0.2136395,-4.034101,-1.847323,-0.3532371,3.050526
R,-0.01646939,1.409339,-0.1022406,-0.04428599,0.1237745,0.1519448,-3.704633,-5.46741,-4.404381,3.064533
R,-0.00815108,1.397489,-0.1107212,0.5674204,-0.8083366,-0.578495,41.72655,-63.58245,-49.82576,3.079193
R,-0.002777132,1.388686,-0.1168803,0.3804343,-0.6231518,-0.4360121,-13.23718,13.10966,10.08669,3.093319
R,0.002664026,1.394273,-0.1128096,0.3841549,0.3944082,0.2873934,0.2626793,71.84144,51.07364,3.107483
R,0.006430875,1.397734,-0.1101281,0.3074274,0.2824953,0.2188528,-6.26203,-9.133649,-5.593874,3.119736
R,0.008980746,1.399689,-0.1084619,0.1743891,0.1337317,0.1139539,-9.098667,-10.17414,-7.174176,3.134357
R,0.009521535,1.408592,-0.1054882,0.04180608,0.6882465,0.2298818,-10.24944,42.86721,8.961905,3.147293
R,0.009979115,1.414842,-0.1034131,0.03225381,0.4405418,0.1462654,-0.6733182,-17.46015,-5.893938,3.16148
R,0.01539193,1.408378,-0.1068727,0.3871587,-0.4623806,-0.2474457,25.38504,-64.58273,-28.16071,3.175461
R,0.02112346,1.401755,-0.1104168,0.4107398,-0.474619,-0.2539869,1.689898,-0.8770396,-0.4687575,3.189415
R,0.02742286,1.40401,-0.1108178,0.4672755,0.1672591,-0.02974454,4.193687,47.61304,16.63378,3.202896
R,0.03213122,1.405395,-0.1112044,0.3260945,0.09593792,-0.02677665,-9.778006,-4.939611,0.205552,3.217335
R,0.03582289,1.406247,-0.1115803,0.2655004,0.06129115,-0.02703404,-4.357851,-2.491754,-0.01851115,3.231239
R,0.05165084,1.414032,-0.1128994,1.179086,0.579941,-0.09826289,68.05651,38.63625,-5.306115,3.244663
R,0.06405218,1.419743,-0.1139782,0.8824475,0.4063348,-0.07676566,-21.10801,-12.35337,1.529688,3.258717
R,0.07434441,1.410507,-0.1172951,0.7208247,-0.6468324,-0.2323003,-11.31938,-73.75941,-10.89299,3.272995
R,0.08303239,1.404116,-0.1198653,0.6446368,-0.4742163,-0.1907031,-5.653044,12.80789,3.08646,3.286472
R,0.09071629,1.399474,-0.1219677,0.5278535,-0.3188384,-0.1444258,-8.022545,10.67384,3.179063,3.301029
R,0.1019426,1.406918,-0.1247685,0.827127,0.548456,-0.2063621,22.04968,63.89995,-4.563302,3.314602
R,0.1117227,1.412103,-0.1271139,0.6768181,0.3587645,-0.1623089,-10.40195,-13.12737,3.048648,3.329052
R,0.1228162,1.412994,-0.1302716,0.8289919,0.0666245,-0.2359662,11.37156,-21.83089,-5.504226,3.342434
R,0.1327069,1.413659,-0.1329507,0.7182171,0.04828601,-0.1945475,-8.044031,-1.331669,3.007668,3.356205
R,0.1482112,1.415819,-0.1352789,1.098773,0.1530397,-0.1649918,26.96954,7.423776,2.094577,3.370316
R,0.1616884,1.417497,-0.1374352,0.9781263,0.1218421,-0.1564955,-8.756004,-2.264189,0.6166273,3.384094
R,0.173711,1.41886,-0.139485,0.8557276,0.0970167,-0.1458984,-8.711946,-1.766993,0.7542679,3.398144
R,0.185152,1.418509,-0.145353,0.8287305,-0.02543002,-0.4250516,-1.955543,-8.869487,-20.2206,3.411949
R,0.1959608,1.418446,-0.1500886,0.7921344,-0.00462154,-0.3470556,-2.681983,1.52497,5.716013,3.425594
R,0.2066836,1.416648,-0.1554415,0.7278399,-0.1220465,-0.3633429,-4.364165,-7.970549,-1.105548,3.440327
R,0.2170806,1.415487,-0.1599968,0.777832,-0.08690068,-0.3407969,3.740047,2.62936,1.686733,3.453693
R,0.2272581,1.414729,-0.1640657,0.7339645,-0.05465956,-0.2934341,-3.163579,2.325121,3.415649,3.46756
R,0.2393098,1.408826,-0.1683995,0.857105,-0.4197724,-0.3082123,8.757609,-25.9664,-1.051008,3.481621
R,0.2507701,1.404599,-0.1723838,0.8102077,-0.2988639,-0.2816777,-3.315496,8.547853,1.87591,3.495766
R,0.2628694,1.402618,-0.175865,0.8781168,-0.1437915,-0.2526539,4.928563,11.25451,2.106425,3.509544
R,0.2744454,1.400945,-0.179292,0.8657855,-0.1251248,-0.2563057,-0.9222762,1.396109,-0.2731232,3.522915
R,0.2875087,1.397913,-0.1810568,0.9127028,-0.2118287,-0.123304,3.27801,-6.057809,9.292536,3.537228
R,0.2999143,1.395418,-0.1832387,0.8770374,-0.1763754,-0.1542579,-2.521432,2.506437,-2.188341,3.551373
R,0.3118334,1.393264,-0.1856783,0.8858826,-0.1601308,-0.1813211,0.6574151,1.20738,-2.011471,3.564827
R,0.3184131,1.38915,-0.187412,0.4567913,-0.2855535,-0.1203572,-29.78912,-8.707312,4.232342,3.579231
R,0.3261093,1.385769,-0.1894872,0.5807427,-0.2551364,-0.1565941,9.353229,2.29524,-2.734392,3.592484
R,0.3352208,1.383174,-0.1895925,0.6474782,-0.1844419,-0.007484244,4.742291,5.023618,10.59589,3.606556
R,0.344687,1.380771,-0.1904176,0.6470685,-0.1642601,-0.0563977,-0.02800277,1.379542,-3.343512,3.621185
R,0.3543485,1.378487,-0.1917023,0.7311431,-0.1728313,-0.09722322,6.362487,-0.6486371,-3.08954,3.634399
R,0.3620917,1.3768,-0.2044664,0.564634,-0.1230355,-0.9307469,-12.14169,3.631063,-60.77976,3.648113
R,0.3704423,1.375014,-0.2140987,0.596631,-0.1276063,-0.6882123,2.28613,-0.3265786,17.3287,3.662109
R,0.3649072,1.369056,-0.2289997,-0.3880675,-0.4176668,-1.04472,-69.03793,-20.33635,-24.99499,3.676373
R,0.3623549,1.365232,-0.2358529,-0.1854386,-0.2778288,-0.4979235,14.72227,10.16012,39.7282,3.690136
R,0.3627149,1.361816,-0.2422123,0.02726362,-0.2587944,-0.4816764,16.11055,1.441705,1.23059,3.703339
R,0.3648928,1.358655,-0.2481672,0.1500867,-0.2178135,-0.410374,8.464071,2.824108,4.913646,3.71785
R,0.3682063,1.355655,-0.2538646,0.2436514,-0.2205908,-0.4189428,6.880064,-0.204224,-0.6300929,3.731449
R,0.3740031,1.349936,-0.2591351,0.4004179,-0.3950593,-0.3640666,10.82883,-12.05161,3.790637,3.745926
R,0.379779,1.345074,-0.2643823,0.4286833,-0.3608703,-0.3894416,2.097849,2.537499,-1.883323,3.759399
R,0.3892022,1.343545,-0.2695413,0.6524696,-0.1058505,-0.3572104,15.49505,17.65766,2.231703,3.773842
R,0.3976824,1.341575,-0.2747077,0.6434221,-0.1494935,-0.3919953,-0.6864689,-3.311359,-2.639266,3.787022
R,0.4054832,1.339325,-0.2798861,0.5526858,-0.1594003,-0.3668898,-6.428645,-0.7018982,1.77872,3.801136
R,0.4124838,1.337721,-0.2890906,0.5079336,-0.1163766,-0.6678379,-3.247029,3.121619,-21.83552,3.814919
R,0.4215336,1.33581,-0.2985408,0.6355122,-0.1342168,-0.6636272,8.959005,-1.252797,0.2956905,3.829159
R,0.4299611,1.333679,-0.3069063,0.628333,-0.1588631,-0.6237068,-0.5352674,-1.837563,2.976362,3.842571
R,0.4229019,1.319063,-0.3147022,-0.5049198,-1.045447,-0.5576164,-81.05742,-63.41408,4.727204,3.856552
R,0.419399,1.307799,-0.3220655,-0.2460561,-0.7911643,-0.517216,18.18317,17.86137,2.837817,3.870789
R,0.4181505,1.298387,-0.3291654,-0.09248066,-0.6971955,-0.5259055,11.37578,6.960538,-0.6436626,3.884289
R,0.4183146,1.290132,-0.3361066,0.01154791,-0.5806195,-0.4882236,7.317001,8.199549,2.650414,3.898506
R,0.4274625,1.290747,-0.3440746,0.6555623,0.04409855,-0.571013,46.15213,44.76929,-5.932955,3.91246
R,0.4347393,1.290463,-0.3465042,0.5396261,-0.02108381,-0.1801671,-8.597449,-4.83371,28.98385,3.925945
R,0.4409855,1.288815,-0.3500673,0.4357122,-0.1149548,-0.2485531,-7.248644,-6.548086,-4.770351,3.940281
R,0.4466001,1.286315,-0.3543223,0.4097517,-0.1824715,-0.3105273,-1.894592,-4.927366,-4.522875,3.953983
R,0.4497575,1.283009,-0.3593268,0.2191969,-0.229517,-0.3474307,-13.22903,-3.266077,-2.561975,3.968388
R,0.4531944,1.27945,-0.3645079,0.255957,-0.2650036,-0.3858509,2.737628,-2.64278,-2.861257,3.981815
R,0.4547197,1.273504,-0.3664523,0.1083587,-0.4224086,-0.138133,-10.48564,-11.18232,17.59831,3.995892
R,0.4569049,1.268066,-0.3693494,0.1537444,-0.3826489,-0.2038274,3.193122,2.797301,-4.621949,4.010105
R,0.4593573,1.262481,-0.3721712,0.1838361,-0.4186088,-0.2115251,2.255755,-2.695643,-0.5770348,4.023445
R,0.4621199,1.257205,-0.3755352,0.187664,-0.3584316,-0.2285222,0.2600273,4.087873,-1.154626,4.038166
R,0.4650772,1.252117,-0.3792373,0.2209319,-0.3801208,-0.2765678,2.485318,-1.620316,-3.589306,4.051552
R,0.4678622,1.246947,-0.38334,0.2068188,-0.3839412,-0.3046742,-1.048064,-0.2837133,-2.087228,4.065018
R,0.4707966,1.241905,-0.3875204,0.2087496,-0.3586414,-0.2973859,0.1373527,1.799777,0.5184744,4.079075
R,0.4727286,1.237065,-0.3909533,0.1381132,-0.3459998,-0.2454088,-5.049608,0.9037169,3.715706,4.093063
R,0.474994,1.23224,-0.3946263,0.1632785,-0.3477798,-0.2647357,1.813839,-0.128293,-1.393024,4.106937
R,0.4774789,1.227425,-0.3984477,0.1745441,-0.3382151,-0.2684239,0.7913213,0.6718415,-0.2590643,4.121174
R,0.4803128,1.222052,-0.4038997,0.2023695,-0.3836744,-0.389329,1.986998,-3.246222,-8.633764,4.135178
R,0.483177,1.216838,-0.4089887,0.2066163,-0.3761523,-0.3671015,0.3063515,0.5426183,1.603409,4.14904
R,0.4870967,1.208883,-0.4110776,0.2909161,-0.5904321,-0.1550379,6.256703,-15.90378,15.7393,4.162514
R,0.4907667,1.201763,-0.4137641,0.2631505,-0.510505,-0.1926286,-1.99086,5.730965,-2.695343,4.17646
R,0.4897855,1.193634,-0.4139879,-0.0683547,-0.5662703,-0.01558763,-23.09383,-3.884808,12.3333,4.190815
R,0.489817,1.186226,-0.4151629,0.002360049,-0.5550157,-0.08802962,5.297927,0.8431873,-5.427331,4.204163
R,0.4905152,1.179241,-0.4169434,0.05010009,-0.5012661,-0.127776,3.425887,3.857147,-2.85225,4.218098
R,0.4921224,1.173681,-0.4185012,0.1144291,-0.3958616,-0.1109069,4.579978,7.504384,1.201008,4.232143
R,0.4938608,1.16797,-0.4204489,0.1265118,-0.4156198,-0.1417485,0.8793401,-1.437947,-2.244567,4.245884
R,0.4942944,1.165202,-0.4221222,0.03060018,-0.1953398,-0.1180771,-6.767871,15.54376,1.670344,4.260056
R,0.4950589,1.161777,-0.4239914,0.05456413,-0.2443762,-0.1334038,1.71032,-3.499751,-1.093879,4.274067
R,0.4961069,1.157672,-0.4261299,0.07695203,-0.3014531,-0.1570269,1.643937,-4.191138,-1.734634,4.287685
R,0.4959485,1.150529,-0.4295602,-0.01127741,-0.5085721,-0.2442223,-6.281591,-14.74606,-6.207974,4.301731
R,0.4962513,1.143938,-0.4327339,0.02105645,-0.4582725,-0.2206855,2.24831,3.49754,1.636613,4.316113
R,0.5005296,1.137935,-0.4386814,0.2345793,-0.3291675,-0.326102,11.70754,7.078875,-5.780026,4.334351
R,0.504071,1.132073,-0.4437361,0.145215,-0.2403703,-0.2072665,-3.664369,3.641116,4.872833,4.358738
R,0.5090135,1.131266,-0.4507653,0.3872207,-0.06324716,-0.5507042,18.96006,13.8768,-26.90679,4.371502
R,0.5115169,1.129157,-0.4543416,0.1840341,-0.1550319,-0.2629018,-14.93667,-6.747285,21.15694,4.385105
R,0.5144711,1.12718,-0.4559282,0.2106082,-0.1409352,-0.1131187,1.894542,1.004994,10.67847,4.399132
R,0.5173008,1.124654,-0.457954,0.192279,-0.1716158,-0.1376482,-1.245432,-2.084689,-1.666736,4.413849
R,0.5185819,1.120962,-0.4568082,0.1021017,-0.2942669,0.09132715,-7.187426,-9.77569,18.25008,4.426395
R,0.5201418,1.116958,-0.4564481,0.1081518,-0.2776382,0.02496446,0.4194632,1.152899,-4.601053,4.440819
R,0.5219067,1.112793,-0.4567263,0.1290174,-0.3044566,-0.02033298,1.525317,-1.960478,-3.311336,4.454498
R,0.5225027,1.110551,-0.4578609,0.04311534,-0.1621568,-0.08207221,-6.213768,10.29333,-4.465941,4.468323
R,0.5233616,1.107991,-0.4591698,0.06274822,-0.1870297,-0.09563345,1.434404,-1.817246,-0.9908016,4.48201
R,0.5232918,1.10712,-0.4606079,-0.005079643,-0.0633936,-0.1046619,-4.936332,8.997907,-0.6570671,4.49575
R,0.5234878,1.105802,-0.4621839,0.01404115,-0.09439891,-0.1128757,1.369509,-2.220726,-0.5883042,4.509712
R,0.5239356,1.103992,-0.4639962,0.03270845,-0.1322182,-0.1323771,1.363477,-2.76236,-1.424406,4.523403
R,0.523613,1.102625,-0.4641587,-0.02259821,-0.09576263,-0.01137844,-3.874481,2.55388,8.476506,4.537678
R,0.5231616,1.103561,-0.4635727,-0.03283244,0.06809274,0.04261758,-0.7444071,11.91834,3.927506,4.551426
R,0.5231993,1.103158,-0.4638605,0.00272489,-0.02916322,-0.02081178,2.572059,-7.035062,-4.588197,4.56525
R,0.5234295,1.101671,-0.4648971,0.01666034,-0.1076408,-0.07502761,1.008585,-5.679853,-3.923897,4.579067
R,0.5245332,1.098602,-0.4651651,0.07930715,-0.2205404,-0.01925927,4.501778,-8.112923,4.007493,4.592983
R,0.5257945,1.095207,-0.4656095,0.091392,-0.2459577,-0.03219579,0.8756133,-1.841627,-0.9373223,4.606785
R,0.5270317,1.091959,-0.4661627,0.08305058,-0.2180778,-0.03713989,-0.5599622,1.87159,-0.3318987,4.621681
R,0.5278091,1.087161,-0.4656042,0.05423014,-0.3346694,0.03895647,-2.010406,-8.132994,5.308197,4.636017
R,0.5286079,1.082956,-0.465333,0.06286588,-0.3309348,0.02134776,0.679618,0.2939057,-1.385776,4.648724
R,0.5307292,1.080276,-0.4665884,0.1578466,-0.1994039,-0.09341515,7.067453,9.787122,-8.539429,4.662163
R,0.5325677,1.077693,-0.4676852,0.1317489,-0.185108,-0.07859699,-1.870248,1.024493,1.061916,4.676117
R,0.5342218,1.075149,-0.4686795,0.120581,-0.1854317,-0.07248288,-0.814124,-0.02360153,0.4457112,4.689835
R,0.536756,1.070106,-0.4683701,0.1856702,-0.3694627,0.02266455,4.768795,-13.48312,6.971025,4.703484
R,0.5390244,1.065568,-0.4682904,0.1569842,-0.3140509,0.005517011,-1.985181,3.834704,-1.186675,4.717934
R,0.5394976,1.063337,-0.4698766,0.0317743,-0.1498223,-0.1065094,-8.407538,11.02755,-7.522295,4.732826
R,0.5400987,1.061097,-0.4711902,0.0472593,-0.176121,-0.1032825,1.217546,-2.067803,0.2537217,4.745544
R,0.5391775,1.059889,-0.4711677,-0.05880876,-0.07710515,0.001432736,-6.771822,6.321582,6.685451,4.761208
R,0.5380521,1.056857,-0.471361,-0.08185783,-0.2206056,-0.01406207,-1.67652,-10.43779,-1.127045,4.774956
R,0.5376482,1.054728,-0.4715909,-0.03069293,-0.1617663,-0.0174683,3.887702,4.47083,-0.2588183,4.788116
R,0.5375332,1.054517,-0.4716848,-0.008381709,-0.01538167,-0.006839196,1.626461,10.67126,0.7748485,4.801834
R,0.5365,1.052855,-0.4725571,-0.0767742,-0.1234765,-0.06481851,-5.081826,-8.03186,-4.308086,4.815292
R,0.5349218,1.052183,-0.4737051,-0.1151414,-0.04903632,-0.08375879,-2.799259,5.431127,-1.381876,4.828999
R,0.5335771,1.051274,-0.474798,-0.0983033,-0.06643021,-0.07988968,1.230902,-1.271529,0.2828398,4.842678
R,0.5324305,1.050185,-0.4758356,-0.08305558,-0.07890647,-0.07515889,1.104476,-0.9037237,0.3426771,4.856483
R,0.5283625,1.048837,-0.4762094,-0.2951538,-0.09775463,-0.02712644,-15.38895,-1.367543,3.485032,4.870266
R,0.5248358,1.047322,-0.4766485,-0.2597684,-0.1116097,-0.03234098,2.606372,-1.020514,-0.3840862,4.883842
R,0.523321,1.046268,-0.4785829,-0.1058352,-0.0736274,-0.135155,10.75497,2.653737,-7.18339,4.898155
R,0.5220143,1.045166,-0.4802048,-0.0874067,-0.07375925,-0.1084879,1.232693,-0.008819712,1.783777,4.913105
R,0.5219743,1.045095,-0.4811105,-0.00279614,-0.004941239,-0.06341396,5.924185,4.818437,3.155946,4.927387
R,0.5218733,1.044902,-0.4818997,-0.00796283,-0.01523038,-0.06219934,-0.4072209,-0.8109552,0.09573249,4.940075
R,0.5217094,1.044591,-0.4827212,-0.01154654,-0.0219254,-0.0578923,-0.2525397,-0.4717902,0.3035117,4.954266
R,0.5223153,1.042024,-0.4876963,0.04687961,-0.1985961,-0.3849432,4.52068,-13.66977,-25.30532,4.96719
R,0.5227448,1.039452,-0.4923554,0.0301011,-0.180264,-0.3265667,-1.176039,1.284934,4.091726,4.981457
R,0.5228383,1.039519,-0.4925097,0.006954787,0.004955674,-0.01147385,-1.721324,13.77425,23.43254,4.994904
R,0.5228601,1.039468,-0.4926809,0.001611963,-0.003753886,-0.01268593,-0.3958704,-0.6453248,-0.08980766,5.0084
R,0.5228607,1.03938,-0.4928545,4.730939E-05,-0.006330856,-0.01252839,-0.1128997,-0.1859447,0.01136763,5.022259
R,0.5230305,1.039294,-0.4927361,0.01215847,-0.006215847,0.008480618,0.8674503,0.008237411,1.50475,5.036221
R,0.5232012,1.039168,-0.4926477,0.01214712,-0.008949172,0.006291989,-0.0008074401,-0.1944964,-0.1557372,5.050274
R,0.5232466,1.038711,-0.4922874,0.003333858,-0.03346966,0.02641307,-0.6460695,-1.797511,1.475006,5.063915
R,0.5232933,1.037943,-0.4918013,0.003267045,-0.05381852,0.03407002,-0.004683012,-1.426292,0.536691,5.078182
R,0.5233238,1.037003,-0.4913214,0.00226047,-0.06952376,0.03548232,-0.0744128,-1.161036,0.1044068,5.091709
R,0.5235762,1.036956,-0.4903791,0.0180115,-0.00332664,0.06725173,1.12416,4.724524,2.2674,5.105721
R,0.5238152,1.036859,-0.4894786,0.01727495,-0.007030604,0.06508262,-0.05323477,-0.2677066,-0.156774,5.119556
R,0.5246966,1.036325,-0.4881146,0.06480978,-0.03925316,0.100298,3.495363,-2.369411,2.589484,5.133156
R,0.525544,1.035739,-0.486834,0.06040137,-0.04177712,0.09126903,-0.314203,-0.1798917,-0.6435292,5.147186
R,0.5255909,1.035905,-0.486601,0.003284635,0.0116592,0.0163396,-4.004496,3.746459,-5.253357,5.161449
R,0.5256117,1.035982,-0.4864878,0.001397162,0.00513227,0.007602325,-0.1267716,-0.4383796,-0.5868366,5.176338
R,0.525633,1.036047,-0.4863753,0.001766819,0.005409034,0.009315283,0.03060749,0.02291594,0.1418325,5.188416
R,0.5257591,1.036058,-0.4863281,0.008621674,0.0007419123,0.003226503,0.4688127,-0.3191907,-0.4164198,5.203037
R,0.5258918,1.036057,-0.4862843,0.009858631,-6.200397E-05,0.003255208,0.09191064,-0.05973408,0.002132874,5.216496
R,0.5256678,1.036606,-0.4854485,-0.01499058,0.03673232,0.05595234,-1.66345,2.463077,3.52764,5.231434
R,0.5252987,1.03746,-0.4841188,-0.02940786,0.06802644,0.1059139,-1.148405,2.492728,3.979675,5.243988
R,0.5249022,1.038332,-0.4827306,-0.02728735,0.06001411,0.09554263,0.1459383,-0.5514266,-0.713771,5.258518
R,0.5241675,1.04065,-0.4820957,-0.05339444,0.1684745,0.04613858,-1.897371,7.882517,-3.590511,5.272278
R,0.5234725,1.042791,-0.4814953,-0.0506455,0.1560502,0.04375608,0.2003384,-0.9054659,-0.1736332,5.285999
R,0.520568,1.04545,-0.4793689,-0.210512,0.1926925,0.154116,-11.58641,2.655671,7.998392,5.299797
R,0.5181136,1.047725,-0.477546,-0.1768042,0.1638929,0.131314,2.428218,-2.074647,-1.642596,5.313679
R,0.5169986,1.056961,-0.4770856,-0.08128389,0.6733089,0.03356594,6.963317,37.1358,-7.125712,5.327396
R,0.5160224,1.064077,-0.4766261,-0.06923871,0.5046841,0.03259013,0.8543215,-11.95995,-0.06921069,5.341496
R,0.5151297,1.069734,-0.4761581,-0.06210191,0.3935692,0.03255416,0.4965149,-7.730388,-0.00250283,5.355869
R,0.5134895,1.076934,-0.4748573,-0.1218431,0.5348452,0.09663016,-4.437744,10.49438,4.759745,5.369331
R,0.5120946,1.082957,-0.4737701,-0.09660667,0.4171153,0.07530136,1.747843,-8.153818,-1.477204,5.38377
R,0.5096844,1.093924,-0.4686522,-0.1685732,0.7670674,0.3579555,-5.033513,24.47648,19.7695,5.398067
R,0.5076798,1.103016,-0.4646743,-0.1533859,0.6957366,0.3043705,1.162077,-5.45795,-4.10011,5.411137
R,0.5059312,1.110825,-0.4614604,-0.1265224,0.5649755,0.2325442,1.943721,-9.461289,-5.197027,5.424957
R,0.4958518,1.122931,-0.4531879,-0.7001172,0.8409347,0.5746141,-39.84219,19.16827,23.76035,5.439354
R,0.4882745,1.13328,-0.4466163,-0.5090619,0.6952605,0.4414923,12.83547,-9.78668,-8.94338,5.454239
R,0.4807518,1.146779,-0.4404325,-0.5506907,0.988158,0.4526756,-3.047403,21.44131,0.8186588,5.467899
R,0.4745492,1.158474,-0.4351602,-0.4209103,0.7936028,0.3577814,8.806924,-13.20256,-6.439543,5.482635
R,0.4750112,1.171941,-0.4326161,0.03462023,1.009255,0.1906625,34.13797,16.16124,-12.52407,5.495979
R,0.474443,1.183937,-0.4298947,-0.04131848,0.8722781,0.1978849,-5.522018,-9.960541,0.5251874,5.509731
R,0.4732183,1.194936,-0.4270345,-0.1012128,0.9090183,0.2363798,-4.949851,3.036329,3.181344,5.521832
R,0.4631026,1.205744,-0.4187323,-0.7325298,0.782683,0.6012064,-45.71712,-9.148632,26.41909,5.535641
R,0.4655736,1.198488,-0.4213986,0.1800327,-0.5286965,-0.1942637,66.48771,-95.54482,-57.95657,5.549366
R,0.4577703,1.213535,-0.4097035,-0.5115244,0.9864185,0.7666428,-45.33322,99.3194,62.98972,5.564621
R,0.4514737,1.22663,-0.400213,-0.479271,0.9967062,0.722384,2.455001,0.7830647,-3.368807,5.577759
R,0.4461028,1.238185,-0.3923417,-0.4057524,0.8729197,0.5946438,5.554023,-9.351558,-9.650239,5.590996
R,0.4378397,1.25424,-0.3788878,-0.6010336,1.167826,0.9785959,-14.20416,21.45057,27.9275,5.604744
R,0.4309296,1.268405,-0.3676631,-0.4723456,0.9682692,0.767271,8.796553,-13.64082,-14.44525,5.619373
R,0.4215705,1.277868,-0.3609928,-0.6916937,0.699341,0.4929694,-16.2111,-19.87537,-20.27249,5.632904
R,0.4136271,1.287306,-0.3545565,-0.5854126,0.6955651,0.4743442,7.832711,-0.2782761,-1.372645,5.646473
R,0.4065347,1.296826,-0.3481932,-0.4887536,0.6560446,0.4385125,6.661031,-2.723465,-2.469257,5.660984
R,0.4081659,1.313349,-0.3452065,0.1127088,1.141638,0.2063641,41.55766,33.55178,-16.04015,5.675457
R,0.4078851,1.328195,-0.3413835,-0.02194486,1.159994,0.2987146,-10.52121,1.434268,7.215838,5.688255
R,0.4015369,1.336445,-0.3329647,-0.4222635,0.54879,0.5599962,-26.62805,-40.65556,17.3797,5.703289
R,0.3957667,1.345249,-0.3251955,-0.3935008,0.6003512,0.5298232,1.96149,3.516251,-2.057667,5.717953
R,0.3894258,1.353468,-0.3136412,-0.4933887,0.6395722,0.8990451,-7.772338,3.05181,28.72938,5.730804
R,0.3835464,1.362222,-0.3034372,-0.4494751,0.6692184,0.7800903,3.357158,2.266427,-9.093983,5.743885
R,0.3779665,1.371354,-0.2941355,-0.3869709,0.6332837,0.6450769,4.334681,-2.49208,-9.363219,5.758305
R,0.3703258,1.379615,-0.2823187,-0.5556042,0.6007108,0.8592753,-12.26247,-2.368598,15.57582,5.772057
R,0.3634235,1.388284,-0.2716281,-0.5037279,0.6327081,0.7801973,3.785931,2.335159,-5.77111,5.785759
R,0.3540468,1.393919,-0.2581507,-0.6432993,0.3865807,0.9246373,-9.575455,-16.88584,9.909464,5.800335
R,0.3457745,1.400552,-0.2460046,-0.6094826,0.4886787,0.8948914,2.491529,7.522307,-2.191597,5.813908
R,0.3381426,1.407861,-0.2347912,-0.5675598,0.5435904,0.8339096,3.117673,4.083626,-4.53504,5.827354
R,0.3226409,1.409106,-0.2258648,-1.04224,0.08368332,0.6001509,-31.91451,-30.92123,-15.71645,5.842228
R,0.3099166,1.412309,-0.2168606,-0.9632093,0.2424469,0.6816028,5.982539,12.01817,6.165793,5.855438
R,0.2989479,1.418172,-0.2057138,-0.7817746,0.4179241,0.7944716,12.93148,12.50688,8.044551,5.869469
R,0.2888675,1.424505,-0.195003,-0.7243738,0.4550267,0.769679,4.124803,2.666178,-1.781584,5.883385
R,0.2708644,1.419053,-0.1832162,-1.27655,-0.3865634,0.8357653,-39.1533,-59.67482,4.685996,5.897488
R,0.2557382,1.416917,-0.1719767,-1.05881,-0.1494993,0.7867458,15.2415,16.59411,-3.431283,5.911774
R,0.2421456,1.416888,-0.1611048,-1.04036,-0.002217153,0.832119,1.412071,11.27274,3.472792,5.924839
R,0.2281766,1.41994,-0.146821,-0.9700352,0.2119122,0.9918967,4.883535,14.8696,11.0953,5.93924
R,0.2152207,1.42335,-0.1335587,-0.9494885,0.2498952,0.9719431,1.505788,2.783617,-1.46232,5.952885
R,0.2024982,1.42061,-0.1268212,-0.9282252,-0.1998591,0.4915667,1.551359,-32.81391,-35.04809,5.966591
R,0.1902497,1.419666,-0.1191316,-0.8474202,-0.06534541,0.5320109,5.590542,9.306402,2.798149,5.981045
R,0.1782717,1.419872,-0.1107244,-0.8920332,0.01537642,0.626102,-3.322457,6.011574,7.007222,5.994473
R,0.1686978,1.423091,-0.1019978,-0.6946422,0.2335576,0.6331677,14.32186,15.83031,0.5126583,6.008255
R,0.1585768,1.426149,-0.0929558,-0.6808222,0.2057191,0.6082388,0.9296454,-1.872644,-1.676919,6.023121
R,0.1332462,1.405394,-0.09207149,-1.981577,-1.623685,0.06917828,-101.7562,-143.1117,-42.16994,6.035904
R,0.1124538,1.391533,-0.08892939,-1.457766,-0.9717839,0.2202946,36.72478,45.70527,10.59488,6.050167
R,0.0939767,1.381444,-0.08427001,-1.356391,-0.7406189,0.3420413,7.441875,16.96962,8.93732,6.063789
R,0.0880902,1.390074,-0.0805081,-0.4118258,0.603733,0.2631871,66.08275,94.05225,-5.516724,6.078083
R,0.07965522,1.395767,-0.07567407,-0.608302,0.4105571,0.3486137,-14.1692,-13.9312,6.160682,6.091949
R,0.06632763,1.393007,-0.06981857,-1.000787,-0.2072024,0.4396976,-29.47225,-46.38841,6.839614,6.105267
R,0.05320863,1.390754,-0.06361744,-0.9033534,-0.1551911,0.4270002,6.709134,3.58142,-0.8743228,6.119789
R,0.04104999,1.379887,-0.06305256,-0.8663535,-0.7743018,0.04024956,2.636399,-44.1142,-27.55759,6.133823
R,0.02864827,1.371766,-0.06086133,-0.9658458,-0.6324829,0.170653,-7.748464,11.04485,10.15582,6.146664
R,0.01611328,1.365255,-0.05759292,-0.8254136,-0.4287082,0.2152213,9.247288,13.41832,2.934767,6.16185
R,0.01295532,1.364622,-0.05200051,-0.245505,-0.04925675,0.4347615,45.08291,29.49909,17.06736,6.174713
R,0.007037143,1.363272,-0.0464233,-0.4151495,-0.0946615,0.3912318,-11.90026,-3.185064,-3.053529,6.188969
R,-0.003260619,1.3524,-0.04574822,-0.7494437,-0.7912618,0.04913042,-24.32905,-50.69672,-24.89723,6.202709
R,-0.01378958,1.343803,-0.04383344,-0.7334852,-0.5988739,0.1333902,1.111725,13.40243,5.869835,6.217064
R,-0.02447945,1.336541,-0.04109124,-0.7825428,-0.5315816,0.2007402,-3.591215,4.926073,4.930297,6.230724
R,-0.02972243,1.335878,-0.03709809,-0.3829519,-0.04844664,0.291664,29.1865,35.28864,6.641166,6.244415
R,-0.03663228,1.334128,-0.03297706,-0.4885049,-0.1237527,0.291344,-7.462261,-5.323903,-0.02262212,6.25856
R,-0.03814583,1.337134,-0.02788958,-0.1074089,0.2133527,0.3610315,27.0444,23.92262,4.945357,6.272652
R,-0.04202597,1.338286,-0.02299038,-0.2708081,0.0803714,0.3419318,-11.40418,-9.281219,-1.333032,6.28698
R,-0.04493375,1.326747,-0.02257885,-0.2150234,-0.8532705,0.03043211,4.125144,-69.04051,-23.03464,6.300503
R,-0.04941399,1.317634,-0.02112838,-0.3401297,-0.6918079,0.1101163,-9.49779,12.25788,6.049441,6.313675
R,-0.05487012,1.309965,-0.0189861,-0.3724719,-0.5235514,0.1462465,-2.207894,11.48631,2.466489,6.328323
R,-0.05509381,1.308835,-0.02026219,-0.01639271,-0.08283827,-0.09351985,26.09562,32.2981,-17.57151,6.341969
R,-0.05682147,1.307084,-0.0203315,-0.1289571,-0.1306414,-0.005173251,-8.402076,-3.568136,6.594399,6.355366
R,-0.05624448,1.304928,-0.0237199,0.04101298,-0.1532758,-0.2408487,12.08152,-1.608863,-16.75187,6.369434
R,-0.05704239,1.302074,-0.02620981,-0.05378426,-0.1923856,-0.1678359,-6.389953,-2.636252,4.921539,6.38427
R,-0.05895618,1.298803,-0.02780865,-0.1483408,-0.2535574,-0.1239289,-7.329219,-4.741526,3.403302,6.397171
R,-0.04785194,1.312799,-0.009498297,0.8008001,1.009354,1.320482,68.44885,91.0769,104.166,6.411037
R,-0.04083655,1.322265,0.004605438,0.5077424,0.6851187,1.020765,-21.21019,-23.46665,-21.69216,6.424854
R,-0.0409729,1.321242,-0.0002106039,-0.009692012,-0.07271048,-0.3423255,-36.77937,-53.8667,-96.88879,6.438923
R,-0.04114686,1.320965,-0.0009123152,-0.01245944,-0.01985997,-0.0502594,-0.1982146,3.785367,20.91895,6.452885
R,-0.04199064,1.311833,-0.01585579,-0.06113664,-0.6616225,-1.082737,-3.526931,-46.49922,-74.80871,6.466686
R,-0.04306756,1.30501,-0.02572723,-0.07642355,-0.4842143,-0.7005242,-1.084832,12.58974,27.12368,6.480778
R,-0.0442877,1.299565,-0.03273253,-0.08956946,-0.3997042,-0.5142534,-0.9650297,6.20381,13.67397,6.4944
R,-0.04290977,1.304828,-0.02308145,0.09820985,0.3750765,0.6878668,13.38369,55.22134,85.67934,6.50843
R,-0.0414166,1.311373,-0.01005995,0.1080099,0.4734409,0.9419167,0.708889,7.115247,18.37684,6.522255
R,-0.02941845,1.322079,0.009539626,0.8512156,0.7595653,1.390504,52.72718,20.29926,31.8253,6.53635
R,-0.02069299,1.329717,0.02445513,0.6175293,0.5405811,1.055618,-16.53873,-15.49822,-23.70095,6.55048
R,-0.01424713,1.335292,0.03610444,0.4793595,0.4146099,0.8663252,-10.27529,-9.36811,-14.07717,6.563927
R,-0.015142,1.353233,0.06631899,-0.06340121,1.271081,2.140693,-38.45444,60.68075,90.28861,6.578041
R,-0.01533047,1.367006,0.09042837,-0.01374701,1.004582,1.758523,3.621745,-19.43825,-27.87524,6.591751
R,-0.007008925,1.386866,0.101978,0.6078137,1.450587,0.843596,45.39939,32.57661,-66.82713,6.605442
R,-0.0004265918,1.402729,0.1125725,0.4546822,1.095759,0.7318239,-10.57773,-24.51013,-7.720788,6.619919
R,0.004950989,1.415805,0.1228317,0.3911488,0.9511133,0.7462282,-4.621226,-10.5211,1.047725,6.633667
R,0.03900588,1.414376,0.083135,2.490872,-0.1045358,-2.903532,153.5797,-77.2132,-266.9539,6.647339
R,0.06556455,1.415253,0.06105934,1.888822,0.06238979,-1.569995,-42.81708,11.87155,94.83958,6.6614
R,0.07966296,1.397084,-0.0240004,1.000762,-1.28972,-6.037883,-63.03805,-95.97822,-317.1487,6.675488
R,0.09175183,1.386097,-0.04755864,0.8548755,-0.776917,-1.665943,-10.31651,36.26338,309.1659,6.689629
R,0.09057269,1.366963,-0.0817297,-0.08925889,-1.44841,-2.586699,-71.46958,-50.83104,-69.69991,6.702839
R,0.09191988,1.354098,-0.1081183,0.09196778,-0.8782471,-1.801463,12.37174,38.92312,53.60546,6.717487
R,0.09500092,1.344665,-0.130502,0.2137845,-0.6545874,-1.553138,8.452492,15.51907,17.23053,6.731899
R,0.107995,1.335941,-0.1171936,1.035353,-0.6950703,1.0604,65.46176,-3.225636,208.2442,6.74445
R,0.1194015,1.328992,-0.1114757,0.8031561,-0.4893063,0.4026129,-16.34943,14.48826,-46.31615,6.758652
R,0.1237764,1.345341,-0.084629,0.3071386,1.147772,1.884759,-34.82272,114.9305,104.0535,6.772896
R,0.1289034,1.356727,-0.06682945,0.395064,0.8773699,1.371559,6.775169,-20.83607,-39.54506,6.785873
R,0.1346147,1.364606,-0.05557391,0.4036623,0.5568634,0.7955167,0.6077089,-22.6527,-40.71344,6.800022
R,0.1516905,1.378365,-0.04680187,1.230775,0.9916999,0.6322626,59.61578,31.34171,-11.76686,6.813896
R,0.1662347,1.388753,-0.04092522,1.054678,0.7533109,0.4261489,-12.7698,-17.28693,-14.94646,6.827686
R,0.1753127,1.391698,-0.04747342,0.6390337,0.2073292,-0.4609485,-29.25848,-38.43336,-62.44556,6.841892
R,0.1841197,1.394534,-0.0522665,0.6278779,0.2021859,-0.3417121,-0.7953325,-0.3666786,8.500708,6.855919
R,0.1928554,1.397353,-0.06109316,0.6339956,0.2045785,-0.6406026,0.4439974,0.1736454,-21.69223,6.869698
R,0.2015455,1.400202,-0.06775937,0.6324438,0.2073414,-0.4851493,-0.1129364,0.2010775,11.31348,6.883438
R,0.2102092,1.403071,-0.07313334,0.616988,0.2043008,-0.3827096,-1.10069,-0.2165374,7.295292,6.89748
R,0.2196399,1.40198,-0.07786236,0.6763936,-0.07823187,-0.3391747,4.260692,-20.26382,3.122407,6.911423
R,0.2288641,1.401967,-0.08204514,0.628557,-0.000877307,-0.2850248,-3.259707,5.27113,3.689911,6.926098
R,0.2383698,1.402904,-0.08606321,0.7372376,0.07265162,-0.3116309,8.428989,5.702713,-2.063503,6.938992
R,0.2476646,1.40421,-0.08982511,0.6590679,0.09259196,-0.266746,-5.542797,1.413914,3.182661,6.953094
R,0.2568402,1.405744,-0.09342343,0.6356596,0.1062616,-0.249281,-1.621659,0.9469879,1.209925,6.967529
R,0.2627591,1.401715,-0.1004791,0.4444554,-0.3025369,-0.52982,-14.35779,-30.69724,-21.06606,6.980846
R,0.2694423,1.39935,-0.1064606,0.4767219,-0.168665,-0.4266672,2.301628,9.549312,7.358063,6.994865
R,0.2774086,1.397973,-0.1096925,0.5707353,-0.09866938,-0.2315481,6.735456,5.014737,13.97904,7.008823
R,0.2855195,1.397268,-0.1131046,0.5914378,-0.05140821,-0.248808,1.509605,3.44624,-1.25858,7.022537
R,0.2911715,1.395925,-0.1179104,0.3954205,-0.09395016,-0.3362164,-13.71357,-2.976279,-6.115178,7.036831
R,0.297508,1.395124,-0.1224294,0.4708271,-0.05952381,-0.335783,5.603004,2.558011,0.03219777,7.050289
R,0.3043157,1.394664,-0.1267724,0.4931179,-0.03332239,-0.3145864,1.614645,1.897912,1.535386,7.064095
R,0.3109815,1.392241,-0.1287834,0.4680949,-0.1701463,-0.1412162,-1.757199,-9.608244,12.17465,7.078335
R,0.3179408,1.390547,-0.131343,0.5150648,-0.1254235,-0.1894355,3.476245,3.309945,-3.568716,7.091846
R,0.321283,1.386261,-0.134378,0.241623,-0.3098197,-0.2194211,-19.76865,-13.33104,-2.167833,7.105679
R,0.3257229,1.383098,-0.1375896,0.3143102,-0.2239063,-0.2273537,5.145696,6.08201,-0.5615612,7.119804
R,0.3309007,1.380631,-0.1409111,0.3654647,-0.1741216,-0.2344423,3.610622,3.513938,-0.5003355,7.133972
R,0.3389848,1.376675,-0.1419021,0.5847648,-0.2861738,-0.07168141,15.86319,-8.105355,11.7734,7.147797
R,0.3467216,1.373527,-0.1435993,0.5481504,-0.2230405,-0.1202513,-2.594122,4.472972,-3.441161,7.161911
R,0.352607,1.37018,-0.1456177,0.4303565,-0.2447263,-0.1475887,-8.613374,-1.585715,-1.99898,7.175587
R,0.3587336,1.367338,-0.1479483,0.4352473,-0.2019055,-0.1655668,0.3474488,3.042064,-1.277193,7.189663
R,0.3632625,1.36397,-0.1479491,0.3411526,-0.2536997,-6.28592E-05,-7.088037,-3.901594,12.4672,7.202938
R,0.3683526,1.361025,-0.1487419,0.358117,-0.2072346,-0.05577781,1.193534,3.269067,-3.919844,7.217152
R,0.3738237,1.358343,-0.1500411,0.3897333,-0.1910241,-0.09254628,2.252187,1.154753,-2.619194,7.23119
R,0.3815543,1.357012,-0.1509046,0.5724642,-0.09860522,-0.06394222,13.53158,6.843801,2.118187,7.244694
R,0.3860121,1.356924,-0.1533829,0.3168659,-0.006194076,-0.1761647,-18.16799,6.568608,-7.976801,7.258762
R,0.3908573,1.356324,-0.1557768,0.3320588,-0.04111928,-0.1640605,1.041236,-2.393577,0.8295547,7.273354
R,0.3960746,1.355387,-0.1581552,0.3993248,-0.07177007,-0.1820381,5.148431,-2.345962,-1.37598,7.286419
R,0.401491,1.354242,-0.1605097,0.3809741,-0.080544,-0.1656105,-1.290721,-0.6171272,1.155457,7.300636
R,0.392748,1.344647,-0.1733086,-0.634532,-0.6963074,-0.9288894,-73.70123,-44.68956,-55.39562,7.314415
R,0.3893068,1.341522,-0.1763749,-0.2493328,-0.2264891,-0.2221672,27.9098,34.04092,51.20591,7.328217
R,0.3880426,1.338647,-0.1794902,-0.08772209,-0.1994193,-0.216162,11.21368,1.878288,0.4166784,7.342628
R,0.388945,1.336721,-0.1788685,0.06508124,-0.1389357,0.04483537,11.01966,4.361876,18.82226,7.356495
R,0.3902003,1.334877,-0.1788488,0.08647955,-0.1270286,0.001354098,1.474229,0.8203361,-2.995625,7.37101
R,0.3919472,1.332729,-0.1792804,0.1351247,-0.1661903,-0.03338582,3.762769,-3.029211,-2.687182,7.383938
R,0.3983149,1.329239,-0.1792486,0.4284523,-0.2348162,0.002142622,19.73667,-4.617523,2.390546,7.3988
R,0.4042118,1.325891,-0.1797499,0.4657559,-0.264434,-0.03959565,2.946346,-2.339297,-3.296607,7.411461
R,0.4072507,1.321689,-0.1819282,0.218433,-0.3020119,-0.1565756,-17.77741,-2.701081,-8.408443,7.425373
R,0.4102578,1.318074,-0.1839229,0.2168055,-0.2606573,-0.1438114,-0.1173368,2.981537,0.9202549,7.439243
R,0.4132847,1.314787,-0.185812,0.2162083,-0.2348008,-0.1349349,-0.04265689,1.846905,0.6340451,7.453243
R,0.4170556,1.31346,-0.1854971,0.255827,-0.09002976,0.02136407,2.687842,9.821648,10.60373,7.467983
R,0.4207353,1.311805,-0.1856433,0.2771092,-0.124587,-0.01101179,1.602698,-2.602409,-2.438132,7.481262
R,0.4253808,1.309365,-0.1865551,0.3351977,-0.1760941,-0.06579338,4.191457,-3.716563,-3.95284,7.495121
R,0.4298396,1.306843,-0.1876185,0.3116917,-0.176275,-0.07433438,-1.643194,-0.01264375,-0.5970588,7.509426
R,0.433429,1.306336,-0.1889946,0.273374,-0.0386494,-0.1048048,-2.918291,10.48162,-2.320642,7.522556
R,0.4369588,1.305413,-0.1903454,0.2499472,-0.06530254,-0.09565037,-1.658881,-1.887347,0.6482418,7.536678
R,0.4356308,1.306232,-0.1898413,-0.09587364,0.05910906,0.0363902,-24.96692,8.982031,9.532812,7.550529
R,0.4361377,1.306172,-0.1900792,0.0374085,-0.004425324,-0.01755503,9.836462,-4.688952,-3.981255,7.564079
R,0.4384428,1.305691,-0.1911298,0.1602827,-0.03343004,-0.07305206,8.543959,-2.01682,-3.858943,7.578461
R,0.4406776,1.305565,-0.1935693,0.1646554,-0.009283656,-0.1797358,0.322169,1.779042,-7.860176,7.592033
R,0.4432238,1.305191,-0.1960503,0.1838778,-0.02706612,-0.1791699,1.38817,-1.284178,0.0408682,7.605881
R,0.4458328,1.304632,-0.1983586,0.187485,-0.04016756,-0.16587,0.2592099,-0.9414651,0.955726,7.619797
R,0.4481381,1.303208,-0.1995644,0.1615809,-0.09980782,-0.08452331,-1.815672,-4.180304,5.70175,7.634064
R,0.4504526,1.301843,-0.2007925,0.1625326,-0.09583445,-0.08624096,0.06683633,0.2790238,-0.1206192,7.648304
R,0.4506455,1.302323,-0.2008326,0.01427292,0.0355643,-0.002962221,-10.97273,9.724843,6.163473,7.661816
R,0.4508985,1.30258,-0.2009328,0.01791684,0.01819962,-0.007100258,0.2580309,-1.229618,-0.2930205,7.675938
R,0.4510313,1.302516,-0.2010711,0.009720913,-0.004693607,-0.01011677,-0.5998079,-1.675411,-0.2207597,7.689602
R,0.4512961,1.302383,-0.2013052,0.01975135,-0.00993348,-0.01746363,0.7482696,-0.3908939,-0.5480746,7.703007
R,0.4518057,1.302127,-0.2017185,0.03370829,-0.01693004,-0.02734079,0.9232214,-0.4628075,-0.6533533,7.718124
R,0.4518722,1.302002,-0.2015998,0.005074262,-0.009562246,0.009047547,-2.183315,0.5617868,2.774574,7.731239
R,0.4519834,1.301848,-0.2014957,0.00814676,-0.01127307,0.00763117,0.225234,-0.1254146,-0.1038297,7.744881
R,0.4519315,1.301727,-0.2015069,-0.003507159,-0.008159185,-0.0007578689,-0.788185,0.2106002,-0.5673726,7.759666
R,0.4519091,1.301585,-0.2015415,-0.001459755,-0.009274193,-0.002250698,0.1331798,-0.07252921,-0.09710575,7.77504
R,0.4519158,1.301421,-0.2015975,0.0005193015,-0.01262868,-0.004314108,0.1525876,-0.2586346,-0.1590914,7.78801
R,0.4518638,1.301446,-0.2015697,-0.003890634,0.0019007,0.002083631,-0.330108,1.087604,0.478906,7.801369
R,0.4518326,1.301466,-0.2015545,-0.002313507,0.001448149,0.001121433,0.1168224,-0.03352172,-0.07127281,7.814869
R,0.4518197,1.301733,-0.2015528,-0.000943454,0.01964836,0.0001280558,0.1006307,1.33681,-0.07296379,7.828484
R,0.4518258,1.302011,-0.2015631,0.0004229698,0.01929074,-0.0007173899,0.09506364,-0.02488018,-0.0588186,7.842857
R,0.45186,1.302057,-0.2014826,0.002471411,0.003341141,0.005813628,0.1479709,-1.152133,0.4717738,7.856701
R,0.4519118,1.302093,-0.2014056,0.003927719,0.002739008,0.005838471,0.1104317,-0.0456597,0.001883845,7.869888
R,0.4519801,1.302122,-0.2013327,0.005141694,0.002156412,0.005493234,0.09149977,-0.04391146,-0.02602119,7.883156
R,0.4520354,1.302059,-0.2017554,0.003795811,-0.004311191,-0.02900749,-0.09235997,-0.4438333,-2.36758,7.897728
R,0.4521874,1.301892,-0.202775,0.01098444,-0.0120676,-0.07367179,0.5194203,-0.5604454,-3.227254,7.911568
R,0.4528679,1.300072,-0.2056785,0.05044984,-0.1349247,-0.2152503,2.925797,-9.108104,-10.49603,7.925056
R,0.4535853,1.298225,-0.2085815,0.04530535,-0.1166361,-0.1833312,-0.3248848,1.154966,2.015754,7.940891
R,0.4542255,1.296635,-0.2110491,0.04738451,-0.1176507,-0.1826277,0.1538792,-0.07509385,0.05206936,7.954403
R,0.4556333,1.2942,-0.2140332,0.1061983,-0.183687,-0.2251113,4.436742,-4.981592,-3.204843,7.967659
R,0.4568165,1.292158,-0.2165508,0.08933072,-0.1541979,-0.1900832,-1.27354,2.226501,2.644705,7.980904
R,0.4570246,1.291211,-0.218495,0.01573538,-0.07160107,-0.1469597,-5.563026,6.243442,3.259676,7.994133
R,0.4572579,1.29034,-0.2201815,0.01633902,-0.06098844,-0.118151,0.04228761,0.7434626,2.018179,8.008408
R,0.457521,1.289486,-0.2217622,0.01885938,-0.0612353,-0.1133101,0.1806662,-0.01769562,0.3470111,8.022358
R,0.457405,1.287844,-0.2221256,-0.00843698,-0.1194664,-0.02643413,-1.986005,-4.23673,6.320847,8.036102
R,0.4573521,1.286197,-0.2226354,-0.003703735,-0.1153962,-0.03571786,0.3315852,0.2851385,-0.6503671,8.050377
R,0.4590519,1.283218,-0.2234143,0.1218468,-0.2135288,-0.0558347,8.999814,-7.034424,-1.442031,8.064327
R,0.4606811,1.280327,-0.2243344,0.1168775,-0.2074353,-0.06600429,-0.3565073,0.4371579,-0.7295833,8.078266
R,0.4625748,1.278524,-0.2248242,0.138786,-0.1321027,-0.03590212,1.605587,5.52083,2.206068,8.091911
R,0.4642013,1.276866,-0.2253886,0.115737,-0.1179679,-0.04015994,-1.640109,1.005794,-0.3029759,8.105965
R,0.4656541,1.275293,-0.2260092,0.1024876,-0.1110065,-0.04377502,-0.9346755,0.4910927,-0.2550245,8.12014
R,0.4666922,1.275259,-0.2259732,0.06952406,-0.002219596,0.002405228,-2.207762,7.286108,3.092968,8.135071
R,0.4676388,1.275099,-0.2260316,0.06120884,-0.01036785,-0.003772316,-0.537688,-0.5268906,-0.3994588,8.150536
R,0.4691329,1.274147,-0.2263915,0.05930946,-0.03779433,-0.01428762,-0.07539524,-1.088687,-0.4174023,8.175728
R,0.4721065,1.271814,-0.226846,0.2100512,-0.1647888,-0.03210262,10.64835,-8.970853,-1.258446,8.189884
R,0.4737337,1.270372,-0.2269262,0.1289925,-0.1143219,-0.006356072,-6.425478,4.000483,2.040914,8.202499
R,0.4751699,1.269039,-0.2270721,0.1017229,-0.09440861,-0.01033504,-1.931519,1.41047,-0.281833,8.216618
R,0.4762122,1.267425,-0.2263791,0.0743133,-0.1150734,0.04940338,-1.954112,-1.473255,4.258926,8.230644
R,0.4772789,1.26583,-0.2258173,0.0789433,-0.1180477,0.04158138,0.3426676,-0.2201274,-0.5789077,8.244156
R,0.4779539,1.264771,-0.2261129,0.0461135,-0.07233842,-0.02019502,-2.242934,3.122861,-4.220566,8.258793
R,0.4786497,1.26372,-0.2264092,0.04050219,-0.06116785,-0.01724509,-0.3265918,0.6501547,0.1716932,8.275974
R,0.4794032,1.262616,-0.2267166,0.03095856,-0.04538107,-0.01263164,-0.3921326,0.6486534,0.1895593,8.300312
R,0.4791539,1.26194,-0.22679,-0.01737149,-0.0471159,-0.005113844,-3.367739,-0.1208861,0.5238555,8.314663
R,0.4793111,1.261801,-0.2272172,0.01181053,-0.01037787,-0.03208945,2.191946,2.7595,-2.026216,8.327976
R,0.4796018,1.261593,-0.2278491,0.02001132,-0.01432839,-0.04349806,0.5645455,-0.2719553,-0.7853724,8.342503
R,0.480011,1.261278,-0.2286406,0.03026683,-0.02331405,-0.05854966,0.7585829,-0.6646551,-1.113343,8.356022
R,0.4803721,1.261199,-0.2289005,0.0269117,-0.005891029,-0.01936909,-0.2500787,1.298647,2.920373,8.369438
R,0.4807382,1.261092,-0.2291515,0.02632594,-0.007705362,-0.01804846,-0.0421154,-0.1304488,0.09495209,8.383347
R,0.4811625,1.260904,-0.2298673,0.0301427,-0.01337229,-0.0508543,0.2711493,-0.4025884,-2.330583,8.397423
R,0.4816721,1.260651,-0.230686,0.03641149,-0.01803966,-0.05848941,0.4478945,-0.3334757,-0.5455165,8.411419
R,0.4822278,1.260353,-0.2315388,0.03869107,-0.02073373,-0.05938226,0.1587196,-0.1875791,-0.06216618,8.425781
R,0.4825625,1.260477,-0.2317992,0.02452299,0.009042144,-0.01908133,-1.038321,2.182155,2.953494,8.439426
R,0.4828617,1.260562,-0.2320286,0.02106836,0.005984757,-0.01615486,-0.2432479,-0.2152768,0.2060586,8.453629
R,0.482971,1.260759,-0.2322348,0.008243782,0.01482533,-0.01554189,-0.9666147,0.6663322,0.04620077,8.466896
R,0.4830962,1.260951,-0.2324593,0.009178322,0.01414336,-0.0164587,0.06852696,-0.0500071,-0.0672269,8.480534
R,0.4831516,1.260921,-0.2327271,0.003958447,-0.002207186,-0.0191435,-0.3731549,-1.168857,-0.1919294,8.494522
R,0.4832234,1.26087,-0.2330426,0.005186811,-0.003684573,-0.02278861,0.08870752,-0.106691,-0.2632351,8.508369
R,0.4833165,1.260796,-0.2334192,0.006174522,-0.004884294,-0.02496384,0.06548371,-0.07953963,-0.1442145,8.523453
R,0.4834263,1.26082,-0.2337747,0.004014121,0.0008673291,-0.0129985,-0.07898691,0.2102864,0.4374678,8.550804
R,0.4839984,1.261153,-0.234896,0.04267528,0.02490929,-0.08364978,2.884118,1.793528,-5.270577,8.564209
R,0.484374,1.261348,-0.2355999,0.02712423,0.01404098,-0.05083183,-1.123035,-0.7848659,2.36998,8.578056
R,0.4847266,1.261516,-0.2362483,0.02377097,0.01130593,-0.04370802,-0.2260312,-0.1843603,0.4801915,8.592892
R,0.486005,1.261221,-0.2374168,0.0948825,-0.02188916,-0.08672605,5.277877,-2.463729,-3.192786,8.606365
R,0.4873411,1.260906,-0.2386319,0.1001264,-0.02357597,-0.09105538,0.3929841,-0.1264119,-0.3244449,8.619709
R,0.4875118,1.260849,-0.2390852,0.006073797,-0.002044036,-0.01612753,-3.345817,0.7659748,2.665475,8.64782
R,0.4875489,1.260665,-0.2398598,0.002806279,-0.01388488,-0.05858361,-0.2471322,-0.8955587,-3.211081,8.661041
R,0.487586,1.260556,-0.2403044,0.002645278,-0.007799741,-0.03172207,-0.01148762,0.4341815,1.916601,8.675056
R,0.4876327,1.260445,-0.2407491,0.003307158,-0.007878009,-0.03153317,0.04693209,-0.005549758,0.01339425,8.689159
R,0.4875601,1.259434,-0.2416755,-0.005256545,-0.07321601,-0.06710676,-0.6203159,-4.73279,-2.57679,8.702965
R,0.4874913,1.258272,-0.2427472,-0.004893684,-0.08266868,-0.07627847,0.0258273,-0.67281,-0.6528125,8.717014
R,0.4881399,1.257539,-0.2434014,0.04592745,-0.05192295,-0.04632736,3.598719,2.17715,2.120881,8.731136
R,0.4887471,1.256858,-0.2440161,0.04565808,-0.05121378,-0.04622284,-0.02025681,0.05332855,0.007860123,8.744434
R,0.4893209,1.256212,-0.2446063,0.04013182,-0.04521578,-0.04128243,-0.3865197,0.4195144,0.3455437,8.758732
R,0.4895884,1.256095,-0.2453365,0.01937051,-0.008474869,-0.05286005,-1.503024,2.659876,-0.8381671,8.772545
R,0.4898511,1.255969,-0.2460379,0.01911265,-0.009170253,-0.05104911,-0.01876684,-0.05060821,0.1317953,8.786285
R,0.4907168,1.255315,-0.2466691,0.05922168,-0.04473839,-0.04317467,2.743827,-2.433187,0.5386845,8.800903
R,0.4916396,1.254609,-0.2473503,0.06947336,-0.05308551,-0.05128384,0.7718024,-0.6284171,-0.6105027,8.814186
R,0.4928112,1.25542,-0.2479543,0.08414598,0.05824486,-0.04338292,1.053791,7.995778,0.5674459,8.82811
R,0.4940652,1.256258,-0.2486153,0.08844078,0.059053,-0.04661858,0.3028936,0.05699452,-0.2281969,8.842289
R,0.4953009,1.257044,-0.2492815,0.08941355,0.05691934,-0.04819793,0.07038581,-0.1543823,-0.1142748,8.85611
R,0.4956602,1.256711,-0.2511621,0.02549108,-0.0236786,-0.1334628,-4.536246,-5.719617,-6.050807,8.870201
R,0.4960637,1.256381,-0.2530583,0.0300879,-0.0246196,-0.141376,0.3427271,-0.07015821,-0.5899882,8.883614
R,0.4961936,1.255877,-0.2546864,0.008768435,-0.03399504,-0.1099405,-1.439663,-0.6331057,2.12278,8.898422
R,0.4963569,1.255433,-0.2561806,0.01143608,-0.03109146,-0.1045915,0.186731,0.2032463,0.3744195,8.912708
R,0.4965458,1.255038,-0.2575622,0.01413521,-0.02952826,-0.1033868,0.2019866,0.1169802,0.09015375,8.926071
R,0.4978358,1.253039,-0.2599974,0.09907889,-0.1535489,-0.1870445,6.524312,-9.525718,-6.425536,8.939091
R,0.4990632,1.251213,-0.262322,0.0853469,-0.127006,-0.1616379,-0.9548429,1.845644,1.766625,8.953472
R,0.5004861,1.249876,-0.2643001,0.1054014,-0.09902161,-0.146528,1.485496,2.072882,1.119238,8.966972
R,0.5016984,1.248745,-0.2660365,0.08353871,-0.07791962,-0.1196561,-1.506619,1.454195,1.851813,8.981483
R,0.5018309,1.246865,-0.2679328,0.009773319,-0.1386818,-0.1398732,-5.440955,-4.481832,-1.491218,8.995041
R,0.5020301,1.24519,-0.2697093,0.01414033,-0.1188498,-0.126068,0.3099041,1.40737,0.979682,9.009132
R,0.502282,1.243688,-0.2713751,0.01827096,-0.10896,-0.1208343,0.2996182,0.7173687,0.3796288,9.022919
R,0.5037324,1.241969,-0.2736508,0.1041695,-0.1234589,-0.1634375,6.169258,-1.041319,-3.05977,9.036842
R,0.5050573,1.240355,-0.2758119,0.09538502,-0.1161855,-0.1555934,-0.6324643,0.5236725,0.5647573,9.050732
R,0.5059015,1.238824,-0.2765169,0.05692194,-0.1032343,-0.04753207,-2.59333,0.8732162,7.285914,9.065563
R,0.5066716,1.237441,-0.2772854,0.05918352,-0.1063013,-0.05906671,0.1738084,-0.2357063,-0.8864665,9.078575
R,0.5074247,1.236103,-0.2781352,0.05584335,-0.09923974,-0.06301273,-0.247696,0.5236624,-0.2926234,9.09206
R,0.5072383,1.236101,-0.2780558,-0.01344137,-0.0001203576,0.005721286,-4.996582,7.148158,4.956866,9.105927
R,0.5070699,1.236068,-0.2780152,-0.01222055,-0.00237057,0.00294591,0.08860203,-0.1633111,-0.2014253,9.119705
R,0.5069325,1.236026,-0.2778882,-0.009832275,-0.003062722,0.009090056,0.1709178,-0.04953409,0.4397082,9.133678
R,0.5068097,1.235949,-0.2777901,-0.008810705,-0.005497606,0.007038731,0.07326911,-0.1746348,-0.1471252,9.147621
R,0.5067008,1.23584,-0.2777203,-0.007630717,-0.007622359,0.004889342,0.08272982,-0.148968,-0.1506952,9.161884
R,0.5065619,1.236028,-0.2772982,-0.009963396,0.01349548,0.03028573,-0.1673503,1.515029,1.821979,9.175823
R,0.5063732,1.236288,-0.276676,-0.0137796,0.01895891,0.04543002,-0.2786613,0.3989429,1.105845,9.189518
R,0.5049562,1.237074,-0.2752625,-0.09809051,0.05438837,0.09784914,-5.836176,2.4525,3.628561,9.203964
R,0.5035693,1.237801,-0.2739156,-0.1048637,0.05501875,0.1018374,-0.5121306,0.04766397,0.3015581,9.21719
R,0.5032836,1.237983,-0.2732775,-0.02034518,0.0129041,0.04544663,6.019024,-2.999213,-4.015893,9.231232
R,0.5030961,1.238084,-0.272857,-0.01388987,0.007479161,0.03114404,0.4781639,-0.4018412,-1.059435,9.244732
R,0.502959,1.238144,-0.2725526,-0.009652833,0.004280822,0.02143559,0.2983383,-0.2252015,-0.6835918,9.258934
R,0.5029104,1.238268,-0.2713488,-0.003455733,0.008777137,0.08563221,0.4408501,0.3198594,4.566827,9.272991
R,0.502864,1.238383,-0.2700256,-0.003330198,0.008242134,0.09490851,0.009003579,-0.03837149,0.6653156,9.286934
R,0.5028748,1.239136,-0.2680973,0.0007475879,0.0521742,0.1336159,0.2825713,3.044284,2.682235,9.301365
R,0.5028914,1.239817,-0.2663123,0.001289712,0.05300809,0.1389386,0.04219554,0.06490487,0.4142922,9.314213
R,0.5029109,1.24039,-0.2647683,0.001393799,0.04087061,0.1100762,0.007420685,-0.8653159,-2.05769,9.328239
R,0.502263,1.243724,-0.258132,-0.04599072,0.2366893,0.4710665,-3.363544,13.9,25.62455,9.342327
R,0.5017616,1.246375,-0.2527677,-0.03632877,0.1920778,0.3886751,0.7000614,-3.232352,-5.969707,9.356129
R,0.5001413,1.252094,-0.2410201,-0.1156139,0.4080447,0.8382075,-5.657086,15.40948,32.07463,9.370144
R,0.4989334,1.256482,-0.2318985,-0.08641512,0.3138987,0.6526135,2.089055,-6.735753,-13.27848,9.384121
R,0.4905432,1.260876,-0.2193013,-0.5835662,0.3056679,0.8761629,-34.57818,-0.5724745,15.54846,9.398499
R,0.4843459,1.264499,-0.2090876,-0.4389544,0.2565692,0.7234489,10.24294,-3.477694,-10.81682,9.412617
R,0.4794665,1.267628,-0.2004894,-0.3917616,0.2512347,0.6903403,3.789072,-0.4283021,-2.65826,9.425072
R,0.4712411,1.276574,-0.1870671,-0.5678784,0.6176751,0.9266701,-12.15907,25.29896,16.31616,9.439556
R,0.4647201,1.283788,-0.175678,-0.472353,0.5224941,0.8249722,6.919434,-6.894481,-7.366542,9.453362
R,0.4514624,1.28858,-0.1646376,-0.9735075,0.3519258,0.8106957,-36.79963,-12.52478,-1.048315,9.46698
R,0.4410858,1.292933,-0.1547449,-0.7236445,0.3035548,0.6898943,17.42487,-3.373279,-8.424415,9.481319
R,0.4323439,1.297035,-0.145592,-0.6234018,0.2925054,0.6527125,7.148535,-0.7879552,-2.651519,9.495342
R,0.4246657,1.299873,-0.1344604,-0.5631799,0.2081789,0.8164762,4.417131,-6.185145,12.01166,9.508976
R,0.4176125,1.302904,-0.1242234,-0.5109038,0.2195617,0.7415199,3.786638,0.8245199,-5.429495,9.522781
R,0.411861,1.308474,-0.1158697,-0.4116076,0.3985889,0.5978418,7.106172,12.81215,-10.28238,9.536755
R,0.4060962,1.313515,-0.1075839,-0.4043915,0.3536008,0.5812342,0.5062007,-3.155836,-1.164993,9.55101
R,0.3911536,1.312893,-0.09809186,-1.097229,-0.0456145,0.6969954,-50.87488,-29.31426,8.500306,9.564629
R,0.3788708,1.3134,-0.08890396,-0.899649,0.03712629,0.6729676,14.47179,6.060352,-1.759919,9.578281
R,0.3680315,1.314659,-0.07993514,-0.7704633,0.08950482,0.6375062,9.182548,3.723079,-2.520599,9.59235
R,0.3517429,1.312284,-0.07279085,-1.144762,-0.1669571,0.5020998,-26.30565,-18.02412,-9.516354,9.606579
R,0.3379765,1.311301,-0.06530575,-1.022028,-0.07296976,0.5556992,9.111831,6.977689,3.979259,9.620049
R,0.3251594,1.308803,-0.06101583,-0.9220401,-0.1796789,0.3086106,7.192988,-7.676499,-17.77518,9.633949
R,0.3133414,1.307495,-0.05570711,-0.8555712,-0.09469932,0.3843277,4.812047,6.152138,5.481568,9.647762
R,0.3021147,1.306931,-0.04970961,-0.8089631,-0.04063015,0.432163,3.358447,3.896071,3.44688,9.66164
R,0.2858782,1.303006,-0.04030169,-1.170923,-0.2830983,0.6784675,-26.10332,-17.48599,17.76266,9.675507
R,0.2715582,1.300419,-0.03137997,-1.029594,-0.1859572,0.6414633,10.16144,6.984357,-2.660566,9.689415
R,0.2724158,1.299307,-0.02250126,0.06246093,-0.08099472,0.6467074,79.54308,7.645259,0.3819681,9.703144
R,0.2699634,1.298545,-0.01392881,-0.1724009,-0.05363368,0.6026328,-16.51049,1.923446,-3.098393,9.717369
R,0.2655136,1.297997,-0.0055561,-0.3172381,-0.03905188,0.5969145,-10.32586,1.039579,-0.4076735,9.731396
R,0.2372473,1.292168,-0.005671196,-2.128654,-0.4389633,-0.008667553,-136.4125,-30.11617,-45.60462,9.744675
R,0.215796,1.287935,-0.003653679,-1.501553,-0.296295,0.141223,43.89605,9.986548,10.4921,9.758961
R,0.2014532,1.282922,-1.291472E-05,-1.036925,-0.3623828,0.2632114,33.59057,-4.777856,8.819233,9.772793
R,0.1876746,1.27901,0.004466121,-0.9890375,-0.2808136,0.3215094,3.437427,5.855114,4.184685,9.786724
R,0.1781945,1.276871,0.00967951,-0.6712978,-0.1514975,0.3691677,22.4996,9.157062,3.374751,9.800846
R,0.1679673,1.27486,0.01516052,-0.7539359,-0.1482178,0.4040532,-6.091979,0.2417756,2.571721,9.814411
R,0.1573615,1.272929,0.02080627,-0.7654895,-0.139386,0.407489,-0.8338897,0.6374447,0.2479802,9.828266
R,0.148832,1.270666,0.01905706,-0.6110842,-0.1621515,-0.12532,11.06215,-1.631005,-38.17236,9.842224
R,0.1394703,1.268536,0.01936406,-0.6627365,-0.1507562,0.02173372,-3.656592,0.8067065,10.41028,9.85635
R,0.124253,1.263764,0.01004729,-1.114283,-0.3494675,-0.6822166,-33.0643,-14.55056,-51.54646,9.870007
R,0.1103492,1.259788,0.004613023,-1.004352,-0.2872003,-0.3925492,7.940927,4.497925,20.92438,9.88385
