L/R,p_x,p_y,p_z,v_x,v_y,v_z,a_x,a_y,a_z,t
L,-0.2283083,1.290102,-0.008679345,0.02591259,-0.02081616,0.03685926,-0.1985319,-1.041533,2.501389,-0.01195908
L,-0.2277765,1.28968,-0.007948923,0.04447019,-0.03525718,0.06107682,1.551759,-1.207536,2.025036,0
L,-0.2272085,1.289237,-0.00719868,0.0353594,-0.02761369,0.04670429,-0.5671669,0.4758238,-0.8947216,0.01606369
L,-0.2272012,1.288942,-0.005589808,0.0006579796,-0.02656626,0.1449831,-3.127112,0.09438901,8.85638,0.02716064
L,-0.2271762,1.28864,-0.003984984,0.001565307,-0.01897455,0.1007653,0.05697016,0.4766757,-2.776394,0.04308701
L,-0.2259672,1.288332,-0.003794506,0.09851837,-0.02510103,0.01552149,7.900424,-0.4992288,-6.94627,0.05535889
L,-0.2247349,1.288013,-0.003600132,0.09006373,-0.02325237,0.0142052,-0.6178796,0.1351029,-0.09619658,0.06904221
L,-0.2235035,1.287689,-0.003390377,0.07997553,-0.02105271,0.01362389,-0.655243,0.1428709,-0.03775669,0.08443832
L,-0.2226196,1.287706,-0.004305574,0.06910672,0.001286162,-0.07155188,-0.8497445,1.746496,-6.659206,0.097229
L,-0.221674,1.28771,-0.005236499,0.06309155,0.0002783787,-0.06211158,-0.4013336,-0.06723956,0.6298599,0.1122169
L,-0.2215755,1.288038,-0.005075797,0.007897315,0.02628058,0.0128829,-4.424721,2.084502,6.012034,0.124691
L,-0.2214721,1.288346,-0.00491299,0.006511355,0.0194139,0.01025687,-0.08731577,-0.4326024,-0.1654404,0.140564
L,-0.2214156,1.288436,-0.004688211,0.004545106,0.007287512,0.01808053,-0.1581591,-0.9754099,0.6293111,0.1529961
L,-0.2213329,1.28854,-0.004406095,0.005989871,0.00751484,0.02041833,0.1045656,0.016453,0.1691998,0.1668129
L,-0.2212185,1.288659,-0.004061552,0.007707061,0.008025385,0.02321843,0.1157201,0.03440525,0.1886965,0.1816521
L,-0.2213362,1.288603,-0.00411529,-0.009375712,-0.004453434,-0.00428051,-1.360725,-0.9939981,-2.190423,0.1942062
L,-0.2214537,1.288539,-0.004175215,-0.008436259,-0.004622021,-0.004302585,0.06745329,-0.01210469,-0.001585042,0.2081337
L,-0.2214707,1.288572,-0.004057753,-0.001042824,0.001996081,0.007204462,0.4534732,0.4059185,0.7057799,0.2244377
L,-0.2214803,1.288604,-0.003932725,-0.0007503531,0.002490336,0.009745843,0.02279797,0.03852692,0.1980992,0.2372665
L,-0.2214837,1.288635,-0.003801899,-0.0002418862,0.002206681,0.009314327,0.03620085,-0.02019513,-0.03072227,0.2513123
L,-0.2214865,1.28852,-0.003749806,-0.0002211769,-0.009301516,0.004225193,0.001679708,-0.9334174,-0.4127741,0.2636414
L,-0.2214839,1.288397,-0.003696775,0.0001659137,-0.007987146,0.003453004,0.02520454,0.08558226,-0.05027932,0.2789993
L,-0.2214965,1.288403,-0.003607917,-0.001006913,0.0004475168,0.007097355,-0.09367745,0.6737039,0.2910861,0.2915192
L,-0.2215055,1.288409,-0.0035158,-0.000576678,0.0004145173,0.0059317,0.02770411,-0.002124934,-0.07506005,0.3070488
L,-0.2216383,1.288279,-0.00353732,-0.01050667,-0.01030033,-0.001702776,-0.7857192,-0.8478218,-0.6040845,0.3196869
L,-0.221775,1.288141,-0.003562918,-0.008900587,-0.008991745,-0.001665966,0.1045246,0.08516338,0.002395615,0.3350525
L,-0.2219146,1.287996,-0.003591499,-0.01175514,-0.01217676,-0.002406742,-0.2403803,-0.2682082,-0.06238035,0.3469276
L,-0.2219551,1.288092,-0.002893053,-0.002893439,0.006814615,0.04997092,0.6340179,1.358754,3.747404,0.3609047
L,-0.2220214,1.288281,-0.001543063,-0.004607823,0.01313742,0.09374618,-0.1190504,0.4390687,3.039847,0.3753052
L,-0.2219418,1.288154,-0.001507871,0.005678629,-0.009058587,0.002510989,0.7339498,-1.58371,-6.509733,0.3893204
L,-0.2218564,1.288022,-0.001486025,0.006367221,-0.009803922,0.001627396,0.05129593,-0.05552288,-0.06582225,0.4027443
L,-0.2217645,1.287885,-0.001464306,0.005925232,-0.008829682,0.001401285,-0.02851704,0.06285777,-0.01458865,0.4182434
L,-0.2213728,1.287477,-0.001651259,0.02852898,-0.02973916,-0.01361731,1.646412,-1.523005,-1.093925,0.4319725
L,-0.220761,1.286847,-0.001944252,0.04390869,-0.04524535,-0.02102552,1.103668,-1.112744,-0.5316225,0.4459076
L,-0.2201163,1.286543,-0.001435408,0.05126109,-0.02414127,0.04045812,0.5845883,1.677982,4.888555,0.4584846
L,-0.2194252,1.286225,-0.0008858748,0.04321475,-0.01988908,0.03436468,-0.5031725,0.2659079,-0.3810492,0.4744759
L,-0.215877,1.285061,-0.001339383,0.3071799,-0.1007575,-0.0392617,22.85234,-7.001049,-6.37408,0.4860268
L,-0.2124362,1.283943,-0.001781598,0.2467124,-0.08015933,-0.03170788,-4.335664,1.47694,0.5416273,0.4999733
L,-0.2095925,1.283028,-0.002144439,0.202295,-0.0650865,-0.02581184,-3.15977,1.072253,0.4194331,0.5140305
L,-0.2064421,1.282657,-0.003599804,0.2263869,-0.02669271,-0.104582,1.731235,2.758964,-5.660396,0.5279465
L,-0.2037877,1.282314,-0.004765021,0.1959009,-0.02527625,-0.08599513,-2.249924,0.104537,1.371744,0.5414963
L,-0.2028561,1.281886,-0.006230068,0.06262019,-0.0288141,-0.09847522,-8.958648,-0.2378016,-0.8388667,0.5563736
L,-0.2019574,1.281505,-0.007432156,0.06363747,-0.02693645,-0.08512159,0.07203507,0.1329592,0.94559,0.5704956
L,-0.2010303,1.281142,-0.008510272,0.068481,-0.02685616,-0.07963414,0.3577631,0.005931056,0.4053254,0.584034
L,-0.2069818,1.282824,-0.01060106,-0.4501305,0.1272721,-0.1581329,-39.22415,11.65718,-5.937097,0.5972557
L,-0.2133324,1.284638,-0.01305698,-0.4581148,0.1308132,-0.1771611,-0.5759558,0.2554412,-1.372629,0.6111183
L,-0.2274511,1.288606,-0.01750628,-0.9264403,0.2604193,-0.2919544,-30.73059,8.504498,-7.532506,0.626358
L,-0.2374965,1.291533,-0.0209395,-0.8085182,0.2355791,-0.2763275,9.49112,-1.999292,1.257753,0.6387825
L,-0.2452677,1.293775,-0.02374776,-0.5128812,0.1479418,-0.1853395,19.51145,-5.783885,6.005023,0.6539345
L,-0.2695945,1.298451,-0.02240559,-1.772405,0.3406754,0.09778843,-91.76671,14.04223,20.62821,0.6676598
L,-0.2871718,1.3021,-0.02185432,-1.344947,0.2792159,0.04218117,32.70739,-4.702635,-4.254848,0.6807289
L,-0.3067213,1.30635,-0.01252255,-1.446863,0.3145733,0.6906458,-7.542808,2.616808,47.99297,0.6942406
L,-0.3222165,1.309848,-0.005907833,-1.072607,0.2421359,0.4578843,25.90681,-5.014268,-16.11223,0.7086868
L,-0.3422477,1.307412,-0.009628467,-1.438652,-0.1749486,-0.267217,-26.28945,-29.95513,-52.07697,0.7226105
L,-0.3587846,1.306123,-0.01226006,-1.123356,-0.08757936,-0.1787653,21.41819,5.935043,6.008567,0.7373314
L,-0.3733952,1.305583,-0.01414476,-1.040504,-0.03846611,-0.1342199,5.900375,3.497621,3.172323,0.7513733
L,-0.3916365,1.306046,-0.009338328,-1.469525,0.03727144,0.3872088,-34.56223,6.101458,42.00657,0.7637863
L,-0.3975126,1.300409,-0.008244404,-0.4189259,-0.4018561,0.07798902,74.90029,-31.30668,-22.04517,0.777813
L,-0.4050405,1.29651,-0.00749357,-0.5167338,-0.2676011,0.0515388,-6.713732,9.215538,-1.815598,0.7923813
L,-0.4133961,1.293684,-0.006926193,-0.5855031,-0.198067,0.03975792,-4.818891,4.87248,-0.8255242,0.8066521
L,-0.4222632,1.291527,-0.00647238,-0.6363156,-0.1547957,0.03256621,-3.646369,3.105205,-0.5160864,0.8205872
L,-0.4211281,1.287379,-0.006124633,0.08256451,-0.301722,0.02529403,52.28915,-10.68697,-0.5289564,0.8343353
L,-0.4227553,1.284512,-0.005846045,-0.1289488,-0.2271765,0.0220769,-16.76147,5.907393,-0.2549424,0.8469543
L,-0.4257403,1.284313,-0.004279045,-0.208999,-0.01393062,0.1097168,-5.604884,14.93086,6.136288,0.8612366
L,-0.430437,1.283839,-0.002782095,-0.3136863,-0.03166401,0.09997869,-6.991887,-1.184383,-0.6503887,0.8762093
L,-0.4283646,1.283557,-0.003116529,0.1461219,-0.01986115,-0.02357983,32.41957,0.8321813,-8.711706,0.8903923
L,-0.4243849,1.28264,-0.003927663,0.2895504,-0.06671524,-0.0590158,10.43545,-3.40897,-2.57822,0.9041367
L,-0.4222417,1.281695,-0.004530874,0.1532955,-0.06762449,-0.04314544,-9.745808,-0.06503507,1.135148,0.9181175
L,-0.413723,1.281075,-0.008162189,0.6467202,-0.04705148,-0.2756813,37.45969,1.561857,-17.6536,0.9312897
L,-0.4087293,1.280366,-0.01073082,0.3952484,-0.05612168,-0.2033064,-19.90394,-0.717904,5.728456,0.943924
L,-0.4005871,1.280806,-0.008530196,0.5631741,0.03040897,0.1522111,11.61497,5.98509,24.59018,0.9583817
L,-0.3872122,1.28211,-0.00579341,0.9164006,0.08938839,0.1875149,24.20183,4.041061,2.418889,0.9729767
L,-0.3775839,1.282878,-0.003812942,0.7543336,0.06016512,0.1551608,-12.69722,-2.289511,-2.534799,0.9857407
L,-0.3704956,1.283302,-0.002316955,0.4589173,0.02743733,0.0968545,-19.1261,-2.118892,-3.774916,1.001186
L,-0.3649687,1.283512,-0.001120987,0.4297964,0.0163249,0.09300382,-2.26457,-0.8641518,-0.2994463,1.014046
L,-0.3513953,1.285886,0.001816542,0.9102532,0.1592159,0.1969956,32.22022,9.582507,6.973861,1.028957
L,-0.3309161,1.286535,0.001452375,1.60878,0.05094396,-0.02860785,54.87405,-8.505496,-17.72268,1.041687
L,-0.3146891,1.286985,0.001348212,1.169272,0.03248694,-0.007505646,-31.66971,-1.329961,1.520565,1.055565
L,-0.3013465,1.287324,0.001430311,0.8812535,0.02235292,0.005422456,-19.02303,-0.6693304,0.8538736,1.070705
L,-0.2898327,1.287593,0.001628264,0.8779155,0.0205152,0.01509371,-0.2545221,-0.1401246,0.7374234,1.08382
L,-0.2799248,1.288439,0.0003677,0.6654596,0.05682328,-0.08466546,-14.26954,2.438623,-6.7003,1.098709
L,-0.2702662,1.290075,0.007579543,0.6963546,0.1179266,0.5199509,2.227426,4.405357,43.59091,1.112579
L,-0.2610403,1.291334,0.01309119,0.6714391,0.09166782,0.4011234,-1.813285,-1.911047,-8.647949,1.12632
L,-0.2496632,1.289146,0.01976826,0.9081734,-0.1746536,0.5329942,18.89722,-21.259,10.52653,1.138847
L,-0.2390226,1.287617,0.02516264,0.7631615,-0.1096956,0.3868957,-10.40054,4.658919,-10.47847,1.15279
L,-0.2288757,1.286514,0.02972468,0.6836159,-0.07426593,0.3073533,-5.359142,2.386965,-5.358925,1.167633
L,-0.2180558,1.283131,0.03936156,0.8106267,-0.2535188,0.7219917,9.515612,-13.42957,31.06458,1.180981
L,-0.2076867,1.280584,0.0472971,0.7611839,-0.1869574,0.5825415,-3.629555,4.886216,-10.23692,1.194603
L,-0.1975964,1.278564,0.0540802,0.6751152,-0.1351136,0.4538406,-5.758646,3.468748,-8.611072,1.209549
L,-0.1921611,1.273262,0.05677976,0.4346651,-0.4240676,0.2158858,-19.22897,-23.10786,-19.02941,1.222054
L,-0.1857186,1.269152,0.05989374,0.4203302,-0.2681138,0.2031636,-0.9352406,10.17481,-0.8300276,1.237381
L,-0.1791396,1.257495,0.04881268,0.4795997,-0.8497636,-0.8077956,4.320675,-42.40156,-73.69769,1.251099
L,-0.171977,1.248625,0.04189613,0.5713978,-0.7076423,-0.551775,7.323289,11.33788,20.4243,1.263634
L,-0.1644359,1.241396,0.03748931,0.465801,-0.4465348,-0.2722012,-6.522522,16.12812,17.26876,1.279823
L,-0.1653188,1.240632,0.03752841,-0.07408371,-0.06412052,0.00328105,-45.30331,32.0895,23.11652,1.29174
L,-0.1641142,1.239351,0.03770986,0.08318378,-0.0884319,0.01253067,10.86057,-1.678895,0.6387596,1.306221
L,-0.1644832,1.239697,0.03827381,-0.02627513,0.02461967,0.04016216,-7.795163,8.051016,1.967789,1.320263
L,-0.1648568,1.24041,0.04013706,-0.02662387,0.05082903,0.1327645,-0.02484939,1.867526,6.598298,1.334297
L,-0.1643254,1.240792,0.04249589,0.03849583,0.02764921,0.1708626,4.716977,-1.679041,2.759654,1.348103
L,-0.1719242,1.24355,0.04614232,-0.5261459,0.1909585,0.2524806,-39.096,11.30759,5.651265,1.362545
L,-0.1866935,1.244339,0.04564811,-1.076361,0.05749583,-0.0360177,-40.09889,-9.726558,-21.02533,1.376266
L,-0.1962798,1.244384,0.04547452,-0.7408608,0.00351931,-0.01341535,25.9285,-4.171468,1.746778,1.389206
L,-0.2029092,1.243976,0.0455319,-0.5040184,-0.03105967,0.00436196,18.00662,-2.628965,1.351571,1.402359
L,-0.2076731,1.243286,0.04573299,-0.3128327,-0.04530937,0.01320561,12.55466,-0.9357395,0.5807389,1.417587
L,-0.2274753,1.245546,0.04628005,-1.500728,0.1713284,0.04145944,-90.02594,16.41813,2.141247,1.430782
L,-0.2505358,1.249421,0.05373004,-1.582093,0.2658336,0.5111151,-5.582088,6.483631,32.22125,1.445358
L,-0.2674527,1.252035,0.05946343,-1.26922,0.196113,0.4301585,23.47383,-5.230919,-6.073924,1.458687
L,-0.281278,1.253829,0.06401397,-0.9398928,0.1219528,0.3093606,22.38882,-5.041661,-8.212249,1.473396
L,-0.2971635,1.25428,0.06413383,-1.210549,0.03435683,0.009134266,-20.62527,-6.67522,-22.87864,1.486519
L,-0.3105496,1.254634,0.06476162,-0.9123968,0.02415659,0.0427905,20.32211,-0.6952502,2.294015,1.50119
L,-0.3240526,1.257813,0.05998648,-1.049432,0.2470538,-0.3711163,-10.65015,17.32321,-32.16816,1.514057
L,-0.3362145,1.260227,0.05695696,-0.794861,0.1577537,-0.1979982,16.63781,-5.836324,11.31435,1.529358
L,-0.3472402,1.265819,0.05008798,-0.8734701,0.4430341,-0.5441711,-6.227528,22.60035,-27.42434,1.541981
L,-0.3578873,1.270188,0.04520395,-0.719346,0.2951836,-0.3299787,10.41307,-9.989207,14.47146,1.556782
L,-0.3682077,1.273752,0.04154307,-0.8032795,0.2773716,-0.2849405,-6.532855,-1.386378,3.505491,1.56963
L,-0.3747145,1.280067,0.02396637,-0.4901491,0.4757453,-1.32403,23.58772,14.94324,-78.27332,1.582905
L,-0.3821342,1.285259,0.01128501,-0.507837,0.3553606,-0.8679745,-1.210648,-8.239719,31.2147,1.597515
L,-0.3888236,1.293098,-0.003722418,-0.4371942,0.5122865,-0.9808296,4.61695,10.25609,-7.375791,1.612816
L,-0.3961878,1.299642,-0.01562283,-0.6241513,0.55469,-1.008607,-15.84535,3.593861,-2.354237,1.624615
L,-0.403996,1.305301,-0.02583314,-0.5166208,0.3744085,-0.6755611,7.114707,-11.92825,22.03583,1.639729
L,-0.4110465,1.313902,-0.035724,-0.5371281,0.6552238,-0.7535104,-1.562296,21.39322,-5.938372,1.652855
L,-0.4185589,1.321287,-0.04472297,-0.5558341,0.5464119,-0.6658268,-1.384045,-8.05091,6.487643,1.66637
L,-0.424737,1.327738,-0.05498931,-0.4316531,0.4507513,-0.717287,8.676254,-6.6836,-3.595412,1.680683
L,-0.4315193,1.333711,-0.06438115,-0.498998,0.4394296,-0.6909949,-4.954826,-0.832984,1.934417,1.694275
L,-0.4386592,1.339393,-0.07324813,-0.4690946,0.3732926,-0.5825629,1.964658,-4.345214,7.124009,1.709496
L,-0.4358727,1.339301,-0.08677873,0.2030186,-0.006713799,-0.9858157,48.96899,-27.6866,-29.3803,1.723221
L,-0.4359557,1.340559,-0.0986498,-0.005926944,0.08984268,-0.8477063,-14.92068,6.895043,9.862316,1.737225
L,-0.4349559,1.346248,-0.09953342,0.07978263,0.4540049,-0.07051287,6.83965,29.06026,62.02027,1.749756
L,-0.4358537,1.3516,-0.1025892,-0.06592262,0.3930322,-0.2243856,-10.69909,-4.477208,-11.29883,1.763374
L,-0.4241973,1.350624,-0.1060743,0.8225185,-0.06891824,-0.2459182,62.69166,-32.59692,-1.519415,1.777546
L,-0.4166409,1.351023,-0.1105999,0.4684008,0.02475467,-0.2805351,-21.95078,5.806524,-2.145807,1.793678
L,-0.4118965,1.352336,-0.1157676,0.4179162,0.1156229,-0.4552015,-4.446987,8.004221,-15.38567,1.805031
L,-0.3989774,1.351901,-0.1105311,0.9094136,-0.03059546,0.3686151,34.59803,-10.29277,57.99103,1.819237
L,-0.3895361,1.35243,-0.1083621,0.6155166,0.0344908,0.1414085,-19.16024,4.243217,-14.81245,1.834576
L,-0.3664944,1.353289,-0.105835,1.872936,0.06977713,0.205413,102.2093,2.868248,5.202607,1.846878
L,-0.3487127,1.354603,-0.1051648,1.239398,0.0916229,0.04671661,-44.158,1.522664,-11.06124,1.861225
L,-0.3346303,1.356204,-0.1056744,1.007267,0.1144782,-0.03645389,-16.60348,1.634753,-5.948881,1.875206
L,-0.3154162,1.359904,-0.0988261,1.415246,0.272566,0.5044232,30.05036,11.64422,39.83919,1.888783
L,-0.2994368,1.363214,-0.09452032,1.032257,0.2138061,0.2781504,-24.74081,-3.795853,-14.61707,1.904263
L,-0.2814009,1.360148,-0.08723211,1.426242,-0.2424208,0.5763386,31.15561,-36.07757,23.58016,1.916908
L,-0.2658133,1.358521,-0.08217393,1.14556,-0.1196208,0.3717327,-20.62776,9.024749,-15.03678,1.930515
L,-0.2598597,1.358749,-0.07326787,0.3888091,0.01489319,0.5816318,-49.42142,8.784764,13.70797,1.945827
L,-0.2530069,1.359316,-0.06655435,0.5389851,0.04462946,0.5280259,11.81151,2.33879,-4.216162,1.958542
L,-0.2454115,1.36009,-0.0613178,0.554157,0.05643786,0.3820564,1.106931,0.8615369,-10.64988,1.972248
L,-0.2390884,1.355543,-0.05565456,0.4656096,-0.3348051,0.4170182,-6.520267,-28.80955,2.574451,1.985828
L,-0.2320364,1.352543,-0.05089305,0.4829219,-0.2054516,0.3260711,1.185555,8.858215,-6.22812,2.000431
L,-0.2326596,1.349526,-0.04879408,-0.04640017,-0.22459,0.1562716,-39.40886,-1.42488,-12.64184,2.013863
L,-0.231137,1.347658,-0.04682666,0.1128483,-0.1384383,0.1458154,11.80267,6.385112,-0.7749627,2.027355
L,-0.2282477,1.3462,-0.0447018,0.1964228,-0.09911501,0.1444553,5.681676,2.673331,-0.09246548,2.042065
L,-0.2325496,1.346296,-0.04349063,-0.2721291,0.006085606,0.07661703,-29.63998,6.654853,-4.291358,2.057873
L,-0.2360131,1.346321,-0.04165582,-0.296616,0.002143907,0.1571324,-2.097053,-0.337567,6.895339,2.06955
L,-0.2476156,1.345726,-0.04238128,-0.8519663,-0.04374124,-0.05327025,-40.7792,-3.369333,-15.44981,2.083168
L,-0.2546459,1.34519,-0.04231235,-0.4593573,-0.03498878,0.004503822,25.65306,0.5718856,3.774957,2.098473
L,-0.2683289,1.343126,-0.04659247,-1.101637,-0.1661932,-0.3445967,-51.71061,-10.56341,-28.10645,2.110893
L,-0.2777428,1.341494,-0.04928114,-0.6755535,-0.1171298,-0.1929421,30.57629,3.520855,10.88293,2.124828
L,-0.284636,1.340138,-0.0509702,-0.4851028,-0.09541947,-0.1188669,13.40282,1.527845,5.212981,2.139038
L,-0.3015914,1.33871,-0.05259356,-1.199989,-0.1010479,-0.11489,-50.59477,-0.3983389,0.2814567,2.153168
L,-0.3140866,1.337453,-0.0536827,-0.9348,-0.09401755,-0.08148193,19.8395,0.5259564,2.499354,2.166534
L,-0.334739,1.341697,-0.05197207,-1.307393,0.2686398,0.1082911,-23.58682,22.95785,12.01349,2.182331
L,-0.3504658,1.344634,-0.0506894,-1.145509,0.2139483,0.09342683,11.7913,-3.983621,-1.082686,2.19606
L,-0.3637595,1.346697,-0.0496936,-0.9693606,0.1503912,0.07261278,12.84458,-4.634528,-1.517741,2.209774
L,-0.3831647,1.34579,-0.05332691,-1.573447,-0.07353851,-0.2946029,-48.9816,-18.15707,-29.77525,2.222107
L,-0.399125,1.345192,-0.05586875,-1.144705,-0.04290356,-0.1823059,30.75019,2.197201,8.054167,2.23605
L,-0.4155428,1.341468,-0.05942382,-1.160066,-0.2631065,-0.2511964,-1.085335,-15.55926,-4.867713,2.250202
L,-0.4301005,1.338768,-0.0620892,-0.9369514,-0.1738046,-0.171548,14.35995,5.747592,5.126282,2.265739
L,-0.4426088,1.337357,-0.06163239,-0.9050468,-0.1020736,0.03305272,2.308476,5.190138,14.80399,2.27956
L,-0.4547708,1.336175,-0.06149525,-0.9316714,-0.09055377,0.0105059,-2.039597,0.8824792,-1.727211,2.292614
L,-0.4666439,1.335134,-0.06157073,-0.8028014,-0.07039109,-0.005103717,8.713572,1.363303,-1.055447,2.307404
L,-0.4740636,1.329195,-0.0695351,-0.5800892,-0.4642764,-0.6226697,17.41207,-30.79471,-48.2825,2.320194
L,-0.4826393,1.324665,-0.07545938,-0.557415,-0.2944691,-0.3850765,1.473818,11.03744,15.4435,2.335579
L,-0.4907755,1.318166,-0.08221144,-0.6508573,-0.5199115,-0.5401323,-7.474929,-18.0343,-12.40371,2.34808
L,-0.4996379,1.312971,-0.08763107,-0.664353,-0.3894052,-0.406269,-1.011666,9.783087,10.03474,2.36142
L,-0.5088889,1.308592,-0.0922135,-0.6449696,-0.3053274,-0.319483,1.351388,5.861829,6.050648,2.375763
L,-0.5152201,1.306434,-0.09636927,-0.439187,-0.1496758,-0.28828,14.27486,10.79734,2.164505,2.390179
L,-0.5226164,1.304116,-0.1001824,-0.6230419,-0.1952523,-0.3212018,-15.48729,-3.839197,-2.773219,2.40205
L,-0.5269535,1.296456,-0.1073572,-0.300217,-0.5302845,-0.4966559,22.34661,-23.19163,-12.1453,2.416496
L,-0.5326913,1.290189,-0.113401,-0.3514347,-0.383842,-0.370176,-3.137013,8.969399,7.746715,2.432823
L,-0.5398954,1.284188,-0.1183523,-0.5863134,-0.4883771,-0.4029671,-19.11581,-8.507682,-2.668729,2.44511
L,-0.5474887,1.27884,-0.1230095,-0.584419,-0.4116174,-0.3584414,0.1458043,5.907837,3.426933,2.458103
L,-0.555294,1.273913,-0.1274687,-0.5548019,-0.3501813,-0.3169613,2.105193,4.366889,2.948422,2.472172
L,-0.5588184,1.267569,-0.131705,-0.2548004,-0.4586752,-0.3062636,21.6888,-7.843634,0.7733966,2.486004
L,-0.563659,1.261845,-0.1358981,-0.3085899,-0.3648848,-0.2673169,-3.429135,5.97923,2.482889,2.50169
L,-0.5712637,1.255967,-0.1383256,-0.6389573,-0.4939103,-0.2039626,-27.75764,-10.84079,5.32306,2.513592
L,-0.5788437,1.250458,-0.1412006,-0.5475424,-0.3979144,-0.2076717,6.603437,6.934346,-0.2679307,2.527435
L,-0.5863808,1.245197,-0.1443505,-0.5294288,-0.3695488,-0.2212568,1.272341,1.99246,-0.9542491,2.541672
L,-0.5932267,1.239704,-0.1456226,-0.4937027,-0.3961142,-0.09174476,2.576444,-1.915803,9.339976,2.555538
L,-0.6002622,1.234406,-0.147557,-0.5086355,-0.3830667,-0.139845,-1.079577,0.9432721,-3.477441,2.56937
L,-0.6036202,1.228244,-0.146831,-0.2380383,-0.4367733,0.05146363,19.18211,-3.807151,13.5615,2.583477
L,-0.608081,1.22243,-0.1471716,-0.3205523,-0.4178488,-0.02447296,-5.92943,1.359904,-5.456777,2.597393
L,-0.6132203,1.21682,-0.1481964,-0.376432,-0.4108864,-0.0750657,-4.092905,0.5099626,-3.705668,2.611046
L,-0.6176724,1.213023,-0.1461132,-0.2942006,-0.2508823,0.1376621,5.433945,10.57326,14.0573,2.626179
L,-0.622702,1.20883,-0.1452289,-0.3533821,-0.2946345,0.06213042,-4.158157,-3.074077,-5.306934,2.640411
L,-0.6267308,1.202911,-0.1445187,-0.2896668,-0.4255777,0.05106195,4.581076,-9.414695,-0.7958125,2.65432
L,-0.6313441,1.197258,-0.1444532,-0.3887365,-0.476344,0.005524751,-8.347974,-4.277752,-3.837127,2.666187
L,-0.6332633,1.188522,-0.1459081,-0.1356414,-0.6174424,-0.1028295,17.88822,-9.972523,-7.658239,2.680336
L,-0.636219,1.180803,-0.1473231,-0.2032029,-0.5306517,-0.0972813,-4.644858,5.966865,0.3814377,2.694881
L,-0.639824,1.173661,-0.1487073,-0.2373854,-0.4703043,-0.09115271,-2.250878,3.973805,0.4035605,2.710068
L,-0.6440496,1.168323,-0.1468514,-0.3652273,-0.4613625,0.1604087,-11.04945,0.7728399,21.7426,2.721638
L,-0.6484715,1.162796,-0.1458374,-0.3091908,-0.3864614,0.07090328,3.91828,5.237365,-6.25855,2.735939
L,-0.6466514,1.15604,-0.1448267,0.1101905,-0.4090358,0.0611892,25.38991,-1.366686,-0.5881035,2.752457
L,-0.6465781,1.149537,-0.144299,0.005586846,-0.4955669,0.04021621,-7.971287,-6.59407,-1.598239,2.765579
L,-0.6476278,1.14317,-0.1440756,-0.09064147,-0.5497159,0.01929065,-8.308852,-4.675511,-1.806821,2.777161
L,-0.6434943,1.144662,-0.1413744,0.2646101,0.09548993,0.1729167,22.74165,41.30326,9.834467,2.792782
L,-0.6405001,1.144721,-0.1390623,0.2203555,0.004351488,0.1701544,-3.256897,-6.707298,-0.2032906,2.80637
L,-0.6318983,1.154952,-0.1344573,0.6687194,0.7954108,0.3580011,34.85644,61.49805,14.60347,2.819233
L,-0.6260719,1.161325,-0.1310394,0.388934,0.4254202,0.228162,-18.67687,-24.69845,-8.667313,2.834213
L,-0.6158248,1.176508,-0.1254276,0.7588233,1.124311,0.4155665,27.39103,51.75428,13.87767,2.847717
L,-0.608269,1.187326,-0.1210455,0.5562167,0.7963791,0.3225898,-14.91494,-24.14083,-6.844507,2.861301
L,-0.602508,1.195158,-0.1174697,0.3975306,0.5404054,0.246739,-10.94988,-17.66306,-5.233966,2.875793
L,-0.5820794,1.21614,-0.1126049,1.448539,1.487769,0.3449471,74.52412,67.1749,6.963668,2.889896
L,-0.5661725,1.232353,-0.1085134,1.263981,1.288335,0.3251234,-14.66528,-15.8473,-1.575229,2.902481
L,-0.5501001,1.250299,-0.1037683,1.035462,1.156165,0.3056969,-14.72226,-8.515007,-1.251542,2.918003
L,-0.5368254,1.264966,-0.09962603,1.043441,1.152849,0.3256009,0.6271271,-0.2607196,1.564526,2.930725
L,-0.5254545,1.277355,-0.09588298,0.8439491,0.9195657,0.2778082,-14.80622,-17.31419,-3.547154,2.944199
L,-0.5049987,1.289451,-0.09067862,1.412262,0.8350589,0.3593081,39.23621,-5.834331,5.626732,2.958683
L,-0.4877297,1.300415,-0.08606908,1.180743,0.7496984,0.3151704,-15.82978,-5.836398,-3.017852,2.973309
L,-0.4655097,1.306559,-0.08181258,1.590178,0.4397011,0.3046176,29.30134,-22.18508,-0.7552105,2.987282
L,-0.4464307,1.313272,-0.07781363,1.521586,0.5353761,0.3189233,-5.4703,7.630255,1.140898,2.999821
L,-0.4295413,1.320423,-0.07397436,1.217669,0.5155476,0.2767991,-21.91142,-1.429572,-3.037021,3.013691
L,-0.4124643,1.320209,-0.07057538,1.24767,-0.01566855,0.2483343,2.191907,-38.81136,-2.079673,3.027378
L,-0.3966144,1.322186,-0.0671486,1.100941,0.1373708,0.2380261,-10.19186,10.63019,-0.7160113,3.041775
L,-0.3796164,1.322234,-0.06329434,1.230922,0.003461671,0.2791075,9.412603,-9.697094,2.974929,3.055584
L,-0.363579,1.32408,-0.05953036,1.15561,0.1330058,0.2712218,-5.426763,9.334581,-0.5682187,3.069462
L,-0.355538,1.321824,-0.05253608,0.5324301,-0.1493591,0.4631245,-41.26368,-18.6967,12.70677,3.084564
L,-0.3461286,1.321661,-0.04640147,0.7425073,-0.0129252,0.484091,16.57751,10.7662,1.654503,3.097237
L,-0.3357128,1.322821,-0.04086682,0.6853547,0.07638366,0.3641754,-3.760597,5.876451,-7.890348,3.112434
L,-0.3289132,1.31474,-0.03972425,0.5068173,-0.6023955,0.08516335,-13.30751,-50.59366,-20.79651,3.125851
L,-0.3206477,1.30997,-0.03775529,0.6242437,-0.3602168,0.1487036,8.868518,18.29032,4.798821,3.139091
L,-0.326273,1.305088,-0.03355597,-0.3960914,-0.3437416,0.2956828,-71.84388,1.160052,10.3491,3.153294
L,-0.32727,1.302216,-0.02963295,-0.07349814,-0.2117548,0.2891998,23.78119,9.729907,-0.4779202,3.166859
L,-0.3256141,1.300464,-0.02589658,0.1162253,-0.1229167,0.2622405,13.3159,6.235175,-1.89216,3.181107
L,-0.3328007,1.298021,-0.02548316,-0.5207081,-0.1770574,0.02995399,-46.14933,-3.922795,-16.83043,3.194908
L,-0.336356,1.296285,-0.0242849,-0.2422058,-0.1182595,0.08163179,18.9729,4.005594,3.520537,3.209587
L,-0.3491331,1.29317,-0.02719223,-0.9387437,-0.2288134,-0.2136046,-51.17524,-8.122491,-21.69127,3.223198
L,-0.3567652,1.290912,-0.02842976,-0.5329565,-0.1577068,-0.08641706,28.33635,4.965417,8.881577,3.237518
L,-0.3650084,1.284868,-0.03306756,-0.6636642,-0.4866017,-0.3733945,-10.52341,-26.47967,-23.10485,3.249939
L,-0.3703418,1.280332,-0.03584873,-0.3879392,-0.3299199,-0.2022937,20.0554,11.39656,12.44535,3.263687
L,-0.3739026,1.276724,-0.03747778,-0.2487219,-0.2520317,-0.1137876,9.724217,5.440425,6.182077,3.278004
L,-0.3930196,1.272709,-0.04354284,-1.270963,-0.2669604,-0.403226,-67.96204,-0.9925125,-19.24284,3.293045
L,-0.4063352,1.269324,-0.04772472,-0.9908015,-0.2518273,-0.3111711,20.84661,1.126049,6.849738,3.306484
L,-0.4159002,1.263331,-0.05976766,-0.6824753,-0.4276504,-0.8592767,21.99942,-12.54518,-39.10794,3.320499
L,-0.4236988,1.258407,-0.06850025,-0.5675623,-0.3583252,-0.6355351,8.363062,5.0453,16.28332,3.33424
L,-0.4303866,1.254136,-0.07532049,-0.5346643,-0.3414818,-0.545253,2.630075,1.346573,7.217716,3.346748
L,-0.4476231,1.251999,-0.07884777,-1.14565,-0.1419878,-0.2344458,-40.61013,13.25967,20.65828,3.361794
L,-0.4609004,1.249637,-0.08221673,-0.9509691,-0.1692196,-0.241299,13.94386,-1.950449,-0.4908523,3.375755
L,-0.4772432,1.244938,-0.08389515,-1.102182,-0.3169298,-0.1131948,-10.19795,-9.961757,8.639501,3.390583
L,-0.4906624,1.240754,-0.08593807,-1.057654,-0.3297598,-0.161016,3.509499,-1.011218,-3.769099,3.403271
L,-0.5033453,1.234087,-0.08397601,-0.9339141,-0.4908708,0.1444786,9.111714,-11.86356,22.49538,3.416851
L,-0.5147129,1.228397,-0.08326118,-0.7464852,-0.3737005,0.04694105,12.30796,7.694258,-6.405029,3.432079
L,-0.5253169,1.22329,-0.08335733,-0.7992426,-0.3849015,-0.007247565,-3.976432,-0.8442419,-4.084307,3.445347
L,-0.5355027,1.221088,-0.07887516,-0.7828029,-0.1692044,0.3444663,1.263431,16.57687,27.03011,3.458359
L,-0.5453713,1.218412,-0.0760387,-0.6664091,-0.1807461,0.1915411,7.85985,-0.7793864,-10.32675,3.473167
L,-0.5522645,1.211328,-0.07301017,-0.5439541,-0.5589818,0.2389856,9.663103,-29.84715,3.743917,3.48584
L,-0.5598472,1.205189,-0.07098673,-0.5255817,-0.4255189,0.1402521,1.273458,9.250792,-6.84357,3.500267
L,-0.5678035,1.199633,-0.06960169,-0.5297697,-0.3699597,0.09222203,-0.2788529,3.699394,-3.198071,3.515285
L,-0.5706,1.189652,-0.06739962,-0.2257709,-0.8057727,0.1777825,24.5431,-35.18502,6.907657,3.527672
L,-0.5750704,1.181268,-0.06576717,-0.2934902,-0.5504164,0.1071719,-4.44583,16.76437,-4.635646,3.542904
L,-0.5734738,1.176345,-0.06516691,0.1137665,-0.3507917,0.04277073,29.01872,14.22409,-4.588852,3.556938
L,-0.5744131,1.171297,-0.06461864,-0.06721779,-0.3612988,0.03923739,-12.95221,-0.7519473,-0.2528646,3.570911
L,-0.5743029,1.164281,-0.0653936,0.008532802,-0.5434674,-0.06003262,5.868074,-14.11182,-7.690023,3.58382
L,-0.5758952,1.157761,-0.06584461,-0.1133332,-0.4640833,-0.03210168,-8.674028,5.650304,1.988034,3.59787
L,-0.5785569,1.151551,-0.06608561,-0.2037821,-0.4753943,-0.01845087,-6.924836,-0.8659782,1.045116,3.610931
L,-0.5857821,1.145655,-0.06475344,-0.4973862,-0.4058971,0.0917066,-20.21181,4.784208,7.583278,3.625458
L,-0.5923173,1.139839,-0.06372506,-0.4806879,-0.4278199,0.07564085,1.228215,-1.612492,-1.181689,3.639053
L,-0.5941906,1.13499,-0.06191918,-0.137514,-0.3559402,0.1325683,25.1921,5.276623,4.178993,3.652676
L,-0.5969722,1.129917,-0.0604933,-0.1848813,-0.3372053,0.09477336,-3.14834,1.245248,-2.512098,3.667721
L,-0.6003165,1.124709,-0.05931336,-0.259073,-0.4034334,0.09140498,-5.747315,-5.130414,-0.2609338,3.68063
L,-0.599404,1.115387,-0.06312986,0.06106794,-0.6238592,-0.2554181,21.42533,-14.75192,-23.21103,3.695572
L,-0.5999609,1.107199,-0.06570897,-0.03947657,-0.5804067,-0.1828285,-7.127404,3.080263,5.145738,3.709679
L,-0.6031869,1.097319,-0.06450874,-0.2323913,-0.7117855,0.08646188,-13.89707,-9.464186,19.39897,3.72356
L,-0.6065291,1.088518,-0.06362247,-0.2479877,-0.6530127,0.06576,-1.157235,4.360866,-1.536052,3.737038
L,-0.6099378,1.080346,-0.06295041,-0.2345965,-0.5623934,0.0462525,0.9216124,6.236627,-1.34255,3.751568
L,-0.6211001,1.07386,-0.05950382,-0.9442159,-0.5486548,0.2915463,-60.02661,1.162144,20.74937,3.76339
L,-0.6300374,1.067239,-0.05691767,-0.5791988,-0.4290868,0.1676003,23.65563,7.748831,-8.032556,3.77882
L,-0.6306863,1.057177,-0.05793999,-0.04973958,-0.7712902,-0.07836057,40.58321,-26.22999,-18.85298,3.791866
L,-0.6324775,1.048028,-0.05850337,-0.1246764,-0.6368328,-0.03921601,-5.216206,9.359317,2.724777,3.806232
L,-0.6312227,1.045361,-0.0563655,0.08813974,-0.1873158,0.150169,14.94868,31.57508,13.30282,3.820469
L,-0.6313722,1.041648,-0.05477069,-0.0111913,-0.27786,0.1193458,-7.433353,-6.775803,-2.306626,3.833832
L,-0.6323696,1.037134,-0.0534181,-0.07649758,-0.3461911,0.1037373,-5.008675,-5.240661,-1.197094,3.84687
L,-0.6266615,1.030175,-0.04841216,0.372878,-0.4546162,0.3270066,29.35487,-7.082731,14.58477,3.862179
L,-0.6232373,1.023427,-0.04451509,0.2645566,-0.5213675,0.3010886,-8.368936,-5.157222,-2.002427,3.875122
L,-0.6113515,1.018791,-0.04090201,0.7681906,-0.2996179,0.2335176,32.55045,14.33194,-4.367193,3.890594
L,-0.6028767,1.01368,-0.03786564,0.6625736,-0.3995396,0.2373889,-8.257339,-7.812074,0.3026616,3.903385
L,-0.5967867,1.008266,-0.03519982,0.4377485,-0.3891726,0.1916178,-16.16029,0.7451715,-3.289995,3.917297
L,-0.5893086,1.004763,-0.03544417,0.5767413,-0.2701898,-0.01884573,10.71966,9.176416,-16.23176,3.930264
L,-0.5834716,1.000556,-0.03510454,0.4181812,-0.3014143,0.02433266,-11.35982,-2.23704,3.093456,3.944221
L,-0.5729432,1.003039,-0.03569286,0.7340301,0.1731466,-0.04101744,22.02071,33.08598,-4.556153,3.958565
L,-0.5645385,1.003339,-0.03568729,0.6109956,0.02182994,0.0004051407,-8.94419,-11.00021,3.011282,3.972321
L,-0.5651966,1.000186,-0.02871441,-0.0485276,-0.2325598,0.5141772,-48.63292,-18.75858,37.88531,3.985882
L,-0.5648057,0.9966857,-0.02312526,0.02693003,-0.2411219,0.3850617,5.198624,-0.5898827,-8.895364,4.000397
L,-0.5636445,0.9929573,-0.01848288,0.07256407,-0.2329894,0.2901006,2.851654,0.5081943,-5.934081,4.016399
L,-0.5591075,0.9884378,-0.01820464,0.3871511,-0.3856659,0.02374379,26.84476,-13.02839,-22.72912,4.028118
L,-0.5549204,0.9839151,-0.01733625,0.2892292,-0.3124094,0.05998513,-6.764065,5.060275,2.503412,4.042595
L,-0.5537559,0.9811832,-0.01128029,0.08782095,-0.2060243,0.4567126,-15.18929,8.023076,29.91937,4.055855
L,-0.5521202,0.97805,-0.006185429,0.1208219,-0.231434,0.3763276,2.437587,-1.876866,-5.937572,4.069393
L,-0.5501639,0.9746814,-0.001775999,0.1410849,-0.2429333,0.3179933,1.461303,-0.8292878,-4.206873,4.08326
L,-0.5506281,0.9734462,-0.0009804207,-0.03190958,-0.08489283,0.05468173,-11.89027,10.86244,-18.09794,4.097809
L,-0.5505196,0.9718528,0.0001122429,0.007992451,-0.1173323,0.08045933,2.938224,-2.388714,1.898159,4.111389
L,-0.5436624,0.9720948,-0.004789304,0.4413401,0.01557129,-0.3154704,27.89086,8.553864,-25.4826,4.126926
L,-0.5365345,0.9714165,-0.008690405,0.5911154,-0.05624703,-0.3235211,12.42097,-5.955945,-0.6676512,4.138985
L,-0.530657,0.9701012,-0.01100077,0.4128525,-0.0923893,-0.1622855,-12.52158,-2.538713,11.32555,4.153221
L,-0.5415671,0.9693701,-0.002324793,-0.7744466,-0.0519014,0.6158561,-84.27927,2.873994,55.23561,4.167309
L,-0.5505159,0.967986,0.005949886,-0.6326524,-0.09785008,0.5849938,10.02441,-3.248428,-2.181862,4.181454
L,-0.5601144,0.9685276,0.01224775,-0.6983547,0.03940293,0.4582149,-4.780309,9.986137,-9.224075,4.195198
L,-0.5667,0.9682934,0.01738864,-0.4422107,-0.01572506,0.3451976,17.19944,-3.701709,-7.588829,4.210091
L,-0.567028,0.9797801,0.01548204,-0.02741849,0.9601951,-0.159376,34.67324,81.57896,-42.17824,4.222054
L,-0.5674341,0.9878548,0.01480577,-0.02633023,0.5235554,-0.04384833,0.07056141,-28.31128,7.490698,4.237476
L,-0.5678896,0.9935896,0.01494842,-0.03456042,0.4351257,0.01082317,-0.6244557,-6.709495,4.148135,4.250656
L,-0.5648865,1.009643,0.007741911,0.2299211,1.229072,-0.5517358,20.24891,60.78515,-43.06993,4.263718
L,-0.5628406,1.021838,0.003074608,0.1179521,0.7030528,-0.2690797,-6.455249,-30.32612,16.29571,4.281063
L,-0.5542307,1.045951,-0.007386966,0.563835,1.579074,-0.6850959,29.19948,57.36787,-27.2436,4.296333
L,-0.5301589,1.075433,-0.03324708,2.358096,2.888161,-2.533286,175.7679,128.2397,-181.0508,4.306541
L,-0.5116327,1.098868,-0.05176814,1.244626,1.574409,-1.244281,-74.80511,-88.26043,86.59785,4.321426
L,-0.4878108,1.130091,-0.07903069,1.637761,2.146571,-1.874302,27.02802,39.33617,-43.31395,4.335972
L,-0.4741969,1.150303,-0.08898663,0.9785569,1.452804,-0.7156267,-47.38314,-49.86754,83.28481,4.349884
L,-0.4613707,1.154997,-0.08947352,0.8869218,0.3245598,-0.03366835,-6.33648,-78.01698,47.15676,4.364346
L,-0.4726937,1.167411,-0.06999744,-0.6394368,0.7010852,1.099857,-86.19685,21.26322,64.0127,4.382053
L,-0.4787995,1.179769,-0.05723955,-0.3482563,0.7048588,0.7276776,16.60818,0.2152381,-21.22817,4.399586
L,-0.4816523,1.191952,-0.0492497,-0.2570874,1.097843,0.7200038,8.21567,35.41369,-0.6915177,4.410683
L,-0.5015848,1.205565,-0.02614709,-1.306948,0.8925948,1.51481,-68.83811,-13.45787,52.11446,4.425934
L,-0.5019876,1.220482,-0.01337509,-0.02603653,0.9643341,0.8256726,82.80724,4.637743,-44.55072,4.441402
L,-0.5020297,1.234663,-0.004175648,-0.003281157,1.105722,0.7173051,1.774296,11.02439,-8.449704,4.454227
L,-0.5015405,1.248308,0.002967733,0.03347282,0.9337069,0.4888005,2.514966,-11.77049,-15.63589,4.468842
L,-0.5007188,1.261699,0.008870536,0.06081045,0.9910361,0.4368674,2.023263,4.242942,-3.843578,4.482353
L,-0.484049,1.279062,0.004562193,1.159742,1.207977,-0.2997362,76.45387,15.0928,-51.24634,4.496727
L,-0.449941,1.289309,-0.00935765,2.400963,0.721301,-0.9798613,87.37348,-34.25862,-47.87613,4.510933
L,-0.4233344,1.300111,-0.01857042,1.953716,0.7932073,-0.6764908,-32.84124,5.280055,22.2764,4.524551
L,-0.4022677,1.311421,-0.02508042,1.41894,0.7618111,-0.4384782,-36.01958,-2.114678,16.03124,4.539398
L,-0.3846327,1.323058,-0.02988708,1.229496,0.8112783,-0.3351163,-13.20787,3.448812,7.206306,4.553741
L,-0.3668013,1.327786,-0.03508709,1.326447,0.3517221,-0.3868198,7.211966,-34.18555,-3.846129,4.567184
L,-0.3411159,1.321639,-0.03849887,1.805649,-0.4320863,-0.2398434,33.68732,-55.10075,10.33225,4.581409
L,-0.363826,1.300795,-0.03525483,-1.574952,-1.445544,0.2249747,-234.4456,-70.28355,32.23526,4.595829
L,-0.3776018,1.288466,-0.03319145,-1.001449,-0.8963186,0.1500012,41.69173,39.92683,-5.450318,4.609585
L,-0.3388619,1.315515,-0.03164045,2.808466,1.960938,0.1124405,276.202,207.1384,-2.722982,4.623379
L,-0.3083239,1.336799,-0.03065373,2.078772,1.448869,0.06716777,-49.6715,-34.85738,-3.081792,4.638069
L,-0.2863219,1.344357,-0.02454187,1.582797,0.5437277,0.4396781,-35.67974,-65.11452,26.79784,4.65197
L,-0.2678989,1.351445,-0.02005249,1.23327,0.4744637,0.3005269,-23.39795,-4.636653,-9.31503,4.666908
L,-0.2515803,1.358512,-0.01665102,1.124852,0.4871319,0.234466,-7.473327,0.8732251,-4.55363,4.681416
L,-0.237533,1.357982,-0.01677816,1.212914,-0.04576334,-0.01097764,7.603703,-46.01294,-21.19288,4.692997
L,-0.2212738,1.347614,-0.02419373,1.17612,-0.7499569,-0.5364091,-2.661519,-50.93822,-38.00737,4.706821
L,-0.2059382,1.34181,-0.02933016,1.050191,-0.3975069,-0.3517464,-8.623653,24.13601,12.64583,4.721424
L,-0.191314,1.338677,-0.03309971,1.085097,-0.23246,-0.2796953,2.589964,12.24626,5.346098,4.734901
L,-0.1786781,1.334025,-0.03814933,0.9137737,-0.336431,-0.3651668,-12.38936,-7.518724,-6.180916,4.74873
L,-0.1659241,1.331299,-0.04207932,0.8300325,-0.1773833,-0.2557651,-5.449913,10.35089,7.119911,4.764095
L,-0.1583061,1.326426,-0.046683,0.522782,-0.3343914,-0.3159233,-21.08478,-10.77453,-4.128307,4.778667
L,-0.1493705,1.32318,-0.05049697,0.7527,-0.2734475,-0.3212759,19.36748,5.133694,-0.4508807,4.790539
L,-0.1395182,1.320938,-0.05382533,0.7025937,-0.159914,-0.2373525,-3.573194,8.096339,5.984769,4.804562
L,-0.1290555,1.319323,-0.05684577,0.7009308,-0.1081651,-0.2023486,-0.1114035,3.466818,2.345021,4.819489
L,-0.1229891,1.313025,-0.06066589,0.4454531,-0.4624387,-0.2805109,-18.75965,-26.0142,-5.739432,4.833107
L,-0.1287239,1.318051,-0.05245899,-0.4316238,0.3782838,0.6176829,-66.01219,63.27602,67.60153,4.846394
L,-0.1326553,1.323923,-0.04318388,-0.2550372,0.3809005,0.6016867,11.45536,0.1697464,-1.037692,4.861809
L,-0.1330256,1.328219,-0.03668959,-0.02740772,0.3179701,0.480643,16.8469,-4.65749,-8.958465,4.87532
L,-0.1311831,1.331493,-0.03201542,0.1435007,0.2549391,0.3640243,13.31035,-4.90885,-9.082266,4.888161
L,-0.1227945,1.331236,-0.02982487,0.6086387,-0.01866524,0.1589374,33.74844,-19.85157,-14.88024,4.901943
L,-0.1202947,1.331171,-0.03430394,0.1691952,-0.004389362,-0.3031659,-29.74373,0.9662626,-31.27746,4.916718
L,-0.1163863,1.331384,-0.03857886,0.2724963,0.01487699,-0.2980435,7.202062,1.343234,0.357131,4.931061
L,-0.1170006,1.330567,-0.04037645,-0.04970522,-0.06607832,-0.1454406,-26.06889,-6.549984,12.34689,4.94342
L,-0.1167094,1.330046,-0.04178417,0.020444,-0.03657271,-0.09882896,4.924798,2.07143,3.272351,4.957664
L,-0.1157233,1.329691,-0.04304738,0.07275872,-0.02621024,-0.09320029,3.859834,0.7645533,0.4152895,4.971218
L,-0.1191462,1.33261,-0.04197628,-0.2444274,0.2084326,0.07648604,-22.65008,16.75571,12.1172,4.985222
L,-0.1229197,1.336738,-0.04054739,-0.2220477,0.2429012,0.08407995,1.316879,2.028223,0.4468456,5.002216
L,-0.1251466,1.340207,-0.03943324,-0.2165303,0.3372821,0.1083336,0.5364863,9.177068,2.35829,5.012501
L,-0.1361254,1.332713,-0.04913631,-0.7157501,-0.4885134,-0.6325796,-32.54601,-53.83669,-48.30289,5.02784
L,-0.1545808,1.326867,-0.05970856,-1.436026,-0.4549013,-0.8226329,-56.04515,2.615381,-14.78817,5.040691
L,-0.1676215,1.322732,-0.06761926,-0.9140437,-0.2898312,-0.554477,36.5868,11.57009,18.79558,5.054958
L,-0.1775348,1.319679,-0.07387827,-0.6097389,-0.187764,-0.3849746,18.71696,6.277879,10.42563,5.071217
L,-0.1987154,1.320956,-0.07672463,-1.969627,0.1186702,-0.2646876,-126.4585,28.49588,11.18571,5.08197
L,-0.21481,1.321687,-0.07959366,-1.116458,0.05070786,-0.1990208,59.18318,-4.714453,4.555215,5.096386
L,-0.2224324,1.320945,-0.06808811,-0.52918,-0.05150953,0.7987583,40.77101,-7.096313,69.26955,5.11079
L,-0.2299662,1.320264,-0.06012089,-0.582747,-0.0526243,0.6162758,-4.143488,-0.08622883,-14.11528,5.123718
L,-0.2372605,1.31963,-0.054604,-0.5119582,-0.04451138,0.3872074,4.968369,0.5694121,-16.07735,5.137966
L,-0.2576466,1.323906,-0.04482172,-1.304072,0.2735404,0.62576,-50.67052,20.34538,15.25991,5.153599
L,-0.2738115,1.326936,-0.03741112,-1.178727,0.2209405,0.5403743,9.14003,-3.835534,-6.226243,5.167313
L,-0.2891743,1.32434,-0.03224383,-1.197168,-0.2023447,0.402668,-1.437054,-32.98504,-10.73094,5.180145
L,-0.3028165,1.322472,-0.02790987,-1.024702,-0.1402668,0.3255363,12.95441,4.662847,-5.793587,5.193459
L,-0.3153624,1.32109,-0.02407687,-0.8524717,-0.0939282,0.2604448,11.70275,3.148625,-4.422849,5.208176
L,-0.328229,1.314304,-0.01561869,-0.8906559,-0.469699,0.5854928,-2.643191,-26.01163,22.5005,5.222622
L,-0.3404332,1.309283,-0.008610498,-0.9932499,-0.4086949,0.5703682,-8.349702,4.964871,-1.230931,5.234909
L,-0.3540723,1.297534,-0.002538447,-0.958297,-0.8254573,0.4266287,2.455826,-29.28217,-10.09929,5.249142
L,-0.3668546,1.288722,0.002912085,-0.937288,-0.646215,0.3996711,1.540524,13.1433,-1.97672,5.262779
L,-0.3765171,1.270628,0.006896028,-0.6406092,-1.199561,0.2641292,19.66934,-36.68594,-8.986217,5.277863
L,-0.3866659,1.25687,0.01090347,-0.75452,-1.022875,0.297937,-8.468812,13.13588,2.513474,5.291313
L,-0.3970963,1.245379,0.0149392,-0.732458,-0.8069331,0.2834032,1.549269,15.16416,-1.020608,5.305553
L,-0.4064912,1.231085,0.01992123,-0.6470889,-0.9844981,0.3431448,5.879926,-12.23006,4.114788,5.320072
L,-0.4163343,1.218978,0.02467728,-0.6973817,-0.8578209,0.3369647,-3.563235,8.975046,-0.4378547,5.334187
L,-0.4108481,1.203148,0.01783695,0.4072987,-1.175198,-0.5078309,82.01228,-23.56232,-62.71824,5.347656
L,-0.4095919,1.189592,0.01392763,0.08902744,-0.9606819,-0.2770494,-22.55553,15.20253,16.35523,5.361767
L,-0.4110695,1.177299,0.01185272,-0.1069124,-0.8894994,-0.150131,-14.17733,5.150449,9.183241,5.375587
L,-0.4167407,1.166772,0.01269405,-0.3993188,-0.741195,0.05923994,-20.58893,10.44241,14.74224,5.38979
L,-0.4227652,1.156443,0.01377655,-0.46165,-0.7915266,0.08294915,-4.776306,-3.856808,1.816787,5.40284
L,-0.4291189,1.146298,0.01507588,-0.4731756,-0.7555309,0.09676527,-0.8583429,2.6807,1.028925,5.416267
L,-0.4355763,1.136233,0.01644192,-0.4655614,-0.7256257,0.09848711,0.5489613,2.15607,0.1241389,5.430138
L,-0.4420996,1.126232,0.01785228,-0.4572297,-0.7009943,0.09885437,0.5839844,1.726462,0.02574208,5.444405
L,-0.4486637,1.116257,0.01928695,-0.4552166,-0.6917907,0.0994948,0.1396102,0.638273,0.04441396,5.458824
L,-0.4552557,1.106293,0.02074051,-0.5234967,-0.7912754,0.1154324,-5.422362,-7.900428,1.265664,5.471416
L,-0.4734628,1.088025,0.0692797,-1.23044,-1.234572,3.280293,-47.77541,-29.95815,213.8822,5.486214
L,-0.4880481,1.072447,0.1074162,-1.102495,-1.177489,2.882713,9.671235,4.314915,-30.05282,5.499443
L,-0.4854997,1.039498,0.09355023,0.1790989,-2.315684,-0.9744979,90.0703,-79.99221,-271.0844,5.513672
L,-0.4859622,1.014428,0.08529381,-0.03152423,-1.70874,-0.5627585,-14.35611,41.3694,28.06422,5.528343
L,-0.4882597,0.9920416,0.08099773,-0.1781897,-1.736247,-0.3331933,-11.37499,-2.133414,17.80448,5.541237
L,-0.4693625,0.997613,0.07517598,1.262114,0.3720979,-0.3888246,96.1954,140.8127,-3.715522,5.55621
L,-0.4566585,0.9970555,0.07206274,1.032645,-0.04531492,-0.2530596,-18.65234,-33.92939,11.03566,5.568512
L,-0.4606037,0.9950532,0.07136349,-0.2722324,-0.1381655,-0.04825026,-90.04103,-6.407006,14.13255,5.583004
L,-0.4636666,0.9909934,0.07145704,-0.2016418,-0.2672613,0.006158082,4.647141,-8.498666,3.581823,5.598194
L,-0.4681125,0.9819738,0.07290585,-0.3286692,-0.6667901,0.1071057,-9.390716,-29.53584,7.462723,5.611721
L,-0.4719466,0.9725656,0.07446901,-0.3168594,-0.777526,0.1291846,0.975996,-9.151566,1.824665,5.623821
L,-0.4754061,0.9628906,0.07609922,-0.2260406,-0.6321621,0.1065183,5.934098,9.498076,-1.481011,5.639126
L,-0.4764029,0.9604081,0.07045444,-0.07183291,-0.1788843,-0.4067471,11.11177,32.66191,-36.98446,5.653004
L,-0.4778525,0.9557842,0.06680766,-0.1137384,-0.362803,-0.2861366,-3.28802,-14.43076,9.46343,5.665749
L,-0.4794585,0.9562302,0.06841994,-0.1054345,0.0292778,0.1058478,0.5451581,25.74046,25.73413,5.680981
L,-0.481349,0.9551276,0.07002161,-0.1337253,-0.07799008,0.1132939,-2.00115,-7.587596,0.5266982,5.695118
L,-0.4838353,0.9522849,0.07184522,-0.202163,-0.2311424,0.1482782,-5.56468,-12.45284,2.844578,5.707417
L,-0.488275,0.9581251,0.07346815,-0.286377,0.3767148,0.1046854,-5.432133,39.20918,-2.811907,5.722919
L,-0.4927177,0.96166,0.07509363,-0.3555045,0.2828669,0.1300706,-5.531555,-7.509665,2.031314,5.735416
L,-0.492333,0.967961,0.07236873,0.02758949,0.4517958,-0.195382,27.46876,12.11261,-23.33573,5.749363
L,-0.4926374,0.9715263,0.0706171,-0.02032006,0.2379958,-0.1169289,-3.198167,-14.27207,5.237078,5.764343
L,-0.4920829,0.983909,0.06856457,0.03966149,0.8856924,-0.14681,4.29026,46.32736,-2.137286,5.778324
L,-0.4922108,0.9925514,0.06714372,-0.009174077,0.619853,-0.1019061,-3.502586,-19.06654,3.220597,5.792267
L,-0.4927732,0.9986472,0.06611866,-0.0452957,0.4909274,-0.08255448,-2.909083,-10.38312,1.558498,5.804684
L,-0.4895371,1.019773,0.05958311,0.229026,1.495157,-0.4625416,19.41463,71.07257,-26.89291,5.818813
L,-0.4875256,1.035998,0.05478609,0.1425596,1.149796,-0.3399599,-6.127778,-24.4754,8.687223,5.832924
L,-0.4819706,1.06112,0.05221896,0.3884223,1.756643,-0.1795033,17.19163,42.43306,11.21972,5.847225
L,-0.478005,1.08121,0.04999717,0.2739316,1.387764,-0.1534724,-7.908582,-25.4808,1.798117,5.861702
L,-0.475094,1.097678,0.04799042,0.2192146,1.240179,-0.1511223,-4.120577,-11.11417,0.1769808,5.874981
L,-0.466925,1.122553,0.04619226,0.5654748,1.721861,-0.1244726,23.96885,33.34304,1.844742,5.889427
L,-0.4606613,1.143587,0.04445737,0.4517194,1.516902,-0.1251144,-8.203658,-14.78098,-0.04628396,5.903294
L,-0.442093,1.164061,0.03307221,1.313073,1.447877,-0.8051124,60.91145,-4.88112,-48.0867,5.917435
L,-0.4275729,1.182277,0.02442599,1.052933,1.32092,-0.6269862,-18.86426,-9.206406,12.91693,5.931225
L,-0.4159404,1.199032,0.01737915,0.9520445,1.371312,-0.5767361,-8.257015,4.124268,4.112634,5.943443
L,-0.4038985,1.219654,0.01677287,0.83093,1.42299,-0.04183525,-8.357314,3.56593,36.90999,5.957935
L,-0.3934972,1.238622,0.01528644,0.6676416,1.21748,-0.09541146,-10.48116,-13.19127,-3.438952,5.973515
L,-0.3905787,1.269335,0.01945224,0.2482357,2.612336,0.3543283,-35.67318,118.6415,38.25327,5.985271
L,-0.3867287,1.296213,0.02166314,0.2688487,1.876923,0.1543886,1.439414,-51.3543,-13.96191,5.999592
L,-0.3624986,1.301126,0.002405009,1.750282,0.3549273,-1.391128,107.0126,-109.9427,-111.6417,6.013435
L,-0.3424286,1.308785,-0.01181479,1.47332,0.5622112,-1.043863,-20.33152,15.21653,25.49242,6.027058
L,-0.3255367,1.318694,-0.02334665,1.202637,0.7054844,-0.8210235,-19.27159,10.20049,15.86529,6.041103
L,-0.3119408,1.324818,-0.03609489,0.9591189,0.4320169,-0.89932,-17.1789,-19.29168,-5.5234,6.055279
L,-0.2992547,1.333129,-0.04690158,0.9044334,0.5925092,-0.7704403,-3.89869,11.44196,9.188206,6.069305
L,-0.2784252,1.332759,-0.07068899,1.549909,-0.02756883,-1.770005,48.02937,-46.13957,-74.37693,6.082745
L,-0.2599459,1.335887,-0.08925811,1.288699,0.2182013,-1.294968,-18.21617,17.13944,33.12803,6.097084
L,-0.2431922,1.341301,-0.1052618,1.239948,0.4006829,-1.184438,-3.608078,13.50549,8.180283,6.110596
L,-0.2231155,1.340294,-0.1126106,1.3695,-0.0686882,-0.5012828,8.837196,-32.01739,46.60036,6.125256
L,-0.2047445,1.342259,-0.1210402,1.352385,0.1446223,-0.6205502,-1.259908,15.70291,-8.779907,6.13884
L,-0.1951709,1.342718,-0.1273433,0.682716,0.03276319,-0.4494844,-47.75565,-7.976929,12.1991,6.152863
L,-0.1845272,1.345266,-0.1347246,0.8059399,0.192934,-0.5589142,9.330563,12.1282,-8.286066,6.166069
L,-0.1801497,1.349404,-0.1323459,0.3044719,0.2877587,0.1654399,-34.87843,6.59531,50.38076,6.180447
L,-0.1734786,1.354301,-0.1331062,0.4692217,0.3444711,-0.053478,11.58791,3.988951,-15.39791,6.194664
L,-0.1652569,1.359667,-0.1358709,0.6258031,0.408464,-0.2104339,11.91837,4.870892,-11.94688,6.207802
L,-0.1572681,1.354376,-0.1418077,0.5625052,-0.372591,-0.4180212,-4.456927,-54.99567,-14.61664,6.222004
L,-0.1483746,1.352211,-0.1479731,0.6427865,-0.1564826,-0.4456097,5.802385,15.61938,-1.993982,6.23584
L,-0.1506922,1.344751,-0.1529676,-0.1668616,-0.5371121,-0.3595971,-58.29288,-27.40448,6.192723,6.249729
L,-0.1496081,1.340524,-0.1584139,0.06642999,-0.2589922,-0.3337305,14.29546,17.04241,1.585032,6.266048
L,-0.1462999,1.338262,-0.16413,0.2884998,-0.1972721,-0.4984809,19.36603,5.38242,-14.36737,6.277515
L,-0.1650088,1.340801,-0.1582921,-1.209478,0.1641107,0.3773996,-96.83993,23.36235,56.62314,6.292984
L,-0.1756921,1.343153,-0.1556666,-0.9007908,0.1983254,0.2213797,26.02782,2.884913,-13.15525,6.304844
L,-0.1884253,1.347114,-0.1544654,-0.842489,0.2621072,0.07947671,3.857514,4.220093,-9.388951,6.319958
L,-0.1965167,1.350537,-0.1547639,-0.6098613,0.2579787,-0.02250081,17.53363,-0.3111702,-7.686255,6.333225
L,-0.2019553,1.353596,-0.1559997,-0.3422254,0.1925258,-0.07776213,16.84089,-4.118601,-3.477298,6.349117
L,-0.2230773,1.35773,-0.1556769,-1.757782,0.3439782,0.0268626,-117.803,12.60391,8.706903,6.361134
L,-0.2378843,1.361378,-0.1562933,-0.9957781,0.2453422,-0.04145355,51.24541,-6.633359,-4.594322,6.376003
L,-0.2626028,1.361198,-0.1561134,-1.924509,-0.01404255,0.01400542,-72.30803,-20.19488,4.317861,6.388847
L,-0.2807678,1.361745,-0.1566761,-1.357426,0.04092431,-0.04204564,42.37663,4.107535,-4.188554,6.402229
L,-0.311433,1.371011,-0.1421235,-2.168516,0.6552553,1.029102,-57.35695,43.44299,75.74725,6.41637
L,-0.3341069,1.378525,-0.1316846,-1.590111,0.5269613,0.7320739,40.5632,-8.997191,-20.83046,6.43063
L,-0.3534515,1.384799,-0.1241588,-1.441052,0.467338,0.5606218,11.10399,-4.441567,-12.77213,6.444054
L,-0.3642636,1.370963,-0.1319012,-0.7639698,-0.9776617,-0.5470635,47.8418,-102.1019,-78.26767,6.458206
L,-0.3755897,1.362145,-0.1370861,-0.8141131,-0.6337743,-0.3726929,-3.604264,24.7184,12.53364,6.472118
L,-0.3825492,1.354787,-0.1378493,-0.4655265,-0.4922094,-0.05104738,23.31714,9.469352,21.51504,6.487068
L,-0.3908622,1.349701,-0.1383521,-0.6581707,-0.402654,-0.0398093,-15.25235,7.09043,0.8897599,6.499699
L,-0.3999865,1.346008,-0.1386957,-0.6415974,-0.2597237,-0.02416364,1.165395,10.05052,1.100166,6.51392
L,-0.3952218,1.33976,-0.1433917,0.3010477,-0.3947186,-0.2967036,59.55863,-8.529308,-17.21975,6.529747
L,-0.3946847,1.335026,-0.1467919,0.04713655,-0.4154879,-0.2984103,-22.28366,-1.82275,-0.1497792,6.541142
L,-0.3817686,1.337118,-0.1460243,0.9092059,0.1472375,0.05403611,60.68376,39.612,24.8098,6.555347
L,-0.3742782,1.338207,-0.1456546,0.5223609,0.07599261,0.02578083,-26.97768,-4.968455,-1.970458,6.569687
L,-0.3523677,1.342597,-0.1472975,1.467102,0.2939017,-0.1100066,63.25878,14.59094,-9.092174,6.584621
L,-0.3370211,1.345567,-0.1486452,1.257979,0.2434432,-0.1104682,-17.14207,-4.136145,-0.03784042,6.596821
L,-0.3263737,1.347602,-0.1498006,0.7182574,0.1372877,-0.07794205,-36.40882,-7.161095,2.194169,6.611645
L,-0.301212,1.356423,-0.1545856,1.911884,0.6702446,-0.3635836,90.69625,40.49607,-21.70412,6.624805
L,-0.2820072,1.36299,-0.1582635,1.321715,0.4519969,-0.2531207,-40.61674,-15.0203,7.602305,6.639336
L,-0.2569034,1.367351,-0.1607428,1.919164,0.3334062,-0.189538,45.67439,-9.066153,4.860841,6.652416
L,-0.2368184,1.370933,-0.162932,1.343838,0.2396312,-0.1464744,-38.49368,-6.274264,2.881281,6.667362
L,-0.22017,1.374047,-0.1649393,1.233894,0.2307923,-0.1487732,-8.148493,-0.6550893,-0.1703774,6.680855
L,-0.2058825,1.380067,-0.1601781,1.030934,0.4343862,0.3435543,-14.64483,14.69059,35.52456,6.694714
L,-0.1928734,1.385076,-0.1571172,0.9199488,0.3541948,0.2164539,-7.848416,-5.670813,-8.988028,6.708855
L,-0.1816859,1.37654,-0.1536953,0.739473,-0.564202,0.2261754,-11.92905,-60.70403,0.6425732,6.723984
L,-0.1707402,1.371104,-0.1513643,0.91702,-0.4553871,0.1952938,14.87468,9.116381,-2.587229,6.73592
L,-0.1678752,1.364367,-0.1440481,0.1891766,-0.4448835,0.4830949,-48.06039,0.693567,19.00386,6.751064
L,-0.1630963,1.35973,-0.1385789,0.388091,-0.3765586,0.4441508,16.15372,5.548623,-3.16263,6.763378
L,-0.1570066,1.356353,-0.1343723,0.4085945,-0.2265645,0.2822458,1.375704,10.064,-10.86317,6.778282
L,-0.165208,1.35426,-0.1259918,-0.5259171,-0.1342343,0.5374027,-59.92579,5.920694,16.362,6.793877
L,-0.1687477,1.352525,-0.1193524,-0.3243252,-0.1589698,0.6083435,18.4712,-2.266425,6.500065,6.80479
L,-0.1823511,1.346043,-0.1109947,-0.9583603,-0.4566313,0.5888019,-44.66769,-20.97022,-1.376705,6.818985
L,-0.1902985,1.341084,-0.1040673,-0.4922909,-0.3071686,0.4291037,28.86987,9.258209,-9.892231,6.835129
L,-0.1951049,1.337033,-0.0981138,-0.4116136,-0.3469352,0.5098594,6.909203,-3.405614,6.915923,6.846806
L,-0.2113186,1.332393,-0.09046013,-0.9996059,-0.2860933,0.4718634,-36.25086,3.751024,-2.342528,6.863026
L,-0.2221203,1.32844,-0.08375458,-0.9320611,-0.3410755,0.578611,5.828331,-4.744327,9.211074,6.874615
L,-0.2492296,1.332599,-0.06891815,-1.908821,0.2928166,1.044663,-68.77563,44.63364,32.81568,6.888817
L,-0.2674403,1.334989,-0.05657651,-1.174373,0.154182,0.7958884,47.36314,-8.940275,-16.04301,6.904324
L,-0.2924013,1.333707,-0.04975104,-2.051858,-0.1053818,0.5610712,-72.13155,-21.33681,-19.30258,6.916489
L,-0.3115965,1.332349,-0.04317226,-1.357043,-0.09606762,0.4650995,49.12127,0.6584818,-6.784897,6.930634
L,-0.3274162,1.330963,-0.03664237,-1.216497,-0.1065195,0.502133,10.80761,-0.8037249,2.84779,6.943638
L,-0.3414885,1.32388,-0.03325888,-0.9858281,-0.4962336,0.2370286,16.15941,-27.30124,-18.57176,6.957912
L,-0.3542894,1.318379,-0.02909491,-0.8731948,-0.3752196,0.2840384,7.683101,8.25478,3.206698,6.972572
L,-0.3613448,1.311716,-0.03235558,-0.5425391,-0.5123937,-0.2507382,25.42664,-10.54836,-41.12305,6.985577
L,-0.3693611,1.306236,-0.03318024,-0.5664273,-0.3871799,-0.05826893,-1.687913,8.847447,13.59964,6.999729
L,-0.3778844,1.301487,-0.03244844,-0.60273,-0.3358258,0.05174938,-2.567183,3.631554,7.780049,7.01387
L,-0.3786947,1.295696,-0.03065577,-0.05784909,-0.4134072,0.1279788,38.89904,-5.538535,5.442014,7.027878
L,-0.3819524,1.290608,-0.02828298,-0.2382747,-0.3722098,0.1735526,-13.19685,3.013295,3.333405,7.04155
L,-0.3753743,1.289527,-0.02926257,0.4783331,-0.07856276,-0.07123218,52.10941,21.35307,-17.79996,7.055302
L,-0.3710517,1.287716,-0.02939414,0.2951676,-0.1237139,-0.008984172,-12.50735,-3.083118,4.250571,7.069946
L,-0.3546282,1.292027,-0.02948291,1.26814,0.3329253,-0.006854491,75.12782,35.25927,0.1644427,7.082897
L,-0.3437744,1.294384,-0.02880389,0.7415278,0.16099,0.04639028,-35.97818,-11.74662,3.637685,7.097534
L,-0.3367609,1.295453,-0.02764228,0.5080284,0.07748169,0.08414183,-16.91364,-6.048966,2.734551,7.11134
L,-0.3194292,1.300196,-0.02925156,1.148195,0.3142216,-0.1066114,42.40984,15.68359,-12.63705,7.126434
L,-0.3066837,1.303276,-0.0298471,1.012474,0.2446591,-0.04730839,-10.78133,-5.525878,4.710888,7.139023
L,-0.2848931,1.30856,-0.03698137,1.603216,0.3887437,-0.5248966,43.46321,10.60087,-35.13805,7.152615
L,-0.2678876,1.312331,-0.04172283,1.253277,0.2779027,-0.3494361,-25.78982,-8.168765,12.93109,7.166183
L,-0.2543757,1.315102,-0.0450254,0.9387879,0.1925275,-0.2294593,-21.85036,-5.931779,8.335861,7.180576
L,-0.2376977,1.317015,-0.04650151,1.214117,0.1392582,-0.1074571,20.04328,-3.877876,8.881461,7.194313
L,-0.2236505,1.318608,-0.04766911,0.9167046,0.10398,-0.07619619,-19.40873,-2.30221,2.040047,7.209637
L,-0.2107334,1.316649,-0.04856051,1.058833,-0.160618,-0.07306874,11.65045,-21.68942,0.2563608,7.221836
L,-0.1991117,1.315465,-0.04935714,0.6902,-0.07027356,-0.04731151,-21.89283,5.365483,1.529701,7.238674
L,-0.1950877,1.313732,-0.04567515,0.3698734,-0.1593509,0.338433,-29.4431,-8.187618,35.45604,7.249554
L,-0.1898878,1.312589,-0.04309975,0.3783306,-0.08317722,0.1873794,0.6153206,5.542179,-10.99023,7.263298
L,-0.1838054,1.311818,-0.04125291,0.4198149,-0.05318589,0.1274717,2.863316,2.070049,-4.134921,7.277786
L,-0.1837153,1.309922,-0.04067212,0.006259737,-0.1318367,0.04037365,-28.74861,-5.467474,-6.054692,7.292171
L,-0.182276,1.308558,-0.04019734,0.1126689,-0.106739,0.03716361,8.329209,1.964535,-0.2512664,7.304947
L,-0.1846155,1.307494,-0.03948634,-0.1632867,-0.07428115,0.04962347,-19.25988,2.265341,0.8696157,7.319275
L,-0.1863816,1.306197,-0.03858398,-0.1221564,-0.08967678,0.06241368,2.84487,-1.064874,0.8846644,7.333733
L,-0.1870031,1.305083,-0.03778107,-0.04616216,-0.08277841,0.05964254,5.645063,0.5124305,-0.2058482,7.347195
L,-0.1993871,1.306005,-0.03650567,-0.9065652,0.06754398,0.09336466,-62.98506,11.00422,2.468599,7.360855
L,-0.2069951,1.306564,-0.0354549,-0.544467,0.03999454,0.07519825,25.9137,-1.971586,-1.300086,7.374828
L,-0.2234635,1.308535,-0.03643005,-1.067,0.1276647,-0.06318089,-33.85538,5.680227,-8.96571,7.390263
L,-0.2346363,1.309921,-0.03699382,-0.9167095,0.1137617,-0.04625605,12.33107,-1.140711,1.388653,7.402451
L,-0.2428972,1.310928,-0.03728936,-0.5651249,0.06889353,-0.02021755,24.05162,-3.069398,1.781273,7.417068
L,-0.2667,1.309238,-0.04190855,-1.60529,-0.1139777,-0.3115237,-70.14999,-12.33306,-19.64604,7.431896
L,-0.2836448,1.308076,-0.04517147,-1.428286,-0.09799036,-0.2750342,14.9198,1.347583,3.075721,7.44376
L,-0.3054746,1.309553,-0.04428353,-1.516308,0.1025851,0.06167688,-6.114078,13.93208,23.38813,7.458157
L,-0.3221317,1.310629,-0.04376139,-1.174441,0.07588085,0.03681441,24.10395,-1.882831,-1.752971,7.47234
L,-0.3405631,1.309947,-0.04613833,-1.220117,-0.04509943,-0.1573486,-3.023698,-8.00865,-12.8532,7.487446
L,-0.3559685,1.309493,-0.04796035,-1.095619,-0.03235214,-0.12958,8.854136,0.9065724,1.974873,7.501507
L,-0.3697393,1.309189,-0.04942577,-1.124236,-0.02474891,-0.1196361,-2.336237,0.620723,0.8118169,7.513756
L,-0.3826861,1.307511,-0.05277473,-0.9533488,-0.1236043,-0.246604,12.58344,-7.27931,-9.349405,7.527336
L,-0.3948454,1.306293,-0.0554015,-0.8680534,-0.08697576,-0.187525,6.089235,2.614909,4.217647,7.541344
L,-0.3986556,1.306267,-0.05804525,-0.2718597,-0.001828729,-0.1886345,42.53909,6.075336,-0.07916057,7.555359
L,-0.40444,1.306182,-0.06028226,-0.4085041,-0.005968818,-0.1579787,-9.649923,-0.2923759,2.16493,7.569519
L,-0.4113854,1.306056,-0.06226607,-0.5140237,-0.009387352,-0.1468221,-7.80952,-0.2530063,0.8257009,7.583031
L,-0.4078361,1.310054,-0.064447,0.2500441,0.2816615,-0.1536465,53.82848,20.50436,-0.4807784,7.597225
L,-0.4066052,1.313722,-0.06677936,0.08995592,0.2680687,-0.1704528,-11.69951,-0.9933832,-1.228228,7.610909
L,-0.3937947,1.322139,-0.0711323,0.8779595,0.5769036,-0.2983262,54.00534,21.1658,-8.763726,7.6255
L,-0.3861463,1.328497,-0.07472826,0.5232235,0.4348986,-0.2459964,-24.26721,-9.714448,3.579839,7.640118
L,-0.3642163,1.340784,-0.08654683,1.724297,0.9661536,-0.9292645,94.43735,41.77124,-53.72365,7.652836
L,-0.3487642,1.350371,-0.09560426,1.11344,0.6907555,-0.6526524,-44.01659,-19.84441,19.93189,7.666714
L,-0.3378312,1.358137,-0.1030166,0.7965558,0.5658178,-0.5400527,-23.08764,-9.102744,8.203824,7.680439
L,-0.320466,1.360591,-0.1094357,1.214238,0.1715958,-0.4488426,29.20592,-27.56547,6.377745,7.69474
L,-0.3071169,1.363424,-0.1152246,1.007596,0.2138461,-0.4369556,-15.59745,3.18908,0.8972363,7.707989
L,-0.2887732,1.364273,-0.1207335,1.284715,0.0594443,-0.3858171,19.4082,-10.81365,3.581529,7.722267
L,-0.2740154,1.365908,-0.125968,1.082146,0.1199301,-0.3838298,-14.85377,4.43524,0.1457233,7.735905
L,-0.2617324,1.368055,-0.1310344,0.7891966,0.1379136,-0.3255208,-18.82228,1.155459,3.746406,7.751469
L,-0.254519,1.36531,-0.132389,0.6080235,-0.2313505,-0.1141781,-15.2712,-31.12552,17.81423,7.763332
L,-0.2482217,1.363852,-0.1370555,0.4270048,-0.09883439,-0.3164275,-12.27443,8.985592,-13.71404,7.77808
L,-0.2472224,1.364063,-0.1396542,0.07385092,0.01559416,-0.1920571,-26.10014,8.456938,9.191696,7.791611
L,-0.2470901,1.364114,-0.1400281,0.01008017,0.003860828,-0.02849178,-4.859628,-0.8941348,12.46444,7.804733
L,-0.244956,1.364716,-0.1426387,0.1515333,0.04274445,-0.1853628,10.04363,2.760863,-11.13835,7.818817
L,-0.2456418,1.364769,-0.1426514,-0.0452176,0.003489688,-0.0008370536,-12.9721,-2.588129,12.16607,7.833984
L,-0.2458297,1.364897,-0.1428634,-0.01474343,0.010055,-0.01663518,2.391086,0.5151322,-1.239564,7.846729
L,-0.2566383,1.363642,-0.139367,-0.7981404,-0.09272007,0.2581899,-57.84868,-7.589258,20.29401,7.860271
L,-0.2635723,1.363043,-0.1374691,-0.4940774,-0.04263217,0.1352302,21.66575,3.56897,-8.761393,7.874306
L,-0.2803066,1.363362,-0.1360113,-1.144483,0.02179266,0.09970059,-44.48213,4.4061,-2.429915,7.888927
L,-0.2915107,1.363856,-0.135497,-0.8243295,0.03634578,0.03784118,23.55498,1.070731,-4.551241,7.902519
L,-0.2996983,1.364455,-0.1355758,-0.6372685,0.04664304,-0.00613657,14.55966,0.8014742,-3.422952,7.915367
L,-0.3215726,1.361424,-0.1360031,-1.485553,-0.205829,-0.02901858,-57.6095,-17.14612,-1.553985,7.930092
L,-0.3370627,1.359456,-0.1366636,-1.133934,-0.1441026,-0.04835416,25.73996,4.518631,-1.415444,7.943752
L,-0.3641167,1.355266,-0.1322161,-1.979913,-0.3066112,0.3254848,-61.91185,-11.89298,27.35892,7.957417
L,-0.3939032,1.349403,-0.126527,-2.135182,-0.4202728,0.4078149,-11.13012,-8.147581,5.901646,7.971367
L,-0.4165794,1.34506,-0.1224676,-1.731051,-0.331574,0.3098854,30.85043,6.771071,-7.475718,7.984467
L,-0.4360277,1.341642,-0.1194688,-1.274248,-0.223905,0.1964763,29.92958,7.054432,-7.430524,7.999729
L,-0.4532028,1.338804,-0.1171256,-1.336404,-0.2208741,0.1823299,-4.836376,0.2358301,-1.100736,8.012581
L,-0.4729944,1.327877,-0.1158502,-1.450443,-0.800802,0.09346989,-8.357484,-42.50059,-6.512196,8.026226
L,-0.4896522,1.310425,-0.1141218,-1.18372,-1.24014,0.1228203,18.95361,-31.21977,2.085667,8.040298
L,-0.505487,1.297261,-0.1125659,-1.064905,-0.8852537,0.1046345,7.990396,23.8664,-1.223011,8.055168
L,-0.5207168,1.286455,-0.1111226,-1.077573,-0.7646171,0.1021229,-0.8962803,8.535535,-0.177707,8.069302
L,-0.5356026,1.27712,-0.1097488,-1.167281,-0.7320334,0.1077292,-7.034522,2.555078,0.4396237,8.082054
L,-0.5449253,1.265951,-0.1037999,-0.627286,-0.7514598,0.4002728,36.33376,-1.307118,19.68392,8.096916
L,-0.5467874,1.252155,-0.1005917,-0.1419381,-1.051614,0.2445495,36.99652,-22.87978,-11.87029,8.110035
L,-0.5518613,1.240322,-0.09785933,-0.3538424,-0.8252112,0.1905484,-14.77772,15.7888,-3.765914,8.124374
L,-0.5589055,1.229673,-0.09539624,-0.5271464,-0.7969508,0.1843236,-12.96905,2.114839,-0.4658295,8.137737
L,-0.5671802,1.219705,-0.0931018,-0.5576277,-0.6717143,0.1546202,-2.054113,8.439589,-2.001687,8.152576
L,-0.5637054,1.21318,-0.0894238,0.2727264,-0.5121351,0.2886724,65.17136,12.52477,10.52125,8.165318
L,-0.5598633,1.200975,-0.08366359,0.2672252,-0.8488989,0.4006378,-0.3826218,-23.42282,7.787489,8.179695
L,-0.5596164,1.189905,-0.07884045,0.01750524,-0.7847147,0.341903,-17.70216,4.549892,-4.163593,8.193802
L,-0.5616665,1.17942,-0.07464563,-0.1463567,-0.7485277,0.299468,-11.6981,2.583389,-3.029435,8.207809
L,-0.5651345,1.16931,-0.07083981,-0.2389919,-0.6967337,0.2622697,-6.38374,3.569265,-2.563439,8.222321
L,-0.5697319,1.156546,-0.05729341,-0.3695713,-1.025999,1.088963,-10.49697,-26.46882,66.45587,8.23476
L,-0.5748029,1.144794,-0.04648743,-0.348178,-0.8069179,0.7419387,1.468861,15.04209,-23.82668,8.249325
L,-0.5777682,1.128733,-0.03431188,-0.2108294,-1.141909,0.8656759,9.765422,-23.81772,8.797664,8.26339
L,-0.5815895,1.114553,-0.02417005,-0.2645151,-0.9815983,0.7020388,-3.716235,11.09705,-11.3273,8.277836
L,-0.588701,1.100972,-0.0122166,-0.5561605,-1.062081,0.9348229,-22.8082,-6.294134,18.20493,8.290623
L,-0.5953659,1.088152,-0.001884941,-0.4880325,-0.9387482,0.7565311,4.988648,9.030953,-13.05534,8.304279
L,-0.5932009,1.075843,0.004380038,0.1452229,-0.8256781,0.4202473,42.47802,7.58461,-22.55751,8.319187
L,-0.5931613,1.063817,0.01071331,0.002746889,-0.8347068,0.439563,-9.8886,-0.6266382,1.34061,8.333595
L,-0.5928146,1.059637,0.01262611,0.02662291,-0.3209212,0.1468745,1.833321,39.45103,-22.47408,8.346619
L,-0.5937402,1.053443,0.01574628,-0.06341888,-0.4243743,0.2137827,-6.169345,-7.088243,4.58431,8.361214
L,-0.5930968,1.060751,0.01158192,0.04894715,0.5559344,-0.3167908,8.547905,74.57402,-40.36177,8.374359
L,-0.5929208,1.070704,0.005900678,0.01318234,0.7456238,-0.425637,-2.679488,14.21147,-8.154725,8.387707
L,-0.5936134,1.075996,0.002996482,-0.04457326,0.340635,-0.1869182,-3.717231,-26.06565,15.36428,8.403244
L,-0.5946617,1.07789,0.001973592,-0.08365677,0.1511606,-0.08162697,-3.118876,-15.12011,8.402268,8.415775
L,-0.5881863,1.088859,-0.004978453,0.4349219,0.736701,-0.4669323,34.8302,39.32767,-25.87893,8.430664
L,-0.57289,1.103821,-0.01059647,1.128889,1.104246,-0.4146198,51.216,27.12548,3.860756,8.444214
L,-0.5618094,1.114248,-0.01429259,0.7768747,0.7310361,-0.2591377,-24.67995,-26.16601,10.90096,8.458477
L,-0.5536183,1.121659,-0.0167903,0.582384,0.5269104,-0.177586,-13.82819,-14.51324,5.798284,8.472542
L,-0.5472233,1.1272,-0.01854388,0.4682655,0.4057263,-0.1284053,-8.35628,-8.87366,3.601241,8.486198
L,-0.5412255,1.147897,-0.02608361,0.4257506,1.469182,-0.5352003,-3.017882,75.48834,-28.87595,8.500286
L,-0.5359402,1.171397,-0.02407361,0.4165711,1.852206,0.1584211,-0.7234924,30.18869,54.66888,8.512974
L,-0.5312542,1.189716,-0.02277276,0.3504725,1.370105,0.09729293,-4.94361,-36.05703,-4.571866,8.526344
L,-0.5240796,1.198633,-0.02170685,0.5094165,0.6331341,0.0756832,11.28553,-52.32734,-1.534361,8.540428
L,-0.5178264,1.206735,-0.02098135,0.4348143,0.5633455,0.05044671,-5.1874,-4.852698,-1.7548,8.55481
L,-0.5121989,1.214502,-0.02046928,0.4136901,0.5709478,0.03764312,-1.552889,0.5588632,-0.9412184,8.568413
L,-0.5030334,1.213607,-0.0300046,0.6413966,-0.06264181,-0.6672787,15.93484,-44.33842,-49.33023,8.582703
L,-0.5091333,1.20456,-0.02936597,-0.4378551,-0.6493702,0.04584135,-77.46971,-42.11592,51.18843,8.596634
L,-0.5105296,1.205406,-0.03180553,-0.09818435,0.05947391,-0.1715441,23.88483,49.84422,-15.28603,8.610855
L,-0.5113497,1.206859,-0.03414837,-0.0610622,0.1081813,-0.1744275,2.763803,3.626339,-0.2146685,8.624287
L,-0.5116735,1.208886,-0.03642739,-0.02339013,0.1464736,-0.164673,2.722025,2.766843,0.7048187,8.638126
L,-0.5155476,1.194822,-0.0496261,-0.2612796,-0.9484901,-0.8901366,-16.04355,-73.84569,-48.92615,8.652954
L,-0.5178999,1.185658,-0.05927814,-0.1722416,-0.6710109,-0.7067667,6.519768,20.3183,13.42719,8.666611
L,-0.5193039,1.179291,-0.06692799,-0.09812383,-0.445023,-0.534621,5.179827,15.79348,12.03065,8.68092
L,-0.5401985,1.164786,-0.07269844,-1.538593,-1.0681,-0.4249128,-106.0703,-45.88091,8.078469,8.6945
L,-0.5637298,1.144019,-0.07496436,-1.713494,-1.512153,-0.1649989,-12.73591,-32.3349,18.92635,8.708233
L,-0.5807055,1.128837,-0.07759953,-1.289504,-1.153235,-0.2001718,32.20702,27.26405,-2.671796,8.721397
L,-0.5943138,1.116544,-0.08046325,-0.9172907,-0.8286272,-0.1930334,25.0896,21.88066,0.4811739,8.736233
L,-0.6104671,1.098443,-0.07295434,-1.315471,-1.474157,0.6114986,-32.42637,-52.56969,65.51825,8.748512
L,-0.6238505,1.083802,-0.06821964,-0.8697013,-0.9513665,0.3076782,28.96772,33.97285,-19.74335,8.763901
L,-0.6385689,1.064988,-0.05946605,-1.057946,-1.352344,0.6292021,-13.53089,-28.82203,23.11093,8.777813
L,-0.6514549,1.049182,-0.05330408,-0.9073328,-1.11298,0.4338768,10.60496,16.85412,-13.75325,8.792015
L,-0.6632153,1.035112,-0.04885728,-0.9465526,-1.132407,0.3579073,-3.156662,-1.563603,-6.114506,8.80444
L,-0.6603007,1.015995,-0.05023498,0.1874042,-1.229182,-0.08858383,72.91145,-6.22246,-28.7086,8.819992
L,-0.6607624,0.9995673,-0.05102629,-0.03292472,-1.171518,-0.05643022,-15.71216,4.112155,2.292947,8.834015
L,-0.6492608,0.9846835,-0.04607174,0.9517341,-1.231593,0.4099762,81.47803,-4.971078,38.59396,8.8461
L,-0.6425406,0.97054,-0.04222017,0.4715354,-0.992405,0.2702532,-33.69411,16.78313,-9.803947,8.860352
L,-0.6390578,0.9569502,-0.03911386,0.2462244,-0.9607563,0.2196065,-15.92878,2.237464,-3.580566,8.874496
L,-0.6398664,0.9500506,-0.02905199,-0.05896645,-0.5031163,0.733702,-22.25423,33.37067,37.48736,8.88821
L,-0.6413139,0.9414648,-0.02115198,-0.09064441,-0.537674,0.49473,-1.9838,-2.164137,-14.96538,8.904179
L,-0.6396196,0.9350103,-0.02432085,0.143549,-0.546875,-0.268487,19.8424,-0.7795734,-64.66476,8.915981
L,-0.6390716,0.9270827,-0.02593494,0.03611783,-0.5225476,-0.1063928,-7.081327,1.603541,10.68444,8.931152
L,-0.6298126,0.916769,-0.02166324,0.6751608,-0.7520602,0.3114881,46.59841,-16.73584,30.47148,8.944866
L,-0.6233428,0.9063108,-0.01795757,0.4761414,-0.7696694,0.2727173,-14.64676,-1.295945,-2.853326,8.958454
L,-0.6187605,0.8957801,-0.01464976,0.3321036,-0.7632188,0.2397352,-10.43921,0.4675102,-2.390391,8.972252
L,-0.6169497,0.8853091,-0.01211604,0.1228487,-0.7103795,0.1718941,-14.19641,3.584761,-4.602519,8.986992
L,-0.6154534,0.8747913,-0.009599619,0.1252844,-0.8806043,0.2106884,0.203931,-14.25213,3.248065,8.998936
L,-0.6141315,0.8641846,-0.007090033,0.0852895,-0.6843427,0.161918,-2.580467,12.66276,-3.14666,9.014435
L,-0.6129943,0.8536309,-0.00460601,0.08869198,-0.823146,0.1937435,0.2653792,-10.82608,2.482253,9.027256
L,-0.6119036,0.8429946,-0.002119476,0.07935661,-0.7738647,0.1809131,-0.6792148,3.585567,-0.9335016,9.041
L,-0.6108438,0.8323865,0.00037073,0.07138441,-0.7145065,0.1677268,-0.5369644,3.998045,-0.888157,9.055847
L,-0.6098003,0.8217653,0.002863186,0.07944562,-0.8086789,0.1897713,0.6137663,-7.170119,1.678428,9.068981
L,-0.6087672,0.8111216,0.005356353,0.07544394,-0.7772067,0.1820526,-0.2922049,2.29812,-0.5636229,9.082676
L,-0.6077403,0.8004935,0.007850825,0.06000265,-0.6210676,0.145767,-0.9023277,9.124144,-2.120385,9.099789
L,-0.6077403,0.8004935,0.007850825,0,0,0,-5.064177,52.41763,-12.30262,9.111637
L,-0.6077403,0.8004935,0.007850825,0,0,0,0,0,0,9.123848
L,-0.6077403,0.8004935,0.007850825,0,0,0,0,0,0,9.139629
L,-0.6077403,0.8004935,0.007850825,0,0,0,0,0,0,9.153095
L,-0.6077403,0.8004935,0.007850825,0,0,0,0,0,0,9.166565
L,-0.6077403,0.8004935,0.007850825,0,0,0,0,0,0,9.180984
L,-0.6077403,0.8004935,0.007850825,0,0,0,0,0,0,9.194176
L,-0.6077403,0.8004935,0.007850825,0,0,0,0,0,0,9.209
L,-0.4939273,1.125219,0.03383781,9.154776,26.11992,2.090314,736.3822,2101.006,168.1384,9.221432
L,-0.4939273,1.125219,0.03383781,0,0,0,-573.7197,-1636.906,-130.9977,9.237389
L,-0.4456039,1.18921,0.07899233,3.834044,5.077141,3.582623,304.1984,402.8275,284.2503,9.249992
L,-0.4083257,1.238949,0.1137642,2.89291,3.859893,2.698415,-73.03508,-94.46249,-68.61747,9.262878
L,-0.3839884,1.285665,0.1152549,1.709052,3.280597,0.1046792,-83.13456,-40.68015,-182.141,9.277119
L,-0.3641506,1.323429,0.1175348,1.429063,2.720373,0.1642412,-20.16968,-40.35705,4.290689,9.291
L,-0.3468782,1.355182,0.1210896,1.271513,2.337554,0.2616831,-11.59803,-28.1813,7.173211,9.304585
L,-0.3013883,1.358178,0.07743937,2.828486,0.1862473,-2.714099,96.81004,-133.7648,-185.0293,9.320667
L,-0.263358,1.364906,0.05235713,3.163891,0.5597628,-2.08669,27.90364,31.07421,52.19662,9.332687
L,-0.2193411,1.346344,0.01870998,2.949581,-1.243817,-2.254703,-14.36097,-120.8583,-11.2586,9.34761
L,-0.1816319,1.337755,-0.003762159,2.923759,-0.6659734,-1.742365,-2.00207,44.8028,39.72382,9.360508
L,-0.1489263,1.33458,-0.0224212,2.218263,-0.2153541,-1.265551,-47.85037,30.5633,32.33994,9.375252
L,-0.1364402,1.333052,-0.03714498,0.9341166,-0.1143425,-1.101527,-96.07056,7.55696,12.27114,9.388618
L,-0.1217477,1.334251,-0.05024986,1.068984,0.087245,-0.9534741,9.812561,14.66693,10.77189,9.402363
L,-0.1011947,1.324298,-0.07521133,1.489178,-0.7211339,-1.808596,30.44537,-58.5715,-61.95826,9.416164
L,-0.0802777,1.318951,-0.09522282,1.520176,-0.3885587,-1.454364,2.252842,24.17039,25.74431,9.429924
L,-0.0592456,1.316368,-0.1128954,1.349349,-0.1657566,-1.133811,-10.9597,14.29424,20.56557,9.445511
L,-0.0621475,1.313128,-0.1112491,-0.2081302,-0.23237,0.1180762,-111.7056,-4.777654,89.78792,9.459454
L,-0.05884607,1.311626,-0.1137617,0.2487641,-0.113197,-0.1893313,34.42716,8.979732,-23.16327,9.472725
L,-0.063056,1.311531,-0.1121159,-0.3174935,-0.007111263,0.124119,-42.70456,8.000503,23.63898,9.485985
L,-0.0655262,1.311727,-0.1116667,-0.1776053,0.01404793,0.03229835,10.05783,1.521326,-6.601817,9.499893
L,-0.08362471,1.309756,-0.1069851,-1.203556,-0.1310645,0.3113297,-68.22596,-9.650014,18.55566,9.514931
L,-0.09269518,1.308743,-0.1057045,-0.6866213,-0.07664055,0.09693659,39.13116,4.119813,-16.22924,9.528141
L,-0.09681697,1.308338,-0.1066331,-0.294495,-0.02895033,-0.06634822,28.01678,3.407388,-11.66643,9.542137
L,-0.1182075,1.315904,-0.09691069,-1.502918,0.5316018,0.6831101,-84.90511,39.38498,52.65773,9.55637
L,-0.1312501,1.32175,-0.09110146,-0.9569104,0.428885,0.426212,40.05954,-7.536126,-18.84811,9.57
L,-0.1602657,1.328541,-0.08662507,-2.410863,0.5642136,0.3719363,-120.8067,11.24424,-4.509685,9.582035
L,-0.179528,1.334064,-0.0841177,-1.348687,0.3867188,0.1755585,74.37048,-12.42767,-13.7498,9.596317
L,-0.1941107,1.338757,-0.08285203,-1.029011,0.3311491,0.08931065,22.55749,-3.9212,-6.085964,9.610489
L,-0.2229005,1.340029,-0.07893964,-1.774529,0.07840789,0.2411496,-45.95177,-15.57832,9.358965,9.626713
L,-0.2437204,1.34175,-0.07639851,-1.853879,0.1532566,0.2262713,-7.065652,6.664792,-1.324822,9.637943
L,-0.2788596,1.336365,-0.06953476,-2.449224,-0.375324,0.4784076,-41.4959,-36.8424,17.57406,9.65229
L,-0.3034003,1.333191,-0.06453558,-1.843325,-0.2384133,0.3755026,45.51085,10.28376,-7.729497,9.665604
L,-0.3362102,1.324069,-0.05560707,-2.02708,-0.5636048,0.5516273,-11.35288,-20.09121,10.88146,9.681789
L,-0.3622312,1.317824,-0.04872778,-2.049041,-0.491758,0.5417141,-1.729367,5.657611,-0.7806258,9.694489
L,-0.385911,1.313281,-0.04323934,-1.685455,-0.3233268,0.3906494,25.87887,11.98839,-10.75229,9.708538
L,-0.4155717,1.302947,-0.02952246,-2.294975,-0.7996329,1.061333,-47.16114,-36.85384,51.89366,9.721462
L,-0.4414903,1.295225,-0.01860799,-1.770293,-0.5274069,0.7454828,35.83698,18.59365,-21.57329,9.736103
L,-0.4663664,1.269722,-0.006446654,-1.82767,-1.873721,0.8935037,-4.215544,-98.91487,10.87522,9.749714
L,-0.4897659,1.251368,0.00373358,-1.769262,-1.387772,0.7697396,4.416273,36.74319,-9.357946,9.762939
L,-0.5121516,1.236496,0.012615,-1.565712,-1.040205,0.6211875,14.23676,24.30969,-10.39009,9.777237
L,-0.5282938,1.208407,0.01563042,-1.164121,-2.025636,0.2174618,28.96143,-71.06601,-29.11534,9.791103
L,-0.5459269,1.187105,0.01944785,-1.13156,-1.367021,0.2449739,2.089497,42.26487,1.765514,9.806686
L,-0.5520923,1.160299,0.02226856,-0.4505767,-1.959019,0.2061418,49.7674,-43.26418,-2.837912,9.82037
L,-0.5622413,1.138228,0.02585639,-0.8427305,-1.832713,0.2979189,-32.5628,10.48789,7.62078,9.832413
L,-0.5701256,1.113968,0.02544426,-0.5076916,-1.562178,-0.02653858,21.57416,17.4206,-20.8928,9.847942
L,-0.5806389,1.093275,0.026496,-0.8084528,-1.591211,0.08087665,-23.12782,-2.232583,8.259975,9.860947
L,-0.5928101,1.073849,0.0284957,-0.8796784,-1.404044,0.1445292,-5.147884,13.52759,4.600535,9.874783
L,-0.5907969,1.052925,0.02964175,0.1513434,-1.573039,0.08615777,77.50966,-12.70462,-4.388221,9.888084
L,-0.5935732,1.033587,0.03153499,-0.1922296,-1.338938,0.1310882,-23.78912,16.20926,3.110997,9.902527
L,-0.6016719,1.015602,0.03425288,-0.5501466,-1.221762,0.184628,-24.3135,7.959794,3.636991,9.917248
L,-0.6109602,0.9979682,0.03717954,-0.6729892,-1.277631,0.2120523,-8.900627,-4.047981,1.987037,9.931049
L,-0.6210021,0.9805162,0.04023075,-0.8165129,-1.419025,0.248095,-11.66993,-11.4968,2.930645,9.943348
L,-0.6316198,0.9632405,0.04337645,-0.6840401,-1.112981,0.2026604,8.534514,19.71682,-2.927115,9.95887
R,0.007735504,1.271516,-0.01160784,-0.0133912,-0.002906463,0.01450996,7.811901,3.726821,5.687065,-0.01195908
R,0.007530797,1.271461,-0.01144647,-0.0171173,-0.004575359,0.01349377,-0.3115703,-0.1395505,-0.08497168,0
R,0.007251151,1.271378,-0.01127556,-0.01739208,-0.005182385,0.01062907,-0.01708973,-0.03775283,-0.178165,0.01607895
R,0.007235297,1.271489,-0.01125256,-0.001430597,0.01003657,0.002075742,1.440347,1.373342,-0.7718425,0.02716064
R,0.00718559,1.271593,-0.01123099,-0.003121082,0.006489521,0.00135444,-0.1061438,-0.2227159,-0.04528982,0.04308701
R,0.007026074,1.271574,-0.01139617,-0.01299846,-0.001554243,-0.01346014,-0.8048788,-0.655463,-1.207197,0.05535889
R,0.00683032,1.27154,-0.01157167,-0.01430206,-0.002464813,-0.01282242,-0.09524295,-0.06652746,0.04659275,0.06904602
R,0.006493669,1.271471,-0.0118415,-0.0218714,-0.004484201,-0.01753008,-0.4917612,-0.1311946,-0.3058454,0.08443832
R,0.006318584,1.271335,-0.01269344,-0.01368848,-0.01059685,-0.06660648,0.6397567,-0.477899,-3.836888,0.097229
R,0.006058857,1.271148,-0.01371811,-0.01732904,-0.01248727,-0.06836596,-0.2428998,-0.1261294,-0.1173928,0.1122169
R,0.005914851,1.270894,-0.01420777,-0.01154445,-0.0203555,-0.03925438,0.4637295,-0.6307674,2.33377,0.124691
R,0.005757263,1.270655,-0.01463857,-0.009928063,-0.01505047,-0.0271408,0.1018331,0.3342185,0.7631585,0.140564
R,0.005699983,1.270816,-0.01450137,-0.004607471,0.01292574,0.01103592,0.4279721,2.250321,3.070819,0.1529961
R,0.00562791,1.270982,-0.01435359,-0.005214892,0.01202388,0.01069333,-0.0439503,-0.06525516,-0.02478812,0.1668167
R,0.005541061,1.27115,-0.01420004,-0.005852691,0.01133515,0.01034704,-0.04298074,-0.04641239,-0.02333608,0.1816559
R,0.005482925,1.271052,-0.01431043,-0.004632179,-0.007807751,-0.008795593,0.09724922,-1.525288,-1.525267,0.1942062
R,0.005413829,1.270942,-0.01442957,-0.004961117,-0.007908792,-0.008554016,-0.02361795,-0.007254842,0.01734535,0.2081337
R,0.005707093,1.27108,-0.01426003,0.01798721,0.008437647,0.01039837,1.407526,1.002602,1.162437,0.2244377
R,0.006156776,1.271291,-0.01399368,0.03505255,0.01650312,0.02076226,1.330234,0.6286994,0.8078597,0.2372665
R,0.006827587,1.271606,-0.01358902,0.04774616,0.02241719,0.02880183,0.9034905,0.420944,0.5722306,0.2513161
R,0.006920476,1.271298,-0.01381898,0.007536435,-0.02502128,-0.01865745,-3.262377,-3.848873,-3.850562,0.2636414
R,0.007080617,1.270697,-0.01426663,0.01042725,-0.03916729,-0.02914758,0.1882289,-0.921086,-0.6830411,0.2789993
R,0.007689232,1.270443,-0.01461463,0.04861203,-0.02027156,-0.02779573,3.049942,1.509264,0.1079764,0.2915192
R,0.00833232,1.270177,-0.01497899,0.04141035,-0.01710268,-0.02346239,-0.4637376,0.2040537,0.279037,0.3070488
R,0.009199355,1.269947,-0.01405163,0.06860492,-0.01819537,0.07337852,2.151793,-0.08645997,7.662621,0.3196869
R,0.01026522,1.269665,-0.01288644,0.06936722,-0.0183714,0.075831,0.04961073,-0.01145631,0.1596083,0.3350525
R,0.01134103,1.269379,-0.01169637,0.09059343,-0.02404232,0.1002147,1.787448,-0.4775454,2.053342,0.3469276
R,0.01193519,1.268896,-0.01245054,0.04250946,-0.03457628,-0.05395781,-3.440209,-0.753661,-11.03041,0.3609047
R,0.01259484,1.268363,-0.01326388,0.04579531,-0.03703489,-0.05646482,0.2281163,-0.1706858,-0.1740464,0.375309
R,0.01248005,1.268217,-0.01348498,-0.008192437,-0.01040532,-0.01578001,-3.853135,1.900567,2.903697,0.3893204
R,0.01239323,1.268105,-0.01364408,-0.006466189,-0.008318537,-0.01184838,0.1285584,0.1554086,0.2927988,0.4027481
R,0.01230847,1.267987,-0.01380338,-0.005469784,-0.007639402,-0.01028107,0.06430374,0.04382847,0.1011473,0.4182434
R,0.01247176,1.267833,-0.01343828,0.01189383,-0.01123576,0.02659376,1.264731,-0.2619516,2.685889,0.4319725
R,0.01284284,1.267493,-0.01262044,0.0266287,-0.02435498,0.05868879,1.057393,-0.9414524,2.303181,0.4459076
R,0.01279122,1.267506,-0.01256843,-0.004103888,0.001052093,0.004135655,-2.443544,2.020113,-4.337512,0.4584846
R,0.0127365,1.267523,-0.01251872,-0.003421813,0.001043655,0.003108192,0.04265314,-0.0005276731,-0.06425172,0.4744759
R,0.01210859,1.267132,-0.01163113,-0.05436039,-0.03388169,0.07684229,-4.409922,-3.023603,6.383406,0.4860268
R,0.01118895,1.26655,-0.01031171,-0.06594028,-0.0417037,0.09460503,-0.8303055,-0.5608575,1.273631,0.4999733
R,0.01025803,1.265954,-0.00895379,-0.06622405,-0.04243555,0.09660018,-0.02018742,-0.05206205,0.1419315,0.5140305
R,0.009740051,1.266062,-0.00922791,-0.03722181,0.007795367,-0.01969816,2.084091,3.609576,-8.357158,0.5279465
R,0.009284697,1.266153,-0.009461084,-0.03360597,0.006747959,-0.01720868,0.2668553,-0.07730065,0.1837278,0.5414963
R,0.009462255,1.266326,-0.01032287,0.01193485,0.01160256,-0.05792618,3.06109,0.3263091,-2.736884,0.5563736
R,0.009767195,1.266611,-0.01177983,0.02159326,0.02020867,-0.1031697,0.683926,0.609411,-3.203761,0.5704956
R,0.01009619,1.266914,-0.01335388,0.02430097,0.02238307,-0.1162657,0.2000031,0.1606099,-0.967323,0.584034
R,0.02003236,1.27306,-0.01559677,0.7515025,0.46481,-0.1696366,55.00043,33.46207,-4.036602,0.5972557
R,0.02734983,1.277554,-0.0172274,0.5278562,0.3241693,-0.1176275,-16.13305,-10.14532,3.751755,0.6111183
R,0.04224379,1.282272,-0.02284167,0.9773127,0.3095588,-0.3683974,29.49244,-0.958712,-16.45503,0.626358
R,0.0537281,1.285966,-0.02700794,0.9243295,0.2973211,-0.3353281,-4.264426,-0.9849651,2.661628,0.6387825
R,0.06281306,1.289001,-0.03028942,0.5995892,0.2003005,-0.2165713,-21.4322,-6.403164,7.837708,0.6539345
R,0.0835142,1.291281,-0.03032617,1.508249,0.166134,-0.002676997,66.20336,-2.489317,15.58397,0.6676598
R,0.1000371,1.293402,-0.0307643,1.264266,0.1622884,-0.03352451,-18.66857,-0.2942492,-2.36033,0.6807289
R,0.1139541,1.2931,-0.04008323,1.029997,-0.02229496,-0.6896955,-17.33831,-13.66104,-48.56332,0.6942406
R,0.1259464,1.293368,-0.04709551,0.8301349,0.01848429,-0.4854047,-13.83489,2.822824,14.14143,0.7086868
R,0.1489902,1.291759,-0.05063681,1.655009,-0.1155308,-0.254337,59.24265,-9.625002,16.59534,0.7226105
R,0.16836,1.290984,-0.05391544,1.315802,-0.0526205,-0.222719,-23.04249,4.273533,2.147828,0.7373314
R,0.1850677,1.290739,-0.05701903,1.189522,-0.01746673,-0.2209633,-8.990639,2.502811,0.1249989,0.7513771
R,0.1928081,1.28041,-0.06174054,0.6237643,-0.8323663,-0.3804844,-45.59175,-65.66893,-12.85506,0.7637863
R,0.2003671,1.275455,-0.05967416,0.5389074,-0.3532346,0.1473181,-6.049696,34.15868,37.62857,0.777813
R,0.2088495,1.27181,-0.05887534,0.5822461,-0.2502128,0.054833,2.974854,7.071634,-6.348364,0.7923813
R,0.2179235,1.269004,-0.058902,0.6358427,-0.1966386,-0.001868286,3.755689,3.754115,-3.973243,0.8066521
R,0.2273655,1.266721,-0.05944027,0.6775724,-0.1637952,-0.03862702,2.994576,2.356887,-2.637854,0.8205872
R,0.2247517,1.260905,-0.06501564,-0.1901165,-0.4230369,-0.4055357,-63.11305,-18.85645,-26.68782,0.8343353
R,0.2256007,1.256391,-0.06945354,0.06725384,-0.3576232,-0.3515773,20.38927,5.182176,4.274673,0.8469582
R,0.2231394,1.254196,-0.0705467,-0.1723749,-0.1537453,-0.0765601,-16.78259,14.27875,19.26105,0.8612366
R,0.2230242,1.252277,-0.07173545,-0.007695063,-0.128129,-0.07939441,10.99868,1.710872,-0.1892984,0.8762093
R,0.2195211,1.251387,-0.07197258,-0.2469952,-0.06275215,-0.01671923,-16.87227,4.609506,4.419022,0.8903923
R,0.2178552,1.250354,-0.07249264,-0.1212022,-0.07519775,-0.03783848,9.152343,-0.9055063,-1.536576,0.9041367
R,0.2174623,1.249371,-0.07311078,-0.02810795,-0.07029331,-0.0442131,6.658688,0.3507962,-0.4559534,0.9181175
R,0.2084423,1.250693,-0.06712906,-0.6847759,0.1003656,0.4541188,-49.85276,12.95604,37.83224,0.9312897
R,0.2030415,1.251245,-0.06304879,-0.4274678,0.0436764,0.3229526,20.36588,-4.486938,-10.38177,0.943924
R,0.1919643,1.251966,-0.06171704,-0.7661836,0.04985983,0.09211303,-23.42805,0.4276908,-15.96655,0.9583817
R,0.1771383,1.256498,-0.05296681,-1.015824,0.3105316,0.5995349,-17.10448,17.86031,34.76675,0.9729767
R,0.1666843,1.259655,-0.04638804,-0.8187801,0.2472457,0.5152632,15.43289,-4.956682,-6.600332,0.9857445
R,0.1587303,1.261901,-0.04129897,-0.5150943,0.1454499,0.3295626,19.66636,-6.592181,-12.02577,1.001186
R,0.1523744,1.263583,-0.03712761,-0.4942605,0.1308032,0.3243836,1.620124,-1.138996,-0.4027412,1.014046
R,0.138975,1.265586,-0.03827348,-0.8985844,0.1343374,-0.0768439,-27.11463,0.2370131,-26.90698,1.028957
R,0.1244301,1.271511,-0.0348827,-1.142603,0.4654068,0.2663686,-19.16934,26.00775,26.96168,1.041687
R,0.1127479,1.276119,-0.03178809,-0.8417813,0.3321021,0.2229891,21.67638,-9.605559,-3.125805,1.055565
R,0.1028267,1.279854,-0.02890861,-0.6552771,0.2466301,0.1901835,12.3182,-5.645243,-2.166739,1.070705
R,0.09396279,1.283041,-0.02616458,-0.6758642,0.2430283,0.2092292,-1.569744,-0.2746373,1.452216,1.08382
R,0.08633167,1.288016,-0.02063307,-0.5125424,0.3341821,0.3715227,10.96947,6.12232,10.9004,1.098709
R,0.06599596,1.28433,-0.02093188,-1.465736,-0.265698,-0.02153781,-68.70334,-43.23755,-28.33062,1.112583
R,0.04967829,1.282159,-0.02051168,-1.187887,-0.158029,0.03058978,20.22677,7.838042,3.794761,1.12632
R,0.0330322,1.278036,-0.01614974,-1.328767,-0.3291337,0.3481899,-11.24572,-13.65836,25.3523,1.138847
R,0.01838918,1.275292,-0.01232057,-1.050227,-0.196828,0.2746365,19.97745,9.489234,-5.275398,1.15279
R,0.004984213,1.273405,-0.008860694,-0.9031181,-0.1271283,0.233098,9.911013,4.695798,-2.798527,1.167633
R,-0.003706743,1.269578,-0.004051119,-0.6511238,-0.2867069,0.3603319,18.87934,-11.95558,9.532325,1.180981
R,-0.01311137,1.266738,0.0002158841,-0.6903853,-0.2084938,0.3132369,-2.882158,5.74156,-3.457203,1.194603
R,-0.02285469,1.264516,0.00412756,-0.6519026,-0.1486887,0.2617209,2.574791,4.001411,-3.446816,1.209549
R,-0.03232588,1.260765,0.004090373,-0.7571862,-0.2998247,-0.002972946,-8.417038,-12.08276,-21.1613,1.222057
R,-0.04209965,1.257773,0.00489405,-0.6378234,-0.1952639,0.05244684,7.789454,6.823495,3.61662,1.237381
R,-0.04640426,1.254705,0.00701358,-0.3138011,-0.22366,0.1545112,23.62083,-2.07004,7.440366,1.251099
R,-0.05238343,1.252077,0.009284968,-0.4769943,-0.2096869,0.1812022,-13.01891,1.114712,2.129306,1.263634
R,-0.05278007,1.250631,0.00420071,-0.02449943,-0.08928046,-0.3140451,27.94977,7.437284,-30.59051,1.279823
R,-0.05522205,1.249092,0.0007198794,-0.2049137,-0.1291913,-0.2920868,-15.13909,-3.349039,1.842592,1.29174
R,-0.05924252,1.247421,-0.001739594,-0.2776458,-0.1153764,-0.1698462,-5.022728,0.9540326,8.441684,1.306221
R,-0.05853701,1.247534,-0.001297413,0.05023011,0.008037412,0.03148153,23.34348,8.786579,14.33375,1.320267
R,-0.05739072,1.247688,-4.8166E-05,0.08170015,0.01101142,0.08903823,2.24298,0.211968,4.102268,1.334297
R,-0.05676617,1.247688,0.001677074,0.04523948,-2.590495E-05,0.1249686,-2.641046,-0.7994938,2.602632,1.348103
R,-0.04700323,1.248116,6.949872E-06,0.6759894,0.0296322,-0.11564,43.67335,2.053538,-16.65982,1.362545
R,-0.0341212,1.250127,-0.001102977,0.9388227,0.1465544,-0.08088984,19.1549,8.521118,2.532538,1.376266
R,-0.02549583,1.251355,-0.001786884,0.6665946,0.09492925,-0.05285435,-21.03861,-3.989749,2.166668,1.389206
R,-0.01970049,1.252077,-0.002205575,0.4406078,0.05489595,-0.03183221,-17.18129,-3.043645,1.598268,1.402359
R,-0.01565405,1.252485,-0.002459535,0.2657188,0.02679578,-0.01667688,-11.4845,-1.845263,0.9952101,1.417587
R,-0.004108187,1.257008,-0.004663266,0.8750154,0.3428014,-0.1670121,46.17619,23.94882,-11.39331,1.430782
R,0.01308728,1.260493,-0.005496395,1.179714,0.2390654,-0.05715775,20.90421,-7.116927,7.536679,1.445358
R,0.02636703,1.263078,-0.006122727,0.9963386,0.1939486,-0.0469918,-13.75811,-3.384975,0.7627205,1.458687
R,0.03691597,1.265099,-0.006623815,0.7171527,0.1374157,-0.03406563,-18.98001,-3.843294,0.8787649,1.473396
R,0.05060467,1.267937,-0.007325822,1.04284,0.2162071,-0.0534807,24.81166,6.002527,-1.479089,1.486523
R,0.06207237,1.270257,-0.00790565,0.7818433,0.1581437,-0.03953141,-17.7942,-3.958642,0.9510332,1.50119
R,0.07198853,1.271153,-0.01519213,0.7706676,0.06967092,-0.5662935,-0.8685564,-6.875959,-40.93908,1.514057
R,0.0809801,1.27212,-0.02060511,0.5876554,0.06315445,-0.3537718,-11.96099,-0.4258918,13.88962,1.529358
R,0.08749004,1.274127,-0.02683707,0.5155713,0.1589785,-0.493556,-5.708889,7.589031,-11.07057,1.541985
R,0.09409942,1.275921,-0.03183799,0.4466644,0.1212055,-0.3379641,-4.656747,-2.552707,10.51495,1.556782
R,0.1008288,1.277573,-0.03606879,0.5237692,0.1286186,-0.329299,6.001352,0.5769878,0.6744382,1.56963
R,0.1057933,1.280913,-0.0438281,0.3739707,0.2515625,-0.5844985,-11.28413,9.261208,-19.22385,1.582905
R,0.1112626,1.283745,-0.05017109,0.3743452,0.1938398,-0.4341458,0.02563438,-3.950828,10.29088,1.597515
R,0.1148631,1.289368,-0.05782638,0.2353158,0.3675128,-0.5003211,-9.086446,11.35062,-4.324975,1.612816
R,0.1192242,1.294009,-0.06436439,0.3696262,0.3933782,-0.554122,11.38334,2.192198,-4.559838,1.624615
R,0.1240801,1.297984,-0.0702519,0.3212861,0.2629669,-0.3895449,-3.198402,-8.628605,10.88917,1.639729
R,0.1225821,1.303029,-0.07813381,-0.1141253,0.3843814,-0.600463,-33.17073,9.249655,-16.06827,1.652855
R,0.1230219,1.30744,-0.08509279,0.03253739,0.3262468,-0.5147449,10.8484,-4.300117,6.340435,1.666374
R,0.1263902,1.313113,-0.09127423,0.2353365,0.3963719,-0.4318837,14.16913,4.899487,5.789327,1.680687
R,0.1301198,1.318112,-0.09716432,0.274399,0.3677817,-0.4333569,2.873984,-2.103494,-0.1083905,1.694279
R,0.1340573,1.322666,-0.1028666,0.2587565,0.2992996,-0.3747327,-1.027973,-4.500419,3.852595,1.709496
R,0.1325603,1.331464,-0.1023731,-0.1090667,0.6410158,0.03595096,-26.79895,24.89685,29.92169,1.723221
R,0.1326157,1.338944,-0.1034537,0.003955184,0.5339392,-0.07713939,8.068628,-7.644195,-8.073518,1.737228
R,0.1220444,1.340485,-0.1120108,-0.8438529,0.1230778,-0.6830721,-67.67594,-32.79685,-48.36834,1.749756
R,0.1153298,1.342743,-0.1194095,-0.4930497,0.1658001,-0.5432806,25.75937,3.137083,10.26485,1.763374
R,0.1031932,1.348855,-0.1214941,-0.8564009,0.43125,-0.1471005,-25.63939,18.73112,27.95592,1.777546
R,0.09466892,1.354462,-0.1243858,-0.5283972,0.3475925,-0.1792488,20.33204,-5.185697,-1.992779,1.793678
R,0.08825392,1.359709,-0.127766,-0.5648822,0.4620108,-0.2976498,-3.21274,10.07527,-10.42598,1.805035
R,0.07546289,1.362767,-0.1244691,-0.9006419,0.215275,0.2321433,-23.64152,-17.37317,37.30381,1.819237
R,0.06580748,1.36619,-0.1231896,-0.6294721,0.2231721,0.08341656,17.67857,0.514843,-9.696053,1.834576
R,0.04645891,1.366346,-0.1173345,-1.572748,0.01270349,0.4759284,-76.67416,-17.10793,31.90531,1.846878
R,0.03157945,1.367559,-0.1137803,-1.036831,0.08450458,0.24767,37.34381,5.00325,-15.90553,1.861229
R,0.01922146,1.369461,-0.1117372,-0.8841631,0.1361132,0.1461731,10.92278,3.692382,-7.261681,1.875206
R,0.006568978,1.368674,-0.1068494,-0.9319394,-0.05797801,0.3600143,-3.519041,-14.29611,15.75083,1.888783
R,-0.004600045,1.368981,-0.1035215,-0.7215112,0.01983736,0.2149833,13.59352,5.026819,-9.368902,1.904263
R,-0.02149918,1.358806,-0.101276,-1.336352,-0.804638,0.1775688,-48.62043,-65.19798,-2.958669,1.916908
R,-0.03593531,1.352135,-0.09965074,-1.060932,-0.4902404,0.1194434,20.24098,23.10554,-4.27172,1.930515
R,-0.04136636,1.347379,-0.09635098,-0.3546878,-0.3106082,0.2154992,46.123,11.73132,6.273154,1.945827
R,-0.04807312,1.343992,-0.09380463,-0.5274944,-0.2664079,0.200273,-13.59142,3.476401,-1.197558,1.958542
R,-0.05545682,1.341458,-0.09175275,-0.5387121,-0.1848473,0.1497041,-0.8184447,5.950633,-3.689488,1.972248
R,-0.05273961,1.340956,-0.08825843,0.2000289,-0.03696293,0.2572355,54.38262,10.88655,7.915956,1.985832
R,-0.05262901,1.340479,-0.08572862,0.007575951,-0.03271165,0.1732887,-13.18275,0.2912062,-5.750236,2.000431
R,-0.04573618,1.339792,-0.08578242,0.5130358,-0.05113395,-0.00400496,37.6216,-1.371179,-13.19604,2.013866
R,-0.04065937,1.338976,-0.08554853,0.3763731,-0.06044082,0.01734006,-10.13159,-0.6899723,1.582429,2.027355
R,-0.03827013,1.338279,-0.08514814,0.1624285,-0.04739367,0.02721965,-14.54469,0.8869897,0.6716483,2.042065
R,-0.02748986,1.338432,-0.08514205,0.6819463,0.009637428,0.0003850635,32.86401,3.607713,-1.697521,2.057873
R,-0.02036507,1.338357,-0.0848704,0.6101668,-0.006350049,0.02326458,-6.14719,-1.369167,1.959402,2.06955
R,-0.002525035,1.341284,-0.08517249,1.309988,0.2149247,-0.02218247,51.38765,16.24814,-3.337163,2.083168
R,0.0107033,1.343311,-0.08517497,0.8641241,0.1323901,-0.0001620709,-29.12548,-5.39147,1.438454,2.098476
R,0.02823998,1.343484,-0.08931534,1.41233,0.01395929,-0.3334479,44.15018,-9.537914,-26.84144,2.110893
R,0.04193541,1.343609,-0.09220511,0.9828017,0.008913906,-0.2073734,-30.82349,-0.3620635,9.047269,2.124828
R,0.05308065,1.343714,-0.09430586,0.7843378,0.007416107,-0.1478387,-13.96675,-0.1054065,4.189711,2.139038
R,0.06682006,1.344542,-0.09583253,0.9723826,0.05857688,-0.1080478,13.30854,3.620812,2.816132,2.153168
R,0.0785455,1.345169,-0.09707823,0.8772129,0.04695527,-0.09319372,-7.119912,-0.8694453,1.111274,2.166534
R,0.09184772,1.341943,-0.1061293,0.8420902,-0.2042381,-0.572974,-2.223421,-15.90168,-30.37226,2.182331
R,0.103622,1.339615,-0.1128783,0.8576145,-0.1695349,-0.4915819,1.130757,2.527709,5.928443,2.19606
R,0.1143334,1.337857,-0.1182726,0.7810637,-0.1282076,-0.3933523,-5.582015,3.013552,7.162807,2.209774
R,0.1254633,1.339654,-0.1242432,0.9024555,0.1456755,-0.4841177,9.842914,22.20749,-7.359602,2.222107
R,0.1359279,1.340822,-0.1292828,0.7505419,0.08378078,-0.3614516,-10.89555,-4.439211,8.79786,2.23605
R,0.1444452,1.342653,-0.1393872,0.6018257,0.1293548,-0.7139614,-10.5081,3.220203,-24.90791,2.250202
R,0.1530597,1.343947,-0.1475428,0.554442,0.08329241,-0.5249078,-3.049683,-2.964639,12.16776,2.265739
R,0.1535008,1.340398,-0.1537095,0.03191632,-0.2567537,-0.4461923,-37.80761,-24.60421,5.695498,2.27956
R,0.1560626,1.337804,-0.1594064,0.1962428,-0.198769,-0.4364144,12.58831,4.441948,0.7490389,2.292614
R,0.1600463,1.335821,-0.1647936,0.2693579,-0.1340437,-0.3642545,4.943691,4.37641,4.879103,2.307404
R,0.1713445,1.346416,-0.1632002,0.8833169,0.8283626,0.1245724,48.00049,75.24278,38.21744,2.320194
R,0.1815761,1.354141,-0.1633012,0.6650504,0.5020844,-0.006563042,-14.18727,-21.20801,-8.523773,2.335579
R,0.183973,1.344556,-0.1657441,0.1917412,-0.7667264,-0.1954186,-37.86243,-101.4987,-15.10752,2.34808
R,0.1876288,1.337791,-0.1685329,0.2739702,-0.507004,-0.2090011,6.162328,19.46389,-1.01789,2.361423
R,0.192193,1.332828,-0.1715262,0.3182996,-0.3460694,-0.2087428,3.091435,11.22321,0.01801717,2.375763
R,0.2007299,1.337888,-0.1714105,0.5921933,0.3510105,0.008027504,18.99963,48.35547,15.03705,2.390179
R,0.2087587,1.341286,-0.1722438,0.6761012,0.2860685,-0.07017447,7.065838,-5.468732,-6.585345,2.402054
R,0.2077637,1.33798,-0.1730032,-0.06889589,-0.228886,-0.05258168,-51.58387,-35.65564,1.218131,2.416496
R,0.2080148,1.335018,-0.1741785,0.01537225,-0.1813683,-0.07196497,5.1601,2.909716,-1.186922,2.432827
R,0.2144267,1.327008,-0.172371,0.5220024,-0.6521254,0.1471467,41.24536,-38.32489,17.83814,2.44511
R,0.2206239,1.320955,-0.1716499,0.4769708,-0.4658691,0.05550063,-3.465874,14.33528,-7.053576,2.458103
R,0.2266428,1.31611,-0.1716319,0.4278244,-0.3444025,0.00127631,-3.493338,8.633878,-3.854279,2.472172
R,0.2314056,1.309063,-0.1689399,0.3443339,-0.5094543,0.194623,-6.036001,-11.93253,13.97813,2.486004
R,0.2363823,1.303296,-0.1673282,0.3172641,-0.3676283,0.1027462,-1.725726,9.041548,-5.857241,2.50169
R,0.2564043,1.302512,-0.1669526,1.682263,-0.06584536,0.0315605,114.6879,25.35596,-5.981055,2.513592
R,0.2729552,1.301095,-0.166877,1.195569,-0.1024042,0.005459493,-35.15678,-2.640863,-1.885429,2.527435
R,0.2870409,1.299278,-0.1669825,0.9894117,-0.1275958,-0.007407431,-14.48093,-1.769511,-0.9038014,2.541672
R,0.2957043,1.290672,-0.163745,0.6247765,-0.6206671,0.2334777,-26.29626,-35.55865,17.37183,2.555538
R,0.3043298,1.283747,-0.161483,0.6235844,-0.500655,0.1635325,-0.08617881,8.676353,-5.056735,2.56937
R,0.3031085,1.265584,-0.1632345,-0.08655,-1.287198,-0.1241288,-50.32644,-55.74139,-20.38623,2.583481
R,0.304474,1.251747,-0.1645034,0.09814788,-0.9945418,-0.09121045,13.27596,21.03591,2.366148,2.597393
R,0.3075542,1.240181,-0.1654494,0.2256086,-0.8471815,-0.06928546,9.335865,10.79341,1.605897,2.611046
R,0.316515,1.235363,-0.1638862,0.5921391,-0.3183609,0.1032936,24.22076,34.94509,11.40422,2.626179
R,0.3249417,1.229918,-0.1628106,0.5920706,-0.3826136,0.07557248,-0.004807692,-4.514463,-1.947713,2.640411
R,0.3288511,1.22055,-0.1620656,0.2810829,-0.6735549,0.05356898,-22.35973,-20.91841,-1.582031,2.65432
R,0.3335148,1.212002,-0.1615216,0.392978,-0.7202668,0.04583785,9.428688,-3.936114,-0.6514522,2.666187
R,0.3403764,1.206932,-0.162139,0.4849648,-0.358326,-0.04363963,6.501422,25.58118,-6.324072,2.680336
R,0.3471673,1.201332,-0.162565,0.4668753,-0.3849741,-0.02928202,-1.243657,-1.832057,0.9870864,2.694881
R,0.3538765,1.195418,-0.1628649,0.4417938,-0.3894514,-0.01975006,-1.651581,-0.2948282,0.6276678,2.710068
R,0.3682518,1.194649,-0.1600718,1.242054,-0.06640367,0.2413326,69.14413,27.91201,22.55809,2.721642
R,0.3806539,1.192305,-0.1580243,0.8674314,-0.1640041,0.1432066,-26.20197,-6.826407,-6.863167,2.735939
R,0.3781701,1.186,-0.1566758,-0.1503735,-0.3816902,0.08163702,-61.61927,-13.17901,-3.727504,2.752457
R,0.3782574,1.179896,-0.1555802,0.00665198,-0.4651435,0.08349155,11.96607,-6.359529,0.1413239,2.765579
R,0.3801181,1.173897,-0.1546391,0.1606154,-0.5178425,0.08122865,13.28963,-4.548802,-0.195326,2.777164
R,0.378159,1.175012,-0.1544188,-0.1254427,0.07142312,0.01410792,-18.31667,37.73142,-4.297825,2.792782
R,0.3766471,1.17556,-0.1541114,-0.1112722,0.0403039,0.0226205,1.042875,-2.290207,0.6264801,2.80637
R,0.3688548,1.188121,-0.1512197,-0.6057816,0.9764977,0.2248121,-38.44385,72.78101,15.71866,2.819233
R,0.3644016,1.19631,-0.1489407,-0.2972689,0.5466482,0.1521269,20.59454,-28.69428,-4.852047,2.834213
R,0.354964,1.208163,-0.1437968,-0.6988723,0.8777277,0.3809189,-29.73952,24.5171,16.9425,2.847717
R,0.3487235,1.216537,-0.1397304,-0.4593974,0.6165227,0.2993486,17.62901,-19.22868,-6.004822,2.861301
R,0.34441,1.222608,-0.1363775,-0.2976462,0.4189014,0.2313613,11.16139,-13.63655,-4.691361,2.875793
R,0.3302362,1.240492,-0.1287463,-1.004755,1.267721,0.5409617,-50.1256,60.17115,21.94697,2.8899
R,0.3200368,1.254252,-0.1225954,-0.8107044,1.093759,0.488906,15.4243,-13.82744,-4.137688,2.902481
R,0.2895654,1.261798,-0.1187552,-1.963113,0.4861376,0.2474046,-74.24353,-39.14584,-15.55865,2.918003
R,0.26852,1.268339,-0.1152036,-1.653754,0.5139857,0.2790849,24.30956,2.188315,2.489448,2.930729
R,0.251098,1.274322,-0.1118152,-1.293423,0.4441996,0.2515621,26.75117,-5.180971,-2.043317,2.944199
R,0.2316452,1.283476,-0.1093314,-1.343013,0.6319875,0.171481,-3.423681,12.96483,-5.528779,2.958683
R,0.2153635,1.291529,-0.106698,-1.113242,0.5506406,0.1800543,15.71031,-5.561966,0.5861861,2.973309
R,0.1913998,1.295995,-0.1040691,-1.71497,0.3195809,0.1881382,-43.0629,-16.53588,0.5785323,2.987282
R,0.1716176,1.300706,-0.1013483,-1.577667,0.3757035,0.2169835,10.95009,4.475875,2.300456,2.999821
R,0.1539372,1.305619,-0.09856915,-1.2747,0.3542182,0.2003704,21.843,-1.549021,-1.197746,3.013691
R,0.1401904,1.311551,-0.0939983,-1.004358,0.4334152,0.3339528,19.75152,5.786234,9.759705,3.027378
R,0.1264367,1.31733,-0.08986582,-0.955341,0.4013646,0.2870442,3.404747,-2.226252,-3.258299,3.041775
R,0.10701,1.313194,-0.09080539,-1.406402,-0.299408,-0.06802064,-32.65474,-50.73276,-25.70508,3.055588
R,0.08950006,1.311606,-0.09066976,-1.262064,-0.1144487,0.009775829,10.40345,13.3313,5.607336,3.069462
R,0.07290186,1.302934,-0.09331512,-1.099045,-0.5742217,-0.1751616,10.79422,-30.44373,-12.24558,3.084564
R,0.05694589,1.297693,-0.09459297,-1.25911,-0.4135592,-0.100837,-12.63095,12.67812,5.865068,3.097237
R,0.04126986,1.29451,-0.09500991,-1.03147,-0.2094315,-0.02743444,14.97854,13.43144,4.829828,3.112434
R,0.05323037,1.300454,-0.08597725,0.8912379,0.4429274,0.6730692,143.2707,48.61057,52.19807,3.125854
R,0.05922971,1.305784,-0.07793487,0.4532249,0.4026027,0.6075682,-33.09005,-3.046368,-4.948325,3.139091
R,0.06813045,1.307611,-0.07317601,0.6267192,0.1286849,0.3350808,12.21609,-19.28711,-19.18639,3.153294
R,0.0719264,1.309412,-0.06902953,0.2798329,0.1327246,0.3056734,-25.57203,0.2978054,-2.167879,3.166859
R,0.07235124,1.311142,-0.06541314,0.02980973,0.1214367,0.2537515,-17.54338,-0.7920392,-3.643203,3.18111
R,0.08095215,1.300972,-0.07526685,0.6233557,-0.7370576,-0.7141531,43.01756,-62.21983,-70.14941,3.194908
R,0.08562213,1.294209,-0.08148243,0.3181411,-0.4607913,-0.4234348,-20.79267,18.82057,19.80511,3.209587
R,0.09648031,1.291482,-0.09165961,0.7977596,-0.200296,-0.7477255,35.23798,19.13881,-23.82592,3.223198
R,0.1035017,1.289479,-0.09869449,0.4903088,-0.1399257,-0.4912499,-21.46947,4.215692,17.90984,3.237518
R,0.1194206,1.288834,-0.109466,1.281647,-0.05192337,-0.8672223,63.71148,7.085164,-30.26993,3.249939
R,0.1309931,1.288237,-0.1174662,0.8417508,-0.04342397,-0.5819147,-31.99672,0.6182204,20.75241,3.263687
R,0.1395726,1.287665,-0.1238193,0.5992675,-0.03990974,-0.4437565,-16.93726,0.2454664,9.650242,3.278004
R,0.157993,1.287499,-0.1329132,1.224648,-0.01107976,-0.6045974,41.57745,1.916715,-10.69325,3.293045
R,0.1724176,1.287237,-0.1402804,1.073325,-0.01944366,-0.5481856,-11.25987,-0.6223516,4.197568,3.306484
R,0.1908649,1.284663,-0.1471777,1.316236,-0.1836554,-0.492129,17.33198,-11.71669,3.999698,3.320499
R,0.2059398,1.282653,-0.1532786,1.097115,-0.1462729,-0.4440057,-15.94704,2.7206,3.502286,3.33424
R,0.2186909,1.281002,-0.158892,1.019399,-0.1319953,-0.4487744,-6.213118,1.141443,-0.3812376,3.346748
R,0.2395277,1.276871,-0.1636088,1.384954,-0.2745864,-0.3135053,24.29716,-9.477538,8.990869,3.361794
R,0.2572134,1.273632,-0.1683007,1.266718,-0.2320099,-0.3360528,-8.468536,3.049502,-1.614942,3.375755
R,0.2677049,1.265968,-0.1765324,0.7075629,-0.516843,-0.5551568,-37.71009,-19.20949,-14.77664,3.390583
R,0.277953,1.260047,-0.1837449,0.8074749,-0.4665239,-0.5682954,7.872356,3.964791,-1.035223,3.403275
R,0.2929987,1.251738,-0.1881761,1.108218,-0.612075,-0.3263842,22.15174,-10.72081,17.81836,3.416851
R,0.3069081,1.245055,-0.1928294,0.9133932,-0.4388386,-0.305574,-12.79364,11.37597,1.366552,3.432079
R,0.3199624,1.239336,-0.1976131,0.9839235,-0.4310218,-0.3605576,5.316013,0.5891699,-4.144228,3.445347
R,0.3325332,1.230909,-0.2063406,0.9661023,-0.6476198,-0.6707264,-1.369604,-16.64611,-23.83725,3.458359
R,0.3447624,1.223808,-0.2140123,0.8258167,-0.4795531,-0.5180601,-9.473218,11.34923,10.30926,3.473167
R,0.3523076,1.211892,-0.2230131,0.5953962,-0.9403033,-0.7102613,-18.18283,-36.35849,-15.16689,3.48584
R,0.360805,1.202066,-0.23109,0.5889885,-0.6810632,-0.5598384,-0.4441392,17.96886,10.42636,3.500267
R,0.3700134,1.193484,-0.2385892,0.6128281,-0.5711396,-0.4990827,1.586542,7.315519,4.043344,3.515293
R,0.3712452,1.18427,-0.2467813,0.09950886,-0.7443663,-0.6617886,-41.46796,-13.99395,-13.14403,3.527672
R,0.3749485,1.17592,-0.2544672,0.2431247,-0.5481468,-0.5045832,9.428508,12.88199,10.32067,3.542904
R,0.3786372,1.16704,-0.2634821,0.2628347,-0.6327552,-0.6423535,1.404417,-6.028697,-9.816705,3.556938
R,0.3837871,1.158781,-0.2718442,0.3685568,-0.5910541,-0.5984358,7.566042,2.984349,3.142988,3.570911
R,0.3980006,1.15001,-0.2742767,1.101059,-0.6794659,-0.1884327,56.74383,-6.84888,31.76119,3.58382
R,0.4108191,1.141731,-0.2779729,0.9123761,-0.5892954,-0.2630859,-13.42985,6.418044,-5.313571,3.59787
R,0.4225616,1.133767,-0.2824284,0.899017,-0.6097401,-0.3411146,-1.02278,-1.565261,-5.973941,3.610931
R,0.4240818,1.121781,-0.287173,0.1046522,-0.8250804,-0.3266212,-54.68434,-14.8241,0.997735,3.625458
R,0.4276594,1.111175,-0.2922646,0.2631436,-0.7801452,-0.3745046,11.65757,3.30513,-3.521984,3.639053
R,0.4271657,1.102496,-0.2997376,-0.03624247,-0.6371027,-0.548588,-21.97767,10.50063,-12.77931,3.652676
R,0.4290064,1.093959,-0.306737,0.1223456,-0.5674442,-0.4652221,10.5408,4.62996,5.541045,3.667721
R,0.4323429,1.08553,-0.3134553,0.2584589,-0.6529532,-0.5204431,10.54411,-6.624016,-4.277739,3.68063
R,0.4351421,1.076717,-0.3126163,0.1873384,-0.589761,0.05615546,-4.759715,4.229122,38.58868,3.695572
R,0.4389113,1.068094,-0.3137035,0.2671947,-0.6112595,-0.07707291,5.660853,-1.523987,-9.4443,3.709679
R,0.4518275,1.058554,-0.3114581,0.9304475,-0.6872767,0.1617546,47.77899,-5.476084,17.20451,3.72356
R,0.4630036,1.049365,-0.3111738,0.8292483,-0.681786,0.02109353,-7.50885,0.4074043,-10.43687,3.737038
R,0.4729036,1.040372,-0.3121521,0.6813427,-0.6189288,-0.06733026,-10.1792,4.325972,-6.085525,3.751568
R,0.4790426,1.029376,-0.3149174,0.5191331,-0.9298992,-0.2338382,-13.71686,-26.29646,-14.08034,3.763393
R,0.4854527,1.01908,-0.3178894,0.4155211,-0.6673853,-0.1926562,-6.716437,17.01692,2.66954,3.77882
R,0.4793975,1.008707,-0.3141197,-0.4641333,-0.7951115,0.2889506,-67.42577,-9.790246,36.91529,3.791866
R,0.4769243,0.9987009,-0.3122551,-0.1721571,-0.6964908,0.1297879,20.3239,6.864794,-11.07901,3.806232
R,0.4822896,0.9895047,-0.3082676,0.3768673,-0.6459631,0.2800944,38.5647,3.549178,10.55787,3.820469
R,0.4876282,0.980292,-0.3059224,0.3995102,-0.6894225,0.1755014,1.694465,-3.252244,-7.827134,3.833832
R,0.4928947,0.9710799,-0.3046419,0.4039209,-0.7065261,0.09820939,0.3382758,-1.311764,-5.927919,3.84687
R,0.4911467,0.9598293,-0.300434,-0.1141571,-0.7347487,0.2748077,-33.83434,-1.843147,11.53318,3.862183
R,0.4912401,0.9492006,-0.2975811,0.007215968,-0.8214135,0.2204774,9.380076,-6.697712,-4.198808,3.875122
R,0.495046,0.9404021,-0.292893,0.2459801,-0.5686598,0.3029982,15.43161,16.33576,5.333417,3.890594
R,0.4989496,0.9314174,-0.2894551,0.3051931,-0.70244,0.2687798,4.629385,-10.45919,-2.675263,3.903385
R,0.5028787,0.9222767,-0.2868422,0.2824196,-0.6570255,0.1878128,-1.636943,3.264365,-5.81986,3.917297
R,0.5011689,0.9231139,-0.2882344,-0.1318678,0.06456862,-0.1073684,-31.95145,55.65212,-22.76551,3.930264
R,0.5008532,0.9219733,-0.2888733,-0.02261974,-0.08171631,-0.0457754,7.826928,-10.48038,4.412748,3.944221
R,0.4977458,0.9068991,-0.2764638,-0.2166431,-1.050964,0.8651783,-13.52715,-67.57513,63.51092,3.958565
R,0.4963426,0.8940521,-0.2670365,-0.1020066,-0.9339339,0.6853356,8.333685,8.5077,-13.07395,3.972321
R,0.4877036,0.889537,-0.2653317,-0.6368572,-0.3328441,0.1256789,-39.42853,44.31161,-41.25721,3.985886
R,0.4820338,0.8837484,-0.2635007,-0.3907256,-0.398914,0.1261768,16.96159,-4.553053,0.03431421,4.000397
R,0.4781561,0.8772538,-0.2614973,-0.2423141,-0.405844,0.1251937,9.274179,-0.4330546,-0.06143474,4.016399
R,0.4751082,0.8754466,-0.262456,-0.2600835,-0.1542104,-0.08181254,-1.516321,21.47273,-17.66453,4.028118
R,0.4730335,0.8722448,-0.2625144,-0.1433156,-0.2211668,-0.004032856,8.065877,-4.625093,5.372721,4.042595
R,0.4680336,0.8736754,-0.2615679,-0.3770655,0.1078871,0.07138009,-17.62835,24.81574,5.687299,4.055855
R,0.4638737,0.8732117,-0.2603697,-0.3072719,-0.03425261,0.08850645,5.155251,-10.49904,1.265025,4.069393
R,0.4604288,0.8714241,-0.2590419,-0.2484311,-0.1289159,0.0957531,4.243402,-6.8268,0.5226041,4.08326
R,0.4650054,0.8688648,-0.2605107,0.3145566,-0.1759021,-0.1009521,38.69529,-3.229456,-13.51995,4.097809
R,0.4712053,0.8638263,-0.2622072,0.4565353,-0.3710191,-0.1249232,10.45474,-14.36763,-1.765136,4.111389
R,0.4708529,0.8637645,-0.2622585,-0.02267792,-0.003974343,-0.00330492,-30.84283,23.62352,7.827523,4.126926
R,0.4705756,0.8633558,-0.2621934,-0.02299757,-0.03389948,0.00540276,-0.02650822,-2.481713,0.7221341,4.138985
R,0.4701819,0.8624014,-0.2620111,-0.02765776,-0.06703427,0.01280731,-0.3273421,-2.327461,0.520112,4.153221
R,0.4723173,0.866491,-0.2623169,0.1515422,0.2902173,-0.02170538,12.71689,25.35229,-2.449187,4.167313
R,0.4752244,0.8714235,-0.26256,0.205576,0.3488038,-0.01718877,3.821052,4.143002,0.3193969,4.181454
R,0.4745798,0.8840064,-0.2645057,-0.04690102,0.9154958,-0.1415617,-18.36951,41.23089,-9.049021,4.195198
R,0.474099,0.8927208,-0.2657505,-0.0322866,0.585149,-0.08358615,0.9813228,-22.18197,3.892917,4.210091
R,0.4751231,0.9171215,-0.2701,0.08561364,2.0397,-0.3635827,9.855497,121.5886,-23.40543,4.222054
R,0.4758601,0.9355118,-0.2732055,0.04778707,1.192408,-0.2013608,-2.452636,-54.93755,10.5183,4.237476
R,0.4764078,0.949619,-0.2755341,0.04154984,1.070369,-0.1766756,-0.4732428,-9.259579,1.87296,4.250656
R,0.4760148,0.9777095,-0.2790077,-0.03008634,2.150632,-0.2659422,-5.484519,82.70577,-6.834318,4.263718
R,0.4757729,1.000167,-0.281727,-0.013945,1.294415,-0.1567413,0.930377,-49.35185,6.294272,4.281067
R,0.4647017,1.029963,-0.2810086,-0.7251999,1.951766,0.04705655,-46.5895,43.05864,13.34942,4.296333
R,0.4550326,1.059004,-0.2823358,-0.9471897,2.844883,-0.1300127,-21.74638,87.49071,-17.34591,4.306541
R,0.4477097,1.083303,-0.2836106,-0.4919673,1.63248,-0.08563918,30.58274,-81.45158,2.981102,4.321426
R,0.437057,1.117768,-0.2859539,-0.7323753,2.369452,-0.161108,-16.52807,50.66683,-5.188485,4.335972
R,0.4325198,1.142178,-0.2872325,-0.3261306,1.754533,-0.09190559,29.2006,-44.19996,4.974222,4.349884
R,0.4294758,1.166357,-0.285023,-0.2104903,1.671953,0.1527858,7.996418,-5.710292,16.92017,4.364346
R,0.4179139,1.192011,-0.2848654,-0.6529227,1.44879,0.008901403,-24.98514,-12.60255,-8.125469,4.382053
R,0.408728,1.215296,-0.2850247,-0.5239441,1.328084,-0.009087386,7.356607,-6.884723,-1.026034,4.399586
R,0.400901,1.236912,-0.2853696,-0.7053245,1.947931,-0.03107543,-16.34507,55.85737,-1.981449,4.410683
R,0.389089,1.252997,-0.2802024,-0.7745005,1.054652,0.3388042,-4.535788,-58.57119,24.25256,4.425934
R,0.3549148,1.256227,-0.273239,-2.208719,0.2088033,0.4500528,-92.69518,-54.66821,7.190127,4.441406
R,0.3303164,1.263107,-0.2681501,-1.91857,0.5366055,0.396915,22.63041,25.56721,-4.144526,4.454227
R,0.3093601,1.272508,-0.2642893,-1.433976,0.6432475,0.2641791,33.15929,7.297197,-9.082722,4.468842
R,0.2913999,1.28352,-0.2611811,-1.329239,0.8150321,0.2300386,7.751623,12.71381,-2.526744,4.482353
R,0.284705,1.293112,-0.2550393,-0.4657747,0.6673136,0.4272948,60.07218,-10.27695,13.72333,4.496727
R,0.2824346,1.304853,-0.2411982,-0.1598206,0.8265138,0.9743167,21.53707,11.2066,38.50658,4.510933
R,0.2774543,1.317188,-0.2303131,-0.3656994,0.9057335,0.7992942,-15.11762,5.817078,-12.85185,4.524551
R,0.2707892,1.329874,-0.2214819,-0.4489237,0.8544209,0.5948189,-5.605535,-3.45614,-13.77235,4.539398
R,0.2630899,1.342786,-0.2139225,-0.5366508,0.8999767,0.526893,-6.114636,3.175269,-4.734479,4.553745
R,0.2296113,1.326783,-0.2153176,-2.490407,-1.190426,-0.1037783,-145.3364,-155.5013,-46.9145,4.567188
R,0.2142379,1.320214,-0.2136016,-1.08102,-0.4619183,0.1206694,99.10471,51.22694,15.78263,4.581409
R,0.2354673,1.299925,-0.2220825,1.472264,-1.407011,-0.5881572,177.0709,-65.5424,-49.15731,4.595829
R,0.2491467,1.287895,-0.2273207,0.9944417,-0.874558,-0.3807944,-34.73603,38.7075,15.07458,4.609585
R,0.2126479,1.299542,-0.2123023,-2.646,0.844329,1.088766,-263.916,124.6117,106.5366,4.623379
R,0.1878498,1.308973,-0.2006847,-1.688049,0.6420085,0.7908305,65.20937,-13.77229,-20.28094,4.638069
R,0.1778423,1.31574,-0.1919298,-0.7199195,0.4868277,0.6298099,69.64579,-11.16348,-11.58358,4.65197
R,0.1677528,1.321822,-0.1846175,-0.6754092,0.4071278,0.4895032,2.979599,-5.335251,-9.392381,4.666908
R,0.1580852,1.327506,-0.178184,-0.666221,0.3917012,0.443346,0.6331822,-1.063092,-3.180817,4.681419
R,0.1448433,1.322447,-0.1737202,-1.143376,-0.4368103,0.3854334,-41.20003,-71.53798,-5.000476,4.693001
R,0.1386492,1.316574,-0.1718553,-0.4480546,-0.4248413,0.1348917,50.29644,0.8657841,-18.12307,4.706825
R,0.1316034,1.313377,-0.1692961,-0.4826296,-0.2190113,0.1753076,-2.368335,14.09906,2.768432,4.721424
R,0.1240942,1.31181,-0.1662743,-0.557173,-0.116261,0.224213,-5.531024,7.623941,3.628714,4.734901
R,0.1200066,1.311391,-0.1670772,-0.2955948,-0.03025862,-0.05806465,18.91618,6.21931,-20.41307,4.74873
R,0.1147284,1.311576,-0.1666318,-0.3435071,0.01199417,0.02898752,-3.11815,2.74983,5.665393,4.764095
R,0.1113384,1.312082,-0.1650896,-0.2326392,0.03477585,0.1058328,7.608208,1.563372,5.273436,4.778667
R,0.1067453,1.312838,-0.1630849,-0.3869045,0.06363472,0.1688675,-12.99477,2.430971,5.309823,4.790539
R,0.1010904,1.313804,-0.1606704,-0.4032603,0.06886732,0.17218,-1.166364,0.3731484,0.2362219,4.804562
R,0.09506595,1.314858,-0.1581138,-0.4035991,0.07062197,0.171276,-0.02269878,0.1175494,-0.06055836,4.819489
R,0.09580012,1.313655,-0.160708,0.05389498,-0.08832435,-0.1904393,33.58424,-11.66811,-26.5532,4.833111
R,0.09616484,1.313773,-0.1610348,0.02745818,0.008947803,-0.02459748,-1.990307,7.323179,12.48548,4.846394
R,0.0962102,1.313926,-0.1611855,0.002942496,0.009890807,-0.009776741,-1.590359,0.06117369,0.9614374,4.861809
R,0.09603057,1.314128,-0.1612458,-0.0132947,0.0149633,-0.004463183,-1.201718,0.3754158,0.3932573,4.87532
R,0.09518738,1.314664,-0.1611935,-0.06564809,0.04176567,0.004070993,-4.076069,2.086748,0.664444,4.888165
R,0.09185551,1.31196,-0.1683564,-0.2418133,-0.1962815,-0.5198578,-12.78534,-17.27648,-38.02459,4.901943
R,0.09333716,1.311792,-0.1695524,0.1002856,-0.01140105,-0.08094904,23.15497,12.51363,29.70754,4.916718
R,0.09388778,1.311756,-0.1702047,0.03838826,-0.002501662,-0.04547976,-4.315433,0.6204575,2.472888,4.931061
R,0.09716803,1.311677,-0.1733055,0.2654007,-0.006356096,-0.2508813,18.36727,-0.311857,-16.61876,4.94342
R,0.09945857,1.3117,-0.1758323,0.1608064,0.001590118,-0.1773923,-7.343003,0.5578608,5.159268,4.957664
R,0.1007239,1.311788,-0.1776003,0.09333069,0.00649796,-0.1304032,-4.977028,0.3620038,3.465925,4.971222
R,0.1077725,1.309587,-0.1849905,0.503472,-0.1572377,-0.527878,29.29593,-11.69546,-28.39118,4.985222
R,0.1126369,1.308057,-0.1903598,0.2862347,-0.08999018,-0.3159442,-12.78281,3.957025,12.47075,5.002216
R,0.1160361,1.306955,-0.1945069,0.3305215,-0.1071263,-0.4032363,4.306197,-1.666221,-8.487798,5.012501
R,0.1325648,1.315533,-0.1967836,1.077569,0.559197,-0.1484258,48.70284,43.4401,16.61204,5.02784
R,0.1528237,1.316978,-0.202307,1.576358,0.1124685,-0.4297802,38.81105,-34.76023,-21.89236,5.040691
R,0.1683611,1.318023,-0.2068353,1.089044,0.07320354,-0.3174006,-34.15682,-2.752156,7.876914,5.054958
R,0.1808059,1.318904,-0.2107399,0.7654472,0.05419257,-0.2401583,-19.90354,-1.169313,4.750961,5.071217
R,0.1967629,1.312736,-0.2224503,1.483866,-0.5735744,-1.088975,66.80713,-58.3772,-78.93302,5.08197
R,0.2101568,1.308364,-0.2316578,0.9291159,-0.3032631,-0.6387117,-38.48228,18.75112,31.23414,5.096386
R,0.2232923,1.304734,-0.2377629,0.9119159,-0.2520111,-0.4238406,-1.194088,3.558108,14.91716,5.11079
R,0.2350199,1.301901,-0.2433966,0.9071468,-0.2191096,-0.435771,-0.3689003,2.544973,-0.9228409,5.123718
R,0.2458489,1.299568,-0.2487031,0.759843,-0.1637028,-0.3723422,-10.33587,3.88773,4.450615,5.13797
R,0.2625713,1.29263,-0.2574274,1.069969,-0.4439376,-0.5582162,19.84324,-17.93065,-11.89303,5.153599
R,0.2774197,1.287245,-0.2649973,1.082435,-0.3925803,-0.5518393,0.9087614,3.743886,0.4648698,5.167316
R,0.2914192,1.281752,-0.2660431,1.09125,-0.4281241,-0.08151902,0.6871283,-2.770617,36.66121,5.180145
R,0.3044418,1.27713,-0.2682309,0.9781631,-0.3472421,-0.1643356,-8.494319,6.075278,-6.220594,5.193459
R,0.3168758,1.273048,-0.2711285,0.8448699,-0.2773296,-0.1968819,-9.057029,4.750429,-2.21146,5.208176
R,0.3290837,1.260609,-0.2784692,0.8448328,-0.860827,-0.5080084,-0.002565668,-40.38024,-21.53114,5.222626
R,0.3410026,1.250879,-0.2849693,0.9703271,-0.7921098,-0.529178,10.21664,5.594342,-1.723438,5.234909
R,0.3517532,1.231809,-0.2875334,0.7553542,-1.339922,-0.1801544,-15.10422,-38.48988,24.52276,5.249142
R,0.3626536,1.217184,-0.2907106,0.7992876,-1.072395,-0.2329764,3.221503,19.61697,-3.873275,5.262779
R,0.3742065,1.19941,-0.2920328,0.7659431,-1.17838,-0.08766241,-2.210689,-7.026603,9.634089,5.277863
R,0.3856996,1.184743,-0.2941718,0.8542206,-1.090135,-0.158979,6.561215,6.55877,-5.300596,5.291317
R,0.3971218,1.171721,-0.2968267,0.8023199,-0.9147156,-0.1864847,-3.64562,12.32185,-1.932066,5.305553
R,0.4135393,1.157205,-0.2910345,1.130785,-0.9997455,0.3989445,22.6235,-5.856559,40.32232,5.320072
R,0.4287261,1.144123,-0.2877124,1.075978,-0.926875,0.2353695,-3.883057,5.162855,-11.58924,5.334187
R,0.4339834,1.119269,-0.2913709,0.3903042,-1.845219,-0.2716099,-50.90489,-68.17854,-37.63852,5.347656
R,0.4408635,1.099014,-0.2946531,0.4875875,-1.435456,-0.2326009,6.894357,29.03949,2.764529,5.361767
R,0.4489464,1.080925,-0.2976686,0.5848464,-1.308774,-0.2181915,7.037219,9.166126,1.042597,5.375587
R,0.4489998,1.06761,-0.2966509,0.003756211,-0.9375755,0.0716555,-40.91574,26.13682,20.40872,5.38979
R,0.4517997,1.054092,-0.2965648,0.214548,-1.035863,0.006604428,16.15253,-7.531565,-4.984727,5.40284
R,0.4437651,1.042576,-0.2953666,-0.5983554,-0.8576172,0.08922674,-60.53913,13.27445,6.153109,5.416267
R,0.4402875,1.030467,-0.2949879,-0.2507263,-0.8729975,0.02730937,25.06295,-1.108868,-4.464045,5.430138
R,0.4453645,1.019571,-0.2888305,0.3558573,-0.7637199,0.431578,42.51664,7.65948,28.33599,5.444405
R,0.4507249,1.008032,-0.2845655,0.3717489,-0.800248,0.2957817,1.10209,-2.533234,-9.417508,5.458824
R,0.4562134,0.9961189,-0.281569,0.4357279,-0.945781,0.2378932,5.079254,-11.55378,-4.595733,5.47142
R,0.4610998,0.985671,-0.2786178,0.3302236,-0.7060736,0.1994433,-7.130007,16.1995,-2.598457,5.486217
R,0.4662142,0.974627,-0.2763425,0.3867064,-0.8350474,0.1720395,4.270724,-9.751865,-2.072035,5.499443
R,0.4607252,0.9654359,-0.2731787,-0.3857678,-0.6459492,0.2223504,-54.2894,13.2898,3.535848,5.513672
R,0.4581525,0.9554001,-0.2706144,-0.1753526,-0.6840427,0.1747818,14.34194,-2.596456,-3.242285,5.528343
R,0.4574181,0.9448532,-0.2684409,-0.05696422,-0.8179919,0.1685697,9.181897,-10.38875,-0.4817955,5.541237
R,0.4612471,0.9345377,-0.2692482,0.2557385,-0.688953,-0.0539172,20.88487,8.61828,-14.85952,5.55621
R,0.4649008,0.9239035,-0.2694788,0.296984,-0.8644041,-0.01874758,3.352643,-14.26153,2.858761,5.568512
R,0.461403,0.9152538,-0.2682511,-0.2413608,-0.5968594,0.08472008,-37.14763,18.4615,7.139622,5.583004
R,0.4596586,0.9058545,-0.2670679,-0.1148351,-0.6187767,0.0778876,8.329469,-1.442864,-0.449797,5.598194
R,0.4518101,0.9046947,-0.2661333,-0.5802158,-0.08573921,0.06909634,-34.40405,39.40569,-0.6499087,5.611721
R,0.4466041,0.9009377,-0.265169,-0.4302343,-0.3104853,0.07968898,12.39494,-18.57372,0.8754088,5.623821
R,0.4430016,0.8955662,-0.2641826,-0.2353876,-0.3509783,0.06445313,12.73128,-2.645813,-0.9955105,5.639126
R,0.4405767,0.8970189,-0.2650297,-0.1747333,0.1046806,-0.06103757,4.370578,32.8335,-9.042505,5.653004
R,0.438819,0.8965359,-0.2654542,-0.1379125,-0.03789565,-0.03331244,2.889061,-11.18692,2.17539,5.665749
R,0.4372787,0.9071517,-0.2652285,-0.1011223,0.6969345,0.01482086,2.41531,48.24225,3.159994,5.680981
R,0.435889,0.9141331,-0.2648484,-0.09830343,0.4938318,0.02688208,0.1993911,-14.36647,0.8531509,5.695118
R,0.4348039,0.9175724,-0.2644323,-0.08822988,0.2796507,0.03383801,0.8190821,-17.4151,0.5655878,5.707417
R,0.4347558,0.9277803,-0.2652237,-0.003098856,0.6584454,-0.05104654,5.491286,24.43375,-5.475388,5.722919
R,0.4345117,0.9346499,-0.2656394,-0.01953602,0.5497034,-0.0332699,-1.315294,-8.701485,1.422478,5.735416
R,0.4396445,0.9535888,-0.2655716,0.3680316,1.357965,0.00486358,27.78953,57.95428,2.734262,5.749363
R,0.4432955,0.9677615,-0.2654172,0.2437253,0.9460903,0.01030924,-8.297971,-27.49437,0.3635208,5.764343
R,0.436608,0.9987407,-0.2650033,-0.4783382,2.215825,0.02960223,-51.64655,90.81948,1.379957,5.778324
R,0.4317502,1.023077,-0.2646101,-0.3484097,1.745451,0.02819981,9.31873,-33.73617,-0.1005845,5.792267
R,0.4280497,1.042579,-0.2642314,-0.2980175,1.570622,0.03049875,4.058379,-14.08002,0.1851469,5.804684
R,0.4252492,1.073896,-0.2645815,-0.1982063,2.216379,-0.02477895,7.063955,45.7023,-3.912181,5.818813
R,0.4228481,1.100059,-0.2647472,-0.17016,1.854141,-0.01174304,1.987612,-25.67139,0.9238408,5.832924
R,0.4053165,1.124895,-0.2595632,-1.22555,1.7362,0.3623896,-73.77711,-8.2447,26.15377,5.847229
R,0.3924274,1.146765,-0.2556268,-0.8905632,1.511037,0.2719858,23.1457,-15.55748,-6.246394,5.861702
R,0.3820154,1.166651,-0.252535,-0.784098,1.49763,0.2328309,8.017587,-1.009651,-2.94864,5.874981
R,0.3884254,1.189099,-0.2420816,0.4437158,1.553869,0.7236083,84.99181,3.892948,33.97263,5.889427
R,0.3917417,1.209935,-0.2339346,0.2391571,1.502639,0.5875354,-14.75209,-3.694481,-9.813119,5.903294
R,0.3807715,1.233481,-0.225246,-0.7757663,1.665059,0.6144172,-71.77126,11.48569,1.900969,5.917435
R,0.371921,1.255421,-0.2180763,-0.6416231,1.590535,0.5197775,9.724787,-5.402672,-6.860957,5.931229
R,0.3643314,1.276245,-0.2118897,-0.6213524,1.704872,0.5064877,1.659544,9.360624,-1.088026,5.943443
R,0.3255774,1.293383,-0.2035016,-2.674158,1.182556,0.5788088,-141.6506,-36.04157,4.990405,5.957935
R,0.3001064,1.310829,-0.1961969,-1.634934,1.11985,0.4688705,66.70574,-4.024975,-7.056723,5.973515
R,0.2664982,1.319307,-0.1910402,-2.858592,0.7211024,0.4386141,-104.08,-33.91608,-2.573506,5.985271
R,0.2400716,1.330169,-0.1859938,-1.844895,0.7582806,0.3522959,70.76816,2.595489,-6.026042,5.999596
R,0.2032744,1.33856,-0.1836444,-2.658806,0.6062655,0.1697614,-58.80976,-10.98397,-13.18917,6.013435
R,0.1743156,1.349036,-0.1806495,-2.125248,0.7688882,0.2197889,39.15705,11.93465,3.671443,6.027061
R,0.1484265,1.360906,-0.1772176,-1.843704,0.8453036,0.2444033,20.05027,5.441953,1.752924,6.041103
R,0.1342611,1.369379,-0.1688305,-0.9992894,0.5977277,0.5916697,59.56897,-17.46516,24.4978,6.055279
R,0.1182409,1.379452,-0.1614613,-1.14213,0.7180871,0.5253667,-10.18355,8.580769,-4.72693,6.069305
R,0.09801869,1.379987,-0.1593746,-1.50472,0.03987191,0.1552698,-26.98005,-50.46552,-27.53865,6.082745
R,0.07849651,1.383892,-0.1565803,-1.361432,0.2722715,0.1948708,9.992577,16.20701,2.761683,6.097084
R,0.05929374,1.390028,-0.1532798,-1.4212,0.4541484,0.244273,-4.423437,13.46074,3.656259,6.110596
R,0.02398412,1.381446,-0.1575323,-2.408588,-0.5853906,-0.2900769,-67.3531,-70.91047,-36.44981,6.125256
R,-0.004751608,1.378173,-0.1594537,-2.115388,-0.2409172,-0.1414499,21.584,25.3585,10.94122,6.13884
R,-0.02063742,1.368608,-0.1600161,-1.132854,-0.6821358,-0.04010069,70.06679,-31.46431,7.227446,6.152863
R,-0.03864591,1.36379,-0.1596277,-1.36361,-0.3648541,0.02940971,-17.47293,24.02469,5.263355,6.166069
R,-0.04648655,1.364614,-0.1557206,-0.5453372,0.05732621,0.271745,56.91305,29.36377,16.85507,6.180447
R,-0.05794028,1.366483,-0.1521884,-0.8056151,0.131473,0.2484446,-18.30702,5.215225,-1.638867,6.194664
R,-0.07142282,1.368999,-0.1489233,-1.026238,0.1915378,0.2485278,-16.793,4.571899,0.006328942,6.207802
R,-0.07039655,1.375783,-0.1450129,0.07226143,0.4776642,0.2753356,77.34761,20.14674,1.88759,6.222004
R,-0.07452066,1.381828,-0.1414153,-0.2980731,0.4368883,0.2600236,-26.76619,-2.947107,-1.106685,6.23584
R,-0.07366194,1.380824,-0.1429274,0.06182625,-0.07230157,-0.1088708,25.91197,-36.66055,-26.55958,6.249729
R,-0.07410125,1.379357,-0.1454945,-0.02691961,-0.08986384,-0.1573019,-5.438101,-1.076167,-2.967726,6.266048
R,-0.07732594,1.378296,-0.1482019,-0.2812156,-0.09257527,-0.2361085,-22.17637,-0.2364555,-6.872483,6.277515
R,-0.0680044,1.377144,-0.1534938,0.6026106,-0.07442971,-0.3421037,57.1368,1.173057,-6.852281,6.292984
R,-0.06354962,1.37702,-0.1570343,0.3756169,-0.01052388,-0.2985322,-19.1396,5.388398,3.673848,6.304844
R,-0.04716924,1.377944,-0.1639107,1.083801,0.06119069,-0.4549697,46.85668,4.744963,-10.35061,6.319958
R,-0.0367431,1.379206,-0.1687565,0.78584,0.09509776,-0.3652377,-22.45792,2.555645,6.76328,6.333225
R,-0.03049709,1.380674,-0.1723868,0.3929335,0.09234761,-0.2283802,-24.71756,-0.1730102,8.609645,6.349121
R,-0.01582292,1.383172,-0.1838996,1.221577,0.2079728,-0.9584082,68.98184,9.625418,-60.77246,6.361134
R,-0.005529743,1.385509,-0.1924654,0.6922255,0.1571158,-0.5760576,-35.59934,-3.420174,25.71342,6.376003
R,0.0144933,1.385504,-0.2075559,1.558931,-0.0003248441,-1.174896,67.47898,-12.25783,-46.62367,6.388847
R,0.02960672,1.386021,-0.2190937,1.129388,0.038626,-0.8621911,-32.0987,2.910698,23.36765,6.402229
R,0.05286392,1.384844,-0.2276408,1.644655,-0.0832378,-0.6044192,36.43758,-8.617713,18.22858,6.41637
R,0.07135949,1.384416,-0.2351964,1.297085,-0.03002107,-0.5298696,-24.3749,3.732062,5.22813,6.43063
R,0.08646072,1.384465,-0.2421185,1.124949,0.003676471,-0.515655,-12.82301,2.510261,1.058899,6.444054
R,0.1025827,1.389062,-0.2424008,1.138853,0.3247271,-0.01993545,0.9821392,22.67893,35.01749,6.45821
R,0.1166495,1.392727,-0.2441547,1.011388,0.2634908,-0.1261046,-9.164633,-4.402834,-7.633462,6.472118
R,0.1315137,1.388334,-0.2467857,0.9942787,-0.2938569,-0.1759946,-1.144433,-37.28128,-3.337167,6.487068
R,0.1450157,1.385529,-0.2500009,1.068996,-0.2220723,-0.2545551,5.915632,5.68345,-6.219929,6.499699
R,0.1575743,1.38374,-0.2535816,0.8830912,-0.1257963,-0.2517834,-13.07237,6.769892,0.1949039,6.51392
R,0.1565824,1.380236,-0.2534249,-0.06267135,-0.2214012,0.009896963,-59.7556,-6.040553,16.53361,6.529747
R,0.1585249,1.37791,-0.254433,0.1704849,-0.204166,-0.08847192,20.46217,1.512596,-8.633014,6.541142
R,0.1515722,1.378973,-0.2531841,-0.4894246,0.07483552,0.0879137,-46.45309,19.63979,12.41633,6.555347
R,0.1438964,1.380449,-0.2523016,-0.5352945,0.1029778,0.06154604,-3.19886,1.962581,-1.83882,6.569687
R,0.1198277,1.379573,-0.2489726,-1.611611,-0.05867656,0.2229057,-72.06895,-10.8242,10.80446,6.584621
R,0.1048194,1.378906,-0.2472372,-1.230248,-0.0547217,0.1422544,31.26083,0.3241849,-6.611083,6.596821
R,0.09433727,1.378382,-0.2465334,-0.7071117,-0.03530301,0.04747612,35.29,1.309957,-6.39361,6.611645
R,0.0751948,1.383493,-0.2333507,-1.454517,0.3883696,1.001669,-56.79068,32.19224,72.50317,6.624805
R,0.06153358,1.387203,-0.2238966,-0.9401959,0.2552835,0.6506547,35.39676,-9.159282,-24.15759,6.639336
R,0.03083152,1.383206,-0.2118481,-2.347146,-0.3055373,0.9210992,-107.5601,-42.87426,20.67525,6.652416
R,0.008940905,1.380424,-0.2026779,-1.464648,-0.1861202,0.6135534,59.04576,7.989918,-20.57716,6.667362
R,-0.008842349,1.378435,-0.1954078,-1.318002,-0.1474413,0.5388218,10.86866,2.866673,-5.53872,6.680855
R,-0.01870343,1.380224,-0.1795478,-0.7113435,0.1290847,1.144085,43.76222,19.94762,43.66158,6.694717
R,-0.02856494,1.381433,-0.1668355,-0.6975547,0.08551167,0.8992006,0.9753525,-3.082139,-17.32191,6.708855
R,-0.0286614,1.378222,-0.1549281,-0.006375358,-0.2122809,0.7870582,45.68546,-19.68345,-7.412373,6.723984
R,-0.03133252,1.375857,-0.1447555,-0.2237831,-0.1981364,0.8522429,-18.21417,1.185014,5.4611,6.73592
R,-0.03268798,1.370279,-0.1400386,-0.08950306,-0.3682777,0.3114649,8.866675,-11.23464,-35.70824,6.751064
R,-0.03580128,1.366069,-0.1349294,-0.2527513,-0.3418144,0.4147859,-13.25319,2.148401,8.388041,6.763382
R,-0.04002285,1.362683,-0.1295083,-0.2833224,-0.2272465,0.3638263,-2.051725,7.689013,-3.420063,6.778282
R,-0.03433752,1.35653,-0.1209053,0.3645727,-0.3945848,0.5516737,41.54643,-10.73061,12.04576,6.793877
R,-0.0318794,1.351622,-0.1129322,0.2252296,-0.4496789,0.7305445,-12.76755,-5.04809,16.38934,6.80479
R,-0.02081203,1.34652,-0.1104398,0.7796952,-0.3594296,0.1755891,39.06203,6.35805,-39.09654,6.818985
R,-0.01370072,1.342166,-0.1069434,0.4403936,-0.2696226,0.2165293,-21.01249,5.561627,2.535367,6.835133
R,-0.009318234,1.338259,-0.102752,0.3754389,-0.3347222,0.3590642,-5.56454,-5.576953,12.21068,6.846806
R,0.007745289,1.332789,-0.1061118,1.051999,-0.3372457,-0.2071328,41.71125,-0.1555775,-34.90713,6.863026
R,0.02024212,1.328023,-0.1070334,1.078331,-0.4112595,-0.07952844,2.272085,-6.386526,11.01077,6.874615
R,0.05026025,1.330916,-0.1009951,2.113638,0.2036916,0.4251701,72.89809,43.29995,35.53685,6.888817
R,0.07362218,1.332145,-0.09537957,1.506566,0.07928198,0.3621344,-39.14887,-8.022935,-4.06505,6.904324
R,0.1021227,1.331612,-0.09526287,2.342813,-0.04381271,0.009592912,68.74164,-10.1187,-28.97981,6.916489
R,0.1250599,1.33058,-0.09403341,1.621593,-0.07299252,0.0869188,-50.98799,-2.062921,5.466698,6.930634
R,0.1443297,1.329244,-0.09205613,1.481803,-0.1027336,0.1520481,-10.74956,-2.287017,5.008289,6.943638
R,0.1554434,1.326406,-0.09254083,0.7785599,-0.1987908,-0.03395525,-49.26533,-6.729239,-13.03038,6.957912
R,0.166499,1.323811,-0.09195372,0.7541451,-0.1770101,0.04004897,-1.66541,1.485729,5.048078,6.972572
R,0.1729706,1.314484,-0.09489936,0.4975027,-0.7170088,-0.2264462,-19.7294,-41.51244,-20.48684,6.98558
R,0.1806896,1.307171,-0.09628908,0.5455596,-0.5168762,-0.09822234,3.396552,14.14493,9.062584,6.999729
R,0.1892884,1.301071,-0.0966972,0.6080726,-0.431363,-0.02886062,4.420665,6.047147,4.904979,7.01387
R,0.1852603,1.29988,-0.09949434,-0.2874843,-0.08497822,-0.1996335,-63.91637,24.72167,-12.18815,7.027882
R,0.1848405,1.298473,-0.1008228,-0.0307147,-0.1029689,-0.09719182,18.7861,-1.316255,7.49497,7.04155
R,0.1818589,1.298278,-0.0979421,-0.2168126,-0.01417302,0.2094725,-13.53244,6.456949,22.29964,7.055302
R,0.1798738,1.297386,-0.09417874,-0.1355506,-0.06092895,0.2569786,5.548927,-3.192703,3.243928,7.069946
R,0.1671791,1.300503,-0.0880685,-0.9796454,0.2405339,0.471523,-65.13818,23.26367,16.55623,7.082905
R,0.1597387,1.302107,-0.08321892,-0.5085907,0.1096317,0.3314965,32.19926,-8.947912,-9.571606,7.097534
R,0.1553848,1.302724,-0.0791989,-0.3153808,0.04468603,0.2911921,13.99525,-4.70437,-2.919468,7.11134
R,0.1306307,1.304165,-0.07677287,-1.639912,0.09550322,0.1607199,-87.74778,3.366546,-8.643543,7.126434
R,0.1142546,1.304845,-0.07438496,-1.300875,0.05404356,0.1896899,26.93227,-3.293455,2.301302,7.139023
R,0.08849172,1.308031,-0.06575614,-1.895478,0.2343618,0.634856,-43.74726,13.26673,32.75264,7.152615
R,0.07037818,1.310141,-0.05869216,-1.334933,0.1555384,0.5206015,41.31106,-5.809136,-8.420341,7.166183
R,0.05559136,1.311546,-0.05273449,-1.027372,0.0975931,0.4139326,21.36899,-4.025976,-7.41124,7.180576
R,0.0314233,1.307796,-0.05584273,-1.759376,-0.2729884,-0.226272,-53.28804,-26.97743,-46.60533,7.194313
R,0.01260894,1.305068,-0.05711426,-1.2278,-0.1780558,-0.0829784,34.68993,6.195176,9.351151,7.209637
R,0.006027996,1.295987,-0.05475727,-0.5392793,-0.744129,0.1931451,56.42122,-46.38721,22.62711,7.22184
R,-0.001723552,1.289272,-0.05229165,-0.4604627,-0.3988642,0.1464645,4.681921,20.50965,-2.772954,7.238674
R,-0.01033708,1.294913,-0.0505705,-0.79172,0.5184848,0.1582011,-30.4478,84.31891,1.078781,7.249554
R,-0.01919333,1.298581,-0.04861702,-0.6443552,0.2668783,0.1421296,10.72184,-18.30617,-1.169317,7.263298
R,-0.02810993,1.300954,-0.0465074,-0.6154383,0.1637869,0.1456096,1.995894,-7.115536,0.2402004,7.277786
R,-0.02812262,1.29533,-0.0490068,-0.0008817808,-0.390944,-0.1737484,42.72137,-38.56255,-22.20042,7.292171
R,-0.03041312,1.291203,-0.05023685,-0.1792901,-0.3231002,-0.09628253,-13.96496,5.310498,6.063661,7.304947
R,-0.02923986,1.291556,-0.05135871,0.08186437,0.02467893,-0.07827758,18.222,24.26623,1.256292,7.319279
R,-0.02891608,1.291781,-0.05218206,0.02240101,0.01553015,-0.05696357,-4.114005,-0.6329632,1.474622,7.333733
R,-0.02923704,1.291905,-0.05282554,-0.02384179,0.009262539,-0.04779954,-3.435045,-0.465576,0.6807296,7.347195
R,-0.01871791,1.291599,-0.05809526,0.7700433,-0.02240122,-0.3857651,58.11567,-2.317918,-24.74048,7.360855
R,-0.01237518,1.291177,-0.06161228,0.4539205,-0.03021772,-0.2516972,-22.62344,-0.559391,9.594623,7.374828
R,0.002355983,1.294422,-0.06360676,0.9544451,0.2102617,-0.1292241,32.42944,15.58088,7.935141,7.390263
R,0.01258323,1.296643,-0.06504377,0.8391269,0.1821596,-0.1179039,-9.461644,-2.305723,0.9287999,7.402451
R,0.01969852,1.298184,-0.06613461,0.4867513,0.1054688,-0.07462344,-24.10573,-5.24636,2.960784,7.417068
R,0.0353062,1.304746,-0.07289726,1.052601,0.4425569,-0.4560816,38.16158,22.73363,-25.726,7.431896
R,0.04711748,1.309616,-0.07786019,0.9955813,0.4104301,-0.4183286,-4.80622,-2.707993,3.182222,7.44376
R,0.06373643,1.316575,-0.07959998,1.154361,0.4834062,-0.1208469,11.02891,5.068959,20.66323,7.458157
R,0.07695372,1.322011,-0.0812379,0.9316569,0.3831927,-0.1154528,-15.6979,-7.063823,0.3802139,7.472343
R,0.09279735,1.327367,-0.08206683,1.049081,0.354635,-0.0548873,7.775216,-1.890941,4.01033,7.487446
R,0.1059765,1.331859,-0.08305676,0.9372827,0.3194181,-0.07040311,-7.950976,-2.504587,-1.103466,7.501507
R,0.1173329,1.335795,-0.08415067,0.9271304,0.3213563,-0.08930605,-0.8288306,0.1582329,-1.543224,7.513756
R,0.1267207,1.34023,-0.08762832,0.6912817,0.3265625,-0.2560799,-17.36694,0.3833655,-12.28055,7.527336
R,0.1356432,1.344235,-0.09050284,0.6369794,0.2859733,-0.2052122,-3.876642,-2.897665,3.631448,7.541344
R,0.1293695,1.340727,-0.1048109,-0.4476399,-0.2503147,-1.020896,-77.38879,-38.26474,-58.19994,7.555359
R,0.1269118,1.338978,-0.1154274,-0.1735587,-0.1235267,-0.7497438,19.3558,8.953855,19.14895,7.569519
R,0.1268913,1.33836,-0.1239753,-0.001521916,-0.0457104,-0.63263,12.73247,5.7592,8.667609,7.583031
R,0.1068472,1.341058,-0.1333573,-1.412104,0.1900195,-0.6609598,-99.37531,16.60714,-1.995834,7.597225
R,0.09440345,1.34349,-0.1412912,-0.9094098,0.1777948,-0.5798228,36.73772,-0.8933998,5.929633,7.610909
R,0.0806206,1.361107,-0.1361471,-0.9445992,1.207337,0.3525439,-2.411683,70.55901,63.89917,7.6255
R,0.07104118,1.374863,-0.1337346,-0.6553203,0.9410474,0.1650401,19.78933,-18.21662,-12.82699,7.640118
R,0.0483592,1.376412,-0.1483972,-1.782892,0.1217672,-1.152538,-88.63152,-64.39862,-103.5668,7.65284
R,0.03209228,1.378537,-0.1598738,-1.172471,0.1531224,-0.8272035,43.99729,2.259987,23.44915,7.666714
R,0.01929867,1.381194,-0.1694708,-0.9321195,0.1935711,-0.6992198,17.51159,2.947018,9.324664,7.680439
R,0.01257646,1.395853,-0.1537878,-0.4700422,1.025073,1.096615,32.31017,58.14173,125.5715,7.69474
R,0.006015152,1.407779,-0.1436954,-0.4951086,0.8998543,0.7615579,-1.891484,-9.448888,-25.28304,7.707993
R,-0.02451842,1.398072,-0.1448983,-2.139014,-0.679984,-0.08426622,-115.163,-110.6748,-59.2538,7.722267
R,-0.04673743,1.392441,-0.1465819,-1.629253,-0.4128934,-0.1234495,37.37928,19.58495,-2.873193,7.735905
R,-0.0654555,1.389387,-0.1484485,-1.202655,-0.1962623,-0.1199362,27.40934,13.91876,0.2257319,7.751469
R,-0.08680385,1.37107,-0.14413,-1.799466,-1.543921,0.3640135,-50.30562,-113.5951,40.79245,7.763332
R,-0.1070353,1.353282,-0.1426701,-1.371843,-1.20618,0.09898999,28.99608,22.90135,-17.9706,7.77808
R,-0.1118848,1.348866,-0.1439202,-0.3584125,-0.3263762,-0.09238661,74.89843,65.02267,-14.14385,7.791611
R,-0.1130567,1.348392,-0.144046,-0.08930153,-0.03605559,-0.009589616,20.50751,22.12378,6.309516,7.804733
R,-0.1187101,1.345286,-0.1451191,-0.4014069,-0.2205614,-0.07619515,-22.16049,-13.10051,-4.72921,7.818817
R,-0.1218444,1.346226,-0.1508727,-0.2066535,0.06194982,-0.3793415,12.8404,18.62641,-19.98692,7.833984
R,-0.127042,1.346372,-0.1553366,-0.4078161,0.01145802,-0.3502472,-15.78377,-3.961725,2.282819,7.846729
R,-0.1208027,1.345804,-0.1657536,0.460735,-0.04194542,-0.7692276,64.13675,-3.943491,-30.93893,7.860271
R,-0.1187414,1.344971,-0.173696,0.1468724,-0.05933168,-0.5659274,-22.36401,-1.238843,14.48598,7.874306
R,-0.1058596,1.347206,-0.1725496,0.8807758,0.1528185,0.07837971,50.17954,14.50545,44.05353,7.888931
R,-0.098062,1.348487,-0.1725918,0.5738596,0.09429394,-0.003103506,-22.58738,-4.307095,-5.996726,7.902519
R,-0.09374608,1.349146,-0.1733828,0.3359241,0.05126373,-0.06157099,-18.5194,-3.349201,-4.550743,7.915367
R,-0.07802215,1.354468,-0.1709901,1.067858,0.3614233,0.162498,49.70782,21.06385,15.21719,7.930092
R,-0.06701697,1.358214,-0.1698693,0.8056245,0.2742425,0.08205088,-19.19661,-6.38199,-5.88906,7.943752
R,-0.04831334,1.363784,-0.1690417,1.368801,0.4076197,0.06056432,41.21535,9.761034,-1.572466,7.957417
R,-0.02012322,1.370636,-0.1615758,2.020747,0.4911557,0.5351744,46.73328,5.988092,34.02138,7.971367
R,0.001782725,1.375937,-0.1562788,1.672251,0.4046848,0.4043617,-26.60337,-6.600996,-9.985954,7.984467
R,0.0191681,1.380221,-0.1524517,1.139083,0.2807267,0.2507518,-34.93298,-8.121686,-10.06447,7.999729
R,0.03378505,1.38388,-0.1495324,1.137354,0.2846449,0.2271504,-0.1345447,0.30488,-1.836441,8.012581
R,0.05567122,1.395644,-0.1412579,1.60395,0.8621488,0.6064101,34.19493,42.32295,27.79443,8.026226
R,0.0737487,1.377337,-0.1507362,1.284604,-1.300878,-0.6735385,-22.69304,-153.7068,-90.95441,8.040298
R,0.08962516,1.364886,-0.1573677,1.067706,-0.8373926,-0.4459759,-14.58653,31.16978,15.30379,8.055168
R,0.1041673,1.355746,-0.1622114,1.028914,-0.6466515,-0.3427126,-2.744712,13.49572,7.306307,8.069302
R,0.1178705,1.348696,-0.1659404,1.074548,-0.5528249,-0.2924114,3.578429,7.357487,3.944406,8.082054
R,0.12114,1.341247,-0.1695355,0.2199878,-0.5012513,-0.2419018,-57.49946,3.470154,3.398562,8.096916
R,0.1338803,1.347553,-0.1580279,0.9711592,0.4807175,0.8771922,57.2594,74.85235,85.30495,8.110035
R,0.1464512,1.351478,-0.1497399,0.8766606,0.2736931,0.5779858,-6.590113,-14.4374,-20.86597,8.124374
R,0.1588062,1.353826,-0.1436753,0.9245758,0.175769,0.4538387,3.585694,-7.32807,-9.290441,8.137737
R,0.1709876,1.355195,-0.1390038,0.8208969,0.09222365,0.3148056,-6.986837,-5.630054,-9.369328,8.152576
R,0.1823525,1.335528,-0.137502,0.8919887,-1.543553,0.1178764,5.579725,-128.386,-15.45623,8.165318
R,0.1927695,1.320343,-0.1345639,0.724528,-1.056199,0.2043532,-11.64734,33.89683,6.014692,8.179695
R,0.2035578,1.308803,-0.1318817,0.7647662,-0.8180435,0.1901355,2.852407,16.88235,-1.007861,8.193802
R,0.2145852,1.299426,-0.1293749,0.7872413,-0.669424,0.1789609,1.604494,10.60995,-0.7977526,8.207809
R,0.2257644,1.291425,-0.1269769,0.7703897,-0.5513768,0.1652527,-1.161286,8.134953,-0.9446748,8.222321
R,0.2340228,1.279342,-0.123905,0.6638733,-0.9713374,0.2469388,-8.562606,-33.75962,6.566557,8.23476
R,0.243113,1.269278,-0.1210763,0.6239669,-0.6907567,0.1941705,-2.739252,19.25963,-3.622128,8.249329
R,0.2640923,1.255093,-0.1101402,1.492024,-1.008834,0.777757,61.73522,-22.62129,41.50399,8.26339
R,0.2826591,1.243255,-0.1014357,1.285232,-0.8194728,0.6025486,-14.31462,13.10798,-12.12829,8.277836
R,0.2880912,1.233874,-0.09929482,0.4248233,-0.7336012,0.1674263,-67.28844,6.715613,-34.02885,8.290623
R,0.2951861,1.22499,-0.09682445,0.5195181,-0.6505848,0.1808916,6.933987,6.078841,0.9859899,8.304279
R,0.3037161,1.215558,-0.09164981,0.5721856,-0.6326526,0.347109,3.532873,1.202873,11.14967,8.319187
R,0.3130281,1.206588,-0.0869153,0.6463008,-0.622551,0.3286002,5.143988,0.7011062,-1.284607,8.333595
R,0.3237447,1.205156,-0.08574791,0.8228732,-0.1099608,0.08963779,13.55811,39.35924,-18.34873,8.346619
R,0.3345345,1.201938,-0.0839456,0.7390887,-0.2204811,0.1234557,-5.739119,-7.570482,2.316476,8.361217
R,0.3350011,1.2036,-0.08703562,0.03550209,0.1264967,-0.2351319,-53.53875,26.40295,-27.28638,8.374359
R,0.3375489,1.203146,-0.08826687,0.1908827,-0.03400972,-0.09224511,11.64106,-12.02509,10.70503,8.387707
R,0.3419437,1.201373,-0.08871622,0.2828516,-0.1140897,-0.02892092,5.919252,-5.154062,4.075634,8.403244
R,0.348074,1.198445,-0.08856248,0.4892076,-0.2336853,0.01226872,16.46727,-9.543764,3.286946,8.415775
R,0.3320707,1.200299,-0.09638885,-1.07486,0.1245196,-0.5256559,-105.0502,24.05874,-36.12957,8.430664
R,0.3094031,1.208845,-0.09781104,-1.672913,0.6307186,-0.1049607,-44.13738,37.3584,31.04806,8.444214
R,0.2949777,1.214187,-0.09862599,-1.011373,0.3745152,-0.05713635,46.38107,-17.9626,3.352998,8.458477
R,0.2850787,1.217391,-0.09904431,-0.7038115,0.2278529,-0.02974238,21.86747,-10.42762,1.947699,8.472542
R,0.2780405,1.219273,-0.09921569,-0.5153741,0.1377619,-0.0125491,13.79825,-6.596879,1.258971,8.486198
R,0.2586739,1.232799,-0.09542678,-1.374344,0.9598843,0.2688793,-60.95666,58.34176,19.97151,8.50029
R,0.2387095,1.24551,-0.09115525,-1.573528,1.001832,0.3366669,-15.69899,3.306186,5.342782,8.512978
R,0.2237032,1.254934,-0.0878621,-1.122662,0.7050335,0.2463702,33.73053,-22.20433,-6.755342,8.526344
R,0.2132084,1.265072,-0.07936417,-0.7451617,0.7198165,0.6033807,26.80377,1.049639,25.34891,8.540428
R,0.2039752,1.273232,-0.07266019,-0.6420248,0.5673823,0.4661555,7.171539,-10.59939,-9.54185,8.55481
R,0.195584,1.280095,-0.0671825,-0.6168578,0.5045657,0.4026762,1.850081,-4.617774,-4.666494,8.568413
R,0.1948296,1.281606,-0.06611717,-0.05278756,0.1057211,0.0745514,39.47347,-27.91103,-22.96208,8.582703
R,0.2007893,1.277741,-0.06883791,0.42779,-0.2774079,-0.195297,34.49631,-27.50136,-19.36997,8.596634
R,0.195304,1.265258,-0.07899556,-0.385716,-0.877783,-0.7142617,-57.20379,-42.21693,-36.49235,8.610855
R,0.190087,1.256991,-0.08584649,-0.3884139,-0.6155034,-0.5100624,-0.2008662,19.52713,15.20296,8.624287
R,0.1850671,1.251127,-0.0907717,-0.3627149,-0.4237269,-0.3558752,1.856903,13.85696,11.14092,8.638126
R,0.1849558,1.233699,-0.1008411,-0.007506995,-1.175328,-0.6790941,23.95565,-50.68889,-21.79827,8.652954
R,0.1836444,1.221179,-0.1083339,-0.0959971,-0.9165125,-0.548502,-6.477841,18.94637,9.559882,8.666615
R,0.1815727,1.211284,-0.1143203,-0.1448229,-0.69175,-0.4184802,-3.413171,15.71204,9.089179,8.68092
R,0.1930206,1.199285,-0.1330481,0.8429731,-0.8835323,-1.379038,72.7373,-14.12207,-70.73159,8.6945
R,0.2439992,1.203448,-0.1361144,3.712154,0.3031424,-0.2232802,208.9274,86.41101,84.15971,8.708233
R,0.2832641,1.205257,-0.139632,2.982631,0.1373968,-0.267204,-55.41586,-12.59033,-3.336533,8.721397
R,0.3131149,1.205579,-0.1432282,2.012136,0.02172795,-0.2424055,-65.41772,-7.796834,1.671585,8.736233
R,0.3417048,1.19901,-0.1556609,2.327538,-0.5348117,-1.012161,25.67727,-45.30856,-62.66674,8.748516
R,0.3655886,1.19348,-0.1656495,1.552444,-0.3594641,-0.6492589,-50.38088,11.39755,23.58858,8.763901
R,0.3780521,1.188163,-0.1771761,0.895617,-0.3820415,-0.8282963,-47.19938,-1.622406,-12.86557,8.777817
R,0.3905084,1.183359,-0.187006,0.8773152,-0.338343,-0.6923277,-1.289012,3.077733,9.576395,8.792015
R,0.4032718,1.178881,-0.1957982,1.027278,-0.3604352,-0.7076525,12.06994,-1.778125,-1.233435,8.80444
R,0.4281962,1.162313,-0.2047239,1.602595,-1.065282,-0.5739064,36.99191,-45.32044,8.599641,8.819992
R,0.4505179,1.149578,-0.2130162,1.59181,-0.9082137,-0.5913442,-0.7691529,11.20092,-1.243526,8.834015
R,0.4478978,1.128037,-0.230571,-0.2168067,-1.782414,-1.452616,-149.6584,-72.33786,-71.26804,8.8461
R,0.4496197,1.111126,-0.245064,0.120824,-1.186638,-1.016935,23.69054,41.80379,30.57041,8.860352
R,0.4544156,1.096731,-0.2578415,0.3390494,-1.017648,-0.9033256,15.42786,11.94712,8.03184,8.874496
R,0.4739059,1.07062,-0.2587577,1.421216,-1.903981,-0.06681155,78.9106,-64.63061,60.99781,8.88821
R,0.4914907,1.049927,-0.2620824,1.101232,-1.295919,-0.2082052,-20.03869,38.07925,-8.854632,8.904179
R,0.4947827,1.034398,-0.2664356,0.2789169,-1.315712,-0.3688263,-69.67196,-1.676945,-13.60887,8.915981
R,0.5002432,1.019539,-0.2717995,0.359929,-0.9793893,-0.3535662,5.339913,22.1687,1.005868,8.931152
R,0.4853416,0.9994193,-0.2749026,-1.086609,-1.467124,-0.2262713,-105.4802,-35.56519,9.282224,8.944866
R,0.4774483,0.9814047,-0.2791594,-0.5809061,-1.325778,-0.3132808,37.21701,10.40233,-6.403431,8.958454
R,0.473682,0.9646059,-0.2841253,-0.2729623,-1.217506,-0.3599063,22.31839,7.847085,-3.37921,8.972252
R,0.4998136,0.9671565,-0.2852923,1.772835,0.1730396,-0.07917031,138.7923,94.33829,19.04588,8.986992
R,0.5210286,0.9649718,-0.2878762,1.776232,-0.1829138,-0.2163421,0.2844239,-29.80231,-11.48475,8.998936
R,0.5383314,0.9599133,-0.2913539,1.116099,-0.3262911,-0.2243229,-42.58115,-9.248397,-0.5147945,9.014439
R,0.5327084,0.9632232,-0.2836085,-0.4386998,0.2582357,0.6042922,-121.304,45.60422,64.64777,9.027256
R,0.5314788,0.9628516,-0.2804448,-0.08943622,-0.0270316,0.2301154,25.40437,-20.74947,-27.21648,9.041004
R,0.5286156,0.9552308,-0.2763273,-0.1929011,-0.5134284,0.277405,-6.970623,-32.76947,3.185988,9.055847
R,0.5284171,0.9471009,-0.2740712,-0.01511218,-0.6189914,0.1717752,13.53654,-8.037381,-8.042471,9.068981
R,0.5299744,0.9388958,-0.2731456,0.1137143,-0.5991426,0.06758357,9.40699,1.449373,-7.608134,9.082676
R,0.5098465,0.9627599,-0.2669633,-1.176194,1.394519,0.3612733,-75.37711,116.5017,17.16206,9.099789
R,0.4873499,0.9948978,-0.2614894,-1.898694,2.712416,0.4619889,-60.97845,111.2295,8.500322,9.111637
R,0.4720682,1.017499,-0.257775,-1.251491,1.85094,0.3041872,53.00229,-70.55009,-12.92308,9.123848
R,0.4609231,1.033582,-0.2551703,-0.7060457,1.018857,0.1650122,34.55419,-52.71279,-8.816794,9.139633
R,0.4523675,1.045607,-0.2532542,-0.6355311,0.8932329,0.1423341,5.238028,-9.331729,-1.684593,9.153095
R,0.4683354,1.047985,-0.2465618,1.185471,0.17657,0.4968471,135.1925,-53.20557,26.31931,9.166565
R,0.4767705,1.050939,-0.2422457,0.5849702,0.2048528,0.2993231,-41.64489,1.961421,-13.69834,9.180984
R,0.4822669,1.054149,-0.2388523,0.4166765,0.2433397,0.2572477,-12.75801,2.917612,-3.189653,9.194176
R,0.4860109,1.057515,-0.2360198,0.2525633,0.2270812,0.1910715,-11.07084,-1.096777,-4.46415,9.209
R,0.4886761,1.06098,-0.2335332,0.2143799,0.2787186,0.2000194,-3.071357,4.153552,0.7197424,9.221432
R,0.4382744,1.154914,-0.203946,-3.158618,5.886714,1.854199,-211.3821,351.4469,103.6656,9.237389
R,0.3799329,1.224439,-0.1758755,-4.628901,5.516183,2.227151,-116.6543,-29.39846,29.59059,9.249992
R,0.3657971,1.275014,-0.1549674,-1.096983,3.924826,1.622537,274.0886,-123.4946,-46.92009,9.262878
R,0.2976151,1.297177,-0.1382385,-4.787972,1.556364,1.174761,-259.1938,-166.3215,-31.44435,9.277119
R,0.2663498,1.315858,-0.1244643,-2.252269,1.345699,0.9922557,182.6654,-15.17572,-13.14721,9.291
R,0.2343093,1.333242,-0.1125271,-2.358669,1.279758,0.8787598,-7.832614,-4.854281,-8.355031,9.304585
R,0.1652826,1.313707,-0.1114787,-4.290949,-1.214393,0.06517426,-120.1176,-155.0454,-50.57542,9.320671
R,0.129923,1.303827,-0.1087001,-2.941703,-0.8219117,0.2311648,112.2491,32.65202,13.8094,9.332691
R,0.1083747,1.303852,-0.1045384,-1.444331,0.001638008,0.2789463,100.3649,55.20036,3.202667,9.34761
R,0.08536971,1.306235,-0.0996393,-1.783676,0.1848011,0.3798479,-26.31097,14.20145,7.823347,9.360508
R,0.06232684,1.31012,-0.09429559,-1.562884,0.2634783,0.3624373,14.97523,5.336291,-1.18087,9.375252
R,0.04137551,1.308043,-0.1026096,-1.567427,-0.1553849,-0.6219956,-0.3398794,-31.33632,-73.64817,9.388618
R,0.01983152,1.308381,-0.1069432,-1.567479,0.0246149,-0.3152982,-0.003772898,13.09627,22.31443,9.402363
R,0.007892383,1.308733,-0.103405,-0.8650563,0.02552342,0.256362,50.89441,0.06582727,41.41992,9.416164
R,-0.007173674,1.31045,-0.09973729,-1.094948,0.1247574,0.2665553,-16.7077,7.211976,0.7408143,9.429924
R,-0.02382503,1.313026,-0.09602171,-1.068033,0.1652037,0.2383209,1.72632,2.594262,-1.810978,9.445515
R,-0.01434686,1.308287,-0.1104998,0.6797931,-0.3398854,-1.038395,125.3576,-36.22602,-91.56866,9.459457
R,-0.01289199,1.306016,-0.1197688,0.1096567,-0.1711832,-0.6986285,-42.97235,12.71544,25.6089,9.472725
R,-0.004662512,1.309893,-0.1238442,0.6206297,0.2924248,-0.3073486,38.53525,34.96319,29.50854,9.485985
R,-0.002663491,1.313405,-0.1264953,0.1437277,0.2525027,-0.1906091,-34.28881,-2.870361,8.393458,9.499893
R,0.01108743,1.313882,-0.1330332,0.9142079,0.03167797,-0.4346607,51.22413,-14.68118,-16.22537,9.514935
R,0.01854619,1.315002,-0.1377808,0.5647803,0.08483174,-0.3594878,-26.45879,4.024825,5.692119,9.528141
R,0.02169839,1.316551,-0.1414475,0.2252196,0.110708,-0.2619849,-24.26105,1.848813,6.966423,9.542137
R,0.03801008,1.323525,-0.1467554,1.146076,0.4899491,-0.3729375,64.70037,26.64588,-7.795644,9.55637
R,0.04879479,1.329341,-0.1509977,0.7912531,0.426716,-0.3112482,-26.03268,-4.639287,4.52602,9.57
R,0.07115421,1.33442,-0.1600741,1.857809,0.4220087,-0.7541465,88.61845,-0.3911203,-36.79972,9.582035
R,0.08753597,1.338984,-0.1672136,1.147003,0.319553,-0.4998821,-49.76853,-7.173655,17.80285,9.596317
R,0.09970077,1.343222,-0.1731776,0.8583929,0.2990831,-0.4208424,-20.36542,-1.444427,5.577328,9.610489
R,0.121528,1.339727,-0.1862481,1.345372,-0.2154582,-0.8056317,30.01617,-31.71501,-23.71742,9.626713
R,0.138823,1.33814,-0.1965481,1.540009,-0.1412831,-0.9171514,17.33108,6.604806,-9.930101,9.637943
R,0.1656534,1.330429,-0.2109349,1.870095,-0.5374319,-1.002771,23.0072,-27.61181,-5.967741,9.65229
R,0.1876998,1.325546,-0.2225289,1.655969,-0.3668338,-0.8708576,-16.0836,12.81412,9.908399,9.665604
R,0.2127883,1.316902,-0.2303481,1.550035,-0.5340193,-0.4830925,-6.544912,-10.32917,23.95717,9.681789
R,0.2341739,1.310828,-0.2378928,1.684023,-0.4783062,-0.5941067,10.55101,4.387161,-8.741876,9.694489
R,0.2528965,1.30628,-0.2452567,1.332616,-0.323734,-0.5241417,-25.01206,11.00194,4.979882,9.708538
R,0.2840348,1.30141,-0.2502071,2.409305,-0.3768171,-0.3830293,83.30807,-4.10726,10.91847,9.721462
R,0.3108745,1.297489,-0.2557276,1.833206,-0.2677827,-0.3770661,-39.34889,7.447293,0.4072963,9.736103
R,0.3347541,1.27394,-0.2606777,1.754458,-1.730197,-0.3636841,-5.785664,-107.4448,0.9831839,9.749714
R,0.3566,1.257003,-0.2660834,1.65179,-1.280592,-0.4087377,-7.762817,33.99519,-3.406556,9.762939
R,0.3772281,1.243382,-0.2717648,1.442784,-0.9526664,-0.3973661,-14.6184,22.93589,0.7953596,9.777237
R,0.3844784,1.209386,-0.2789639,0.5227242,-2.451002,-0.5190349,-66.33338,-108.0252,-8.771934,9.791107
R,0.3943635,1.184997,-0.2858872,0.6345016,-1.56553,-0.4443904,7.174779,56.83673,4.791284,9.806686
R,0.4162978,1.174133,-0.2789014,1.602549,-0.793696,0.5103927,70.7268,56.39121,69.75771,9.820374
R,0.4370098,1.162737,-0.2754186,1.720381,-0.9466295,0.2892878,9.787409,-12.70298,-18.36544,9.832413
R,0.4492536,1.140902,-0.2757056,0.7884139,-1.406012,-0.0184844,-60.0122,-29.58103,-19.81838,9.847942
R,0.4626265,1.122723,-0.2770495,1.028346,-1.397899,-0.1033363,18.45024,0.6238816,-6.524909,9.860947
R,0.476853,1.105892,-0.2790304,1.027949,-1.216149,-0.1431358,-0.02872623,13.1325,-2.875748,9.874786
R,0.4987133,1.088724,-0.2726295,1.643405,-1.290615,0.4812025,46.2685,-5.598204,46.93621,9.888088
R,0.5192824,1.072683,-0.2687522,1.424585,-1.110981,0.2685374,-15.1552,12.44123,-14.7289,9.902527
R,0.5258559,1.064115,-0.2602343,0.4465414,-0.5820323,0.578625,-66.43905,35.93177,21.06442,9.917248
R,0.5348842,1.053934,-0.2543342,0.6541468,-0.7376918,0.4275001,15.04215,-11.27839,-10.94983,9.931049
R,0.5457495,1.042875,-0.2501865,0.8834668,-0.8991742,0.3372436,18.64605,-13.13016,-7.33877,9.943348
R,0.5316182,1.047771,-0.2518726,-0.9104087,0.31538,-0.1086243,-115.5698,78.24726,-28.72489,9.95887
