L/R,p_x,p_y,p_z,v_x,v_y,v_z,a_x,a_y,a_z,t
L,-0.2283083,1.290102,-0.008679345,0.02591259,-0.02081616,0.03685926,-0.1985319,-1.041533,2.501389,-0.01195908
L,-0.2277765,1.28968,-0.007948923,0.04447019,-0.03525718,0.06107682,1.551759,-1.207536,2.025036,0
L,-0.2272085,1.289237,-0.00719868,0.0353594,-0.02761369,0.04670429,-0.5671669,0.4758238,-0.8947216,0.01606369
L,-0.2272012,1.288942,-0.005589808,0.0006579796,-0.02656626,0.1449831,-3.127112,0.09438901,8.85638,0.02716064
L,-0.2271762,1.28864,-0.003984984,0.001565307,-0.01897455,0.1007653,0.05697016,0.4766757,-2.776394,0.04308701
L,-0.2259672,1.288332,-0.003794506,0.09851837,-0.02510103,0.01552149,7.900424,-0.4992288,-6.94627,0.05535889
L,-0.2247349,1.288013,-0.003600132,0.09006373,-0.02325237,0.0142052,-0.6178796,0.1351029,-0.09619658,0.06904221
L,-0.2235035,1.287689,-0.003390377,0.07997553,-0.02105271,0.01362389,-0.655243,0.1428709,-0.03775669,0.08443832
L,-0.2226196,1.287706,-0.004305574,0.06910672,0.001286162,-0.07155188,-0.8497445,1.746496,-6.659206,0.097229
L,-0.221674,1.28771,-0.005236499,0.06309155,0.0002783787,-0.06211158,-0.4013336,-0.06723956,0.6298599,0.1122169
L,-0.2215755,1.288038,-0.005075797,0.007897315,0.02628058,0.0128829,-4.424721,2.084502,6.012034,0.124691
L,-0.2214721,1.288346,-0.00491299,0.006511355,0.0194139,0.01025687,-0.08731577,-0.4326024,-0.1654404,0.140564
L,-0.2214156,1.288436,-0.004688211,0.004545106,0.007287512,0.01808053,-0.1581591,-0.9754099,0.6293111,0.1529961
L,-0.2213329,1.28854,-0.004406095,0.005989871,0.00751484,0.02041833,0.1045656,0.016453,0.1691998,0.1668129
L,-0.2212185,1.288659,-0.004061552,0.007707061,0.008025385,0.02321843,0.1157201,0.03440525,0.1886965,0.1816521
L,-0.2213362,1.288603,-0.00411529,-0.009375712,-0.004453434,-0.00428051,-1.360725,-0.9939981,-2.190423,0.1942062
L,-0.2214537,1.288539,-0.004175215,-0.008436259,-0.004622021,-0.004302585,0.06745329,-0.01210469,-0.001585042,0.2081337
L,-0.2214707,1.288572,-0.004057753,-0.001042824,0.001996081,0.007204462,0.4534732,0.4059185,0.7057799,0.2244377
L,-0.2214803,1.288604,-0.003932725,-0.0007503531,0.002490336,0.009745843,0.02279797,0.03852692,0.1980992,0.2372665
L,-0.2214837,1.288635,-0.003801899,-0.0002418862,0.002206681,0.009314327,0.03620085,-0.02019513,-0.03072227,0.2513123
L,-0.2214865,1.28852,-0.003749806,-0.0002211769,-0.009301516,0.004225193,0.001679708,-0.9334174,-0.4127741,0.2636414
L,-0.2214839,1.288397,-0.003696775,0.0001659137,-0.007987146,0.003453004,0.02520454,0.08558226,-0.05027932,0.2789993
L,-0.2214965,1.288403,-0.003607917,-0.001006913,0.0004475168,0.007097355,-0.09367745,0.6737039,0.2910861,0.2915192
L,-0.2215055,1.288409,-0.0035158,-0.000576678,0.0004145173,0.0059317,0.02770411,-0.002124934,-0.07506005,0.3070488
L,-0.2216383,1.288279,-0.00353732,-0.01050667,-0.01030033,-0.001702776,-0.7857192,-0.8478218,-0.6040845,0.3196869
L,-0.221775,1.288141,-0.003562918,-0.008900587,-0.008991745,-0.001665966,0.1045246,0.08516338,0.002395615,0.3350525
L,-0.2219146,1.287996,-0.003591499,-0.01175514,-0.01217676,-0.002406742,-0.2403803,-0.2682082,-0.06238035,0.3469276
L,-0.2219551,1.288092,-0.002893053,-0.002893439,0.006814615,0.04997092,0.6340179,1.358754,3.747404,0.3609047
L,-0.2220214,1.288281,-0.001543063,-0.004607823,0.01313742,0.09374618,-0.1190504,0.4390687,3.039847,0.3753052
L,-0.2219418,1.288154,-0.001507871,0.005678629,-0.009058587,0.002510989,0.7339498,-1.58371,-6.509733,0.3893204
L,-0.2218564,1.288022,-0.001486025,0.006367221,-0.009803922,0.001627396,0.05129593,-0.05552288,-0.06582225,0.4027443
L,-0.2217645,1.287885,-0.001464306,0.005925232,-0.008829682,0.001401285,-0.02851704,0.06285777,-0.01458865,0.4182434
L,-0.2213728,1.287477,-0.001651259,0.02852898,-0.02973916,-0.01361731,1.646412,-1.523005,-1.093925,0.4319725
L,-0.220761,1.286847,-0.001944252,0.04390869,-0.04524535,-0.02102552,1.103668,-1.112744,-0.5316225,0.4459076
L,-0.2201163,1.286543,-0.001435408,0.05126109,-0.02414127,0.04045812,0.5845883,1.677982,4.888555,0.4584846
L,-0.2194252,1.286225,-0.0008858748,0.04321475,-0.01988908,0.03436468,-0.5031725,0.2659079,-0.3810492,0.4744759
L,-0.215877,1.285061,-0.001339383,0.3071799,-0.1007575,-0.0392617,22.85234,-7.001049,-6.37408,0.4860268
L,-0.2124362,1.283943,-0.001781598,0.2467124,-0.08015933,-0.03170788,-4.335664,1.47694,0.5416273,0.4999733
L,-0.2095925,1.283028,-0.002144439,0.202295,-0.0650865,-0.02581184,-3.15977,1.072253,0.4194331,0.5140305
L,-0.2064421,1.282657,-0.003599804,0.2263869,-0.02669271,-0.104582,1.731235,2.758964,-5.660396,0.5279465
L,-0.2037877,1.282314,-0.004765021,0.1959009,-0.02527625,-0.08599513,-2.249924,0.104537,1.371744,0.5414963
L,-0.2028561,1.281886,-0.006230068,0.06262019,-0.0288141,-0.09847522,-8.958648,-0.2378016,-0.8388667,0.5563736
L,-0.2019574,1.281505,-0.007432156,0.06363747,-0.02693645,-0.08512159,0.07203507,0.1329592,0.94559,0.5704956
L,-0.2010303,1.281142,-0.008510272,0.068481,-0.02685616,-0.07963414,0.3577631,0.005931056,0.4053254,0.584034
L,-0.2069818,1.282824,-0.01060106,-0.4501305,0.1272721,-0.1581329,-39.22415,11.65718,-5.937097,0.5972557
L,-0.2133324,1.284638,-0.01305698,-0.4581148,0.1308132,-0.1771611,-0.5759558,0.2554412,-1.372629,0.6111183
L,-0.2274511,1.288606,-0.01750628,-0.9264403,0.2604193,-0.2919544,-30.73059,8.504498,-7.532506,0.626358
L,-0.2374965,1.291533,-0.0209395,-0.8085182,0.2355791,-0.2763275,9.49112,-1.999292,1.257753,0.6387825
L,-0.2452677,1.293775,-0.02374776,-0.5128812,0.1479418,-0.1853395,19.51145,-5.783885,6.005023,0.6539345
L,-0.2695945,1.298451,-0.02240559,-1.772405,0.3406754,0.09778843,-91.76671,14.04223,20.62821,0.6676598
L,-0.2871718,1.3021,-0.02185432,-1.344947,0.2792159,0.04218117,32.70739,-4.702635,-4.254848,0.6807289
L,-0.3067213,1.30635,-0.01252255,-1.446863,0.3145733,0.6906458,-7.542808,2.616808,47.99297,0.6942406
L,-0.3222165,1.309848,-0.005907833,-1.072607,0.2421359,0.4578843,25.90681,-5.014268,-16.11223,0.7086868
L,-0.3422477,1.307412,-0.009628467,-1.438652,-0.1749486,-0.267217,-26.28945,-29.95513,-52.07697,0.7226105
L,-0.3587846,1.306123,-0.01226006,-1.123356,-0.08757936,-0.1787653,21.41819,5.935043,6.008567,0.7373314
L,-0.3733952,1.305583,-0.01414476,-1.040504,-0.03846611,-0.1342199,5.900375,3.497621,3.172323,0.7513733
L,-0.3916365,1.306046,-0.009338328,-1.469525,0.03727144,0.3872088,-34.56223,6.101458,42.00657,0.7637863
L,-0.3975126,1.300409,-0.008244404,-0.4189259,-0.4018561,0.07798902,74.90029,-31.30668,-22.04517,0.777813
L,-0.4050405,1.29651,-0.00749357,-0.5167338,-0.2676011,0.0515388,-6.713732,9.215538,-1.815598,0.7923813
L,-0.4133961,1.293684,-0.006926193,-0.5855031,-0.198067,0.03975792,-4.818891,4.87248,-0.8255242,0.8066521
L,-0.4222632,1.291527,-0.00647238,-0.6363156,-0.1547957,0.03256621,-3.646369,3.105205,-0.5160864,0.8205872
L,-0.4211281,1.287379,-0.006124633,0.08256451,-0.301722,0.02529403,52.28915,-10.68697,-0.5289564,0.8343353
L,-0.4227553,1.284512,-0.005846045,-0.1289488,-0.2271765,0.0220769,-16.76147,5.907393,-0.2549424,0.8469543
L,-0.4257403,1.284313,-0.004279045,-0.208999,-0.01393062,0.1097168,-5.604884,14.93086,6.136288,0.8612366
L,-0.430437,1.283839,-0.002782095,-0.3136863,-0.03166401,0.09997869,-6.991887,-1.184383,-0.6503887,0.8762093
L,-0.4283646,1.283557,-0.003116529,0.1461219,-0.01986115,-0.02357983,32.41957,0.8321813,-8.711706,0.8903923
L,-0.4243849,1.28264,-0.003927663,0.2895504,-0.06671524,-0.0590158,10.43545,-3.40897,-2.57822,0.9041367
L,-0.4222417,1.281695,-0.004530874,0.1532955,-0.06762449,-0.04314544,-9.745808,-0.06503507,1.135148,0.9181175
L,-0.413723,1.281075,-0.008162189,0.6467202,-0.04705148,-0.2756813,37.45969,1.561857,-17.6536,0.9312897
L,-0.4087293,1.280366,-0.01073082,0.3952484,-0.05612168,-0.2033064,-19.90394,-0.717904,5.728456,0.943924
L,-0.4005871,1.280806,-0.008530196,0.5631741,0.03040897,0.1522111,11.61497,5.98509,24.59018,0.9583817
L,-0.3872122,1.28211,-0.00579341,0.9164006,0.08938839,0.1875149,24.20183,4.041061,2.418889,0.9729767
L,-0.3775839,1.282878,-0.003812942,0.7543336,0.06016512,0.1551608,-12.69722,-2.289511,-2.534799,0.9857407
L,-0.3704956,1.283302,-0.002316955,0.4589173,0.02743733,0.0968545,-19.1261,-2.118892,-3.774916,1.001186
L,-0.3649687,1.283512,-0.001120987,0.4297964,0.0163249,0.09300382,-2.26457,-0.8641518,-0.2994463,1.014046
L,-0.3513953,1.285886,0.001816542,0.9102532,0.1592159,0.1969956,32.22022,9.582507,6.973861,1.028957
L,-0.3309161,1.286535,0.001452375,1.60878,0.05094396,-0.02860785,54.87405,-8.505496,-17.72268,1.041687
L,-0.3146891,1.286985,0.001348212,1.169272,0.03248694,-0.007505646,-31.66971,-1.329961,1.520565,1.055565
L,-0.3013465,1.287324,0.001430311,0.8812535,0.02235292,0.005422456,-19.02303,-0.6693304,0.8538736,1.070705
L,-0.2898327,1.287593,0.001628264,0.8779155,0.0205152,0.01509371,-0.2545221,-0.1401246,0.7374234,1.08382
L,-0.2799248,1.288439,0.0003677,0.6654596,0.05682328,-0.08466546,-14.26954,2.438623,-6.7003,1.098709
L,-0.2702662,1.290075,0.007579543,0.6963546,0.1179266,0.5199509,2.227426,4.405357,43.59091,1.112579
L,-0.2610403,1.291334,0.01309119,0.6714391,0.09166782,0.4011234,-1.813285,-1.911047,-8.647949,1.12632
L,-0.2496632,1.289146,0.01976826,0.9081734,-0.1746536,0.5329942,18.89722,-21.259,10.52653,1.138847
L,-0.2390226,1.287617,0.02516264,0.7631615,-0.1096956,0.3868957,-10.40054,4.658919,-10.47847,1.15279
L,-0.2288757,1.286514,0.02972468,0.6836159,-0.07426593,0.3073533,-5.359142,2.386965,-5.358925,1.167633
L,-0.2180558,1.283131,0.03936156,0.8106267,-0.2535188,0.7219917,9.515612,-13.42957,31.06458,1.180981
L,-0.2076867,1.280584,0.0472971,0.7611839,-0.1869574,0.5825415,-3.629555,4.886216,-10.23692,1.194603
L,-0.1975964,1.278564,0.0540802,0.6751152,-0.1351136,0.4538406,-5.758646,3.468748,-8.611072,1.209549
L,-0.1921611,1.273262,0.05677976,0.4346651,-0.4240676,0.2158858,-19.22897,-23.10786,-19.02941,1.222054
L,-0.1857186,1.269152,0.05989374,0.4203302,-0.2681138,0.2031636,-0.9352406,10.17481,-0.8300276,1.237381
L,-0.1791396,1.257495,0.04881268,0.4795997,-0.8497636,-0.8077956,4.320675,-42.40156,-73.69769,1.251099
L,-0.171977,1.248625,0.04189613,0.5713978,-0.7076423,-0.551775,7.323289,11.33788,20.4243,1.263634
L,-0.1644359,1.241396,0.03748931,0.465801,-0.4465348,-0.2722012,-6.522522,16.12812,17.26876,1.279823
L,-0.1653188,1.240632,0.03752841,-0.07408371,-0.06412052,0.00328105,-45.30331,32.0895,23.11652,1.29174
L,-0.1641142,1.239351,0.03770986,0.08318378,-0.0884319,0.01253067,10.86057,-1.678895,0.6387596,1.306221
L,-0.1644832,1.239697,0.03827381,-0.02627513,0.02461967,0.04016216,-7.795163,8.051016,1.967789,1.320263
L,-0.1648568,1.24041,0.04013706,-0.02662387,0.05082903,0.1327645,-0.02484939,1.867526,6.598298,1.334297
L,-0.1643254,1.240792,0.04249589,0.03849583,0.02764921,0.1708626,4.716977,-1.679041,2.759654,1.348103
L,-0.1719242,1.24355,0.04614232,-0.5261459,0.1909585,0.2524806,-39.096,11.30759,5.651265,1.362545
L,-0.1866935,1.244339,0.04564811,-1.076361,0.05749583,-0.0360177,-40.09889,-9.726558,-21.02533,1.376266
L,-0.1962798,1.244384,0.04547452,-0.7408608,0.00351931,-0.01341535,25.9285,-4.171468,1.746778,1.389206
L,-0.2029092,1.243976,0.0455319,-0.5040184,-0.03105967,0.00436196,18.00662,-2.628965,1.351571,1.402359
L,-0.2076731,1.243286,0.04573299,-0.3128327,-0.04530937,0.01320561,12.55466,-0.9357395,0.5807389,1.417587
L,-0.2274753,1.245546,0.04628005,-1.500728,0.1713284,0.04145944,-90.02594,16.41813,2.141247,1.430782
L,-0.2505358,1.249421,0.05373004,-1.582093,0.2658336,0.5111151,-5.582088,6.483631,32.22125,1.445358
L,-0.2674527,1.252035,0.05946343,-1.26922,0.196113,0.4301585,23.47383,-5.230919,-6.073924,1.458687
L,-0.281278,1.253829,0.06401397,-0.9398928,0.1219528,0.3093606,22.38882,-5.041661,-8.212249,1.473396
L,-0.2971635,1.25428,0.06413383,-1.210549,0.03435683,0.009134266,-20.62527,-6.67522,-22.87864,1.486519
L,-0.3105496,1.254634,0.06476162,-0.9123968,0.02415659,0.0427905,20.32211,-0.6952502,2.294015,1.50119
L,-0.3240526,1.257813,0.05998648,-1.049432,0.2470538,-0.3711163,-10.65015,17.32321,-32.16816,1.514057
L,-0.3362145,1.260227,0.05695696,-0.794861,0.1577537,-0.1979982,16.63781,-5.836324,11.31435,1.529358
L,-0.3472402,1.265819,0.05008798,-0.8734701,0.4430341,-0.5441711,-6.227528,22.60035,-27.42434,1.541981
L,-0.3578873,1.270188,0.04520395,-0.719346,0.2951836,-0.3299787,10.41307,-9.989207,14.47146,1.556782
L,-0.3682077,1.273752,0.04154307,-0.8032795,0.2773716,-0.2849405,-6.532855,-1.386378,3.505491,1.56963
L,-0.3747145,1.280067,0.02396637,-0.4901491,0.4757453,-1.32403,23.58772,14.94324,-78.27332,1.582905
L,-0.3821342,1.285259,0.01128501,-0.507837,0.3553606,-0.8679745,-1.210648,-8.239719,31.2147,1.597515
L,-0.3888236,1.293098,-0.003722418,-0.4371942,0.5122865,-0.9808296,4.61695,10.25609,-7.375791,1.612816
L,-0.3961878,1.299642,-0.01562283,-0.6241513,0.55469,-1.008607,-15.84535,3.593861,-2.354237,1.624615
L,-0.403996,1.305301,-0.02583314,-0.5166208,0.3744085,-0.6755611,7.114707,-11.92825,22.03583,1.639729
L,-0.4110465,1.313902,-0.035724,-0.5371281,0.6552238,-0.7535104,-1.562296,21.39322,-5.938372,1.652855
L,-0.4185589,1.321287,-0.04472297,-0.5558341,0.5464119,-0.6658268,-1.384045,-8.05091,6.487643,1.66637
L,-0.424737,1.327738,-0.05498931,-0.4316531,0.4507513,-0.717287,8.676254,-6.6836,-3.595412,1.680683
L,-0.4315193,1.333711,-0.06438115,-0.498998,0.4394296,-0.6909949,-4.954826,-0.832984,1.934417,1.694275
L,-0.4386592,1.339393,-0.07324813,-0.4690946,0.3732926,-0.5825629,1.964658,-4.345214,7.124009,1.709496
L,-0.4358727,1.339301,-0.08677873,0.2030186,-0.006713799,-0.9858157,48.96899,-27.6866,-29.3803,1.723221
L,-0.4359557,1.340559,-0.0986498,-0.005926944,0.08984268,-0.8477063,-14.92068,6.895043,9.862316,1.737225
L,-0.4349559,1.346248,-0.09953342,0.07978263,0.4540049,-0.07051287,6.83965,29.06026,62.02027,1.749756
L,-0.4358537,1.3516,-0.1025892,-0.06592262,0.3930322,-0.2243856,-10.69909,-4.477208,-11.29883,1.763374
L,-0.4241973,1.350624,-0.1060743,0.8225185,-0.06891824,-0.2459182,62.69166,-32.59692,-1.519415,1.777546
L,-0.4166409,1.351023,-0.1105999,0.4684008,0.02475467,-0.2805351,-21.95078,5.806524,-2.145807,1.793678
L,-0.4118965,1.352336,-0.1157676,0.4179162,0.1156229,-0.4552015,-4.446987,8.004221,-15.38567,1.805031
L,-0.3989774,1.351901,-0.1105311,0.9094136,-0.03059546,0.3686151,34.59803,-10.29277,57.99103,1.819237
L,-0.3895361,1.35243,-0.1083621,0.6155166,0.0344908,0.1414085,-19.16024,4.243217,-14.81245,1.834576
L,-0.3664944,1.353289,-0.105835,1.872936,0.06977713,0.205413,102.2093,2.868248,5.202607,1.846878
L,-0.3487127,1.354603,-0.1051648,1.239398,0.0916229,0.04671661,-44.158,1.522664,-11.06124,1.861225
L,-0.3346303,1.356204,-0.1056744,1.007267,0.1144782,-0.03645389,-16.60348,1.634753,-5.948881,1.875206
L,-0.3154162,1.359904,-0.0988261,1.415246,0.272566,0.5044232,30.05036,11.64422,39.83919,1.888783
L,-0.2994368,1.363214,-0.09452032,1.032257,0.2138061,0.2781504,-24.74081,-3.795853,-14.61707,1.904263
L,-0.2814009,1.360148,-0.08723211,1.426242,-0.2424208,0.5763386,31.15561,-36.07757,23.58016,1.916908
L,-0.2658133,1.358521,-0.08217393,1.14556,-0.1196208,0.3717327,-20.62776,9.024749,-15.03678,1.930515
L,-0.2598597,1.358749,-0.07326787,0.3888091,0.01489319,0.5816318,-49.42142,8.784764,13.70797,1.945827
L,-0.2530069,1.359316,-0.06655435,0.5389851,0.04462946,0.5280259,11.81151,2.33879,-4.216162,1.958542
L,-0.2454115,1.36009,-0.0613178,0.554157,0.05643786,0.3820564,1.106931,0.8615369,-10.64988,1.972248
L,-0.2390884,1.355543,-0.05565456,0.4656096,-0.3348051,0.4170182,-6.520267,-28.80955,2.574451,1.985828
L,-0.2320364,1.352543,-0.05089305,0.4829219,-0.2054516,0.3260711,1.185555,8.858215,-6.22812,2.000431
L,-0.2326596,1.349526,-0.04879408,-0.04640017,-0.22459,0.1562716,-39.40886,-1.42488,-12.64184,2.013863
L,-0.231137,1.347658,-0.04682666,0.1128483,-0.1384383,0.1458154,11.80267,6.385112,-0.7749627,2.027355
L,-0.2282477,1.3462,-0.0447018,0.1964228,-0.09911501,0.1444553,5.681676,2.673331,-0.09246548,2.042065
L,-0.2325496,1.346296,-0.04349063,-0.2721291,0.006085606,0.07661703,-29.63998,6.654853,-4.291358,2.057873
L,-0.2360131,1.346321,-0.04165582,-0.296616,0.002143907,0.1571324,-2.097053,-0.337567,6.895339,2.06955
L,-0.2476156,1.345726,-0.04238128,-0.8519663,-0.04374124,-0.05327025,-40.7792,-3.369333,-15.44981,2.083168
L,-0.2546459,1.34519,-0.04231235,-0.4593573,-0.03498878,0.004503822,25.65306,0.5718856,3.774957,2.098473
L,-0.2683289,1.343126,-0.04659247,-1.101637,-0.1661932,-0.3445967,-51.71061,-10.56341,-28.10645,2.110893
L,-0.2777428,1.341494,-0.04928114,-0.6755535,-0.1171298,-0.1929421,30.57629,3.520855,10.88293,2.124828
L,-0.284636,1.340138,-0.0509702,-0.4851028,-0.09541947,-0.1188669,13.40282,1.527845,5.212981,2.139038
L,-0.3015914,1.33871,-0.05259356,-1.199989,-0.1010479,-0.11489,-50.59477,-0.3983389,0.2814567,2.153168
L,-0.3140866,1.337453,-0.0536827,-0.9348,-0.09401755,-0.08148193,19.8395,0.5259564,2.499354,2.166534
L,-0.334739,1.341697,-0.05197207,-1.307393,0.2686398,0.1082911,-23.58682,22.95785,12.01349,2.182331
L,-0.3504658,1.344634,-0.0506894,-1.145509,0.2139483,0.09342683,11.7913,-3.983621,-1.082686,2.19606
L,-0.3637595,1.346697,-0.0496936,-0.9693606,0.1503912,0.07261278,12.84458,-4.634528,-1.517741,2.209774
L,-0.3831647,1.34579,-0.05332691,-1.573447,-0.07353851,-0.2946029,-48.9816,-18.15707,-29.77525,2.222107
L,-0.399125,1.345192,-0.05586875,-1.144705,-0.04290356,-0.1823059,30.75019,2.197201,8.054167,2.23605
L,-0.4155428,1.341468,-0.05942382,-1.160066,-0.2631065,-0.2511964,-1.085335,-15.55926,-4.867713,2.250202
L,-0.4301005,1.338768,-0.0620892,-0.9369514,-0.1738046,-0.171548,14.35995,5.747592,5.126282,2.265739
L,-0.4426088,1.337357,-0.06163239,-0.9050468,-0.1020736,0.03305272,2.308476,5.190138,14.80399,2.27956
L,-0.4547708,1.336175,-0.06149525,-0.9316714,-0.09055377,0.0105059,-2.039597,0.8824792,-1.727211,2.292614
L,-0.4666439,1.335134,-0.06157073,-0.8028014,-0.07039109,-0.005103717,8.713572,1.363303,-1.055447,2.307404
L,-0.4740636,1.329195,-0.0695351,-0.5800892,-0.4642764,-0.6226697,17.41207,-30.79471,-48.2825,2.320194
L,-0.4826393,1.324665,-0.07545938,-0.557415,-0.2944691,-0.3850765,1.473818,11.03744,15.4435,2.335579
L,-0.4907755,1.318166,-0.08221144,-0.6508573,-0.5199115,-0.5401323,-7.474929,-18.0343,-12.40371,2.34808
L,-0.4996379,1.312971,-0.08763107,-0.664353,-0.3894052,-0.406269,-1.011666,9.783087,10.03474,2.36142
L,-0.5088889,1.308592,-0.0922135,-0.6449696,-0.3053274,-0.319483,1.351388,5.861829,6.050648,2.375763
L,-0.5152201,1.306434,-0.09636927,-0.439187,-0.1496758,-0.28828,14.27486,10.79734,2.164505,2.390179
L,-0.5226164,1.304116,-0.1001824,-0.6230419,-0.1952523,-0.3212018,-15.48729,-3.839197,-2.773219,2.40205
L,-0.5269535,1.296456,-0.1073572,-0.300217,-0.5302845,-0.4966559,22.34661,-23.19163,-12.1453,2.416496
L,-0.5326913,1.290189,-0.113401,-0.3514347,-0.383842,-0.370176,-3.137013,8.969399,7.746715,2.432823
L,-0.5398954,1.284188,-0.1183523,-0.5863134,-0.4883771,-0.4029671,-19.11581,-8.507682,-2.668729,2.44511
L,-0.5474887,1.27884,-0.1230095,-0.584419,-0.4116174,-0.3584414,0.1458043,5.907837,3.426933,2.458103
L,-0.555294,1.273913,-0.1274687,-0.5548019,-0.3501813,-0.3169613,2.105193,4.366889,2.948422,2.472172
L,-0.5588184,1.267569,-0.131705,-0.2548004,-0.4586752,-0.3062636,21.6888,-7.843634,0.7733966,2.486004
L,-0.563659,1.261845,-0.1358981,-0.3085899,-0.3648848,-0.2673169,-3.429135,5.97923,2.482889,2.50169
L,-0.5712637,1.255967,-0.1383256,-0.6389573,-0.4939103,-0.2039626,-27.75764,-10.84079,5.32306,2.513592
L,-0.5788437,1.250458,-0.1412006,-0.5475424,-0.3979144,-0.2076717,6.603437,6.934346,-0.2679307,2.527435
L,-0.5863808,1.245197,-0.1443505,-0.5294288,-0.3695488,-0.2212568,1.272341,1.99246,-0.9542491,2.541672
L,-0.5932267,1.239704,-0.1456226,-0.4937027,-0.3961142,-0.09174476,2.576444,-1.915803,9.339976,2.555538
L,-0.6002622,1.234406,-0.147557,-0.5086355,-0.3830667,-0.139845,-1.079577,0.9432721,-3.477441,2.56937
L,-0.6036202,1.228244,-0.146831,-0.2380383,-0.4367733,0.05146363,19.18211,-3.807151,13.5615,2.583477
L,-0.608081,1.22243,-0.1471716,-0.3205523,-0.4178488,-0.02447296,-5.92943,1.359904,-5.456777,2.597393
L,-0.6132203,1.21682,-0.1481964,-0.376432,-0.4108864,-0.0750657,-4.092905,0.5099626,-3.705668,2.611046
L,-0.6176724,1.213023,-0.1461132,-0.2942006,-0.2508823,0.1376621,5.433945,10.57326,14.0573,2.626179
L,-0.622702,1.20883,-0.1452289,-0.3533821,-0.2946345,0.06213042,-4.158157,-3.074077,-5.306934,2.640411
L,-0.6267308,1.202911,-0.1445187,-0.2896668,-0.4255777,0.05106195,4.581076,-9.414695,-0.7958125,2.65432
L,-0.6313441,1.197258,-0.1444532,-0.3887365,-0.476344,0.005524751,-8.347974,-4.277752,-3.837127,2.666187
L,-0.6332633,1.188522,-0.1459081,-0.1356414,-0.6174424,-0.1028295,17.88822,-9.972523,-7.658239,2.680336
L,-0.636219,1.180803,-0.1473231,-0.2032029,-0.5306517,-0.0972813,-4.644858,5.966865,0.3814377,2.694881
L,-0.639824,1.173661,-0.1487073,-0.2373854,-0.4703043,-0.09115271,-2.250878,3.973805,0.4035605,2.710068
L,-0.6440496,1.168323,-0.1468514,-0.3652273,-0.4613625,0.1604087,-11.04945,0.7728399,21.7426,2.721638
L,-0.6484715,1.162796,-0.1458374,-0.3091908,-0.3864614,0.07090328,3.91828,5.237365,-6.25855,2.735939
L,-0.6466514,1.15604,-0.1448267,0.1101905,-0.4090358,0.0611892,25.38991,-1.366686,-0.5881035,2.752457
L,-0.6465781,1.149537,-0.144299,0.005586846,-0.4955669,0.04021621,-7.971287,-6.59407,-1.598239,2.765579
L,-0.6476278,1.14317,-0.1440756,-0.09064147,-0.5497159,0.01929065,-8.308852,-4.675511,-1.806821,2.777161
L,-0.6434943,1.144662,-0.1413744,0.2646101,0.09548993,0.1729167,22.74165,41.30326,9.834467,2.792782
L,-0.6405001,1.144721,-0.1390623,0.2203555,0.004351488,0.1701544,-3.256897,-6.707298,-0.2032906,2.80637
L,-0.6318983,1.154952,-0.1344573,0.6687194,0.7954108,0.3580011,34.85644,61.49805,14.60347,2.819233
L,-0.6260719,1.161325,-0.1310394,0.388934,0.4254202,0.228162,-18.67687,-24.69845,-8.667313,2.834213
L,-0.6158248,1.176508,-0.1254276,0.7588233,1.124311,0.4155665,27.39103,51.75428,13.87767,2.847717
L,-0.608269,1.187326,-0.1210455,0.5562167,0.7963791,0.3225898,-14.91494,-24.14083,-6.844507,2.861301
L,-0.602508,1.195158,-0.1174697,0.3975306,0.5404054,0.246739,-10.94988,-17.66306,-5.233966,2.875793
L,-0.5820794,1.21614,-0.1126049,1.448539,1.487769,0.3449471,74.52412,67.1749,6.963668,2.889896
L,-0.5661725,1.232353,-0.1085134,1.263981,1.288335,0.3251234,-14.66528,-15.8473,-1.575229,2.902481
L,-0.5501001,1.250299,-0.1037683,1.035462,1.156165,0.3056969,-14.72226,-8.515007,-1.251542,2.918003
L,-0.5368254,1.264966,-0.09962603,1.043441,1.152849,0.3256009,0.6271271,-0.2607196,1.564526,2.930725
L,-0.5254545,1.277355,-0.09588298,0.8439491,0.9195657,0.2778082,-14.80622,-17.31419,-3.547154,2.944199
L,-0.5049987,1.289451,-0.09067862,1.412262,0.8350589,0.3593081,39.23621,-5.834331,5.626732,2.958683
L,-0.4877297,1.300415,-0.08606908,1.180743,0.7496984,0.3151704,-15.82978,-5.836398,-3.017852,2.973309
L,-0.4655097,1.306559,-0.08181258,1.590178,0.4397011,0.3046176,29.30134,-22.18508,-0.7552105,2.987282
L,-0.4464307,1.313272,-0.07781363,1.521586,0.5353761,0.3189233,-5.4703,7.630255,1.140898,2.999821
L,-0.4295413,1.320423,-0.07397436,1.217669,0.5155476,0.2767991,-21.91142,-1.429572,-3.037021,3.013691
L,-0.4124643,1.320209,-0.07057538,1.24767,-0.01566855,0.2483343,2.191907,-38.81136,-2.079673,3.027378
L,-0.3966144,1.322186,-0.0671486,1.100941,0.1373708,0.2380261,-10.19186,10.63019,-0.7160113,3.041775
L,-0.3796164,1.322234,-0.06329434,1.230922,0.003461671,0.2791075,9.412603,-9.697094,2.974929,3.055584
L,-0.363579,1.32408,-0.05953036,1.15561,0.1330058,0.2712218,-5.426763,9.334581,-0.5682187,3.069462
L,-0.355538,1.321824,-0.05253608,0.5324301,-0.1493591,0.4631245,-41.26368,-18.6967,12.70677,3.084564
L,-0.3461286,1.321661,-0.04640147,0.7425073,-0.0129252,0.484091,16.57751,10.7662,1.654503,3.097237
L,-0.3357128,1.322821,-0.04086682,0.6853547,0.07638366,0.3641754,-3.760597,5.876451,-7.890348,3.112434
L,-0.3289132,1.31474,-0.03972425,0.5068173,-0.6023955,0.08516335,-13.30751,-50.59366,-20.79651,3.125851
L,-0.3206477,1.30997,-0.03775529,0.6242437,-0.3602168,0.1487036,8.868518,18.29032,4.798821,3.139091
L,-0.326273,1.305088,-0.03355597,-0.3960914,-0.3437416,0.2956828,-71.84388,1.160052,10.3491,3.153294
L,-0.32727,1.302216,-0.02963295,-0.07349814,-0.2117548,0.2891998,23.78119,9.729907,-0.4779202,3.166859
L,-0.3256141,1.300464,-0.02589658,0.1162253,-0.1229167,0.2622405,13.3159,6.235175,-1.89216,3.181107
L,-0.3328007,1.298021,-0.02548316,-0.5207081,-0.1770574,0.02995399,-46.14933,-3.922795,-16.83043,3.194908
L,-0.336356,1.296285,-0.0242849,-0.2422058,-0.1182595,0.08163179,18.9729,4.005594,3.520537,3.209587
L,-0.3491331,1.29317,-0.02719223,-0.9387437,-0.2288134,-0.2136046,-51.17524,-8.122491,-21.69127,3.223198
L,-0.3567652,1.290912,-0.02842976,-0.5329565,-0.1577068,-0.08641706,28.33635,4.965417,8.881577,3.237518
L,-0.3650084,1.284868,-0.03306756,-0.6636642,-0.4866017,-0.3733945,-10.52341,-26.47967,-23.10485,3.249939
L,-0.3703418,1.280332,-0.03584873,-0.3879392,-0.3299199,-0.2022937,20.0554,11.39656,12.44535,3.263687
L,-0.3739026,1.276724,-0.03747778,-0.2487219,-0.2520317,-0.1137876,9.724217,5.440425,6.182077,3.278004
L,-0.3930196,1.272709,-0.04354284,-1.270963,-0.2669604,-0.403226,-67.96204,-0.9925125,-19.24284,3.293045
L,-0.4063352,1.269324,-0.04772472,-0.9908015,-0.2518273,-0.3111711,20.84661,1.126049,6.849738,3.306484
L,-0.4159002,1.263331,-0.05976766,-0.6824753,-0.4276504,-0.8592767,21.99942,-12.54518,-39.10794,3.320499
L,-0.4236988,1.258407,-0.06850025,-0.5675623,-0.3583252,-0.6355351,8.363062,5.0453,16.28332,3.33424
L,-0.4303866,1.254136,-0.07532049,-0.5346643,-0.3414818,-0.545253,2.630075,1.346573,7.217716,3.346748
L,-0.4476231,1.251999,-0.07884777,-1.14565,-0.1419878,-0.2344458,-40.61013,13.25967,20.65828,3.361794
L,-0.4609004,1.249637,-0.08221673,-0.9509691,-0.1692196,-0.241299,13.94386,-1.950449,-0.4908523,3.375755
L,-0.4772432,1.244938,-0.08389515,-1.102182,-0.3169298,-0.1131948,-10.19795,-9.961757,8.639501,3.390583
L,-0.4906624,1.240754,-0.08593807,-1.057654,-0.3297598,-0.161016,3.509499,-1.011218,-3.769099,3.403271
L,-0.5033453,1.234087,-0.08397601,-0.9339141,-0.4908708,0.1444786,9.111714,-11.86356,22.49538,3.416851
L,-0.5147129,1.228397,-0.08326118,-0.7464852,-0.3737005,0.04694105,12.30796,7.694258,-6.405029,3.432079
L,-0.5253169,1.22329,-0.08335733,-0.7992426,-0.3849015,-0.007247565,-3.976432,-0.8442419,-4.084307,3.445347
L,-0.5355027,1.221088,-0.07887516,-0.7828029,-0.1692044,0.3444663,1.263431,16.57687,27.03011,3.458359
L,-0.5453713,1.218412,-0.0760387,-0.6664091,-0.1807461,0.1915411,7.85985,-0.7793864,-10.32675,3.473167
L,-0.5522645,1.211328,-0.07301017,-0.5439541,-0.5589818,0.2389856,9.663103,-29.84715,3.743917,3.48584
L,-0.5598472,1.205189,-0.07098673,-0.5255817,-0.4255189,0.1402521,1.273458,9.250792,-6.84357,3.500267
L,-0.5678035,1.199633,-0.06960169,-0.5297697,-0.3699597,0.09222203,-0.2788529,3.699394,-3.198071,3.515285
L,-0.5706,1.189652,-0.06739962,-0.2257709,-0.8057727,0.1777825,24.5431,-35.18502,6.907657,3.527672
L,-0.5750704,1.181268,-0.06576717,-0.2934902,-0.5504164,0.1071719,-4.44583,16.76437,-4.635646,3.542904
L,-0.5734738,1.176345,-0.06516691,0.1137665,-0.3507917,0.04277073,29.01872,14.22409,-4.588852,3.556938
L,-0.5744131,1.171297,-0.06461864,-0.06721779,-0.3612988,0.03923739,-12.95221,-0.7519473,-0.2528646,3.570911
L,-0.5743029,1.164281,-0.0653936,0.008532802,-0.5434674,-0.06003262,5.868074,-14.11182,-7.690023,3.58382
L,-0.5758952,1.157761,-0.06584461,-0.1133332,-0.4640833,-0.03210168,-8.674028,5.650304,1.988034,3.59787
L,-0.5785569,1.151551,-0.06608561,-0.2037821,-0.4753943,-0.01845087,-6.924836,-0.8659782,1.045116,3.610931
L,-0.5857821,1.145655,-0.06475344,-0.4973862,-0.4058971,0.0917066,-20.21181,4.784208,7.583278,3.625458
L,-0.5923173,1.139839,-0.06372506,-0.4806879,-0.4278199,0.07564085,1.228215,-1.612492,-1.181689,3.639053
L,-0.5941906,1.13499,-0.06191918,-0.137514,-0.3559402,0.1325683,25.1921,5.276623,4.178993,3.652676
L,-0.5969722,1.129917,-0.0604933,-0.1848813,-0.3372053,0.09477336,-3.14834,1.245248,-2.512098,3.667721
L,-0.6003165,1.124709,-0.05931336,-0.259073,-0.4034334,0.09140498,-5.747315,-5.130414,-0.2609338,3.68063
L,-0.599404,1.115387,-0.06312986,0.06106794,-0.6238592,-0.2554181,21.42533,-14.75192,-23.21103,3.695572
L,-0.5999609,1.107199,-0.06570897,-0.03947657,-0.5804067,-0.1828285,-7.127404,3.080263,5.145738,3.709679
L,-0.6031869,1.097319,-0.06450874,-0.2323913,-0.7117855,0.08646188,-13.89707,-9.464186,19.39897,3.72356
L,-0.6065291,1.088518,-0.06362247,-0.2479877,-0.6530127,0.06576,-1.157235,4.360866,-1.536052,3.737038
L,-0.6099378,1.080346,-0.06295041,-0.2345965,-0.5623934,0.0462525,0.9216124,6.236627,-1.34255,3.751568
L,-0.6211001,1.07386,-0.05950382,-0.9442159,-0.5486548,0.2915463,-60.02661,1.162144,20.74937,3.76339
L,-0.6300374,1.067239,-0.05691767,-0.5791988,-0.4290868,0.1676003,23.65563,7.748831,-8.032556,3.77882
L,-0.6306863,1.057177,-0.05793999,-0.04973958,-0.7712902,-0.07836057,40.58321,-26.22999,-18.85298,3.791866
L,-0.6324775,1.048028,-0.05850337,-0.1246764,-0.6368328,-0.03921601,-5.216206,9.359317,2.724777,3.806232
L,-0.6312227,1.045361,-0.0563655,0.08813974,-0.1873158,0.150169,14.94868,31.57508,13.30282,3.820469
L,-0.6313722,1.041648,-0.05477069,-0.0111913,-0.27786,0.1193458,-7.433353,-6.775803,-2.306626,3.833832
L,-0.6323696,1.037134,-0.0534181,-0.07649758,-0.3461911,0.1037373,-5.008675,-5.240661,-1.197094,3.84687
L,-0.6266615,1.030175,-0.04841216,0.372878,-0.4546162,0.3270066,29.35487,-7.082731,14.58477,3.862179
L,-0.6232373,1.023427,-0.04451509,0.2645566,-0.5213675,0.3010886,-8.368936,-5.157222,-2.002427,3.875122
L,-0.6113515,1.018791,-0.04090201,0.7681906,-0.2996179,0.2335176,32.55045,14.33194,-4.367193,3.890594
L,-0.6028767,1.01368,-0.03786564,0.6625736,-0.3995396,0.2373889,-8.257339,-7.812074,0.3026616,3.903385
L,-0.5967867,1.008266,-0.03519982,0.4377485,-0.3891726,0.1916178,-16.16029,0.7451715,-3.289995,3.917297
L,-0.5893086,1.004763,-0.03544417,0.5767413,-0.2701898,-0.01884573,10.71966,9.176416,-16.23176,3.930264
L,-0.5834716,1.000556,-0.03510454,0.4181812,-0.3014143,0.02433266,-11.35982,-2.23704,3.093456,3.944221
L,-0.5729432,1.003039,-0.03569286,0.7340301,0.1731466,-0.04101744,22.02071,33.08598,-4.556153,3.958565
L,-0.5645385,1.003339,-0.03568729,0.6109956,0.02182994,0.0004051407,-8.94419,-11.00021,3.011282,3.972321
L,-0.5651966,1.000186,-0.02871441,-0.0485276,-0.2325598,0.5141772,-48.63292,-18.75858,37.88531,3.985882
L,-0.5648057,0.9966857,-0.02312526,0.02693003,-0.2411219,0.3850617,5.198624,-0.5898827,-8.895364,4.000397
L,-0.5636445,0.9929573,-0.01848288,0.07256407,-0.2329894,0.2901006,2.851654,0.5081943,-5.934081,4.016399
L,-0.5591075,0.9884378,-0.01820464,0.3871511,-0.3856659,0.02374379,26.84476,-13.02839,-22.72912,4.028118
L,-0.5549204,0.9839151,-0.01733625,0.2892292,-0.3124094,0.05998513,-6.764065,5.060275,2.503412,4.042595
L,-0.5537559,0.9811832,-0.01128029,0.08782095,-0.2060243,0.4567126,-15.18929,8.023076,29.91937,4.055855
L,-0.5521202,0.97805,-0.006185429,0.1208219,-0.231434,0.3763276,2.437587,-1.876866,-5.937572,4.069393
L,-0.5501639,0.9746814,-0.001775999,0.1410849,-0.2429333,0.3179933,1.461303,-0.8292878,-4.206873,4.08326
L,-0.5506281,0.9734462,-0.0009804207,-0.03190958,-0.08489283,0.05468173,-11.89027,10.86244,-18.09794,4.097809
L,-0.5505196,0.9718528,0.0001122429,0.007992451,-0.1173323,0.08045933,2.938224,-2.388714,1.898159,4.111389
L,-0.5436624,0.9720948,-0.004789304,0.4413401,0.01557129,-0.3154704,27.89086,8.553864,-25.4826,4.126926
L,-0.5365345,0.9714165,-0.008690405,0.5911154,-0.05624703,-0.3235211,12.42097,-5.955945,-0.6676512,4.138985
L,-0.530657,0.9701012,-0.01100077,0.4128525,-0.0923893,-0.1622855,-12.52158,-2.538713,11.32555,4.153221
L,-0.5415671,0.9693701,-0.002324793,-0.7744466,-0.0519014,0.6158561,-84.27927,2.873994,55.23561,4.167309
L,-0.5505159,0.967986,0.005949886,-0.6326524,-0.09785008,0.5849938,10.02441,-3.248428,-2.181862,4.181454
L,-0.5601144,0.9685276,0.01224775,-0.6983547,0.03940293,0.4582149,-4.780309,9.986137,-9.224075,4.195198
L,-0.5667,0.9682934,0.01738864,-0.4422107,-0.01572506,0.3451976,17.19944,-3.701709,-7.588829,4.210091
L,-0.567028,0.9797801,0.01548204,-0.02741849,0.9601951,-0.159376,34.67324,81.57896,-42.17824,4.222054
L,-0.5674341,0.9878548,0.01480577,-0.02633023,0.5235554,-0.04384833,0.07056141,-28.31128,7.490698,4.237476
L,-0.5678896,0.9935896,0.01494842,-0.03456042,0.4351257,0.01082317,-0.6244557,-6.709495,4.148135,4.250656
L,-0.5648865,1.009643,0.007741911,0.2299211,1.229072,-0.5517358,20.24891,60.78515,-43.06993,4.263718
L,-0.5628406,1.021838,0.003074608,0.1179521,0.7030528,-0.2690797,-6.455249,-30.32612,16.29571,4.281063
L,-0.5542307,1.045951,-0.007386966,0.563835,1.579074,-0.6850959,29.19948,57.36787,-27.2436,4.296333
L,-0.5301589,1.075433,-0.03324708,2.358096,2.888161,-2.533286,175.7679,128.2397,-181.0508,4.306541
L,-0.5116327,1.098868,-0.05176814,1.244626,1.574409,-1.244281,-74.80511,-88.26043,86.59785,4.321426
L,-0.4878108,1.130091,-0.07903069,1.637761,2.146571,-1.874302,27.02802,39.33617,-43.31395,4.335972
L,-0.4741969,1.150303,-0.08898663,0.9785569,1.452804,-0.7156267,-47.38314,-49.86754,83.28481,4.349884
L,-0.4613707,1.154997,-0.08947352,0.8869218,0.3245598,-0.03366835,-6.33648,-78.01698,47.15676,4.364346
L,-0.4726937,1.167411,-0.06999744,-0.6394368,0.7010852,1.099857,-86.19685,21.26322,64.0127,4.382053
L,-0.4787995,1.179769,-0.05723955,-0.3482563,0.7048588,0.7276776,16.60818,0.2152381,-21.22817,4.399586
L,-0.4816523,1.191952,-0.0492497,-0.2570874,1.097843,0.7200038,8.21567,35.41369,-0.6915177,4.410683
L,-0.5015848,1.205565,-0.02614709,-1.306948,0.8925948,1.51481,-68.83811,-13.45787,52.11446,4.425934
L,-0.5019876,1.220482,-0.01337509,-0.02603653,0.9643341,0.8256726,82.80724,4.637743,-44.55072,4.441402
L,-0.5020297,1.234663,-0.004175648,-0.003281157,1.105722,0.7173051,1.774296,11.02439,-8.449704,4.454227
L,-0.5015405,1.248308,0.002967733,0.03347282,0.9337069,0.4888005,2.514966,-11.77049,-15.63589,4.468842
L,-0.5007188,1.261699,0.008870536,0.06081045,0.9910361,0.4368674,2.023263,4.242942,-3.843578,4.482353
L,-0.484049,1.279062,0.004562193,1.159742,1.207977,-0.2997362,76.45387,15.0928,-51.24634,4.496727
L,-0.449941,1.289309,-0.00935765,2.400963,0.721301,-0.9798613,87.37348,-34.25862,-47.87613,4.510933
L,-0.4233344,1.300111,-0.01857042,1.953716,0.7932073,-0.6764908,-32.84124,5.280055,22.2764,4.524551
L,-0.4022677,1.311421,-0.02508042,1.41894,0.7618111,-0.4384782,-36.01958,-2.114678,16.03124,4.539398
L,-0.3846327,1.323058,-0.02988708,1.229496,0.8112783,-0.3351163,-13.20787,3.448812,7.206306,4.553741
L,-0.3668013,1.327786,-0.03508709,1.326447,0.3517221,-0.3868198,7.211966,-34.18555,-3.846129,4.567184
L,-0.3411159,1.321639,-0.03849887,1.805649,-0.4320863,-0.2398434,33.68732,-55.10075,10.33225,4.581409
L,-0.363826,1.300795,-0.03525483,-1.574952,-1.445544,0.2249747,-234.4456,-70.28355,32.23526,4.595829
L,-0.3776018,1.288466,-0.03319145,-1.001449,-0.8963186,0.1500012,41.69173,39.92683,-5.450318,4.609585
L,-0.3388619,1.315515,-0.03164045,2.808466,1.960938,0.1124405,276.202,207.1384,-2.722982,4.623379
L,-0.3083239,1.336799,-0.03065373,2.078772,1.448869,0.06716777,-49.6715,-34.85738,-3.081792,4.638069
L,-0.2863219,1.344357,-0.02454187,1.582797,0.5437277,0.4396781,-35.67974,-65.11452,26.79784,4.65197
L,-0.2678989,1.351445,-0.02005249,1.23327,0.4744637,0.3005269,-23.39795,-4.636653,-9.31503,4.666908
L,-0.2515803,1.358512,-0.01665102,1.124852,0.4871319,0.234466,-7.473327,0.8732251,-4.55363,4.681416
L,-0.237533,1.357982,-0.01677816,1.212914,-0.04576334,-0.01097764,7.603703,-46.01294,-21.19288,4.692997
L,-0.2212738,1.347614,-0.02419373,1.17612,-0.7499569,-0.5364091,-2.661519,-50.93822,-38.00737,4.706821
L,-0.2059382,1.34181,-0.02933016,1.050191,-0.3975069,-0.3517464,-8.623653,24.13601,12.64583,4.721424
L,-0.191314,1.338677,-0.03309971,1.085097,-0.23246,-0.2796953,2.589964,12.24626,5.346098,4.734901
L,-0.1786781,1.334025,-0.03814933,0.9137737,-0.336431,-0.3651668,-12.38936,-7.518724,-6.180916,4.74873
L,-0.1659241,1.331299,-0.04207932,0.8300325,-0.1773833,-0.2557651,-5.449913,10.35089,7.119911,4.764095
L,-0.1583061,1.326426,-0.046683,0.522782,-0.3343914,-0.3159233,-21.08478,-10.77453,-4.128307,4.778667
L,-0.1493705,1.32318,-0.05049697,0.7527,-0.2734475,-0.3212759,19.36748,5.133694,-0.4508807,4.790539
L,-0.1395182,1.320938,-0.05382533,0.7025937,-0.159914,-0.2373525,-3.573194,8.096339,5.984769,4.804562
L,-0.1290555,1.319323,-0.05684577,0.7009308,-0.1081651,-0.2023486,-0.1114035,3.466818,2.345021,4.819489
L,-0.1229891,1.313025,-0.06066589,0.4454531,-0.4624387,-0.2805109,-18.75965,-26.0142,-5.739432,4.833107
L,-0.1287239,1.318051,-0.05245899,-0.4316238,0.3782838,0.6176829,-66.01219,63.27602,67.60153,4.846394
L,-0.1326553,1.323923,-0.04318388,-0.2550372,0.3809005,0.6016867,11.45536,0.1697464,-1.037692,4.861809
L,-0.1330256,1.328219,-0.03668959,-0.02740772,0.3179701,0.480643,16.8469,-4.65749,-8.958465,4.87532
L,-0.1311831,1.331493,-0.03201542,0.1435007,0.2549391,0.3640243,13.31035,-4.90885,-9.082266,4.888161
L,-0.1227945,1.331236,-0.02982487,0.6086387,-0.01866524,0.1589374,33.74844,-19.85157,-14.88024,4.901943
L,-0.1202947,1.331171,-0.03430394,0.1691952,-0.004389362,-0.3031659,-29.74373,0.9662626,-31.27746,4.916718
L,-0.1163863,1.331384,-0.03857886,0.2724963,0.01487699,-0.2980435,7.202062,1.343234,0.357131,4.931061
L,-0.1170006,1.330567,-0.04037645,-0.04970522,-0.06607832,-0.1454406,-26.06889,-6.549984,12.34689,4.94342
L,-0.1167094,1.330046,-0.04178417,0.020444,-0.03657271,-0.09882896,4.924798,2.07143,3.272351,4.957664
L,-0.1157233,1.329691,-0.04304738,0.07275872,-0.02621024,-0.09320029,3.859834,0.7645533,0.4152895,4.971218
L,-0.1191462,1.33261,-0.04197628,-0.2444274,0.2084326,0.07648604,-22.65008,16.75571,12.1172,4.985222
L,-0.1229197,1.336738,-0.04054739,-0.2220477,0.2429012,0.08407995,1.316879,2.028223,0.4468456,5.002216
L,-0.1251466,1.340207,-0.03943324,-0.2165303,0.3372821,0.1083336,0.5364863,9.177068,2.35829,5.012501
L,-0.1361254,1.332713,-0.04913631,-0.7157501,-0.4885134,-0.6325796,-32.54601,-53.83669,-48.30289,5.02784
L,-0.1545808,1.326867,-0.05970856,-1.436026,-0.4549013,-0.8226329,-56.04515,2.615381,-14.78817,5.040691
L,-0.1676215,1.322732,-0.06761926,-0.9140437,-0.2898312,-0.554477,36.5868,11.57009,18.79558,5.054958
L,-0.1775348,1.319679,-0.07387827,-0.6097389,-0.187764,-0.3849746,18.71696,6.277879,10.42563,5.071217
L,-0.1987154,1.320956,-0.07672463,-1.969627,0.1186702,-0.2646876,-126.4585,28.49588,11.18571,5.08197
L,-0.21481,1.321687,-0.07959366,-1.116458,0.05070786,-0.1990208,59.18318,-4.714453,4.555215,5.096386
L,-0.2224324,1.320945,-0.06808811,-0.52918,-0.05150953,0.7987583,40.77101,-7.096313,69.26955,5.11079
L,-0.2299662,1.320264,-0.06012089,-0.582747,-0.0526243,0.6162758,-4.143488,-0.08622883,-14.11528,5.123718
L,-0.2372605,1.31963,-0.054604,-0.5119582,-0.04451138,0.3872074,4.968369,0.5694121,-16.07735,5.137966
L,-0.2576466,1.323906,-0.04482172,-1.304072,0.2735404,0.62576,-50.67052,20.34538,15.25991,5.153599
L,-0.2738115,1.326936,-0.03741112,-1.178727,0.2209405,0.5403743,9.14003,-3.835534,-6.226243,5.167313
L,-0.2891743,1.32434,-0.03224383,-1.197168,-0.2023447,0.402668,-1.437054,-32.98504,-10.73094,5.180145
L,-0.3028165,1.322472,-0.02790987,-1.024702,-0.1402668,0.3255363,12.95441,4.662847,-5.793587,5.193459
L,-0.3153624,1.32109,-0.02407687,-0.8524717,-0.0939282,0.2604448,11.70275,3.148625,-4.422849,5.208176
L,-0.328229,1.314304,-0.01561869,-0.8906559,-0.469699,0.5854928,-2.643191,-26.01163,22.5005,5.222622
L,-0.3404332,1.309283,-0.008610498,-0.9932499,-0.4086949,0.5703682,-8.349702,4.964871,-1.230931,5.234909
L,-0.3540723,1.297534,-0.002538447,-0.958297,-0.8254573,0.4266287,2.455826,-29.28217,-10.09929,5.249142
L,-0.3668546,1.288722,0.002912085,-0.937288,-0.646215,0.3996711,1.540524,13.1433,-1.97672,5.262779
L,-0.3765171,1.270628,0.006896028,-0.6406092,-1.199561,0.2641292,19.66934,-36.68594,-8.986217,5.277863
L,-0.3866659,1.25687,0.01090347,-0.75452,-1.022875,0.297937,-8.468812,13.13588,2.513474,5.291313
L,-0.3970963,1.245379,0.0149392,-0.732458,-0.8069331,0.2834032,1.549269,15.16416,-1.020608,5.305553
L,-0.4064912,1.231085,0.01992123,-0.6470889,-0.9844981,0.3431448,5.879926,-12.23006,4.114788,5.320072
L,-0.4163343,1.218978,0.02467728,-0.6973817,-0.8578209,0.3369647,-3.563235,8.975046,-0.4378547,5.334187
L,-0.4108481,1.203148,0.01783695,0.4072987,-1.175198,-0.5078309,82.01228,-23.56232,-62.71824,5.347656
L,-0.4095919,1.189592,0.01392763,0.08902744,-0.9606819,-0.2770494,-22.55553,15.20253,16.35523,5.361767
L,-0.4110695,1.177299,0.01185272,-0.1069124,-0.8894994,-0.150131,-14.17733,5.150449,9.183241,5.375587
L,-0.4167407,1.166772,0.01269405,-0.3993188,-0.741195,0.05923994,-20.58893,10.44241,14.74224,5.38979
L,-0.4227652,1.156443,0.01377655,-0.46165,-0.7915266,0.08294915,-4.776306,-3.856808,1.816787,5.40284
L,-0.4291189,1.146298,0.01507588,-0.4731756,-0.7555309,0.09676527,-0.8583429,2.6807,1.028925,5.416267
L,-0.4355763,1.136233,0.01644192,-0.4655614,-0.7256257,0.09848711,0.5489613,2.15607,0.1241389,5.430138
L,-0.4420996,1.126232,0.01785228,-0.4572297,-0.7009943,0.09885437,0.5839844,1.726462,0.02574208,5.444405
L,-0.4486637,1.116257,0.01928695,-0.4552166,-0.6917907,0.0994948,0.1396102,0.638273,0.04441396,5.458824
L,-0.4552557,1.106293,0.02074051,-0.5234967,-0.7912754,0.1154324,-5.422362,-7.900428,1.265664,5.471416
L,-0.4734628,1.088025,0.0692797,-1.23044,-1.234572,3.280293,-47.77541,-29.95815,213.8822,5.486214
L,-0.4880481,1.072447,0.1074162,-1.102495,-1.177489,2.882713,9.671235,4.314915,-30.05282,5.499443
L,-0.4854997,1.039498,0.09355023,0.1790989,-2.315684,-0.9744979,90.0703,-79.99221,-271.0844,5.513672
L,-0.4859622,1.014428,0.08529381,-0.03152423,-1.70874,-0.5627585,-14.35611,41.3694,28.06422,5.528343
L,-0.4882597,0.9920416,0.08099773,-0.1781897,-1.736247,-0.3331933,-11.37499,-2.133414,17.80448,5.541237
L,-0.4693625,0.997613,0.07517598,1.262114,0.3720979,-0.3888246,96.1954,140.8127,-3.715522,5.55621
L,-0.4566585,0.9970555,0.07206274,1.032645,-0.04531492,-0.2530596,-18.65234,-33.92939,11.03566,5.568512
L,-0.4606037,0.9950532,0.07136349,-0.2722324,-0.1381655,-0.04825026,-90.04103,-6.407006,14.13255,5.583004
L,-0.4636666,0.9909934,0.07145704,-0.2016418,-0.2672613,0.006158082,4.647141,-8.498666,3.581823,5.598194
L,-0.4681125,0.9819738,0.07290585,-0.3286692,-0.6667901,0.1071057,-9.390716,-29.53584,7.462723,5.611721
L,-0.4719466,0.9725656,0.07446901,-0.3168594,-0.777526,0.1291846,0.975996,-9.151566,1.824665,5.623821
L,-0.4754061,0.9628906,0.07609922,-0.2260406,-0.6321621,0.1065183,5.934098,9.498076,-1.481011,5.639126
L,-0.4764029,0.9604081,0.07045444,-0.07183291,-0.1788843,-0.4067471,11.11177,32.66191,-36.98446,5.653004
L,-0.4778525,0.9557842,0.06680766,-0.1137384,-0.362803,-0.2861366,-3.28802,-14.43076,9.46343,5.665749
L,-0.4794585,0.9562302,0.06841994,-0.1054345,0.0292778,0.1058478,0.5451581,25.74046,25.73413,5.680981
L,-0.481349,0.9551276,0.07002161,-0.1337253,-0.07799008,0.1132939,-2.00115,-7.587596,0.5266982,5.695118
L,-0.4838353,0.9522849,0.07184522,-0.202163,-0.2311424,0.1482782,-5.56468,-12.45284,2.844578,5.707417
L,-0.488275,0.9581251,0.07346815,-0.286377,0.3767148,0.1046854,-5.432133,39.20918,-2.811907,5.722919
L,-0.4927177,0.96166,0.07509363,-0.3555045,0.2828669,0.1300706,-5.531555,-7.509665,2.031314,5.735416
L,-0.492333,0.967961,0.07236873,0.02758949,0.4517958,-0.195382,27.46876,12.11261,-23.33573,5.749363
L,-0.4926374,0.9715263,0.0706171,-0.02032006,0.2379958,-0.1169289,-3.198167,-14.27207,5.237078,5.764343
L,-0.4920829,0.983909,0.06856457,0.03966149,0.8856924,-0.14681,4.29026,46.32736,-2.137286,5.778324
L,-0.4922108,0.9925514,0.06714372,-0.009174077,0.619853,-0.1019061,-3.502586,-19.06654,3.220597,5.792267
L,-0.4927732,0.9986472,0.06611866,-0.0452957,0.4909274,-0.08255448,-2.909083,-10.38312,1.558498,5.804684
L,-0.4895371,1.019773,0.05958311,0.229026,1.495157,-0.4625416,19.41463,71.07257,-26.89291,5.818813
L,-0.4875256,1.035998,0.05478609,0.1425596,1.149796,-0.3399599,-6.127778,-24.4754,8.687223,5.832924
L,-0.4819706,1.06112,0.05221896,0.3884223,1.756643,-0.1795033,17.19163,42.43306,11.21972,5.847225
L,-0.478005,1.08121,0.04999717,0.2739316,1.387764,-0.1534724,-7.908582,-25.4808,1.798117,5.861702
L,-0.475094,1.097678,0.04799042,0.2192146,1.240179,-0.1511223,-4.120577,-11.11417,0.1769808,5.874981
L,-0.466925,1.122553,0.04619226,0.5654748,1.721861,-0.1244726,23.96885,33.34304,1.844742,5.889427
L,-0.4606613,1.143587,0.04445737,0.4517194,1.516902,-0.1251144,-8.203658,-14.78098,-0.04628396,5.903294
L,-0.442093,1.164061,0.03307221,1.313073,1.447877,-0.8051124,60.91145,-4.88112,-48.0867,5.917435
L,-0.4275729,1.182277,0.02442599,1.052933,1.32092,-0.6269862,-18.86426,-9.206406,12.91693,5.931225
L,-0.4159404,1.199032,0.01737915,0.9520445,1.371312,-0.5767361,-8.257015,4.124268,4.112634,5.943443
L,-0.4038985,1.219654,0.01677287,0.83093,1.42299,-0.04183525,-8.357314,3.56593,36.90999,5.957935
L,-0.3934972,1.238622,0.01528644,0.6676416,1.21748,-0.09541146,-10.48116,-13.19127,-3.438952,5.973515
L,-0.3905787,1.269335,0.01945224,0.2482357,2.612336,0.3543283,-35.67318,118.6415,38.25327,5.985271
L,-0.3867287,1.296213,0.02166314,0.2688487,1.876923,0.1543886,1.439414,-51.3543,-13.96191,5.999592
L,-0.3624986,1.301126,0.002405009,1.750282,0.3549273,-1.391128,107.0126,-109.9427,-111.6417,6.013435
L,-0.3424286,1.308785,-0.01181479,1.47332,0.5622112,-1.043863,-20.33152,15.21653,25.49242,6.027058
L,-0.3255367,1.318694,-0.02334665,1.202637,0.7054844,-0.8210235,-19.27159,10.20049,15.86529,6.041103
L,-0.3119408,1.324818,-0.03609489,0.9591189,0.4320169,-0.89932,-17.1789,-19.29168,-5.5234,6.055279
L,-0.2992547,1.333129,-0.04690158,0.9044334,0.5925092,-0.7704403,-3.89869,11.44196,9.188206,6.069305
L,-0.2784252,1.332759,-0.07068899,1.549909,-0.02756883,-1.770005,48.02937,-46.13957,-74.37693,6.082745
L,-0.2599459,1.335887,-0.08925811,1.288699,0.2182013,-1.294968,-18.21617,17.13944,33.12803,6.097084
L,-0.2431922,1.341301,-0.1052618,1.239948,0.4006829,-1.184438,-3.608078,13.50549,8.180283,6.110596
L,-0.2231155,1.340294,-0.1126106,1.3695,-0.0686882,-0.5012828,8.837196,-32.01739,46.60036,6.125256
L,-0.2047445,1.342259,-0.1210402,1.352385,0.1446223,-0.6205502,-1.259908,15.70291,-8.779907,6.13884
L,-0.1951709,1.342718,-0.1273433,0.682716,0.03276319,-0.4494844,-47.75565,-7.976929,12.1991,6.152863
L,-0.1845272,1.345266,-0.1347246,0.8059399,0.192934,-0.5589142,9.330563,12.1282,-8.286066,6.166069
L,-0.1801497,1.349404,-0.1323459,0.3044719,0.2877587,0.1654399,-34.87843,6.59531,50.38076,6.180447
L,-0.1734786,1.354301,-0.1331062,0.4692217,0.3444711,-0.053478,11.58791,3.988951,-15.39791,6.194664
L,-0.1652569,1.359667,-0.1358709,0.6258031,0.408464,-0.2104339,11.91837,4.870892,-11.94688,6.207802
L,-0.1572681,1.354376,-0.1418077,0.5625052,-0.372591,-0.4180212,-4.456927,-54.99567,-14.61664,6.222004
L,-0.1483746,1.352211,-0.1479731,0.6427865,-0.1564826,-0.4456097,5.802385,15.61938,-1.993982,6.23584
L,-0.1506922,1.344751,-0.1529676,-0.1668616,-0.5371121,-0.3595971,-58.29288,-27.40448,6.192723,6.249729
L,-0.1496081,1.340524,-0.1584139,0.06642999,-0.2589922,-0.3337305,14.29546,17.04241,1.585032,6.266048
L,-0.1462999,1.338262,-0.16413,0.2884998,-0.1972721,-0.4984809,19.36603,5.38242,-14.36737,6.277515
L,-0.1650088,1.340801,-0.1582921,-1.209478,0.1641107,0.3773996,-96.83993,23.36235,56.62314,6.292984
L,-0.1756921,1.343153,-0.1556666,-0.9007908,0.1983254,0.2213797,26.02782,2.884913,-13.15525,6.304844
L,-0.1884253,1.347114,-0.1544654,-0.842489,0.2621072,0.07947671,3.857514,4.220093,-9.388951,6.319958
L,-0.1965167,1.350537,-0.1547639,-0.6098613,0.2579787,-0.02250081,17.53363,-0.3111702,-7.686255,6.333225
L,-0.2019553,1.353596,-0.1559997,-0.3422254,0.1925258,-0.07776213,16.84089,-4.118601,-3.477298,6.349117
L,-0.2230773,1.35773,-0.1556769,-1.757782,0.3439782,0.0268626,-117.803,12.60391,8.706903,6.361134
L,-0.2378843,1.361378,-0.1562933,-0.9957781,0.2453422,-0.04145355,51.24541,-6.633359,-4.594322,6.376003
L,-0.2626028,1.361198,-0.1561134,-1.924509,-0.01404255,0.01400542,-72.30803,-20.19488,4.317861,6.388847
L,-0.2807678,1.361745,-0.1566761,-1.357426,0.04092431,-0.04204564,42.37663,4.107535,-4.188554,6.402229
L,-0.311433,1.371011,-0.1421235,-2.168516,0.6552553,1.029102,-57.35695,43.44299,75.74725,6.41637
L,-0.3341069,1.378525,-0.1316846,-1.590111,0.5269613,0.7320739,40.5632,-8.997191,-20.83046,6.43063
L,-0.3534515,1.384799,-0.1241588,-1.441052,0.467338,0.5606218,11.10399,-4.441567,-12.77213,6.444054
L,-0.3642636,1.370963,-0.1319012,-0.7639698,-0.9776617,-0.5470635,47.8418,-102.1019,-78.26767,6.458206
L,-0.3755897,1.362145,-0.1370861,-0.8141131,-0.6337743,-0.3726929,-3.604264,24.7184,12.53364,6.472118
L,-0.3825492,1.354787,-0.1378493,-0.4655265,-0.4922094,-0.05104738,23.31714,9.469352,21.51504,6.487068
L,-0.3908622,1.349701,-0.1383521,-0.6581707,-0.402654,-0.0398093,-15.25235,7.09043,0.8897599,6.499699
L,-0.3999865,1.346008,-0.1386957,-0.6415974,-0.2597237,-0.02416364,1.165395,10.05052,1.100166,6.51392
L,-0.3952218,1.33976,-0.1433917,0.3010477,-0.3947186,-0.2967036,59.55863,-8.529308,-17.21975,6.529747
L,-0.3946847,1.335026,-0.1467919,0.04713655,-0.4154879,-0.2984103,-22.28366,-1.82275,-0.1497792,6.541142
L,-0.3817686,1.337118,-0.1460243,0.9092059,0.1472375,0.05403611,60.68376,39.612,24.8098,6.555347
L,-0.3742782,1.338207,-0.1456546,0.5223609,0.07599261,0.02578083,-26.97768,-4.968455,-1.970458,6.569687
L,-0.3523677,1.342597,-0.1472975,1.467102,0.2939017,-0.1100066,63.25878,14.59094,-9.092174,6.584621
L,-0.3370211,1.345567,-0.1486452,1.257979,0.2434432,-0.1104682,-17.14207,-4.136145,-0.03784042,6.596821
L,-0.3263737,1.347602,-0.1498006,0.7182574,0.1372877,-0.07794205,-36.40882,-7.161095,2.194169,6.611645
L,-0.301212,1.356423,-0.1545856,1.911884,0.6702446,-0.3635836,90.69625,40.49607,-21.70412,6.624805
L,-0.2820072,1.36299,-0.1582635,1.321715,0.4519969,-0.2531207,-40.61674,-15.0203,7.602305,6.639336
L,-0.2569034,1.367351,-0.1607428,1.919164,0.3334062,-0.189538,45.67439,-9.066153,4.860841,6.652416
L,-0.2368184,1.370933,-0.162932,1.343838,0.2396312,-0.1464744,-38.49368,-6.274264,2.881281,6.667362
L,-0.22017,1.374047,-0.1649393,1.233894,0.2307923,-0.1487732,-8.148493,-0.6550893,-0.1703774,6.680855
L,-0.2058825,1.380067,-0.1601781,1.030934,0.4343862,0.3435543,-14.64483,14.69059,35.52456,6.694714
L,-0.1928734,1.385076,-0.1571172,0.9199488,0.3541948,0.2164539,-7.848416,-5.670813,-8.988028,6.708855
L,-0.1816859,1.37654,-0.1536953,0.739473,-0.564202,0.2261754,-11.92905,-60.70403,0.6425732,6.723984
L,-0.1707402,1.371104,-0.1513643,0.91702,-0.4553871,0.1952938,14.87468,9.116381,-2.587229,6.73592
L,-0.1678752,1.364367,-0.1440481,0.1891766,-0.4448835,0.4830949,-48.06039,0.693567,19.00386,6.751064
L,-0.1630963,1.35973,-0.1385789,0.388091,-0.3765586,0.4441508,16.15372,5.548623,-3.16263,6.763378
L,-0.1570066,1.356353,-0.1343723,0.4085945,-0.2265645,0.2822458,1.375704,10.064,-10.86317,6.778282
L,-0.165208,1.35426,-0.1259918,-0.5259171,-0.1342343,0.5374027,-59.92579,5.920694,16.362,6.793877
L,-0.1687477,1.352525,-0.1193524,-0.3243252,-0.1589698,0.6083435,18.4712,-2.266425,6.500065,6.80479
L,-0.1823511,1.346043,-0.1109947,-0.9583603,-0.4566313,0.5888019,-44.66769,-20.97022,-1.376705,6.818985
L,-0.1902985,1.341084,-0.1040673,-0.4922909,-0.3071686,0.4291037,28.86987,9.258209,-9.892231,6.835129
L,-0.1951049,1.337033,-0.0981138,-0.4116136,-0.3469352,0.5098594,6.909203,-3.405614,6.915923,6.846806
L,-0.2113186,1.332393,-0.09046013,-0.9996059,-0.2860933,0.4718634,-36.25086,3.751024,-2.342528,6.863026
L,-0.2221203,1.32844,-0.08375458,-0.9320611,-0.3410755,0.578611,5.828331,-4.744327,9.211074,6.874615
L,-0.2492296,1.332599,-0.06891815,-1.908821,0.2928166,1.044663,-68.77563,44.63364,32.81568,6.888817
L,-0.2674403,1.334989,-0.05657651,-1.174373,0.154182,0.7958884,47.36314,-8.940275,-16.04301,6.904324
L,-0.2924013,1.333707,-0.04975104,-2.051858,-0.1053818,0.5610712,-72.13155,-21.33681,-19.30258,6.916489
L,-0.3115965,1.332349,-0.04317226,-1.357043,-0.09606762,0.4650995,49.12127,0.6584818,-6.784897,6.930634
L,-0.3274162,1.330963,-0.03664237,-1.216497,-0.1065195,0.502133,10.80761,-0.8037249,2.84779,6.943638
L,-0.3414885,1.32388,-0.03325888,-0.9858281,-0.4962336,0.2370286,16.15941,-27.30124,-18.57176,6.957912
L,-0.3542894,1.318379,-0.02909491,-0.8731948,-0.3752196,0.2840384,7.683101,8.25478,3.206698,6.972572
L,-0.3613448,1.311716,-0.03235558,-0.5425391,-0.5123937,-0.2507382,25.42664,-10.54836,-41.12305,6.985577
L,-0.3693611,1.306236,-0.03318024,-0.5664273,-0.3871799,-0.05826893,-1.687913,8.847447,13.59964,6.999729
L,-0.3778844,1.301487,-0.03244844,-0.60273,-0.3358258,0.05174938,-2.567183,3.631554,7.780049,7.01387
L,-0.3786947,1.295696,-0.03065577,-0.05784909,-0.4134072,0.1279788,38.89904,-5.538535,5.442014,7.027878
L,-0.3819524,1.290608,-0.02828298,-0.2382747,-0.3722098,0.1735526,-13.19685,3.013295,3.333405,7.04155
L,-0.3753743,1.289527,-0.02926257,0.4783331,-0.07856276,-0.07123218,52.10941,21.35307,-17.79996,7.055302
L,-0.3710517,1.287716,-0.02939414,0.2951676,-0.1237139,-0.008984172,-12.50735,-3.083118,4.250571,7.069946
L,-0.3546282,1.292027,-0.02948291,1.26814,0.3329253,-0.006854491,75.12782,35.25927,0.1644427,7.082897
L,-0.3437744,1.294384,-0.02880389,0.7415278,0.16099,0.04639028,-35.97818,-11.74662,3.637685,7.097534
L,-0.3367609,1.295453,-0.02764228,0.5080284,0.07748169,0.08414183,-16.91364,-6.048966,2.734551,7.11134
L,-0.3194292,1.300196,-0.02925156,1.148195,0.3142216,-0.1066114,42.40984,15.68359,-12.63705,7.126434
L,-0.3066837,1.303276,-0.0298471,1.012474,0.2446591,-0.04730839,-10.78133,-5.525878,4.710888,7.139023
L,-0.2848931,1.30856,-0.03698137,1.603216,0.3887437,-0.5248966,43.46321,10.60087,-35.13805,7.152615
L,-0.2678876,1.312331,-0.04172283,1.253277,0.2779027,-0.3494361,-25.78982,-8.168765,12.93109,7.166183
L,-0.2543757,1.315102,-0.0450254,0.9387879,0.1925275,-0.2294593,-21.85036,-5.931779,8.335861,7.180576
L,-0.2376977,1.317015,-0.04650151,1.214117,0.1392582,-0.1074571,20.04328,-3.877876,8.881461,7.194313
L,-0.2236505,1.318608,-0.04766911,0.9167046,0.10398,-0.07619619,-19.40873,-2.30221,2.040047,7.209637
L,-0.2107334,1.316649,-0.04856051,1.058833,-0.160618,-0.07306874,11.65045,-21.68942,0.2563608,7.221836
L,-0.1991117,1.315465,-0.04935714,0.6902,-0.07027356,-0.04731151,-21.89283,5.365483,1.529701,7.238674
L,-0.1950877,1.313732,-0.04567515,0.3698734,-0.1593509,0.338433,-29.4431,-8.187618,35.45604,7.249554
L,-0.1898878,1.312589,-0.04309975,0.3783306,-0.08317722,0.1873794,0.6153206,5.542179,-10.99023,7.263298
L,-0.1838054,1.311818,-0.04125291,0.4198149,-0.05318589,0.1274717,2.863316,2.070049,-4.134921,7.277786
L,-0.1837153,1.309922,-0.04067212,0.006259737,-0.1318367,0.04037365,-28.74861,-5.467474,-6.054692,7.292171
L,-0.182276,1.308558,-0.04019734,0.1126689,-0.106739,0.03716361,8.329209,1.964535,-0.2512664,7.304947
L,-0.1846155,1.307494,-0.03948634,-0.1632867,-0.07428115,0.04962347,-19.25988,2.265341,0.8696157,7.319275
L,-0.1863816,1.306197,-0.03858398,-0.1221564,-0.08967678,0.06241368,2.84487,-1.064874,0.8846644,7.333733
L,-0.1870031,1.305083,-0.03778107,-0.04616216,-0.08277841,0.05964254,5.645063,0.5124305,-0.2058482,7.347195
L,-0.1993871,1.306005,-0.03650567,-0.9065652,0.06754398,0.09336466,-62.98506,11.00422,2.468599,7.360855
L,-0.2069951,1.306564,-0.0354549,-0.544467,0.03999454,0.07519825,25.9137,-1.971586,-1.300086,7.374828
L,-0.2234635,1.308535,-0.03643005,-1.067,0.1276647,-0.06318089,-33.85538,5.680227,-8.96571,7.390263
L,-0.2346363,1.309921,-0.03699382,-0.9167095,0.1137617,-0.04625605,12.33107,-1.140711,1.388653,7.402451
L,-0.2428972,1.310928,-0.03728936,-0.5651249,0.06889353,-0.02021755,24.05162,-3.069398,1.781273,7.417068
L,-0.2667,1.309238,-0.04190855,-1.60529,-0.1139777,-0.3115237,-70.14999,-12.33306,-19.64604,7.431896
L,-0.2836448,1.308076,-0.04517147,-1.428286,-0.09799036,-0.2750342,14.9198,1.347583,3.075721,7.44376
L,-0.3054746,1.309553,-0.04428353,-1.516308,0.1025851,0.06167688,-6.114078,13.93208,23.38813,7.458157
L,-0.3221317,1.310629,-0.04376139,-1.174441,0.07588085,0.03681441,24.10395,-1.882831,-1.752971,7.47234
L,-0.3405631,1.309947,-0.04613833,-1.220117,-0.04509943,-0.1573486,-3.023698,-8.00865,-12.8532,7.487446
L,-0.3559685,1.309493,-0.04796035,-1.095619,-0.03235214,-0.12958,8.854136,0.9065724,1.974873,7.501507
L,-0.3697393,1.309189,-0.04942577,-1.124236,-0.02474891,-0.1196361,-2.336237,0.620723,0.8118169,7.513756
L,-0.3826861,1.307511,-0.05277473,-0.9533488,-0.1236043,-0.246604,12.58344,-7.27931,-9.349405,7.527336
L,-0.3948454,1.306293,-0.0554015,-0.8680534,-0.08697576,-0.187525,6.089235,2.614909,4.217647,7.541344
L,-0.3986556,1.306267,-0.05804525,-0.2718597,-0.001828729,-0.1886345,42.53909,6.075336,-0.07916057,7.555359
L,-0.40444,1.306182,-0.06028226,-0.4085041,-0.005968818,-0.1579787,-9.649923,-0.2923759,2.16493,7.569519
L,-0.4113854,1.306056,-0.06226607,-0.5140237,-0.009387352,-0.1468221,-7.80952,-0.2530063,0.8257009,7.583031
L,-0.4078361,1.310054,-0.064447,0.2500441,0.2816615,-0.1536465,53.82848,20.50436,-0.4807784,7.597225
L,-0.4066052,1.313722,-0.06677936,0.08995592,0.2680687,-0.1704528,-11.69951,-0.9933832,-1.228228,7.610909
L,-0.3937947,1.322139,-0.0711323,0.8779595,0.5769036,-0.2983262,54.00534,21.1658,-8.763726,7.6255
L,-0.3861463,1.328497,-0.07472826,0.5232235,0.4348986,-0.2459964,-24.26721,-9.714448,3.579839,7.640118
L,-0.3642163,1.340784,-0.08654683,1.724297,0.9661536,-0.9292645,94.43735,41.77124,-53.72365,7.652836
L,-0.3487642,1.350371,-0.09560426,1.11344,0.6907555,-0.6526524,-44.01659,-19.84441,19.93189,7.666714
L,-0.3378312,1.358137,-0.1030166,0.7965558,0.5658178,-0.5400527,-23.08764,-9.102744,8.203824,7.680439
L,-0.320466,1.360591,-0.1094357,1.214238,0.1715958,-0.4488426,29.20592,-27.56547,6.377745,7.69474
L,-0.3071169,1.363424,-0.1152246,1.007596,0.2138461,-0.4369556,-15.59745,3.18908,0.8972363,7.707989
L,-0.2887732,1.364273,-0.1207335,1.284715,0.0594443,-0.3858171,19.4082,-10.81365,3.581529,7.722267
L,-0.2740154,1.365908,-0.125968,1.082146,0.1199301,-0.3838298,-14.85377,4.43524,0.1457233,7.735905
L,-0.2617324,1.368055,-0.1310344,0.7891966,0.1379136,-0.3255208,-18.82228,1.155459,3.746406,7.751469
L,-0.254519,1.36531,-0.132389,0.6080235,-0.2313505,-0.1141781,-15.2712,-31.12552,17.81423,7.763332
L,-0.2482217,1.363852,-0.1370555,0.4270048,-0.09883439,-0.3164275,-12.27443,8.985592,-13.71404,7.77808
L,-0.2472224,1.364063,-0.1396542,0.07385092,0.01559416,-0.1920571,-26.10014,8.456938,9.191696,7.791611
L,-0.2470901,1.364114,-0.1400281,0.01008017,0.003860828,-0.02849178,-4.859628,-0.8941348,12.46444,7.804733
L,-0.244956,1.364716,-0.1426387,0.1515333,0.04274445,-0.1853628,10.04363,2.760863,-11.13835,7.818817
L,-0.2456418,1.364769,-0.1426514,-0.0452176,0.003489688,-0.0008370536,-12.9721,-2.588129,12.16607,7.833984
L,-0.2458297,1.364897,-0.1428634,-0.01474343,0.010055,-0.01663518,2.391086,0.5151322,-1.239564,7.846729
L,-0.2566383,1.363642,-0.139367,-0.7981404,-0.09272007,0.2581899,-57.84868,-7.589258,20.29401,7.860271
L,-0.2635723,1.363043,-0.1374691,-0.4940774,-0.04263217,0.1352302,21.66575,3.56897,-8.761393,7.874306
L,-0.2803066,1.363362,-0.1360113,-1.144483,0.02179266,0.09970059,-44.48213,4.4061,-2.429915,7.888927
L,-0.2915107,1.363856,-0.135497,-0.8243295,0.03634578,0.03784118,23.55498,1.070731,-4.551241,7.902519
L,-0.2996983,1.364455,-0.1355758,-0.6372685,0.04664304,-0.00613657,14.55966,0.8014742,-3.422952,7.915367
L,-0.3215726,1.361424,-0.1360031,-1.485553,-0.205829,-0.02901858,-57.6095,-17.14612,-1.553985,7.930092
L,-0.3370627,1.359456,-0.1366636,-1.133934,-0.1441026,-0.04835416,25.73996,4.518631,-1.415444,7.943752
L,-0.3641167,1.355266,-0.1322161,-1.979913,-0.3066112,0.3254848,-61.91185,-11.89298,27.35892,7.957417
L,-0.3939032,1.349403,-0.126527,-2.135182,-0.4202728,0.4078149,-11.13012,-8.147581,5.901646,7.971367
L,-0.4165794,1.34506,-0.1224676,-1.731051,-0.331574,0.3098854,30.85043,6.771071,-7.475718,7.984467
L,-0.4360277,1.341642,-0.1194688,-1.274248,-0.223905,0.1964763,29.92958,7.054432,-7.430524,7.999729
L,-0.4532028,1.338804,-0.1171256,-1.336404,-0.2208741,0.1823299,-4.836376,0.2358301,-1.100736,8.012581
L,-0.4729944,1.327877,-0.1158502,-1.450443,-0.800802,0.09346989,-8.357484,-42.50059,-6.512196,8.026226
L,-0.4896522,1.310425,-0.1141218,-1.18372,-1.24014,0.1228203,18.95361,-31.21977,2.085667,8.040298
L,-0.505487,1.297261,-0.1125659,-1.064905,-0.8852537,0.1046345,7.990396,23.8664,-1.223011,8.055168
L,-0.5207168,1.286455,-0.1111226,-1.077573,-0.7646171,0.1021229,-0.8962803,8.535535,-0.177707,8.069302
L,-0.5356026,1.27712,-0.1097488,-1.167281,-0.7320334,0.1077292,-7.034522,2.555078,0.4396237,8.082054
L,-0.5449253,1.265951,-0.1037999,-0.627286,-0.7514598,0.4002728,36.33376,-1.307118,19.68392,8.096916
L,-0.5467874,1.252155,-0.1005917,-0.1419381,-1.051614,0.2445495,36.99652,-22.87978,-11.87029,8.110035
L,-0.5518613,1.240322,-0.09785933,-0.3538424,-0.8252112,0.1905484,-14.77772,15.7888,-3.765914,8.124374
L,-0.5589055,1.229673,-0.09539624,-0.5271464,-0.7969508,0.1843236,-12.96905,2.114839,-0.4658295,8.137737
L,-0.5671802,1.219705,-0.0931018,-0.5576277,-0.6717143,0.1546202,-2.054113,8.439589,-2.001687,8.152576
L,-0.5637054,1.21318,-0.0894238,0.2727264,-0.5121351,0.2886724,65.17136,12.52477,10.52125,8.165318
L,-0.5598633,1.200975,-0.08366359,0.2672252,-0.8488989,0.4006378,-0.3826218,-23.42282,7.787489,8.179695
L,-0.5596164,1.189905,-0.07884045,0.01750524,-0.7847147,0.341903,-17.70216,4.549892,-4.163593,8.193802
L,-0.5616665,1.17942,-0.07464563,-0.1463567,-0.7485277,0.299468,-11.6981,2.583389,-3.029435,8.207809
L,-0.5651345,1.16931,-0.07083981,-0.2389919,-0.6967337,0.2622697,-6.38374,3.569265,-2.563439,8.222321
L,-0.5697319,1.156546,-0.05729341,-0.3695713,-1.025999,1.088963,-10.49697,-26.46882,66.45587,8.23476
L,-0.5748029,1.144794,-0.04648743,-0.348178,-0.8069179,0.7419387,1.468861,15.04209,-23.82668,8.249325
L,-0.5777682,1.128733,-0.03431188,-0.2108294,-1.141909,0.8656759,9.765422,-23.81772,8.797664,8.26339
L,-0.5815895,1.114553,-0.02417005,-0.2645151,-0.9815983,0.7020388,-3.716235,11.09705,-11.3273,8.277836
L,-0.588701,1.100972,-0.0122166,-0.5561605,-1.062081,0.9348229,-22.8082,-6.294134,18.20493,8.290623
L,-0.5953659,1.088152,-0.001884941,-0.4880325,-0.9387482,0.7565311,4.988648,9.030953,-13.05534,8.304279
L,-0.5932009,1.075843,0.004380038,0.1452229,-0.8256781,0.4202473,42.47802,7.58461,-22.55751,8.319187
L,-0.5931613,1.063817,0.01071331,0.002746889,-0.8347068,0.439563,-9.8886,-0.6266382,1.34061,8.333595
L,-0.5928146,1.059637,0.01262611,0.02662291,-0.3209212,0.1468745,1.833321,39.45103,-22.47408,8.346619
L,-0.5937402,1.053443,0.01574628,-0.06341888,-0.4243743,0.2137827,-6.169345,-7.088243,4.58431,8.361214
L,-0.5930968,1.060751,0.01158192,0.04894715,0.5559344,-0.3167908,8.547905,74.57402,-40.36177,8.374359
L,-0.5929208,1.070704,0.005900678,0.01318234,0.7456238,-0.425637,-2.679488,14.21147,-8.154725,8.387707
L,-0.5936134,1.075996,0.002996482,-0.04457326,0.340635,-0.1869182,-3.717231,-26.06565,15.36428,8.403244
L,-0.5946617,1.07789,0.001973592,-0.08365677,0.1511606,-0.08162697,-3.118876,-15.12011,8.402268,8.415775
L,-0.5881863,1.088859,-0.004978453,0.4349219,0.736701,-0.4669323,34.8302,39.32767,-25.87893,8.430664
L,-0.57289,1.103821,-0.01059647,1.128889,1.104246,-0.4146198,51.216,27.12548,3.860756,8.444214
L,-0.5618094,1.114248,-0.01429259,0.7768747,0.7310361,-0.2591377,-24.67995,-26.16601,10.90096,8.458477
L,-0.5536183,1.121659,-0.0167903,0.582384,0.5269104,-0.177586,-13.82819,-14.51324,5.798284,8.472542
L,-0.5472233,1.1272,-0.01854388,0.4682655,0.4057263,-0.1284053,-8.35628,-8.87366,3.601241,8.486198
L,-0.5412255,1.147897,-0.02608361,0.4257506,1.469182,-0.5352003,-3.017882,75.48834,-28.87595,8.500286
L,-0.5359402,1.171397,-0.02407361,0.4165711,1.852206,0.1584211,-0.7234924,30.18869,54.66888,8.512974
L,-0.5312542,1.189716,-0.02277276,0.3504725,1.370105,0.09729293,-4.94361,-36.05703,-4.571866,8.526344
L,-0.5240796,1.198633,-0.02170685,0.5094165,0.6331341,0.0756832,11.28553,-52.32734,-1.534361,8.540428
L,-0.5178264,1.206735,-0.02098135,0.4348143,0.5633455,0.05044671,-5.1874,-4.852698,-1.7548,8.55481
L,-0.5121989,1.214502,-0.02046928,0.4136901,0.5709478,0.03764312,-1.552889,0.5588632,-0.9412184,8.568413
L,-0.5030334,1.213607,-0.0300046,0.6413966,-0.06264181,-0.6672787,15.93484,-44.33842,-49.33023,8.582703
L,-0.5091333,1.20456,-0.02936597,-0.4378551,-0.6493702,0.04584135,-77.46971,-42.11592,51.18843,8.596634
L,-0.5105296,1.205406,-0.03180553,-0.09818435,0.05947391,-0.1715441,23.88483,49.84422,-15.28603,8.610855
L,-0.5113497,1.206859,-0.03414837,-0.0610622,0.1081813,-0.1744275,2.763803,3.626339,-0.2146685,8.624287
L,-0.5116735,1.208886,-0.03642739,-0.02339013,0.1464736,-0.164673,2.722025,2.766843,0.7048187,8.638126
L,-0.5155476,1.194822,-0.0496261,-0.2612796,-0.9484901,-0.8901366,-16.04355,-73.84569,-48.92615,8.652954
L,-0.5178999,1.185658,-0.05927814,-0.1722416,-0.6710109,-0.7067667,6.519768,20.3183,13.42719,8.666611
L,-0.5193039,1.179291,-0.06692799,-0.09812383,-0.445023,-0.534621,5.179827,15.79348,12.03065,8.68092
L,-0.5401985,1.164786,-0.07269844,-1.538593,-1.0681,-0.4249128,-106.0703,-45.88091,8.078469,8.6945
L,-0.5637298,1.144019,-0.07496436,-1.713494,-1.512153,-0.1649989,-12.73591,-32.3349,18.92635,8.708233
L,-0.5807055,1.128837,-0.07759953,-1.289504,-1.153235,-0.2001718,32.20702,27.26405,-2.671796,8.721397
L,-0.5943138,1.116544,-0.08046325,-0.9172907,-0.8286272,-0.1930334,25.0896,21.88066,0.4811739,8.736233
L,-0.6104671,1.098443,-0.07295434,-1.315471,-1.474157,0.6114986,-32.42637,-52.56969,65.51825,8.748512
L,-0.6238505,1.083802,-0.06821964,-0.8697013,-0.9513665,0.3076782,28.96772,33.97285,-19.74335,8.763901
L,-0.6385689,1.064988,-0.05946605,-1.057946,-1.352344,0.6292021,-13.53089,-28.82203,23.11093,8.777813
L,-0.6514549,1.049182,-0.05330408,-0.9073328,-1.11298,0.4338768,10.60496,16.85412,-13.75325,8.792015
L,-0.6632153,1.035112,-0.04885728,-0.9465526,-1.132407,0.3579073,-3.156662,-1.563603,-6.114506,8.80444
L,-0.6603007,1.015995,-0.05023498,0.1874042,-1.229182,-0.08858383,72.91145,-6.22246,-28.7086,8.819992
L,-0.6607624,0.9995673,-0.05102629,-0.03292472,-1.171518,-0.05643022,-15.71216,4.112155,2.292947,8.834015
L,-0.6492608,0.9846835,-0.04607174,0.9517341,-1.231593,0.4099762,81.47803,-4.971078,38.59396,8.8461
L,-0.6425406,0.97054,-0.04222017,0.4715354,-0.992405,0.2702532,-33.69411,16.78313,-9.803947,8.860352
L,-0.6390578,0.9569502,-0.03911386,0.2462244,-0.9607563,0.2196065,-15.92878,2.237464,-3.580566,8.874496
L,-0.6398664,0.9500506,-0.02905199,-0.05896645,-0.5031163,0.733702,-22.25423,33.37067,37.48736,8.88821
L,-0.6413139,0.9414648,-0.02115198,-0.09064441,-0.537674,0.49473,-1.9838,-2.164137,-14.96538,8.904179
L,-0.6396196,0.9350103,-0.02432085,0.143549,-0.546875,-0.268487,19.8424,-0.7795734,-64.66476,8.915981
L,-0.6390716,0.9270827,-0.02593494,0.03611783,-0.5225476,-0.1063928,-7.081327,1.603541,10.68444,8.931152
L,-0.6298126,0.916769,-0.02166324,0.6751608,-0.7520602,0.3114881,46.59841,-16.73584,30.47148,8.944866
L,-0.6233428,0.9063108,-0.01795757,0.4761414,-0.7696694,0.2727173,-14.64676,-1.295945,-2.853326,8.958454
L,-0.6187605,0.8957801,-0.01464976,0.3321036,-0.7632188,0.2397352,-10.43921,0.4675102,-2.390391,8.972252
L,-0.6169497,0.8853091,-0.01211604,0.1228487,-0.7103795,0.1718941,-14.19641,3.584761,-4.602519,8.986992
L,-0.6154534,0.8747913,-0.009599619,0.1252844,-0.8806043,0.2106884,0.203931,-14.25213,3.248065,8.998936
L,-0.6141315,0.8641846,-0.007090033,0.0852895,-0.6843427,0.161918,-2.580467,12.66276,-3.14666,9.014435
L,-0.6129943,0.8536309,-0.00460601,0.08869198,-0.823146,0.1937435,0.2653792,-10.82608,2.482253,9.027256
L,-0.6119036,0.8429946,-0.002119476,0.07935661,-0.7738647,0.1809131,-0.6792148,3.585567,-0.9335016,9.041
L,-0.6108438,0.8323865,0.00037073,0.07138441,-0.7145065,0.1677268,-0.5369644,3.998045,-0.888157,9.055847
L,-0.6098003,0.8217653,0.002863186,0.07944562,-0.8086789,0.1897713,0.6137663,-7.170119,1.678428,9.068981
L,-0.6087672,0.8111216,0.005356353,0.07544394,-0.7772067,0.1820526,-0.2922049,2.29812,-0.5636229,9.082676
L,-0.6077403,0.8004935,0.007850825,0.06000265,-0.6210676,0.145767,-0.9023277,9.124144,-2.120385,9.099789
L,-0.6077403,0.8004935,0.007850825,0,0,0,-5.064177,52.41763,-12.30262,9.111637
L,-0.6077403,0.8004935,0.007850825,0,0,0,0,0,0,9.123848
L,-0.6077403,0.8004935,0.007850825,0,0,0,0,0,0,9.139629
L,-0.6077403,0.8004935,0.007850825,0,0,0,0,0,0,9.153095
L,-0.6077403,0.8004935,0.007850825,0,0,0,0,0,0,9.166565
L,-0.6077403,0.8004935,0.007850825,0,0,0,0,0,0,9.180984
L,-0.6077403,0.8004935,0.007850825,0,0,0,0,0,0,9.194176
L,-0.6077403,0.8004935,0.007850825,0,0,0,0,0,0,9.209
L,-0.4939273,1.125219,0.03383781,9.154776,26.11992,2.090314,736.3822,2101.006,168.1384,9.221432
L,-0.4939273,1.125219,0.03383781,0,0,0,-573.7197,-1636.906,-130.9977,9.237389
L,-0.4456039,1.18921,0.07899233,3.834044,5.077141,3.582623,304.1984,402.8275,284.2503,9.249992
L,-0.4083257,1.238949,0.1137642,2.89291,3.859893,2.698415,-73.03508,-94.46249,-68.61747,9.262878
L,-0.3839884,1.285665,0.1152549,1.709052,3.280597,0.1046792,-83.13456,-40.68015,-182.141,9.277119
L,-0.3641506,1.323429,0.1175348,1.429063,2.720373,0.1642412,-20.16968,-40.35705,4.290689,9.291
L,-0.3468782,1.355182,0.1210896,1.271513,2.337554,0.2616831,-11.59803,-28.1813,7.173211,9.304585
L,-0.3013883,1.358178,0.07743937,2.828486,0.1862473,-2.714099,96.81004,-133.7648,-185.0293,9.320667
L,-0.263358,1.364906,0.05235713,3.163891,0.5597628,-2.08669,27.90364,31.07421,52.19662,9.332687
L,-0.2193411,1.346344,0.01870998,2.949581,-1.243817,-2.254703,-14.36097,-120.8583,-11.2586,9.34761
L,-0.1816319,1.337755,-0.003762159,2.923759,-0.6659734,-1.742365,-2.00207,44.8028,39.72382,9.360508
L,-0.1489263,1.33458,-0.0224212,2.218263,-0.2153541,-1.265551,-47.85037,30.5633,32.33994,9.375252
L,-0.1364402,1.333052,-0.03714498,0.9341166,-0.1143425,-1.101527,-96.07056,7.55696,12.27114,9.388618
L,-0.1217477,1.334251,-0.05024986,1.068984,0.087245,-0.9534741,9.812561,14.66693,10.77189,9.402363
L,-0.1011947,1.324298,-0.07521133,1.489178,-0.7211339,-1.808596,30.44537,-58.5715,-61.95826,9.416164
L,-0.0802777,1.318951,-0.09522282,1.520176,-0.3885587,-1.454364,2.252842,24.17039,25.74431,9.429924
L,-0.0592456,1.316368,-0.1128954,1.349349,-0.1657566,-1.133811,-10.9597,14.29424,20.56557,9.445511
L,-0.0621475,1.313128,-0.1112491,-0.2081302,-0.23237,0.1180762,-111.7056,-4.777654,89.78792,9.459454
L,-0.05884607,1.311626,-0.1137617,0.2487641,-0.113197,-0.1893313,34.42716,8.979732,-23.16327,9.472725
L,-0.063056,1.311531,-0.1121159,-0.3174935,-0.007111263,0.124119,-42.70456,8.000503,23.63898,9.485985
L,-0.0655262,1.311727,-0.1116667,-0.1776053,0.01404793,0.03229835,10.05783,1.521326,-6.601817,9.499893
L,-0.08362471,1.309756,-0.1069851,-1.203556,-0.1310645,0.3113297,-68.22596,-9.650014,18.55566,9.514931
L,-0.09269518,1.308743,-0.1057045,-0.6866213,-0.07664055,0.09693659,39.13116,4.119813,-16.22924,9.528141
L,-0.09681697,1.308338,-0.1066331,-0.294495,-0.02895033,-0.06634822,28.01678,3.407388,-11.66643,9.542137
L,-0.1182075,1.315904,-0.09691069,-1.502918,0.5316018,0.6831101,-84.90511,39.38498,52.65773,9.55637
L,-0.1312501,1.32175,-0.09110146,-0.9569104,0.428885,0.426212,40.05954,-7.536126,-18.84811,9.57
L,-0.1602657,1.328541,-0.08662507,-2.410863,0.5642136,0.3719363,-120.8067,11.24424,-4.509685,9.582035
L,-0.179528,1.334064,-0.0841177,-1.348687,0.3867188,0.1755585,74.37048,-12.42767,-13.7498,9.596317
L,-0.1941107,1.338757,-0.08285203,-1.029011,0.3311491,0.08931065,22.55749,-3.9212,-6.085964,9.610489
L,-0.2229005,1.340029,-0.07893964,-1.774529,0.07840789,0.2411496,-45.95177,-15.57832,9.358965,9.626713
L,-0.2437204,1.34175,-0.07639851,-1.853879,0.1532566,0.2262713,-7.065652,6.664792,-1.324822,9.637943
L,-0.2788596,1.336365,-0.06953476,-2.449224,-0.375324,0.4784076,-41.4959,-36.8424,17.57406,9.65229
L,-0.3034003,1.333191,-0.06453558,-1.843325,-0.2384133,0.3755026,45.51085,10.28376,-7.729497,9.665604
L,-0.3362102,1.324069,-0.05560707,-2.02708,-0.5636048,0.5516273,-11.35288,-20.09121,10.88146,9.681789
L,-0.3622312,1.317824,-0.04872778,-2.049041,-0.491758,0.5417141,-1.729367,5.657611,-0.7806258,9.694489
L,-0.385911,1.313281,-0.04323934,-1.685455,-0.3233268,0.3906494,25.87887,11.98839,-10.75229,9.708538
L,-0.4155717,1.302947,-0.02952246,-2.294975,-0.7996329,1.061333,-47.16114,-36.85384,51.89366,9.721462
L,-0.4414903,1.295225,-0.01860799,-1.770293,-0.5274069,0.7454828,35.83698,18.59365,-21.57329,9.736103
L,-0.4663664,1.269722,-0.006446654,-1.82767,-1.873721,0.8935037,-4.215544,-98.91487,10.87522,9.749714
L,-0.4897659,1.251368,0.00373358,-1.769262,-1.387772,0.7697396,4.416273,36.74319,-9.357946,9.762939
L,-0.5121516,1.236496,0.012615,-1.565712,-1.040205,0.6211875,14.23676,24.30969,-10.39009,9.777237
L,-0.5282938,1.208407,0.01563042,-1.164121,-2.025636,0.2174618,28.96143,-71.06601,-29.11534,9.791103
L,-0.5459269,1.187105,0.01944785,-1.13156,-1.367021,0.2449739,2.089497,42.26487,1.765514,9.806686
L,-0.5520923,1.160299,0.02226856,-0.4505767,-1.959019,0.2061418,49.7674,-43.26418,-2.837912,9.82037
L,-0.5622413,1.138228,0.02585639,-0.8427305,-1.832713,0.2979189,-32.5628,10.48789,7.62078,9.832413
L,-0.5701256,1.113968,0.02544426,-0.5076916,-1.562178,-0.02653858,21.57416,17.4206,-20.8928,9.847942
L,-0.5806389,1.093275,0.026496,-0.8084528,-1.591211,0.08087665,-23.12782,-2.232583,8.259975,9.860947
L,-0.5928101,1.073849,0.0284957,-0.8796784,-1.404044,0.1445292,-5.147884,13.52759,4.600535,9.874783
L,-0.5907969,1.052925,0.02964175,0.1513434,-1.573039,0.08615777,77.50966,-12.70462,-4.388221,9.888084
L,-0.5935732,1.033587,0.03153499,-0.1922296,-1.338938,0.1310882,-23.78912,16.20926,3.110997,9.902527
L,-0.6016719,1.015602,0.03425288,-0.5501466,-1.221762,0.184628,-24.3135,7.959794,3.636991,9.917248
L,-0.6109602,0.9979682,0.03717954,-0.6729892,-1.277631,0.2120523,-8.900627,-4.047981,1.987037,9.931049
L,-0.6210021,0.9805162,0.04023075,-0.8165129,-1.419025,0.248095,-11.66993,-11.4968,2.930645,9.943348
L,-0.6316198,0.9632405,0.04337645,-0.6840401,-1.112981,0.2026604,8.534514,19.71682,-2.927115,9.95887
L,-0.2261741,0.8627818,0.161828,0.02082043,-0.005158752,0.00608272,0.03619596,0.05688882,-0.01009465,29.43233
L,-0.2257149,0.8634855,0.1608991,0.04194251,0.06428027,-0.08485273,1.929278,6.342517,-8.305987,29.44328
L,-0.2257026,0.8639438,0.1612576,0.0008364756,0.0311084,0.02433669,-2.790186,-2.251633,7.411536,29.45801
L,-0.2256643,0.8642693,0.1615801,0.002822644,0.02398205,0.02376467,0.1463356,-0.5250504,-0.04214479,29.47158
L,-0.2255997,0.8645074,0.1618837,0.004164808,0.01535587,0.01958219,0.08657487,-0.5564225,-0.2697861,29.48708
L,-0.2260063,0.8646548,0.1624351,-0.03438004,0.01246976,0.04662928,-3.259452,-0.2440569,2.287172,29.49891
L,-0.2264684,0.864736,0.1630867,-0.0335002,0.005885302,0.04723149,0.06378471,-0.477344,0.04365715,29.5127
L,-0.2269543,0.8648564,0.1646991,-0.03384137,0.008385361,0.1123005,-0.02376077,0.1741168,4.531738,29.52706
L,-0.2273978,0.8648536,0.1662991,-0.0320832,-0.0002069536,0.1157377,0.1271779,-0.6215298,0.2486322,29.54089
L,-0.2272054,0.865545,0.168084,0.01340917,0.04818331,0.1243718,3.170004,3.371935,0.6016393,29.55524
L,-0.227003,0.8660578,0.1696702,0.01545096,0.03913985,0.1210881,0.1558654,-0.690358,-0.2506734,29.56834
L,-0.2268058,0.8664102,0.171037,0.01331667,0.02379975,0.09229497,-0.1441245,-1.035888,-1.944342,29.58315
L,-0.2269363,0.868456,0.1706669,-0.009923099,0.1555385,-0.02813112,-1.76687,10.01582,-9.155736,29.5963
L,-0.227054,0.8706552,0.1703061,-0.008472122,0.1582921,-0.02597517,0.1044384,0.1981988,0.1551811,29.61019
L,-0.228479,0.8767066,0.1699873,-0.1024592,0.4350915,-0.02291895,-6.757586,19.90162,0.219739,29.6241
L,-0.2295148,0.8792174,0.1746483,-0.07310598,0.177218,0.3289885,2.071831,-18.2014,24.83856,29.63827
L,-0.2303185,0.8812034,0.1784427,-0.05040558,0.1245514,0.2379598,1.42363,-3.302922,-5.708764,29.65421
L,-0.2309388,0.8827991,0.1814634,-0.05405767,0.1390667,0.2632485,-0.3182759,1.264985,2.203889,29.66569
L,-0.2314358,0.8841252,0.1839493,-0.03517207,0.09385124,0.1759373,1.336595,-3.20004,-6.179295,29.67982
L,-0.2335905,0.89546,0.1785286,-0.1540742,0.8105139,-0.3876159,-8.502312,51.24627,-40.2979,29.6938
L,-0.234958,0.9032822,0.1782803,-0.1006435,0.5756729,-0.01827888,3.932209,-17.28303,27.18121,29.70739
L,-0.2360619,0.9094074,0.1783771,-0.0787222,0.4368029,0.006908197,1.563259,-9.903138,1.796148,29.72141
L,-0.2370028,0.9145015,0.178686,-0.06727679,0.3642637,0.02208747,0.8184249,-5.18705,1.085421,29.7354
L,-0.2377945,0.9187057,0.1791012,-0.0576199,0.3059672,0.0302165,0.7028029,-4.242665,0.5916097,29.74914
L,-0.2363049,0.9277021,0.1719759,0.1088913,0.6576574,-0.5208732,12.17231,25.70928,-40.2858,29.76282
L,-0.2357926,0.9349567,0.1688655,0.03631925,0.5142602,-0.220494,-5.144494,-10.16514,21.2933,29.77692
L,-0.2355535,0.941208,0.1666218,0.01723219,0.4507013,-0.1617645,-1.376116,-4.582395,4.234206,29.79079
L,-0.2354804,0.9468445,0.1649285,0.005086824,0.3917227,-0.1176804,-0.8440709,-4.098855,3.063727,29.80518
L,-0.2355101,0.9520996,0.1635775,-0.002190534,0.3876178,-0.09964895,-0.5367798,-0.3027794,1.330008,29.81874
L,-0.230322,0.9530774,0.1565397,0.3595991,0.06777168,-0.4878154,25.07694,-22.16969,-26.90521,29.83317
L,-0.2240235,0.9550791,0.1559467,0.4856227,0.1543336,-0.04571921,9.716565,6.674028,34.08614,29.84614
L,-0.2194614,0.9576147,0.1552441,0.3196006,0.1776289,-0.04921645,-11.6306,1.631941,-0.2449977,29.86041
L,-0.2160257,0.9604125,0.1544951,0.2497595,0.2033937,-0.05445027,-5.077208,1.873008,-0.3804805,29.87417
L,-0.2132339,0.9633712,0.1537165,0.2039753,0.2161632,-0.05688558,-3.345057,0.9329634,-0.1779273,29.88786
L,-0.2060438,0.9644549,0.1516952,0.5026261,0.07575833,-0.141299,20.8772,-9.815015,-5.900923,29.90216
L,-0.1974026,0.9688099,0.1543366,0.6063261,0.3055783,0.1853336,7.276323,16.12578,22.91883,29.91641
L,-0.1904923,0.9729614,0.1560392,0.4927847,0.2960504,0.1214221,-8.096897,-0.679458,-4.557674,29.93044
L,-0.1847203,0.9769543,0.1571207,0.4320712,0.2988962,0.08095374,-4.544742,0.2130211,-3.02928,29.94379
L,-0.1755542,0.9852636,0.1368354,0.6254087,0.5669532,-1.384086,13.19164,18.28984,-99.96135,29.95845
L,-0.1678651,0.9923828,0.1226636,0.5788822,0.5359662,-1.066932,-3.502769,-2.332873,23.87714,29.97173
L,-0.1720024,0.9978799,0.1223515,-0.3060278,0.4066115,-0.02308589,-65.45538,-9.568159,77.21161,29.98525
L,-0.1739116,1.003068,0.1211161,-0.1384104,0.3761321,-0.08955964,12.15152,-2.209622,-4.819052,29.99905
L,-0.1701068,0.9983024,0.1168925,0.2291798,-0.2870699,-0.2544093,22.14191,-39.94817,-9.92977,30.01565
L,-0.1660195,0.9953399,0.1125259,0.3487905,-0.2527975,-0.3726183,10.20678,2.924581,-10.08717,30.02737
L,-0.161886,0.9889367,0.0941563,0.3111863,-0.4820685,-1.382966,-2.831048,-17.26078,-76.06451,30.04065
L,-0.1580033,0.9850129,0.080325,0.2535734,-0.2562554,-0.9032863,-3.76255,14.74727,31.32666,30.05596
L,-0.1542849,0.9825909,0.06877698,0.3008488,-0.1959587,-0.9343346,3.824983,4.878527,-2.51208,30.06832
L,-0.1580409,0.9723322,0.08105914,-0.2433547,-0.6646688,0.795772,-35.25944,-30.36815,112.0952,30.08376
L,-0.1599135,0.9651405,0.08850916,-0.1490245,-0.5723332,0.5928897,7.507014,7.348275,-16.14583,30.09632
L,-0.1560324,0.9586101,0.08504992,0.2773746,-0.4667181,-0.2472242,30.47382,7.548085,-60.04111,30.11031
L,-0.1525539,0.9535192,0.0815063,0.258609,-0.3784831,-0.2634536,-1.395147,6.559921,-1.206594,30.12376
L,-0.1493727,0.9493001,0.07798558,0.22132,-0.2935327,-0.2449404,-2.594242,5.910092,1.287984,30.13814
L,-0.1463751,0.9456282,0.07448107,0.1932623,-0.2367345,-0.2259438,-1.808937,3.661905,1.224754,30.15365
L,-0.1409117,0.9424573,0.07584621,0.4695735,-0.2725359,0.1173322,23.74863,-3.077085,29.50418,30.16528
L,-0.1389965,0.9380591,0.07485166,0.1321176,-0.3034087,-0.06860917,-23.27949,-2.129772,-12.82722,30.17978
L,-0.1369378,0.934191,0.07332573,0.1483484,-0.2787203,-0.1099543,1.169544,1.778978,-2.979212,30.19366
L,-0.1347276,0.9305853,0.07145801,0.146606,-0.2391787,-0.1238895,-0.1155783,2.62287,-0.924351,30.20873
L,-0.1323969,0.9271173,0.06935301,0.1663006,-0.247444,-0.1501939,1.405233,-0.5897385,-1.87685,30.22275
L,-0.1310351,0.926632,0.06954556,0.1085035,-0.03866831,0.01534183,-4.605213,16.63505,13.18973,30.2353
L,-0.1315517,0.925963,0.06970605,-0.03757219,-0.04866121,0.01167323,-10.6251,-0.726853,-0.2668427,30.24905
L,-0.1318295,0.9249808,0.06960643,-0.02067806,-0.073103,-0.007414333,1.257437,-1.819213,-1.420695,30.26248
L,-0.1322382,0.9232458,0.07013397,-0.02827032,-0.1200033,0.0364884,-0.5251363,-3.243966,3.036633,30.27694
L,-0.132372,0.9210197,0.07039423,-0.008905615,-0.1481915,0.01732468,1.289066,-1.876426,-1.275686,30.29196
L,-0.1322124,0.9185032,0.07035187,0.0125159,-0.197393,-0.003322416,1.680287,-3.859332,-1.619543,30.30471
L,-0.1341168,0.9186813,0.0660342,-0.1347077,0.01259781,-0.3054106,-10.41386,14.85371,-21.36821,30.31885
L,-0.1358661,0.9183941,0.06111044,-0.1218964,-0.02000681,-0.3430979,0.8927157,-2.271958,-2.626134,30.3332
L,-0.141266,0.9162477,0.05424152,-0.4148708,-0.1649143,-0.527739,-22.50923,-11.13324,-14.18598,30.34621
L,-0.1450173,0.9142014,0.04874942,-0.260708,-0.1422074,-0.3816863,10.7139,1.578069,10.15027,30.3606
L,-0.1477537,0.912224,0.0440921,-0.2039034,-0.1473493,-0.3470408,4.232801,-0.3831534,2.581609,30.37402
L,-0.1539797,0.906155,0.04024383,-0.4401537,-0.4290554,-0.2720604,-16.70216,-19.91574,5.300885,30.38817
L,-0.1586648,0.9012591,0.03663957,-0.3374131,-0.3525927,-0.2595703,7.399131,5.50666,0.8995042,30.40205
L,-0.1624124,0.8970774,0.03318611,-0.2313703,-0.2581731,-0.2132131,6.546978,5.829374,2.86205,30.41825
L,-0.1709612,0.8900427,0.03071204,-0.7196582,-0.5921996,-0.2082734,-41.10524,-28.11915,0.4158312,30.43013
L,-0.1796479,0.8836482,0.01952697,-0.645458,-0.4751408,-0.8310934,5.513362,8.697914,-46.27793,30.44359
L,-0.1865849,0.878168,0.0106192,-0.436093,-0.3445069,-0.559981,13.16158,8.212208,17.04329,30.4595
L,-0.1924922,0.8732357,0.002983775,-0.4947484,-0.4130891,-0.6394823,-4.912512,-5.7439,-6.658401,30.47144
L,-0.1987116,0.8639951,-0.006676727,-0.4150609,-0.6166943,-0.6447156,5.318125,-13.58806,-0.3492554,30.48642
L,-0.2042439,0.8563185,-0.01498358,-0.3739756,-0.5189208,-0.5615247,2.777275,6.609262,5.623518,30.50121
L,-0.2115411,0.8538864,-0.02126967,-0.6198646,-0.2065983,-0.5339791,-20.88734,26.53061,2.339892,30.51299
L,-0.2179772,0.8508377,-0.02741713,-0.4609834,-0.2183572,-0.4403062,11.37972,-0.8422195,6.709236,30.52695
L,-0.2239071,0.8474138,-0.03347753,-0.423562,-0.2445632,-0.4328871,2.672967,-1.871861,0.5299323,30.54095
L,-0.2311731,0.8482064,-0.03983315,-0.4663942,0.05087307,-0.4079552,-2.749313,18.96348,1.600334,30.55653
L,-0.2377685,0.8476609,-0.0460507,-0.5402942,-0.0446875,-0.5093417,-6.053887,-7.828321,-8.305586,30.56873
L,-0.2440171,0.8378955,-0.04450861,-0.439857,-0.6874161,0.1085529,7.070088,-45.24367,43.49553,30.58294
L,-0.2499953,0.8299294,-0.04495398,-0.03466214,-0.04618865,-0.002582322,2.349363,3.717905,-0.6443738,30.75541
L,-0.2550055,0.8304728,-0.04948772,-0.5016831,0.05441296,-0.4539695,-46.76346,10.07338,-45.19803,30.7654
L,-0.2624034,0.8273804,-0.05225089,-0.6263879,-0.2618399,-0.2339631,-10.55899,-26.77771,18.62835,30.77721
L,-0.2690565,0.8278229,-0.05656309,-0.4788814,0.03185492,-0.3103833,10.61723,21.13957,-5.50058,30.7911
L,-0.2740312,0.828213,-0.05983303,-0.3650813,0.02862542,-0.2399766,8.351626,-0.2370085,5.167051,30.80473
L,-0.275634,0.8321764,-0.06463281,-0.1168421,0.2889321,-0.349898,18.09633,18.97604,-8.013141,30.81844
L,-0.2773277,0.8349981,-0.06840242,-0.1100118,0.1832685,-0.2448418,0.4436323,-6.863002,6.823552,30.83384
L,-0.2776585,0.8348846,-0.06878367,-0.02754725,-0.009445481,-0.03174759,6.867089,-16.04791,17.74504,30.84585
L,-0.2780601,0.8348354,-0.0691873,-0.02824068,-0.003466168,-0.02838213,-0.04876015,0.4204509,0.2366506,30.86007
L,-0.2785546,0.8348222,-0.06966398,-0.03533516,-0.000941419,-0.03406734,-0.5070272,0.1804383,-0.4063091,30.87406
L,-0.2793187,0.8354598,-0.07076698,-0.05602017,0.04673955,-0.08085697,-1.516345,3.495324,-3.429984,30.8877
L,-0.2803627,0.8361927,-0.07215932,-0.07368235,0.05173415,-0.09827521,-1.246644,0.3525322,-1.229426,30.90187
L,-0.2819779,0.8383434,-0.07500741,-0.1153131,0.1535394,-0.203325,-2.972018,7.267878,-7.499501,30.91588
L,-0.283679,0.840324,-0.07778694,-0.1124381,0.1309135,-0.1837213,0.1900278,-1.495523,1.295761,30.93101
L,-0.2846872,0.8433875,-0.08071179,-0.08233547,0.2501752,-0.2388568,2.458329,9.739482,-4.502632,30.94325
L,-0.2857493,0.8459168,-0.08330268,-0.07444644,0.1772853,-0.1816004,0.5529579,-5.109003,4.013216,30.95752
L,-0.2868187,0.8480203,-0.08560363,-0.0759718,0.1494368,-0.1634639,-0.108364,-1.978401,1.288452,30.9716
L,-0.2848039,0.8541743,-0.08644536,0.1472051,0.449615,-0.06149785,16.3056,21.93142,7.449771,30.98528
L,-0.2834814,0.8594,-0.08754274,0.09572146,0.3782182,-0.07942349,-3.726153,-5.167382,-1.297377,30.9991
L,-0.2738149,0.8731191,-0.08290505,0.6923497,0.9826118,0.33217,42.73293,43.28912,29.47999,31.01306
L,-0.266718,0.8839523,-0.07984579,0.4679129,0.7142503,0.2017024,-14.79747,-17.6935,-8.601936,31.02823
L,-0.2613872,0.8927572,-0.07783802,0.3801517,0.6279031,0.1431785,-6.258459,-6.157619,-4.173473,31.04225
L,-0.2516623,0.905039,-0.06125923,0.7848917,0.9912542,1.338063,32.66631,29.32583,96.43841,31.05464
L,-0.2439966,0.9153696,-0.04885417,0.5517551,0.7435775,0.8928916,-16.78071,-17.82728,-32.0426,31.06853
L,-0.2355162,0.9348872,-0.02084993,0.5783303,1.331015,1.909767,1.812309,40.06068,69.34644,31.0832
L,-0.2284493,0.9510949,0.00105467,0.5400977,1.238703,1.674099,-2.921993,-7.055148,-18.01131,31.09628
L,-0.2223033,0.9649217,0.01848008,0.4307842,0.9691427,1.221382,-7.662003,-18.89399,-31.73189,31.11055
L,-0.2077321,0.9864719,0.04646506,0.978925,1.447787,1.880086,36.82518,32.15627,44.25303,31.12543
L,-0.1957403,1.00493,0.06965089,0.9560725,1.471592,1.848548,-1.821976,1.897886,-2.514399,31.13798
L,-0.1758308,1.018479,0.1049595,1.410589,0.9599662,2.501607,32.20238,-36.24854,46.26904,31.15209
L,-0.1593135,1.031303,0.1347367,1.249251,0.9699041,2.252141,-12.20252,0.7516274,-18.86784,31.16531
L,-0.1436329,1.029858,0.1679406,0.7990992,-0.07364162,1.692104,-22.94022,-53.18026,-28.54012,31.18494
L,-0.1298618,1.03165,0.1968579,1.610171,0.2095924,3.381138,94.83392,33.11691,197.4889,31.19349
L,-0.1173353,1.035633,0.2227401,0.9193078,0.2922557,1.899454,-50.70148,6.066541,-108.7387,31.20712
L,-0.1108629,1.019176,0.2342931,0.4462618,-1.134641,0.7965688,-32.61604,-98.38309,-76.04284,31.22162
L,-0.1035466,1.009889,0.2476491,0.5339464,-0.6777648,0.9747224,6.399216,33.34282,13.00164,31.23532
L,-0.1133664,0.9893057,0.2372937,-0.7033347,-1.474283,-0.7416976,-88.61907,-57.04984,-122.9369,31.24928
L,-0.1179881,0.9760907,0.2345981,-0.3418592,-0.9774972,-0.1993896,26.73777,36.74643,40.11366,31.2628
L,-0.1194293,0.9667833,0.2366511,-0.09752516,-0.6298037,0.1389199,16.53348,23.52756,22.89257,31.27758
L,-0.1321923,0.9552958,0.2107953,-0.9324778,-0.839295,-1.889055,-61.00274,-15.30572,-148.1665,31.29127
L,-0.1398496,0.9467589,0.1965306,-0.5670396,-0.6321725,-1.056329,27.06142,15.33784,61.66498,31.30477
L,-0.1433454,0.9512987,0.1850009,-0.2497052,0.3242677,-0.8235546,22.66685,68.31746,16.62685,31.31877
L,-0.1452983,0.9539094,0.1782345,-0.1384331,0.1850705,-0.4796585,7.887856,-9.867421,24.37812,31.33288
L,-0.1427497,0.9533211,0.1617549,0.1886194,-0.04354002,-1.219657,24.20521,-16.9195,-54.76738,31.34639
L,-0.1405052,0.9524561,0.1508103,0.1576609,-0.06076249,-0.7687714,-2.174589,-1.209745,31.67118,31.36063
L,-0.1384779,0.9514381,0.1429713,0.1469694,-0.07379528,-0.5682946,-0.7750881,-0.9448193,14.53368,31.37442
L,-0.1437238,0.9483512,0.1219213,-0.3544308,-0.2085615,-1.422201,-33.87604,-9.105197,-57.69236,31.38922
L,-0.1471118,0.9457421,0.1068968,-0.245885,-0.1893601,-1.090412,7.8778,1.39356,24.07985,31.403
L,-0.1558275,0.9381186,0.08151352,-0.6775664,-0.5926611,-1.973335,-33.55952,-31.35318,-68.63963,31.41586
L,-0.1620163,0.9321423,0.06252538,-0.4391909,-0.4241084,-1.34749,16.91628,11.96131,44.41296,31.42995
L,-0.1666801,0.9271701,0.04682767,-0.329182,-0.3509483,-1.107986,7.764716,5.163833,16.9048,31.44412
L,-0.1746351,0.9148388,0.02551809,-0.5812038,-0.9009415,-1.556906,-18.41304,-40.18323,-32.79866,31.45781
L,-0.1807936,0.9052337,0.007992459,-0.4427862,-0.6905984,-1.260077,9.952099,15.12347,21.34174,31.47172
L,-0.1867793,0.8909672,-0.00604267,-0.442007,-1.053486,-1.036401,0.05753521,-26.79683,16.51694,31.48526
L,-0.19184,0.8795322,-0.01932937,-0.2495554,-0.5638844,-0.6551971,9.490224,24.14336,18.79805,31.50554
L,-0.1962165,0.8737795,-0.03011211,-0.5601959,-0.7363434,-1.380192,-39.76198,-22.07475,-92.79929,31.51335
L,-0.2002696,0.8678861,-0.04114297,-0.2604147,-0.3786612,-0.7087436,19.26123,22.98143,43.14119,31.52892
L,-0.2041203,0.861959,-0.0522702,-0.286772,-0.4414063,-0.8286746,-1.962897,-4.672798,-8.931592,31.54234
L,-0.2047006,0.8587387,-0.0528289,-0.04522263,-0.2509429,-0.04353745,18.82305,14.8421,61.18282,31.55518
L,-0.2060538,0.8547547,-0.05638314,-0.1011193,-0.2977168,-0.2655997,-4.177019,-3.495299,-16.59415,31.56856
L,-0.2073448,0.8528261,-0.05569282,-0.09297197,-0.1388951,0.04971508,0.586752,11.43796,22.70821,31.58244
L,-0.2089992,0.8501112,-0.05725195,-0.1101848,-0.1808149,-0.1038404,-1.146405,-2.791928,-10.22705,31.59746
L,-0.2111829,0.8463823,-0.06078529,-0.1709859,-0.29197,-0.2766557,-4.760646,-8.703299,-13.53121,31.61023
L,-0.2112351,0.846929,-0.06034776,-0.003865399,0.04050664,0.03241812,12.3826,24.63447,22.90047,31.62373
L,-0.2114651,0.8475389,-0.06007543,-0.01487439,0.03944407,0.01760968,-0.711875,-0.06870939,-0.9575588,31.63919
L,-0.2112763,0.8583499,-0.05065108,0.01321618,0.7565445,0.6595129,1.96577,50.18248,44.9202,31.65348
L,-0.2116975,0.8653756,-0.04520525,-0.03523353,0.5876725,0.4555178,-4.052585,-14.12532,-17.06321,31.66544
L,-0.212505,0.8698275,-0.04242929,-0.05602749,0.3089019,0.1926154,-1.442831,-19.34305,-18.242,31.67985
L,-0.2136776,0.8789786,-0.03239737,-0.07597589,0.5929043,0.6499774,-1.292474,18.40077,29.63289,31.69528
L,-0.2149641,0.8855323,-0.02567144,-0.1118203,0.569639,0.5846024,-3.115516,-2.022163,-5.682252,31.70679
L,-0.2109406,0.9011372,-0.01113488,0.2707214,1.049983,0.978099,25.73948,32.32016,26.47659,31.72165
L,-0.2083685,0.9130667,-0.0004093509,0.1922058,0.8914579,0.8014915,-5.867274,-11.84619,-13.19744,31.73503
L,-0.1998367,0.9306962,0.02291494,0.5923131,1.22391,1.61926,27.77695,23.08007,56.77251,31.74944
L,-0.1936335,0.9447395,0.04103505,0.4286054,0.9703068,1.251997,-11.31128,-17.52256,-25.37576,31.76391
L,-0.1890037,0.9563066,0.05541341,0.3511759,0.8773872,1.090625,-5.873169,-7.048123,-12.24038,31.77709
L,-0.1784026,0.9723821,0.07818612,0.5099111,0.7732311,1.095363,7.635133,-5.009888,0.2279128,31.79788
L,-0.1701474,0.9860656,0.09703423,1.324391,2.195255,3.023818,130.6677,228.1365,309.3835,31.80412
L,-0.153949,0.9948108,0.1271632,1.133563,0.6119819,2.108413,-13.35406,-110.797,-64.05972,31.81841
L,-0.1410151,1.003318,0.1524348,0.8605399,0.5659938,1.681424,-18.16534,-3.059776,-28.40935,31.83344
L,-0.1304404,1.01173,0.1739466,0.816763,0.6497312,1.66152,-3.381215,6.467663,-1.53729,31.84638
L,-0.1153625,1.003206,0.1950331,1.085873,-0.6138736,1.518597,19.38066,-91.00176,-10.29301,31.86027
L,-0.102659,0.9993027,0.2142403,0.8672277,-0.2664469,1.311209,-14.9262,23.71766,-14.15765,31.87492
L,-0.1086544,0.9809925,0.2186965,-0.462798,-1.413405,0.3439823,-102.6673,-88.53594,-74.66216,31.88787
L,-0.1111605,0.9697147,0.2257407,-0.1752826,-0.7887957,0.4926919,20.10951,43.68663,10.4011,31.90217
L,-0.11799,0.9548613,0.2136737,-0.5100567,-1.109326,-0.9012253,-25.00257,-23.93877,-104.1046,31.91556
L,-0.1215611,0.9446661,0.2085581,-0.2388139,-0.6817841,-0.3420948,18.13895,28.59121,37.39099,31.93051
L,-0.1231399,0.9371816,0.2076216,-0.1093188,-0.5182333,-0.06484416,8.966289,11.32432,19.19694,31.94495
L,-0.128849,0.936035,0.2034039,-0.4653612,-0.09345849,-0.3437937,-29.02188,34.62443,-22.73786,31.95722
L,-0.1322162,0.9346867,0.2024827,-0.2380495,-0.09532177,-0.06513156,16.07022,-0.131728,19.70054,31.97137
L,-0.1337481,0.9362544,0.1904925,-0.1120486,0.1146676,-0.8769923,9.216069,15.35922,-59.38182,31.98504
L,-0.1345453,0.9369249,0.183483,-0.05505075,0.04630285,-0.4840653,3.936152,-4.721131,27.13474,31.99952
L,-0.1348812,0.9370115,0.1794422,-0.02479347,0.006387247,-0.2982189,2.233042,-2.945844,13.7158,32.01307
L,-0.1367979,0.9236757,0.1415199,-0.1400382,-0.9743329,-2.770649,-8.419931,-71.6527,-180.639,32.02676
L,-0.1380286,0.9139253,0.1179045,-0.08709862,-0.6900606,-1.671336,3.746704,20.11887,77.80195,32.04089
L,-0.1478995,0.8969636,0.0889912,-0.718378,-1.234431,-2.104236,-45.94284,-39.61786,-31.50533,32.05463
L,-0.1549346,0.8841428,0.06787291,-0.5125667,-0.9340997,-1.538642,14.99505,21.88165,41.20823,32.06835
L,-0.1698977,0.8715801,0.03375994,-1.032229,-0.8666406,-2.353292,-35.84901,4.65368,-56.19889,32.08285
L,-0.1809869,0.8610345,0.008451433,-0.734082,-0.6981021,-1.675372,19.7367,11.15691,44.87697,32.09795
L,-0.1898946,0.8517044,-0.0131898,-0.5834836,-0.6111515,-1.417571,9.864685,5.69555,16.88681,32.11322
L,-0.1984589,0.8443513,-0.03679553,-0.7600129,-0.6525263,-2.094821,-15.66557,-3.671685,-60.10055,32.12449
L,-0.2058463,0.8371346,-0.05703461,-0.5233953,-0.5113007,-1.433933,16.7643,10.00579,46.82369,32.1386
L,-0.2156013,0.8280436,-0.0743864,-0.713907,-0.6653144,-1.269868,-13.94235,-11.2713,12.00688,32.15227
L,-0.2240502,0.8195562,-0.09123779,-0.6346257,-0.6375089,-1.265756,5.955046,2.088552,0.3088646,32.16558
L,-0.2317256,0.8114242,-0.1076936,-0.5055414,-0.5356195,-1.083869,8.502183,6.710981,11.98007,32.18076
L,-0.2380173,0.8058069,-0.117853,-0.4627745,-0.4131681,-0.7472544,3.145649,9.006703,24.75912,32.19436
L,-0.2442759,0.7996622,-0.1297415,-0.5017321,-0.4926032,-0.9530593,-3.123093,-6.368021,-16.49863,32.20683
L,-0.244442,0.7980324,-0.1245601,-0.01127067,-0.1106252,0.3517056,33.29144,25.92782,88.56455,32.22157
L,-0.2461526,0.7950407,-0.124797,-0.1253286,-0.2191867,-0.01735814,-8.356514,-7.953816,-27.03964,32.23521
L,-0.2490097,0.7908967,-0.1285249,-0.2012296,-0.2918668,-0.2625625,-5.345778,-5.118927,-17.26998,32.24941
L,-0.2482176,0.8008606,-0.1027957,0.05956527,0.7492784,1.934812,19.61154,78.29315,165.2405,32.26271
L,-0.2489826,0.8065956,-0.08629265,-0.05211514,0.39069,1.124268,-7.608199,-24.42874,-55.21812,32.27739
L,-0.2525342,0.8242372,-0.06013616,-0.2343957,1.16431,1.726276,-12.03015,51.05738,39.73132,32.29254
L,-0.2562106,0.836483,-0.04190364,-0.3086989,1.028242,1.530924,-6.238995,-11.4252,-16.40305,32.30445
L,-0.2576984,0.8528298,-0.0005029743,-0.1061577,1.166363,2.953984,14.45154,9.855097,101.5369,32.31847
L,-0.2598391,0.8650122,0.0313075,-0.1529036,0.870172,2.272187,-3.339008,-21.15661,-48.70004,32.33247
L,-0.262393,0.874308,0.05561678,-0.1766511,0.6429667,1.681407,-1.642551,-15.71518,-40.86261,32.34692
L,-0.2463611,0.8951969,0.08454237,0.9728407,1.267571,1.755248,69.75287,37.90191,4.480765,32.3634
L,-0.2353067,0.9117143,0.1084397,0.9396368,1.403995,2.031303,-2.82238,11.59626,23.46507,32.37517
L,-0.2141628,0.9206302,0.1368297,1.678605,0.7078333,2.253865,58.66629,-55.26793,17.6691,32.38776
L,-0.1984375,0.9286911,0.1612069,1.011358,0.5184311,1.567796,-42.91333,-12.18122,-44.12391,32.40331
L,-0.1864982,0.9363565,0.1828277,0.9536261,0.61226,1.726928,-4.611265,7.494425,12.71039,32.41583
L,-0.1857763,0.9292573,0.2016526,0.05207653,-0.5121165,1.357957,-65.03462,-81.10857,-26.61625,32.4297
L,-0.1841904,0.926019,0.2196779,0.1039326,-0.2122227,1.181307,3.398441,19.65384,-11.57697,32.44495
L,-0.1849421,0.9053921,0.2129261,-0.0569477,-1.56278,-0.5115438,-12.18896,-102.3238,-128.2574,32.45815
L,-0.1844577,0.8922775,0.2122795,0.03590856,-0.9722586,-0.04793221,6.883968,43.77875,34.37019,32.47164
L,-0.1828614,0.8832242,0.1972017,0.1218559,-0.6911082,-1.151005,6.56103,21.4624,-84.20614,32.48474
L,-0.1808589,0.8767855,0.1900015,0.1379278,-0.4434815,-0.4959244,1.106976,17.05566,45.11966,32.49926
L,-0.1786063,0.8719946,0.1872959,0.1600271,-0.3403498,-0.1922129,1.569974,7.326658,21.57619,32.51334
L,-0.1767155,0.8738214,0.1158012,0.1236697,0.1194798,-4.676124,-2.377966,30.07524,-293.271,32.52863
L,-0.1745905,0.8747659,0.08758623,0.1762831,0.0783574,-2.34063,4.364655,-3.411389,193.7455,32.54068
L,-0.1723336,0.8568638,0.07695173,0.1613869,-1.280125,-0.7604396,-1.06518,-97.14074,112.9944,32.55466
L,-0.1699767,0.8441274,-0.06641711,0.1675292,-0.9053052,-10.19069,0.4365934,26.64227,-670.305,32.56873
L,-0.1675594,0.8340385,-0.08642611,0.1448089,-0.6043761,-1.198638,-1.36106,18.02714,538.6686,32.58543
L,-0.1736622,0.8245937,-0.1189946,-0.4922572,-0.7618173,-2.626964,-51.38555,-12.69916,-115.2084,32.59782
L,-0.1773526,0.8165537,-0.1471519,-0.2592193,-0.5647483,-1.977835,16.3691,13.84257,45.59624,32.61206
L,-0.1873816,0.8157827,-0.1389194,-0.8346168,-0.0641617,0.6851153,-47.88477,41.65897,221.6116,32.62408
L,-0.1942417,0.8137607,-0.1393558,-0.4742416,-0.1397803,-0.0301663,24.91303,-5.227574,-49.44799,32.63854
L,-0.2067492,0.8251545,-0.1064929,-0.81238,0.7400427,2.13449,-21.96258,57.14577,140.5976,32.65394
L,-0.215874,0.8324831,-0.08564227,-0.8175063,0.6565811,1.868034,-0.4592714,-7.477433,-23.87216,32.6651
L,-0.2230638,0.8370152,-0.07367116,-0.4108042,0.2589466,0.6839918,23.23769,-22.7196,-67.65247,32.6826
L,-0.2298873,0.858593,-0.03795324,-0.6374649,2.015859,3.336863,-21.17525,164.1354,247.8383,32.69331
L,-0.235723,0.8743818,-0.01263743,-0.3780982,1.022974,1.640235,16.80461,-64.3299,-109.9261,32.70874
L,-0.2304566,0.8874139,0.03729128,0.3967066,0.9816855,3.761067,58.36507,-3.110219,159.7596,32.72202
L,-0.2275811,0.8975487,0.07532633,0.1844857,0.6502157,2.440201,-13.61538,-21.26599,-84.74232,32.7376
L,-0.2262732,0.9059117,0.1046925,0.1214938,0.7768648,2.727913,-5.851507,11.76482,26.7265,32.74837
L,-0.2140262,0.9078878,0.1392189,0.8369303,0.1350406,2.359455,48.8914,-43.86089,-25.17966,32.763
L,-0.2054559,0.9105655,0.1678595,0.6300236,0.1968461,2.105436,-15.21014,4.543451,-18.67346,32.7766
L,-0.1977637,0.9026679,0.1821434,0.5066465,-0.5201751,0.9408144,-8.126272,-47.22683,-76.70817,32.79179
L,-0.1920628,0.8981769,0.1963155,0.4741335,-0.3735079,1.178653,-2.704027,12.19795,19.78041,32.80381
L,-0.1876336,0.895771,0.210771,0.2603349,-0.1414098,0.8496497,-12.56637,13.64196,-19.3377,32.82082
L,-0.1881533,0.878321,0.2091106,-0.04793747,-1.609578,-0.1531602,-28.43482,-135.4228,-92.49845,32.83167
L,-0.1880309,0.8665411,0.2118984,0.00894819,-0.8616115,0.2039119,4.160779,54.70844,26.11728,32.84534
L,-0.188619,0.8633392,0.1788791,-0.04076258,-0.2219353,-2.288692,-3.445632,44.33825,-172.7713,32.85976
L,-0.1886201,0.8606235,0.1607983,-6.999751E-05,-0.1771832,-1.179629,2.654882,2.919739,72.35791,32.87509
L,-0.187443,0.8509305,0.1173025,0.09512032,-0.7832778,-3.514849,7.692223,-48.97783,-188.7065,32.88747
L,-0.1862486,0.8435597,0.09142262,0.07384655,-0.455712,-1.600061,-1.315281,20.25222,118.3845,32.90364
L,-0.1850496,0.8375821,0.07203586,0.105474,-0.5258389,-1.70541,2.782197,-6.168912,-9.267271,32.91501
L,-0.1867657,0.824609,0.02041626,-0.1085063,-0.8202597,-3.263813,-13.52958,-18.61569,-98.535,32.93082
L,-0.1876802,0.8146262,-0.006233278,-0.06718794,-0.7334466,-1.957964,3.035697,6.378236,95.94183,32.94444
L,-0.1897664,0.8140826,-0.04131112,-0.1442212,-0.03757912,-2.424959,-5.32537,48.10588,-32.28375,32.9589
L,-0.1968098,0.8259594,-0.04345606,-0.5759184,0.9711235,-0.175384,-35.29845,82.47826,183.9403,32.97113
L,-0.2018486,0.8338953,-0.04963419,-0.3758904,0.5920203,-0.4608883,14.92207,-28.28105,-21.29858,32.98454
L,-0.2056714,0.8391107,-0.05708031,-0.2345853,0.3200345,-0.4569183,8.670946,-16.68995,0.2436103,33.00083
L,-0.2087376,0.8426436,-0.06529506,-0.2684614,0.309327,-0.719254,-2.96607,-0.9375157,-22.96918,33.01225
L,-0.2151731,0.8556268,-0.02981432,-0.4074926,0.8220939,2.246634,-8.803431,32.4683,187.7994,33.02805
L,-0.2206744,0.8790228,0.02495419,-0.4498292,1.91301,4.47824,-3.46172,89.20058,182.471,33.04028
L,-0.2252336,0.8969482,0.06494831,-0.2986417,1.174175,2.619744,9.903273,-48.3961,-121.7375,33.05554
L,-0.229184,0.9111778,0.09470276,-0.28528,1.0276,2.148747,0.9649277,-10.58505,-34.01353,33.06939
L,-0.2327692,0.9229968,0.117705,-0.2964794,0.9773758,1.902173,-0.9261411,-4.153288,-20.3905,33.08148
L,-0.2298481,0.9287599,0.168167,0.1670493,0.3295737,2.885757,26.50769,-37.04569,56.24794,33.09897
L,-0.2293846,0.9265378,0.1973213,0.03796997,-0.1820361,2.388324,-10.57418,-41.91108,-40.74969,33.11118
L,-0.229718,0.9266955,0.2213233,-0.02737802,0.0129572,1.971172,-5.366724,16.01389,-34.25875,33.12335
L,-0.2305349,0.9283976,0.2427091,-0.05680226,0.1183521,1.487044,-2.045992,7.328554,-33.66344,33.13773
L,-0.2316513,0.9310632,0.2625432,-0.07162701,0.1710146,1.27249,-0.9511061,3.378647,-13.76506,33.15332
L,-0.2315174,0.928591,0.2506983,0.00779775,-0.1439534,-0.6897108,4.624772,-18.34007,-114.2557,33.17049
L,-0.2259383,0.9264081,0.1936107,0.4920955,-0.1925366,-5.035385,42.71728,-4.285262,-383.3084,33.18183
L,-0.2221964,0.9259441,0.164902,0.288511,-0.03577206,-2.213477,-15.6966,12.08673,217.5725,33.1948
L,-0.2196725,0.9265532,0.1436624,0.1438273,0.03471128,-1.210397,-8.245214,4.016693,57.16331,33.21235
L,-0.2096915,0.9184511,0.09713867,0.912296,-0.740564,-4.252411,70.2404,-70.86254,-278.0494,33.22329
L,-0.1951313,0.89119,-0.5124819,1.014585,-1.899609,-42.47963,7.127679,-80.76466,-2663.752,33.23764
L,-0.1859592,0.8829109,0.01892867,0.5617799,-0.5070823,32.54815,-27.73365,85.29029,4595.347,33.25397
L,-0.1857601,0.8810401,-0.08649955,0.01988853,-0.1868986,-10.53254,-54.13627,31.98714,-4303.866,33.26398
L,-0.1799884,0.8734415,-0.07588978,0.3773126,-0.4967425,0.6935878,23.36573,-20.25529,733.8806,33.27927
L,-0.1832485,0.87154,-0.0783816,-0.2711337,-0.1581436,-0.2072382,-53.92966,28.16043,-74.91946,33.2913
L,-0.1856853,0.8779358,-0.04548659,-0.1793344,0.4706976,2.420895,6.755932,46.27933,193.4164,33.30489
L,-0.1869968,0.8827161,-0.02059689,-0.09476855,0.3454038,1.798425,6.110371,-9.053206,-44.97705,33.31873
L,-0.1873638,0.8857384,-0.005250458,-0.02263327,0.1864191,0.9465823,4.449372,-9.806324,-52.54247,33.33494
L,-0.1935042,0.9050124,0.03017898,-0.4604325,1.445241,2.656641,-32.82793,94.39147,128.227,33.34827
L,-0.1975791,0.9194329,0.05597237,-0.3470458,1.228156,2.196745,9.656801,-18.48844,-39.1679,33.36002
L,-0.2000473,0.9314288,0.1062568,-0.1838135,0.8933638,3.744815,12.15636,-24.93292,115.289,33.37344
L,-0.2018019,0.9410883,0.1460965,-0.1286953,0.708498,2.922148,4.042781,-13.55945,-60.34055,33.38708
L,-0.2031152,0.9492245,0.1774616,-0.07643726,0.4735478,1.825523,3.041548,-13.67469,-63.82631,33.40426
L,-0.2041536,0.9564298,0.2036282,-0.08309367,0.5765702,2.093844,-0.5326421,8.243799,21.47092,33.41676
L,-0.2106863,0.9579319,0.2163793,-0.5549305,0.1275924,1.083155,-40.08075,-38.13896,-85.85419,33.42853
L,-0.2120821,0.9504889,0.2018516,-0.09793855,-0.5222498,-1.019363,32.06577,-45.59749,-147.5274,33.44278
L,-0.2128549,0.9479579,0.1979506,-0.05342559,-0.1749736,-0.2696806,3.077217,24.00748,51.82614,33.45724
L,-0.2137635,0.9461122,0.1960985,-0.06709397,-0.136294,-0.1367661,-1.009319,2.856234,9.81486,33.47079
L,-0.2144878,0.9452904,0.1962692,-0.05400091,-0.06126457,0.01272309,0.9761853,5.594003,11.14553,33.4842
L,-0.2103174,0.9521753,0.1403811,0.2921587,0.4823164,-3.915211,24.25004,38.0803,-275.1695,33.49847
L,-0.2001477,0.9404193,0.08035758,0.7446676,-0.8608284,-4.395197,33.13478,-98.35122,-35.14679,33.51213
L,-0.192679,0.9324781,0.04866524,0.5414488,-0.5757009,-2.297554,-14.73246,20.67048,152.0698,33.52592
L,-0.1870412,0.9268355,0.01994671,0.4038027,-0.4041496,-2.056938,-9.858771,12.2872,17.23391,33.53989
L,-0.1825407,0.9226303,-0.003230232,0.2565874,-0.239751,-1.321378,-8.393127,9.372794,41.9362,33.55743
L,-0.1758852,0.9047555,-0.04120122,0.65442,-1.757601,-3.733634,39.11831,-149.2481,-237.1937,33.5676
L,-0.1732381,0.9038138,-0.04799053,0.1700779,-0.06050475,-0.4362197,-31.11945,109.0401,211.8621,33.58316
L,-0.1706698,0.9022927,-0.05809879,0.2014582,-0.1193101,-0.7928846,2.461448,-4.612648,-27.97653,33.59591
L,-0.1787408,0.9072157,-0.02355399,-0.579023,0.3531832,2.478302,-55.99301,33.89745,234.6803,33.60985
L,-0.1839798,0.9103527,7.589557E-05,-0.3674122,0.2199956,1.657151,14.84016,-9.34037,-57.58684,33.62411
L,-0.1874907,0.9122991,0.01553602,-0.2681734,0.1486697,1.18088,7.580085,-5.44804,-36.37872,33.6372
L,-0.1957535,0.9252435,0.05926345,-0.5944135,0.9312011,3.145687,-23.46923,56.29416,141.3454,33.6511
L,-0.2016957,0.9348394,0.09263907,-0.4355982,0.7034439,2.44665,11.64219,-16.69608,-51.24395,33.66474
L,-0.2089508,0.9383529,0.1372239,-0.5010208,0.2426362,3.078936,-4.517949,-31.82244,43.66438,33.67922
L,-0.2145976,0.9413258,0.1727522,-0.3339958,0.1758412,2.101428,9.879195,-3.95079,-57.81768,33.69613
L,-0.2236308,0.9346588,0.1849759,-0.8048999,-0.5940633,1.08918,-41.95945,-68.60158,-90.19533,33.70735
L,-0.2308582,0.9302755,0.196774,-0.5225099,-0.316891,0.8529555,20.41557,20.03835,-17.078,33.72118
L,-0.2370246,0.927309,0.2088979,-0.4375962,-0.2105187,0.86037,6.025885,7.548689,0.5261742,33.73528
L,-0.2353655,0.9231739,0.1725789,0.1298321,-0.3235774,-2.84203,44.40237,-8.847061,-289.72,33.74805
L,-0.2351921,0.9201438,0.1521314,0.01197615,-0.2093643,-1.412808,-8.143181,7.891484,98.75115,33.76253
L,-0.2225084,0.9101539,0.08000869,0.3678881,-0.2897523,-2.091894,10.3231,-2.331626,-19.69665,33.797
L,-0.2083091,0.8971013,0.01830809,1.597535,-1.468522,-6.941821,138.3454,-132.6212,-545.6563,33.80589
L,-0.2023933,0.881637,-0.141029,0.3386011,-0.885129,-9.119928,-72.05723,33.39148,-124.6677,33.82336
L,-0.2013447,0.8751672,-0.07574097,0.08681844,-0.5356967,5.405836,-20.84754,28.93291,1202.73,33.83544
L,-0.1964039,0.8677924,-0.08073033,0.3257553,-0.4862299,-0.3289567,15.75349,3.261426,-378.104,33.85061
L,-0.192462,0.8613391,-0.08645479,0.2834238,-0.4639888,-0.4115828,-3.043594,1.599113,-5.940742,33.86452
L,-0.2012785,0.8707827,-0.05397302,-0.5845238,0.6260986,2.153491,-57.54357,72.27109,170.0603,33.8796
L,-0.207186,0.8765795,-0.03295181,-0.4083896,0.4007367,1.453213,12.1763,-15.57944,-48.41076,33.89407
L,-0.2211338,0.8952056,0.0073497,-0.8538851,1.140289,2.467258,-27.27323,45.2754,62.07983,33.9104
L,-0.2311116,0.9086612,0.03642298,-0.7643499,1.030775,2.227173,6.858886,-8.389383,-18.39184,33.92345
L,-0.2388496,0.9184405,0.05714577,-0.5117286,0.6467111,1.370423,16.70615,-25.39861,-56.65788,33.93858
L,-0.2457071,0.9301803,0.09451231,-0.4806505,0.8228693,2.619094,2.178326,12.34728,87.52184,33.95284
L,-0.2515223,0.9394664,0.1237436,-0.4243958,0.6776952,2.133302,4.105464,-10.5948,-35.45309,33.96655
L,-0.2584884,0.9406605,0.1493819,-0.3980237,0.06823166,1.464892,1.506818,-34.82285,-38.19086,33.98405
L,-0.264546,0.9425016,0.1707729,-0.4901114,0.1489583,1.730717,-7.45069,6.531486,21.50755,33.99641
L,-0.2612612,0.9334422,0.1534077,0.2506139,-0.6911698,-1.324851,56.51242,-64.0962,-233.1195,34.00951
L,-0.2600517,0.9284817,0.1451462,0.08472659,-0.347508,-0.5787566,-11.62116,24.07506,52.26727,34.02379
L,-0.2598243,0.9243587,0.1395678,0.01621583,-0.2940229,-0.3978084,-4.88566,3.814147,12.90383,34.03781
L,-0.2496772,0.9202487,0.1024378,0.7189221,-0.2911909,-2.630652,49.78655,0.2006461,-158.1964,34.05193
L,-0.2427878,0.917451,0.08002581,0.4947967,-0.2009289,-1.609633,-16.09675,6.482638,73.32986,34.06585
L,-0.2280168,0.903114,0.02798528,1.057381,-1.026318,-3.725318,40.27255,-59.08539,-151.4511,34.07982
L,-0.2170613,0.8928366,-0.002770567,0.7787207,-0.7305196,-2.186134,-19.80724,21.0254,109.4056,34.09389
L,-0.2087363,0.8848561,-0.02883341,0.6373668,-0.6109905,-1.995391,-10.82216,9.151239,14.60345,34.10695
L,-0.2015454,0.8799253,-0.05304122,0.4069634,-0.2790574,-1.37002,-13.03948,18.78546,35.3923,34.12462
L,-0.1954887,0.8754416,-0.07346783,0.5614295,-0.4156206,-1.893463,14.31837,-12.65885,-48.521,34.13541
L,-0.1967351,0.8790865,-0.05709646,-0.0884011,0.2585227,1.161162,-46.09015,47.81456,216.6536,34.14951
L,-0.1973459,0.8825943,-0.04104187,-0.04522974,0.2597634,1.188874,3.196925,0.09187632,2.052127,34.16301
L,-0.2031377,0.8924068,-0.009350653,-0.3955897,0.670214,2.164581,-23.93037,28.03469,66.64294,34.17765
L,-0.2066161,0.8991718,0.0127102,-0.2534318,0.4928823,1.607315,10.35738,-12.92008,-40.60142,34.19138
L,-0.2086709,0.9038774,0.02782242,-0.1526826,0.3496448,1.122897,7.486057,-10.6431,-35.99414,34.20483
L,-0.2183107,0.9132835,0.07318418,-0.6930915,0.6762934,3.261468,-38.8549,23.48573,153.7613,34.21874
L,-0.2250009,0.9203962,0.1081967,-0.4576694,0.4865728,2.395178,16.10504,-12.97863,-59.26225,34.23336
L,-0.2357459,0.9139105,0.1405542,-0.7997553,-0.4827335,2.408386,-25.46161,-72.14589,0.9830707,34.2468
L,-0.2437419,0.9096507,0.1666956,-0.5219386,-0.2780596,1.706373,18.13446,13.36007,-45.82381,34.26212
L,-0.2501091,0.9068281,0.1887952,-0.4189581,-0.1857234,1.454137,6.776038,6.075652,-16.59692,34.27731
L,-0.2482524,0.9014975,0.1722446,0.1445138,-0.4148976,-1.288191,43.85712,-17.83748,-213.4456,34.29016
L,-0.2478515,0.8986296,0.1662154,0.03496522,-0.250104,-0.5257882,-9.553398,14.37114,66.48683,34.30163
L,-0.2401628,0.8953804,0.1251302,0.5059045,-0.2137966,-2.703376,30.98743,2.388995,-143.2835,34.31683
L,-0.2350349,0.8928457,0.1035281,0.3145199,-0.155464,-1.324955,-11.7385,3.577805,84.54485,34.33313
L,-0.2233292,0.8847248,0.04248456,1.006753,-0.6984395,-5.250063,59.53565,-46.69875,-337.5799,34.34476
L,-0.2147501,0.8785032,0.006199499,0.6705275,-0.4862711,-2.83599,-26.27889,16.5828,188.6806,34.35755
L,-0.2082506,0.8734611,-0.02187789,0.3784585,-0.2935917,-1.6349,-17.00669,11.2194,69.9375,34.37473
L,-0.2049862,0.8669679,-0.0422263,0.3132292,-0.6230497,-1.952494,-6.258959,-31.61253,-30.47415,34.38515
L,-0.20204,0.8615288,-0.06068905,0.2005016,-0.3701486,-1.256464,-7.671566,17.21093,47.36763,34.39984
L,-0.1996408,0.8606295,-0.05258431,0.1721177,-0.06451833,0.5814475,-2.036308,21.92642,131.8548,34.41378
L,-0.1973503,0.8591549,-0.05032138,0.1735414,-0.1117233,0.1714485,0.1078656,-3.576442,-31.06323,34.42698
L,-0.1953834,0.8575646,-0.05125961,0.1319359,-0.1066722,-0.06293531,-2.790846,0.3388187,-15.72219,34.44189
L,-0.2020867,0.870314,-0.02533706,-0.4908432,0.9335676,1.898168,-45.60274,76.17113,143.601,34.45554
L,-0.2063008,0.8790849,-0.007970327,-0.267355,0.5564497,1.101787,14.17863,-23.92527,-50.52428,34.47131
L,-0.2187842,0.8997872,0.03735753,-1.144212,1.897542,4.154695,-80.37157,122.9228,279.8256,34.48222
L,-0.2275415,0.9151991,0.07104249,-0.5856315,1.030648,2.25263,37.35419,-57.97217,-127.1977,34.49717
L,-0.236302,0.9215424,0.1067806,-0.5755639,0.4167567,2.348004,0.6614466,-40.33282,6.266134,34.51239
L,-0.2430726,0.9268867,0.1347997,-0.5656071,0.4464577,2.340678,0.8317798,2.481178,-0.6120539,34.52436
L,-0.2486222,0.9317666,0.1575894,-0.3238674,0.2847771,1.329955,14.10743,-9.435354,-58.9837,34.5415
L,-0.2488297,0.9214643,0.1658449,-0.01727287,-0.8579058,0.6874616,25.53111,-95.15485,-53.50252,34.5535
L,-0.2498069,0.9151202,0.1748483,-0.07018194,-0.4556293,0.6466278,-3.799943,28.89161,-2.932693,34.56743
L,-0.2426036,0.9079739,0.1502942,0.5670538,-0.5625751,-1.932944,50.16442,-8.41898,-203.0688,34.58013
L,-0.2379081,0.9032139,0.1363823,0.3308867,-0.3354293,-0.9803522,-16.64242,16.0067,67.12801,34.59432
L,-0.2348909,0.8999199,0.1281443,0.222676,-0.2431069,-0.6079828,-7.986139,6.81356,27.48153,34.60787
L,-0.224837,0.8897029,0.08491644,0.5823169,-0.5917649,-2.503739,20.83025,-20.19413,-109.8014,34.62514
L,-0.2174796,0.8823153,0.05962094,0.7018527,-0.7047341,-2.41305,11.40305,-10.77664,8.651223,34.63562
L,-0.2057846,0.8715687,0.009516753,0.8483037,-0.7795076,-3.634342,10.62292,-5.423747,-88.58723,34.64941
L,-0.1966227,0.8633042,-0.01683084,0.6846483,-0.6175883,-1.968889,-12.22956,12.09982,124.4551,34.66279
L,-0.1893134,0.8564782,-0.04209656,0.4235397,-0.3955328,-1.464027,-15.12998,12.86705,29.25434,34.68005
L,-0.1852404,0.8566705,-0.04904118,0.3322087,0.01568334,-0.5664251,-7.449248,33.54009,73.21124,34.69231
L,-0.1813245,0.855748,-0.05803416,0.3211876,-0.07566587,-0.737627,-0.9039767,-7.492693,-14.04242,34.7045
L,-0.1875442,0.8597841,-0.02829259,-0.4167825,0.2704579,1.992989,-49.45154,23.19383,182.9792,34.71942
L,-0.191055,0.861904,-0.008581378,-0.2652276,0.160154,1.4891,11.44934,-8.332998,-38.06677,34.73266
L,-0.2025242,0.8737633,0.02558492,-0.8196788,0.847554,2.441791,-39.62543,49.12699,68.08681,34.74665
L,-0.2102034,0.8821296,0.05031013,-0.545837,0.5946821,1.757475,19.46475,-17.9742,-48.64141,34.76072
L,-0.2156729,0.8880851,0.06818829,-0.3900405,0.4247016,1.274933,11.1102,-12.1217,-34.41116,34.77474
L,-0.2277292,0.8911111,0.1063224,-0.8953246,0.2247167,2.831903,-37.52328,-14.85123,115.6233,34.78821
L,-0.2365808,0.8935869,0.1362829,-0.6148359,0.1719661,2.081074,19.4829,-3.664085,-52.15299,34.8026
L,-0.244475,0.888236,0.1653246,-0.570404,-0.3866283,2.098435,3.210459,-40.36168,1.254427,34.81644
L,-0.2509513,0.8847118,0.1893442,-0.3054536,-0.1662215,1.132886,12.49643,10.39552,-45.54025,34.83765
L,-0.251875,0.8731756,0.1881913,-0.1184641,-1.479521,-0.1478546,23.98149,-168.4313,-164.2557,34.84544
L,-0.2535048,0.8648922,0.1902986,-0.1283828,-0.6524752,0.1659839,-0.7812846,65.14574,24.72082,34.85814
L,-0.255576,0.8585436,0.1948702,-0.1461867,-0.448106,0.322679,-1.256651,14.42492,11.05995,34.87231
L,-0.2512604,0.8629618,0.1595714,0.2836772,0.2904221,-2.320305,28.25633,48.54581,-173.7318,34.88752
L,-0.2488648,0.8655746,0.1392467,0.1701844,0.1856199,-1.443903,-8.062724,-7.445325,62.26106,34.9016
L,-0.2373096,0.8585933,0.09857922,0.9466003,-0.5719092,-3.331476,63.60399,-62.05679,-154.63,34.9138
L,-0.2291148,0.8531399,0.07322384,0.5122152,-0.3408627,-1.584826,-27.15104,14.44145,109.1736,34.9298
L,-0.2232151,0.8486469,0.05361971,0.5037714,-0.3836472,-1.673976,-0.7210098,-3.653323,-7.612459,34.94151
L,-0.2145769,0.8396826,0.02578926,0.6200519,-0.6434702,-1.997696,8.346727,-18.65034,-23.23688,34.95544
L,-0.207872,0.8325596,0.005168834,0.3622564,-0.3848413,-1.114081,-13.92819,13.97321,47.73997,34.97395
L,-0.2053205,0.8160888,0.001034146,0.2761599,-1.782708,-0.4475159,-9.318606,-151.2974,72.14534,34.98319
L,-0.2028476,0.8033053,-0.005036749,0.1726856,-0.8926811,-0.4239341,-7.225674,62.1511,1.646729,34.99751
L,-0.2003757,0.7927065,-0.0119745,0.1750352,-0.7505149,-0.4912723,0.1663818,10.06699,-4.768313,35.01163
L,-0.201205,0.7885965,-0.01859554,-0.06093115,-0.301968,-0.4864533,-17.33665,32.95512,0.3540587,35.02525
L,-0.2011459,0.7838046,-0.02580211,0.00406066,-0.3288367,-0.494544,4.460003,-1.84384,-0.5552213,35.03982
L,-0.2096831,0.7796755,-0.02147105,-0.6206269,-0.3001681,0.3148529,-45.41267,2.084109,58.84041,35.05357
L,-0.2152989,0.7750235,-0.02054161,-0.4272061,-0.3538931,0.07070443,14.7139,-4.086965,-18.57285,35.06672
L,-0.2237241,0.7693493,-0.01314118,-0.2887081,-0.1944383,0.2535921,4.745937,5.464067,6.267047,35.0959
L,-0.2361077,0.7639273,-0.003989005,-1.008161,-0.4414063,0.7450891,-58.57149,-20.10595,40.01335,35.10818
L,-0.2416839,0.7626101,0.0001875157,-0.3933718,-0.09292586,0.2946313,43.37008,24.58344,-31.7774,35.12236
L,-0.2460219,0.7603099,0.001981454,-0.3180022,-0.1686154,0.1315073,5.525083,-5.548535,-11.95805,35.136
L,-0.2516133,0.7587132,0.0001893414,-0.3733513,-0.1066169,-0.1196616,-3.695734,4.139717,-16.77086,35.15098
L,-0.2562196,0.7564524,-0.001519056,-0.3159361,-0.1550603,-0.1171759,3.938005,-3.322644,0.1704906,35.16556
L,-0.2603143,0.7537614,-0.003183546,-0.3296678,-0.2166625,-0.1340098,-1.105555,-4.959656,-1.355316,35.17798
L,-0.2605747,0.7566324,-0.005935518,-0.01852025,0.2041848,-0.1957171,22.12845,29.93016,-4.388549,35.19204
L,-0.261441,0.7585228,-0.008755051,-0.06147215,0.1341534,-0.2000876,-3.048074,-4.969765,-0.3101524,35.20613
L,-0.2589884,0.7636938,-0.01197638,0.1779939,0.3752898,-0.2337908,17.37946,17.50069,-2.44604,35.21991
L,-0.2576825,0.7671602,-0.01493691,0.09546675,0.253403,-0.2164205,-6.032907,-8.91018,1.269808,35.23359
L,-0.2572568,0.7691496,-0.01741735,0.03072515,0.1435848,-0.1790289,-4.672803,-7.92626,2.698782,35.24744
L,-0.2563543,0.7709237,-0.01734992,0.06411755,0.1260332,0.004790449,2.372254,-1.246896,13.05884,35.26152
L,-0.2559478,0.7720192,-0.01759447,0.02892576,0.07795535,-0.01740198,-2.504158,-3.421097,-1.579156,35.27557
L,-0.2560654,0.7726814,-0.01623454,-0.008592008,0.04838176,0.09935843,-2.741097,-2.160686,8.530669,35.28926
L,-0.2563356,0.7732895,-0.01501711,-0.01918633,0.04317613,0.08644119,-0.7522315,-0.3696167,-0.9171662,35.30334
L,-0.2564346,0.7758472,-0.01277485,-0.007147835,0.1846047,0.1618383,0.8688931,10.20778,5.441876,35.3172
L,-0.2567038,0.7780252,-0.01104151,-0.01967504,0.1592173,0.1267108,-0.9157644,-1.855876,-2.56789,35.33088
L,-0.257066,0.7796819,-0.009867065,-0.02607384,0.1192468,0.08453399,-0.4605734,-2.876995,-3.035805,35.34477
L,-0.2576547,0.781843,-0.008344675,-0.04195767,0.1540282,0.108506,-1.132096,2.47899,1.708572,35.3588
L,-0.2582635,0.7836245,-0.007204743,-0.04375043,0.1280154,0.08191517,-0.128827,-1.869272,-1.91081,35.37272
L,-0.25881,0.7860571,-0.007852403,-0.04028183,0.1793316,-0.0477447,0.2557009,3.78297,-9.558368,35.38628
L,-0.2594067,0.7882636,-0.008464345,-0.04182612,0.1546541,-0.04289224,-0.1082426,-1.729696,0.3401182,35.40055
L,-0.2600262,0.7902339,-0.009021434,-0.04493377,0.1429164,-0.04040885,-0.2254152,-0.8513972,0.1801344,35.41434
L,-0.2601277,0.7909762,-0.01039313,-0.007487345,0.05472705,-0.1011199,2.760505,-6.501215,-4.475543,35.4279
L,-0.2603039,0.791737,-0.01163909,-0.01196365,0.0516637,-0.08461655,-0.303999,-0.2080412,1.12079,35.44263
L,-0.260249,0.7926065,-0.01335144,0.004085924,0.0647182,-0.127451,1.194577,0.9716525,-3.18819,35.45606
L,-0.2602821,0.7935312,-0.01498635,-0.00217427,0.06072301,-0.1073603,-0.4110903,-0.2623538,1.319307,35.47129
L,-0.2603204,0.7940608,-0.01748886,-0.003095156,0.04276899,-0.2021007,-0.07436986,-1.44995,-7.651147,35.48367
L,-0.2604312,0.7946541,-0.01977778,-0.007861143,0.04210798,-0.1624328,-0.3382174,-0.04690805,2.815022,35.49776
L,-0.2605919,0.7952735,-0.02180322,-0.01163674,0.04485497,-0.1466731,-0.2734117,0.1989247,1.141249,35.51157
L,-0.2601141,0.7956007,-0.02432619,0.03403533,0.02330588,-0.1797233,3.25344,-1.535045,-2.354326,35.52561
L,-0.2597691,0.7959967,-0.0266148,0.02205098,0.02530397,-0.1462565,-0.7658762,0.1276908,2.138741,35.54126
L,-0.2593852,0.7983232,-0.02891893,0.03107869,0.1883541,-0.1865391,0.7308712,13.20031,-3.261222,35.55361
L,-0.2591009,0.8004431,-0.03109965,0.02123397,0.15832,-0.1628671,-0.735252,-2.243097,1.767941,35.567
L,-0.2589022,0.8023061,-0.03309472,0.01402967,0.1315708,-0.140893,-0.5087731,-1.889049,1.55183,35.58116
L,-0.2595251,0.8021008,-0.03279338,-0.04274787,-0.01409113,0.02067884,-3.896307,-9.995914,11.08772,35.59573
L,-0.2602329,0.8019218,-0.03254145,-0.05561722,-0.01406531,0.01979735,-1.011278,0.00202909,-0.06926803,35.60846
L,-0.261495,0.80282,-0.03248977,-0.08580175,0.06106149,0.00351294,-2.052047,5.107376,-1.107069,35.62317
L,-0.2629105,0.8039501,-0.03259593,-0.1055955,0.08430564,-0.007919216,-1.47661,1.73401,-0.8528376,35.63657
L,-0.2642086,0.8046969,-0.03273761,-0.0921194,0.05299557,-0.01005405,0.956327,-2.221913,-0.1514979,35.65067
L,-0.2653767,0.8054587,-0.03298899,-0.08398545,0.0547775,-0.01807444,0.5848238,0.1281191,-0.576659,35.66457
L,-0.2664481,0.8062369,-0.03332535,-0.0765723,0.05561188,-0.02403867,0.5298017,0.05963155,-0.4262502,35.67857
L,-0.2664654,0.8065106,-0.03370727,-0.001229981,0.01947611,-0.02717648,5.361166,-2.571328,-0.2232789,35.69262
L,-0.2664997,0.8067876,-0.03407943,-0.002551699,0.02060868,-0.02768433,-0.09832022,0.08424985,-0.03777764,35.70606
L,-0.2665891,0.8073892,-0.03492237,-0.006201611,0.04174249,-0.0584888,-0.2532564,1.466411,-2.137429,35.72047
L,-0.2667284,0.8081545,-0.03596603,-0.01017933,0.0559112,-0.07625189,-0.2906174,1.035185,-1.297795,35.73416
L,-0.2669059,0.8090045,-0.03709999,-0.01281147,0.06135566,-0.08184465,-0.1899776,0.3929605,-0.4036639,35.74802
L,-0.2670614,0.8091021,-0.03728202,-0.01101562,0.006908784,-0.01289696,0.1272349,-3.857547,4.884925,35.76213
L,-0.2671762,0.8091899,-0.03742857,-0.008359072,0.006389679,-0.01066492,0.1933369,-0.03777903,0.162442,35.77587
L,-0.2672677,0.8093289,-0.03762126,-0.006647554,0.01009909,-0.01400019,0.1243526,0.2695118,-0.2423287,35.78963
L,-0.267386,0.8095183,-0.0378761,-0.008585094,0.01375952,-0.01850599,-0.1406965,0.2658065,-0.3271936,35.80341
L,-0.2674859,0.8093482,-0.03776057,-0.00652924,-0.01111509,0.007548643,0.1343294,-1.625307,1.70241,35.81871
L,-0.2675957,0.8091798,-0.0376499,-0.00844025,-0.01294905,0.008508122,-0.146909,-0.1409854,0.07375997,35.83172
L,-0.2677151,0.8090155,-0.0375465,-0.008931757,-0.01228953,0.007735579,-0.03677103,0.04934058,-0.05779608,35.84509
L,-0.2679859,0.8088585,-0.03726324,-0.01850125,-0.01072336,0.01934729,-0.6536181,0.1069727,0.7931057,35.85973
L,-0.2683488,0.8086711,-0.03690764,-0.02700658,-0.01394804,0.02646784,-0.6330554,-0.2400145,0.5299858,35.87316
L,-0.2683974,0.8086859,-0.03683401,-0.003290854,0.001000775,0.004984454,1.605614,1.012072,-1.454478,35.88793
L,-0.2684468,0.8087122,-0.03676931,-0.003726342,0.001987982,0.00488225,-0.03286142,0.07449351,-0.007712145,35.90118
L,-0.2684995,0.8087479,-0.03671048,-0.003873406,0.002618764,0.004322275,-0.0108049,0.04634409,-0.0411419,35.91479
L,-0.2688326,0.8083042,-0.03624994,-0.02476691,-0.0329871,0.03423923,-1.553349,-2.647153,2.224206,35.92825
L,-0.26937,0.8076057,-0.03552805,-0.03691898,-0.04798054,0.049591,-0.8347985,-1.02999,1.054605,35.9428
L,-0.2696196,0.8077902,-0.03556257,-0.01806452,0.01335157,-0.002498566,1.3646,4.438941,-3.770008,35.95662
L,-0.2698742,0.8079925,-0.03561192,-0.01811041,0.01439078,-0.003511013,-0.003265414,0.07394757,-0.07204312,35.97067
L,-0.2702171,0.8082714,-0.03568653,-0.02533558,0.0206102,-0.005512844,-0.5338315,0.4595222,-0.1479053,35.98421
L,-0.2708522,0.8088776,-0.03616507,-0.04566434,0.04358801,-0.03440682,-1.461619,1.652083,-2.07745,35.99812
L,-0.2715797,0.8095825,-0.03672691,-0.05239741,0.05075979,-0.04046242,-0.4848992,0.5164943,-0.4361098,36.012
L,-0.2720843,0.8101459,-0.03753443,-0.03667932,0.04096038,-0.0587037,1.142652,-0.7123839,-1.326079,36.02576
L,-0.2725607,0.8106856,-0.03830662,-0.03410235,0.03863155,-0.05527738,0.1844722,-0.1667087,0.2452727,36.03973
L,-0.2725909,0.8105382,-0.03860088,-0.002106718,-0.01026169,-0.02049328,2.228338,-3.405173,2.422541,36.05408
L,-0.2726146,0.8104273,-0.03882975,-0.001773129,-0.008322302,-0.01717146,0.02502817,0.1455062,0.2492263,36.06741
L,-0.2726419,0.8103177,-0.03907352,-0.00188436,-0.007549757,-0.01679015,-0.007661219,0.05321021,0.02626301,36.08193
L,-0.2729054,0.8108035,-0.03964736,-0.01948058,0.03591194,-0.04242236,-1.30083,3.212979,-1.894904,36.09546
L,-0.2732579,0.811456,-0.04041245,-0.02532852,0.04689213,-0.05497875,-0.4202311,0.7890325,-0.9022982,36.10938
L,-0.2738284,0.8115103,-0.04110244,-0.04227318,0.004023283,-0.05112407,-1.255495,-3.176317,0.2856084,36.12287
L,-0.2743862,0.8115671,-0.0417787,-0.03787848,0.003853627,-0.04592703,0.298457,-0.01152182,0.3529466,36.1376
L,-0.2749768,0.8124378,-0.0427277,-0.04161836,0.06136173,-0.06687458,-0.2635451,4.052528,-1.476149,36.15179
L,-0.2755758,0.8133265,-0.04369278,-0.04656917,0.06908455,-0.07502647,-0.3848829,0.6003835,-0.6337392,36.16465
L,-0.276141,0.8141633,-0.04460422,-0.03806687,0.05636161,-0.0613902,0.5726691,-0.8569487,0.9184648,36.1795
L,-0.2769126,0.8152772,-0.04602267,-0.0488602,0.07053518,-0.08981591,-0.6834319,0.8974676,-1.799911,36.19529
L,-0.2776347,0.8163201,-0.04734507,-0.06581135,0.0950539,-0.1205352,-1.545077,2.234852,-2.800025,36.20626
L,-0.2782678,0.816403,-0.04749916,-0.0430214,0.005637636,-0.01047008,1.548535,-6.07567,7.478721,36.22098
L,-0.2787711,0.8164865,-0.04764333,-0.03885086,0.006441402,-0.01112867,0.3219326,0.06204429,-0.05083826,36.23393
L,-0.2792532,0.8165864,-0.04780392,-0.03492952,0.007238115,-0.01163589,0.2841225,0.05772627,-0.03675045,36.24773
L,-0.2801688,0.8180486,-0.04839586,-0.065047,0.1038787,-0.042052,-2.139598,6.865517,-2.160813,36.26181
L,-0.2812086,0.8196986,-0.04909258,-0.07146574,0.1134103,-0.04788741,-0.4411727,0.6551239,-0.4010797,36.27636
L,-0.2827312,0.8204185,-0.0502113,-0.1108108,0.05238843,-0.0814169,-2.863431,-4.44101,-2.440187,36.2901
L,-0.2841136,0.8210982,-0.05124288,-0.1068999,0.05256268,-0.07977104,0.3024279,0.01347483,0.1272717,36.30303
L,-0.2853524,0.8217378,-0.05218003,-0.08318191,0.04294874,-0.06292725,1.592604,-0.6455528,1.131019,36.31792
L,-0.2866576,0.8217847,-0.05205635,-0.09525725,0.003423406,0.009026406,-0.881258,-2.884557,5.251174,36.33163
L,-0.2878807,0.8218756,-0.05199968,-0.0903169,0.006712148,0.004184364,0.3648124,0.2428518,-0.3575528,36.34517
L,-0.2915787,0.8220565,-0.05155645,-0.2685293,0.01313192,0.03218599,-12.94108,0.466179,2.033368,36.35894
L,-0.2950243,0.8222927,-0.05123163,-0.2389592,0.01638145,0.02252578,2.050694,0.2253553,-0.6699376,36.37336
L,-0.2965111,0.824254,-0.05267766,-0.1148304,0.1514898,-0.1116875,9.587393,10.43543,-10.3663,36.38631
L,-0.2979312,0.825967,-0.05394021,-0.09260727,0.1117032,-0.08233102,1.449169,-2.59448,1.914335,36.40164
L,-0.2992975,0.8274754,-0.05505285,-0.1061518,0.1171921,-0.08644662,-1.052348,0.4264643,-0.3197626,36.41451
L,-0.3021708,0.8277587,-0.05567636,-0.2077336,0.02048142,-0.04507728,-7.343924,-6.991763,2.990823,36.42834
L,-0.3048348,0.8281177,-0.05630148,-0.1881314,0.02535274,-0.04414605,1.384325,0.3440161,0.06576406,36.4425
L,-0.3079267,0.8291699,-0.05682744,-0.2188196,0.07446764,-0.03722406,-2.171903,3.476019,0.4898911,36.45663
L,-0.3107013,0.8301508,-0.05735514,-0.2098556,0.07419395,-0.03991171,0.6779778,-0.02069941,-0.2032749,36.46986
L,-0.313182,0.8310513,-0.05787037,-0.1770982,0.06428292,-0.03678173,2.338545,-0.7075488,0.2234493,36.48386
L,-0.3154773,0.8296955,-0.05877173,-0.1594317,-0.09417643,-0.06260893,1.227125,-11.00667,-1.793971,36.49826
L,-0.3177267,0.8286643,-0.0596283,-0.1654479,-0.07584526,-0.0630039,-0.4425078,1.348319,-0.02905082,36.51186
L,-0.321007,0.8270548,-0.05919147,-0.2357199,-0.1156584,0.03139027,-5.049725,-2.860959,6.783132,36.52577
L,-0.3240734,0.8258027,-0.05893301,-0.2099946,-0.08574566,0.01769956,1.761686,2.048445,-0.9375492,36.54037
L,-0.3277895,0.8236422,-0.05747679,-0.2762714,-0.1606238,0.1082647,-4.927412,-5.566887,6.733153,36.55383
L,-0.3311077,0.8219759,-0.05641584,-0.2481081,-0.12459,0.07932662,2.105767,2.694249,-2.1637,36.5672
L,-0.3340394,0.8206967,-0.05566227,-0.2087245,-0.09107228,0.05365126,2.803965,2.38633,-1.827985,36.58125
L,-0.3333597,0.8224095,-0.05917203,0.04807871,0.1211549,-0.2482627,18.16498,15.01189,-21.35589,36.59538
L,-0.3329377,0.8245884,-0.06378351,0.02881063,0.1487467,-0.3148104,-1.315368,1.883604,-4.542992,36.61003
L,-0.331321,0.8275042,-0.06780395,0.1182491,0.2132699,-0.2940663,6.541783,4.719409,1.517286,36.6237
L,-0.3305156,0.8296738,-0.07092223,0.0613068,0.1651423,-0.2373512,-4.334226,-3.66329,4.316934,36.63684
L,-0.3302486,0.8312666,-0.07332919,0.01673654,0.09984382,-0.1508777,-2.793838,-4.093161,5.420492,36.65279
L,-0.3292859,0.8326627,-0.07473719,0.06944612,0.1007069,-0.1015684,3.802284,0.06225707,3.557002,36.66666
L,-0.3287309,0.8338103,-0.07601224,0.04701893,0.09722952,-0.1080304,-1.900179,-0.2946239,-0.5475025,36.67846
L,-0.3265048,0.8364601,-0.07930806,0.1566169,0.1864307,-0.2318788,7.710804,6.275777,-8.713397,36.69267
L,-0.3251031,0.8385575,-0.08036002,0.1075053,0.160858,-0.08067983,-3.766623,-1.961302,11.59623,36.70571
L,-0.3241456,0.8402777,-0.08138224,0.06419837,0.1153333,-0.06853471,-2.903492,-3.052179,0.8142638,36.72063
L,-0.3234504,0.84178,-0.08239531,0.05312955,0.1148141,-0.07742517,-0.8459542,-0.03967634,-0.67947,36.73371
L,-0.3229138,0.8431665,-0.08342025,0.0379374,0.09801864,-0.07245999,-1.074038,-1.187389,0.3510231,36.74786
L,-0.3218217,0.844641,-0.08268688,0.07642318,0.1031851,0.05132089,2.693224,0.361545,8.66215,36.76215
L,-0.3176786,0.8527273,-0.07800896,0.2746783,0.5361106,0.3101389,13.144,28.70228,17.15923,36.77723
L,-0.3146027,0.8590455,-0.07478663,0.2477984,0.5089985,0.2595922,-2.165462,-2.184163,-4.072068,36.78964
L,-0.3122371,0.8641354,-0.07253223,0.1739991,0.3743775,0.1658189,-5.428182,-9.901824,-6.897336,36.80324
L,-0.3103083,0.8684784,-0.07087414,0.1346138,0.303115,0.1157237,-2.748835,-4.973649,-3.496313,36.81757
L,-0.3058225,0.8802465,-0.05661277,0.2746216,0.7204431,0.8730806,8.571278,25.54882,46.36538,36.8339
L,-0.3022613,0.8896931,-0.04591576,0.3199323,0.8486549,0.9609864,4.070572,11.51815,7.897179,36.84503
L,-0.2920281,0.9047626,-0.02747283,0.7250169,1.067665,1.306677,28.70013,15.51679,24.49206,36.85915
L,-0.2811984,0.9247382,2.234307E-05,0.8097413,1.493582,2.055817,6.334855,31.84592,56.0133,36.87252
L,-0.2725957,0.9410114,0.02176988,0.6446898,1.219527,1.629785,-12.36914,-20.538,-31.92731,36.88586
L,-0.2654353,0.9547487,0.03946315,0.4898389,0.939759,1.210382,-10.59323,-19.13872,-28.69102,36.90048
L,-0.2575222,0.9671302,0.07212085,0.5416102,0.8474503,2.235253,3.543487,-6.31806,70.14722,36.91509
L,-0.2505736,0.9784759,0.09928466,0.5360621,0.8752851,2.095595,-0.4280183,2.147362,-10.77413,36.92805
L,-0.2442548,0.9891782,0.1223344,0.4318127,0.731369,1.575169,-7.124179,-9.834919,-35.56478,36.94269
L,-0.225557,0.9980276,0.149744,1.348792,0.6383634,1.977235,66.1477,-6.709097,29.0036,36.95655
L,-0.2102454,1.006989,0.1739355,0.6476024,0.3790285,1.023175,-29.65678,-10.96855,-40.35188,36.98019
L,-0.1940723,1.00697,0.2070085,0.7453734,-0.0008900316,1.524242,4.505989,-17.50938,23.09278,37.00189
L,-0.176651,0.9965293,0.2453892,1.657072,-0.9930719,3.650678,86.71856,-94.37392,202.2614,37.01241
L,-0.1707384,0.9889999,0.2610955,0.4722635,-0.6014006,1.254512,-94.63451,31.28406,-191.3896,37.02493
L,-0.164674,0.9850479,0.2758535,0.3770736,-0.2457268,0.9176334,-5.918753,22.11522,-20.94657,37.04101
L,-0.1690061,0.9647453,0.2740428,-0.3520263,-1.649789,-0.1471443,-59.24648,-114.0938,-86.52357,37.05331
L,-0.170125,0.9512761,0.2772743,-0.08031772,-0.9668289,0.2319662,19.5035,49.02351,27.21291,37.06725
L,-0.1691867,0.9416616,0.2838719,0.06940868,-0.7111712,0.4880101,11.07502,18.9106,18.93916,37.08076
L,-0.187459,0.9400244,0.2519298,-1.175746,-0.1053441,-2.055334,-80.12022,38.98231,-163.653,37.09631
L,-0.1934382,0.9463294,0.2229234,-0.4715399,0.497236,-2.287563,55.53651,47.52189,-18.31453,37.10899
L,-0.1971138,0.950559,0.2046444,-0.2824017,0.324956,-1.404374,14.53149,-13.23627,67.85546,37.122
L,-0.1991529,0.9534047,0.1926663,-0.1435327,0.2003222,-0.8431783,9.775426,-8.773362,39.50428,37.13621
L,-0.2001751,0.955388,0.1845988,-0.07451965,0.1445791,-0.5881068,5.030964,-4.06361,18.5944,37.14993
L,-0.2051571,0.9565309,0.1795859,-0.3525907,0.08088384,-0.354778,-19.67999,-4.507915,16.51343,37.16405
L,-0.2075832,0.9629818,0.1738259,-0.1615844,0.4296438,-0.3836263,12.72133,23.22798,-1.921345,37.17907
L,-0.2091937,0.967889,0.1695324,-0.1286325,0.3919485,-0.3429371,2.631974,-3.010848,3.249981,37.19159
L,-0.2102948,0.9717495,0.166137,-0.08126803,0.2849143,-0.2505873,3.495583,-7.899317,6.815584,37.20514
L,-0.2110544,0.9748644,0.1633963,-0.046764,0.1917714,-0.1687284,2.124243,-5.73435,5.039648,37.22138
L,-0.212951,0.9499362,0.1781562,-0.1627975,-2.139745,1.266928,-9.959885,-200.1287,123.2314,37.23303
L,-0.2166713,0.9311513,0.171974,-0.2715072,-1.370924,-0.4511719,-7.933629,56.10851,-125.3869,37.24673
L,-0.2194557,0.9177423,0.1670714,-0.1664209,-0.8014314,-0.2930249,6.280838,34.03764,9.452187,37.26347
L,-0.2216634,0.9073273,0.1631294,-0.1634821,-0.7712526,-0.2919127,0.2176223,2.234799,0.08235567,37.27697
L,-0.2271624,0.9060319,0.1306154,-0.4650076,-0.1095413,-2.749468,-25.49777,55.95601,-207.8172,37.2888
L,-0.2314209,0.9039584,0.1085565,-0.3153491,-0.1535443,-1.633505,11.0825,-3.258508,82.6393,37.3023
L,-0.2418474,0.9058074,0.07309262,-0.7459722,0.1322837,-2.537291,-30.8093,20.44981,-64.66212,37.31628
L,-0.2498174,0.9062148,0.04775186,-0.5110804,0.0261283,-1.624982,15.06249,-6.80724,58.50199,37.33187
L,-0.2563553,0.9056901,0.02626657,-0.5472093,-0.04391663,-1.798288,-3.023932,-5.862663,-14.50547,37.34382
L,-0.2679471,0.9028741,0.003879718,-0.8129284,-0.1974861,-1.569978,-18.63475,-10.76975,16.01126,37.35808
L,-0.2771888,0.9001727,-0.01536661,-0.6590468,-0.1926432,-1.3725,10.97365,0.345362,14.08262,37.3721
L,-0.2896435,0.8957746,-0.0307225,-0.9191784,-0.3245883,-1.133292,-19.19818,-9.737786,17.65401,37.38565
L,-0.2999148,0.8919123,-0.04585236,-0.7119456,-0.2677072,-1.048705,14.36405,3.942629,5.863002,37.40008
L,-0.3076518,0.8923233,-0.07245265,-0.5559746,0.02953245,-1.911487,11.20802,21.35954,-61.99924,37.41399
L,-0.314968,0.8918961,-0.09494672,-0.4902603,-0.02862986,-1.507333,4.403528,-3.897469,27.0825,37.42892
L,-0.3228208,0.8873466,-0.1072102,-0.5521895,-0.3199059,-0.8623361,-4.354712,-20.48183,45.35461,37.44314
L,-0.3302845,0.8834031,-0.1209588,-0.587561,-0.3104448,-1.082317,-2.784511,0.7447963,-17.31736,37.45584
L,-0.3375072,0.8798438,-0.135288,-0.4560133,-0.2247185,-0.9047019,8.305502,5.412486,11.21408,37.47168
L,-0.3454278,0.8759025,-0.1455211,-0.6789901,-0.3378689,-0.8772214,-19.11446,-9.699704,2.355737,37.48335
L,-0.3530394,0.8722734,-0.1573559,-0.4943826,-0.2357145,-0.7686873,11.99052,6.635074,7.049446,37.49874
L,-0.3553166,0.8721274,-0.1622787,-0.187726,-0.01203813,-0.405809,25.2793,18.43881,29.91395,37.51087
L,-0.3588598,0.8712392,-0.1699162,-0.2246784,-0.05631652,-0.4843117,-2.34321,-2.807768,-4.977989,37.52664
L,-0.3631675,0.8698778,-0.1791193,-0.3157792,-0.099806,-0.6746441,-6.678286,-3.188061,-13.9526,37.54028
L,-0.3628765,0.867639,-0.1771668,0.02422669,-0.1864279,0.1625933,28.31338,-7.213282,69.71943,37.55229
L,-0.3638402,0.8656397,-0.1783132,-0.067837,-0.1407383,-0.08070119,-6.480651,3.216235,-17.12626,37.5665
L,-0.3631695,0.8659831,-0.1776364,0.0477815,0.02446501,0.04821565,8.236059,11.76822,9.183363,37.58054
L,-0.3615135,0.8668889,-0.176636,0.1203186,0.06580862,0.07268354,5.270276,3.003874,1.777747,37.5943
L,-0.3573835,0.8681708,-0.1653643,0.3000667,0.09313938,0.8189624,13.05984,1.985753,54.22188,37.60806
L,-0.3553243,0.8686454,-0.158947,0.1310225,0.03019948,0.4083093,-10.75581,-4.004688,-26.1287,37.62378
L,-0.3500712,0.8713164,-0.149061,0.4366108,0.2219949,0.8216724,25.3989,15.94103,34.35658,37.63581
L,-0.3532603,0.8686422,-0.1412322,-0.2260703,-0.1895662,0.5549716,-46.97616,-29.17476,-18.9059,37.64992
L,-0.3560081,0.8664746,-0.1361444,-0.1995304,-0.1574056,0.3694523,1.927221,2.335369,-13.47169,37.66369
L,-0.3591482,0.8678546,-0.1312952,-0.2198643,0.09662543,0.3395287,-1.423721,17.78652,-2.095165,37.67797
L,-0.361688,0.8685652,-0.1281675,-0.152283,0.04260779,0.1875375,4.052156,-3.238884,-9.113349,37.69465
L,-0.3603838,0.8704713,-0.1285476,0.1050009,0.1534619,-0.03059976,20.7142,8.92498,-17.56246,37.70707
L,-0.3594424,0.8721051,-0.128899,0.07415537,0.1286903,-0.02768296,-2.429676,-1.95124,0.2297536,37.71976
L,-0.3587494,0.8736296,-0.129222,0.05020902,0.1104633,-0.02340295,-1.735044,-1.320644,0.3101105,37.73357
L,-0.3553627,0.8769775,-0.1308081,0.2112815,0.2088589,-0.09894935,10.04859,6.13846,-4.713002,37.7496
L,-0.3526949,0.8798327,-0.1321501,0.2136077,0.2286099,-0.1074493,0.1862568,1.581431,-0.6805788,37.76208
L,-0.3519237,0.8793346,-0.130572,0.05720103,-0.03694468,0.1170593,-11.60189,-19.69823,16.65353,37.77557
L,-0.3518701,0.8793021,-0.1304497,0.00363546,-0.002202697,0.008293455,-3.63215,2.355769,-7.375144,37.79031
L,-0.3516251,0.8791621,-0.1298685,0.0201439,-0.0115129,0.04778662,1.357462,-0.7655627,3.247458,37.80247
L,-0.350557,0.8777867,-0.1277351,0.07571872,-0.09750203,0.1512367,3.93959,-6.095602,7.333376,37.81658
L,-0.3494972,0.876443,-0.1255632,0.07448475,-0.094437,0.152638,-0.08672294,0.2154103,0.09848358,37.83081
L,-0.3477249,0.8742559,-0.1216803,0.1418126,-0.1750086,0.3107055,5.387544,-6.447301,12.64848,37.84331
L,-0.3463043,0.8725287,-0.1185065,0.09743958,-0.118463,0.2176901,-3.043465,3.878357,-6.37975,37.85789
L,-0.3452129,0.8712171,-0.1160239,0.07964966,-0.09572052,0.1811785,-1.298308,1.659746,-2.664621,37.87159
L,-0.3431698,0.8703579,-0.1147666,0.1440501,-0.06058365,0.08864918,4.540661,2.477386,-6.523935,37.88577
L,-0.3414891,0.8696095,-0.113602,0.1168704,-0.05203912,0.08097594,-1.889914,0.5941367,-0.5335528,37.90015
L,-0.337021,0.8657877,-0.1113878,0.3316198,-0.2836477,0.1643395,15.93864,-17.18992,6.187222,37.91363
L,-0.333267,0.8626181,-0.1093476,0.2904645,-0.2452452,0.1578549,-3.184362,2.971368,-0.5017421,37.92655
L,-0.3303199,0.8601389,-0.1075963,0.2056834,-0.1730356,0.1222294,-5.917162,5.039749,-2.486424,37.94088
L,-0.3295754,0.8585071,-0.1076047,0.05338186,-0.1170037,-0.0006004684,-10.92039,4.017623,-8.8072,37.95483
L,-0.328811,0.857124,-0.107409,0.05560011,-0.1006044,0.01423223,0.1613493,1.19284,1.078886,37.96857
L,-0.3279774,0.8540095,-0.1051558,0.05751234,-0.214852,0.15544,0.1319151,-7.881402,9.741253,37.98307
L,-0.3269492,0.8509716,-0.1028979,0.07562386,-0.2234454,0.166077,1.332163,-0.6320738,0.7823887,37.99667
L,-0.3178051,0.8538932,-0.09974108,0.6629088,0.2117974,0.2288554,42.57556,31.55317,4.551154,38.01046
L,-0.3106261,0.8556854,-0.09708039,0.489067,0.1220926,0.1812584,-11.84293,-6.111113,-3.24253,38.02514
L,-0.3048072,0.8567306,-0.09474225,0.4160913,0.07474086,0.167193,-5.21826,-3.385975,-1.005771,38.03912
L,-0.2943977,0.8569529,-0.09305572,0.7717142,0.01648225,0.1250326,26.36437,-4.319046,-3.125597,38.05261
L,-0.2858699,0.8569833,-0.09137516,0.580354,0.002068731,0.1143683,-13.02283,-0.980898,-0.7257441,38.06731
L,-0.2859384,0.8515795,-0.08438438,-0.005271719,-0.4154142,0.5374169,-45.02002,-32.09403,32.52189,38.08031
L,-0.2849469,0.8475306,-0.07873952,0.04819012,-0.1967753,0.2743359,2.598202,10.62567,-12.78553,38.10089
L,-0.2831987,0.8443338,-0.07400169,0.2557373,-0.4676514,0.693076,30.36119,-39.62529,61.2557,38.10773
L,-0.2710239,0.8476496,-0.07878718,0.7742677,0.2108731,-0.3043392,32.97662,43.15165,-63.43193,38.12345
L,-0.2610519,0.8496955,-0.08149216,0.792152,0.1625237,-0.2148769,1.420687,-3.840758,7.106671,38.13604
L,-0.2546508,0.8467184,-0.08019205,0.4479507,-0.2083347,0.0909809,-24.0871,-25.95256,21.40384,38.15033
L,-0.2487445,0.8443329,-0.07877545,0.4184555,-0.1690118,0.1003658,-2.089732,2.786017,0.6649187,38.16444
L,-0.246122,0.8414212,-0.07880612,0.1953092,-0.2168457,-0.002284379,-16.61831,-3.562319,-7.64464,38.17787
L,-0.2431799,0.8391466,-0.07846549,0.2154319,-0.1665546,0.02494271,1.473476,3.682542,1.993693,38.19153
L,-0.2398421,0.8371076,-0.07787822,0.2423747,-0.1480653,0.04264521,1.956483,1.342626,1.285486,38.2053
L,-0.2345303,0.8328266,-0.07728562,0.3831801,-0.3088152,0.04274839,10.15721,-11.59593,0.007442997,38.21916
L,-0.2294319,0.8292996,-0.07652378,0.3623936,-0.2507033,0.05415156,-1.477507,4.130607,0.81054,38.23323
L,-0.2227111,0.8297111,-0.0783839,0.4893967,0.02996962,-0.1354498,9.248079,20.43798,-13.80635,38.24696
L,-0.2165514,0.829511,-0.07946034,0.4161636,-0.01351885,-0.07272723,-4.947837,-2.938206,4.237716,38.26176
L,-0.2107719,0.8289141,-0.08003639,0.4321342,-0.04463331,-0.04307181,1.194123,-2.326432,2.217339,38.27514
L,-0.2100277,0.8300464,-0.08558309,0.05208055,0.07923869,-0.3881562,-26.59605,8.668527,-24.14891,38.28943
L,-0.2082899,0.8306075,-0.08980495,0.1312048,0.04236571,-0.3187605,5.974061,-2.783995,5.239542,38.30267
L,-0.209121,0.8298367,-0.09059939,-0.05682606,-0.05270279,-0.05431817,-12.85633,-6.500166,18.08084,38.3173
L,-0.2092275,0.8291743,-0.09120762,-0.007904347,-0.04919441,-0.04516864,3.633012,0.2605388,0.6794598,38.33076
L,-0.2089003,0.828463,-0.09181949,0.02405203,-0.05228635,-0.04497939,2.349179,-0.2272951,0.01391259,38.34437
L,-0.2083052,0.8288293,-0.09230912,0.03975336,0.02446881,-0.03271037,1.048932,5.127652,0.8196356,38.35934
L,-0.2071934,0.8292013,-0.09298293,0.07809674,0.02612959,-0.04732927,2.693324,0.1166566,-1.026864,38.37357
L,-0.2064167,0.8290135,-0.09332403,0.0618122,-0.01494668,-0.02714571,-1.295961,-3.268943,1.606253,38.38614
L,-0.205283,0.8287253,-0.09373968,0.07903923,-0.02009225,-0.02897897,1.201054,-0.3587448,-0.1278136,38.40048
L,-0.2029594,0.8251776,-0.09061278,0.1704301,-0.260217,0.2293501,6.703293,-17.61255,18.9478,38.41412
L,-0.2000464,0.8213608,-0.08742754,0.2096719,-0.2747246,0.2292675,2.824546,-1.044226,-0.005946252,38.42801
L,-0.1972381,0.8181603,-0.08492365,0.2046102,-0.2331808,0.1824294,-0.3687856,3.02681,-3.412544,38.44173
L,-0.1955053,0.8130918,-0.08367997,0.1154071,-0.3375731,0.08283116,-5.941074,-6.952696,-6.633403,38.45675
L,-0.1937007,0.8090843,-0.08264383,0.1324363,-0.2941017,0.07604065,1.249752,3.190302,-0.498346,38.47038
L,-0.1932194,0.8083726,-0.08346365,0.03479644,-0.05145563,-0.05926975,-7.058938,17.54225,-9.782352,38.48421
L,-0.1926091,0.8076208,-0.08396519,0.04579055,-0.05640026,-0.03762868,0.8248546,-0.37098,1.623662,38.49754
L,-0.1917986,0.8067005,-0.08435144,0.05521436,-0.06269897,-0.02631338,0.6419942,-0.429098,0.7708516,38.51221
L,-0.1916901,0.8068668,-0.08421071,0.008374972,0.01283679,0.01086354,-3.615625,5.830756,2.869761,38.52517
L,-0.1915151,0.8069838,-0.08404496,0.01260566,0.008435267,0.0119437,0.3048511,-0.3171616,0.07783321,38.53905
L,-0.1915133,0.8072601,-0.08398613,0.0001254488,0.01890911,0.004026089,-0.8542066,0.716881,-0.54192,38.55366
L,-0.1914549,0.8075167,-0.08390976,0.004182827,0.01838863,0.005473342,0.2907647,-0.03729865,0.1037147,38.56761
L,-0.1914334,0.8074859,-0.0837644,0.001578195,-0.002253941,0.01063156,-0.1905103,-1.509857,0.3772869,38.58128
L,-0.1913689,0.8074046,-0.08360405,0.004732993,-0.005966546,0.01176851,0.2315261,-0.2724628,0.08343889,38.59491
L,-0.1912633,0.8072777,-0.08343001,0.007820224,-0.009397069,0.01288731,0.2286156,-0.2540371,0.08284988,38.60841
L,-0.1909865,0.8072684,-0.08364762,0.01967212,-0.0006609273,-0.01546771,0.8424358,0.6209673,-2.015483,38.62248
L,-0.1911443,0.8075027,-0.08372071,-0.01115906,0.01657785,-0.005170037,-2.180844,1.219385,0.7284063,38.63662
L,-0.1905816,0.8074655,-0.08409377,0.04099174,-0.002714182,-0.02718036,3.799616,-1.405584,-1.603634,38.65034
L,-0.1894693,0.8073262,-0.0847801,0.08190616,-0.0102572,-0.05053876,3.012773,-0.5554373,-1.720018,38.66393
L,-0.188147,0.8070967,-0.08554475,0.09358864,-0.01624511,-0.05411643,0.8268067,-0.4237835,-0.2532036,38.67805
L,-0.1866591,0.8082245,-0.08662227,0.09583174,0.07264281,-0.06940168,0.1444751,5.725168,-0.9845053,38.69358
L,-0.1852004,0.8092115,-0.08762091,0.1093192,0.07396638,-0.07483964,1.010763,0.09918949,-0.407527,38.70692
L,-0.1846313,0.8096622,-0.08781818,0.04309174,0.03412948,-0.01493729,-5.014767,-3.016466,4.53583,38.72013
L,-0.1841585,0.8099743,-0.08797225,0.03455822,0.02281442,-0.01126288,-0.6238176,-0.8271543,0.2686071,38.73381
L,-0.1833704,0.8096823,-0.08780809,0.05823263,-0.02157466,0.01212941,1.749184,-3.279687,1.728339,38.74734
L,-0.1824038,0.80932,-0.08762459,0.06312379,-0.02366327,0.01198393,0.3194291,-0.1364022,-0.009500804,38.76266
L,-0.1813168,0.8089131,-0.08743749,0.0853676,-0.03195214,0.01469349,1.746878,-0.6509519,0.2127903,38.77539
L,-0.1807916,0.8087897,-0.08679681,0.03526231,-0.008284772,0.04301978,-3.364447,1.589206,1.902041,38.79028
L,-0.1802471,0.8086562,-0.08618598,0.04430842,-0.01086767,0.04969739,0.7359968,-0.2101461,0.5432949,38.80257
L,-0.1781972,0.8077166,-0.08542486,0.1304913,-0.05980983,0.04845154,5.486239,-3.115565,-0.07930859,38.81828
L,-0.1760632,0.8067478,-0.08466537,0.1670902,-0.07585686,0.05946764,2.865643,-1.256461,0.8625462,38.83105
L,-0.1741141,0.8058689,-0.08399577,0.1465684,-0.06609473,0.05035264,-1.543219,0.7341027,-0.6854399,38.84435
L,-0.1721131,0.8037395,-0.08260484,0.1412329,-0.1502928,0.09817582,-0.3765934,-5.942924,3.375488,38.85852
L,-0.1702876,0.8018964,-0.0814054,0.1225806,-0.1237633,0.08053939,-1.252457,1.781393,-1.184243,38.87341
L,-0.1678436,0.8000385,-0.08026491,0.1834729,-0.139475,0.08561645,4.571179,-1.17948,0.3811346,38.88673
L,-0.1656994,0.7984422,-0.07928817,0.157447,-0.1172138,0.07172181,-1.911073,1.634639,-1.020279,38.90035
L,-0.1625533,0.7957206,-0.07816701,0.2292213,-0.1982916,0.08168546,5.229348,-5.907188,0.7259339,38.91408
L,-0.1597956,0.7933983,-0.07717899,0.2019302,-0.1700463,0.07234746,-1.99838,2.068251,-0.6837711,38.92773
L,-0.1574167,0.7914331,-0.07631987,0.166919,-0.137894,0.06028235,-2.456633,2.256031,-0.8465733,38.94199
L,-0.1562632,0.7908291,-0.07693745,0.07005998,-0.03668762,-0.03751077,-5.882995,6.147044,-5.939731,38.95845
L,-0.155161,0.7902014,-0.0773402,0.08729465,-0.04970733,-0.03189671,1.364944,-1.03113,0.4446198,38.97108
L,-0.1542727,0.7903869,-0.07744591,0.07200231,0.01503556,-0.008568626,-1.239578,5.247977,1.890946,38.98341
L,-0.1532798,0.7904551,-0.07749756,0.06078315,0.004174451,-0.003162311,-0.6868368,-0.6649169,0.3309745,38.99975
L,-0.1521151,0.790416,-0.07750612,0.1005666,-0.003376153,-0.0007391768,3.435113,-0.6519583,0.209226,39.01133
L,-0.1518053,0.7907749,-0.07774504,0.02286784,0.02649036,-0.01763256,-5.734312,2.204202,-1.246762,39.02488
L,-0.1514406,0.7910503,-0.07794231,0.02466601,0.01862423,-0.01334182,0.1216153,-0.532007,0.2901942,39.03967
L,-0.1512341,0.7927973,-0.07801468,0.01506712,0.1274969,-0.005281376,-0.7005268,7.945521,0.5882507,39.05337
L,-0.1508552,0.794749,-0.0780618,0.02912505,0.1500367,-0.003622732,1.080704,1.732748,0.1275084,39.06638
L,-0.1503714,0.7964896,-0.07807294,0.03364659,0.1210295,-0.0007745151,0.3144023,-2.01699,0.1980485,39.08076
L,-0.1505987,0.7993055,-0.07878647,-0.01621051,0.2008085,-0.05088326,-3.555425,5.689219,-3.57337,39.09478
L,-0.1506565,0.8017088,-0.07936713,-0.003840948,0.1595745,-0.03855542,0.8213291,-2.737903,0.8185588,39.10984
L,-0.1521203,0.8017176,-0.07871525,-0.1198409,0.0007270846,0.05336874,-9.496778,-13.00465,7.525723,39.12206
L,-0.1535334,0.8017449,-0.07804061,-0.08453617,0.001633101,0.04035909,2.11203,0.05420056,-0.7782755,39.13877
L,-0.1577894,0.8027463,-0.07668792,-0.3118177,0.07336501,0.09910554,-16.6519,5.255475,4.304089,39.15242
L,-0.1614089,0.8036863,-0.07548799,-0.321634,0.08352754,0.1066287,-0.8723014,0.9030668,0.6685269,39.16367
L,-0.1641595,0.804471,-0.07453649,-0.1903493,0.05430801,0.06584682,9.085403,-2.022103,-2.822262,39.17812
L,-0.1681013,0.8071164,-0.07464282,-0.2868762,0.1925276,-0.007738214,-7.024975,10.05925,-5.355323,39.19186
L,-0.1712714,0.8092623,-0.074645,-0.2244764,0.1519491,-0.0001540552,4.418619,-2.87342,0.5370453,39.20599
L,-0.1740604,0.8072177,-0.07415542,-0.2030903,-0.1488802,0.03564996,1.557292,-21.90573,2.607168,39.21972
L,-0.1765675,0.8056695,-0.07369336,-0.1789833,-0.1105239,0.03298664,1.720999,2.738257,-0.1901337,39.23373
L,-0.1788362,0.8045171,-0.07326119,-0.1624049,-0.0824942,0.03093639,1.186765,2.006504,-0.1467673,39.2477
L,-0.1802291,0.8056689,-0.07371126,-0.1010372,0.0835423,-0.03264594,4.451345,12.04357,-4.611989,39.26148
L,-0.1816864,0.8067262,-0.07406424,-0.1014401,0.07359433,-0.02457017,-0.02804544,-0.692459,0.5621388,39.27585
L,-0.1832199,0.8090685,-0.07572872,-0.09521091,0.1454361,-0.1033477,0.3867706,4.460656,-4.891297,39.29195
L,-0.1848937,0.8112708,-0.07721056,-0.1345106,0.1769812,-0.1190849,-3.158237,2.535053,-1.264692,39.3044
L,-0.1857025,0.8135235,-0.07891954,-0.06322209,0.1760678,-0.1335713,5.571808,-0.0713898,-1.132231,39.31719
L,-0.1866051,0.8154397,-0.08030427,-0.05953542,0.1264037,-0.09134325,0.2431904,-3.276081,2.785562,39.33235
L,-0.1875581,0.8170961,-0.08144713,-0.06905144,0.1200162,-0.082807,-0.6894885,-0.4628037,0.6184982,39.34615
L,-0.187455,0.8192948,-0.08369159,0.007226563,0.1541068,-0.1573185,5.346477,2.389473,-5.222657,39.36042
L,-0.1875973,0.8213133,-0.0856498,-0.0119273,0.1691626,-0.1641093,-1.605201,1.261762,-0.5691124,39.37235
L,-0.1868512,0.8216408,-0.08615416,0.05364183,0.02354892,-0.03626299,4.714359,-10.46949,9.192033,39.38626
L,-0.1863994,0.8219737,-0.08658323,0.03277726,0.02414655,-0.031123,-1.513426,0.04334908,0.3728326,39.40005
L,-0.1860848,0.8223519,-0.08701307,0.02221469,0.02671235,-0.03035499,-0.7459362,0.1811989,0.05423697,39.41421
L,-0.1849871,0.8225228,-0.08712564,0.0810162,0.01261173,-0.008307929,4.339657,-1.040651,1.627113,39.42776
L,-0.1838651,0.8227997,-0.0873079,0.06699352,0.01653616,-0.01088367,-0.8373488,0.2343429,-0.1538073,39.4445
L,-0.1803101,0.8246983,-0.08782686,0.312101,0.1666789,-0.04556027,21.51824,13.18118,-3.044295,39.45589
L,-0.1771909,0.8265553,-0.08838944,0.2065871,0.1229867,-0.03726038,-6.988335,-2.893797,0.5497139,39.47099
L,-0.1743596,0.8286858,-0.08725741,0.2297915,0.1729102,0.09187488,1.883247,4.051751,10.4805,39.48331
L,-0.1721409,0.8305033,-0.08646324,0.1446809,0.1185207,0.05178745,-5.550059,-3.546739,-2.6141,39.49865
L,-0.170372,0.8320675,-0.0859149,0.1372692,0.1213921,0.04255303,-0.5751728,0.2228314,-0.7166217,39.51154
L,-0.1664217,0.8335842,-0.08107192,0.2846495,0.1092891,0.3489716,10.61981,-0.8721073,22.07965,39.52541
L,-0.1630983,0.8350551,-0.07723193,0.2324438,0.1028757,0.2685781,-3.65139,-0.4485684,-5.622907,39.53971
L,-0.1555048,0.8387051,-0.07024802,0.5604182,0.2693729,0.5154248,24.2051,12.28779,18.21773,39.55326
L,-0.1495625,0.8416974,-0.06491543,0.431984,0.2175324,0.3876617,-9.33673,-3.768627,-9.287947,39.56702
L,-0.1447348,0.8442525,-0.06068221,0.3411157,0.1805425,0.2991135,-6.420645,-2.613664,-6.256711,39.58117
L,-0.1383025,0.8457646,-0.05164794,0.4681264,0.1100474,0.6574904,9.243508,-5.130445,26.08172,39.59491
L,-0.1328988,0.8473162,-0.0444563,0.3340949,0.09592792,0.4446335,-8.286688,-0.8729552,-13.16018,39.61108
L,-0.1287052,0.8539587,-0.04264003,0.3465725,0.5489537,0.1501025,1.031188,37.43947,-24.34097,39.62318
L,-0.1248012,0.8592982,-0.04053007,0.2956085,0.4043093,0.1597664,-3.859021,-10.95253,0.7317584,39.63639
L,-0.1210683,0.863757,-0.03817988,0.2616482,0.3125251,0.1647296,-2.380339,-6.433337,0.3478819,39.65066
L,-0.116507,0.8667431,-0.03391412,0.3288539,0.215295,0.3075482,4.845316,-7.009979,10.29676,39.66453
L,-0.1122574,0.869638,-0.03002444,0.266257,0.1813755,0.2437035,-3.92194,-2.12519,-4.000122,39.68049
L,-0.1102922,0.8743429,-0.03231844,0.1679121,0.4020076,-0.1960096,-8.403044,18.85182,-37.5711,39.69219
L,-0.1079661,0.878507,-0.03325025,0.1736274,0.3108138,-0.06955255,0.426601,-6.806921,9.439053,39.70559
L,-0.1046133,0.880632,-0.03432877,0.2007547,0.1272449,-0.0645796,1.624322,-10.99166,0.2977681,39.72229
L,-0.1012481,0.8829541,-0.03463548,0.2761941,0.1905771,-0.02517232,6.191603,5.197917,3.234309,39.73447
L,-0.09783357,0.8854674,-0.03442731,0.2673553,0.1967919,0.01629909,-0.6920713,0.4866163,3.247157,39.74725
L,-0.09601948,0.8864898,-0.03475379,0.1246212,0.0702347,-0.02242767,-9.805259,-8.693977,-2.660374,39.7618
L,-0.09396477,0.8878273,-0.03472961,0.1411501,0.09187876,0.001661129,1.135468,1.486861,1.654804,39.77636
L,-0.08662572,0.8894837,-0.03498051,0.5413305,0.1221819,-0.01850633,29.51741,2.235165,-1.487557,39.78992
L,-0.08017664,0.8914164,-0.03484488,0.4711784,0.1411998,0.009908789,-5.125409,1.389477,2.076046,39.8036
L,-0.07456243,0.8934751,-0.03445772,0.4001442,0.146734,0.02759439,-5.062852,0.3944367,1.260515,39.81763
L,-0.07469781,0.8928077,-0.03395704,-0.008413996,-0.04148145,0.03111664,-25.39144,-11.69738,0.2189037,39.83372
L,-0.0744416,0.8926404,-0.03359207,0.02292356,-0.01496907,0.03265352,2.803738,2.372035,0.1375027,39.8449
L,-0.07447803,0.8924111,-0.0332043,-0.002291454,-0.01441789,0.02438852,-1.585884,0.03466633,-0.5198221,39.8608
L,-0.07426932,0.8922611,-0.03263847,0.01555172,-0.01117911,0.04216318,1.329585,0.2413373,1.32448,39.87422
L,-0.0759464,0.8922825,-0.03189014,-0.1290008,0.001645943,0.05756131,-11.11901,0.9865059,1.184427,39.88722
L,-0.07774243,0.8925409,-0.03082996,-0.1315135,0.01892458,0.07763167,-0.1839909,1.265221,1.469644,39.90088
L,-0.07903077,0.8929861,-0.0297756,-0.09806401,0.03388139,0.08025336,2.546047,1.138455,0.1995528,39.91402
L,-0.08249988,0.8909032,-0.02857475,-0.2464516,-0.1479675,0.08531054,-10.54171,-12.91886,0.3592707,39.92809
L,-0.08505831,0.8894001,-0.0274428,-0.1834452,-0.1077766,0.08116353,4.517705,2.881783,-0.2973505,39.94204
L,-0.08941299,0.8871534,-0.0260461,-0.2957391,-0.1525785,0.09485445,-7.626205,-3.042632,0.9297907,39.95676
L,-0.09240986,0.8856587,-0.02485993,-0.2041615,-0.1018264,0.08080712,6.2387,3.457473,-0.9569709,39.97144
L,-0.09647133,0.8890027,-0.03008256,-0.2874432,0.2366656,-0.3696222,-5.894114,23.95617,-31.87833,39.98557
L,-0.09995385,0.891982,-0.03438849,-0.2796936,0.239277,-0.3458256,0.6223958,0.2097288,1.911188,39.99802
L,-0.1025539,0.8942662,-0.03744397,-0.1882807,0.1654092,-0.221264,6.619707,-5.349169,9.020191,40.01183
L,-0.1072155,0.889326,-0.03308067,-0.3465783,-0.3672806,0.3243938,-11.76879,-39.60335,40.56747,40.02528
L,-0.1116665,0.8851161,-0.02925405,-0.3104798,-0.2936693,0.2669308,2.518097,5.134843,-4.008401,40.03962
L,-0.1177352,0.8809482,-0.02735516,-0.4399554,-0.3021553,0.1376611,-9.38641,-0.6151977,-9.371479,40.05341
L,-0.122554,0.8779218,-0.02593457,-0.3449548,-0.2166465,0.1016928,6.800611,6.121146,-2.574793,40.06738
L,-0.1265069,0.8756603,-0.0248276,-0.2709762,-0.1550283,0.07588573,5.071408,4.22407,-1.769132,40.08197
L,-0.1297795,0.8719307,-0.02388927,-0.2438619,-0.2779145,0.06991985,2.020421,-9.156873,-0.444548,40.09539
L,-0.1327007,0.8690969,-0.02309141,-0.2059628,-0.1997966,0.05625399,2.672146,5.507834,-0.9635347,40.10957
L,-0.1345913,0.8670351,-0.02368451,-0.12225,-0.1333251,-0.0383514,5.413122,4.298249,-6.117473,40.12504
L,-0.1365394,0.8652201,-0.02401646,-0.1653768,-0.1540793,-0.0281799,-3.661085,-1.761848,0.8634705,40.13682
L,-0.1386045,0.8634902,-0.0241847,-0.1301999,-0.1090593,-0.01060679,2.217754,2.838315,1.107909,40.15268
L,-0.142204,0.8565874,-0.02067308,-0.2972885,-0.5701107,0.2900289,-13.80003,-38.07872,24.82982,40.16479
L,-0.1454618,0.8512406,-0.01801476,-0.2299418,-0.3773896,0.1876313,4.753509,13.60277,-7.227492,40.17896
L,-0.1459455,0.850045,-0.01838584,-0.03475577,-0.08591609,-0.02666634,14.026,20.94518,-15.39936,40.19287
L,-0.1466756,0.8488958,-0.01851215,-0.04860395,-0.07650219,-0.008408158,-0.9218425,0.6266625,1.215407,40.20789
L,-0.1461089,0.8489126,-0.01846818,0.04593528,0.001362477,0.003564423,7.663231,6.311613,0.9704825,40.22023
L,-0.1454988,0.8488076,-0.01836411,0.04297085,-0.007392699,0.007330122,-0.2087876,-0.6166353,0.2652218,40.23443
L,-0.1449159,0.8485273,-0.01818763,0.04373122,-0.02103159,0.01324019,0.05704813,-1.023284,0.4434142,40.24776
L,-0.1441012,0.8498792,-0.01899259,0.05750728,0.0954202,-0.05681614,0.972351,8.219478,-4.944762,40.26192
L,-0.1432894,0.8513996,-0.01995309,0.05172885,0.09687956,-0.06120286,-0.3682011,0.09298992,-0.2795219,40.27762
L,-0.1425803,0.8521417,-0.01983175,0.05253564,0.05498781,0.00899042,0.05977788,-3.10392,5.20089,40.29111
L,-0.1414838,0.8537591,-0.01999866,0.08921453,0.1315904,-0.01358004,2.984219,6.232438,-1.836347,40.30341
L,-0.1406666,0.8550599,-0.02011045,0.05428955,0.08641267,-0.007426181,-2.320166,-3.001287,0.4088182,40.31846
L,-0.1401203,0.8560157,-0.02017235,0.03800922,0.06650162,-0.004306413,-1.132641,-1.385234,0.2170458,40.33283
L,-0.1397686,0.8567077,-0.02020084,0.02898978,0.05704108,-0.002348664,-0.7435197,-0.7798822,0.1613875,40.34496
L,-0.1398662,0.8575729,-0.02058971,-0.006278381,0.05567317,-0.0250222,-2.269351,-0.08801886,-1.458942,40.3605
L,-0.1399497,0.8575348,-0.02058095,-0.006678735,-0.003044017,0.0007001179,-0.03199705,-4.692792,2.055778,40.37302
L,-0.140055,0.8574721,-0.02056168,-0.007603736,-0.004528237,0.001391669,-0.06679987,-0.1071844,0.04994103,40.38686
L,-0.140181,0.857394,-0.02053534,-0.008654964,-0.005363928,0.001809174,-0.07221518,-0.05740865,0.02868096,40.40142
L,-0.1403265,0.8573014,-0.02050237,-0.01001374,-0.006377133,0.00226865,-0.09348939,-0.06971272,0.03161384,40.41595
L,-0.1406993,0.8573912,-0.0210312,-0.02699089,0.006504661,-0.03829555,-1.229409,0.9328412,-2.937475,40.42976
L,-0.1416526,0.8573219,-0.02233695,-0.0723561,-0.00526111,-0.09910074,-3.443027,-0.8929724,-4.614857,40.44294
L,-0.1427425,0.8572124,-0.02376941,-0.06848016,-0.006879944,-0.09000748,0.2435414,-0.101718,0.5713668,40.45885
L,-0.1450863,0.8574102,-0.02632378,-0.164634,0.01389587,-0.1794245,-6.75406,1.459339,-6.280852,40.47309
L,-0.147197,0.8575531,-0.02856786,-0.1587242,0.01074387,-0.1687526,0.4444116,-0.2370273,0.8025203,40.48639
L,-0.1489672,0.8576428,-0.03040563,-0.139772,0.00708302,-0.1451087,1.496448,-0.2890571,1.866902,40.49905
L,-0.1505298,0.8588961,-0.03356607,-0.100009,0.08021164,-0.2022685,2.544833,4.680232,-3.658229,40.51468
L,-0.1519456,0.8599104,-0.03625194,-0.122567,0.0878158,-0.2325241,-1.952922,0.6583173,-2.61933,40.52623
L,-0.153205,0.8607116,-0.03851069,-0.09310667,0.05923047,-0.166982,2.177902,-2.113219,4.845311,40.53976
L,-0.1543469,0.8613671,-0.04046313,-0.08282893,0.04754514,-0.1416221,0.7455031,-0.8476036,1.839498,40.55354
L,-0.1536057,0.8617955,-0.04238146,0.05140439,0.0297123,-0.1330365,9.309116,-1.236712,0.5954137,40.56796
L,-0.1531752,0.8627469,-0.04371612,0.03226509,0.0712952,-0.1000206,-1.43432,3.116269,2.474247,40.58131
L,-0.1529269,0.8636242,-0.04505648,0.01682778,0.05945821,-0.09084,-1.046225,-0.8022221,0.622192,40.59606
L,-0.1528139,0.8644505,-0.04641781,0.00924715,0.06764327,-0.1114504,-0.620617,0.6701009,-1.687351,40.60828
L,-0.1519578,0.864608,-0.04615208,0.05912474,0.01088317,0.01835119,3.444444,-3.919737,8.963834,40.62276
L,-0.1510869,0.8648069,-0.04596367,0.06355812,0.01451141,0.0137499,0.3235483,0.2647893,-0.335802,40.63646
L,-0.1452547,0.8701221,-0.03837988,0.4090099,0.3727511,0.5318475,24.22635,25.12317,36.33392,40.65072
L,-0.1410431,0.8741514,-0.0329744,0.3319373,0.3175783,0.4260414,-6.074599,-4.348532,-8.339275,40.66341
L,-0.1379189,0.8773119,-0.02904974,0.2234021,0.2259999,0.2806402,-7.761004,-6.548484,-10.39717,40.67739
L,-0.1290522,0.8882215,-0.02141542,0.5807975,0.7146115,0.5000722,23.41056,32.00565,14.37351,40.69266
L,-0.113012,0.9076777,-0.004399945,1.284313,1.557828,1.362403,56.3294,67.515,69.04543,40.70515
L,-0.1005414,0.9229022,0.008833112,0.9121355,1.11356,0.9679036,-27.22215,-32.495,-28.85478,40.71882
L,-0.0905106,0.9352053,0.01944531,0.3565939,0.437375,0.3772612,-19.74938,-24.03823,-20.9972,40.74695
L,-0.06069098,0.9641408,0.0343059,1.656854,1.607726,0.8256919,72.2457,65.02765,24.91594,40.76495
L,-0.04286345,0.9768569,0.05130986,1.577778,1.125412,1.504891,-6.998365,-42.68595,60.1107,40.77625
L,-0.02965049,0.9864345,0.06489638,0.9536618,0.6912686,0.9806236,-45.04635,-31.33479,-37.83961,40.7901
L,-0.01785311,0.9956433,0.07667493,0.9905868,0.7732373,0.9890057,3.100466,6.882642,0.7038156,40.80201
L,-0.01222497,1.00387,0.09499362,0.4044358,0.5911415,1.316375,-42.1206,-13.08534,23.52462,40.81593
L,-0.005775072,1.012184,0.1108586,0.4222784,0.544315,1.038689,1.168164,-3.065755,-18.18023,40.8312
L,-0.004567077,1.011786,0.1202525,0.08704466,-0.02862149,0.6768963,-24.156,-41.28419,-26.06975,40.84508
L,-0.001492567,1.013651,0.1296422,0.2318655,0.140661,0.7081298,10.92172,12.76651,2.355482,40.85834
L,0.00281072,1.017023,0.1391428,0.2901442,0.2273421,0.6405687,3.929378,5.844381,-4.555226,40.87317
L,0.0009795353,1.005098,0.1318435,-0.1424433,-0.9276799,-0.5677984,-33.64992,-89.84632,-93.9959,40.88602
L,0.001188093,0.9965912,0.1280573,0.01586539,-0.6470909,-0.2880196,12.04286,21.34496,21.28332,40.89917
L,-0.007070077,0.9862456,0.118321,-0.5819435,-0.7290407,-0.6861086,-42.12688,-5.774908,-28.05286,40.91336
L,-0.01159906,0.9796861,0.1131757,-0.3055186,-0.4424979,-0.3470903,18.64722,19.32977,22.86969,40.92818
L,-0.02139589,0.9763687,0.09847197,-0.66706,-0.2258766,-1.001171,-24.61712,14.7496,-44.53592,40.94287
L,-0.02771502,0.974194,0.08897369,-0.5292398,-0.1821386,-0.7955003,11.54273,3.663153,17.22533,40.95481
L,-0.03195432,0.9727357,0.08245743,-0.3119901,-0.1073221,-0.4795618,15.98841,5.506091,23.25137,40.9684
L,-0.03345856,0.9598926,0.06516712,-0.1043191,-0.8906746,-1.199088,14.40204,-54.3257,-49.8993,40.98282
L,-0.0345404,0.9507141,0.05286763,-0.07786892,-0.6606517,-0.8852931,1.903831,16.55659,22.58631,40.99671
L,-0.04862803,0.9383956,0.01506217,-1.021291,-0.8930318,-2.740728,-68.39393,-16.84653,-134.5108,41.01051
L,-0.05880103,0.9289121,-0.01055817,-0.6948382,-0.6477454,-1.749927,22.29746,16.75361,67.67396,41.02515
L,-0.06674229,0.9210891,-0.03161274,-0.5857496,-0.5770259,-1.552991,8.046409,5.216292,14.52606,41.0387
L,-0.08170474,0.9150304,-0.04268498,-0.8861989,-0.358849,-0.6557888,-17.79507,12.92222,53.13966,41.05559
L,-0.09325205,0.9094124,-0.05388483,-1.004333,-0.488626,-0.9741123,-10.27473,-11.28741,-27.68633,41.06709
L,-0.1109864,0.8986448,-0.05000606,-1.254437,-0.761645,0.2743653,-17.69113,-19.312,88.3111,41.08122
L,-0.1251143,0.8895727,-0.0500355,-0.9998782,-0.6420593,-0.002083896,18.01595,8.463465,-19.5652,41.09535
L,-0.139743,0.8802593,-0.04757945,-1.016661,-0.6472611,0.1706893,-1.166332,-0.3615125,12.00728,41.10974
L,-0.1523848,0.871906,-0.04791033,-1.048723,-0.6929638,-0.02744913,-2.65981,-3.791357,-16.43696,41.1218
L,-0.1638673,0.864131,-0.05002633,-0.7589688,-0.5139112,-0.1398629,19.15213,11.83499,-7.430307,41.13692
L,-0.1712228,0.864975,-0.05308944,-0.5462332,0.06268148,-0.2274716,15.79812,42.81879,-6.505972,41.15039
L,-0.179115,0.8638095,-0.05687949,-0.5791923,-0.08553506,-0.2781464,-2.418826,-10.8774,-3.718958,41.16402
L,-0.1854457,0.8649587,-0.05896163,-0.4615056,0.08377364,-0.1517857,8.579218,12.3424,9.211546,41.17773
L,-0.1924502,0.8644004,-0.06189561,-0.4789191,-0.03817407,-0.2006064,-1.19062,-8.337992,-3.338046,41.19236
L,-0.1998524,0.8627518,-0.06536207,-0.5475264,-0.1219447,-0.2564083,-5.074774,-6.196376,-4.127573,41.20588
L,-0.2070147,0.8603705,-0.06638835,-0.5044499,-0.167719,-0.07228242,3.03392,-3.223928,12.96816,41.22008
L,-0.214469,0.8575866,-0.06837009,-0.5757529,-0.2150164,-0.1530642,-5.507265,-3.653134,-6.239384,41.23302
L,-0.2207484,0.8581217,-0.05823543,-0.4425036,0.03770581,0.7141777,9.389923,17.80903,61.11352,41.24722
L,-0.2275089,0.8575612,-0.05166723,-0.4815812,-0.03992442,0.4678841,-2.783685,-5.529973,-17.54467,41.26125
L,-0.2305602,0.8586949,-0.04362461,-0.2228042,0.08277768,0.5872772,18.89605,8.959783,8.718161,41.27495
L,-0.2348645,0.8587801,-0.03804105,-0.2947627,0.005841007,0.3823658,-4.927764,-5.268674,-14.03247,41.28955
L,-0.2399385,0.8581945,-0.03406527,-0.3923627,-0.04528945,0.3074412,-7.547269,-3.953847,-5.793817,41.30248
L,-0.2348968,0.8604526,-0.02606376,0.3397524,0.152173,0.5392155,49.33665,13.30684,15.61909,41.31732
L,-0.2329288,0.8615994,-0.01993815,0.1356934,0.07907434,0.4223544,-14.06966,-5.040081,-8.057451,41.33183
L,-0.2260584,0.8596858,-0.006036034,0.5813529,-0.1619291,1.176358,37.71045,-20.39303,63.80165,41.34364
L,-0.2221672,0.8579335,0.004891934,0.2614184,-0.1177201,0.7341623,-21.49382,2.970047,-29.70757,41.35853
L,-0.2202348,0.8562977,0.01379139,0.1432564,-0.1212749,0.6597678,-8.76003,-0.263541,-5.515294,41.37202
L,-0.2144277,0.859568,0.01756982,0.4173017,0.2350046,0.2715164,19.69279,25.60212,-27.89961,41.38593
L,-0.2106836,0.8616081,0.02153485,0.2496116,0.1360154,0.2643465,-11.1798,-6.599551,-0.4780129,41.40093
L,-0.2011168,0.8732234,0.01115808,0.7411036,0.8997858,-0.803844,38.07378,59.16602,-82.74815,41.41384
L,-0.1941826,0.8817561,0.004859172,0.4860294,0.5980698,-0.4415032,-17.87865,-21.14787,25.39719,41.42811
L,-0.1877837,0.8776186,-0.001972098,0.4463655,-0.2886176,-0.4765238,-2.766808,-61.85199,-2.442907,41.44244
L,-0.1827913,0.8748519,-0.006441612,0.3795588,-0.2103439,-0.3398075,-5.079167,5.950985,10.39424,41.4556
L,-0.1786908,0.873033,-0.009463052,0.2685991,-0.1191396,-0.1979142,-7.268221,5.974172,9.294475,41.47086
L,-0.1757307,0.8750001,-0.03004684,0.2420328,0.1608361,-1.683068,-2.17224,22.89269,-121.4361,41.48309
L,-0.1729642,0.8764919,-0.04456307,0.1907487,0.1028612,-1.000879,-3.535983,-3.997315,47.03623,41.4976
L,-0.1786069,0.8736517,-0.04858357,-0.3938209,-0.1982245,-0.2806039,-40.7991,-21.01379,50.27047,41.51192
L,-0.1821215,0.8716632,-0.05258719,-0.2588011,-0.1464317,-0.2948108,9.942312,3.813813,-1.046138,41.52551
L,-0.1842996,0.8702233,-0.05645379,-0.1558363,-0.1030167,-0.2766388,7.366704,3.106164,1.300131,41.53948
L,-0.1900738,0.8714334,-0.05713333,-0.3925498,0.08226627,-0.04619779,-16.09258,12.59616,15.66616,41.55419
L,-0.1941508,0.8722574,-0.05849565,-0.3186505,0.06440072,-0.1064768,5.77586,-1.396347,-4.711321,41.56699
L,-0.2017047,0.8758575,-0.0462715,-0.4813319,0.2294034,0.7789228,-10.36605,10.51397,56.41764,41.58268
L,-0.207296,0.8785053,-0.03787295,-0.408053,0.1932376,0.6129256,5.347885,-2.639381,-12.11446,41.59638
L,-0.2087899,0.8786147,-0.02895402,-0.1248033,0.009132011,0.7450742,23.66228,-15.37991,11.0395,41.60835
L,-0.2103215,0.878819,-0.02245297,-0.1096417,0.01463084,0.4653774,1.085346,0.3936331,-20.02208,41.62232
L,-0.2087377,0.878359,-0.02352398,0.1082396,-0.03143737,-0.07319051,14.88954,-3.148202,-36.80457,41.63696
L,-0.2099094,0.8790832,-0.01563828,-0.08279671,0.05117082,0.5571941,-13.49839,5.836993,44.54219,41.65111
L,-0.2111589,0.8797508,-0.009065242,-0.08651529,0.04622705,0.4551191,-0.2574756,-0.3423084,-7.067704,41.66555
L,-0.2145528,0.8757225,-0.003193638,-0.257731,-0.3059141,0.4458881,-13.00208,-26.74151,-0.7009999,41.67872
L,-0.2173544,0.87286,0.001662242,-0.1929612,-0.1971599,0.3344561,4.461122,7.490611,-7.67505,41.69324
L,-0.2197786,0.870739,0.005890327,-0.1949386,-0.1705474,0.3399899,-0.1590143,2.139977,0.444989,41.70567
L,-0.2186188,0.8709769,0.005619977,0.08009151,0.01642354,-0.01866981,18.99302,12.91183,-24.76831,41.72015
L,-0.2181121,0.8710678,0.005638814,0.03531408,0.006333898,0.001312597,-3.120184,-0.7030671,1.392416,41.7345
L,-0.2170196,0.86928,0.005410265,0.0751287,-0.1229424,-0.0157169,2.737976,-8.890082,-1.171086,41.74905
L,-0.215902,0.8670013,0.005518408,0.09080881,-0.1851654,0.008787663,1.274162,-5.056234,1.991235,41.76135
L,-0.2150626,0.8647892,0.005985032,0.05395855,-0.1421959,0.0299958,-2.368826,2.762188,1.363312,41.77691
L,-0.212449,0.8636287,0.002252168,0.2081253,-0.09241153,-0.2972503,12.27639,3.964363,-26.05881,41.78947
L,-0.2102948,0.8624294,-0.0006651399,0.1698937,-0.09458672,-0.2300707,-3.015099,-0.1715442,5.298055,41.80215
L,-0.2064471,0.8604953,-0.007869496,0.2665541,-0.1339852,-0.4990959,6.69634,-2.729408,-18.63725,41.81658
L,-0.203666,0.8588454,-0.01284279,0.1955619,-0.1160223,-0.3497102,-4.992001,1.263106,10.50444,41.8308
L,-0.2042012,0.8561653,-0.0133636,-0.04026891,-0.201654,-0.03918716,-17.74444,-6.443118,23.36445,41.84409
L,-0.2045177,0.8541092,-0.01380464,-0.02242715,-0.1456757,-0.03124703,1.264084,3.966048,0.5625562,41.85821
L,-0.2047145,0.8522446,-0.01424032,-0.0118289,-0.112058,-0.02618321,0.6369255,2.02033,0.3043212,41.87485
L,-0.2044301,0.849987,-0.01415201,0.02304519,-0.1828791,0.007153335,2.825103,-5.737127,2.700549,41.88719
L,-0.2041327,0.8477564,-0.01414901,0.02296907,-0.1722847,0.0002318401,-0.005878797,0.8182846,-0.5345988,41.90014
L,-0.2039365,0.8439019,-0.01326948,0.01218528,-0.2394402,0.05463595,-0.6698832,-4.171658,3.379553,41.91624
L,-0.203721,0.8403493,-0.01259354,0.01958814,-0.3229185,0.06144022,0.6728901,-7.587842,0.6184807,41.92724
L,-0.2035034,0.8372149,-0.01211146,0.01441306,-0.2075938,0.031929,-0.342753,7.638118,-1.95457,41.94234
L,-0.2028426,0.8366927,-0.01212399,0.05195992,-0.04106366,-0.0009849836,2.952215,13.09384,-2.587944,41.95506
L,-0.2023396,0.8361092,-0.01214398,0.03371963,-0.03912244,-0.001340276,-1.222911,0.1301481,-0.02382039,41.96997
L,-0.201696,0.8367286,-0.01247337,0.05009232,0.04821111,-0.02563774,1.274348,6.797495,-1.891162,41.98282
L,-0.2006109,0.8375765,-0.01302566,0.07569581,0.05914881,-0.03852563,1.786003,0.7629736,-0.8990108,41.99715
L,-0.2007095,0.8374295,-0.01298527,-0.006890625,-0.010275,0.002823112,-5.77321,-4.853076,2.890486,42.01146
L,-0.2008173,0.8372136,-0.01294001,-0.008165665,-0.01634713,0.00342763,-0.09654651,-0.4597837,0.04577434,42.02467
L,-0.2009234,0.8369405,-0.01289439,-0.006772228,-0.01742788,0.00291067,0.08891945,-0.06896652,-0.03298882,42.04034
L,-0.2005318,0.8356061,-0.0115108,0.03281724,-0.1118326,0.1159527,3.317821,-7.91165,9.473562,42.05227
L,-0.2000065,0.8337691,-0.009758222,0.0368429,-0.1288289,0.1229076,0.282317,-1.19194,0.4877378,42.06653
L,-0.2012638,0.8315735,-0.006855942,-0.08248483,-0.1440347,0.1903942,-7.82809,-0.997521,4.427233,42.08177
L,-0.2023156,0.8295124,-0.004325418,-0.07248025,-0.1420339,0.1743853,0.6894429,0.1378791,-1.103221,42.09628
L,-0.2031359,0.8276936,-0.002254169,-0.05767796,-0.1278962,0.1456452,1.040861,0.9941301,-2.020929,42.1105
L,-0.202204,0.8242902,0.00236193,0.08230237,-0.3006023,0.4077098,12.36355,-15.254,23.14645,42.12183
L,-0.2015138,0.8213778,0.006145297,0.04874499,-0.2056759,0.267184,-2.369845,6.703768,-9.924034,42.13599
L,-0.2008455,0.8212492,0.007794463,0.04781638,-0.009194187,0.117991,-0.06643824,14.05745,-10.67414,42.14996
L,-0.2003687,0.8209302,0.009159198,0.03477475,-0.02327229,0.09954291,-0.9512477,-1.026848,-1.345591,42.16367
L,-0.1999681,0.8204703,0.01047621,0.02866254,-0.03290035,0.09422709,-0.4373038,-0.6888473,-0.3803247,42.17765
L,-0.1986846,0.8218322,0.01169621,0.08394636,0.08907575,0.07979421,3.615849,7.97787,-0.9439856,42.19294
L,-0.1973709,0.8230203,0.01313348,0.1083597,0.09800287,0.1185556,2.013787,0.7363724,3.197317,42.20506
L,-0.1955808,0.8241009,0.01653958,0.1069429,0.06455105,0.2034843,-0.08463957,-1.998449,5.073734,42.2218
L,-0.1940105,0.8248439,0.01969883,0.1156371,0.05471383,0.2326349,0.6402004,-0.7243726,2.14653,42.23538
L,-0.1907534,0.8268889,0.02212357,0.2406472,0.1510974,0.1791517,9.236377,7.121304,-3.951602,42.24892
L,-0.1881031,0.8283778,0.02433634,0.2292956,0.128816,0.1914404,-0.9821022,-1.927705,1.063169,42.26048
L,-0.1859576,0.8294454,0.0263347,0.155451,0.07734764,0.1447921,-5.350443,-3.729167,-3.379925,42.27428
L,-0.1841796,0.8315956,0.02631059,0.1198164,0.1449028,-0.001624885,-2.401388,4.552488,-9.866925,42.28912
L,-0.1825576,0.8333451,0.02658911,0.1234654,0.1331618,0.02119983,0.2777453,-0.893676,1.737329,42.30225
L,-0.1825414,0.834619,0.02584268,0.001125091,0.08848784,-0.05184734,-8.497822,-3.103079,-5.073895,42.31665
L,-0.1823962,0.8357311,0.02538753,0.0102078,0.07820463,-0.03200534,0.6386744,-0.7230906,1.395242,42.33087
L,-0.182142,0.8367693,0.02513058,0.01825663,0.07455908,-0.01845409,0.5780693,-0.2618247,0.9732549,42.3448
L,-0.1813232,0.838064,0.02505878,0.06050063,0.09566129,-0.00530476,3.121198,1.559137,0.9715381,42.35833
L,-0.1804159,0.8393731,0.02512082,0.06462508,0.09325323,0.004419344,0.2938044,-0.171538,0.6926944,42.37237
L,-0.1801536,0.8401424,0.02535194,0.01944619,0.0570339,0.01713458,-3.349371,-2.685147,0.9426539,42.38586
L,-0.1798506,0.8408595,0.02563019,0.02116284,0.05007159,0.01943045,0.1198751,-0.4861822,0.1603213,42.40018
L,-0.1799565,0.8421625,0.02477031,-0.007441773,0.09157591,-0.06043259,-2.010329,2.916919,-5.612766,42.41441
L,-0.179985,0.8436295,0.02392372,-0.002113308,0.1087564,-0.06276292,0.3950297,1.273686,-0.1727607,42.42789
L,-0.1799306,0.8450848,0.02319591,0.003977055,0.1063859,-0.05320441,0.4452181,-0.1732824,0.6987471,42.44157
L,-0.1798389,0.845442,0.02309445,0.006398096,0.02493094,-0.007080728,0.1689727,-5.685021,3.219129,42.4559
L,-0.1797469,0.8457204,0.0230445,0.006383864,0.01932849,-0.003467625,-0.0009880712,-0.3889433,0.2508351,42.47031
L,-0.1797127,0.845871,0.02305635,0.002715695,0.01194575,0.0009394685,-0.2910376,-0.5857571,0.349665,42.48291
L,-0.1796629,0.8460481,0.0230776,0.003486234,0.01238994,0.00148634,0.05389334,0.03106794,0.03824946,42.49721
L,-0.1795977,0.8462517,0.02310732,0.004574369,0.01428249,0.002085651,0.07635119,0.1327944,0.0420519,42.51146
L,-0.1796384,0.8463904,0.0230773,-0.002720246,0.009261175,-0.002004615,-0.4870707,-0.3352795,-0.2731122,42.52644
L,-0.1796716,0.8465478,0.02305135,-0.002670428,0.0126552,-0.00208515,0.004003509,0.2727536,-0.006472028,42.53888
L,-0.1796255,0.8466908,0.02303999,0.003137575,0.00972709,-0.0007728584,0.3952578,-0.1992693,0.08930665,42.55357
L,-0.179568,0.8468492,0.02303329,0.003957486,0.01089487,-0.000460998,0.05638377,0.08030613,0.02144605,42.56812
L,-0.1796544,0.846884,0.02308891,-0.006688358,0.002688718,0.004303447,-0.8237143,-0.634945,0.3686454,42.58104
L,-0.1797404,0.8469245,0.02315206,-0.00621126,0.002931302,0.004560116,0.03445406,0.01751845,0.01853562,42.59489
L,-0.1798249,0.8469715,0.0232219,-0.006410141,0.003564707,0.005300976,-0.01509417,0.04807282,0.05622812,42.60806
L,-0.1800294,0.8466644,0.02393128,-0.01442769,-0.02166728,0.05004292,-0.5655951,-1.779983,3.156306,42.62224
L,-0.1803684,0.846141,0.02516641,-0.02062569,-0.03184845,0.07515802,-0.3771517,-0.6195292,1.528267,42.63867
L,-0.1813549,0.8444433,0.0268832,-0.08942503,-0.1538836,0.1556184,-6.236284,-11.06182,7.293291,42.6497
L,-0.1822779,0.8428369,0.02852574,-0.06650396,-0.115753,0.1183567,1.651628,2.747581,-2.684973,42.66358
L,-0.1830515,0.8414752,0.02994097,-0.05480997,-0.09647382,0.1002683,0.8285161,1.365924,-1.281557,42.6777
L,-0.1832443,0.840421,0.03118089,-0.01186913,-0.06487676,0.07629991,2.642414,1.944362,-1.474922,42.69395
L,-0.1834198,0.8395157,0.03225186,-0.01286463,-0.06635819,0.0785091,-0.07297627,-0.1085983,0.1619482,42.70759
L,-0.1831033,0.8388992,0.03276725,0.02622274,-0.05108249,0.04270146,3.23847,1.265623,-2.966738,42.71966
L,-0.182845,0.8383353,0.0332521,0.01823758,-0.03980294,0.03422202,-0.5636137,0.7961406,-0.5985013,42.73383
L,-0.1826153,0.8377706,0.03375141,0.01725354,-0.04241135,0.03750476,-0.07391445,-0.1959253,0.2465759,42.74714
L,-0.1824317,0.8377199,0.03368052,0.0127015,-0.003514388,-0.004906015,-0.3150182,2.691818,-2.934987,42.76159
L,-0.1822523,0.8376577,0.03362319,0.01266429,-0.004383751,-0.004046923,-0.002626714,-0.06136196,0.06063696,42.77576
L,-0.1822859,0.8368263,0.03398182,-0.002462161,-0.06094886,0.02629018,-1.108867,-4.146589,2.223906,42.7894
L,-0.1823489,0.8355758,0.03455137,-0.004707989,-0.09345157,0.0425612,-0.1678251,-2.428846,1.215893,42.80278
L,-0.1824226,0.8348226,0.03356528,-0.004465189,-0.04563973,-0.05975429,0.01471303,2.897269,-6.200045,42.81928
L,-0.1825163,0.8339375,0.03247033,-0.007120697,-0.06725544,-0.08319832,-0.2017755,-1.642443,-1.781365,42.83244
L,-0.1826204,0.8330114,0.03140153,-0.00773721,-0.06881112,-0.07941601,-0.04580924,-0.1155931,0.2810396,42.8459
L,-0.1824043,0.8315,0.0300186,0.01679734,-0.117498,-0.1075109,1.90735,-3.784983,-2.184138,42.85876
L,-0.1822192,0.8300768,0.02877394,0.01144157,-0.08795232,-0.07691696,-0.3309716,1.825839,1.890624,42.87495
L,-0.1824255,0.8282533,0.02534156,-0.01919441,-0.1696294,-0.3192963,-2.849907,-7.597997,-22.5473,42.8857
L,-0.1826107,0.826608,0.02239779,-0.01141912,-0.1014816,-0.1815746,0.4795873,4.203419,8.494804,42.90191
L,-0.182979,0.8263314,0.01715091,-0.02885792,-0.02167233,-0.4110693,-1.366251,6.252697,-17.97988,42.91467
L,-0.1832793,0.8259699,0.01295108,-0.02277629,-0.02741609,-0.3185647,0.4613031,-0.4356745,7.016644,42.92786
L,-0.1835191,0.82557,0.009643683,-0.01518814,-0.0253208,-0.2094239,0.4804798,0.132673,6.910778,42.94365
L,-0.1850537,0.8246426,0.006885202,-0.1257129,-0.07597657,-0.2259748,-9.054187,-4.14972,-1.355852,42.95586
L,-0.1862698,0.8238095,0.004421792,-0.08437727,-0.05780588,-0.1709286,2.868153,1.260809,3.819492,42.97027
L,-0.1864326,0.8241212,0.001588329,-0.01187852,0.02273755,-0.2066709,5.288012,5.874785,-2.607019,42.98398
L,-0.1866219,0.8242695,-0.001063046,-0.01215108,0.009518854,-0.1701866,-0.01749485,-0.8484823,2.341851,42.99956
L,-0.1868345,0.8242962,-0.003582413,-0.01691641,0.002120332,-0.2004969,-0.3792361,-0.5887912,-2.412159,43.01212
L,-0.189129,0.8259902,-0.005024656,-0.1597196,0.1179177,-0.1003918,-9.940253,8.060432,6.968125,43.02649
L,-0.1912249,0.8274332,-0.006680197,-0.1512704,0.1041523,-0.1194907,0.60983,-0.9935335,-1.378489,43.04034
L,-0.1925234,0.8306837,-0.01063978,-0.1022206,0.255884,-0.3117063,3.861295,11.94461,-15.13158,43.05305
L,-0.1936854,0.8332731,-0.01422392,-0.07790721,0.1736013,-0.2402967,1.630078,-5.516601,4.78762,43.06796
L,-0.1946895,0.8352457,-0.01733857,-0.0693056,0.1361531,-0.2149783,0.593697,-2.584739,1.747516,43.08245
L,-0.1976995,0.8339746,-0.01682043,-0.2331687,-0.09846428,0.04013805,-12.69378,-18.1748,19.76277,43.09536
L,-0.2006585,0.8328846,-0.01675097,-0.2051029,-0.07555526,0.004815031,1.945341,1.587906,-2.448365,43.10979
L,-0.2058592,0.8318132,-0.01608436,-0.3960803,-0.08159319,0.05076891,-14.54491,-0.4598503,3.499864,43.12292
L,-0.2101864,0.8310593,-0.01599154,-0.278304,-0.04848887,0.005970065,7.574671,2.129072,-2.881194,43.13847
L,-0.2128598,0.8299352,-0.01471007,-0.1903347,-0.08003038,0.09123553,6.263068,-2.245632,6.070567,43.15251
L,-0.2151466,0.8291354,-0.01403467,-0.1861704,-0.06511549,0.05498464,0.3390225,1.214239,-2.951227,43.16479
L,-0.2172116,0.8285269,-0.01372605,-0.1296905,-0.03821649,0.01938268,3.547166,1.689365,-2.235946,43.18072
L,-0.2197709,0.8267914,-0.01180227,-0.1819128,-0.1233562,0.136743,-3.711978,-6.051749,8.342,43.19479
L,-0.2222644,0.8253255,-0.01036373,-0.1914692,-0.1125604,0.1104579,-0.7337835,0.8289511,-2.0183,43.20781
L,-0.2229312,0.8245456,-0.008574128,-0.0469075,-0.05487201,0.1259083,10.17069,4.058687,1.087017,43.22202
L,-0.2237424,0.823883,-0.007231701,-0.06763627,-0.05524411,0.1119304,-1.728347,-0.03102543,-1.165464,43.23402
L,-0.2246701,0.8232798,-0.006157315,-0.06485729,-0.04216667,0.07510505,0.1942651,0.9141799,-2.574279,43.24832
L,-0.22429,0.8234667,-0.006282521,0.02684494,0.01320043,-0.008842172,6.476075,3.910063,-5.928411,43.26248
L,-0.2239474,0.8236504,-0.006422598,0.02329365,0.01248865,-0.009522878,-0.2414291,-0.04838904,-0.04627668,43.27719
L,-0.2218798,0.8245052,-0.005846056,0.1626662,0.06725034,0.04535927,10.96509,4.308358,4.317835,43.2899
L,-0.219872,0.825361,-0.005210918,0.1467741,0.062561,0.04642988,-1.161746,-0.3428007,0.07826416,43.30358
L,-0.2177002,0.8258039,-0.005632049,0.14998,0.03058318,-0.02908248,0.2213936,-2.208323,-5.214729,43.31806
L,-0.2160595,0.826128,-0.005961518,0.112066,0.02213881,-0.02250343,-2.589613,-0.5767694,0.4493639,43.3327
L,-0.2148547,0.8263603,-0.006208076,0.0877788,0.01692346,-0.01796378,-1.769524,-0.3799809,0.3307512,43.34643
L,-0.2131635,0.8268159,-0.006073048,0.1260171,0.0339504,0.01006161,2.849329,1.268763,2.088313,43.35985
L,-0.2117281,0.8272002,-0.00595108,0.09928574,0.02658311,0.008436154,-1.848935,-0.5095752,-0.1124281,43.37431
L,-0.2103195,0.8270903,-0.007249496,0.1089256,-0.008499263,-0.1004047,0.7454375,-2.712872,-8.41651,43.38724
L,-0.2090232,0.826983,-0.008449812,0.08572268,-0.007095106,-0.07937834,-1.534437,0.09285855,1.390495,43.40236
L,-0.2078765,0.8268859,-0.009507738,0.08020319,-0.006791122,-0.07399382,-0.386046,0.02126137,0.3766061,43.41666
L,-0.2066408,0.827346,-0.009071661,0.09083948,0.03381765,0.03205691,0.7818958,2.985235,7.796008,43.43026
L,-0.2054522,0.8277743,-0.008686934,0.097311,0.03507086,0.03149719,0.529816,0.1025982,-0.04582341,43.44247
L,-0.2054615,0.8275161,-0.009769959,-0.0006455331,-0.01789728,-0.0750684,-6.78972,-3.671411,-7.386444,43.4569
L,-0.2054482,0.8271675,-0.01124043,0.0008882377,-0.02334967,-0.09848623,0.1027258,-0.3651797,-1.568432,43.47183
L,-0.2061995,0.8274845,-0.01259373,-0.0607505,0.0256304,-0.109426,-4.98403,3.960466,-0.8845747,43.4842
L,-0.206922,0.8278075,-0.01397886,-0.04639557,0.02074274,-0.08895277,0.9218667,-0.3138828,1.314779,43.49977
L,-0.2075605,0.8281077,-0.01529165,-0.04628734,0.02176525,-0.09517109,0.007846529,0.07412693,-0.4508008,43.51357
L,-0.2083911,0.8283411,-0.01758378,-0.059983,0.01685176,-0.1655284,-0.9890456,-0.3548324,-5.080923,43.52741
L,-0.2091196,0.8285581,-0.01968984,-0.05808409,0.01730725,-0.1679113,0.1513954,0.03631562,-0.1899794,43.53996
L,-0.209525,0.8293326,-0.02094559,-0.0263164,0.05028015,-0.08152193,2.062335,2.140576,5.608333,43.55536
L,-0.2098647,0.8299833,-0.02205981,-0.02536948,0.04859331,-0.08321523,0.07072065,-0.1259819,-0.126464,43.56875
L,-0.2101683,0.8305587,-0.02310476,-0.0184871,0.03503106,-0.06361536,0.4189907,-0.8256528,1.193216,43.58517
L,-0.215646,0.8285472,-0.01924964,-0.4467734,-0.1640674,0.3144355,-34.93238,-16.2391,30.83502,43.59743
L,-0.2215201,0.8264412,-0.015271,-0.4860692,-0.1742671,0.3292226,-3.25163,-0.8440015,1.223591,43.60952
L,-0.2252359,0.8242722,-0.01122441,-0.2344907,-0.1368749,0.2553655,15.87622,2.359689,-4.660852,43.62537
L,-0.2280069,0.8227628,-0.00844902,-0.2048512,-0.111587,0.2051755,2.191147,1.869447,-3.710378,43.63889
L,-0.2283156,0.8229038,-0.006515082,-0.0222936,0.01017992,0.1396612,13.18358,8.793517,-4.731181,43.65274
L,-0.2287552,0.8229352,-0.005040736,-0.03200847,0.002291667,0.1073586,-0.7074147,-0.5744054,-2.352208,43.66647
L,-0.2293022,0.8228994,-0.003739762,-0.04461438,-0.002921788,0.1061116,-1.028178,-0.4252258,-0.1017083,43.67873
L,-0.228207,0.8230175,-0.003973101,0.08046131,0.008675204,-0.01714363,9.189418,0.8520408,-9.055665,43.69234
L,-0.2261305,0.8232124,-0.004354002,0.1373238,0.01288944,-0.02518941,3.760385,0.2786926,-0.5320774,43.70747
L,-0.2200686,0.8263271,-0.009322632,0.4297192,0.220795,-0.3522165,20.72733,14.73802,-23.18231,43.72157
L,-0.2154377,0.8287517,-0.01306862,0.3719207,0.1947333,-0.3008546,-4.642011,-2.093117,4.125067,43.73402
L,-0.2123329,0.8304172,-0.01557591,0.2268423,0.1216773,-0.1831855,-10.59962,-5.337565,8.597057,43.74771
L,-0.2078198,0.8289734,-0.01725204,0.3153193,-0.1008712,-0.1171076,6.181696,-15.54897,4.616717,43.76202
L,-0.2044184,0.8280425,-0.01857479,0.2426915,-0.06642114,-0.09438009,-5.18208,2.458051,1.621633,43.77604
L,-0.1977505,0.8281872,-0.02544123,0.4762815,0.01033294,-0.490462,16.68508,5.482458,-28.29169,43.79004
L,-0.1925183,0.828352,-0.03058496,0.3923346,0.01235787,-0.3856969,-6.294676,0.1518378,7.855701,43.80338
L,-0.188245,0.8285244,-0.03467884,0.2709779,0.0109307,-0.2595998,-7.695432,-0.09049969,7.996035,43.81915
L,-0.1850571,0.830213,-0.04018242,0.2364685,0.1252564,-0.4082432,-2.559829,8.480421,-11.02602,43.83263
L,-0.1821089,0.8314925,-0.04469409,0.2357669,0.1023299,-0.3608014,-0.05611153,-1.833449,3.793953,43.84513
L,-0.1758086,0.8388206,-0.06550322,0.4408932,0.5128137,-1.456217,14.35468,28.72554,-76.6569,43.85942
L,-0.1705008,0.8443409,-0.08052161,0.3333517,0.3466998,-0.9432153,-6.754037,-10.43262,32.2186,43.87534
L,-0.1677657,0.845827,-0.08891517,0.2420648,0.1315201,-0.7428495,-8.079104,-19.04391,17.73284,43.88664
L,-0.164964,0.8472754,-0.09660234,0.1945046,0.1005528,-0.5336723,-3.301813,-2.149863,14.52186,43.90105
L,-0.1620887,0.8487402,-0.1037031,0.2058312,0.1048565,-0.5083058,0.8108178,0.3080753,1.815854,43.91502
L,-0.1644238,0.8533667,-0.1088226,-0.1739047,0.344549,-0.3812633,-28.27997,17.85056,9.461204,43.92844
L,-0.1652959,0.8571608,-0.1142029,-0.05469031,0.2379448,-0.3374229,7.476397,-6.685561,2.749402,43.94439
L,-0.1662472,0.8569888,-0.1166291,-0.06671662,-0.01205942,-0.170145,-0.8433992,-17.53267,11.73111,43.95865
L,-0.1664247,0.8572722,-0.1196006,-0.01487697,0.0237472,-0.2490322,4.344454,3.000797,-6.611191,43.97058
L,-0.1661477,0.8578991,-0.1232643,0.02033065,0.04600452,-0.268868,2.583837,1.633433,-1.455722,43.98421
L,-0.1671839,0.862069,-0.1258463,-0.06677114,0.2687093,-0.1663896,-5.612884,14.35121,6.603757,43.99973
L,-0.1676658,0.8659576,-0.1292918,-0.03943069,0.3181619,-0.2818974,2.236933,4.0461,-9.450582,44.01195
L,-0.1685482,0.8641033,-0.1289636,-0.06418432,-0.1348805,0.02387105,-1.800504,-32.95293,22.24067,44.0257
L,-0.1685594,0.8639987,-0.1285575,-0.0007973234,-0.007419126,0.02881573,4.498246,9.045273,0.3508987,44.03979
L,-0.1685194,0.8639783,-0.1283008,0.002912897,-0.001486238,0.01866139,0.2697205,0.4313008,-0.7381863,44.05354
L,-0.1684364,0.8640282,-0.128187,0.006027188,0.003629088,0.008267218,0.2262729,0.3716608,-0.7552022,44.06731
L,-0.1683131,0.8641446,-0.1282078,0.008594789,0.008111702,-0.001450299,0.179011,0.312524,-0.677497,44.08165
L,-0.1687207,0.866019,-0.1279332,-0.02829238,0.1301311,0.01906883,-2.560845,8.471042,1.424515,44.09605
L,-0.1616048,0.864525,-0.1174302,0.5190269,-0.108975,0.7660777,39.92111,-17.44024,54.48634,44.10976
L,-0.1560815,0.8636628,-0.1101601,0.3846681,-0.06004666,0.506329,-9.35743,3.407619,-18.09021,44.12412
L,-0.1516482,0.8632142,-0.1050984,0.3253582,-0.03292098,0.3714661,-4.352665,1.990715,-9.897396,44.13775
L,-0.1478955,0.8630227,-0.1014116,0.2734136,-0.01395306,0.2686144,-3.784594,1.381969,-7.493595,44.15147
L,-0.1540745,0.8564615,-0.09907638,-0.4662594,-0.495102,0.1762158,-55.81487,-36.30694,-6.972289,44.16473
L,-0.1568205,0.847702,-0.09834595,-0.1972217,-0.6291053,0.05245987,19.32236,-9.624154,-8.888188,44.17865
L,-0.1583236,0.8413216,-0.09754479,-0.1075413,-0.4564897,0.05731974,6.416265,12.34994,0.347704,44.19263
L,-0.1590477,0.8363667,-0.09668748,-0.0524623,-0.3590122,0.06211672,3.990775,7.062777,0.3475672,44.20643
L,-0.159265,0.8326799,-0.0958776,-0.0157819,-0.2677199,0.0588107,2.663586,6.629292,-0.2400696,44.2202
L,-0.1614178,0.8280591,-0.08656383,-0.1496119,-0.3211327,0.6472818,-9.300828,-3.71205,40.89718,44.23459
L,-0.1632555,0.8227444,-0.08288721,-0.1397187,-0.4040658,0.2795257,0.752157,-6.305222,-27.9597,44.24774
L,-0.1644523,0.8182184,-0.07988562,-0.08460803,-0.3199796,0.2122032,3.896151,5.944628,-4.75949,44.26189
L,-0.1652316,0.8142698,-0.07729229,-0.05021855,-0.2544478,0.1671151,2.216075,4.222902,-2.905503,44.2774
L,-0.1653292,0.8161665,-0.07645778,-0.007245928,0.1408507,0.06197271,3.191222,29.35556,-7.808058,44.29087
L,-0.1706672,0.8166212,-0.07601634,-0.4555143,0.03880819,0.03766887,-38.25223,-8.707631,-2.073928,44.30259
L,-0.1759693,0.8163778,-0.07517888,-0.3634692,-0.01668737,0.05741033,6.309901,-3.804348,1.353323,44.31718
L,-0.1802468,0.8155902,-0.07414878,-0.3099304,-0.0570671,0.07463604,3.879183,-2.925733,1.248097,44.33098
L,-0.1836781,0.8144947,-0.07304734,-0.1183522,-0.03778577,0.03799162,6.608037,0.6650636,-1.263963,44.35997
L,-0.196708,0.8115166,-0.05982874,-1.076833,-0.2461233,1.092426,-79.21186,-17.21766,87.14177,44.37207
L,-0.2019117,0.8096933,-0.05412613,-0.3534013,-0.1238221,0.3872814,49.13039,8.305839,-47.88846,44.3868
L,-0.2061521,0.8079535,-0.04995563,-0.3101545,-0.1272583,0.3050425,3.163193,-0.2513368,-6.015187,44.40047
L,-0.2100127,0.8061843,-0.04626882,-0.2819007,-0.129187,0.2692124,2.063112,-0.1408328,-2.616337,44.41416
L,-0.2165637,0.7975645,-0.03496298,-0.4864919,-0.6401204,0.839592,-15.1933,-37.94281,42.35739,44.42763
L,-0.2237811,0.7954276,-0.02680113,-0.4646365,-0.1375706,0.5254373,1.406987,32.35275,-20.2244,44.44316
L,-0.2299436,0.7932382,-0.01996053,-0.4970661,-0.1765961,0.5517604,-2.61576,-3.147789,2.123212,44.45556
L,-0.2354771,0.7910352,-0.01392917,-0.4238898,-0.1687564,0.4620351,5.605711,0.6005682,-6.873447,44.46861
L,-0.2406042,0.7888262,-0.008385498,-0.3624701,-0.1561742,0.3919204,4.342178,0.8895252,-4.956888,44.48276
L,-0.2419652,0.7838346,-0.003523457,-0.09354619,-0.3430822,0.334178,18.48369,-12.84657,-3.968756,44.49731
L,-0.2406853,0.7809055,-0.0009012168,0.08563441,-0.1959785,0.1754478,11.98854,9.842359,-10.62026,44.51225
L,-0.2407744,0.7783372,0.001947906,-0.007531502,-0.2171774,0.2409292,-7.87835,-1.792636,5.537272,44.52408
L,-0.2416805,0.7757977,0.005144556,-0.0630046,-0.1765874,0.2222766,-3.857278,2.822397,-1.296992,44.53846
L,-0.241526,0.7744572,0.007066274,0.01134344,-0.09842875,0.1411112,5.459353,5.739164,-5.959951,44.55208
L,-0.2419708,0.7728778,0.009420947,-0.03255208,-0.1155866,0.1723237,-3.212437,-1.255676,2.284248,44.56574
L,-0.2411453,0.7732273,0.008852602,0.05655895,0.02394799,-0.038941,6.105573,9.560418,-14.47511,44.58034
L,-0.2398901,0.7736425,0.008162817,0.0882647,0.02919628,-0.04850402,2.229472,0.3690476,-0.6724487,44.59456
L,-0.2388522,0.7738364,0.007833857,0.06808371,0.01271584,-0.0215803,-1.323905,-1.081143,1.76624,44.6098
L,-0.2354219,0.7737676,0.005797265,0.288401,-0.005782954,-0.1712253,18.52305,-1.555275,-12.58132,44.6217
L,-0.2328105,0.7734052,0.004572329,0.1861225,-0.02582926,-0.08730546,-7.289749,-1.42877,5.981263,44.63573
L,-0.2303011,0.7736741,0.004170376,0.1739376,0.0186368,-0.02786082,-0.8445794,3.082102,4.120322,44.65015
L,-0.2285709,0.7736675,0.004167884,0.1288552,-0.0004882813,-0.0001855677,-3.35741,-1.424297,2.061052,44.66358
L,-0.2262751,0.7732643,0.003863448,0.1522844,-0.02674674,-0.02019383,1.554108,-1.741776,-1.327188,44.67866
L,-0.2244225,0.7727658,0.003835713,0.1420821,-0.03823051,-0.002127159,-0.7824683,-0.8807491,1.385626,44.6917
L,-0.2229328,0.7722214,0.00399591,0.1095097,-0.04002208,0.0117764,-2.394463,-0.1317023,1.022079,44.7053
L,-0.2221925,0.7724051,0.003357116,0.0491337,0.01219541,-0.04239391,-4.00689,3.465444,-3.595043,44.72037
L,-0.2215742,0.7724743,0.00293316,0.04800892,0.005368779,-0.03291988,-0.08733842,-0.5300831,0.7356516,44.73325
L,-0.2210236,0.7724662,0.002647488,0.04007106,-0.0005856121,-0.02079049,-0.5776969,-0.4333448,0.8827451,44.74699
L,-0.2208203,0.7723721,0.002672854,0.01462914,-0.006770547,0.001824807,-1.830254,-0.4449352,1.626911,44.76089
L,-0.2207372,0.7721478,0.002690779,0.006030341,-0.01629155,0.001301621,-0.6244111,-0.6913778,-0.03799171,44.77466
L,-0.2206169,0.7718173,0.002743641,0.008668267,-0.02381545,0.003809094,0.1900815,-0.5421512,0.1806814,44.78854
L,-0.2204396,0.7713301,0.00285105,0.01140809,-0.03134972,0.00691134,0.1762956,-0.4847968,0.1996159,44.80408
L,-0.2202116,0.7707036,0.00301913,0.01888103,-0.05187441,0.01391698,0.6187575,-1.699439,0.5800652,44.81615
L,-0.2203115,0.770227,0.003502561,-0.007002005,-0.03340575,0.03388464,-1.814193,1.294505,1.399573,44.83042
L,-0.2212422,0.7692379,0.004363156,-0.06317768,-0.06713247,0.05841525,-3.81308,-2.289295,1.665083,44.84515
L,-0.2222736,0.7680851,0.005369953,-0.07804719,-0.0872456,0.07619105,-1.125276,-1.522094,1.345213,44.85837
L,-0.2232442,0.766943,0.006370955,-0.06000977,-0.07060731,0.06188835,1.115189,1.028686,-0.8842843,44.87454
L,-0.2234149,0.7671938,0.006193466,-0.01585755,0.02329354,-0.01648745,4.101431,8.722731,-7.280562,44.88531
L,-0.2235849,0.7674361,0.00602206,-0.01131424,0.01612468,-0.01140431,0.3022842,-0.476973,0.3382018,44.90034
L,-0.2244601,0.7673419,0.006308022,-0.06455094,-0.006950795,0.02109261,-3.926754,-1.702053,2.396982,44.91389
L,-0.2256233,0.7671655,0.006731685,-0.08560302,-0.01298428,0.03117933,-1.549319,-0.4440319,0.7423286,44.92748
L,-0.2268571,0.7669306,0.007221978,-0.0914743,-0.01741463,0.03634823,-0.4352718,-0.3284472,0.3832,44.94097
L,-0.2280501,0.7666602,0.007733035,-0.0834828,-0.01892018,0.0357636,0.5592429,-0.1053582,-0.04091213,44.95526
L,-0.2290466,0.766445,0.007912363,-0.06767426,-0.01461707,0.0121787,1.073604,0.2922373,-1.601721,44.96999
L,-0.2302875,0.7667202,0.008109597,-0.08256564,0.0183098,0.01312274,-0.9907826,2.190757,0.06281137,44.98502
L,-0.2314967,0.7669467,0.008337751,-0.09986413,0.01870668,0.01884352,-1.428701,0.03277838,0.4724847,44.99712
L,-0.2326479,0.7671235,0.008585803,-0.08415975,0.01292352,0.01813313,1.148023,-0.4227608,-0.05193115,45.0108
L,-0.2337379,0.7672584,0.008846653,-0.06918413,0.008565376,0.01655693,0.9505495,-0.2766252,-0.100046,45.02656
L,-0.2335952,0.7673117,0.008798903,0.01097187,0.004096407,-0.003670773,6.161998,-0.3435523,-1.555006,45.03957
L,-0.2335954,0.7674711,0.008760958,-1.526674E-05,0.0108862,-0.00259172,-0.7504458,0.4637583,0.0737017,45.05421
L,-0.2336192,0.767633,0.008732804,-0.002057343,0.0139781,-0.002430952,-0.1763235,0.26697,0.01388152,45.06579
L,-0.2336644,0.7677964,0.008713879,-0.003083882,0.01116304,-0.001292648,-0.07011489,-0.1922745,0.07774876,45.08043
L,-0.2336427,0.767961,0.00864996,0.001404744,0.0106664,-0.00414134,0.2908221,-0.03217787,-0.1845693,45.09586
L,-0.2335075,0.7683297,0.008405284,0.01071149,0.02921894,-0.01938947,0.7375171,1.470204,-1.208346,45.10848
L,-0.2333432,0.768838,0.008074182,0.01103636,0.03413166,-0.02223268,0.02181431,0.3298773,-0.1909143,45.12337
L,-0.2331887,0.7693868,0.007723799,0.01276797,0.04534797,-0.02895672,0.1431059,0.9269505,-0.5556953,45.13548
L,-0.2331227,0.7702718,0.007482681,0.004627307,0.06206528,-0.01690948,-0.5709004,1.172376,0.8448663,45.14973
L,-0.2330827,0.7711589,0.007253836,0.00288564,0.06396108,-0.016499,-0.1255687,0.1366814,0.0295946,45.1636
L,-0.2332486,0.7720715,0.007057268,-0.01204986,0.06626991,-0.01427404,-1.084557,0.1676582,0.1615675,45.17738
L,-0.233429,0.7729349,0.006880828,-0.01262645,0.06045089,-0.01235382,-0.04037124,-0.4074311,0.1344488,45.19166
L,-0.2336167,0.7737424,0.00672392,-0.01239865,0.05331785,-0.01036082,0.01504183,-0.4710032,0.1316001,45.2068
L,-0.2337895,0.7743582,0.00651137,-0.01401512,0.04994489,-0.01723967,-0.13111,-0.2735774,-0.5579367,45.21913
L,-0.2339622,0.7749281,0.006320434,-0.01214754,0.04009829,-0.0134334,0.1313947,-0.6927605,0.2677916,45.23335
L,-0.233861,0.7754969,0.006283193,0.006293918,0.0353675,-0.002315543,1.146659,-0.2941531,0.6912904,45.24943
L,-0.23377,0.7760639,0.006250326,0.008021342,0.04998004,-0.002897138,0.1522642,1.288026,-0.05126487,45.26077
L,-0.2336884,0.7766387,0.00622006,0.005326793,0.0375592,-0.001977527,-0.1760617,-0.8115775,0.06008739,45.27608
L,-0.2328702,0.7793747,0.007234908,0.06535768,0.2185262,0.08105915,4.794862,14.45443,6.632409,45.2886
L,-0.2320568,0.7821733,0.008269163,0.05512175,0.1896692,0.07009405,-0.6937141,-1.955711,-0.7431322,45.30335
L,-0.2285797,0.7881074,0.01228363,0.2349237,0.4009262,0.2712288,12.14794,14.27313,13.58925,45.31815
L,-0.2259748,0.7926648,0.01532186,0.181134,0.3168974,0.211261,-3.740227,-5.84288,-4.169819,45.33253
L,-0.2191717,0.7985449,0.01918869,0.4791474,0.4141381,0.2723444,20.98937,6.848754,4.302166,45.34673
L,-0.2139369,0.8032662,0.02225872,0.4452542,0.4015757,0.2611264,-2.882838,-1.068513,-0.9541694,45.35849
L,-0.2097583,0.8072266,0.02481188,0.2708642,0.2567268,0.1655028,-11.30447,-9.389531,-6.1986,45.37392
L,-0.205163,0.8117492,0.02979697,0.3856084,0.3795014,0.4183142,9.628519,10.30238,21.21414,45.38583
L,-0.2012537,0.8157088,0.03386755,0.2741586,0.2776844,0.2854677,-7.815919,-7.140374,-9.316457,45.40009
L,-0.1987576,0.8216219,0.03659093,0.1798625,0.426084,0.1962391,-6.794707,10.69326,-6.429555,45.41397
L,-0.1962842,0.8267281,0.03912806,0.1567666,0.323637,0.1608058,-1.463843,-6.493202,-2.245802,45.42975
L,-0.1931698,0.8282353,0.04073151,0.2208902,0.1068977,0.1137267,4.548056,-15.37254,-3.339149,45.44385
L,-0.1904027,0.8300112,0.04235142,0.1960483,0.1258235,0.1147706,-1.760038,1.340889,0.07396115,45.45796
L,-0.1877008,0.8320751,0.04407514,0.2105473,0.1608297,0.1343226,1.129853,2.727907,1.523613,45.47079
L,-0.1850086,0.8427454,0.03824924,0.1886003,0.7475072,-0.4081306,-1.537493,41.0994,-38.0013,45.48507
L,-0.1823529,0.8514764,0.03455183,0.1838837,0.6045381,-0.2560098,-0.3265774,-9.89923,10.5329,45.49951
L,-0.1837786,0.8545618,0.02903162,-0.1075804,0.2328188,-0.416549,-21.99354,-28.04951,-12.11411,45.51276
L,-0.1841679,0.857848,0.02518372,-0.03215211,0.2714142,-0.3178019,6.229703,3.187637,8.155632,45.52487
L,-0.1839043,0.8610947,0.02255511,0.01891836,0.2330487,-0.1886839,3.665886,-2.753915,9.268206,45.5388
L,-0.1832051,0.863669,0.01625724,0.04911387,0.1808221,-0.4423765,2.121,-3.66851,-17.81993,45.55304
L,-0.1822491,0.86657,0.01152713,0.06237556,0.1892694,-0.3086042,0.8652244,0.5511196,8.727632,45.56837
L,-0.1835059,0.8691857,0.003681057,-0.09146828,0.190363,-0.5710161,-11.19635,0.07959011,-19.09764,45.58211
L,-0.1840381,0.8720683,-0.002463802,-0.04137706,0.2240973,-0.4777099,3.894162,2.622556,7.253751,45.59497
L,-0.1841053,0.8751247,-0.007566058,-0.003301851,0.1502661,-0.2508488,1.87194,-3.629862,11.15347,45.61531
L,-0.1861434,0.8723921,-0.008462838,-0.09189698,-0.1232074,-0.04043438,-3.994613,-12.33049,9.487251,45.63749
L,-0.1926372,0.8651542,-0.01046221,-0.5102855,-0.5687575,-0.1571112,-32.87711,-35.01147,-9.168507,45.65022
L,-0.1949656,0.863199,-0.01205759,-0.1497447,-0.1257475,-0.1026056,23.18783,28.49176,3.505476,45.66576
L,-0.1990952,0.8601009,-0.01392126,-0.3073693,-0.2305952,-0.1387139,-11.73207,-7.803858,-2.687554,45.6792
L,-0.2022529,0.8580814,-0.01585225,-0.2577103,-0.1648165,-0.1575955,4.052863,5.368457,-1.541005,45.69145
L,-0.2046849,0.8567973,-0.01773024,-0.1769948,-0.09345502,-0.136675,5.874265,5.1935,1.522542,45.70519
L,-0.2047217,0.8562298,-0.01780512,-0.002418155,-0.0372807,-0.004919893,11.46973,3.690667,8.656342,45.72041
L,-0.2048433,0.8559079,-0.01803859,-0.009484282,-0.02511626,-0.01821478,-0.5512925,0.9490583,-1.037254,45.73323
L,-0.2064939,0.8543555,-0.01687088,-0.1237743,-0.1164098,0.08755975,-8.569918,-6.845555,7.931396,45.74657
L,-0.208478,0.8526793,-0.01588505,-0.1372361,-0.1159383,0.06818686,-0.9311217,0.03261203,-1.33997,45.76102
L,-0.2104026,0.8512089,-0.01528095,-0.1396003,-0.1066512,0.04381872,-0.171488,0.6736471,-1.767561,45.77481
L,-0.2105317,0.8508987,-0.01425078,-0.008275711,-0.01988081,0.06602798,8.417106,5.561453,1.423478,45.79041
L,-0.2107405,0.8506434,-0.01358073,-0.01760578,-0.02153716,0.05651541,-0.7869436,-0.1397052,-0.8023369,45.80227
L,-0.2101035,0.8494459,-0.01256252,0.04035294,-0.07585941,0.0645038,3.671708,-3.441337,0.5060678,45.81805
L,-0.2095678,0.8481675,-0.01161139,0.03849605,-0.09186541,0.06834753,-0.1334354,-1.150185,0.2762087,45.83197
L,-0.2086245,0.8465884,-0.009755258,0.07575779,-0.1268239,0.1490731,2.992629,-2.807645,6.483375,45.84442
L,-0.207911,0.8451495,-0.008204035,0.0481563,-0.0971212,0.1046972,-1.862916,2.004731,-2.995081,45.85924
L,-0.2074168,0.8439134,-0.006989663,0.03918774,-0.09801308,0.09629177,-0.7111472,-0.07072014,-0.666493,45.87185
L,-0.2068004,0.8433829,-0.006638916,0.03993914,-0.03437037,0.02272517,0.04868355,4.123469,-4.766446,45.88728
L,-0.2063579,0.8429216,-0.006374027,0.03381355,-0.03525875,0.02024463,-0.4681595,-0.06789615,-0.1895798,45.90037
L,-0.2054567,0.8427876,-0.006451272,0.05841795,-0.008685707,-0.005007267,1.59493,1.722543,-1.636903,45.91579
L,-0.2045232,0.8425987,-0.006532125,0.0864772,-0.01749669,-0.007489423,2.599139,-0.8161644,-0.2299231,45.92659
L,-0.2036098,0.8423632,-0.006609623,0.06574341,-0.01695068,-0.00557813,-1.492377,0.03930048,0.1375711,45.94048
L,-0.202028,0.8417619,-0.007013913,0.09751844,-0.03707079,-0.02492528,1.958992,-1.240443,-1.192789,45.9567
L,-0.2004943,0.8411233,-0.007404787,0.1323419,-0.05509895,-0.03372781,3.004858,-1.555621,-0.7595556,45.96829
L,-0.1986317,0.8408135,-0.008047117,0.1311174,-0.02181374,-0.04521564,-0.08619449,2.34305,-0.8086646,45.9825
L,-0.1969682,0.8404865,-0.008616639,0.105587,-0.02075136,-0.03614936,-1.620497,0.06743259,0.5754651,45.99825
L,-0.1955157,0.8401564,-0.009110837,0.1198105,-0.02723313,-0.04076495,1.173258,-0.5346618,-0.3807266,46.01038
L,-0.1949619,0.8396217,-0.008946719,0.03692459,-0.03564503,0.01094169,-5.525953,-0.5608162,3.447249,46.02538
L,-0.1944644,0.8391474,-0.008822352,0.03920461,-0.03738068,0.00980218,0.1797031,-0.136798,-0.08981189,46.03806
L,-0.1939814,0.8388678,-0.008859442,0.03139041,-0.01816978,-0.002410238,-0.5077951,1.248394,-0.7936074,46.05345
L,-0.1934813,0.8385758,-0.00890638,0.04363973,-0.02548685,-0.004096101,1.068937,-0.6385245,-0.1471168,46.06491
L,-0.1929398,0.8382558,-0.008963388,0.03785729,-0.02237083,-0.003985156,-0.4042219,0.2178254,0.007755599,46.07922
L,-0.192283,0.8381597,-0.009003998,0.04671074,-0.006833288,-0.002888092,0.6296468,1.105012,0.07802191,46.09328
L,-0.1915725,0.8380396,-0.009054125,0.05199282,-0.008789607,-0.003668516,0.3865623,-0.1431707,-0.0571143,46.10694
L,-0.1913565,0.8382149,-0.008983689,0.01493584,0.01211844,0.004869292,-2.561778,1.44539,0.5902255,46.12141
L,-0.1911552,0.8383617,-0.008924414,0.01425781,0.01040541,0.004199615,-0.0480383,-0.121368,-0.04744646,46.13552
L,-0.1912031,0.8385751,-0.008988298,-0.003067151,0.01366997,-0.004092518,-1.109882,0.2091361,-0.5312153,46.15113
L,-0.191247,0.8387914,-0.009059356,-0.003741161,0.01843405,-0.006055735,-0.05744077,0.4060062,-0.16731,46.16286
L,-0.1912853,0.8390109,-0.009136613,-0.002396381,0.01374373,-0.004838137,0.08421552,-0.2937263,0.07625084,46.17883
L,-0.1913179,0.8393668,-0.008929729,-0.002284216,0.02494569,0.01450091,0.007861834,0.7851675,1.355512,46.1931
L,-0.1913489,0.8398165,-0.008661607,-0.002294812,0.03326044,0.0198325,-0.0007837265,0.6150287,0.3943692,46.20662
L,-0.1919399,0.8403977,-0.008611917,-0.04156258,0.04087312,0.003494066,-2.761215,0.5353056,-1.148879,46.22084
L,-0.1926009,0.8410385,-0.008563518,-0.04869528,0.04721314,0.003565976,-0.5255182,0.4671161,0.005298153,46.23441
L,-0.1949268,0.8420061,-0.00841095,-0.2021627,0.08410353,0.01326082,-13.33904,3.20643,0.8426541,46.24592
L,-0.1972221,0.8429436,-0.008266732,-0.147986,0.06044023,0.009298059,3.492893,-1.525625,-0.2554879,46.26143
L,-0.1991988,0.8437374,-0.008148185,-0.151426,0.060806,0.009081361,-0.2635235,0.02801953,-0.01660028,46.27448
L,-0.20507,0.8437805,-0.007459424,-0.427525,0.003142361,0.05015401,-20.10491,-4.198938,2.990819,46.28822
L,-0.2098482,0.8438395,-0.00690521,-0.3443019,0.004251993,0.03993515,5.996818,0.07995693,-0.7363426,46.30209
L,-0.2167145,0.8461444,-0.007233749,-0.4799948,0.1611208,-0.02296654,-9.48562,10.96593,-4.397146,46.3164
L,-0.2220469,0.8478754,-0.007448952,-0.3634509,0.1179878,-0.01466831,7.943655,-2.939952,0.5656087,46.33107
L,-0.2261595,0.8491399,-0.007579692,-0.3235587,0.09948511,-0.01028593,3.138501,-1.455697,0.3447823,46.34378
L,-0.2349519,0.8532339,-0.0122026,-0.6146365,0.2861917,-0.3231649,-20.34781,13.05174,-21.87183,46.35809
L,-0.2419294,0.8563932,-0.01553711,-0.4422374,0.2002388,-0.2113442,10.92684,-5.447785,7.087316,46.37386
L,-0.2483546,0.8535108,-0.01392232,-0.5540566,-0.2485557,0.1392455,-9.642346,-38.70026,30.2319,46.38546
L,-0.2539763,0.8516916,-0.01291827,-0.3508808,-0.1135454,0.06266776,12.68127,8.426702,-4.77962,46.40148
L,-0.2550172,0.8513681,-0.01431142,-0.08214178,-0.02553055,-0.1099354,21.2066,6.945383,-13.62037,46.41415
L,-0.2564083,0.851231,-0.01534236,-0.106007,-0.01044695,-0.07856233,-1.81864,1.149441,2.390773,46.42728
L,-0.2582027,0.8511806,-0.01629275,-0.1239154,-0.003478168,-0.0656319,-1.236717,0.4812497,0.8929491,46.44176
L,-0.2579484,0.8505259,-0.01824306,0.01854436,-0.0477532,-0.1422545,10.39092,-3.229392,-5.588802,46.45547
L,-0.2581901,0.8499166,-0.0202758,-0.01766418,-0.04454388,-0.1485971,-2.646919,0.2346076,-0.4636553,46.46915
L,-0.255862,0.8478231,-0.0188927,0.1460739,-0.1313502,0.08678095,10.27357,-5.446568,14.76853,46.48508
L,-0.2534033,0.8452139,-0.01725154,0.1722404,-0.1827858,0.1149704,1.833077,-3.603292,1.974798,46.49936
L,-0.2517375,0.8430011,-0.01595439,0.1343654,-0.1784904,0.1046279,-3.054984,0.3464651,-0.8342265,46.51176
L,-0.2380686,0.8434414,-0.01531269,1.022604,0.03294449,0.04800708,66.45158,15.81803,-4.235958,46.52512
L,-0.2282245,0.8436442,-0.01488113,0.6422544,0.01322953,0.0281565,-24.8149,-1.286252,-1.2951,46.54045
L,-0.2183041,0.8417987,-0.0123017,0.7101535,-0.1321085,0.1846484,4.860548,-10.40401,11.20246,46.55442
L,-0.2107492,0.840361,-0.01040077,0.5597718,-0.1065265,0.1408471,-11.14235,1.89547,-3.245403,46.56792
L,-0.1951539,0.8383844,-0.006151909,1.030816,-0.1306496,0.2808402,31.13497,-1.594486,9.253242,46.58305
L,-0.182795,0.8367849,-0.00289157,0.9172687,-0.1187137,0.2419814,-8.427418,0.885876,-2.88409,46.59652
L,-0.172719,0.8354219,-0.0002840704,0.8834056,-0.1194973,0.2286088,-2.968896,-0.06869774,-1.172424,46.60793
L,-0.1652894,0.823878,0.0117973,0.4752585,-0.7384471,0.7728302,-26.10867,-39.59346,34.81317,46.62356
L,-0.1584078,0.8154492,0.02115993,0.5369013,-0.6576079,0.7304634,4.809312,6.306999,-3.305418,46.63638
L,-0.1505384,0.8097031,0.02366502,0.5227851,-0.3817315,0.1664205,-0.9377772,18.32725,-37.47097,46.65143
L,-0.1431871,0.8048183,0.02622506,0.5382954,-0.3576903,0.1874577,1.135737,1.760407,1.540442,46.66508
L,-0.1362002,0.8004649,0.02889912,0.5428483,-0.3382345,0.2077621,0.3537391,1.511626,1.577553,46.67796
L,-0.1355585,0.8028728,0.02988708,0.04196782,0.1574858,0.06461759,-32.76019,32.42268,-9.362392,46.69324
L,-0.1339868,0.8037093,0.03104904,0.1131311,0.06020902,0.08363579,5.122192,-7.001792,1.368893,46.70714
L,-0.1316908,0.8064436,0.02829412,0.1841747,0.2193333,-0.2209872,5.698791,12.76422,-24.43546,46.7196
L,-0.1281999,0.8086424,0.02610897,0.2511299,0.1581838,-0.157197,4.816658,-4.399004,4.588974,46.73351
L,-0.1241422,0.8099961,0.02479997,0.2431859,0.08112926,-0.07845108,-0.4760981,-4.61806,4.719423,46.75019
L,-0.1239163,0.8105597,0.02180687,0.02040618,0.05090778,-0.270373,-20.12418,-2.729972,-17.33673,46.76126
L,-0.1229004,0.8107708,0.01972372,0.06414407,0.01332566,-0.1315238,2.76147,-2.372815,8.766497,46.7771
L,-0.1224378,0.8145141,0.01509023,0.03670326,0.2970027,-0.3676272,-2.177192,22.50733,-18.73277,46.7897
L,-0.1211158,0.8172657,0.01162745,0.1001575,0.2084763,-0.2623545,4.807556,-6.707124,7.975896,46.8029
L,-0.1236343,0.8204737,0.01122953,-0.1751197,0.2230645,-0.02766955,-19.14118,1.014375,16.31863,46.81728
L,-0.1249025,0.8228791,0.01090621,-0.0885167,0.1678772,-0.02256507,6.044315,-3.851706,0.3562591,46.83161
L,-0.1253613,0.8246764,0.01063761,-0.03080474,0.1206855,-0.01803645,3.875216,-3.168807,0.3040855,46.8465
L,-0.1258401,0.8243263,0.01202932,-0.03399242,-0.02485526,0.09881631,-0.2263352,-10.33387,8.296926,46.86059
L,-0.1261922,0.8239151,0.01382039,-0.02760424,-0.03223591,0.1404061,0.5007838,-0.5785863,3.260322,46.87334
L,-0.1282728,0.8229814,0.01724358,-0.1571832,-0.07054215,0.2586076,-9.78915,-2.893876,8.929627,46.88658
L,-0.1297324,0.8222569,0.02020746,-0.1025276,-0.05089011,0.2081894,3.839136,1.380403,-3.541486,46.90082
L,-0.1305899,0.8217617,0.0225011,-0.06198721,-0.03579616,0.1658206,2.93089,1.091227,-3.063078,46.91465
L,-0.1322831,0.8203433,0.02453083,-0.1233639,-0.1033473,0.1478822,-4.471798,-4.921662,-1.306964,46.92838
L,-0.1334545,0.8192543,0.02624387,-0.0785788,-0.07304328,0.114909,3.004131,2.032761,-2.2118,46.94328
L,-0.136152,0.8161922,0.03006511,-0.1967537,-0.223354,0.2787185,-8.6196,-10.96357,11.94816,46.95699
L,-0.1381375,0.8137935,0.03326079,-0.1290244,-0.1558743,0.2076666,4.401298,4.385079,-4.617214,46.97238
L,-0.139552,0.8122043,0.03479392,-0.1165295,-0.130922,0.1263053,1.029371,2.055655,-6.702824,46.98452
L,-0.1405776,0.8109606,0.03612236,-0.07573833,-0.09183979,0.09809639,3.012158,2.885962,-2.083038,46.99806
L,-0.1413992,0.8098923,0.03736788,-0.05169827,-0.06722201,0.07837395,1.512712,1.549065,-1.241028,47.01395
L,-0.14251,0.8025436,0.04142535,-0.08589602,-0.568266,0.3137586,-2.644464,-38.74504,18.20197,47.02689
L,-0.1434202,0.7969235,0.04480805,-0.06844678,-0.4226235,0.2543755,1.312167,10.95218,-4.465554,47.04018
L,-0.142796,0.7937157,0.0458485,0.04659582,-0.239438,0.07766202,8.587052,13.6734,-13.19031,47.05358
L,-0.1424552,0.7911419,0.04690674,0.02533523,-0.1913553,0.0786756,-1.58064,3.574757,0.0753554,47.06703
L,-0.1422681,0.7888408,0.04802338,0.01324054,-0.1628518,0.079028,-0.8559802,2.017283,0.02494084,47.08116
L,-0.1426397,0.787128,0.04848008,-0.02357269,-0.1086679,0.02897427,-2.33552,3.43756,-3.175529,47.09692
L,-0.1429857,0.7853838,0.04910558,-0.02401341,-0.1210214,0.04340171,-0.03058026,-0.8571727,1.001077,47.11134
L,-0.142714,0.7854311,0.049173,0.02093897,0.003642159,0.005195416,3.463844,9.606054,-2.944019,47.12431
L,-0.1425551,0.78539,0.04926534,0.01258615,-0.003257175,0.007312712,-0.6615232,-0.5464106,0.1676847,47.13694
L,-0.1423704,0.7852569,0.04943702,0.01231283,-0.008873506,0.01144605,-0.01822182,-0.3744373,0.2755669,47.15194
L,-0.1414731,0.7845694,0.05084058,0.05985508,-0.04585719,0.09362203,3.171225,-2.466934,5.48141,47.16693
L,-0.1404316,0.7835298,0.05266975,0.07546253,-0.07532649,0.1325331,1.130845,-2.135213,2.819324,47.18073
L,-0.1384772,0.7868464,0.05214478,0.1660144,0.2817361,-0.04459435,7.692035,30.33111,-15.04631,47.1925
L,-0.1362477,0.7904236,0.05172101,0.1482621,0.2378829,-0.02818059,-1.18053,-2.916248,1.091519,47.20754
L,-0.1299544,0.8049318,0.04255056,0.4762569,1.097931,-0.6939889,24.82156,65.08561,-50.38616,47.22076
L,-0.125241,0.8156139,0.03612524,0.2664057,0.6037658,-0.3631654,-11.86098,-27.93069,18.69845,47.23845
L,-0.1215715,0.8236749,0.03137711,0.3247575,0.7134168,-0.4202203,5.164268,9.704375,-5.049486,47.24975
L,-0.1129423,0.830936,0.0232894,0.7086797,0.596315,-0.6642061,31.52973,-9.617021,-20.03742,47.26192
L,-0.1061804,0.8369564,0.0171066,0.4757327,0.4235692,-0.4349929,-16.38906,-12.15359,16.12637,47.27614
L,-0.101256,0.8387548,0.01292239,0.3435068,0.125449,-0.2918748,-9.223585,-20.79574,9.983385,47.29047
L,-0.09697113,0.8409635,0.009213303,0.2900991,0.1495351,-0.2511141,-3.615834,1.630687,2.759598,47.30524
L,-0.09813708,0.8383238,0.004248913,-0.09290167,-0.2103249,-0.3955578,-30.51713,-28.67329,-11.50913,47.31779
L,-0.09827234,0.8372173,0.0001195948,-0.007907456,-0.06469182,-0.2414086,4.968939,8.514011,9.011886,47.3349
L,-0.09777336,0.8369948,-0.00362825,0.04895385,-0.02182354,-0.3676927,5.578537,4.205712,-12.38946,47.34509
L,-0.1010569,0.8350003,-0.001424704,-0.1976963,-0.1200835,0.1326703,-14.85022,-5.916001,30.12567,47.3617
L,-0.1046759,0.8329427,0.0006662419,-0.2638174,-0.1499974,0.1524274,-4.820152,-2.180684,1.440269,47.37542
L,-0.1066816,0.8320754,0.002645403,-0.1476084,-0.06383352,0.1456556,8.552356,6.341197,-0.498366,47.38901
L,-0.1078595,0.8316938,0.003639302,-0.09871586,-0.0319743,0.08329432,4.097473,2.669981,-5.226227,47.40094
L,-0.1085113,0.8315798,0.004051808,-0.04764514,-0.008335367,0.03015503,3.733375,1.728055,-3.884592,47.41462
L,-0.1085897,0.8316803,0.00380024,-0.005694992,0.007293397,-0.01825776,3.044568,1.134271,-3.513599,47.4284
L,-0.1086502,0.8318396,0.00343181,-0.004158712,0.01095061,-0.02532293,0.1055917,0.2513677,-0.4856039,47.44295
L,-0.1105681,0.8291503,0.002307075,-0.1326543,-0.1860117,-0.07779486,-8.887691,-13.62335,-3.629341,47.45741
L,-0.1126522,0.8262178,0.0008156489,-0.158085,-0.2224392,-0.1131274,-1.928966,-2.763095,-2.680041,47.47059
L,-0.1143198,0.8238631,-0.0006339889,-0.1138372,-0.1607463,-0.09896194,3.020652,4.211573,0.9670314,47.48524
L,-0.1153034,0.8229309,-0.005682053,-0.07724966,-0.07320532,-0.3964409,2.873337,6.874875,-23.36199,47.49797
L,-0.1161151,0.8221414,-0.009967516,-0.05661724,-0.05507417,-0.2989379,1.439241,1.264761,6.801446,47.51231
L,-0.1160274,0.8118613,-0.009312589,0.006591657,-0.7730565,0.04924994,4.753251,-53.99162,26.1834,47.5256
L,-0.1160279,0.804431,-0.009281076,-3.23089E-05,-0.5196939,0.00220404,-0.4632958,17.72079,-3.290502,47.5399
L,-0.116633,0.799924,-0.01014985,-0.04503889,-0.3354584,-0.06466337,-3.349859,13.71273,-4.97697,47.55334
L,-0.1170776,0.7965302,-0.01103031,-0.02888921,-0.2205356,-0.05721527,1.049465,7.468099,0.4840044,47.56873
L,-0.1174397,0.7936901,-0.01191787,-0.02823898,-0.2214549,-0.06920552,0.05069992,-0.07167655,-0.934911,47.58155
L,-0.1167514,0.7870419,-0.01378331,0.04728344,-0.4567037,-0.1281482,5.188089,-16.16066,-4.04913,47.59611
L,-0.1163088,0.7815131,-0.01548796,0.03326472,-0.4155229,-0.1281148,-1.05359,3.094984,0.002511961,47.60941
L,-0.1144307,0.7790319,-0.01410777,0.1433681,-0.189411,0.1053606,8.405053,17.26088,17.823,47.62251
L,-0.1130671,0.7765901,-0.01334298,0.09472242,-0.1696062,0.05312265,-3.378957,1.375655,-3.628476,47.63691
L,-0.1119848,0.7740844,-0.01294975,0.06697799,-0.1550623,0.02433522,-1.716959,0.9000485,-1.781504,47.65307
L,-0.1101672,0.7696826,-0.01556253,0.1404655,-0.3401846,-0.2019234,5.679337,-14.30682,-17.48595,47.66601
L,-0.1086129,0.7653916,-0.01787506,0.1224336,-0.3379986,-0.1821567,-1.42036,0.1721919,1.557004,47.6787
L,-0.1086833,0.764019,-0.01751433,-0.004689782,-0.09141975,0.02402527,-8.466623,16.42255,13.73206,47.69372
L,-0.1084735,0.7648129,-0.01847536,0.01485367,0.05621961,-0.06805166,1.3839,10.45456,-6.520102,47.70784
L,-0.1081249,0.7655826,-0.01991809,0.02816799,0.06219656,-0.1165853,1.075915,0.4829902,-3.921947,47.72021
L,-0.1076737,0.7660861,-0.02165004,0.02832826,0.03160545,-0.1087215,0.01006121,-1.920324,0.4936402,47.73615
L,-0.1071832,0.7662417,-0.02342156,0.04358514,0.01382415,-0.1574215,1.355763,-1.580088,-4.327601,47.7474
L,-0.1067618,0.7663249,-0.02362234,0.02913154,0.005752242,-0.01387983,-0.9991893,-0.5580177,9.923153,47.76186
L,-0.1067648,0.7684867,-0.02361339,-0.0001949303,0.138626,0.0005738022,-1.880567,8.520563,0.9268428,47.77746
L,-0.1067207,0.7708205,-0.02374669,0.003163678,0.1673405,-0.009557678,0.2408203,2.058898,-0.7264515,47.7914
L,-0.1066343,0.7727345,-0.02399754,0.007435468,0.1647242,-0.02158857,0.3676376,-0.2251608,-1.035399,47.80302
L,-0.1065251,0.7741733,-0.02431087,0.007601015,0.1000945,-0.02179888,0.01151728,-4.49636,-0.01463146,47.8174
L,-0.1065512,0.7741029,-0.02406601,-0.001883945,-0.005062466,0.01762451,-0.6827088,-7.568995,2.837618,47.83129
L,-0.1070728,0.7744526,-0.02349578,-0.03475659,0.02330246,0.03799732,-2.190485,1.890111,1.357552,47.8463
L,-0.1077291,0.7748877,-0.02282685,-0.0466494,0.03092377,0.04754771,-0.8453438,0.5417249,0.6788444,47.86037
L,-0.1084478,0.7753825,-0.02210304,-0.04942503,0.03402905,0.04977497,-0.1908749,0.2135441,0.1531646,47.87491
L,-0.1091066,0.7758316,-0.02148143,-0.05692194,0.038805,0.05370884,-0.647749,0.412652,0.3398949,47.88648
L,-0.1096843,0.7762211,-0.02097276,-0.04048818,0.02729779,0.03565354,1.151875,-0.8065628,-1.265532,47.90075
L,-0.1096593,0.776244,-0.02101635,0.001736686,0.001590668,-0.003029622,2.934516,-1.786577,-2.688377,47.91514
L,-0.1096278,0.7762631,-0.02107861,0.002384459,0.001447929,-0.004711266,0.04902127,-0.01080204,-0.1272612,47.92835
L,-0.1094928,0.7761452,-0.02114906,0.008559923,-0.007476113,-0.004467526,0.3915967,-0.5658888,0.01545598,47.94412
L,-0.1093494,0.776018,-0.02123158,0.01014191,-0.009001451,-0.005836713,0.1119022,-0.1078948,-0.09684952,47.95826
L,-0.1087941,0.7752963,-0.02130007,0.04548889,-0.05912109,-0.005610657,2.895624,-4.105802,0.01851852,47.97047
L,-0.1079717,0.7742199,-0.02141566,0.0610725,-0.07993095,-0.008584206,1.157266,-1.545376,-0.220821,47.98393
L,-0.107098,0.7730709,-0.02155339,0.05589236,-0.07350003,-0.008810152,-0.3313676,0.4113778,-0.01445351,47.99957
L,-0.1066591,0.7728621,-0.02185404,0.03611013,-0.01717965,-0.0247382,-1.627681,4.634039,-1.31056,48.01172
L,-0.1063038,0.7726878,-0.02210411,0.02327694,-0.01142007,-0.01638024,-0.8406158,0.3772713,0.547474,48.02699
L,-0.1050656,0.7715878,-0.02183979,0.08767695,-0.07789286,0.01871732,4.560259,-4.707035,2.485309,48.04111
L,-0.1036796,0.7703471,-0.02155314,0.1120037,-0.100262,0.02316356,1.965814,-1.807627,0.3592957,48.05348
L,-0.1023557,0.7691542,-0.02129036,0.08871242,-0.07993434,0.01760883,-1.560751,1.362163,-0.3722235,48.06841
L,-0.1018593,0.7700214,-0.02146464,0.03732788,0.06521174,-0.01310557,-3.86407,10.91485,-2.309695,48.0817
L,-0.1012259,0.7710664,-0.02168139,0.04178528,0.06893637,-0.01429777,0.2940311,0.2456942,-0.07864283,48.09686
L,-0.1002497,0.7711448,-0.02161156,0.07104343,0.005704296,0.005081676,2.129331,-4.601862,1.410385,48.1106
L,-0.09923758,0.7711845,-0.02153827,0.08348656,0.003274465,0.006045745,1.026398,-0.2004297,0.07952324,48.12273
L,-0.09821113,0.7711967,-0.02146504,0.06815506,0.0008113285,0.004862529,-1.018,-0.1635503,-0.07856458,48.13779
L,-0.09702195,0.7729053,-0.02164782,0.09030601,0.1297527,-0.01388051,1.682137,9.791774,-1.423342,48.15096
L,-0.09574717,0.7746385,-0.02183363,0.09569809,0.1301054,-0.0139486,0.4047829,0.02648017,-0.005111082,48.16428
L,-0.09410286,0.7750163,-0.0213285,0.1093468,0.02512605,0.03359132,0.9076398,-6.981155,3.161417,48.17931
L,-0.09258844,0.7753439,-0.0208796,0.1116412,0.02414932,0.03309218,0.1691436,-0.07200267,-0.03679631,48.19288
L,-0.09160769,0.7764947,-0.02051308,0.07469426,0.08764435,0.02791431,-2.813893,4.835805,-0.3943484,48.20601
L,-0.09065688,0.7775516,-0.0201765,0.05785748,0.06431349,0.02048106,-1.024527,-1.419695,-0.4523169,48.22244
L,-0.08973129,0.7785222,-0.01986491,0.07388451,0.07747792,0.02487246,1.279352,1.050846,0.3505413,48.23497
L,-0.08933076,0.7802961,-0.01979044,0.03117519,0.1380734,0.005796165,-3.324225,4.716373,-1.484779,48.24782
L,-0.08887357,0.7820163,-0.01970618,0.03027985,0.1139267,0.005580692,-0.05929965,-1.599271,-0.01427109,48.26292
L,-0.08853734,0.7844114,-0.01903382,0.0238481,0.1698754,0.04768867,-0.4561811,3.968238,2.986567,48.27702
L,-0.08815207,0.786628,-0.01841317,0.02664805,0.1533188,0.04292804,0.1936647,-1.145175,-0.3292799,48.29147
L,-0.08774684,0.7885975,-0.01786516,0.02999056,0.1457598,0.04055836,0.2473799,-0.5594396,-0.1753804,48.30499
L,-0.08753715,0.7875807,-0.01637835,0.01493769,-0.07243121,0.1059128,-1.072288,-15.54279,4.655513,48.31902
L,-0.08719952,0.7863479,-0.01439658,0.02820454,-0.1029866,0.1655543,1.108294,-2.552551,4.982365,48.33099
L,-0.08767007,0.7850091,-0.01265141,-0.03413105,-0.09710933,0.126587,-4.521556,0.4263098,-2.82652,48.34478
L,-0.08803274,0.7839144,-0.01104834,-0.02540733,-0.0766886,0.1123022,0.6111362,1.430564,-1.000718,48.35905
L,-0.08829167,0.783057,-0.009631881,-0.01732439,-0.05736345,0.09477199,0.5408101,1.293,-1.172905,48.374
L,-0.08823419,0.7825696,-0.009432158,0.004135651,-0.03506621,0.01436778,1.543804,1.604031,-5.784161,48.3879
L,-0.08817878,0.7822406,-0.009255063,0.003874983,-0.0230081,0.01238642,-0.01823171,0.8433722,-0.138581,48.4022
L,-0.08835535,0.7821329,-0.009663413,-0.01425036,-0.008692849,-0.03295771,-1.462884,1.155375,-3.659696,48.41459
L,-0.08875599,0.7818986,-0.01057689,-0.02686071,-0.01571291,-0.06124352,-0.8454552,-0.4706568,-1.896408,48.4295
L,-0.09068753,0.7828848,-0.01341868,-0.1348088,0.06883153,-0.1983383,-7.534062,5.900644,-9.568307,48.44383
L,-0.09260036,0.7839068,-0.01617808,-0.1329368,0.07102498,-0.1917706,0.1300993,0.152439,0.4564317,48.45822
L,-0.09417626,0.7847841,-0.01840673,-0.1161736,0.06467941,-0.1642937,1.235762,-0.4677877,2.025564,48.47179
L,-0.09520946,0.7858301,-0.01980915,-0.08956602,0.09067564,-0.1215728,2.306552,2.253556,3.703383,48.48332
L,-0.09607045,0.7866989,-0.02095459,-0.05310616,0.05358823,-0.07065154,2.248879,-2.287586,3.140873,48.49953
L,-0.09606282,0.7863498,-0.02098781,0.0006238303,-0.02854511,-0.002716921,4.393323,-6.715772,5.554789,48.51176
L,-0.09607036,0.7861061,-0.02102542,-0.0005001304,-0.01615031,-0.002491642,-0.07447916,0.8213406,0.01492814,48.52686
L,-0.09608059,0.7858472,-0.0209962,-0.000705924,-0.01788066,0.002017312,-0.01421169,-0.1194947,0.3113791,48.54134
L,-0.09611101,0.7855279,-0.02097512,-0.002168192,-0.02275353,0.001502547,-0.104221,-0.3473067,-0.03668909,48.55537
L,-0.09616505,0.7851662,-0.02096836,-0.004042813,-0.02706282,0.0005057,-0.1402456,-0.3223896,-0.0745769,48.56873
L,-0.09606375,0.7848481,-0.02070998,0.007501324,-0.02355667,0.01913373,0.8548661,0.2596371,1.379442,48.58224
L,-0.095963,0.7845093,-0.02043166,0.00736069,-0.02475265,0.0203343,-0.0102749,-0.08737948,0.08771548,48.59592
L,-0.09581479,0.7842832,-0.0201437,0.01182336,-0.01804055,0.02297255,0.3560141,0.5354644,0.2104688,48.60846
L,-0.09567883,0.784077,-0.01987113,0.008514711,-0.01290761,0.01706931,-0.2072009,0.3214453,-0.3696841,48.62443
L,-0.09561596,0.7839825,-0.01978724,0.004624149,-0.006953213,0.006170237,-0.2861637,0.4379655,-0.8016632,48.63802
L,-0.09543646,0.7840651,-0.01946872,0.01462234,0.006729723,0.02594703,0.8144703,1.114636,1.611053,48.6503
L,-0.09519281,0.7841988,-0.01903127,0.01534625,0.008420682,0.02755316,0.04559564,0.1065052,0.1011622,48.66618
L,-0.09503949,0.7843413,-0.01854806,0.01108477,0.01030319,0.03493366,-0.3080868,0.1360973,0.5335775,48.68001
L,-0.09489187,0.7845029,-0.01805935,0.01179076,0.01290657,0.03903483,0.05638986,0.2079406,0.3275739,48.69253
L,-0.09475373,0.784677,-0.01758182,0.009205107,0.01159761,0.03182045,-0.1722961,-0.08722337,-0.4807339,48.70753
L,-0.09409349,0.7847656,-0.01562024,0.05422247,0.00727894,0.1610955,3.697065,-0.3546722,10.61675,48.71971
L,-0.09342173,0.7848768,-0.01359545,0.04583489,0.007588821,0.138154,-0.5722941,0.02114355,-1.565324,48.73437
L,-0.09320182,0.785156,-0.01215848,0.01654606,0.02100674,0.1081208,-2.203757,1.009595,-2.259764,48.74766
L,-0.09302391,0.7854031,-0.01095902,0.01276373,0.01772458,0.08605122,-0.2713508,-0.2354677,-1.583308,48.7616
L,-0.09299469,0.7851702,-0.009431995,0.001980392,-0.01578254,0.1034902,-0.7308137,-2.270861,1.181887,48.77635
L,-0.09296662,0.784969,-0.007996018,0.002059142,-0.014755,0.1053254,0.005776139,0.07536759,0.1346011,48.78999
L,-0.09293918,0.7848012,-0.006669773,0.001878162,-0.01148825,0.09077474,-0.0123872,0.2235925,-0.9959163,48.8046
L,-0.09312272,0.7852487,-0.006391003,-0.01406056,0.03428185,0.02135531,-1.220994,3.506242,-5.31791,48.81765
L,-0.09327908,0.785637,-0.006127485,-0.01041369,0.02585906,0.01755074,0.2428875,-0.5609719,-0.2533907,48.83266
L,-0.0938078,0.7868792,-0.005596621,-0.043558,0.1023433,0.04373432,-2.730541,6.301029,2.157092,48.8448
L,-0.09440266,0.7882867,-0.004946257,-0.0360637,0.08532681,0.03942857,0.4543444,-1.031628,-0.2610374,48.8613
L,-0.0949735,0.7896473,-0.00427115,-0.04312466,0.1027918,0.0510015,-0.5334257,1.319406,0.8742868,48.87453
L,-0.09547168,0.7902107,-0.003068042,-0.04117079,0.04655482,0.09942864,0.1614739,-4.647599,4.00217,48.88663
L,-0.09593252,0.7907487,-0.00192976,-0.03167453,0.03697725,0.07823639,0.6526976,-0.6582853,-1.456586,48.90118
L,-0.09780321,0.7925779,-0.002315817,-0.1292537,0.126392,-0.02667436,-6.742173,6.178055,-7.248741,48.91566
L,-0.0997147,0.7944809,-0.002642386,-0.1509295,0.1502541,-0.02578555,-1.711498,1.884131,0.07017925,48.92832
L,-0.1018506,0.797013,-0.004311356,-0.1349172,0.1599473,-0.1054242,1.011454,0.6122891,-5.030552,48.94415
L,-0.1037156,0.7992467,-0.005660311,-0.1432063,0.1715134,-0.1035796,-0.6364796,0.8881066,0.1416399,48.95718
L,-0.1052883,0.8011373,-0.006705936,-0.1206166,0.1449998,-0.0801943,1.732518,-2.033466,1.793536,48.97021
L,-0.1090993,0.8060102,-0.01040735,-0.2790628,0.3568217,-0.2710344,-11.60216,15.51057,-13.97419,48.98387
L,-0.1121668,0.8099756,-0.01323659,-0.1929264,0.2493964,-0.1779437,5.417503,-6.756454,5.854888,48.99977
L,-0.1126099,0.8115854,-0.01560454,-0.03151441,0.1144915,-0.1684053,11.47943,-9.594282,0.6783607,49.01383
L,-0.1131593,0.8130094,-0.01742161,-0.04832936,0.1252622,-0.1598437,-1.479174,0.9474734,0.753146,49.0252
L,-0.1137964,0.8143987,-0.01899586,-0.04113252,0.08970521,-0.1016452,0.4646814,-2.295824,3.757728,49.04069
L,-0.1175254,0.8167264,-0.02299675,-0.2881902,0.1798948,-0.3092015,-19.09336,6.970123,-16.04058,49.05363
L,-0.1208043,0.819002,-0.02649444,-0.2378376,0.1650569,-0.253707,3.652361,-1.076277,4.025335,49.06741
L,-0.1270267,0.8210385,-0.03295058,-0.4413317,0.1444467,-0.4579107,-14.43311,-1.461807,-14.48344,49.08151
L,-0.1319505,0.822968,-0.03805811,-0.3462312,0.1356751,-0.3591492,6.68724,-0.6167956,6.944674,49.09573
L,-0.1360827,0.8248311,-0.04234529,-0.3223889,0.145359,-0.3344817,1.860159,0.7555269,1.924537,49.10855
L,-0.1405841,0.8262433,-0.04817343,-0.3189231,0.1000507,-0.4129223,0.2455448,-3.210083,-5.557498,49.12267
L,-0.1445372,0.8277386,-0.05310425,-0.2828257,0.1069826,-0.35278,2.582622,0.495953,4.30293,49.13664
L,-0.1473599,0.8240361,-0.05435296,-0.1869542,-0.2452233,-0.08270384,6.349705,-23.3271,17.88753,49.15174
L,-0.1500365,0.8217634,-0.05597048,-0.2144462,-0.18208,-0.1295915,-2.202584,5.058877,-3.756517,49.16422
L,-0.1524996,0.8184044,-0.05694012,-0.1498792,-0.2043944,-0.05900314,3.928934,-1.357848,4.295338,49.18066
L,-0.1550394,0.8159736,-0.05831485,-0.2109623,-0.2019071,-0.1141876,-5.073685,0.2066055,-4.583735,49.1927
L,-0.1576054,0.8141721,-0.05994387,-0.1992419,-0.1398845,-0.126492,0.9100776,4.816012,-0.9554334,49.20557
L,-0.1617335,0.8136705,-0.05852903,-0.2781933,-0.03380864,0.09534463,-5.320472,7.148365,14.9494,49.22041
L,-0.1657587,0.8132275,-0.05786303,-0.2997659,-0.03299006,0.04959856,-1.606567,0.06096247,-3.406835,49.23384
L,-0.1685492,0.8109863,-0.05653883,-0.1973879,-0.1585267,0.09366752,7.241708,-8.879839,3.117219,49.24798
L,-0.1713431,0.8091846,-0.0558616,-0.1386578,-0.08942221,0.03361079,2.914755,3.429635,-2.980597,49.26813
L,-0.1741205,0.8076907,-0.05562491,-0.2806838,-0.1509674,0.023919,-14.35283,-6.21962,-0.9794312,49.27802
L,-0.1770398,0.8077582,-0.05538573,-0.2294009,0.005302008,0.01879502,4.02983,12.2797,-0.4026442,49.29075
L,-0.1800049,0.8076922,-0.05539055,-0.2232261,-0.004963024,-0.0003626351,0.4648662,-0.7728077,-1.442293,49.30403
L,-0.1816378,0.8103106,-0.05672595,-0.1275502,0.2045264,-0.1043106,7.473441,16.36365,-8.119588,49.31683
L,-0.1836984,0.8126693,-0.05813645,-0.1484826,0.1699595,-0.1016369,-1.508327,-2.490797,0.1926631,49.33071
L,-0.1845521,0.8148047,-0.05745428,-0.0605173,0.1513741,0.0483578,6.235688,-1.317483,10.63283,49.34482
L,-0.1856817,0.8165863,-0.05701385,-0.07635822,0.120435,0.02977181,-1.07081,-2.091411,-1.256371,49.35961
L,-0.187026,0.8181309,-0.05675529,-0.09838144,0.1130348,0.01892247,-1.611741,-0.5415734,-0.7939951,49.37328
L,-0.1874177,0.8194401,-0.05586389,-0.03003973,0.1004151,0.06836566,5.241478,-0.9678706,3.792053,49.38631
L,-0.1880425,0.8206269,-0.05516206,-0.04395632,0.08349269,0.04937774,-0.9791068,-1.190581,-1.335902,49.40053
L,-0.1879683,0.8216313,-0.05430847,0.005315832,0.07198264,0.06117104,3.531,-0.8248466,0.8451462,49.41448
L,-0.1881106,0.8225897,-0.0535816,-0.009212689,0.06206383,0.04707137,-0.940851,-0.6423316,-0.913079,49.42992
L,-0.1884268,0.8235224,-0.05294819,-0.02390269,0.07050173,0.04787888,-1.110408,0.6378158,0.06103854,49.44315
L,-0.1881241,0.8239916,-0.0519092,0.023599,0.03658536,0.08101315,3.703832,-2.644548,2.583567,49.45598
L,-0.1879807,0.8244922,-0.05093827,0.009479154,0.03306924,0.06414376,-0.932821,-0.2322909,-1.114468,49.47112
L,-0.1871489,0.8245696,-0.05027325,0.06895977,0.00642394,0.05513347,4.93121,-2.209015,-0.7469937,49.48318
L,-0.1864541,0.8246906,-0.04964034,0.0505611,0.008805872,0.04606165,-1.339006,0.1733506,-0.6602229,49.49692
L,-0.1859046,0.8248455,-0.04905648,0.03462759,0.009758113,0.03679176,-1.004056,0.06000583,-0.5841459,49.51279
L,-0.1849608,0.8242242,-0.04808954,0.0838097,-0.05516917,0.0858667,4.367478,-5.765683,4.357962,49.52405
L,-0.1841037,0.8236541,-0.04711754,0.05028816,-0.03345317,0.05702836,-1.966757,1.274109,-1.691987,49.54109
L,-0.1818091,0.8233526,-0.0471195,0.1844009,-0.02422306,-0.0001571721,10.7777,0.7417586,-4.5956,49.55354
L,-0.1796968,0.8231092,-0.04709987,0.1628608,-0.01876838,0.001513097,-1.660769,0.4205621,0.1287797,49.56651
L,-0.1787038,0.8229237,-0.04763488,0.06189261,-0.01156087,-0.03334499,-6.29296,0.4492172,-2.172572,49.58255
L,-0.1779249,0.8227937,-0.04804874,0.05677858,-0.009476676,-0.03016997,-0.3728063,0.1519349,0.231455,49.59627
L,-0.1772588,0.822696,-0.0483914,0.0604995,-0.008879071,-0.03112446,0.337982,0.05428221,-0.08669936,49.60728
L,-0.1762761,0.8222504,-0.04868408,0.06058546,-0.02747237,-0.01804436,0.005299666,-1.146312,0.8064136,49.6235
L,-0.175303,0.8218249,-0.04896503,0.07251657,-0.03170303,-0.0209353,0.8890472,-0.3152481,-0.2154188,49.63692
L,-0.1745164,0.821549,-0.04928156,0.06447878,-0.02261668,-0.02594609,-0.6588676,0.7448196,-0.4107403,49.64912
L,-0.1737936,0.821306,-0.04956619,0.05245427,-0.01763652,-0.02065706,-0.8726887,0.3614387,0.383856,49.6629
L,-0.1731116,0.8210852,-0.04982883,0.04419102,-0.01430425,-0.01701671,-0.5353836,0.215901,0.2358612,49.67833
L,-0.1726868,0.8210626,-0.05008154,0.03231555,-0.001718478,-0.01922406,-0.9033906,0.9574245,-0.167917,49.69147
L,-0.1719576,0.8208209,-0.05027358,0.05303569,-0.01758029,-0.01396858,1.50712,-1.15374,0.3822671,49.70522
L,-0.1718873,0.8207772,-0.05026825,0.004815463,-0.002996016,0.0003648078,-3.302153,0.998741,0.9815602,49.71983
L,-0.1715143,0.8205402,-0.05023006,0.02407219,-0.01529419,0.002464726,1.242746,-0.7936713,0.1355197,49.73532
L,-0.1714025,0.8204456,-0.05014552,0.008704396,-0.007362492,0.006579909,-1.196133,0.6173536,0.3203,49.74817
L,-0.1712872,0.8203515,-0.05006066,0.009865131,-0.008052335,0.007265536,0.09937289,-0.05905883,0.05869788,49.75985
L,-0.1711628,0.8202538,-0.04997289,0.00876179,-0.006881042,0.006178252,-0.07766766,0.08245099,-0.07653727,49.77406
L,-0.1710645,0.8202997,-0.0500089,0.00743473,0.003477735,-0.002725579,-0.1004274,0.7839178,-0.6738123,49.78727
L,-0.1709599,0.8203501,-0.05004903,0.007029648,0.003383681,-0.002695433,-0.0272142,-0.006318719,0.002025297,49.80215
L,-0.1709295,0.8203123,-0.05000333,0.002222334,-0.00276838,0.003341947,-0.3516207,-0.4499794,0.4415912,49.81583
L,-0.1708978,0.820272,-0.04995534,0.002392156,-0.003043948,0.003625946,0.01282938,-0.020818,0.02145489,49.82906
L,-0.1708643,0.8202302,-0.0499058,0.00219507,-0.002731643,0.003243583,-0.0129033,0.02044676,-0.02503351,49.84434
L,-0.1708711,0.8203293,-0.04996937,-0.0004995599,0.007315141,-0.004694377,-0.1989806,0.7418885,-0.5861657,49.85788
L,-0.1708784,0.8204344,-0.05003745,-0.000482144,0.006924805,-0.004486345,0.001147679,-0.0257225,0.01370901,49.87305
L,-0.1709491,0.8205981,-0.05010511,-0.006301216,0.01457413,-0.0060249,-0.5181504,0.6811228,-0.1369983,49.88428
L,-0.1710235,0.820769,-0.05017574,-0.004479538,0.01029226,-0.004252555,0.1096789,-0.2578014,0.1067087,49.90089
L,-0.1713842,0.8213056,-0.05038618,-0.02630687,0.03914076,-0.01534948,-1.592071,2.10419,-0.8094021,49.9146
L,-0.1718789,0.8220379,-0.05067352,-0.04420293,0.06542902,-0.02567288,-1.598959,2.348777,-0.9223645,49.9258
L,-0.1724081,0.8228179,-0.05097959,-0.03584565,0.0528343,-0.02073214,0.5661014,-0.8531346,0.3346726,49.94056
L,-0.1748626,0.8239029,-0.05080947,-0.1544478,0.06827217,0.01070492,-7.462998,0.9714223,1.978165,49.95645
L,-0.177293,0.8249806,-0.05064156,-0.2184861,0.09687929,0.01509486,-5.756943,2.571737,0.3946491,49.96758
L,-0.1836346,0.8275728,-0.04930967,-0.4416615,0.1805343,0.09275917,-15.54307,5.82616,5.408936,49.98193
L,-0.1885613,0.8296302,-0.04827363,-0.3340682,0.1395095,0.07025111,7.295638,-2.781794,-1.526216,49.99668
L,-0.1922267,0.8311629,-0.04751869,-0.2761079,0.1154589,0.05686933,4.366078,-1.811704,-1.008033,50.00996
L,-0.2019438,0.8317028,-0.04309167,-0.726548,0.0403683,0.3310085,-33.67945,-5.61453,20.49741,50.02333
L,-0.2093444,0.8322821,-0.03976091,-0.4931457,0.0385978,0.2219468,15.55288,-0.1179779,-7.267377,50.03834
L,-0.2160667,0.8368473,-0.03661563,-0.5087214,0.3454821,0.2380244,-1.178718,23.22398,1.216702,50.05155
L,-0.2217501,0.8403993,-0.03406727,-0.373775,0.2335988,0.1675956,8.874909,-7.358135,-4.631834,50.06676
L,-0.2267769,0.8432747,-0.03189268,-0.3682869,0.2106667,0.1593227,0.4020905,-1.680132,-0.6061195,50.08041
L,-0.2316526,0.8359649,-0.02173502,-0.3728543,-0.5589858,0.7767707,-0.3492766,-58.85641,47.21712,50.09348
L,-0.2362041,0.831139,-0.01384727,-0.2777357,-0.2944818,0.4813143,5.804185,16.14016,-18.02889,50.10987
L,-0.2313547,0.8221861,-0.005197694,0.3819827,-0.7052096,0.6813204,51.9655,-32.35271,15.75433,50.12257
L,-0.2288415,0.8157884,0.001865069,0.1759659,-0.4479501,0.4945141,-14.42469,18.01257,-13.07963,50.13685
L,-0.2165381,0.8132638,0.009127087,1.066559,-0.2188533,0.6295285,77.20356,19.8599,11.7041,50.14838
L,-0.2080102,0.8110663,0.0154433,0.5250191,-0.1352895,0.3888577,-33.33992,5.144615,-14.81691,50.16463
L,-0.2020545,0.8090824,0.02116536,0.4289138,-0.1428743,0.4120895,-6.921274,-0.5462429,1.673101,50.17851
L,-0.1903571,0.8047162,0.0296327,0.9517138,-0.3552336,0.6889083,42.53535,-17.27769,22.52216,50.1908
L,-0.1815186,0.8011308,0.03706095,0.6309775,-0.2559657,0.530302,-22.89736,7.086727,-11.3229,50.20481
L,-0.1726778,0.8005609,0.03564857,0.6380932,-0.04113178,-0.10194,0.5135902,15.5059,-45.63284,50.21867
L,-0.1655412,0.7996069,0.03592781,0.5089272,-0.06802996,0.01991327,-9.211124,-1.918171,8.689637,50.23269
L,-0.1594936,0.798408,0.03734539,0.4331562,-0.08587346,0.1015329,-5.42703,-1.278024,5.845927,50.24665
L,-0.156519,0.8062118,0.0312342,0.2211474,0.5801856,-0.4543422,-15.76201,49.51883,-41.32709,50.2601
L,-0.1533327,0.8114972,0.02787194,0.2123237,0.35219,-0.2240461,-0.5879731,-15.19259,15.34589,50.27511
L,-0.1497057,0.8181553,0.02560975,0.2862075,0.5254083,-0.1785131,5.830283,13.66891,3.59308,50.28778
L,-0.1460475,0.8229609,0.02457499,0.2534283,0.3329108,-0.07168508,-2.270842,-13.33564,7.40072,50.30222
L,-0.1440766,0.8286103,0.02027598,0.1294927,0.3711701,-0.2824455,-8.142601,2.513647,-13.84701,50.31744
L,-0.1416538,0.832996,0.01754664,0.1900446,0.3440118,-0.2140877,4.749645,-2.130276,5.361937,50.33018
L,-0.1389963,0.8364756,0.01583483,0.1746813,0.2287252,-0.1125229,-1.009877,-7.578156,6.676179,50.3454
L,-0.1378815,0.8374315,0.014217,0.07497234,0.06428377,-0.1088004,-6.705515,-11.05884,0.2503387,50.36027
L,-0.1364853,0.8384457,0.01311113,0.1062101,0.07715014,-0.08412571,2.376318,0.9787701,1.877053,50.37341
L,-0.1359006,0.8403118,0.0111858,0.04140709,0.1321414,-0.1363355,-4.588795,3.894012,-3.697052,50.38754
L,-0.1348431,0.8422656,0.009513566,0.08750592,0.1616753,-0.138373,3.814562,2.443859,-0.1685976,50.39962
L,-0.1334239,0.8442577,0.008057101,0.1006002,0.1412123,-0.103246,0.9282277,-1.450585,2.490085,50.41373
L,-0.1332946,0.844002,0.008480516,0.009431953,-0.01864653,0.03088365,-6.649752,-11.66,9.783329,50.42744
L,-0.1329372,0.8436857,0.009141971,0.02499666,-0.0221243,0.04626374,1.088633,-0.2432435,1.075719,50.44173
L,-0.1330907,0.843861,0.009412487,-0.01012852,0.0115732,0.01785349,-2.318191,2.223967,-1.875019,50.45689
L,-0.1331915,0.8442138,0.009766514,-0.008111227,0.02839949,0.02850312,0.1624141,1.354703,0.8574129,50.46931
L,-0.1344197,0.8453046,0.009991264,-0.0863671,0.07670417,0.01580385,-5.502765,3.396668,-0.8929821,50.48353
L,-0.1356806,0.8467939,0.0102029,-0.08169816,0.0964919,0.01371218,0.3025046,1.282065,-0.135521,50.49896
L,-0.1366732,0.8483788,0.01035115,-0.06957199,0.1110879,0.01039079,0.8499478,1.023063,-0.2328026,50.51323
L,-0.1378091,0.8496402,0.009447153,-0.09886236,0.1097848,-0.07867748,-2.549235,-0.1134116,-7.751897,50.52472
L,-0.1386782,0.8509232,0.00860505,-0.06117729,0.09031787,-0.05927825,2.652771,-1.37034,1.365572,50.53893
L,-0.1396367,0.852024,0.008583136,-0.06373668,0.07319809,-0.001457288,-0.1702006,-1.13847,3.845109,50.55396
L,-0.1403809,0.8531131,0.008528507,-0.05872545,0.08594691,-0.004310824,0.3954443,1.006029,-0.2251768,50.56664
L,-0.140974,0.8542053,0.008444887,-0.04154905,0.07651323,-0.005858005,1.203284,-0.6608719,-0.108387,50.58091
L,-0.1426694,0.8540001,0.009635436,-0.1213006,-0.01468255,0.08517889,-5.705891,-6.52468,6.513312,50.59489
L,-0.1444069,0.8539306,0.01085609,-0.1180613,-0.00472233,0.08294092,0.2201032,0.6767788,-0.1520658,50.6096
L,-0.1466588,0.8547969,0.01118577,-0.1546971,0.05951094,0.02264801,-2.516735,4.41257,-4.141883,50.62416
L,-0.1485962,0.8556871,0.01145371,-0.144286,0.06629971,0.01995392,0.775344,0.5055783,-0.2006364,50.63759
L,-0.150081,0.8549942,0.01227651,-0.1043482,-0.04870141,0.05782657,2.806825,-8.082267,2.661686,50.65182
L,-0.1513772,0.854506,0.01297949,-0.1041647,-0.03923494,0.05649386,0.01474843,0.7607536,-0.1071009,50.66426
L,-0.1525282,0.8541776,0.01358598,-0.0805904,-0.02299095,0.04246469,1.650601,1.137357,-0.9822816,50.67854
L,-0.1540131,0.8536453,0.01376832,-0.1007948,-0.03613332,0.01237632,-1.37143,-0.8920748,-2.042331,50.69328
L,-0.1554094,0.8532298,0.01395026,-0.1051187,-0.03128141,0.01369768,-0.3255291,0.3652781,0.09947868,50.70656
L,-0.1577194,0.8531107,0.01400625,-0.1628732,-0.008392449,0.003947947,-4.072076,1.613826,-0.6874216,50.72074
L,-0.1598972,0.8530563,0.01408078,-0.1734199,-0.004333422,0.005934278,-0.8398449,0.3232228,0.1581728,50.7333
L,-0.161856,0.8530535,0.01416677,-0.1411436,-0.0002061572,0.006196662,2.32574,0.297399,0.01890664,50.74718
L,-0.1642748,0.8538567,0.01327498,-0.163335,0.05424073,-0.06022085,-1.49854,3.676693,-4.485047,50.76199
L,-0.1665317,0.8545942,0.01252164,-0.1585286,0.05180282,-0.05291624,0.337608,-0.1712438,0.5130925,50.77622
L,-0.1705229,0.8549747,0.01278835,-0.2854003,0.02721375,0.01907141,-9.072186,-1.758286,5.147607,50.79021
L,-0.1740162,0.8553424,0.01300983,-0.277838,0.02924473,0.01761523,0.6014606,0.1615315,-0.1158151,50.80278
L,-0.1769817,0.8556839,0.01318301,-0.2032935,0.0234089,0.01187147,5.110191,-0.4000597,-0.3937486,50.81737
L,-0.1823865,0.8551467,0.0145698,-0.3605161,-0.03583413,0.0925037,-10.48726,-3.951706,5.378437,50.83236
L,-0.1869059,0.8548065,0.01564609,-0.3797226,-0.02858073,0.09043008,-1.613739,0.6094345,-0.1742269,50.84426
L,-0.1894889,0.8544099,0.01612638,-0.163632,-0.02512536,0.0304266,13.68942,0.2188989,-3.801245,50.86005
L,-0.1917952,0.8541538,0.01651982,-0.1850018,-0.02054487,0.03156048,-1.714186,0.3674264,0.09095463,50.87251
L,-0.1930017,0.8524672,0.01839119,-0.085297,-0.1192397,0.1323,7.048819,-6.977413,7.121968,50.88666
L,-0.1944603,0.8509995,0.020095,-0.1038999,-0.1045474,0.1213701,-1.325173,1.046601,-0.7785857,50.9007
L,-0.1960845,0.8497419,0.02161488,-0.1167825,-0.09042444,0.1092783,-0.9262494,1.015426,-0.8693913,50.9146
L,-0.1986075,0.8487561,0.02321503,-0.1892944,-0.07395714,0.1200544,-5.44034,1.235491,0.8084998,50.92793
L,-0.2010995,0.847876,0.02467174,-0.1757918,-0.06208793,0.1027632,0.9525374,0.8373093,-1.219803,50.94211
L,-0.2007567,0.847417,0.02467453,0.02398913,-0.03212176,0.0001948693,13.98061,2.097024,-7.177704,50.9564
L,-0.2006602,0.8471255,0.02471118,0.006915493,-0.02089171,0.002626814,-1.223552,0.8047816,0.174281,50.97035
L,-0.2006652,0.8468236,0.02478398,-0.0003508294,-0.02121314,0.005115826,-0.5106764,-0.02258988,0.1749275,50.98458
L,-0.1941478,0.8444552,0.02587552,0.4815378,-0.1749929,0.08064898,35.60434,-11.36202,5.580767,50.99812
L,-0.1882605,0.8421246,0.02705781,0.4330282,-0.1714191,0.08696119,-3.568042,0.2628718,0.4642842,51.01171
L,-0.1760819,0.8429026,0.02311081,0.7945641,0.05075597,-0.2575117,23.58747,14.49523,-22.47425,51.02704
L,-0.1671169,0.8433034,0.0204195,0.6396607,0.02860047,-0.1920281,-11.05254,-1.58082,4.672331,51.04105
L,-0.1559121,0.8468077,0.01549619,0.8895438,0.2781979,-0.3908594,19.83809,19.8154,-15.78511,51.05365
L,-0.1471637,0.8492785,0.0119033,0.5959803,0.168322,-0.2447646,-19.99894,-7.485265,9.952669,51.06833
L,-0.1400411,0.8510685,0.009132661,0.5027325,0.1263463,-0.1955588,-6.58168,-2.96276,3.473076,51.0825
L,-0.1319598,0.848035,0.01013848,0.637324,-0.2392355,0.07932322,10.61443,-28.83125,21.6783,51.09518
L,-0.1250204,0.8459499,0.01056699,0.5185625,-0.1558135,0.03202084,-8.874746,6.233915,-3.534788,51.10856
L,-0.1204676,0.8396885,0.01496823,0.2817526,-0.3874823,0.2723702,-14.65493,-14.33678,14.87397,51.12472
L,-0.1159574,0.8351466,0.01799128,0.3853691,-0.3880836,0.258303,8.853473,-0.05138221,-1.201966,51.13642
L,-0.1114512,0.8316498,0.02009845,0.2864411,-0.2222774,0.1339433,-6.288405,10.53955,-7.904982,51.15215
L,-0.1169316,0.8313383,0.01598519,-0.444513,-0.02526493,-0.3336217,-59.28689,15.97946,-37.92369,51.16448
L,-0.1231793,0.8305541,0.01047205,-0.4339695,-0.05447221,-0.3829457,0.7323588,-2.028753,-3.426073,51.17888
L,-0.1237192,0.8298139,0.01242383,-0.0396235,-0.05432006,0.143238,28.94049,0.01116622,38.61588,51.1925
L,-0.1237741,0.8291228,0.01380928,-0.003662856,-0.0461702,0.09255531,2.402362,0.5444537,-3.385874,51.20747
L,-0.1239499,0.8285592,0.0151683,-0.01434338,-0.04596589,0.1108464,-0.8711369,0.01666415,1.491878,51.21973
L,-0.1238163,0.8278776,0.01642951,0.009394175,-0.047927,0.08868486,1.669167,-0.1379007,-1.558344,51.23396
L,-0.1234159,0.8271047,0.017585,0.02895107,-0.05588114,0.0835373,1.413878,-0.575049,-0.3721462,51.24779
L,-0.1220862,0.8204671,0.01962249,0.09477117,-0.4730832,0.1452191,4.69123,-29.73546,4.396277,51.26182
L,-0.1205126,0.814639,0.02136815,0.1051213,-0.3893468,0.1166191,0.6914456,5.594035,-1.910631,51.27679
L,-0.1189932,0.8132095,0.01885357,0.1179841,-0.1109995,-0.1952552,0.998788,21.61347,-24.21682,51.28967
L,-0.1174928,0.8117331,0.01693174,0.09987571,-0.09828514,-0.1279319,-1.205438,0.8463682,4.481564,51.30469
L,-0.1159285,0.8101507,0.01534475,0.1249458,-0.1263902,-0.1267578,2.002433,-2.244839,0.09378213,51.31721
L,-0.1155628,0.809256,0.01572222,0.02392944,-0.05854499,0.02470086,-6.610296,4.439641,9.911127,51.33249
L,-0.1150756,0.8083033,0.01601823,0.03687426,-0.07209873,0.02240075,0.9796209,-1.025702,-0.1740651,51.3457
L,-0.1142464,0.8061204,0.0171261,0.05472241,-0.1440671,0.07311717,1.177942,-4.749765,3.347182,51.36086
L,-0.1141116,0.8036638,0.01611235,0.01140499,-0.2077369,-0.08572502,-3.663033,-5.384085,-13.4321,51.37268
L,-0.113776,0.80112,0.01511987,0.02432548,-0.1844148,-0.07195093,0.9366784,1.690752,0.9985605,51.38647
L,-0.1132833,0.798631,0.01420811,0.03437199,-0.1736254,-0.06360091,0.7008066,0.7526225,0.5824662,51.40081
L,-0.1126843,0.7962441,0.01338076,0.04021917,-0.1602723,-0.05555444,0.3926237,0.8966295,0.5403005,51.4157
L,-0.1125093,0.7907754,0.01622277,0.01381954,-0.4318053,0.2244026,-2.084489,-21.43999,22.10514,51.42837
L,-0.1128889,0.7878111,0.01707886,-0.02721874,-0.2125444,0.06138374,-2.942543,15.72153,-11.68884,51.44231
L,-0.1130148,0.785228,0.01765145,-0.008155721,-0.1673644,0.03709827,1.23511,2.927258,-1.573477,51.45775
L,-0.1129843,0.7828393,0.01807215,0.002385661,-0.1871404,0.0329603,0.8258697,-1.549365,-0.3241916,51.47051
L,-0.1128511,0.7805261,0.01840259,0.01014694,-0.1761739,0.02516649,0.5911022,0.8352146,-0.5935796,51.48364
L,-0.1139443,0.7801615,0.01764625,-0.07609564,-0.02537921,-0.0526475,-6.00318,10.49653,-5.416482,51.49801
L,-0.1149086,0.7795635,0.01693727,-0.06899105,-0.04278538,-0.05072461,0.508304,-1.245339,0.1375748,51.51199
L,-0.1154175,0.7787204,0.01581157,-0.03481833,-0.05767223,-0.07700814,2.337728,-1.018398,-1.798035,51.5266
L,-0.1242099,0.7764678,0.006219116,-0.6283679,-0.1609912,-0.6855519,-42.4197,-7.383981,-43.4913,51.5406
L,-0.1305763,0.7743847,-0.0007973801,-0.4928855,-0.1612707,-0.5432169,10.48905,-0.02163896,11.01957,51.55351
L,-0.1354742,0.7724122,-0.006267959,-0.3525439,-0.1419807,-0.3937615,10.10151,1.388454,10.7575,51.56741
L,-0.1415795,0.7672576,-0.008865115,-0.4165728,-0.3517008,-0.1772069,-4.368763,-14.30944,14.77577,51.58206
L,-0.1465319,0.7630271,-0.0113823,-0.3261886,-0.2786472,-0.1657951,5.953186,4.811701,0.751641,51.59724
L,-0.1507792,0.759366,-0.0138463,-0.3063891,-0.2640943,-0.1777441,1.428264,1.04979,-0.8619602,51.61111
L,-0.1667068,0.76277,-0.02011057,-1.360926,0.2908501,-0.5352482,-90.10445,47.417,-30.54679,51.62281
L,-0.1787562,0.7645985,-0.02528481,-0.7446213,0.1129958,-0.3197542,38.08593,-10.99091,13.31693,51.63899
L,-0.1873894,0.7640927,-0.0267829,-0.7010993,-0.04107613,-0.1216586,3.534401,-12.51209,16.08723,51.65131
L,-0.1950852,0.7632852,-0.02868593,-0.525911,-0.05518444,-0.1300494,11.97199,-0.9641312,-0.5734138,51.66594
L,-0.2020558,0.7623098,-0.03082337,-0.5104192,-0.07142109,-0.1565127,1.134379,-1.188922,-1.937761,51.6796
L,-0.2082048,0.7661526,-0.03344124,-0.4864012,0.3039708,-0.2070787,1.899871,29.69425,-3.999871,51.69224
L,-0.2137479,0.7696919,-0.03292156,-0.4052086,0.2587362,0.03798953,5.935345,-3.306744,17.91499,51.70592
L,-0.2193424,0.7720528,-0.03321446,-0.3807296,0.1606633,-0.01993333,1.665896,-6.674255,-3.941883,51.72061
L,-0.2249759,0.7736625,-0.03403101,-0.4019578,0.1148569,-0.0582615,-1.514657,-3.268335,-2.734757,51.73463
L,-0.2306287,0.774808,-0.03517221,-0.4322742,0.08760119,-0.08726902,-2.318336,-2.084285,-2.218247,51.7477
L,-0.2294749,0.7762744,-0.03242972,0.08125987,0.1032753,0.193156,36.16869,1.103942,19.7506,51.7619
L,-0.222271,0.7762985,-0.02779676,0.5185252,0.001733251,0.3334711,31.4735,-7.308796,10.09961,51.77579
L,-0.2168785,0.7763613,-0.02391878,0.3909329,0.004554411,0.2811368,-9.249877,0.2045216,-3.794006,51.78959
L,-0.214161,0.7764472,-0.02153177,0.1746027,0.005518536,0.1533676,-13.89943,0.06194596,-8.2093,51.80515
L,-0.2130088,0.7765347,-0.02012032,0.08054167,0.006116667,0.09866771,-6.575341,0.0418124,-3.823798,51.81946
L,-0.2066036,0.7836545,-0.01954238,0.3060667,0.3402154,0.02761611,10.77653,15.96464,-3.395143,51.84039
L,-0.1993404,0.7895991,-0.01955092,1.090497,0.8925222,-0.001281668,117.7742,82.9232,-4.338705,51.84705
L,-0.1913221,0.7971336,-0.0194799,0.5951192,0.5592087,0.005270728,-36.7668,-24.73843,0.4863169,51.86052
L,-0.1905609,0.7978892,-0.01947019,0.05601773,0.05560868,0.0007150127,-39.67496,-37.06224,-0.3352761,51.87411
L,-0.1882294,0.8005445,-0.01941526,0.172846,0.1968503,0.004072233,8.661154,10.47105,0.24889,51.8876
L,-0.1862005,0.803476,-0.02326618,0.1229448,0.1776396,-0.2333557,-3.023879,-1.164117,-14.38749,51.9041
L,-0.1871563,0.8060755,-0.02709438,-0.07373708,0.2005408,-0.2953318,-15.17333,1.766749,-4.781249,51.91706
L,-0.1877045,0.8085359,-0.03009776,-0.03909013,0.1754582,-0.2141783,2.470754,-1.788695,5.787246,51.93108
L,-0.1903558,0.8082947,-0.03190789,-0.2206448,-0.02006944,-0.1506393,-15.10904,-16.27187,5.287737,51.9431
L,-0.1924757,0.8084335,-0.03355248,-0.1662786,0.0108842,-0.1290009,4.264447,2.427981,1.697295,51.95585
L,-0.194173,0.8088613,-0.03505143,-0.1222356,0.03080786,-0.1079504,3.171873,1.434854,1.516009,51.96973
L,-0.1976924,0.8065196,-0.03532571,-0.2603289,-0.1732065,-0.02028792,-10.21454,-15.09061,6.484252,51.98325
L,-0.2007844,0.804768,-0.03574979,-0.1971184,-0.1116701,-0.02703572,4.029729,3.923003,-0.4301791,51.99894
L,-0.2032671,0.803624,-0.03624809,-0.2114413,-0.09742527,-0.04243891,-1.219841,1.21319,-1.311843,52.01068
L,-0.2038421,0.7996189,-0.03564336,-0.03945824,-0.2748487,0.04149931,11.80218,-12.17552,5.760183,52.02525
L,-0.2044954,0.7964275,-0.0352925,-0.04856889,-0.2372642,0.02608497,-0.6773405,2.794252,-1.145995,52.0387
L,-0.2033923,0.7899324,-0.03206143,0.08068412,-0.4750759,0.2363298,9.453934,-17.39422,15.37791,52.05238
L,-0.2027689,0.7850739,-0.02975267,0.04587486,-0.3575546,0.1699121,-2.561774,8.648935,-4.887979,52.06596
L,-0.2016694,0.7833437,-0.02836163,0.07573465,-0.1191704,0.09581,2.056638,16.41907,-5.103898,52.08048
L,-0.2010039,0.7819654,-0.02740567,0.04161666,-0.08619469,0.05978056,-2.133547,2.062114,-2.253078,52.09647
L,-0.2008466,0.7819912,-0.02756788,0.0112079,0.001843733,-0.0115613,-2.167339,6.274808,-5.084785,52.1105
L,-0.2007728,0.7819649,-0.02765344,0.0068888,-0.002459491,-0.007988302,-0.4032145,-0.4017323,0.3335612,52.12122
L,-0.2007052,0.7818958,-0.02773448,0.004309592,-0.004403547,-0.005161356,-0.1642672,-0.123815,0.1800454,52.13692
L,-0.2006426,0.7817865,-0.0278118,0.005007493,-0.0087479,-0.006190314,0.05587979,-0.3478455,-0.0823871,52.14941
L,-0.2015923,0.783435,-0.02944046,-0.06674033,0.1158554,-0.1144624,-5.042429,8.757106,-7.609352,52.16364
L,-0.2069987,0.7878253,-0.03543136,-0.38429,0.3120636,-0.4258345,-22.57152,13.94653,-22.13241,52.1777
L,-0.2110829,0.7909682,-0.03986057,-0.2999004,0.2307861,-0.3252352,6.196702,-5.968184,7.386971,52.19132
L,-0.2142285,0.7932005,-0.0431977,-0.2018114,0.1432139,-0.214099,6.293059,-5.618338,7.130126,52.20691
L,-0.2222455,0.7995287,-0.05021387,-0.5583467,0.4407296,-0.4886416,-24.83092,20.7205,-19.12053,52.22127
L,-0.2284057,0.8043134,-0.05562583,-0.5192487,0.4033059,-0.4561781,3.295604,-3.154474,2.736372,52.23313
L,-0.2335912,0.8128563,-0.06189423,-0.3801319,0.6262497,-0.4595142,10.19816,16.34323,-0.2445557,52.24677
L,-0.2380211,0.8195889,-0.0670291,-0.3143643,0.4777765,-0.364395,4.667184,-10.53637,6.750112,52.26086
L,-0.2425031,0.8194654,-0.06386358,-0.3251051,-0.008958218,0.2296127,-0.7790904,-35.30564,43.08676,52.27465
L,-0.2460836,0.8199315,-0.06242216,-0.2261681,0.02944277,0.09105068,6.249574,2.425684,-8.752579,52.29048
L,-0.2493681,0.8207778,-0.06185057,-0.2419998,0.06235508,0.0421135,-1.166434,2.424891,-3.605562,52.30405
L,-0.2581102,0.81643,-0.0564209,-0.6853098,-0.340839,0.425644,-34.75211,-31.60733,30.06585,52.31681
L,-0.2652743,0.8137779,-0.05278648,-0.5278334,-0.1953959,0.2677746,11.60244,10.71586,-11.63139,52.33038
L,-0.2666165,0.8122921,-0.04201217,-0.1019223,-0.1128331,0.8181987,32.34358,6.269797,41.79906,52.34355
L,-0.2686895,0.8114407,-0.03400413,-0.1415202,-0.05812174,0.546682,-2.703212,3.734965,-18.53554,52.3582
L,-0.27121,0.810984,-0.02790215,-0.1837393,-0.0332922,0.4448268,-3.077722,1.810043,-7.425118,52.37192
L,-0.2672679,0.8189479,-0.008813281,0.283589,0.5729067,1.373225,33.61891,43.60905,66.78761,52.38582
L,-0.2652757,0.82496,0.006116027,0.1401574,0.4229863,1.050357,-10.09118,-10.5477,-22.71554,52.40003
L,-0.2611431,0.8199239,0.04289537,0.2882746,-0.3513006,2.565589,10.3321,-54.01135,105.697,52.41437
L,-0.2586772,0.816615,0.07229251,0.1860787,-0.2496852,2.218274,-7.711581,7.66778,-26.20799,52.42762
L,-0.2450205,0.8124645,0.105394,0.9521308,-0.2893659,2.307808,53.4085,-2.766504,6.242221,52.44196
L,-0.2349826,0.8095383,0.1329627,0.7501103,-0.2186698,2.060142,-15.09649,5.282936,-18.50748,52.45535
L,-0.2274711,0.8073704,0.1566961,0.5500262,-0.1587421,1.737867,-14.65107,4.38818,-23.59845,52.469
L,-0.2224525,0.7899868,0.178339,0.3658503,-1.267246,1.577742,-13.4262,-80.80856,-11.67293,52.48272
L,-0.2181708,0.7775549,0.1984378,0.2866206,-0.8322148,1.345446,-5.303778,29.12175,-15.55029,52.49766
L,-0.2276887,0.758849,0.1957256,-0.7227875,-1.420522,-0.205963,-76.6542,-44.67587,-117.8136,52.51083
L,-0.233891,0.7445254,0.1978331,-0.4544133,-1.049425,0.1544061,19.66257,27.18856,26.40263,52.52448
L,-0.2380534,0.7326911,0.2032699,-0.272102,-0.7736362,0.3554171,11.91816,18.02905,13.14061,52.53977
L,-0.2467746,0.7229479,0.1988891,-0.6573383,-0.734366,-0.3301882,-29.03605,2.959877,-51.67548,52.55304
L,-0.2530675,0.713963,0.1989987,-0.40532,-0.5787085,0.007058124,16.23221,10.02572,21.72165,52.56857
L,-0.253345,0.7203643,0.1945386,-0.01936901,0.4467727,-0.3112811,26.93683,71.57182,-22.21798,52.58289
L,-0.2537162,0.7228481,0.1935451,-0.03387502,0.2267094,-0.0906843,-1.324047,-20.08644,20.13514,52.59385
L,-0.2540984,0.7237675,0.1937964,-0.02828557,0.06804506,0.01859715,0.4136761,-11.74277,8.087938,52.60736
L,-0.2458356,0.739535,0.1644566,0.5174438,0.9874246,-1.837376,34.17575,57.57521,-116.2284,52.62333
L,-0.2399988,0.7501724,0.1466658,0.4115378,0.7500042,-1.254366,-7.467082,-16.73973,41.10606,52.63751
L,-0.235762,0.758035,0.1253764,0.3488193,0.6473432,-1.752792,-5.163722,-8.452256,-41.03622,52.64966
L,-0.2325651,0.7634663,0.1105003,0.2336996,0.3970388,-1.087476,-8.415484,-18.29776,48.63602,52.66334
L,-0.2285523,0.7679779,0.08111756,0.2824741,0.3175853,-2.068344,3.433387,-5.592984,-69.04636,52.67754
L,-0.2253085,0.7713931,0.06016084,0.2296974,0.241833,-1.483976,-3.737193,-5.36413,41.37995,52.69167
L,-0.2225626,0.77412,0.043041,0.1973234,0.195955,-1.230225,-2.326383,-3.296775,18.2344,52.70558
L,-0.2259337,0.7706255,0.02841602,-0.1969053,-0.2041138,-0.854245,-23.02689,-23.36801,21.96101,52.7227
L,-0.2279358,0.7684245,0.01536901,-0.1580866,-0.1737905,-1.030179,3.065083,2.394297,-13.89159,52.73537
L,-0.2322654,0.7677251,0.001345236,-0.3479389,-0.05620114,-1.126992,-15.25709,9.449827,-7.780187,52.74781
L,-0.2351864,0.7673658,-0.01152477,-0.1986805,-0.02444295,-0.8754008,10.15235,2.160151,17.11292,52.76251
L,-0.2372279,0.7672153,-0.02362773,-0.149822,-0.01104073,-0.8882191,3.585662,0.9835695,-0.9407151,52.77614
L,-0.2395118,0.7707152,-0.03453977,-0.1833234,0.2809151,-0.8758503,-2.688981,23.4337,0.992776,52.7886
L,-0.2412411,0.7733647,-0.04540968,-0.1207535,0.1850152,-0.759052,4.369296,-6.69675,8.156088,52.80292
L,-0.2480489,0.7688229,-0.03676807,-0.4346412,-0.2899644,0.5517164,-20.03989,-30.32465,83.68488,52.81858
L,-0.2539269,0.7651786,-0.03225173,-0.4703502,-0.2916142,0.3613952,-2.857417,-0.1320184,-15.22942,52.83108
L,-0.2561865,0.763881,-0.01527984,-0.1541779,-0.08854031,1.158011,21.57279,13.85596,54.35401,52.84573
L,-0.2582885,0.7628995,-0.004354022,-0.1642884,-0.07671344,0.853947,-0.7902249,0.9243714,-23.76524,52.85853
L,-0.2602935,0.7621107,0.002327196,-0.1296501,-0.05100672,0.4320279,2.23982,1.662275,-27.28257,52.87399
L,-0.2602802,0.7605931,0.03218459,0.001006974,-0.114714,2.256902,9.876289,-4.815593,137.9411,52.88722
L,-0.2607544,0.759378,0.0543018,-0.03252551,-0.08333742,1.516979,-2.299932,2.152062,-50.74994,52.9018
L,-0.2592745,0.7451262,0.08914223,0.1248994,-1.202838,2.940505,13.28654,-94.48501,120.1445,52.91365
L,-0.2585802,0.7347616,0.1163528,0.04932461,-0.7363228,1.933084,-5.368963,33.14207,-71.56894,52.92773
L,-0.2583941,0.7266443,0.1381467,0.01315989,-0.573869,1.540765,-2.556733,11.48498,-27.73573,52.94187
L,-0.2685534,0.6965783,0.1576009,-0.736096,-2.178448,1.409561,-54.28771,-116.2606,-9.506417,52.95567
L,-0.2760616,0.6753922,0.1746593,-0.5265474,-1.485771,1.196296,14.69553,48.57706,-14.9562,52.96993
L,-0.2798924,0.6683819,0.1735442,-0.2624763,-0.4803156,-0.07639853,18.09322,68.89027,-87.20052,52.98453
L,-0.2833238,0.6608324,0.1756946,-0.2637853,-0.5803702,0.1653077,-0.1006255,-7.691709,18.58118,52.99754
L,-0.2814348,0.6648244,0.1683552,0.1331128,0.281313,-0.517198,27.96894,60.7218,-48.09537,53.01173
L,-0.2801993,0.6669981,0.1636908,0.09233136,0.1624368,-0.3485582,-3.047495,-8.883323,12.60203,53.02511
L,-0.2796186,0.6675258,0.1615002,0.03644898,0.03312455,-0.1375129,-3.507958,-8.117437,13.24815,53.04104
L,-0.2770395,0.6808524,0.1482267,0.2161425,1.116838,-1.112397,15.05933,90.82127,-81.70078,53.05297
L,-0.2755435,0.6895179,0.1402888,0.1073898,0.6220179,-0.5697863,-7.806373,-35.51864,38.94912,53.0669
L,-0.269606,0.7017152,0.125392,0.3781508,0.7768351,-0.9487651,17.2445,9.860153,-24.13679,53.0826
L,-0.2654063,0.7103091,0.115443,0.3397883,0.6953222,-0.80496,-3.10386,-6.5951,11.63508,53.09496
L,-0.2623665,0.7164922,0.1082895,0.1936983,0.3939862,-0.4558187,-9.308848,-19.20112,22.24727,53.11066
L,-0.256911,0.7300779,0.06252045,0.3983635,0.9920395,-3.342085,14.94477,43.67022,-210.7569,53.12435
L,-0.2527186,0.7405025,0.03327713,0.3475722,0.8642424,-2.424402,-4.210824,-10.59496,76.07997,53.13641
L,-0.2494862,0.7514745,-0.008698206,0.145843,0.4950516,-1.893904,-9.101913,-16.65768,23.93579,53.15858
L,-0.2467309,0.7604748,-0.03628882,0.3647885,1.191604,-3.652886,28.9875,92.22066,-232.882,53.16613
L,-0.247859,0.7576625,-0.04671708,-0.08334912,-0.2077843,-0.7704921,-33.11065,-103.3938,212.9657,53.17966
L,-0.2482428,0.7567232,-0.05851399,-0.02432623,-0.05953442,-0.7477003,3.740932,9.396234,1.444572,53.19544
L,-0.2481372,0.757046,-0.07057337,0.00950807,0.02905542,-1.08561,3.045831,7.975033,-30.41929,53.20655
L,-0.24776,0.7577142,-0.07035127,0.02343195,0.04150992,0.01379684,0.8649433,0.7736669,68.29452,53.22265
L,-0.2471848,0.7589898,-0.07370923,0.05046488,0.1119112,-0.2946016,2.37166,6.176462,-27.05649,53.23405
L,-0.2521706,0.7636918,-0.05948936,-0.3654911,0.3446894,1.042409,-30.49227,17.06416,98.01154,53.24769
L,-0.2558047,0.7681019,-0.05077004,-0.2549936,0.3094386,0.6118085,7.753277,-2.473449,-30.21395,53.26194
L,-0.2583717,0.7720694,-0.04658464,-0.1646935,0.2545429,0.2685212,5.793356,-3.521917,-22.02416,53.27753
L,-0.257661,0.7906022,-0.04638362,0.0645967,1.684558,0.01827195,20.84155,129.9826,-22.74665,53.28853
L,-0.2572406,0.805236,-0.04760524,0.02937808,1.022434,-0.08535162,-2.460647,-46.26117,-7.239951,53.30284
L,-0.2531342,0.8354371,-0.05305496,0.3015319,2.217656,-0.4001713,19.98417,87.76479,-23.11711,53.31646
L,-0.2501537,0.8597109,-0.05812053,0.2135879,1.739535,-0.3630151,-6.302342,-34.26368,2.66273,53.33041
L,-0.2479207,0.8795939,-0.06294779,0.1473734,1.31224,-0.3185897,-4.370026,-28.20058,2.931983,53.34557
L,-0.2417182,0.8929215,-0.05640635,0.4590505,0.9863778,0.4841338,23.06728,-24.11714,59.4097,53.35908
L,-0.2369678,0.9054683,-0.05277371,0.3315456,0.8756822,0.2535337,-8.899005,-7.725818,-16.09436,53.37341
L,-0.2320808,0.9212909,-0.02720997,0.4293183,1.390018,2.245771,8.589325,45.1843,175.0178,53.38479
L,-0.2280827,0.9359916,-0.008608655,0.278448,1.023832,1.29549,-10.50738,-25.50303,-66.18239,53.39915
L,-0.2246466,0.9499624,0.005002097,0.2421413,0.9845052,0.9591336,-2.558488,-2.7713,-23.70264,53.41334
L,-0.213668,0.9701155,0.03901687,0.7790917,1.430157,2.413852,38.10458,31.6256,103.2338,53.42743
L,-0.2049484,0.9883201,0.06550111,0.6331879,1.321944,1.923181,-10.59496,-7.85799,-35.63056,53.4412
L,-0.185494,1.003855,0.1064237,1.429327,1.141339,3.006614,58.49304,-13.26923,79.60074,53.45481
L,-0.1699736,1.018831,0.1394633,1.051316,1.014478,2.238023,-25.60551,-8.593209,-52.0624,53.46957
L,-0.1531308,1.018007,0.1783898,1.380621,-0.06755199,3.190849,26.99353,-88.69536,78.10432,53.48177
L,-0.1390747,1.020915,0.2109358,0.8861776,0.1833288,2.051889,-31.17254,15.81695,-71.80655,53.49763
L,-0.1268163,1.026374,0.2391834,1.033932,0.4604247,2.382541,12.46234,23.37163,27.88881,53.50949
L,-0.1228583,1.010989,0.2662349,0.2736203,-1.06358,1.870093,-52.56096,-105.3556,-35.42597,53.52396
L,-0.1177674,1.003159,0.2912685,0.3702993,-0.5695235,1.820867,7.032132,35.93614,-3.580483,53.5377
L,-0.1214916,0.9861541,0.2770405,-0.2427348,-1.108334,-0.9273488,-39.95604,-35.11832,-179.1219,53.55305
L,-0.1221098,0.9760704,0.2721754,-0.05073845,-0.8276064,-0.3992985,15.75789,23.04039,43.33914,53.56523
L,-0.1207549,0.9697465,0.2731049,0.09225599,-0.4305885,0.06329343,9.736398,27.03269,31.49758,53.57992
L,-0.1363155,0.963999,0.2397349,-1.178938,-0.4354588,-2.528249,-96.31097,-0.3689961,-196.3461,53.59312
L,-0.1457103,0.9603066,0.2218471,-0.684868,-0.2691706,-1.303999,36.01713,12.12221,89.24636,53.60683
L,-0.1467512,0.9632883,0.2096679,-0.06550048,0.1876238,-0.766377,38.97347,28.74362,33.82965,53.62273
L,-0.1509324,0.9620801,0.1989937,-0.3389246,-0.09793889,-0.865238,-22.16342,-23.14735,-8.013553,53.63506
L,-0.1496513,0.9665149,0.1790533,0.08151737,0.2821791,-1.268746,26.75154,24.18584,-25.67409,53.65078
L,-0.1484144,0.9698983,0.1659285,0.09713666,0.2657093,-1.030734,1.226634,-1.293435,18.69188,53.66351
L,-0.1472285,0.97255,0.1562829,0.09181187,0.2052939,-0.7467605,-0.4122449,-4.677357,21.98521,53.67643
L,-0.1396284,0.9548815,0.1328938,0.5497594,-1.278059,-1.691868,33.12588,-107.2992,-68.36483,53.69025
L,-0.133716,0.9429541,0.1163711,0.4144082,-0.8360211,-1.15811,-9.487032,30.98335,37.41212,53.70452
L,-0.1504531,0.9096141,0.07834903,-1.107403,-2.205921,-2.515711,-100.69,-90.63884,-89.82509,53.71964
L,-0.1617453,0.886907,0.05191393,-0.8245648,-1.658087,-1.930307,20.65303,40.00321,42.74655,53.73333
L,-0.169953,0.8687142,0.02980672,-0.6469013,-1.433901,-1.742415,14.00283,17.66952,14.80907,53.74602
L,-0.1800998,0.8590367,-0.0002466174,-0.5744988,-0.5479245,-1.701577,4.099325,50.16275,2.312142,53.76368
L,-0.1878579,0.8495957,-0.02401367,-0.722204,-0.8788729,-2.212496,-13.75001,-30.80829,-47.5619,53.77442
L,-0.1931092,0.8493229,-0.04755634,-0.3397329,-0.01764561,-1.523092,24.74396,55.71707,44.60098,53.78988
L,-0.1977838,0.8467789,-0.06831273,-0.3398275,-0.1849435,-1.50892,-0.006878727,-12.16199,1.030279,53.80363
L,-0.2007634,0.8386069,-0.06875815,-0.2454738,-0.6732352,-0.03669506,7.77318,-40.22713,121.2869,53.81577
L,-0.2038828,0.8307242,-0.07375671,-0.1973297,-0.4986502,-0.3162022,3.045531,11.04402,-17.68125,53.83158
L,-0.2070835,0.8230449,-0.08134182,-0.2844187,-0.6823994,-0.6740307,-7.738933,-16.32839,-31.79749,53.84283
L,-0.210017,0.8237701,-0.08772585,-0.182312,0.04507098,-0.3967603,6.345815,45.21148,17.23204,53.85892
L,-0.2130685,0.8222617,-0.095877,-0.2173764,-0.1074516,-0.5806455,-2.497805,-10.86491,-13.09902,53.87296
L,-0.2138922,0.8281388,-0.1006618,-0.06422656,0.4582512,-0.3730811,11.9415,44.10934,16.18434,53.88579
L,-0.2153876,0.8308483,-0.1073851,-0.1115516,0.2021334,-0.5015563,-3.53044,-19.10636,-9.58423,53.89919
L,-0.2173103,0.8314694,-0.1152984,-0.1325731,0.04282286,-0.5456195,-1.449414,-10.9843,-3.038113,53.9137
L,-0.2161529,0.8336109,-0.1126501,0.07967704,0.1474199,0.1823105,14.61137,7.200496,50.11094,53.92822
L,-0.2156316,0.8347681,-0.1119885,0.0393176,0.08727255,0.0498974,-3.043724,-4.536038,-9.985988,53.94148
L,-0.2121001,0.8431781,-0.09618969,0.2719572,0.6476572,1.216675,17.91571,43.15554,89.85423,53.95447
L,-0.2101008,0.8486772,-0.08656408,0.142967,0.3932206,0.6882965,-9.223673,-18.19395,-37.78269,53.96845
L,-0.2091021,0.8522075,-0.08124579,0.0698125,0.2467875,0.371775,-5.113873,-10.23642,-22.12646,53.98276
L,-0.207745,0.866626,-0.07435963,0.09909797,1.052851,0.5028318,2.138443,58.85924,9.569844,53.99645
L,-0.2070381,0.8771855,-0.07022289,0.05099086,0.7617252,0.29841,-3.470279,-21.00078,-14.74627,54.01031
L,-0.2069883,0.89702,-0.0499649,0.003614416,1.438706,1.469427,-3.436483,49.10529,84.94054,54.0241
L,-0.207129,0.9122582,-0.0352462,-0.00864576,0.9363829,0.9044585,-0.7533829,-30.86757,-34.7171,54.04037
L,-0.2034014,0.9360243,-0.005945935,0.3242084,2.067067,2.548404,28.95014,98.34177,142.9829,54.05187
L,-0.2007931,0.9549355,0.01648336,0.1886738,1.367951,1.622435,-9.803967,-50.57097,-66.98042,54.0657
L,-0.198921,0.9705781,0.03414746,0.1262907,1.05523,1.191595,-4.208276,-21.09567,-29.06389,54.08052
L,-0.1951395,0.9958036,0.05871889,0.2604553,1.737442,1.692394,9.240792,46.98834,34.49331,54.09504
L,-0.1922747,1.016899,0.07898921,0.2295232,1.690117,1.624004,-2.478199,-3.791536,-5.479208,54.10752
L,-0.1801357,1.041844,0.1089214,0.798734,1.641378,1.969513,37.45361,-3.206976,22.73421,54.12272
L,-0.1708509,1.063398,0.1341157,0.6701381,1.555634,1.818427,-9.281569,-6.188687,-10.90486,54.13657
L,-0.1604499,1.073642,0.1655754,0.867231,0.8541368,2.623089,16.43344,-58.49022,67.09206,54.14857
L,-0.1520586,1.084517,0.1926456,0.3816333,0.4946001,1.23114,-22.08475,-16.35156,-63.30517,54.17056
L,-0.1449752,1.096067,0.2166834,0.3090664,0.5039427,1.048826,-3.166274,0.4076388,-7.954821,54.19347
L,-0.1490245,1.072723,0.2103498,-0.3557332,-2.050708,-0.5564076,-58.40255,-224.4257,-141.0196,54.20486
L,-0.1580926,1.047681,0.1881086,-0.6563072,-1.812457,-1.609714,-21.75419,17.24355,-76.23354,54.21867
L,-0.1636167,1.033465,0.1769004,-0.3987107,-1.02607,-0.8089691,18.59234,56.7584,57.79471,54.23253
L,-0.167113,1.024111,0.1711965,-0.2554424,-0.6834152,-0.4167309,10.46737,25.03484,28.65744,54.24622
L,-0.1714439,1.011682,0.1232132,-0.3153646,-0.9050608,-3.494035,-4.363399,-16.13974,-224.0825,54.25995
L,-0.17438,1.003264,0.09678533,-0.2040519,-0.5850096,-1.836669,7.735939,22.2427,115.1826,54.27434
L,-0.1777068,0.9834444,0.03058391,-0.2464956,-1.468498,-4.905117,-3.144823,-65.46106,-227.3531,54.28783
L,-0.1801509,0.9693894,-0.002212541,-0.1522584,-0.8755792,-2.043107,5.87066,36.93682,178.2935,54.30389
L,-0.1906784,0.9373088,-0.04413596,-0.6086754,-1.854812,-2.423903,-26.38884,-56.61669,-22.01662,54.32118
L,-0.1984572,0.9141706,-0.07668415,-0.6213199,-1.84813,-2.59973,-1.009955,0.5337352,-14.04389,54.3337
L,-0.2045522,0.8958245,-0.1030118,-0.5665849,-1.70543,-2.447391,5.088099,13.26524,14.16124,54.34446
L,-0.2132714,0.8752655,-0.110659,-0.5792377,-1.36579,-0.5080204,-0.8405585,22.56326,128.8379,54.35951
L,-0.2202516,0.858392,-0.1214048,-0.5294619,-1.279889,-0.8150917,3.775585,6.515725,-23.29193,54.3727
L,-0.224853,0.8579895,-0.1123322,-0.3110435,-0.02720474,0.6132893,14.76459,84.67862,96.55531,54.38749
L,-0.2332541,0.8491677,-0.1116403,-0.4636398,-0.4868619,0.03818174,-8.421518,-25.36765,-31.73916,54.40561
L,-0.2341886,0.8669011,-0.08584893,-0.06912321,1.311711,1.907748,29.18176,133.0375,138.2888,54.41913
L,-0.2358251,0.8777046,-0.06931721,-0.1105121,0.729537,1.116355,-2.794909,-39.31308,-53.44122,54.43394
L,-0.2380128,0.8836657,-0.05935458,-0.1487252,0.4052613,0.6772935,-2.597859,-22.04536,-29.84892,54.44865
L,-0.2347992,0.907684,-0.03830023,0.1946437,1.454768,1.275247,20.79762,63.56789,36.21766,54.46516
L,-0.2333839,0.9245524,-0.02359194,0.1108833,1.321564,1.152328,-6.562247,-10.43591,-9.630174,54.47792
L,-0.2277413,0.9485328,0.006516306,0.3974111,1.688965,2.120553,20.18042,25.87641,68.19298,54.49212
L,-0.2242626,0.9664198,0.02919623,0.2329897,1.197995,1.51901,-11.01228,-32.88319,-40.28891,54.50705
L,-0.2169237,0.9783663,0.06073961,0.4745573,0.7725009,2.039692,15.6205,-27.51376,33.66887,54.52251
L,-0.2118502,0.9880384,0.08548115,0.4082211,0.7782286,1.990745,-5.337523,0.460856,-3.938363,54.53494
L,-0.208272,0.9963672,0.10545,0.2686173,0.6252461,1.499056,-10.48004,-11.48438,-36.91096,54.54826
L,-0.2055103,1.001222,0.1276046,0.1902116,0.3343816,1.525933,-5.400314,-20.03373,1.851164,54.56278
L,-0.2033538,1.006259,0.1466587,0.1397924,0.32651,1.235142,-3.268323,-0.5102621,-18.84993,54.57821
L,-0.1997982,1.001695,0.16537,0.2640437,-0.3389164,1.389533,9.227121,-49.41573,11.46533,54.59167
L,-0.1969493,0.9999173,0.1823422,0.1813598,-0.1131731,1.080421,-5.263495,14.37039,-19.67749,54.60738
L,-0.1998046,0.9873695,0.1883052,-0.2258647,-0.9925553,0.4716862,-32.21227,-69.56087,-48.15211,54.62003
L,-0.2015328,0.979514,0.196029,-0.1332479,-0.6056709,0.5955158,7.140863,29.82924,9.547413,54.633
L,-0.2032558,0.976007,0.164037,-0.1228684,-0.2500893,-2.281429,0.7401913,25.35735,-205.1615,54.64702
L,-0.2060218,0.9629273,0.1650706,-0.1971435,-0.9322407,0.07367285,-5.293851,-48.61933,167.8564,54.66105
L,-0.207907,0.9539191,0.1665232,-0.12275,-0.5865507,0.09457957,4.843968,22.50883,1.361294,54.67641
L,-0.2056409,0.9485046,0.1446661,0.1596011,-0.3813474,-1.539417,19.88625,14.45267,-115.084,54.69061
L,-0.2040034,0.9442037,0.1310628,0.1246427,-0.3273628,-1.03543,-2.660894,4.109098,38.3616,54.70374
L,-0.2027856,0.9406174,0.1219311,0.08977345,-0.2643815,-0.6731745,-2.570521,4.642906,26.70501,54.71731
L,-0.2018111,0.9301075,0.08231144,0.06320258,-0.6816204,-2.569535,-1.723254,-27.06004,-122.9885,54.73273
L,-0.2010031,0.922073,0.05796168,0.05510211,-0.5479156,-1.660547,-0.552417,9.118082,61.98899,54.74739
L,-0.2032531,0.8973983,0.04302005,-0.18467,-2.02515,-1.226318,-19.67903,-121.2423,35.63886,54.75957
L,-0.204435,0.8806802,0.0187983,-0.08446573,-1.194806,-1.731076,7.16138,59.34288,-36.07391,54.77357
L,-0.2052204,0.8670825,0.0003276279,-0.0366745,-0.6349389,-0.8624825,2.231597,26.14281,40.55869,54.79498
L,-0.2057608,0.8554242,-0.01556267,-0.02574774,-0.5554656,-0.7570966,0.5206078,3.786521,5.021134,54.81597
L,-0.203798,0.8375449,-0.05071104,0.1499262,-1.365662,-2.684713,13.41838,-61.88467,-147.2357,54.82906
L,-0.2030591,0.8286651,-0.06540468,0.0546875,-0.6571896,-1.087479,-7.048635,52.43418,118.2115,54.84258
L,-0.2069552,0.8169776,-0.07104884,-0.2543187,-0.7629015,-0.3684218,-20.17035,-6.900336,46.9364,54.85789
L,-0.2097154,0.806402,-0.07862326,-0.217419,-0.833036,-0.596631,2.90656,-5.524437,-17.97586,54.87059
L,-0.2117602,0.7964135,-0.08729375,-0.139736,-0.6825877,-0.5925229,5.308686,10.28131,0.2807368,54.88522
L,-0.21315,0.7978731,-0.09313362,-0.09145077,0.09603649,-0.3842587,3.17713,51.23285,13.70362,54.90042
L,-0.212252,0.8008544,-0.09175535,0.06341974,0.2105418,0.09733476,10.93706,8.086447,34.01046,54.91458
L,-0.2116702,0.8021199,-0.09189652,0.04062542,0.08836824,-0.009858235,-1.591741,-8.531453,-7.48535,54.9289
L,-0.2110705,0.8026301,-0.093308,0.04678781,0.03980655,-0.1101225,0.4807838,-3.788737,-7.822525,54.94172
L,-0.2097078,0.8093412,-0.08438607,0.106636,0.5251586,0.6981588,4.683234,37.97974,63.24958,54.9545
L,-0.2087147,0.8132763,-0.07917655,0.07702015,0.305196,0.4040368,-2.296925,-17.05972,-22.81133,54.96739
L,-0.2094255,0.8274435,-0.07073095,-0.04854518,0.9676508,0.5768533,-8.576394,45.24714,11.80375,54.98203
L,-0.2099686,0.8371683,-0.06573679,-0.03733265,0.6684092,0.3432589,0.7706604,-20.56749,-16.05542,54.99658
L,-0.2103977,0.8437958,-0.06302439,-0.03250542,0.5021225,0.2055026,0.3657309,-12.59857,-10.43699,55.00978
L,-0.2133338,0.857945,-0.04510208,-0.208925,1.00682,1.275306,-12.55357,35.91299,76.12444,55.02383
L,-0.2155155,0.8685657,-0.03218283,-0.1408675,0.6857527,0.8341635,4.394304,-20.73051,-28.48343,55.03932
L,-0.2139123,0.8918914,-0.008707454,0.1370704,1.994359,2.007152,23.76377,111.8862,100.2909,55.05102
L,-0.2128958,0.9100249,0.009141183,0.06589431,1.175468,1.157001,-4.613843,-53.08288,-55.10928,55.06644
L,-0.2122674,0.9245748,0.02315212,0.04476053,1.036456,0.9980661,-1.50546,-9.902548,-11.32171,55.08048
L,-0.2034615,0.9427024,0.04850712,0.6362827,1.309821,1.832046,42.7409,19.75225,60.25985,55.09432
L,-0.1957494,0.9592301,0.07804248,0.551461,1.181844,2.111979,-6.065326,-9.151229,20.01719,55.10831
L,-0.189947,0.9735202,0.1021676,0.460934,1.13517,1.916438,-7.191252,-3.707642,-15.53332,55.1209
L,-0.1853682,0.9863277,0.1224199,0.3137201,0.877528,1.387616,-10.08657,-17.65275,-36.23302,55.13549
L,-0.1815374,0.9982742,0.1403942,0.2939785,0.9167749,1.379352,-1.514971,3.011815,-0.6341756,55.14852
L,-0.1739472,1.000788,0.1678482,0.4730686,0.1566958,1.711101,11.16201,-47.37284,20.67664,55.16457
L,-0.1716552,0.9895234,0.1886732,0.1867073,-0.9176653,1.696441,-23.3275,-87.51936,-1.194191,55.17684
L,-0.1693363,0.9839585,0.2075282,0.1461257,-0.3506686,1.188156,-2.557269,35.72952,-32.02978,55.19271
L,-0.1669375,0.9818095,0.2253562,0.1767419,-0.158336,1.313518,2.255722,14.17056,9.23629,55.20628
L,-0.1644901,0.9818014,0.2424737,0.1997393,-0.0006615816,1.397029,1.876906,12.86843,6.815701,55.21854
L,-0.1699348,0.9737903,0.2272874,-0.3720795,-0.5474575,-1.037799,-39.07687,-37.36686,-166.3909,55.23317
L,-0.173624,0.9699101,0.1988175,-0.2689371,-0.2828664,-2.075421,7.518958,19.28836,-75.64142,55.24689
L,-0.1757625,0.9680105,0.1832748,-0.1356713,-0.1205152,-0.9860644,8.4547,10.29995,69.11142,55.26265
L,-0.1786463,0.9667122,0.1330298,-0.2357993,-0.1061584,-4.108372,-8.187139,1.173909,-255.3008,55.27488
L,-0.1804782,0.9663621,0.1036815,-0.1176411,-0.02248438,-1.884727,7.588063,5.373502,142.8014,55.29045
L,-0.1816511,0.9666045,0.08170865,-0.1075148,0.02222465,-2.014009,0.9281673,4.097974,-11.84975,55.30136
L,-0.180019,0.9505388,0.02442838,0.1006227,-0.9904824,-3.531439,12.83207,-62.43534,-93.55254,55.31758
L,-0.178763,0.939705,-0.002584773,0.1017508,-0.8776364,-2.188299,0.09138826,9.141509,108.806,55.32993
L,-0.1790586,0.9212881,-0.03007651,-0.02072297,-1.290876,-1.92695,-8.58443,-28.96476,18.31842,55.34419
L,-0.1791761,0.9079289,-0.05301054,-0.005645226,-0.6421004,-1.102313,0.7247049,31.18308,39.6358,55.365
L,-0.1805909,0.8957075,-0.07060304,-0.1286894,-1.111652,-1.600197,-11.19198,-42.70997,-45.28702,55.37599
L,-0.181567,0.8856037,-0.08768259,-0.08679613,-0.8984587,-1.518759,3.72526,18.95771,7.241647,55.38724
L,-0.1822636,0.8767195,-0.1045325,-0.05244494,-0.6688505,-1.268551,2.586146,17.28616,18.83703,55.40052
L,-0.184026,0.8688697,-0.09420583,-0.1172599,-0.5222756,0.6870732,-4.312398,9.752221,130.1155,55.41555
L,-0.1853517,0.8614463,-0.09088996,-0.1187708,-0.6650771,0.2970726,-0.1353677,-12.79377,-34.94064,55.42671
L,-0.1881414,0.87244,-0.07408682,-0.1954294,0.7701638,1.177136,-5.370281,100.5451,61.6524,55.44099
L,-0.1903015,0.8790707,-0.0642336,-0.1539581,0.4725904,0.7022738,2.955808,-21.2091,-33.84508,55.45502
L,-0.1920682,0.8827221,-0.05921899,-0.1324038,0.2736385,0.3758004,1.615302,-14.90968,-24.46628,55.46836
L,-0.1930089,0.8938195,-0.03857446,-0.06208105,0.7324042,1.362497,4.641159,30.27761,65.12,55.48351
L,-0.1939524,0.9014773,-0.02420817,-0.06085734,0.4939638,0.9266824,0.07893432,-15.38034,-28.11177,55.49902
L,-0.1933698,0.9180527,0.01178769,0.05294973,1.506637,3.271879,10.3446,92.04791,213.1689,55.51002
L,-0.1931877,0.9304613,0.03908076,0.01310373,0.8926532,1.963423,-2.866463,-44.16908,-94.12837,55.52392
L,-0.1932653,0.9400559,0.06018638,-0.004273588,0.5279538,1.161359,-0.956205,-20.06796,-44.13443,55.54209
L,-0.1881236,0.9458246,0.09252502,0.4851962,0.5443552,3.051613,46.18847,1.547707,178.3725,55.55269
L,-0.1844831,0.9510005,0.1189314,0.2425877,0.3448978,1.759605,-16.16634,-13.29094,-86.09354,55.5677
L,-0.1836361,0.9496883,0.1402681,0.05646578,-0.08748331,1.4225,-12.40863,-28.82658,-22.47458,55.5827
L,-0.18295,0.9497738,0.1590667,0.05721091,0.007136609,1.56741,0.0621282,7.889327,12.08245,55.59469
L,-0.1869001,0.9432594,0.1654724,-0.2431911,-0.4010612,0.3943689,-18.49427,-25.13072,-72.21835,55.61093
L,-0.1897023,0.9393343,0.1735165,-0.112802,-0.1580064,0.323821,5.248884,9.784302,-2.83994,55.63577
L,-0.1986972,0.9457222,0.1342366,-0.631149,0.448215,-2.756157,-36.37087,42.53675,-216.1129,55.65002
L,-0.2021578,0.9488248,0.1254637,-0.2739046,0.2455748,-0.694369,28.27581,-16.03892,163.1901,55.66266
L,-0.200379,0.9495368,0.0794189,0.1244807,0.04982398,-3.222205,27.87889,-13.69859,-176.8972,55.67695
L,-0.1994563,0.9505752,0.05291126,0.04358249,0.04904561,-1.25204,-3.821078,-0.03676485,93.05711,55.69812
L,-0.1962714,0.9389555,0.01596266,0.438039,-1.598119,-5.08177,54.25205,-226.5448,-526.7266,55.70539
L,-0.1941544,0.9307822,-0.01552025,0.1482257,-0.572274,-2.204341,-20.29188,71.82671,201.4692,55.71967
L,-0.192717,0.9249669,-0.03501039,0.08552258,-0.3459913,-1.159606,-3.730651,13.46315,62.15868,55.73648
L,-0.1911678,0.9082361,-0.05512771,0.1388856,-1.499963,-1.803569,4.784131,-103.4565,-57.73292,55.74763
L,-0.1900244,0.8959925,-0.0730252,0.07456467,-0.7984064,-1.167094,-4.194366,45.74844,41.5045,55.76297
L,-0.1905935,0.8899757,-0.08345994,-0.02994844,-0.3165897,-0.5490575,-5.499294,25.35234,32.51999,55.78197
L,-0.1909488,0.8844427,-0.09488787,-0.0333107,-0.5187545,-1.071446,-0.3152348,-18.95432,-48.97749,55.79264
L,-0.1911609,0.8792269,-0.1069794,-0.02312227,-0.5687591,-1.318522,1.110997,-5.452748,-26.94235,55.80181
L,-0.1957601,0.8839745,-0.09685123,-0.3308649,0.3415332,0.7286068,-22.13855,65.48508,147.2674,55.81571
L,-0.2019584,0.8892672,-0.08658644,-0.4314498,0.3684156,0.7145123,-7.001516,1.871233,-0.9810849,55.83008
L,-0.2046975,0.9104635,-0.06857113,-0.2053899,1.589379,1.35086,16.95087,91.5527,47.71585,55.84341
L,-0.2069454,0.9258212,-0.05731293,-0.1602104,1.094604,0.8024115,3.220099,-35.26436,-39.08983,55.85744
L,-0.2088805,0.9370322,-0.05064311,-0.1172101,0.6790377,0.4039866,2.604502,-25.17056,-24.13232,55.87395
L,-0.2067542,0.9629192,-0.0128698,0.1770606,2.155694,3.145504,24.50485,122.9659,228.2948,55.88596
L,-0.2055359,0.9829973,0.01506172,0.08557849,1.410332,1.961973,-6.425907,-52.35588,-83.13384,55.9002
L,-0.2012601,1.008474,0.06047461,0.2926556,1.743783,3.108281,14.17338,22.82299,78.45896,55.91481
L,-0.198287,1.029258,0.09609982,0.2143496,1.49841,2.568464,-5.645619,-17.69059,-38.91908,55.92868
L,-0.1850446,1.041584,0.1292846,0.9981076,0.92909,2.501202,59.07345,-42.91082,-5.069688,55.94195
L,-0.1750121,1.05307,0.156874,0.4973458,0.5693847,1.367702,-24.82445,-17.83181,-56.19139,55.96212
L,-0.167212,1.064209,0.1808321,0.8380171,1.19667,2.573967,36.60038,67.39307,129.5964,55.97143
L,-0.1670385,1.073743,0.1824735,0.01370248,0.7532399,0.1296809,-65.12632,-35.03392,-193.1149,55.98409
L,-0.1661205,1.083467,0.1876226,0.06923143,0.733395,0.3883201,4.187738,-1.496611,19.50538,55.99734
L,-0.1699545,1.071484,0.1858964,-0.2722218,-0.8508515,-0.1225655,-24.24429,-112.4866,-36.27454,56.01143
L,-0.1727059,1.063431,0.1879379,-0.1904132,-0.5572779,0.1412788,5.661469,20.31641,18.25903,56.02588
L,-0.1741992,1.059555,0.1926837,-0.1050567,-0.2727456,0.3338911,6.005282,20.01837,13.5513,56.04009
L,-0.1803543,1.052655,0.1841394,-0.4007797,-0.4492673,-0.5563408,-19.25534,-11.49382,-57.96546,56.05545
L,-0.1844984,1.049,0.1807641,-0.3545521,-0.312653,-0.2887769,3.955053,11.68819,22.89173,56.06714
L,-0.1816591,1.040013,0.1568451,0.1993317,-0.6309587,-1.679224,38.8852,-22.34653,-97.61579,56.08138
L,-0.179559,1.034325,0.142531,0.1368809,-0.3706956,-0.9329585,-4.070387,16.96331,48.63974,56.09673
L,-0.1776244,1.011031,0.09489286,0.1783167,-2.147152,-4.391019,3.819319,-163.7438,-318.7447,56.10757
L,-0.1760872,0.9946482,0.0639703,0.09705978,-1.034358,-1.952352,-5.130305,70.25822,153.9697,56.12341
L,-0.1747974,0.9823174,0.04135952,0.1001509,-0.9574755,-1.755711,0.240022,5.969898,15.26903,56.13629
L,-0.1793681,0.9586862,0.002267138,-0.3264805,-1.687955,-2.792325,-30.47381,-52.17737,-74.04422,56.15029
L,-0.1824958,0.9410016,-0.02557069,-0.2088411,-1.180822,-1.858767,7.854934,33.86196,62.33486,56.16527
L,-0.1864321,0.91334,-0.03692573,-0.1949163,-1.369726,-0.5622693,0.6895188,-9.353992,64.19893,56.18546
L,-0.1893449,0.8918698,-0.04966544,-0.1349527,-0.9947475,-0.5902511,2.778205,17.37333,-1.296439,56.20705
L,-0.1952997,0.8636811,-0.07718658,-0.4209901,-1.992853,-1.945658,-20.22195,-70.56296,-95.82304,56.22119
L,-0.1978064,0.8502558,-0.09105385,-0.1880679,-1.007254,-1.040419,17.47543,73.9465,67.91731,56.23452
L,-0.2011494,0.8439435,-0.09039002,-0.282874,-0.5341349,0.05617157,-8.022222,40.03396,92.79036,56.24634
L,-0.2039739,0.8359591,-0.0936415,-0.1820989,-0.5147719,-0.2096305,6.497196,1.248378,-17.13684,56.26185
L,-0.2064702,0.8270874,-0.0992582,-0.1996358,-0.7094741,-0.4491711,-1.402443,-15.57048,-19.15624,56.27435
L,-0.2118415,0.8309139,-0.08381787,-0.3817893,0.2719885,1.097503,-12.94752,69.76263,109.938,56.28842
L,-0.2162246,0.8307801,-0.07501742,-0.3054268,-0.009324329,0.6132335,5.3211,-19.60247,-33.74489,56.30277
L,-0.2169166,0.8326946,-0.05620956,-0.04189431,0.1159101,1.138653,15.95461,7.581859,31.80962,56.31929
L,-0.2180665,0.8318358,-0.0437429,-0.1005475,-0.07509694,1.09008,-5.128613,-16.70158,-4.24728,56.33073
L,-0.2169832,0.8372811,-0.02719863,0.07207725,0.3622977,1.100757,11.48542,29.10162,0.7104141,56.34576
L,-0.2167358,0.8395976,-0.01525289,0.02002074,0.1874228,0.9665138,-4.211822,-14.14889,-10.86144,56.35812
L,-0.2170282,0.8398448,-0.006555959,-0.02055337,0.01737601,0.6112191,-2.851544,-11.95087,-24.97007,56.37234
L,-0.2164985,0.8519349,0.009413118,0.03863427,0.881843,1.164774,4.317107,63.05366,40.37592,56.38605
L,-0.2164842,0.8599151,0.02189767,0.0007612667,0.424679,0.6643832,-2.015465,-24.32862,-26.62899,56.40485
L,-0.2094197,0.8742847,0.03674909,0.6290495,1.27952,1.322422,55.94497,76.118,58.59402,56.41608
L,-0.2044372,0.884668,0.04894261,0.3683431,0.767599,0.9014264,-19.27316,-37.8446,-31.12277,56.4296
L,-0.1952959,0.8889387,0.07445802,0.7765172,0.3627775,2.167437,34.67284,-34.38806,107.5428,56.44138
L,-0.1883828,0.8923624,0.0954106,0.4822296,0.238828,1.461574,-20.5284,-8.646251,-49.23841,56.45571
L,-0.1829424,0.8953384,0.113156,0.364191,0.1992148,1.187909,-7.901715,-2.651781,-18.31963,56.47065
L,-0.1762577,0.8960176,0.1286949,0.5160058,0.05243301,1.19948,11.71889,-11.33037,0.8932568,56.4836
L,-0.1706966,0.8970494,0.1429637,0.4031529,0.07480209,1.034422,-8.181334,1.62166,-11.96603,56.4974
L,-0.1682002,0.8873048,0.1462519,0.1630339,-0.6363937,0.2147435,-15.68155,-46.44637,-53.53107,56.51271
L,-0.1655729,0.8807275,0.1515606,0.2178123,-0.5452888,0.4401165,4.541381,7.553008,18.68443,56.52477
L,-0.1628329,0.87603,0.158315,0.1906287,-0.3268105,0.4699111,-1.891194,15.19978,2.072842,56.53915
L,-0.1685225,0.8784056,0.1400193,-0.408628,0.1706122,-1.314,-43.03878,35.72503,-128.121,56.55307
L,-0.1722256,0.8800964,0.1286628,-0.2860217,0.1305981,-0.8771523,9.469797,-3.090584,33.74105,56.56602
L,-0.1726694,0.8920941,0.09888844,-0.02939162,0.7946209,-1.971995,16.99698,43.97918,-72.51299,56.58112
L,-0.172574,0.9010351,0.08037369,0.007295161,0.6837305,-1.415849,2.80549,-8.479944,42.52925,56.59419
L,-0.1721475,0.9078227,0.06672725,0.02982737,0.4747449,-0.9544643,1.575956,-14.61695,32.27036,56.60849
L,-0.1730402,0.9095473,0.04231717,-0.05972535,0.1153889,-1.63322,-5.991758,-24.04365,-45.41393,56.62344
L,-0.173394,0.9114263,0.02471906,-0.02599715,0.13805,-1.292948,2.47804,1.664932,25.00007,56.63705
L,-0.1804162,0.9139212,-0.004707274,-0.5452655,0.193725,-2.284934,-40.32082,4.323122,-77.027,56.64993
L,-0.1852807,0.916388,-0.02607344,-0.3624751,0.183818,-1.592102,13.62064,-0.7382179,51.62646,56.66335
L,-0.1888511,0.9188366,-0.04428446,-0.2501294,0.1715326,-1.275764,7.870323,-0.8606507,22.16086,56.67762
L,-0.188875,0.9086234,-0.05321317,-0.00152928,-0.6542835,-0.5719957,15.92596,-52.9039,45.08521,56.69323
L,-0.1891404,0.9019877,-0.06289573,-0.02184752,-0.5463254,-0.7971814,-1.672834,8.888372,-18.53991,56.70538
L,-0.1901962,0.9015628,-0.06711666,-0.06418679,-0.02583633,-0.2566072,-2.573977,31.64264,32.8637,56.72182
L,-0.1911824,0.9013756,-0.0731031,-0.08328971,-0.01580622,-0.5055768,-1.61331,0.8470789,-21.02638,56.73367
L,-0.1932248,0.8996533,-0.0624085,-0.1447065,-0.1220228,0.7577093,-4.351364,-7.525416,89.50348,56.74778
L,-0.195751,0.8977858,-0.05266413,-0.1961525,-0.145008,0.7566436,-3.994747,-1.784781,-0.08275326,56.76066
L,-0.1978498,0.8964484,-0.04750061,-0.1450896,-0.09245615,0.3569581,3.530022,3.632949,-27.63058,56.77512
L,-0.1965657,0.9051953,-0.03616771,0.08440556,0.5749593,0.7449477,15.08545,43.87135,25.5038,56.79034
L,-0.1959532,0.9116122,-0.02895173,0.05176348,0.5422761,0.6098087,-2.758519,-2.761988,-11.42034,56.80217
L,-0.1911062,0.9130667,-0.001745846,0.3377484,0.101359,1.895763,19.92802,-30.72403,89.60796,56.81652
L,-0.1877333,0.9143957,0.01850697,0.2168189,0.0854279,1.301901,-7.773648,-1.02409,-38.17488,56.83208
L,-0.1797547,0.9078808,0.05369154,0.6755592,-0.5516291,2.979142,38.84238,-53.94078,142.015,56.84389
L,-0.1737821,0.9034263,0.08108997,0.3692678,-0.2754017,1.693947,-18.9369,17.07815,-79.459,56.86006
L,-0.1691333,0.9002657,0.1030872,0.2379243,-0.1617624,1.125821,-6.722157,5.816061,-29.07671,56.8796
L,-0.1599927,0.8939877,0.1229767,1.045442,-0.718041,2.274822,92.35856,-63.62352,131.4153,56.88834
L,-0.1527065,0.8893002,0.1404091,0.570839,-0.3672389,1.365753,-37.18298,27.48376,-71.22145,56.90111
L,-0.1587289,0.8863701,0.1343151,-0.4467284,-0.2173484,-0.4520418,-75.48081,11.11853,-134.8399,56.91459
L,-0.1618877,0.8841496,0.1330585,-0.2394595,-0.1683325,-0.09525692,15.71264,3.715801,27.04714,56.92778
L,-0.1636287,0.8822786,0.1342853,-0.1309973,-0.140782,0.09230254,8.160937,2.072963,14.1124,56.94107
L,-0.1723795,0.8915775,0.1126581,-0.5909255,0.6279382,-1.460439,-31.05807,51.91019,-104.8536,56.95588
L,-0.178323,0.8980315,0.1000258,-0.4585176,0.4979078,-0.9745433,10.21481,-10.0314,37.48517,56.96884
L,-0.1845808,0.9084038,0.06889095,-0.4546689,0.7536117,-2.262141,0.2796368,18.57851,-93.55207,56.9826
L,-0.1892314,0.9161139,0.04904211,-0.2936282,0.486791,-1.253192,10.16759,-16.84621,63.70177,56.99844
L,-0.1928994,0.9220349,0.03413667,-0.2699425,0.4357542,-1.09696,1.743144,-3.756038,11.49782,57.01203
L,-0.2018865,0.9302349,-0.005333776,-0.6526067,0.595451,-2.866188,-27.78757,11.59656,-128.4744,57.0258
L,-0.2087829,0.9368802,-0.03151168,-0.4792799,0.4618323,-1.819295,12.04575,-9.286148,72.75631,57.04019
L,-0.2184551,0.9315492,-0.04745781,-0.7066644,-0.3894928,-1.165046,-16.61301,-62.19893,47.80032,57.05388
L,-0.2262012,0.9285076,-0.06205989,-0.5909761,-0.2320558,-1.114041,8.826251,12.01139,3.891298,57.06699
L,-0.2328537,0.9284399,-0.07132907,-0.5081391,-0.005171911,-0.7080016,6.327274,17.32991,31.01424,57.08008
L,-0.23878,0.9288995,-0.08101737,-0.4187395,0.03247557,-0.6845635,6.31687,2.660124,1.656107,57.09423
L,-0.2442425,0.9296823,-0.09083928,-0.4038254,0.0578689,-0.7261009,1.102547,1.877244,-3.070727,57.10776
L,-0.2470901,0.9309973,-0.08959396,-0.1766446,0.08157463,0.07724873,14.09231,1.470495,49.83277,57.12388
L,-0.2503392,0.9323209,-0.09145903,-0.2810966,0.1145111,-0.1613584,-9.036787,2.849541,-20.64338,57.13544
L,-0.2504557,0.9353455,-0.08260673,-0.007396136,0.1920762,0.5621555,17.38104,4.925683,45.94594,57.15118
L,-0.2517077,0.9386887,-0.07603659,-0.1049964,0.2803553,0.5509662,-8.184684,7.403015,-0.9383298,57.16311
L,-0.2535074,0.9413294,-0.07326342,-0.1180614,0.1732318,0.1819246,-0.8570866,-7.02747,-24.20972,57.17835
L,-0.2481716,0.9497417,-0.05784096,0.4135855,0.652055,1.195418,41.20877,37.11432,78.55746,57.19125
L,-0.2451555,0.9564399,-0.04751599,0.2001632,0.4445293,0.6852225,-14.16389,-13.77256,-33.85945,57.20632
L,-0.2360695,0.9647239,-0.01434757,0.6475942,0.5904279,2.36403,31.88998,10.39871,119.6545,57.22035
L,-0.2298779,0.9715726,0.010413,0.4963602,0.5490395,1.984965,-12.12388,-3.317952,-30.38826,57.23283
L,-0.2256143,0.9774907,0.02906816,0.3077301,0.4271407,1.346459,-13.6146,-8.798198,-46.08496,57.24668
L,-0.2145596,0.9907137,0.06007346,0.6748788,0.8072492,1.89284,22.41403,23.20521,33.35597,57.26306
L,-0.2062995,1.001577,0.08491247,0.7295527,0.9594582,2.193867,4.828989,13.44362,26.5878,57.27438
L,-0.197019,1.008524,0.1299826,0.6372058,0.4770004,3.094516,-6.340546,-33.12557,61.83854,57.28895
L,-0.1896372,1.015028,0.167065,0.4911366,0.432757,2.46724,-9.71857,-2.943691,-41.73517,57.30398
L,-0.1829222,1.019832,0.1962658,0.4376651,0.3131294,1.903235,-3.485138,-7.797032,-36.76043,57.31932
L,-0.1771523,1.024852,0.2216769,0.4735625,0.4119639,2.085594,2.946237,8.111731,14.96688,57.3315
L,-0.1719633,1.030042,0.2450163,0.408736,0.4087853,1.83842,-5.10633,-0.2503709,-19.4697,57.3442
L,-0.1841917,1.021441,0.2443452,-0.8835726,-0.6214167,-0.04848897,-93.37679,-74.43806,-136.3401,57.35804
L,-0.1917653,1.016788,0.2486055,-0.5400922,-0.331857,0.3038098,24.49438,20.64917,25.12323,57.37206
L,-0.2032252,1.004343,0.243928,-0.8294159,-0.9006851,-0.3385313,-20.93995,-41.16921,-46.48974,57.38588
L,-0.2110307,0.9963787,0.2447792,-0.5447752,-0.5558689,0.05940599,19.86604,24.06589,27.77339,57.40021
L,-0.2166824,0.9910231,0.2490912,-0.4047985,-0.3835895,0.3088424,10.0257,12.33935,17.86564,57.41417
L,-0.2264477,0.9910972,0.2325572,-0.7276629,0.005525156,-1.232029,-24.05826,28.9949,-114.8181,57.42759
L,-0.2337654,0.9911411,0.2241922,-0.4964466,0.002976191,-0.5675061,15.68633,-0.1729286,45.08298,57.44233
L,-0.2358324,0.992843,0.2118983,-0.1519538,0.1251139,-0.903747,25.32438,8.978596,-24.71776,57.45593
L,-0.2380551,0.9940801,0.2050968,-0.1680093,0.0935067,-0.514128,-1.213626,-2.38917,29.45106,57.46916
L,-0.2363612,0.9882544,0.1869617,0.1222564,-0.4204768,-1.308922,20.95028,-37.09739,-57.3652,57.48302
L,-0.235779,0.9840779,0.1753361,0.04093704,-0.2936813,-0.8174803,-5.71818,8.915959,34.55699,57.49724
L,-0.2359189,0.9809223,0.1672133,-0.008369007,-0.1888592,-0.4861542,-2.950978,6.273627,19.82994,57.51395
L,-0.2367648,0.9720124,0.1319526,-0.08412367,-0.8860726,-3.506596,-7.533623,-69.33624,-300.3758,57.524
L,-0.2378184,0.9653006,0.1078321,-0.06203673,-0.3952086,-1.420266,1.30053,28.9032,122.8479,57.54099
L,-0.24097,0.9547451,0.07934378,-0.2369971,-0.7937599,-2.142298,-13.15686,-29.97069,-54.29616,57.55428
L,-0.2436676,0.9464805,0.05716805,-0.2198954,-0.6736727,-1.807598,1.394002,9.788601,27.28223,57.56655
L,-0.2460745,0.9396197,0.03881967,-0.1757519,-0.5009793,-1.33981,3.223387,12.61018,34.15816,57.58025
L,-0.2523916,0.9279699,0.0153479,-0.1608384,-0.2966125,-0.5976093,0.3797083,5.203335,18.89699,57.61952
L,-0.2552504,0.9154503,-0.007031345,-0.1414493,-0.6194673,-1.107321,0.9593685,-15.97479,-25.22042,57.63973
L,-0.2585321,0.8738367,-0.04942989,-0.1793747,-2.274552,-2.317457,-2.072962,-90.46507,-66.1447,57.65803
L,-0.2601598,0.866086,-0.0583888,-0.05561824,-0.2648328,-0.3061166,4.228627,68.66994,68.72534,57.68729
L,-0.2587573,0.858978,-0.07133854,0.07688663,-0.3896546,-0.7098905,7.263772,-6.842595,-22.13444,57.70554
L,-0.2578367,0.8467768,-0.07982513,0.0671475,-0.8899425,-0.6190059,-0.7103658,-36.49067,6.629065,57.71925
L,-0.257927,0.8400809,-0.08645777,-0.00645436,-0.4782868,-0.4737627,-5.257298,29.40411,10.37456,57.73325
L,-0.2582175,0.833422,-0.09359206,-0.01680067,-0.3851673,-0.4126679,-0.5984604,5.386302,3.533898,57.75053
L,-0.2579562,0.8333856,-0.09055999,0.02160883,-0.003011632,0.2507381,3.176284,31.60246,54.86054,57.76263
L,-0.2578866,0.8323553,-0.08991057,0.004099368,-0.06069522,0.03825667,-1.031461,-3.398069,-12.51702,57.7796
L,-0.2554537,0.8380842,-0.07918777,0.2379693,0.560372,1.048849,22.87597,60.74965,98.85104,57.78983
L,-0.2537074,0.8409701,-0.07264992,0.1124808,0.1858799,0.4210957,-8.082572,-24.1206,-40.43288,57.80535
L,-0.2526623,0.8508898,-0.06286088,0.08286543,0.786567,0.7762059,-2.348304,47.63053,28.1579,57.81796
L,-0.251914,0.8572035,-0.05670266,0.05576455,0.4704688,0.4588803,-2.019424,-23.55408,-23.64554,57.83138
L,-0.2513468,0.861132,-0.05289629,0.04314785,0.2988474,0.2895581,-0.959777,-13.05558,-12.88067,57.84453
L,-0.2454357,0.8795272,-0.04325638,0.4219878,1.313228,0.6881931,27.04537,72.41658,28.45854,57.85854
L,-0.2410289,0.8930421,-0.03639615,0.3139213,0.9627378,0.4886873,-7.698089,-24.96707,-14.21175,57.87257
L,-0.2334499,0.9170421,-0.01891749,0.5571478,1.764284,1.284892,17.88008,58.92333,58.53063,57.88618
L,-0.2275669,0.9355837,-0.005653823,0.381351,1.20192,0.8597902,-11.39567,-36.45414,-27.55633,57.9016
L,-0.2228111,0.9502631,0.004651261,0.3568182,1.101357,0.7731586,-1.840624,-7.544916,-6.499705,57.91493
L,-0.2185113,0.9666259,0.03071855,0.2872477,1.093121,1.741433,-4.647673,-0.5502039,64.68585,57.9299
L,-0.2147078,0.9805198,0.05144637,0.3108075,1.135345,1.693789,1.925199,3.450397,-3.893255,57.94214
L,-0.2136652,1.000954,0.07376058,0.07032859,1.378442,1.505284,-16.22236,16.39895,-12.71624,57.95696
L,-0.2121709,1.018427,0.09235,0.1182059,1.382148,1.47046,3.787191,0.2931408,-2.754658,57.9696
L,-0.2103696,1.033691,0.1083097,0.1156208,0.9797916,1.024421,-0.1659334,-25.82645,-28.63038,57.98518
L,-0.20642,1.053992,0.1265956,0.2814996,1.446897,1.303298,11.82277,33.29226,19.87655,57.99921
L,-0.2028797,1.071843,0.1428798,0.2720041,1.371529,1.251121,-0.7295368,-5.790555,-4.008801,58.01223
L,-0.1988422,1.079009,0.1674868,0.3394466,0.6024996,2.068817,5.670186,-64.65567,68.74729,58.02412
L,-0.1951749,1.087398,0.1891048,0.2587092,0.5917485,1.525034,-5.695596,-0.7584306,-38.36095,58.0383
L,-0.197084,1.081706,0.2008749,-0.1191574,-0.3552455,0.7346354,-23.58463,-59.10686,-49.33294,58.05432
L,-0.1977281,1.080649,0.2130098,-0.05172789,-0.08493222,0.9745998,5.415512,21.70987,19.27243,58.06677
L,-0.1975471,1.082534,0.2255682,0.01153636,0.1202198,0.8006074,4.033157,13.07864,-11.09218,58.08246
L,-0.1989578,1.067677,0.2175949,-0.110584,-1.164735,-0.6250432,-9.573303,-100.7306,-111.7601,58.09521
L,-0.199472,1.059404,0.21549,-0.03286411,-0.5286522,-0.1345161,4.966799,40.64977,31.34781,58.11086
L,-0.2034259,1.045373,0.211398,-0.3459587,-1.227741,-0.3580425,-27.39515,-61.16888,-19.55811,58.12229
L,-0.2059288,1.036581,0.2112349,-0.1509668,-0.5303224,-0.009841125,11.76161,42.06722,21.00297,58.13887
L,-0.2024614,1.029899,0.1982079,0.3173746,-0.6115354,-1.192369,42.86763,-7.433485,-108.2377,58.1498
L,-0.1997602,1.025398,0.190999,0.1641377,-0.2735425,-0.4380569,-9.311578,20.53843,45.83645,58.16625
L,-0.1975718,1.02229,0.1872938,0.1524143,-0.2164669,-0.2580439,-0.8164726,3.975038,12.53701,58.18061
L,-0.2015336,1.013025,0.177218,-0.3427638,-0.801578,-0.8717216,-42.84092,-50.62157,-53.09304,58.19217
L,-0.2040987,1.006293,0.1709524,-0.1635258,-0.4291251,-0.3994388,11.4266,23.74423,30.10849,58.20786
L,-0.2128161,0.9793319,0.1421824,-0.6646976,-2.055778,-2.193683,-38.21384,-124.0306,-136.8093,58.22097
L,-0.2190155,0.960137,0.1227189,-0.4886124,-1.512882,-1.534046,13.87844,42.78927,51.99037,58.23366
L,-0.2236725,0.9450564,0.1080775,-0.3526265,-1.141902,-1.108651,10.29691,28.0907,32.21109,58.24686
L,-0.2141636,0.9168859,0.05591688,0.6840515,-2.026551,-3.752361,74.57709,-63.6403,-190.1846,58.26077
L,-0.2075695,0.8958585,0.02532396,0.4354199,-1.38846,-2.020088,-16.41745,42.13389,114.3841,58.27591
L,-0.205266,0.8802118,0.01815968,0.112951,-0.7672442,-0.3513042,-15.81244,30.46167,81.82973,58.2963
L,-0.2036088,0.8659017,0.008516727,0.1828375,-1.578835,-1.063907,7.710576,-89.54281,-78.62141,58.30537
L,-0.1964969,0.8500404,0.009003901,0.5941247,-1.325033,0.04069781,34.35834,21.20229,92.27707,58.31734
L,-0.1911005,0.8354892,0.006362485,0.354362,-0.95554,-0.1734547,-15.74457,24.26361,-14.06283,58.33257
L,-0.1868446,0.8219061,0.001770361,0.375389,-1.198088,-0.4050464,1.854678,-21.39388,-20.42745,58.3439
L,-0.1740978,0.8144625,0.002405817,0.8877576,-0.5184063,0.0442564,35.68394,47.3365,31.29172,58.35826
L,-0.1640968,0.8056516,0.0005320635,0.6756907,-0.5952924,-0.1265962,-14.32786,-5.194648,-11.54329,58.37306
L,-0.1489893,0.8079265,0.0006476058,1.043845,0.1571807,0.007983319,25.43739,51.99165,9.298684,58.38754
L,-0.1368126,0.8064852,-0.00118353,0.8562347,-0.1013487,-0.128761,-13.1923,-18.17917,-9.615533,58.40176
L,-0.1266681,0.8026867,-0.004248211,0.7717179,-0.2889582,-0.2331364,-6.429361,-14.27182,-7.940038,58.4149
L,-0.1134354,0.8121377,-0.003966882,0.8977364,0.641183,0.01908612,8.549431,63.10324,17.11144,58.42964
L,-0.1030542,0.8252093,0.004405548,0.7610131,0.9582285,0.6137534,-10.02271,23.24149,43.59297,58.44328
L,-0.09372456,0.8330737,0.009361408,0.67116,0.5657588,0.3565172,-6.463901,-28.23369,-18.5052,58.45718
L,-0.08909986,0.8409665,0.01478963,0.3812377,0.6506436,0.4474763,-23.89981,6.997504,7.498231,58.46931
L,-0.08388096,0.8459063,0.01813827,0.3386395,0.3205252,0.2172838,-2.764076,-21.42044,-14.93653,58.48473
L,-0.07821233,0.8489444,0.0201513,0.4005386,0.214669,0.1422384,4.373711,-7.479671,-5.30261,58.49888
L,-0.07227506,0.8508012,0.02133439,0.4863812,0.1521143,0.09691895,7.032231,-5.124483,-3.712573,58.51109
L,-0.06600209,0.860832,0.01991417,0.4113106,0.6577039,-0.09312261,-4.922287,33.15089,-12.46079,58.52634
L,-0.0596561,0.8681328,0.01874429,0.460566,0.5298614,-0.08490443,3.574751,-9.278278,0.5964412,58.54012
L,-0.06009053,0.8723432,0.02321101,-0.03322136,0.3219807,0.3415762,-37.76062,-15.89693,32.61358,58.55319
L,-0.05872903,0.8756614,0.02631923,0.09682779,0.2359858,0.2210526,9.248942,-6.115858,-8.571503,58.56725
L,-0.05638807,0.8782561,0.02837841,0.1555956,0.1724574,0.1368669,3.90609,-4.222517,-5.595527,58.5823
L,-0.05584977,0.88219,0.03407905,0.04358008,0.3184884,0.4615154,-9.068619,11.82247,26.28309,58.59465
L,-0.05411284,0.8855362,0.03836565,0.1259895,0.242715,0.3109322,5.977626,-5.496283,-10.92266,58.60844
L,-0.05592769,0.8926598,0.0370414,-0.1244775,0.488594,-0.09082849,-17.17907,16.8644,-27.55603,58.62302
L,-0.06039529,0.89721,0.03687996,-0.2995275,0.3050671,-0.01082361,-11.73614,-12.30447,5.363887,58.63793
L,-0.06266254,0.9010149,0.03703316,-0.1509263,0.2532853,0.01019811,9.892055,-3.447003,1.39937,58.65295
L,-0.06363136,0.9042745,0.03735158,-0.07549664,0.2540084,0.0248138,5.877951,0.05635265,1.138947,58.66579
L,-0.06388567,0.9072385,0.03776129,-0.01781509,0.2076388,0.02870212,4.040854,-3.248403,0.272394,58.68006
L,-0.066341,0.909188,0.0412647,-0.2049842,0.1627538,0.2924833,-15.62588,-3.747242,22.02186,58.69204
L,-0.06918909,0.9106331,0.04291334,-0.1657663,0.08410926,0.09595486,2.28258,-4.577306,-11.43844,58.70922
L,-0.07112497,0.9122955,0.04434032,-0.1705237,0.1464371,0.1256967,-0.4190608,5.490213,2.619837,58.72057
L,-0.07246785,0.9140769,0.04562184,-0.09735269,0.1291439,0.09290496,5.304574,-1.253682,-2.377253,58.73437
L,-0.07344247,0.915962,0.04682899,-0.06083147,0.1176563,0.07534458,2.27948,-0.7170047,-1.096035,58.75039
L,-0.07706156,0.9178269,0.04605483,-0.3054478,0.157397,-0.06533914,-20.64543,3.354086,-11.8736,58.76224
L,-0.08274511,0.9172055,0.04784735,-0.2866314,-0.03134018,0.09040004,0.9489392,-9.518336,7.854193,58.78207
L,-0.0871934,0.9172187,0.04950587,-0.5688252,0.001692073,0.2120841,-36.08557,4.224003,15.56037,58.78989
L,-0.0905786,0.9176531,0.05093769,-0.2224086,0.0285401,0.09407038,22.75966,1.763922,-7.753533,58.80511
L,-0.09198657,0.915365,0.05318971,-0.1013988,-0.1647837,0.1621853,8.714828,-13.92271,4.905471,58.81899
L,-0.09335767,0.9138382,0.05519947,-0.05139031,-0.05722539,0.07532852,1.874384,4.03142,-3.255502,58.84567
L,-0.09869432,0.9091066,0.05866559,-0.3525632,-0.3125906,0.2289874,-19.89684,-16.87058,10.1514,58.86081
L,-0.1011574,0.9074968,0.06045523,-0.2057653,-0.1344855,0.1495034,12.26329,14.87864,-6.639981,58.87278
L,-0.1031961,0.9064386,0.06195135,-0.1360569,-0.07061879,0.09984755,4.652144,4.262292,-3.313895,58.88776
L,-0.1040151,0.9036249,0.06359178,-0.06040893,-0.207539,0.1209981,5.579816,-10.09927,1.560073,58.90132
L,-0.10316,0.9021661,0.06279819,0.06343014,-0.1082078,-0.05886677,9.186098,7.368165,-13.34196,58.9148
L,-0.1026055,0.9008614,0.06225914,0.0354689,-0.08346297,-0.03448233,-1.788646,1.582894,1.559842,58.93044
L,-0.1022868,0.8996574,0.06192582,0.02653905,-0.1002621,-0.02775634,-0.7436174,-1.398915,0.5600947,58.94244
L,-0.1012899,0.8944424,0.06527384,0.06449796,-0.3373797,0.2166002,2.45575,-15.34032,15.80864,58.9579
L,-0.1000456,0.8922024,0.06612242,0.0924055,-0.1663509,0.06301677,2.072463,12.7009,-11.40538,58.97137
L,-0.09927219,0.8904319,0.06688693,0.06132316,-0.1403887,0.06062072,-2.464624,2.058634,-0.189991,58.98398
L,-0.09877478,0.8889357,0.06762142,0.03458741,-0.1040327,0.0510724,-1.85905,2.527988,-0.6639348,58.99836
L,-0.09843976,0.8875835,0.06835079,0.02282283,-0.09212172,0.04968795,-0.8014586,0.8114296,-0.09431569,59.01304
L,-0.09824059,0.8873242,0.06744829,0.01493448,-0.01944186,-0.06767333,-0.5915003,5.449825,-8.800216,59.02637
L,-0.09787852,0.8876594,0.06501721,0.02294827,0.0212426,-0.1540844,0.5079228,2.578624,-5.476822,59.04215
L,-0.09750216,0.8879136,0.06231737,0.02765194,0.01868168,-0.1983596,0.345582,-0.1881524,-3.252939,59.05576
L,-0.09720593,0.8880147,0.0600192,0.02361749,0.008054859,-0.1832269,-0.3216565,-0.8472502,1.20649,59.06831
L,-0.09699251,0.8879961,0.058201,0.01697429,-0.001479066,-0.1446086,-0.5283599,-0.758271,3.071472,59.08088
L,-0.09681736,0.8873206,0.05809806,0.01150728,-0.04437657,-0.006763491,-0.3591837,-2.818377,9.056458,59.0961
L,-0.0965305,0.8856498,0.05895868,0.02540448,-0.147973,0.0762184,1.230766,-9.174722,7.349055,59.10739
L,-0.09615803,0.8833392,0.06009039,0.02280303,-0.1414533,0.06928349,-0.1592608,0.3991326,-0.4245552,59.12373
L,-0.09580454,0.8810161,0.06117264,0.02854715,-0.1876107,0.08740144,0.4638902,-3.727629,1.46319,59.13611
L,-0.09518151,0.8778687,0.06200542,0.04381014,-0.2213234,0.05855865,1.073257,-2.370597,-2.028156,59.15033
L,-0.09466267,0.8751363,0.06270779,0.03379964,-0.1780023,0.04575622,-0.6521353,2.822161,-0.8340154,59.16568
L,-0.0952189,0.8724275,0.06349892,-0.04219112,-0.2054624,0.06000886,-5.76404,-2.082901,1.081089,59.17886
L,-0.09565608,0.8700394,0.06417622,-0.02958274,-0.1615982,0.04583088,0.8531781,2.968186,-0.959389,59.19364
L,-0.09569469,0.8658121,0.06653343,-0.003014024,-0.3300048,0.1840172,2.0741,-13.14675,10.78759,59.20645
L,-0.09572197,0.862093,0.06852826,-0.002113577,-0.2881067,0.1545312,0.06975383,3.245669,-2.284152,59.21936
L,-0.09574209,0.8589326,0.07015164,-0.001297598,-0.2038593,0.1047142,0.05263386,5.434287,-3.213392,59.23486
L,-0.09548814,0.8560386,0.07010491,0.02080383,-0.2370703,-0.003828125,1.810549,-2.720642,-8.891788,59.24707
L,-0.09528769,0.8533897,0.07020502,0.014827,-0.1959341,0.00740468,-0.4420971,3.042776,0.8308726,59.26059
L,-0.09512101,0.8508606,0.07041613,0.0109288,-0.1658329,0.01384237,-0.2555997,1.973701,0.4221115,59.27584
L,-0.09497577,0.848383,0.070707,0.01165062,-0.1987406,0.02333231,0.05790062,-2.639706,0.7612397,59.28831
L,-0.09513132,0.8472632,0.06886155,-0.01082149,-0.07790522,-0.12839,-1.56341,8.406655,-10.55549,59.30268
L,-0.09514458,0.8457567,0.06757067,-0.0008100099,-0.09201349,-0.07884354,0.611475,-0.8616953,3.026165,59.31905
L,-0.09514569,0.8440757,0.06649692,-8.211502E-05,-0.1243387,-0.07942341,0.05384122,-2.391042,-0.04289215,59.33257
L,-0.09536102,0.8431453,0.06529219,-0.01588329,-0.06862866,-0.08886115,-1.165499,4.109185,-0.6961297,59.34613
L,-0.09554356,0.8420811,0.06427811,-0.01367969,-0.0797554,-0.07599655,0.1651402,-0.8338498,0.9640872,59.35947
L,-0.09543996,0.8405159,0.06444215,0.007324745,-0.110656,0.01159707,1.484948,-2.184577,6.192595,59.37362
L,-0.095331,0.8387173,0.06462822,0.008826483,-0.1456949,0.01507335,0.1216537,-2.838454,0.281608,59.38596
L,-0.095221,0.8367292,0.06482399,0.007026301,-0.1269912,0.01250495,-0.1149871,1.194704,-0.1640569,59.40162
L,-0.09511393,0.8346456,0.06502108,0.00804195,-0.1565052,0.01480402,0.07628835,-2.216882,0.1726895,59.41493
L,-0.09473611,0.8346021,0.06393868,0.0271356,-0.003125,-0.07773866,1.371311,11.01581,-6.64644,59.42886
L,-0.09381887,0.8343664,0.06357302,0.06232433,-0.0160138,-0.0248459,2.39101,-0.8757704,3.593966,59.44357
L,-0.09280812,0.8339423,0.06320188,0.07459541,-0.03130279,-0.02739049,0.9056275,-1.128355,-0.1877955,59.45712
L,-0.09176522,0.833347,0.06284234,0.08224748,-0.04694551,-0.02835498,0.6034733,-1.233648,-0.07606361,59.4698
L,-0.08909978,0.8313844,0.0614872,0.1939835,-0.142833,-0.0986236,8.131849,-6.978436,-5.113964,59.48354
L,-0.08660273,0.8293576,0.06025877,0.1647172,-0.1336972,-0.08103307,-1.930547,0.6026428,1.160355,59.4987
L,-0.08216342,0.822728,0.06250475,0.3072171,-0.4587967,0.1554302,9.861535,-22.49812,16.36415,59.51315
L,-0.0787028,0.8175271,0.06415664,0.2478638,-0.3725068,0.1183156,-4.251119,6.180428,-2.658295,59.52711
L,-0.07572296,0.8132633,0.06574166,0.2405014,-0.34413,0.1279255,-0.5942202,2.290272,0.7756065,59.53951
L,-0.07336565,0.8097975,0.06690685,0.1616832,-0.237711,0.07991818,-5.405994,7.299091,-3.292734,59.55408
L,-0.07135884,0.8067896,0.06783536,0.1445253,-0.2166252,0.06686931,-1.235666,1.518547,-0.9397477,59.56797
L,-0.07033268,0.8087265,0.06437418,0.07270376,0.137234,-0.2452238,-5.088541,25.07082,-22.11172,59.58208
L,-0.06880759,0.8105173,0.06038183,0.1106841,0.1299661,-0.2897479,2.756457,-0.5274724,-3.231371,59.59586
L,-0.0675182,0.8110996,0.0592825,0.1045169,0.04720354,-0.08911058,-0.4999028,-6.708628,16.26341,59.6082
L,-0.06633178,0.8112655,0.05844508,0.08428502,0.01178438,-0.05949198,-1.437311,-2.516238,2.104156,59.62228
L,-0.06515186,0.8111923,0.05772431,0.07637249,-0.004741512,-0.04665292,-0.5121537,-1.06967,0.8310323,59.63773
L,-0.06472176,0.8180324,0.05048151,0.03389958,0.5391142,-0.5708531,-3.34757,42.86485,-41.31567,59.65041
L,-0.0640571,0.8228711,0.04507468,0.04606938,0.335388,-0.3747671,0.8435323,-14.12099,13.59142,59.66484
L,-0.06490301,0.8250862,0.04321167,-0.06112129,0.1600529,-0.1346133,-7.745146,-12.66898,17.3525,59.67868
L,-0.06523318,0.8265307,0.04172621,-0.02128695,0.0931313,-0.09577037,2.568208,-4.314582,2.504288,59.69419
L,-0.06596151,0.827655,0.04054863,-0.05892831,0.09096257,-0.09527663,-3.045512,-0.175469,0.03994804,59.70655
L,-0.06642495,0.828621,0.03939123,-0.02931667,0.06110868,-0.0732158,1.873194,-1.888518,1.395539,59.72236
L,-0.06672653,0.8295191,0.03820461,-0.02017781,0.06009125,-0.07939368,0.6114595,-0.06807423,-0.4133477,59.7373
L,-0.06730793,0.830288,0.03780522,-0.04974222,0.0657841,-0.03417045,-2.529417,0.487059,3.869126,59.74899
L,-0.06777298,0.8310317,0.0373085,-0.03621811,0.05791834,-0.03868418,1.053257,-0.6125858,-0.3515294,59.76183
L,-0.06827906,0.8318142,0.03705414,-0.03668861,0.05673137,-0.01843991,-0.0341092,-0.08604985,1.46762,59.77563
L,-0.06873144,0.8326222,0.03669577,-0.02958828,0.05284743,-0.02343969,0.4643982,-0.2540298,-0.3270117,59.79092
L,-0.06914303,0.8334631,0.03624032,-0.03780467,0.07723809,-0.04183308,-0.7546869,2.240317,-1.689459,59.8018
L,-0.06914143,0.8332289,0.0365564,9.765625E-05,-0.01428052,0.01926917,2.310667,-5.579315,3.72502,59.81821
L,-0.06913057,0.8329912,0.03686463,0.0008384511,-0.018355,0.02380724,0.05721713,-0.3147024,0.3505088,59.83115
L,-0.06902674,0.8327892,0.03738048,0.007535645,-0.01466033,0.03743787,0.4860546,0.2681437,0.9892551,59.84493
L,-0.06889812,0.8325946,0.03791758,0.009252689,-0.0139999,0.03863854,0.1235216,0.04751081,0.08637406,59.85883
L,-0.0687639,0.8324355,0.03839596,0.008962187,-0.01062627,0.031942,-0.01939718,0.2252611,-0.447136,59.87381
L,-0.06867478,0.8325948,0.03873372,0.006791084,0.01214117,0.02573867,-0.1654482,1.734985,-0.472723,59.88693
L,-0.06858554,0.8327675,0.03902468,0.00626192,0.01212025,0.02041606,-0.03712986,-0.00146798,-0.3734713,59.90118
L,-0.06874686,0.8344846,0.03860252,-0.01138026,0.1211274,-0.02978174,-1.244562,7.689873,-3.541188,59.91536
L,-0.06897572,0.8370407,0.03790902,-0.01470445,0.1642348,-0.04455758,-0.2135819,2.769696,-0.9493621,59.93092
L,-0.06896824,0.8387243,0.03844562,0.0006720142,0.1512487,0.04820598,1.381373,-1.166633,8.333589,59.94205
L,-0.06895643,0.8402131,0.03885562,0.0007498182,0.09458692,0.02604956,0.004943252,-3.599988,-1.407701,59.95779
L,-0.06894297,0.8415613,0.03916506,0.001027153,0.1028631,0.02360831,0.02115878,0.6314153,-0.1862506,59.9709
L,-0.06895464,0.8425441,0.03996542,-0.0009179453,0.07731843,0.06296776,-0.1530299,-2.009716,3.096592,59.98361
L,-0.06896266,0.8434989,0.04066364,-0.0005619151,0.06692848,0.04893936,0.02495486,-0.7282524,-0.9832786,59.99788
L,-0.06867566,0.8440776,0.04083491,0.02154478,0.04344305,0.01285779,1.659547,-1.763048,-2.708639,60.0112
L,-0.0684202,0.844633,0.04097341,0.01828695,0.03975372,0.009914163,-0.2332119,-0.2641004,-0.2107196,60.02517
L,-0.06816991,0.8452193,0.04110173,0.01540172,0.03608055,0.007896402,-0.1775457,-0.226033,-0.1241652,60.04142
L,-0.06789171,0.8458765,0.04064245,0.02463841,0.05819784,-0.04067515,0.8180211,1.958756,-4.301601,60.05271
L,-0.06757548,0.846663,0.04011847,0.02271137,0.05648972,-0.03763244,-0.1384007,-0.1226777,0.2185282,60.06664
L,-0.06758713,0.8479956,0.03865229,-0.0007575023,0.08668579,-0.09537211,-1.526606,1.964198,-3.755858,60.08201
L,-0.06759486,0.8494161,0.03715218,-0.0005995828,0.1102307,-0.1164133,0.01225508,1.827165,-1.632866,60.09489
L,-0.06759563,0.8507658,0.035781,-5.803572E-05,0.1010893,-0.1026989,0.04056095,-0.684678,1.027182,60.10825
L,-0.06733012,0.8522261,0.03444279,0.01646205,0.09054592,-0.08297155,1.024277,-0.6537088,1.223135,60.12437
L,-0.06709698,0.8535708,0.03324253,0.01712926,0.09879484,-0.08818403,0.04901999,0.6060556,-0.3829652,60.13799
L,-0.06643845,0.854167,0.03225411,0.05137765,0.04651693,-0.07711589,2.672027,-4.078673,0.863526,60.1508
L,-0.0658638,0.8547581,0.03134885,0.03783088,0.03891339,-0.05959508,-0.8918142,-0.500558,1.153434,60.16599
L,-0.06539027,0.8552517,0.02929831,0.04080632,0.04253472,-0.1767055,0.2564077,0.3120679,-10.09198,60.1776
L,-0.06492507,0.8558154,0.02726978,0.03279916,0.03974331,-0.1430249,-0.5645584,-0.1968136,2.374707,60.19178
L,-0.06449522,0.8564036,0.02539674,0.03159944,0.04323822,-0.1376909,-0.08819406,0.2569184,0.3921115,60.20538
L,-0.06398679,0.8562392,0.02505403,0.03590551,-0.01160931,-0.02420281,0.3040979,-3.87337,8.014609,60.21954
L,-0.06359044,0.8561577,0.02473629,0.02788576,-0.005736715,-0.02235479,-0.5642322,0.4131682,0.1300179,60.23376
L,-0.06358036,0.856408,0.02406133,0.000713054,0.01770777,-0.047743,-1.922062,1.658346,-1.795835,60.24789
L,-0.06355757,0.8567387,0.02322718,0.001680149,0.02438221,-0.06149268,0.07129306,0.4920312,-1.01361,60.26146
L,-0.06351769,0.857141,0.02225822,0.002361754,0.0238223,-0.05738959,0.04037027,-0.0331622,0.2430182,60.27834
L,-0.06352682,0.8582243,0.02168921,-0.000850241,0.1009184,-0.05300732,-0.2992201,7.182047,0.4082399,60.28908
L,-0.06352209,0.8593904,0.02103131,0.0003101907,0.07657503,-0.04320225,0.07620245,-1.598564,0.643873,60.30431
L,-0.06214754,0.8602707,0.02179269,0.09017318,0.05775306,0.04994753,5.895156,-1.234751,6.110775,60.31955
L,-0.0605168,0.8613496,0.0226153,0.1473082,0.09745434,0.0743081,5.161128,3.586303,2.200543,60.33062
L,-0.05644488,0.868063,0.0251106,0.2410634,0.3974459,0.1477256,5.550446,17.75994,4.346421,60.34751
L,-0.05323244,0.8734092,0.02694792,0.2797745,0.465599,0.1600135,3.371386,5.935522,1.070167,60.35899
L,-0.05078447,0.8774849,0.02824506,0.164713,0.2742356,0.08727877,-7.741962,-12.87597,-4.893987,60.37386
L,-0.04992776,0.8774059,0.02865387,0.07147741,-0.006584182,0.03410758,-7.778847,-23.42941,-4.43619,60.38584
L,-0.04927573,0.8775508,0.02893893,0.03730375,0.008286501,0.01630904,-1.955133,0.850777,-1.018285,60.40332
L,-0.04946876,0.875895,0.0303624,-0.01563707,-0.1341307,0.1153137,-4.288665,-11.53702,8.020237,60.41566
L,-0.04957825,0.87387,0.03237028,-0.008532729,-0.1578014,0.1564666,0.553615,-1.844569,3.206886,60.4285
L,-0.04952504,0.8722102,0.03430644,0.003572808,-0.1114522,0.1300084,0.812857,3.112232,-1.776601,60.44339
L,-0.05278772,0.8714253,0.03706469,-0.2073933,-0.04989467,0.1753294,-13.41016,3.912933,2.880854,60.45912
L,-0.05542839,0.870903,0.03956088,-0.2049246,-0.04052879,0.1937127,0.1915797,0.7268236,1.426599,60.47201
L,-0.05922639,0.8694578,0.04039967,-0.2854427,-0.1086135,0.06303952,-6.051413,-5.116969,-9.820866,60.48531
L,-0.06212779,0.8684323,0.04122837,-0.2005759,-0.0708935,0.05728909,5.866905,2.607611,-0.3975317,60.49978
L,-0.07245163,0.869852,0.04028063,-0.8949514,0.1230675,-0.08215751,-60.1939,16.81406,-12.08832,60.51131
L,-0.08006388,0.8709482,0.0398113,-0.5243053,0.07550167,-0.03232586,25.52881,-3.276171,3.43223,60.52583
L,-0.08605363,0.8718271,0.03965087,-0.4567125,0.06701298,-0.0122326,5.153878,-0.6472542,1.532091,60.53895
L,-0.09081168,0.8718808,0.03892265,-0.3033305,0.003423668,-0.04642496,9.778255,-4.053881,-2.179796,60.55463
L,-0.09461404,0.8720195,0.03855486,-0.2695413,0.009836398,-0.02607168,2.39525,0.4545859,1.442804,60.56874
L,-0.09503491,0.866675,0.04004397,-0.03572865,-0.4537069,0.1264123,19.84863,-39.35074,12.94455,60.58052
L,-0.09610037,0.8619702,0.04145607,-0.06685082,-0.2951921,0.08860072,-1.952726,9.945838,-2.372448,60.59646
L,-0.09756782,0.8582715,0.04265042,-0.1229807,-0.3099774,0.1000927,-4.703999,-1.239095,0.9630892,60.60839
L,-0.09685348,0.8563688,0.04303559,0.05044714,-0.1343657,0.0272009,12.24759,12.40182,-5.147667,60.62255
L,-0.09671092,0.8548154,0.04340637,0.009902251,-0.1079052,0.02575496,-2.816269,1.83796,-0.1004355,60.63695
L,-0.09559572,0.8543677,0.0432586,0.08134162,-0.0326499,-0.0107786,5.210741,5.489075,-2.664734,60.65066
L,-0.09481463,0.8538666,0.04318162,0.05694098,-0.03653365,-0.005611704,-1.778777,-0.2831206,0.3766602,60.66438
L,-0.09428795,0.8533239,0.04315973,0.03956002,-0.04075931,-0.001643927,-1.305534,-0.3174018,0.2980312,60.67769
L,-0.09291217,0.8526664,0.0434327,0.09561303,-0.04569857,0.01897048,3.895535,-0.3432651,1.432646,60.69208
L,-0.09174526,0.8519181,0.04374646,0.08975951,-0.05755759,0.02413468,-0.4502538,-0.9121979,0.3972313,60.70508
L,-0.09065664,0.8515859,0.04350951,0.07626269,-0.02327048,-0.01659974,-0.945513,2.401967,-2.853629,60.71935
L,-0.08983533,0.8512224,0.04334162,0.05809519,-0.02571421,-0.01187527,-1.285079,-0.1728578,0.3341849,60.73349
L,-0.08984181,0.8512057,0.04333169,-0.0005161661,-0.001328979,-0.0007908614,-4.667259,1.941811,0.8826586,60.74605
L,-0.08988229,0.8511654,0.04333244,-0.002753329,-0.002744713,5.093126E-05,-0.1521689,-0.09629636,0.05725762,60.76075
L,-0.08994802,0.8511002,0.04334213,-0.00451769,-0.004477746,0.0006659777,-0.1212682,-0.1191149,0.0422734,60.7753
L,-0.0901807,0.8510554,0.04331627,-0.01695278,-0.003261361,-0.001884185,-0.9059988,0.08862374,-0.1858004,60.78902
L,-0.09044318,0.8509908,0.04329602,-0.01951408,-0.004803602,-0.001505003,-0.1904225,-0.1146595,0.02819065,60.80247
L,-0.09114005,0.8507435,0.04321208,-0.04991248,-0.01771687,-0.00601253,-2.177257,-0.9249006,-0.3228473,60.81644
L,-0.09207756,0.8503859,0.04311749,-0.06508572,-0.02482372,-0.006566452,-1.053383,-0.493384,-0.03845531,60.83084
L,-0.09311166,0.8499674,0.04303111,-0.0668353,-0.02705097,-0.005583212,-0.1130776,-0.1439499,0.06354795,60.84631
L,-0.09418826,0.8485632,0.04305315,-0.08510937,-0.1110054,0.001742557,-1.444643,-6.636953,0.5791335,60.85896
L,-0.09529398,0.8471372,0.04308932,-0.0712881,-0.09194002,0.002331645,0.8910876,1.229184,0.03797978,60.87447
L,-0.09677391,0.8463736,0.04317306,-0.1151202,-0.05939355,0.00651399,-3.409591,2.53171,0.3253343,60.88733
L,-0.098131,0.8456498,0.04325804,-0.1062586,-0.05667096,0.006654217,0.6938494,0.213175,0.01097958,60.9001
L,-0.09937966,0.8449607,0.04334281,-0.08074202,-0.04456247,0.005481662,1.649982,0.7829719,-0.07582102,60.91557
L,-0.10075,0.8472594,0.04156217,-0.1093191,0.1833822,-0.1420524,-2.279768,18.18451,-11.76968,60.9281
L,-0.1024146,0.8497971,0.03955155,-0.1098638,0.167481,-0.1326972,-0.03594547,-1.049447,0.6174245,60.94325
L,-0.1025934,0.8521358,0.03857538,-0.01358299,0.1777038,-0.07417317,7.315777,0.7767697,4.446876,60.95641
L,-0.1028465,0.8539932,0.03776711,-0.01912205,0.1403188,-0.06106105,-0.4184527,-2.82428,0.9905665,60.96965
L,-0.103599,0.8558153,0.03954979,-0.05319895,0.1288178,0.1260298,-2.40913,-0.8130889,13.22674,60.9838
L,-0.1044177,0.8575912,0.04121669,-0.0655496,0.1421951,0.133466,-0.9888966,1.071106,0.5954096,60.99628
L,-0.1052313,0.8592011,0.04264531,-0.05917958,0.1171008,0.1039137,0.4633358,-1.825286,-2.149548,61.01003
L,-0.1075229,0.8577522,0.04201622,-0.1492142,-0.0943438,-0.04096226,-5.862403,-13.76774,-9.433272,61.02539
L,-0.110406,0.8560909,0.04127293,-0.2003636,-0.115456,-0.05165632,-3.554748,-1.467242,-0.7432091,61.03978
L,-0.113626,0.8547148,0.04255435,-0.233439,-0.09976494,0.09289712,-2.397817,1.137532,10.47949,61.05357
L,-0.1164266,0.8536545,0.0436324,-0.2422932,-0.09172855,0.09326881,-0.7660363,0.6952777,0.03215695,61.06513
L,-0.1188033,0.8528615,0.04450469,-0.1613265,-0.05382574,0.05920897,5.49584,2.572758,-2.311907,61.07986
L,-0.1216799,0.8545344,0.04085682,-0.2067143,0.1202157,-0.2621348,-3.261551,12.50656,-23.09165,61.09378
L,-0.1246042,0.8560622,0.0376,-0.2176559,0.1137094,-0.2424065,-0.8143855,-0.4842696,1.46838,61.10722
L,-0.1377213,0.8637327,0.0177155,-0.7671951,0.4486348,-1.163008,-32.14154,19.58918,-53.8443,61.12431
L,-0.1474564,0.8694579,0.003819308,-0.8575269,0.5043105,-1.22406,-7.956968,4.904255,-5.377804,61.13567
L,-0.1604473,0.8721097,-0.0004134156,-0.9249007,0.1887943,-0.3013534,-4.796752,-22.46352,65.69309,61.14971
L,-0.1707123,0.8743909,-0.00451688,-0.7777174,0.1728369,-0.3108956,11.15122,-1.209,-0.7229565,61.16291
L,-0.1793827,0.876469,-0.008441479,-0.6028919,0.1445002,-0.2728939,12.15636,-1.970372,2.642416,61.17729
L,-0.1896418,0.8741071,0.003697387,-0.7396489,-0.1702893,0.8751735,-9.859745,-22.69532,82.772,61.19116
L,-0.1985221,0.8728414,0.01175342,-0.6409455,-0.09134946,0.5814541,7.124036,5.697578,-21.19955,61.20502
L,-0.2089444,0.8739004,0.01579353,-0.7328683,0.07446603,0.2840904,-6.463788,11.65975,-20.9099,61.21924
L,-0.2181714,0.8749668,0.01839145,-0.639218,0.07387602,0.179976,6.487806,-0.0408742,-7.212729,61.23367
L,-0.226684,0.8760262,0.02012071,-0.5922365,0.07370041,0.1203069,3.268557,-0.01221792,-4.151248,61.24805
L,-0.2361958,0.8792878,0.01913843,-0.6592969,0.2260791,-0.0680858,-4.648202,10.56192,-13.05817,61.26247
L,-0.2450196,0.8819544,0.01841515,-0.6967185,0.2105516,-0.05710876,-2.954772,-1.22604,0.8667366,61.27514
L,-0.2546167,0.8856599,0.02071803,-0.6202722,0.239487,0.1488377,4.940813,1.870132,13.31056,61.29061
L,-0.2635696,0.8887485,0.02237353,-0.6515629,0.224784,0.1204827,-2.277255,-1.070049,-2.063602,61.30435
L,-0.2645283,0.8956012,0.0201554,-0.07349004,0.5252604,-0.1700204,44.30946,23.03161,-22.26714,61.3174
L,-0.2673628,0.9011407,0.01858538,-0.1700318,0.3322976,-0.09418108,-5.791269,-11.57529,4.549387,61.33407
L,-0.2713554,0.9058037,0.01743901,-0.4206724,0.4913146,-0.1207852,-26.40833,16.75456,-2.803103,61.34356
L,-0.2721917,0.9083762,0.01964803,-0.05970222,0.1836448,0.1577017,25.76965,-21.96454,19.88117,61.35757
L,-0.2742553,0.9109172,0.02123374,-0.1466814,0.1806153,0.112713,-6.182502,-0.2153363,-3.197807,61.37164
L,-0.2713203,0.9133571,0.02366264,0.2109032,0.1753315,0.1745398,25.6959,-0.3796933,4.442852,61.38555
L,-0.26991,0.9160625,0.02578458,0.1009587,0.1936698,0.1518991,-7.870368,1.312743,-1.620735,61.39952
L,-0.269778,0.9187754,0.02751787,0.009729395,0.1998753,0.1277041,-6.721537,0.4572047,-1.782623,61.41309
L,-0.256879,0.9244425,0.03072251,0.9413627,0.4135883,0.2338746,67.99056,15.59677,7.748322,61.4268
L,-0.248263,0.929323,0.03322013,0.5161436,0.2923653,0.1496195,-25.47272,-7.261858,-5.047298,61.44349
L,-0.2323779,0.9371883,0.03577515,1.347635,0.6672633,0.2167583,70.54059,31.80494,5.695806,61.45528
L,-0.2209157,0.9437982,0.03790404,0.8107777,0.4675484,0.1505872,-37.9746,-14.12684,-4.680615,61.46941
L,-0.2123724,0.9496,0.03976668,0.5632703,0.3825256,0.1228067,-16.31856,-5.605687,-1.831615,61.48458
L,-0.2010277,0.950938,0.04818188,0.7087572,0.08359151,0.5257379,9.089259,-18.67583,25.17302,61.50059
L,-0.1920277,0.9530135,0.05472108,0.7537677,0.1738269,0.5476709,3.769723,7.557399,1.836936,61.51253
L,-0.181408,0.9510483,0.05842713,0.8340008,-0.1543355,0.2910487,6.300961,-25.77166,-20.15338,61.52526
L,-0.1725362,0.9506364,0.06174939,0.5245114,-0.02435372,0.1964161,-18.29742,7.684697,-5.594802,61.54218
L,-0.1739629,0.9459125,0.07364799,-0.1069138,-0.3540148,0.8916945,-47.3197,-24.70517,52.10493,61.55552
L,-0.1737489,0.94325,0.08317263,0.01436928,-0.178779,0.6395559,8.143859,11.76665,-16.93049,61.57041
L,-0.1766593,0.9428627,0.0818067,-0.2819487,-0.03752079,-0.1323239,-28.70583,13.6844,-74.77592,61.58073
L,-0.1775564,0.9428613,0.08155083,-0.05507629,-8.416276E-05,-0.01570871,13.92816,2.298311,7.159242,61.59702
L,-0.1778824,0.9429559,0.08163809,-0.02732002,0.00792739,0.00731298,2.326132,0.6714132,1.929347,61.60896
L,-0.1853769,0.9436069,0.08228776,-0.4839016,0.04202971,0.04194745,-29.48033,2.201901,2.236261,61.62444
L,-0.1893294,0.9415701,0.07715093,-0.3135971,-0.1615986,-0.4075629,13.5122,-16.15616,-35.66478,61.63705
L,-0.203996,0.9431792,0.07320691,-1.072155,0.1176276,-0.2883163,-55.45211,20.41201,8.717171,61.65073
L,-0.21404,0.9445351,0.07074509,-0.7131572,0.09627234,-0.1747973,25.48997,-1.516291,8.060222,61.66481
L,-0.2215494,0.9457088,0.06919928,-0.5213302,0.0814809,-0.1073158,13.31735,-1.026877,4.684813,61.67921
L,-0.2353529,0.9532433,0.04786819,-1.001244,0.5465205,-1.547265,-34.81088,33.73197,-104.4477,61.693
L,-0.2457904,0.9590189,0.03317019,-0.7786377,0.4308658,-1.096469,16.60641,-8.627824,33.62938,61.70641
L,-0.2610773,0.9596765,0.0163342,-1.056243,0.04543358,-1.163272,-19.18097,-26.63119,-4.615742,61.72088
L,-0.2730978,0.9606133,0.003477801,-0.7685575,0.05989329,-0.8220067,18.39392,0.9245186,21.81969,61.73652
L,-0.2832578,0.9617738,-0.00708481,-0.8541959,0.09757356,-0.8880453,-7.199993,3.167947,-5.552157,61.74841
L,-0.2903683,0.9608195,-0.01960348,-0.4946839,-0.06638967,-0.8709378,25.01166,-11.40711,1.190191,61.76279
L,-0.2973084,0.9605676,-0.0301721,-0.4818136,-0.01749123,-0.733713,0.893503,3.394712,9.526652,61.77719
L,-0.2975698,0.9580764,-0.04112376,-0.01926322,-0.1836509,-0.8073428,34.09865,-12.24909,-5.427899,61.79076
L,-0.299569,0.9565985,-0.05095728,-0.1340413,-0.09908488,-0.6592841,-7.695241,5.669684,9.926522,61.80567
L,-0.3024263,0.951472,-0.05330382,-0.2299028,-0.4124798,-0.1888057,-7.713173,-25.21627,37.85546,61.8181
L,-0.3060255,0.9479049,-0.05712524,-0.2714327,-0.2690188,-0.2881941,-3.13199,10.81917,-7.495419,61.83136
L,-0.3100769,0.9453153,-0.06182461,-0.263015,-0.1681139,-0.30508,0.5464668,6.550675,-1.096221,61.84676
L,-0.3158529,0.9399242,-0.06210275,-0.411675,-0.3842441,-0.01982385,-10.59552,-15.40437,20.33121,61.86079
L,-0.3214069,0.9358571,-0.06408919,-0.5037846,-0.3689122,-0.1801849,-8.355009,1.39072,-14.54591,61.87182
L,-0.3221726,0.9326918,-0.06456033,-0.05536188,-0.2288377,-0.03406119,32.41901,10.12677,10.56411,61.88565
L,-0.3238763,0.9301736,-0.06614683,-0.1136949,-0.1680563,-0.1058785,-3.892989,4.056389,-4.79289,61.90063
L,-0.3263268,0.9277977,-0.06858142,-0.1505133,-0.1459334,-0.1495344,-2.261411,1.358804,-2.681383,61.91692
L,-0.3246234,0.9253783,-0.07094761,0.1528197,-0.2170549,-0.2122804,27.21318,-6.380585,-5.629183,61.92806
L,-0.3240555,0.9229065,-0.07396967,0.0372168,-0.1619883,-0.1980537,-7.576149,3.608845,0.9323574,61.94332
L,-0.3216229,0.9228696,-0.07911733,0.167636,-0.002546661,-0.3547392,8.987545,10.98756,-10.79762,61.95783
L,-0.3190056,0.9220626,-0.07984123,0.2187849,-0.06745755,-0.060512,4.275626,-5.426021,24.59499,61.9698
L,-0.3174739,0.9211412,-0.08108668,0.1076491,-0.06475369,-0.08753037,-7.810609,0.190027,-1.898848,61.98402
L,-0.3165948,0.9201229,-0.0827065,0.06151562,-0.07126351,-0.1133542,-3.22841,-0.4555557,-1.807147,61.99831
L,-0.316132,0.9189767,-0.084687,0.03600473,-0.08915523,-0.1540587,-1.984429,-1.391752,-3.166298,62.01117
L,-0.3162926,0.9180855,-0.08319369,-0.01021197,-0.05668138,0.09496916,-2.939212,2.065217,15.83725,62.02689
L,-0.3152013,0.9152871,-0.07861146,0.08950886,-0.2295301,0.3758458,8.179355,-14.17749,23.03821,62.03909
L,-0.3144511,0.9124715,-0.07504895,0.04657893,-0.1748172,0.2211963,-2.665519,3.397125,-9.60219,62.05519
L,-0.3140806,0.9101042,-0.07283363,0.03372125,-0.2154839,0.2016432,-1.170335,-3.701579,-1.779763,62.06618
L,-0.3139458,0.9081141,-0.07151618,0.009404936,-0.1388164,0.09190082,-1.696215,5.348043,-7.655217,62.08051
L,-0.3083528,0.9079354,-0.07115488,0.3949837,-0.01261954,0.02551533,27.22984,8.912107,-4.68819,62.09467
L,-0.2995848,0.9068017,-0.06884027,0.600438,-0.07763927,0.1585062,14.06964,-4.452594,9.107304,62.10928
L,-0.2931028,0.9055574,-0.06728017,0.4810925,-0.09235207,0.1157901,-8.857787,-1.09198,-3.170375,62.12275
L,-0.2833781,0.9021015,-0.06058858,0.6849161,-0.2434007,0.4712951,14.35549,-10.6385,25.03855,62.13695
L,-0.2757166,0.8991581,-0.05556484,0.5352937,-0.2056487,0.3509972,-10.45379,2.637654,-8.404948,62.15126
L,-0.2694395,0.8965372,-0.05166558,0.4305317,-0.1797652,0.2674432,-7.185433,1.775301,-5.730814,62.16584
L,-0.2640251,0.894116,-0.04846556,0.3384281,-0.1513323,0.200016,-5.756896,1.777186,-4.214505,62.18184
L,-0.2494819,0.8974774,-0.04979549,1.365472,0.3156004,-0.1248692,96.43033,43.84082,-30.50383,62.19249
L,-0.2377695,0.899392,-0.05028831,0.8853378,0.144725,-0.03725186,-36.29306,-12.91637,6.62294,62.20572
L,-0.2203844,0.891514,-0.04353119,1.202476,-0.5449002,0.4673717,21.93556,-47.6995,34.90344,62.22018
L,-0.206046,0.8854935,-0.03816191,0.9732601,-0.4086573,0.3644548,-15.55864,9.247869,-6.985773,62.23491
L,-0.1938276,0.8806055,-0.03375384,0.9381922,-0.3753295,0.3384736,-2.692685,2.559072,-1.994968,62.24793
L,-0.1689841,0.8782095,-0.03521467,1.515962,-0.1462007,-0.08914065,35.25581,13.98155,-26.09323,62.26432
L,-0.1482643,0.8757549,-0.03561553,1.666127,-0.197383,-0.03223345,12.07509,-4.11569,4.576037,62.27676
L,-0.1294913,0.8685593,-0.03368159,1.266399,-0.4854043,0.1304603,-26.96508,-19.4295,10.97509,62.29158
L,-0.1115883,0.8674296,-0.03610623,1.460229,-0.09214569,-0.1977612,15.80938,32.07542,-26.77078,62.30384
L,-0.09545804,0.8658357,-0.03743981,1.056054,-0.1043527,-0.08731015,-26.46156,-0.7991979,7.231288,62.31911
L,-0.08038416,0.8639653,-0.0380711,1.257647,-0.1560461,-0.05266942,16.81938,-4.312897,2.890153,62.3311
L,-0.06603816,0.8619222,-0.03826586,0.9226488,-0.1314018,-0.01252592,-21.54509,1.584974,2.58179,62.34665
L,-0.05960525,0.8593743,-0.03737964,0.5185574,-0.205388,0.07143771,-32.57385,-5.964036,6.768316,62.35905
L,-0.05784569,0.8601205,-0.03687873,0.1300789,0.05516779,0.03703061,-28.71892,19.26203,-2.543602,62.37258
L,-0.05333564,0.8600645,-0.03633111,0.3077257,-0.003822879,0.03736534,12.12104,-4.025,0.02283865,62.38724
L,-0.04702672,0.859489,-0.03575021,0.4118137,-0.03756848,0.03791767,6.794331,-2.202741,0.0360533,62.40256
L,-0.03960478,0.8585914,-0.03514951,0.4771008,-0.05769525,0.03861493,4.19682,-1.2938,0.04482178,62.41811
L,-0.04060902,0.8572786,-0.03533875,-0.1021163,-0.1334974,-0.01924298,-58.89771,-7.707942,-5.883283,62.42795
L,-0.04174638,0.8545541,-0.03285358,-0.07336377,-0.175739,0.1603031,1.854652,-2.724748,11.58143,62.44345
L,-0.04107059,0.8512543,-0.02995736,0.05134879,-0.2507292,0.220066,9.47613,-5.698039,4.541009,62.45661
L,-0.03863207,0.8479944,-0.02722727,0.1786596,-0.238838,0.200021,9.327494,0.8712106,-1.4686,62.47026
L,-0.03485877,0.8448883,-0.02472787,0.2721927,-0.2240687,0.1802982,6.74715,1.065409,-1.422737,62.48412
L,-0.03679016,0.8448384,-0.02552404,-0.1393238,-0.003598824,-0.05743257,-29.68536,15.90392,-17.14906,62.49799
L,-0.04141912,0.8469352,-0.02942652,-0.3302815,0.1496113,-0.2784467,-13.62504,10.93171,-15.76961,62.512
L,-0.04439017,0.8484933,-0.03277737,-0.1322315,0.06934688,-0.1491349,8.814533,-3.572298,5.75523,62.53447
L,-0.04547763,0.8492768,-0.03492355,-0.1390587,0.1001829,-0.2744431,-0.873024,3.943163,-16.0238,62.54229
L,-0.04647801,0.8477019,-0.03647988,-0.07690416,-0.1210685,-0.1196432,4.778135,-17.00872,11.90025,62.5553
L,-0.04632723,0.8469846,-0.03703185,0.01196289,-0.05691491,-0.04379369,7.050836,5.090039,6.018009,62.5679
L,-0.04632596,0.8469792,-0.03703608,8.868412E-05,-0.0003734068,-0.0002943172,-0.8265406,3.935745,3.027907,62.58227
L,-0.04679014,0.847617,-0.03828998,-0.03295846,0.04528372,-0.08903145,-2.346454,3.241805,-6.300625,62.59635
L,-0.04697132,0.8481923,-0.03963957,-0.01350828,0.04289765,-0.100622,1.450155,-0.1778996,-0.8641651,62.60976
L,-0.04686477,0.8470421,-0.0399437,0.007284993,-0.07864664,-0.02079411,1.421709,-8.310409,5.458115,62.62439
L,-0.04689423,0.8468862,-0.03987052,-0.002091727,-0.011067,0.00519599,-0.6657776,4.798374,1.845381,62.63847
L,-0.04685764,0.8467121,-0.03979428,0.002660226,-0.01265686,0.00554252,0.3454508,-0.115577,0.02519161,62.65223
L,-0.04675718,0.8465143,-0.039718,0.00714459,-0.01406928,0.005424876,0.3189228,-0.1004501,-0.008366718,62.66629
L,-0.04654238,0.8462196,-0.03961595,0.0170937,-0.02345173,0.008121123,0.7917725,-0.7466765,0.2145734,62.67886
L,-0.04664769,0.8462185,-0.03966112,-0.007754071,-8.339185E-05,-0.003326073,-1.829689,1.72075,-0.8429252,62.69244
L,-0.04674298,0.8463644,-0.03969718,-0.007157448,0.01096436,-0.002708632,0.04481408,0.8298288,0.0463778,62.70575
L,-0.04680241,0.8465114,-0.03973696,-0.003942574,0.00974981,-0.002638844,0.2132489,-0.08056369,0.004629174,62.72083
L,-0.04682788,0.8466581,-0.03978037,-0.001685199,0.009705483,-0.002872011,0.1493583,-0.002932892,-0.01542738,62.73594
L,-0.04682134,0.8468046,-0.03982719,0.000558581,0.01250509,-0.003997862,0.1915939,0.2390554,-0.09613526,62.74765
L,-0.04970038,0.8477111,-0.03798879,-0.1669738,0.05257536,0.1066205,-9.716287,2.323934,6.415475,62.76489
L,-0.06100635,0.8474063,-0.03573741,-1.047277,-0.0282299,0.2085461,-81.54282,-7.485023,9.441407,62.77569
L,-0.0690794,0.8471345,-0.03408745,-0.5807631,-0.01955698,0.1186963,33.56032,0.6239176,-6.463665,62.78959
L,-0.07518156,0.8468901,-0.03281929,-0.3865743,-0.01548151,0.08033796,12.30194,0.2581823,-2.430017,62.80537
L,-0.08404294,0.84614,-0.03011592,-0.7435848,-0.06294014,0.2268479,-29.9578,-3.982393,12.29408,62.81729
L,-0.09107386,0.8455384,-0.02799736,-0.474784,-0.04062822,0.1430624,18.15161,1.506681,-5.657875,62.8321
L,-0.101809,0.8399201,-0.02412468,-0.8395483,-0.4393785,0.302864,-28.52649,-31.18437,12.49733,62.84489
L,-0.110481,0.8357322,-0.0210294,-0.5994996,-0.2895158,0.213979,16.59476,10.36013,-6.144695,62.85935
L,-0.1179347,0.8324287,-0.01844443,-0.5394621,-0.2390901,0.1870886,4.345247,3.649581,-1.946205,62.87317
L,-0.1273778,0.8363808,-0.01843294,-0.7064688,0.2956665,0.0008596481,-12.49424,40.00663,-13.9323,62.88654
L,-0.1355627,0.8388997,-0.01802109,-0.554421,0.1706234,0.02789764,10.29933,-8.470106,1.831485,62.9013
L,-0.1373367,0.8360128,-0.01532043,-0.1168499,-0.190146,0.1778796,28.82077,-23.7622,9.878609,62.91648
L,-0.1398677,0.8339594,-0.01322716,-0.2198398,-0.1783569,0.1818217,-8.945724,1.024003,0.3424181,62.92799
L,-0.1400621,0.833325,-0.01235118,-0.01358338,-0.04432636,0.06120297,14.41068,9.364422,-8.427369,62.94231
L,-0.140916,0.8326905,-0.01145236,-0.0610906,-0.04539097,0.06430706,-3.398944,-0.07616841,0.2220851,62.95628
L,-0.1424644,0.8319173,-0.01033863,-0.1091764,-0.0545152,0.0785251,-3.390374,-0.6433196,1.002467,62.97047
L,-0.142349,0.8316876,-0.009673263,0.008417892,-0.01675536,0.04853174,8.577252,2.754178,-2.187695,62.98418
L,-0.1426103,0.8313895,-0.008920684,-0.01902127,-0.02170573,0.05480116,-1.998059,-0.3604753,0.4565251,62.99791
L,-0.1418796,0.8315806,-0.008933855,0.05165457,0.01350964,-0.0009311977,4.996561,2.489617,-3.940103,63.01205
L,-0.1408233,0.8318692,-0.00886979,0.07159102,0.01955953,0.004341891,1.351143,0.4100158,0.3573703,63.02681
L,-0.1383723,0.832213,-0.009112399,0.1693443,0.02375049,-0.01676295,6.754199,0.2895721,-1.458225,63.04128
L,-0.136486,0.8324421,-0.009208061,0.1487642,0.01806934,-0.007544268,-1.623028,-0.4480383,0.7270223,63.05396
L,-0.1352805,0.8325576,-0.00918554,0.08677088,0.008310166,0.001621035,-4.462157,-0.7024464,0.6597005,63.06786
L,-0.133892,0.8312491,-0.008727681,0.1003297,-0.09454676,0.03308294,0.9797021,-7.432008,2.273305,63.0817
L,-0.1327816,0.8299794,-0.008219698,0.08217793,-0.09397057,0.03759586,-1.343414,0.04264396,0.3340023,63.09521
L,-0.1328535,0.8302168,-0.008546226,-0.004986153,0.01646825,-0.02264475,-6.044852,7.658962,-4.177703,63.10963
L,-0.1330261,0.8305658,-0.009018254,-0.01308221,0.02645135,-0.03578354,-0.6137458,0.756798,-0.9960253,63.12282
L,-0.1333876,0.8311192,-0.009771299,-0.02351601,0.03599954,-0.04898412,-0.6786994,0.6210921,-0.858673,63.13819
L,-0.1346645,0.832993,-0.01152347,-0.09810732,0.1439634,-0.1346192,-5.730851,8.294865,-6.579341,63.15121
L,-0.1360271,0.8347862,-0.01317919,-0.09927607,0.1306498,-0.1206334,-0.0851531,-0.9700029,1.018981,63.16493
L,-0.1391786,0.8373759,-0.01384862,-0.2260953,0.1857938,-0.04802595,-9.098223,3.95612,5.208976,63.17887
L,-0.1419307,0.8395397,-0.0143925,-0.2139518,0.1682143,-0.04228202,0.9440591,-1.366653,0.4465413,63.19173
L,-0.1442456,0.8412749,-0.01482197,-0.1687476,0.1264947,-0.03130757,3.295327,-3.041309,0.8000233,63.20545
L,-0.1461087,0.8407124,-0.01505348,-0.1219835,-0.03683036,-0.01515715,3.061672,-10.69298,1.057377,63.22073
L,-0.1478349,0.8403277,-0.01526362,-0.1219698,-0.02717739,-0.01484842,0.0009697187,0.6820667,0.021814,63.23488
L,-0.1539342,0.8400955,-0.01680979,-0.4910586,-0.01869625,-0.1244833,-29.71573,0.6828255,-8.826819,63.2473
L,-0.1592395,0.8400181,-0.01811895,-0.3586256,-0.005233851,-0.08849638,8.95217,0.9100277,2.432634,63.26209
L,-0.1641948,0.8425148,-0.01692057,-0.3171415,0.1597862,0.0766964,2.65498,10.56129,10.57234,63.27772
L,-0.1683271,0.8444533,-0.01611412,-0.2865731,0.134437,0.05592758,2.119932,-1.757975,-1.440323,63.29214
L,-0.1718761,0.8459924,-0.01557445,-0.2641588,0.1145611,0.04016799,1.668306,-1.479369,-1.172993,63.30557
L,-0.1801978,0.8460815,-0.01731972,-0.6176343,0.006609216,-0.1295336,-26.23485,-8.01216,-12.5952,63.31905
L,-0.1869261,0.8463576,-0.01860394,-0.4824326,0.01979623,-0.09208148,9.694289,0.9455404,2.685407,63.33299
L,-0.1956162,0.8461549,-0.01731891,-0.6587803,-0.01536744,0.09741536,-13.36857,-2.665687,14.36537,63.34618
L,-0.2029013,0.8461882,-0.01643795,-0.5403922,0.002471527,0.06534734,8.781758,1.323254,-2.378731,63.35966
L,-0.2093591,0.8463724,-0.01582518,-0.4630413,0.01320603,0.04393717,5.546249,0.7696898,-1.535161,63.37361
L,-0.2183323,0.8495927,-0.0222019,-0.6164177,0.2212272,-0.4380549,-10.53635,14.29023,-33.11094,63.38817
L,-0.2261067,0.8520986,-0.0268019,-0.5962654,0.1921857,-0.3527981,1.545581,-2.227346,6.538788,63.40121
L,-0.2366937,0.8575612,-0.03504431,-0.7956722,0.4105504,-0.6194664,-14.98661,16.41142,-20.04171,63.41451
L,-0.2458096,0.8618613,-0.04127077,-0.6847253,0.3229943,-0.4676875,8.333542,-6.576598,11.40055,63.42783
L,-0.2554181,0.8690764,-0.054089,-0.6555932,0.4922932,-0.874602,1.987718,11.55146,-27.76423,63.44248
L,-0.2641237,0.8749057,-0.06393061,-0.6360481,0.4258945,-0.7190409,1.427989,-4.851182,11.36549,63.45617
L,-0.2723071,0.879801,-0.07209881,-0.6290987,0.3763242,-0.6279314,0.5342376,-3.810715,7.004051,63.46918
L,-0.2903417,0.8743248,-0.07707936,-1.32131,-0.4012149,-0.3649025,-50.71524,-56.9668,19.27095,63.48283
L,-0.3050187,0.871117,-0.08199342,-1.098031,-0.2399847,-0.367634,16.70417,12.06208,-0.204349,63.49619
L,-0.3097832,0.8793134,-0.09816954,-0.3155555,0.5428602,-1.071368,51.82446,51.84894,-46.60931,63.51129
L,-0.3157717,0.8858984,-0.1109456,-0.4598276,0.5056248,-0.9810134,-11.07794,-2.859119,6.93788,63.52431
L,-0.3224146,0.8913371,-0.1219689,-0.4638802,0.3797907,-0.7697617,-0.2829919,-8.787068,14.75182,63.53864
L,-0.3322542,0.8872666,-0.1264697,-0.7302896,-0.3021128,-0.3340441,-19.77283,-50.61068,32.33884,63.55211
L,-0.3415395,0.8851125,-0.1317968,-0.6585752,-0.1527834,-0.3778346,5.086445,10.5914,-3.1059,63.56621
L,-0.3374947,0.8865563,-0.1343521,0.2823025,0.1007679,-0.1783417,65.66705,17.69621,13.92328,63.58054
L,-0.3367774,0.8879232,-0.137509,0.05549688,0.1057639,-0.2442674,-17.54891,0.3865596,-5.100954,63.59346
L,-0.3378491,0.8895004,-0.1416354,-0.07588592,0.1116837,-0.2921942,-9.303408,0.4191901,-3.393766,63.60758
L,-0.3449304,0.8869456,-0.1362575,-0.4692457,-0.1692919,0.3563693,-26.06595,-18.61882,42.97701,63.62267
L,-0.3530139,0.8850461,-0.1327592,-0.628422,-0.1476729,0.2719628,-12.37459,1.680688,-6.561877,63.63554
L,-0.3514623,0.890306,-0.1203548,0.1245383,0.422186,0.9956309,60.43602,45.73946,58.08488,63.64799
L,-0.3518946,0.8945054,-0.112117,-0.02759681,0.2681099,0.5259377,-9.712935,-9.836851,-29.98715,63.66366
L,-0.3484845,0.9059599,-0.09114628,0.2522353,0.8472683,1.551168,20.69873,42.83942,75.83465,63.67718
L,-0.3471569,0.9150085,-0.07559998,0.09656805,0.6581663,1.13079,-11.32276,-13.7547,-30.57702,63.69093
L,-0.3471822,0.9224001,-0.06387382,-0.001787998,0.521721,0.8276638,-6.942231,-9.630672,-21.39545,63.70509
L,-0.3412509,0.939775,-0.04117109,0.4377441,1.282297,1.675502,32.43826,56.13187,62.57202,63.71864
L,-0.3376045,0.9538031,-0.02314718,0.1249837,0.4808304,0.6177901,-10.72023,-27.47119,-36.25431,63.74782
L,-0.3303718,0.9859874,0.03009538,0.4266444,1.898494,3.140688,17.79446,83.62555,148.8215,63.76477
L,-0.317622,1.013585,0.0751377,1.216262,2.632625,4.296788,75.32518,70.03204,110.2855,63.77525
L,-0.3049601,1.031299,0.1085822,0.8889219,1.243614,2.34796,-22.98081,-97.51493,-136.8167,63.7895
L,-0.2974091,1.043903,0.1295308,0.6016622,1.004284,1.66916,-22.88857,-19.06963,-54.08612,63.80205
L,-0.296584,1.037336,0.1792338,0.05385878,-0.4286292,3.244362,-35.75782,-93.53326,102.8212,63.81737
L,-0.2952754,1.035418,0.2211719,0.1043894,-0.1530546,3.345652,4.031128,21.98424,8.080493,63.8299
L,-0.2935935,1.036497,0.2566337,0.1266972,0.08126796,2.671291,1.680421,17.65122,-50.79874,63.84318
L,-0.2935764,1.036507,0.2578992,0.00113305,0.0006734914,0.08411511,-8.345813,-5.356835,-171.9606,63.85822
L,-0.2798665,1.026898,0.2776512,0.9538155,-0.6684912,1.374164,66.27919,-46.55454,89.75018,63.8726
L,-0.2672837,1.005931,0.26124,1.232623,-2.05394,-1.607658,27.31234,-135.7201,-292.1028,63.8828
L,-0.2572802,0.9929109,0.255619,0.6368041,-0.8288459,-0.3578174,-37.92871,77.98714,79.56248,63.89851
L,-0.252883,0.9766114,0.2216391,0.3321911,-1.231358,-2.567046,-23.01224,-30.40811,-166.898,63.91175
L,-0.2485278,0.9652733,0.2032857,0.2977818,-0.7752266,-1.254885,-2.352687,31.1873,89.717,63.92638
L,-0.2441,0.9569344,0.1925039,0.3234969,-0.6092487,-0.7877288,1.878784,12.12656,34.13107,63.94006
L,-0.2490266,0.9611898,0.1939465,-0.3719645,0.3212936,0.108916,-52.50895,70.25808,67.69875,63.95331
L,-0.2502314,0.9624932,0.1952339,-0.08946862,0.0967909,0.09560575,20.97864,-16.67196,-0.9884406,63.96677
L,-0.2521096,0.9683311,0.1864789,-0.1267661,0.3940203,-0.5909028,-2.517327,20.061,-46.33473,63.98159
L,-0.2526101,0.9722689,0.1814045,-0.0388451,0.3055848,-0.3937888,6.822958,-6.862888,15.2967,63.99448
L,-0.252283,0.9746932,0.1788198,0.02204571,0.1633756,-0.1741806,4.103383,-9.583364,14.79922,64.00932
L,-0.2599256,0.9751256,0.176331,-0.6020062,0.03405292,-0.1960449,-49.15609,-10.18665,-1.722236,64.02201
L,-0.2648501,0.9754533,0.1749822,-0.3618033,0.02408124,-0.0990981,17.64791,-0.7326278,7.122766,64.03562
L,-0.2660387,0.9742782,0.1685842,-0.06803527,-0.06726255,-0.3662007,16.8143,-5.228216,-15.28807,64.05309
L,-0.2667282,0.973484,0.1643664,-0.05921834,-0.06820834,-0.3622714,0.7573088,-0.08123643,0.337499,64.06474
L,-0.2638038,0.9735467,0.1600243,0.1949688,0.004176469,-0.2894857,16.9465,4.82585,4.852576,64.07973
L,-0.2614776,0.9735897,0.1567158,0.1875096,0.003464214,-0.2667013,-0.6012826,-0.05741488,1.836658,64.09214
L,-0.2596405,0.9736149,0.154158,0.1218031,0.001671567,-0.1695791,-4.35624,-0.1188497,6.439049,64.10722
L,-0.2553596,0.9674531,0.1397033,0.2601305,-0.3744277,-0.8783521,8.405589,-22.854,-43.06921,64.12368
L,-0.2519836,0.96299,0.1291444,0.1164147,-0.1539028,-0.3641065,-4.955834,7.604486,17.73302,64.15268
L,-0.250913,0.9532491,0.08425233,0.04887915,-0.4447084,-2.049495,-3.083252,-13.27638,-76.94434,64.17458
L,-0.2499994,0.9428663,0.04910657,0.0651878,-0.7408223,-2.507689,1.163641,-21.12806,-32.69269,64.1886
L,-0.2492226,0.9385213,0.03518977,0.05403853,-0.3022865,-0.9682075,-0.7756674,30.50943,107.1035,64.20297
L,-0.2532743,0.9352675,0.0181689,-0.2465471,-0.1979965,-1.035729,-18.29079,6.346104,-4.108689,64.21941
L,-0.2559536,0.9321172,0.003196009,-0.2356911,-0.2771235,-1.317132,0.9549825,-6.960633,-24.75442,64.23077
L,-0.2577718,0.9290252,-0.01081535,-0.1154596,-0.1963534,-0.8897758,7.635165,5.129217,27.13876,64.24652
L,-0.2571833,0.9215407,-0.02669873,0.02779279,-0.3535163,-0.7502222,6.766262,-7.423301,6.591557,64.26769
L,-0.2567725,0.9153286,-0.04148227,0.0200579,-0.303253,-0.7216786,-0.3775893,2.453673,1.393395,64.28818
L,-0.2628844,0.9011979,-0.05564968,-0.5079933,-1.174476,-1.177521,-43.88886,-72.41149,-37.88724,64.30021
L,-0.2643335,0.8899305,-0.05889366,-0.1124533,-0.8743802,-0.2517438,30.69522,23.28842,71.84338,64.3131
L,-0.2653944,0.8809246,-0.0641349,-0.08029012,-0.6815369,-0.3966394,2.434001,14.59374,-10.96522,64.32631
L,-0.2663404,0.8729926,-0.07081601,-0.05823964,-0.4883344,-0.4113232,1.357539,11.89452,-0.9040042,64.34255
L,-0.2605023,0.8702941,-0.07408018,0.4096439,-0.1893486,-0.2290374,32.83,20.97895,12.79045,64.3568
L,-0.2564016,0.8667257,-0.07911318,0.2868113,-0.2495789,-0.3520195,-8.591205,-4.212655,-8.601664,64.3711
L,-0.2505902,0.8704169,-0.07312379,0.4106258,0.2608154,0.4232027,8.748583,36.06383,54.77624,64.38525
L,-0.2455946,0.87222,-0.07019056,0.3664159,0.1322529,0.2151454,-3.242692,-9.429735,-15.26048,64.39889
L,-0.2419658,0.8724171,-0.06987189,0.1233498,0.006698165,0.01083209,-8.26223,-4.267819,-6.944957,64.42831
L,-0.2285677,0.8885664,-0.04063741,0.5279979,0.6364157,1.152081,15.94649,24.8161,44.97468,64.45368
L,-0.2149945,0.9029182,-0.01379753,1.128846,1.193607,2.232206,49.971,46.34023,89.83134,64.46571
L,-0.2089754,0.9077128,-0.004410668,0.3848495,0.3065511,0.600173,-47.5693,-56.71621,-104.3482,64.48135
L,-0.1985393,0.9246154,0.01559552,0.6877229,1.113857,1.318377,19.95889,53.20018,47.32851,64.49652
L,-0.1898824,0.9374256,0.03105699,0.7599985,1.124623,1.357378,6.345147,0.9452131,3.423979,64.50791
L,-0.1763765,0.9436096,0.06012501,1.005247,0.4602765,2.163545,18.25396,-49.44762,60.00335,64.52135
L,-0.1651054,0.9489633,0.08335708,0.7379242,0.3505128,1.521016,-17.50178,-7.186288,-42.06672,64.53662
L,-0.1485151,0.9516562,0.1159665,1.037956,0.1684778,2.040181,18.77124,-11.38887,32.48114,64.5526
L,-0.1345837,0.9546527,0.142698,1.392851,0.2995805,2.672583,35.48191,13.10747,63.22664,64.56261
L,-0.122563,0.9578643,0.1650325,0.8079858,0.2158734,1.501243,-39.31252,-5.626491,-78.73325,64.57748
L,-0.1118171,0.9586116,0.1830233,0.7790317,0.05417761,1.304256,-2.099043,-11.72223,-14.28065,64.59128
L,-0.1017753,0.960142,0.1997402,0.7733222,0.1178577,1.287372,-0.4396941,4.904037,-1.300272,64.60426
L,-0.09966148,0.9553444,0.2122242,0.1080173,-0.2451572,0.6379371,-33.99721,-18.55013,-33.18626,64.62383
L,-0.09584554,0.9527471,0.2252305,0.3847408,-0.261875,1.311358,27.90054,-1.685569,67.89743,64.63375
L,-0.0908769,0.9515179,0.2384946,0.4108833,-0.1016463,1.096879,2.161857,13.25016,-17.73644,64.64584
L,-0.1044734,0.9477746,0.2269299,-0.01067836,-0.002939933,-0.009082685,-0.3310839,0.0775215,-0.8685942,65.91912
L,-0.1044734,0.9477746,0.2269299,0,0,0,0.1380582,0.03800976,0.1174281,65.99647
L,-0.1044734,0.9477746,0.2269299,0,0,0,0,0,0,66.02107
L,-0.1044734,0.9477746,0.2269299,0,0,0,0,0,0,66.04912
L,-0.1044734,0.9477746,0.2269299,0,0,0,0,0,0,66.06281
L,-0.1044734,0.9477746,0.2269299,0,0,0,0,0,0,66.07716
L,-0.1044734,0.9477746,0.2269299,0,0,0,0,0,0,66.10522
L,-0.1044734,0.9477746,0.2269299,0,0,0,0,0,0,66.13583
L,-0.1044734,0.9477746,0.2269299,0,0,0,0,0,0,66.16039
L,-0.1044734,0.9477746,0.2269299,0,0,0,0,0,0,66.18717
L,-0.1519362,0.8368006,0.1605807,-3.064551,-7.165313,-4.284,-197.8704,-462.6463,-276.6071,66.20266
L,-0.1519362,0.8368006,0.1605807,0,0,0,208.4467,487.3752,291.392,66.21736
L,-0.1519362,0.8368006,0.1605807,0,0,0,0,0,0,66.24313
L,-0.1604115,0.7552016,0.2519573,-0.3026902,-2.91426,3.263465,-10.81041,-104.0812,116.5528,66.27113
L,-0.1623279,0.7441206,0.2869743,-0.06950563,-0.4018854,1.269991,8.457103,91.11843,-72.29903,66.29871
L,-0.160544,0.7389716,0.2915078,0.1100867,-0.3177451,0.2797658,11.08264,5.192298,-61.10675,66.31491
L,-0.1600728,0.7357237,0.2953029,0.01056445,-0.07282089,0.08508823,-2.231369,5.491397,-4.364828,66.35951
L,-0.1590754,0.741518,0.2877024,0.05899477,0.3427241,-0.4495519,2.864558,24.57866,-31.6229,66.37642
L,-0.1590668,0.7415773,0.2876601,0.0004505407,0.003109982,-0.002224545,-3.073092,-17.82695,23.48101,66.39547
L,-0.1570474,0.7547044,0.2609087,0.1216395,0.790714,-1.611378,7.299851,47.44156,-96.92786,66.41207
L,-0.1570387,0.7540677,0.2612831,0.0004746216,-0.03484147,0.02049354,-6.631031,-45.18047,89.30802,66.43034
L,-0.157473,0.7584015,0.2649072,-0.01164403,0.1162093,0.09717996,-0.3249623,4.050436,2.05635,66.46764
L,-0.1573166,0.7593674,0.2642307,0.004691882,0.02898566,-0.02030123,0.490197,-2.617349,-3.525296,66.50096
L,-0.1575645,0.7587804,0.2658207,-0.005645227,-0.01336881,0.03621443,-0.235431,-0.9646369,1.287163,66.54487
L,-0.1573823,0.7607387,0.2654791,0.004780171,0.05138576,-0.008965216,0.2735691,1.699201,-1.185543,66.58298
L,-0.156727,0.7603604,0.2649224,0.03765396,-0.02173526,-0.0319881,1.889011,-4.201718,-1.322953,66.60038
L,-0.1567788,0.7593786,0.2672637,-0.001526222,-0.0289398,0.0690072,-1.154806,-0.2123486,2.976761,66.63431
L,-0.1567897,0.7592978,0.2675802,-0.0006210241,-0.004604584,0.01804623,0.0516077,1.387415,-2.905418,66.65185
L,-0.158503,0.7587278,0.2685952,-0.05150695,-0.01713374,0.03051444,-1.529752,-0.3766565,0.3748242,66.68511
L,-0.1583054,0.7583468,0.2695557,0.01162407,-0.02241711,0.05650036,3.713963,-0.3108172,1.528737,66.70211
L,-0.1573659,0.7584913,0.269049,0.02214537,0.003406818,-0.01194072,0.2479854,0.6086663,-1.613147,66.74454
L,-0.1572649,0.758509,0.2689951,0.006388189,0.001116071,-0.003410428,-0.9967784,-0.1449096,0.539615,66.76035
L,-0.1575255,0.7551194,0.2724773,-0.007996792,-0.1040209,0.1068644,-0.4414583,-3.226532,3.384207,66.79293
L,-0.1575276,0.7551031,0.2725177,-0.0001015364,-0.0007948849,0.001962553,0.3842729,5.024153,-5.105718,66.81348
L,-0.156618,0.7495772,0.2760516,0.0237047,-0.1440225,0.09210718,0.6204675,-3.732974,2.349461,66.85184
L,-0.156339,0.7514535,0.2741668,0.01691684,0.1137474,-0.1142714,-0.4115161,15.62739,-12.51177,66.86834
L,-0.1563194,0.7516862,0.2739915,0.001350587,0.0160062,-0.01205486,-1.070462,-6.721477,7.029235,66.88288
L,-0.1555079,0.751808,0.2727653,0.04395096,0.006598657,-0.06641109,2.307321,-0.5095311,-2.944041,66.90134
L,-0.1554177,0.7518202,0.2726654,0.006099232,0.0008223684,-0.006758336,-2.560011,-0.3906655,4.034472,66.91613
L,-0.155417,0.7518203,0.2726645,4.791769E-05,7.66683E-06,-5.366781E-05,-0.3891845,-0.05239674,0.4312043,66.93168
L,-0.1544123,0.7493128,0.2750484,0.03244285,-0.08097168,0.07697882,1.046087,-2.614961,2.48751,66.96265
L,-0.1538058,0.7521209,0.2735525,0.04524536,0.2094835,-0.1115916,0.9550654,21.66792,-14.06733,66.97605
L,-0.1538006,0.7521479,0.2735413,0.0003108256,0.0016138,-0.0006733071,-2.685663,-12.42403,6.629402,66.99278
L,-0.153239,0.7496183,0.2742153,0.03134815,-0.1412106,0.03762511,1.732592,-7.972862,2.137926,67.0107
L,-0.1531177,0.7484939,0.2755616,0.004219247,-0.03910188,0.04682007,-0.9434439,3.550967,0.3197671,67.03945
L,-0.153111,0.7484094,0.2757094,0.0004676202,-0.00593365,0.01037343,-0.2633815,2.328563,-2.558722,67.0537
L,-0.1524366,0.7502361,0.2754615,0.04572818,0.1238643,-0.01680516,3.069008,8.801281,-1.842914,67.06844
L,-0.1523628,0.750469,0.2754378,0.005431683,0.01714276,-0.001748052,-2.965605,-7.85413,1.108122,67.08203
L,-0.1523622,0.750471,0.2754376,4.352072E-05,0.0001401155,-1.486073E-05,-0.3838246,-1.211179,0.1234635,67.09607
L,-0.1528064,0.7484846,0.27724,-0.02838364,-0.1269426,0.1151896,-1.816677,-8.121401,7.362302,67.11172
L,-0.1536767,0.7485588,0.279138,-0.02778375,0.002366963,0.06058778,0.0191497,4.12783,-1.743003,67.14304
L,-0.1541201,0.7456524,0.2822149,-0.01325106,-0.08685306,0.09194828,0.4342975,-2.666267,0.9371826,67.17651
L,-0.1540654,0.7455398,0.2799514,0.0005552721,-0.001142585,-0.02295719,0.1400312,0.8693216,-1.165433,67.2751
L,-0.1536431,0.7453671,0.2797788,0.008484597,-0.003470359,-0.003466767,0.159306,-0.04676671,0.3915771,67.32487
L,-0.1531684,0.7456137,0.2796401,0.01585495,0.008238564,-0.004633944,0.2461895,0.3911091,-0.03898679,67.35481
L,-0.1536454,0.7435983,0.2811224,-0.01599474,-0.06757843,0.04970101,-1.067947,-2.542206,1.821896,67.38464
L,-0.1536951,0.7434214,0.2812846,-0.003636741,-0.01294955,0.01187806,0.9049093,4.000177,-2.76957,67.39829
L,-0.1540578,0.7436011,0.2803061,-0.02803356,0.01388377,-0.0756191,-1.88546,2.07376,-6.762044,67.41123
L,-0.1540607,0.7436026,0.2802991,-0.0001562827,8.509636E-05,-0.0003845701,1.530763,-0.7576957,4.131186,67.42944
L,-0.1537992,0.744532,0.2802821,0.009526777,0.03385561,-0.0006210047,0.3527454,1.23023,-0.008613109,67.45689
L,-0.154073,0.745744,0.2795143,-0.01869972,0.08278237,-0.0524382,-1.927933,3.341807,-3.53923,67.47153
L,-0.1541018,0.7458647,0.2794429,-0.001756544,0.007337807,-0.004339271,1.030045,-4.586582,2.924129,67.48798
L,-0.1541642,0.7448651,0.2798137,-0.004187268,-0.06708429,0.02488159,-0.1631336,-4.994702,1.961105,67.50288
L,-0.1541703,0.7447792,0.2798523,-0.0003946779,-0.00556602,0.002503165,0.2456039,3.983855,-1.449202,67.51833
L,-0.1538343,0.7441166,0.2808387,0.01245317,-0.02455294,0.0365511,0.4761079,-0.7036058,1.261728,67.54531
L,-0.1542315,0.744802,0.2796981,-0.01393372,0.02403959,-0.04000326,-0.9254972,1.70434,-2.685077,67.57382
L,-0.1542726,0.7448798,0.2795873,-0.00279148,0.005285284,-0.007531023,0.7570947,-1.27432,2.206429,67.58854
L,-0.1534804,0.7453165,0.279664,0.02643057,0.01456915,0.002557107,0.9748517,0.3097111,0.3365415,67.61852
L,-0.1533923,0.7453626,0.2796717,0.005525435,0.002896013,0.0004882813,-1.312298,-0.7327688,-0.1298684,67.63445
L,-0.153785,0.7443438,0.2798347,-0.0263817,-0.06845047,0.01094791,-2.143584,-4.793197,0.7026984,67.64933
L,-0.1537881,0.7443363,0.2798361,-0.0002004193,-0.0004817773,8.864702E-05,1.692962,4.395063,-0.7021931,67.66479
L,-0.1533876,0.7447258,0.2800792,0.02874709,0.02795985,0.01745191,2.077879,2.041567,1.246351,67.67873
L,-0.1533926,0.744417,0.2797518,-0.0001658127,-0.01025762,-0.01087335,-0.9603832,-1.269448,-0.9408639,67.70883
L,-0.1530111,0.7464862,0.2792085,0.01319068,0.0715428,-0.01878421,0.4617942,2.82821,-0.2735141,67.73775
L,-0.1529721,0.7467271,0.2791594,0.002469241,0.01525136,-0.003109903,-0.6788793,-3.564363,0.992494,67.75355
L,-0.1529605,0.7438151,0.2807639,0.0004271606,-0.1068853,0.05889129,-0.07495366,-4.482974,2.275727,67.78079
L,-0.1529593,0.7436423,0.2809604,7.596597E-05,-0.01159081,0.0131801,-0.02355772,6.392243,-3.066252,67.7957
L,-0.1531391,0.7436686,0.2807685,-0.01289362,0.001885776,-0.01376702,-0.9304594,0.9668323,-1.933231,67.80964
L,-0.1531564,0.7436713,0.2807499,-0.001106707,0.0001747933,-0.001187454,0.751427,-0.1090768,0.8019595,67.82533
L,-0.1532997,0.7452259,0.2801462,-0.01015879,0.1102628,-0.04281867,-0.6420314,7.808146,-2.952753,67.83942
L,-0.1533136,0.7454139,0.2800912,-0.0005902301,0.007964003,-0.002326832,0.4053555,-4.333712,1.715367,67.86303
L,-0.153015,0.7449369,0.2809625,0.01121508,-0.01791503,0.03272296,0.4433655,-0.9719244,1.316346,67.88966
L,-0.1537186,0.7472072,0.2808227,-0.03829926,0.1235757,-0.007609725,-2.695159,7.701608,-2.195384,67.90803
L,-0.1536472,0.7468434,0.2813192,0.002580107,-0.01314939,0.01794656,1.4777,-4.942315,0.9238039,67.93569
L,-0.1536337,0.7467871,0.2813737,0.0009074519,-0.003782051,0.003665865,-0.1124299,0.6296389,-0.9598969,67.95057
L,-0.153529,0.7464958,0.2813614,0.003526058,-0.009806754,-0.0004142993,0.08814225,-0.2027914,-0.1373383,67.98028
L,-0.1529028,0.7461054,0.281167,0.02002156,-0.01248208,-0.006217218,0.5274696,-0.08554791,-0.1855575,68.01155
L,-0.1537424,0.7466763,0.2813781,-0.02789478,0.01896784,0.007015407,-1.592013,1.044919,0.4396518,68.04165
L,-0.1538258,0.7467388,0.2814012,-0.006333237,0.00474088,0.001746164,1.63643,-1.079766,-0.3999133,68.05482
L,-0.1530303,0.7460612,0.2810431,0.04991361,-0.04251436,-0.02246515,3.529146,-2.964978,-1.519112,68.07076
L,-0.1529407,0.7460015,0.2810097,0.007340088,-0.004887695,-0.002736816,-3.487623,3.082376,1.616145,68.08297
L,-0.15294,0.746001,0.2810094,4.784726E-05,-3.445003E-05,-1.91389E-05,-0.4683041,0.311673,0.1745279,68.09854
L,-0.1525575,0.7475191,0.2801986,0.01261203,0.050057,-0.02673546,0.4142924,1.65172,-0.8809462,68.12887
L,-0.1524327,0.7479004,0.2800971,0.003553373,0.01085267,-0.002890031,-0.2578363,-1.115872,0.6787117,68.164
L,-0.1533466,0.7466896,0.2813129,-0.06155455,-0.0815535,0.08189476,-4.385317,-6.223979,5.710643,68.17885
L,-0.1534328,0.7465767,0.281443,-0.006070099,-0.007942499,0.009150228,3.903627,5.178927,-5.117966,68.19306
L,-0.1532066,0.7453032,0.2819306,0.01632516,-0.09191733,0.03519067,1.616405,-6.060985,1.8795,68.20692
L,-0.1531834,0.7452015,0.2819825,0.001615203,-0.007047785,0.003600364,-1.020139,5.885725,-2.190796,68.22134
L,-0.1531832,0.7452007,0.2819829,1.508653E-05,-6.498812E-05,3.481506E-05,-0.1246171,0.54382,-0.2776848,68.23418
L,-0.1530728,0.7466542,0.2814138,0.008603742,0.1133347,-0.04437463,0.6696801,8.842072,-3.462722,68.247
L,-0.1535517,0.7468671,0.2811202,-0.01969304,0.008756275,-0.01207665,-1.163764,-4.301005,1.328322,68.27132
L,-0.1535953,0.7468876,0.2810929,-0.003498652,0.001644737,-0.002185014,1.29904,-0.570455,0.7934617,68.28378
L,-0.1535956,0.7468878,0.2810927,-2.652801E-05,1.326401E-05,-1.768534E-05,0.2575542,-0.1210189,0.1607675,68.29726
L,-0.1526008,0.7462401,0.2817313,0.07176686,-0.04672451,0.04606451,5.178923,-3.371499,3.324208,68.31113
L,-0.1524856,0.7461827,0.2818013,0.009116942,-0.004543139,0.005545648,-4.958726,3.338645,-3.207058,68.32376
L,-0.1530081,0.7447981,0.2826733,-0.04079577,-0.1080861,0.06806739,-3.896461,-8.083135,4.880793,68.33657
L,-0.1530555,0.7446926,0.2827727,-0.003711054,-0.008275359,0.007800811,2.908897,7.829081,-4.727266,68.34932
L,-0.1530558,0.7446917,0.2827735,-3.128851E-05,-7.220425E-05,6.498383E-05,0.2971745,0.6624793,-0.6247384,68.3617
L,-0.1533947,0.7434877,0.2829544,-0.02804165,-0.09963404,0.01496903,-2.317786,-8.23849,1.233272,68.37379
L,-0.1534263,0.7433932,0.2829729,-0.002489853,-0.007441371,0.001458678,2.013906,7.266312,-1.06484,68.38647
L,-0.1534266,0.7433925,0.2829731,-1.692646E-05,-4.889865E-05,9.403587E-06,0.1560575,0.4665124,-0.09145848,68.40232
L,-0.1528041,0.7443367,0.2821101,0.02117617,0.03212189,-0.02935618,0.7209504,1.094391,-0.9989635,68.43172
L,-0.1521316,0.7461575,0.2813259,0.05166737,0.1398923,-0.06025379,2.342639,8.280002,-2.373864,68.44473
L,-0.1520621,0.746362,0.2812531,0.00536161,0.01577215,-0.005612217,-3.57233,-9.575442,4.215409,68.4577
L,-0.1534583,0.7467772,0.2813647,-0.09770317,0.02905599,0.007806243,-7.212444,0.9295998,0.93902,68.47198
L,-0.1528999,0.7467807,0.2808396,0.01624901,0.0001023396,-0.01528156,3.31615,-0.8425873,-0.6718837,68.50635
L,-0.1528278,0.7467771,0.2807911,0.005381104,-0.0002713909,-0.003617063,-0.8112065,-0.02789613,0.8706653,68.51974
L,-0.1528272,0.7467771,0.2807907,4.34269E-05,0,-3.039883E-05,-0.3888938,0.01977307,0.2613181,68.53347
L,-0.1530127,0.7452659,0.28166,-0.007201968,-0.0586875,0.03375926,-0.2813832,-2.279197,1.31226,68.55922
L,-0.1524041,0.744258,0.2815994,0.01856878,-0.0307499,-0.001847649,0.7862718,0.852383,-1.086375,68.592
L,-0.1520643,0.7454881,0.2808541,0.02487998,0.0900707,-0.05457184,0.4621345,8.847037,-3.860707,68.60565
L,-0.152036,0.7456292,0.2807852,0.001759296,0.008780716,-0.004292052,-1.438971,-5.059278,3.129284,68.62172
L,-0.1522592,0.7460194,0.2804427,-0.009627447,0.01682811,-0.01477023,-0.49111,0.3470839,-0.4519234,68.64491
L,-0.1522806,0.7460603,0.2804106,-0.001030756,0.001969634,-0.00154757,0.4141071,-0.7157406,0.6369423,68.66566
L,-0.1526305,0.7452307,0.2810599,-0.02667794,-0.06324989,0.04950871,-1.955572,-4.972923,3.892989,68.67878
L,-0.1517051,0.7443602,0.2804411,0.03251874,-0.03059023,-0.02174514,2.080168,1.147659,-2.503856,68.70724
L,-0.1515944,0.7442914,0.2803814,0.008834262,-0.005490636,-0.004765054,-1.890604,2.003565,1.355429,68.71976
L,-0.1515935,0.7442908,0.2803809,6.880327E-05,-4.438921E-05,-3.773082E-05,-0.6527876,0.4055969,0.3520567,68.73319
L,-0.1527036,0.7456695,0.2799943,-0.03870658,0.0480742,-0.01347911,-1.352053,1.67784,-0.4686854,68.76187
L,-0.1527594,0.7426209,0.2810208,-0.0040255,-0.2197985,0.07401033,2.500395,-19.31277,6.307709,68.77574
L,-0.1527568,0.7423808,0.2811346,0.0001454367,-0.01323885,0.006274322,0.2299929,11.39007,-3.735084,68.79388
L,-0.1394579,0.7730056,0.2873173,0.4964704,1.14328,0.2308103,18.52871,43.17493,8.382336,68.82066
L,-0.1409317,0.7892168,0.2881675,-0.02792684,0.3071893,0.01611123,-9.936936,-15.84329,-4.068388,68.87344
L,-0.1416395,0.7346734,0.2867688,-0.01187322,-0.9149103,-0.023462,0.2692833,-20.49949,-0.6638012,68.93305
L,-0.1421759,0.7392246,0.2854671,-0.01033864,0.08772518,-0.02509076,0.02957954,19.32609,-0.03139498,68.98493
L,-0.1383365,0.7462655,0.2748161,0.05647361,0.1035658,-0.1566656,0.9827421,0.2330001,-1.935335,69.05292
L,-0.1364342,0.7500772,0.2698159,0.07130051,0.1428658,-0.1874162,0.5557312,1.473012,-1.152574,69.0796
L,-0.1389305,0.7461237,0.2743312,-0.08998825,-0.142518,0.162769,-5.814203,-10.28763,12.62362,69.10734
L,-0.1414853,0.7414953,0.2766668,-0.0967539,-0.1752813,0.08845439,-0.2562228,-1.240783,-2.814379,69.13374
L,-0.1426832,0.7401175,0.2771623,-0.07707701,-0.08865289,0.03187899,1.266121,5.574154,-3.640378,69.14928
L,-0.142927,0.7402474,0.2769771,-0.009468172,0.005043982,-0.007190972,2.625667,3.638826,-1.517327,69.17503
L,-0.1427368,0.7402033,0.2767044,0.010854,-0.002520271,-0.01555868,1.159629,-0.4316333,-0.4774801,69.19256
L,-0.1423736,0.7400912,0.276173,0.009831778,-0.003033354,-0.01438584,-0.02767139,-0.01388905,0.03174839,69.2295
L,-0.1422711,0.7404529,0.2749887,0.002452281,0.00865536,-0.02833636,-0.1765691,0.2796756,-0.3337937,69.27129
L,-0.1423277,0.7409096,0.2741691,-0.002112223,0.01704687,-0.03059803,-0.1704012,0.3132703,-0.08443239,69.29808
L,-0.142276,0.7441411,0.2697175,0.003303822,0.2067167,-0.2847635,0.3464577,12.13294,-16.25865,69.31371
L,-0.1420857,0.7459058,0.2671196,0.01390595,0.128928,-0.1898015,0.774605,-5.683342,6.938049,69.3274
L,-0.1419662,0.7471622,0.265205,0.009101721,0.09568837,-0.1458205,-0.3658915,-2.531544,3.349613,69.34053
L,-0.1418937,0.7471119,0.2654663,0.005336275,-0.003702274,0.01922858,-0.2771165,-7.314616,12.14672,69.35412
L,-0.14182,0.7470622,0.2657274,0.005502137,-0.003708155,0.01950009,0.01238735,-0.0004392445,0.020278,69.36751
L,-0.1417449,0.747025,0.265975,0.005570883,-0.002758913,0.01837065,0.005099423,0.07041258,-0.08377934,69.38099
L,-0.1405032,0.74958,0.2635399,0.08620543,0.1773785,-0.1690591,5.597951,12.50581,-13.01207,69.39539
L,-0.1388841,0.7529963,0.2602399,0.1170518,0.2469836,-0.2385743,2.230055,5.032144,-5.025643,69.40923
L,-0.1385686,0.7532002,0.2606372,0.02363281,0.01527232,0.0297567,-6.996919,-17.35478,20.09753,69.42258
L,-0.1384105,0.7533216,0.2607901,0.008747428,0.006714331,0.008460519,-0.8235784,-0.4734964,-1.178275,69.44065
L,-0.1383791,0.7530733,0.2607253,0.000813609,-0.006433188,-0.001677417,-0.2055954,-0.3407021,-0.2627124,69.47924
L,-0.1385935,0.7525704,0.2614275,-0.007393716,-0.0173433,0.02421341,-0.2830178,-0.3762194,0.8928076,69.50824
L,-0.1394763,0.7527668,0.3276748,-0.02170196,0.004827867,1.6285,-0.3517273,0.5450148,39.43681,69.54892
L,-0.1406678,0.7475959,0.5311957,-0.08236501,-0.3574672,14.06956,-4.193686,-25.04575,860.0607,69.56339
L,-0.1409653,0.7462395,0.6396548,-0.02204415,-0.1004982,8.036152,4.469405,19.03982,-447.0386,69.57688
L,-0.14081,0.7472411,0.5685493,0.01040568,0.06711721,-4.764794,2.17447,11.23194,-857.7943,69.5918
L,-0.1407219,0.7478483,0.5505428,0.003251725,0.02241006,-0.6646433,-0.2640618,-1.650199,151.3419,69.6189
L,-0.1393201,0.7502288,0.4991562,0.05162473,0.08767166,-1.892483,1.781497,2.403475,-45.21928,69.64605
L,-0.1372902,0.7518682,0.4790245,0.07339601,0.05927802,-0.7279192,0.7872013,-1.026651,42.10807,69.67371
L,-0.1377091,0.7496829,0.4745745,-0.02496518,-0.1302581,-0.2652413,-5.862846,-11.29735,27.57804,69.69048
L,-0.137765,0.7491514,0.4739511,-0.002175809,-0.0206841,-0.02425981,0.886891,4.264275,9.378244,69.71618
L,-0.1381897,0.7493352,0.4695964,-0.009843322,0.004258476,-0.1009154,-0.1776867,0.5780187,-1.776414,69.75933
L,-0.1381133,0.748726,0.4674662,0.002738644,-0.02181523,-0.07628821,0.4505856,-0.9337522,0.8819485,69.78725
L,-0.1382163,0.748513,0.4679027,-0.008478254,-0.01752295,0.03591151,-0.9229261,0.3531688,9.23179,69.79941
L,-0.1382806,0.7483536,0.4682454,-0.004023829,-0.00998492,0.02146664,0.2789538,0.4720616,-0.9045949,69.81538
L,-0.1383196,0.748492,0.4682281,-0.001010091,0.003579444,-0.0004485867,0.07794332,0.3508106,-0.5667863,69.85404
L,-0.1383606,0.7490003,0.4677453,-0.001405964,0.01742537,-0.01655277,-0.01357255,0.4747092,-0.5521339,69.88321
L,-0.1385039,0.7497509,0.4669159,-0.005178178,0.02712512,-0.02997376,-0.1363197,0.3505282,-0.4850059,69.91088
L,-0.1387375,0.7507226,0.4654554,-0.01455789,0.06056824,-0.09102695,-0.5846016,2.084382,-3.805213,69.92693
L,-0.1388552,0.75122,0.4647048,-0.00469928,0.01985846,-0.02996854,0.3935995,-1.625316,2.437724,69.95197
L,-0.1380956,0.7520445,0.4645004,0.05516144,0.05986842,-0.01484159,4.34685,2.905366,1.09846,69.96574
L,-0.1376351,0.7525398,0.4643767,0.03244603,0.03490003,-0.008715558,-1.600729,-1.759493,0.4316939,69.97993
L,-0.1375417,0.7524228,0.4642454,0.00331566,-0.004149465,-0.00465916,-1.033615,-1.38557,0.1439307,70.00812
L,-0.1373764,0.7531267,0.4639417,0.01179743,0.05022625,-0.02167044,0.6051837,3.879768,-1.213774,70.02213
L,-0.137241,0.7537172,0.4636968,0.004952898,0.02161364,-0.00896114,-0.2505239,-1.047281,0.4651866,70.04945
L,-0.137058,0.7537538,0.463656,0.005969718,0.001193846,-0.001332869,0.03316989,-0.6661183,0.2488434,70.08011
L,-0.136771,0.7538329,0.4633734,0.007185456,0.00197849,-0.007074669,0.03043338,0.01964187,-0.1437336,70.12006
L,-0.1365909,0.7540108,0.4629624,0.006925028,0.006840807,-0.01580032,-0.01001313,0.1869503,-0.3354908,70.14606
L,-0.1362822,0.7551978,0.4612296,0.02246799,0.0863843,-0.1261127,1.131175,5.788964,-8.02824,70.15981
L,-0.1361064,0.7559494,0.4601665,0.01185036,0.05068078,-0.07167487,-0.7158811,-2.40727,3.670407,70.17464
L,-0.1360718,0.7557513,0.4602919,0.002404882,-0.01377652,0.008718086,-0.6567842,-4.481988,5.590061,70.18902
L,-0.1360376,0.755546,0.4604205,0.00239224,-0.01433887,0.008977924,-0.0008828311,-0.03926899,0.01814458,70.20334
L,-0.1360025,0.7553419,0.4605438,0.002518503,-0.01466557,0.008861876,0.009073241,-0.02347645,-0.008339129,70.21725
L,-0.1359723,0.7553145,0.4606742,0.001183535,-0.001070429,0.005103778,-0.05223191,0.5319231,-0.1470392,70.24281
L,-0.1357661,0.7550839,0.4610151,0.01435786,-0.01606502,0.02373846,0.9175262,-1.044299,1.297814,70.25717
L,-0.1356197,0.7549324,0.4612416,0.008997933,-0.009311239,0.01392655,-0.3295196,0.415212,-0.6032208,70.27344
L,-0.1354719,0.7547871,0.4614604,0.005478466,-0.005383515,0.008107291,-0.1303854,0.1455101,-0.2155857,70.30043
L,-0.1356708,0.7544301,0.4615628,-0.01427267,-0.02560978,0.007344263,-1.416979,-1.451066,-0.05474085,70.31437
L,-0.1357192,0.7544775,0.4614823,-0.003341007,0.003274084,-0.005563884,0.7553164,1.995712,-0.8918802,70.32884
L,-0.1357635,0.7545348,0.4613955,-0.001104779,0.001428012,-0.002160573,0.05569198,-0.04597538,0.08475751,70.369
L,-0.1357639,0.7541783,0.4613877,-2.348447E-05,-0.0234101,-0.0005147013,0.07100574,-1.631053,0.10808,70.38422
L,-0.1358542,0.7540631,0.4613305,-0.003479111,-0.004439025,-0.002202289,-0.1331381,0.7309163,-0.06501926,70.41018
L,-0.1358464,0.7543428,0.4610865,0.000265107,0.009568324,-0.008349852,0.1281029,0.4792407,-0.2103298,70.43941
L,-0.1357537,0.7546281,0.4606209,0.00638794,0.01964825,-0.03206491,0.4217194,0.6942703,-1.633411,70.45393
L,-0.1356092,0.7548049,0.4601077,0.005576414,0.006825585,-0.01980961,-0.03132167,-0.4949036,0.4730057,70.47984
L,-0.1356318,0.7547429,0.4602197,-0.001549206,-0.004258017,0.007689791,-0.4889891,-0.7606021,1.887121,70.49441
L,-0.1356477,0.7547081,0.4602917,-0.000580703,-0.00127373,0.002633611,0.03543933,0.1092006,-0.185015,70.52174
L,-0.1356058,0.7551263,0.4600554,0.002615028,0.0261298,-0.01476108,0.1996524,1.712028,-1.086729,70.53774
L,-0.1355759,0.7554392,0.4598812,0.0007433065,0.007779893,-0.004332373,-0.04654339,-0.4563003,0.2593268,70.57796
L,-0.1350739,0.7554091,0.4591176,0.01723683,-0.001031569,-0.02622315,0.5663711,-0.3025769,-0.7517075,70.60708
L,-0.1346081,0.7551173,0.4590531,0.01114508,-0.006982476,-0.001542391,-0.1457572,-0.1423872,0.590536,70.64887
L,-0.1347665,0.7548406,0.4591833,-0.0115332,-0.02015191,0.009481337,-1.651382,-0.9589689,0.8027234,70.66261
L,-0.1348385,0.7547221,0.4592458,-0.005100941,-0.008395585,0.004430182,0.4559705,0.8333828,-0.3580665,70.67671
L,-0.1349026,0.7546174,0.459304,-0.002388387,-0.003901809,0.002169645,0.1010631,0.167427,-0.08422201,70.70355
L,-0.1323995,0.7536615,0.4552676,0.09098335,-0.03474678,-0.1467184,3.393905,-1.121162,-5.411827,70.73106
L,-0.1289309,0.7584894,0.4447602,0.1215606,0.1691991,-0.3682413,1.071611,7.147485,-7.763492,70.7596
L,-0.1268248,0.7592711,0.4401051,0.07556771,0.02805058,-0.1670288,-1.650255,-5.064501,7.219635,70.78747
L,-0.1260186,0.7554353,0.4419159,0.0274391,-0.1305546,0.06163172,-1.638097,-5.398258,7.782652,70.81685
L,-0.1256471,0.7495403,0.4472624,0.0142437,-0.2259935,0.2049667,-0.5058634,-3.658782,5.494942,70.84293
L,-0.123162,0.7578892,0.4357254,0.08610142,0.2892669,-0.3997303,2.4897,17.85256,-20.95132,70.8718
L,-0.119648,0.7744379,0.4191545,0.2439596,1.148876,-1.150411,10.9591,59.67727,-52.11508,70.8862
L,-0.1181918,0.7806559,0.4128723,0.05355311,0.2286756,-0.2310387,-7.002514,-33.84189,33.81145,70.91339
L,-0.09989339,0.8314738,-0.7033057,0.4268388,1.185409,-26.03661,8.707476,22.3173,-601.9554,70.95626
L,-0.06277005,0.9327874,-0.2943815,1.50041,4.094781,16.52745,43.39042,117.5878,1720.307,70.981
L,-0.06934045,0.9166763,0.04400626,-0.2017321,-0.4946617,10.38959,-52.26123,-140.9106,-188.452,71.01357
L,-0.0865047,0.8943275,0.03923702,-0.4430392,-0.5768634,-0.1231024,-6.228555,-2.121768,-271.3509,71.05231
L,-0.09641849,0.8818214,0.05949999,-0.3324177,-0.4193388,0.6794339,3.709229,5.28193,26.90971,71.08214
L,-0.09689389,0.8803851,0.07283955,-0.01233403,-0.03726402,0.3460893,8.304437,9.912768,-8.648484,71.12068
L,-0.09677248,0.8818071,0.0773096,0.007460425,0.0873806,0.2746828,1.216362,7.659361,-4.387902,71.13696
L,-0.09586886,0.8838915,0.07740158,0.02297565,0.05299921,0.002338635,0.3944929,-0.8741875,-6.924674,71.17628
L,-0.09698013,0.8725273,0.1626404,-0.07326773,-0.7492612,5.619931,-6.345479,-52.8943,370.3768,71.19145
L,-0.09734807,0.8694811,0.2040956,-0.009010942,-0.07460266,1.015249,1.573667,16.52258,-112.7699,71.23228
L,-0.09582995,0.8772031,0.1457784,0.05545803,0.2820905,-2.130363,2.355094,13.03024,-114.9113,71.25966
L,-0.09386186,0.8839324,0.1224913,0.06988944,0.2389639,-0.8269558,0.5124775,-1.53148,46.28563,71.28782
L,-0.09423165,0.8846365,0.107722,-0.02428343,0.04624092,-0.9698626,-6.184082,-12.6556,-9.384308,71.30305
L,-0.09559864,0.8827502,0.1038288,-0.05062838,-0.06986216,-0.1441891,-0.9757234,-4.300046,30.58002,71.33005
L,-0.09534469,0.8824122,0.1002387,0.009531831,-0.01268748,-0.134753,2.25811,2.146048,0.3541812,71.35669
L,-0.09197255,0.8864012,0.1012968,0.2206656,0.2610303,0.06923892,13.81614,17.9115,13.34879,71.37197
L,-0.08884409,0.8907386,0.1036787,0.1197937,0.1660869,0.09120746,-3.862543,-3.63553,0.8412097,71.39809
L,-0.08067459,0.9057001,0.1258186,0.4529581,0.8295428,1.227542,18.47231,36.78532,63.0041,71.41612
L,-0.07720014,0.9122617,0.1353911,0.09288239,0.1754108,0.2559036,-9.625912,-17.48693,-25.97484,71.45353
L,-0.0703826,0.9412606,0.2010217,0.1561128,0.6640352,1.502854,1.447893,11.18885,28.55351,71.4972
L,-0.06774492,0.94486,0.2868964,0.0651084,0.08884769,2.119729,-2.246353,-14.19792,15.22694,71.53771
L,-0.06640059,0.9435377,0.3665831,0.04960701,-0.04879513,2.940511,-0.572015,-5.079144,30.28759,71.56481
L,-0.0802313,0.915337,0.3809709,-0.3191583,-0.6507592,0.3320141,-8.50965,-13.89096,-60.19382,71.60815
L,-0.1005279,0.8976672,0.3559527,-0.6872442,-0.598299,-0.8471144,-12.46338,1.776301,-39.92527,71.63768
L,-0.1102467,0.8897552,0.325515,-0.2445033,-0.1990478,-0.7657465,11.13837,10.04427,2.047035,71.67743
L,-0.1170187,0.8735478,0.2388575,-0.2263158,-0.5416481,-2.896065,0.6078228,-11.44959,-71.19459,71.70735
L,-0.1211609,0.8625354,0.2077024,-0.154857,-0.4117005,-1.164735,2.671488,4.858098,64.72587,71.7341
L,-0.1239235,0.8360072,0.1518926,-0.08157146,-0.7833056,-1.647917,2.16393,-10.97252,-14.26709,71.76797
L,-0.128241,0.8235282,0.1313169,-0.08798354,-0.2542998,-0.4192933,-0.1306661,10.78014,25.03704,71.81704
L,-0.139729,0.8280159,0.1406172,-0.4422185,0.1727515,0.3580058,-13.63591,16.4389,29.92134,71.84302
L,-0.1463829,0.8440227,0.1597281,-0.2350762,0.5655092,0.6751779,7.318207,13.87589,11.20549,71.87132
L,-0.1494388,0.8624467,0.1766716,-0.1086692,0.6551458,0.6025004,4.49496,3.187424,-2.584371,71.89944
L,-0.156145,0.8733891,0.2083768,-0.2435561,0.3974093,1.15147,-4.898836,-9.360498,19.93752,71.92698
L,-0.1539759,0.8829737,0.2621137,0.1315035,0.5810701,3.257821,22.73812,11.1345,127.6983,71.94347
L,-0.1480875,0.8888023,0.288867,0.2295665,0.2272364,1.043012,3.823117,-13.79467,-86.34724,71.96912
L,-0.1506303,0.872271,0.3264572,-0.0628851,-0.4088296,0.9296286,-7.232495,-15.73027,-2.804032,72.00956
L,-0.1523271,0.8649933,0.3603814,-0.1161319,-0.4981234,2.321934,-3.644472,-6.111704,95.29623,72.02417
L,-0.1531019,0.8634413,0.3761021,-0.04908395,-0.09831893,0.9959144,4.247515,25.32778,-84.0039,72.03996
L,-0.1484239,0.867743,0.3582785,0.1194538,0.1098453,-0.4551295,4.303639,5.315508,-37.05264,72.07912
L,-0.1170399,0.8858867,0.1765989,0.7596607,0.4391736,-4.397618,15.49644,7.971508,-95.42934,72.12043
L,-0.08744447,0.8825159,0.1318486,0.968571,-0.1103152,-1.464547,6.837028,-17.98317,95.99088,72.15099
L,-0.07399181,0.8768767,0.1053281,0.5322266,-0.2231031,-1.049228,-17.26307,-4.46222,16.43126,72.17626
L,-0.06607394,0.8736629,0.07688968,0.5276114,-0.2141507,-1.895009,-0.3075353,0.5965511,-56.35902,72.19127
L,-0.06110616,0.8723566,0.06205517,0.1875392,-0.04931641,-0.5600199,-12.83812,6.222683,50.39737,72.21776
L,-0.07789213,0.8727463,0.08751789,-1.154339,0.0268027,1.751023,-92.27843,5.234566,158.926,72.2323
L,-0.08362617,0.8726843,0.09676976,-0.3724342,-0.004030135,0.6009223,50.78585,-2.002637,-74.70069,72.2477
L,-0.08744712,0.8902139,0.112383,-0.1494091,0.6854537,0.6105185,8.720867,26.96062,0.3752377,72.27327
L,-0.1022738,0.9314461,0.1686424,-0.9800142,2.725357,3.718623,-54.9012,134.8332,205.439,72.2884
L,-0.1071177,0.9515782,0.1958014,-0.1827561,0.7595733,1.024696,30.08009,-74.16788,-101.6403,72.3149
L,-0.1053785,0.9636627,0.2560739,0.05769801,0.4008973,1.999503,7.976916,-11.89886,32.33862,72.34505
L,-0.1023917,0.97133,0.3135274,0.1168258,0.2998988,2.247252,2.312743,-3.950486,9.690558,72.37061
L,-0.1023479,0.9735738,0.344961,0.001574677,0.08077494,1.131573,-4.148915,-7.888218,-40.16322,72.39839
L,-0.102066,0.9688679,0.3589848,0.009782427,-0.1632643,0.4865349,0.2847555,-8.466573,-22.37863,72.42722
L,-0.1013852,0.9604149,0.3507031,0.03912073,-0.4857279,-0.4758843,1.685853,-18.52957,-55.30303,72.44462
L,-0.1009796,0.957303,0.3444062,0.01698857,-0.1303556,-0.2637724,-0.9271033,14.88634,8.885248,72.46849
L,-0.09326734,0.9491794,0.303141,0.5213323,-0.5491434,-2.789437,34.09249,-28.3091,-170.7292,72.48328
L,-0.0856618,0.944029,0.287559,0.2719242,-0.1841414,-0.5571095,-8.91719,13.05007,79.81333,72.51125
L,-0.07737378,0.9117684,0.241813,0.2982776,-1.161027,-1.646353,0.9484358,-35.15716,-39.20081,72.53904
L,-0.07413713,0.8919964,0.1788553,0.1156267,-0.7063403,-2.249112,-6.525055,16.24331,-21.53306,72.56703
L,-0.07360857,0.868727,0.1495459,0.01225965,-0.5397206,-0.6798178,-2.397545,3.864658,36.39895,72.61015
L,-0.0736794,0.8364143,0.1169416,-0.002778863,-1.267673,-1.279108,-0.5899816,-28.55858,-23.51099,72.63564
L,-0.0804633,0.8221629,0.1029167,-0.4369428,-0.9179131,-0.9033309,-27.964,22.52766,24.20339,72.65116
L,-0.08610718,0.8158866,0.09710409,-0.2220819,-0.2469698,-0.2287208,8.454594,26.40104,26.54533,72.67657
L,-0.1024106,0.8069952,0.1031435,-1.100373,-0.6001062,0.4076188,-59.27879,-23.83434,42.94867,72.69139
L,-0.1082743,0.801132,0.1018395,-0.4105595,-0.4105235,-0.09130129,48.29875,13.27403,-34.93293,72.70567
L,-0.1071401,0.7978802,0.1040026,0.04257248,-0.122058,0.08119032,17.00828,10.82753,6.474462,72.73232
L,-0.1061896,0.7944599,0.1042243,0.06047719,-0.2176198,0.01410706,1.139227,-6.08033,-4.268319,72.74803
L,-0.1056362,0.7943044,0.1041244,0.021199,-0.005958687,-0.003825203,-1.504463,8.107203,-0.686855,72.77414
L,-0.1072344,0.7912277,0.100072,-0.1062813,-0.2045995,-0.2694886,-8.477473,-13.20966,-17.66669,72.78918
L,-0.1089223,0.7874774,0.09579143,-0.06290623,-0.1397676,-0.1595273,1.616508,2.416165,4.098052,72.81601
L,-0.1083212,0.7924187,0.09539114,0.03886931,0.3195224,-0.02588397,6.581116,29.69909,8.641787,72.83147
L,-0.108225,0.7949054,0.0943165,0.003440357,0.08895674,-0.03844308,-1.267397,-8.248008,-0.4492764,72.85943
L,-0.1147212,0.8027674,0.09219545,-0.2542463,0.3076991,-0.08301277,-10.08525,8.561063,-1.744353,72.88498
L,-0.1163362,0.8065422,0.09236682,-0.05681099,0.1327894,0.006028426,6.945313,-6.152915,3.132262,72.91341
L,-0.11633,0.8083224,0.09249174,0.0002181794,0.06265524,0.004396629,2.007231,-2.468482,-0.05743364,72.94182
L,-0.1162027,0.8088807,0.09296057,0.003148995,0.01381009,0.01159675,0.0724944,-1.208196,0.1780966,72.98225
L,-0.1159399,0.8097553,0.09324109,0.01689324,0.05622394,0.01803216,0.8835142,2.726468,0.4136844,72.9978
L,-0.1158743,0.810153,0.09325171,0.002529532,0.01532187,0.000409341,-0.5534038,-1.575872,-0.6789707,73.02376
L,-0.1151616,0.8099962,0.09332402,0.04497124,-0.009896335,0.00456309,2.678344,-1.59143,0.2621282,73.0396
L,-0.1149432,0.8098558,0.09349883,0.008512907,-0.005470841,0.006813288,-1.420954,0.1724824,0.08770082,73.06526
L,-0.1138836,0.81006,0.0934274,0.03734413,0.007196995,-0.002517688,1.016124,0.4464637,-0.3288598,73.09364
L,-0.111357,0.8110391,0.09261928,0.1583783,0.06137539,-0.05065608,7.586889,3.396112,-3.017502,73.10959
L,-0.1100715,0.8115453,0.0921122,0.0505396,0.0198968,-0.01993517,-4.239541,-1.630678,1.207754,73.13503
L,-0.1058374,0.8117042,0.09010752,0.2699217,0.01013041,-0.1278,13.98582,-0.6226169,-6.876489,73.15071
L,-0.1021764,0.8114523,0.08839991,0.1357079,-0.009336998,-0.0632976,-4.975018,-0.7216155,2.390967,73.17769
L,-0.08536439,0.8064295,0.09324419,0.4172659,-0.1246627,0.1202329,6.988139,-2.862331,4.555144,73.21798
L,-0.06933665,0.8139842,0.09558009,0.5560582,0.2620992,0.08104021,4.815191,13.41812,-1.359733,73.2468
L,-0.06098232,0.8235278,0.09677574,0.3075895,0.351376,0.04402157,-9.148117,3.286989,-1.362951,73.27396
L,-0.0600385,0.8331774,0.1071727,0.06182333,0.6320785,0.6810335,-16.09848,18.38692,41.72635,73.28923
L,-0.05551064,0.8351736,0.1125956,0.1686492,0.07435307,0.2019889,3.978937,-20.77357,-17.84295,73.31608
L,-0.048212,0.8384953,0.1194961,0.4297603,0.1955862,0.4063154,15.37482,7.138488,12.03121,73.33306
L,-0.04440041,0.8405391,0.1227602,0.1013374,0.05433887,0.08678194,-8.731654,-3.755289,-8.495311,73.37067
L,-0.02720772,0.8429074,0.1276964,0.9866375,0.1359115,0.2832707,50.80475,4.681212,11.27591,73.3881
L,-0.01932469,0.8446627,0.1304363,0.3006238,0.06693701,0.1044885,-26.16153,-2.630383,-6.817963,73.41432
L,-0.01351477,0.8513299,0.1314493,0.1026859,0.1178375,0.01790444,-3.498398,0.8996262,-1.530305,73.4709
L,-0.01093079,0.8590599,0.1337194,0.04902814,0.1466698,0.04307308,-1.0181,0.5470636,0.4775484,73.52361
L,-0.008525489,0.8660395,0.1378719,0.07430311,0.215607,0.1282756,0.7807777,2.12956,2.632021,73.55598
L,-0.00849204,0.8708771,0.1410829,0.00140252,0.2028401,0.1346357,-3.056694,-0.53531,0.2666747,73.57983
L,-0.00930031,0.8733647,0.1424229,-0.02901716,0.08930559,0.0481054,-1.092076,-4.075923,-3.106463,73.60768
L,-0.01103598,0.8758458,0.1435538,-0.02927517,0.0418483,0.01907432,-0.004351742,-0.8004532,-0.4896618,73.66697
L,-0.0130643,0.8786529,0.1448592,-0.03950902,0.05467937,0.02542894,-0.1993419,0.2499323,0.1237795,73.71831
L,-0.0163512,0.8811938,0.1466168,-0.1209152,0.09347153,0.06465375,-2.994687,1.427046,1.442963,73.74549
L,-0.02130921,0.8847608,0.1461392,-0.1522624,0.1095434,-0.01466674,-0.9626858,0.4935739,-2.435964,73.77805
L,-0.02581122,0.8854507,0.1447795,-0.08913703,0.01366007,-0.02692008,1.249844,-1.898432,-0.2426087,73.82856
L,-0.03110787,0.8836838,0.1378284,-0.3350593,-0.111773,-0.4397227,-15.55672,-7.934734,-26.11335,73.84437
L,-0.03476304,0.8828835,0.1331548,-0.1329698,-0.02911419,-0.1700178,7.351727,3.007011,9.811479,73.87186
L,-0.03841214,0.8852524,0.1217593,-0.08893538,0.05773377,-0.2777294,1.073203,2.116649,-2.625135,73.91289
L,-0.03942497,0.8892418,0.1047169,-0.01814074,0.07145374,-0.305245,1.267996,0.245737,-0.4928297,73.96872
L,-0.04007141,0.8916647,0.08822431,-0.02229175,0.08355326,-0.5687224,-0.1431419,0.4172347,-9.085637,73.99772
L,-0.04027128,0.8935124,0.08316213,-0.006820302,0.06304917,-0.1727443,0.5279548,-0.6996906,13.51254,74.02702
L,-0.04071852,0.8935071,0.08118924,-0.01968472,-0.000233483,-0.08683372,-0.5662072,-2.785287,3.781218,74.04974
L,-0.04108498,0.8921772,0.08121447,-0.01300277,-0.04718801,0.0008951382,0.2370917,-1.666059,3.112831,74.07793
L,-0.04059296,0.8914411,0.08108415,0.01069651,-0.01600208,-0.002832987,0.5152283,0.67799,-0.0810504,74.12392
L,-0.03945201,0.8905356,0.08138344,0.04537238,-0.03600956,0.01190156,1.378955,-0.795637,0.5859485,74.14907
L,-0.03803047,0.8894814,0.08172226,0.05381982,-0.03991326,0.01282789,0.3198218,-0.1477948,0.03507106,74.17548
L,-0.03621614,0.890061,0.08063315,0.06609426,0.02111416,-0.03967536,0.447147,2.223176,-1.912648,74.20293
L,-0.03373846,0.891212,0.07842744,0.08737016,0.04059053,-0.07777951,0.7502488,0.6867921,-1.343661,74.23129
L,-0.03377993,0.8898976,0.07910023,-0.001521999,-0.04824454,0.02469437,-3.262748,-3.260653,3.761259,74.25854
L,-0.03388856,0.8872128,0.08011948,-0.003650031,-0.09021124,0.03424653,-0.07150099,-1.410064,0.3209485,74.2883
L,-0.03358715,0.884648,0.08112754,0.01179279,-0.1003475,0.03944117,0.6042154,-0.3965902,0.2032455,74.31386
L,-0.03327498,0.8827559,0.08241682,0.009984744,-0.06051733,0.04123677,-0.05782937,1.273943,0.05743107,74.34512
L,-0.03376013,0.8817911,0.08340167,-0.01256716,-0.02499228,0.02551125,-0.5841746,0.9202251,-0.4073469,74.38373
L,-0.03489307,0.880089,0.08514465,-0.03751808,-0.05636527,0.05772008,-0.8262676,-1.038939,1.066618,74.41393
L,-0.03555071,0.8753792,0.08883887,-0.02634406,-0.18867,0.1479853,0.4476168,-5.299952,3.615907,74.43889
L,-0.03545956,0.8706317,0.09215245,0.00556677,-0.2899653,0.2023851,1.949029,-6.186853,3.322592,74.45526
L,-0.03542215,0.868636,0.09356181,0.001487052,-0.07931653,0.05601199,-0.1621397,8.371789,-5.817287,74.48042
L,-0.03374902,0.8636886,0.09682961,0.1019053,-0.3013294,0.1990318,6.116183,-13.52215,8.710916,74.49684
L,-0.03515584,0.8633707,0.09847106,-0.05597891,-0.01265084,0.06531525,-6.282393,11.48685,-5.320732,74.52197
L,-0.03710517,0.8631364,0.1006815,-0.06488139,-0.007796629,0.073573,-0.2963094,0.1615672,0.27485,74.55202
L,-0.03876156,0.8623612,0.1028664,-0.06584955,-0.03081874,0.08685808,-0.03848906,-0.9152423,0.5281473,74.57717
L,-0.04107984,0.8594952,0.1069823,-0.05172116,-0.06394149,0.0918268,0.3152062,-0.7389727,0.1108527,74.62199
L,-0.04342624,0.8569131,0.1118536,-0.09096343,-0.1000998,0.1888471,-1.521314,-1.401759,3.76121,74.64779
L,-0.04509635,0.8551416,0.1169606,-0.04028428,-0.04272865,0.1231838,1.222418,1.383834,-1.583847,74.68925
L,-0.04551734,0.851994,0.123046,-0.01504367,-0.1124761,0.2174569,0.9019458,-2.492351,3.368746,74.71723
L,-0.04538763,0.8459381,0.1312628,0.004717252,-0.2202457,0.2988316,0.7186747,-3.919416,2.959476,74.74473
L,-0.04502963,0.8403291,0.1380836,0.0238197,-0.3731916,0.453815,1.270962,-10.1761,10.31167,74.75976
L,-0.04496382,0.837983,0.1411138,0.004768097,-0.1699877,0.2195522,-1.380393,14.72324,-16.97363,74.77356
L,-0.04513039,0.8373459,0.14292,-0.01074988,-0.04111275,0.1165672,-1.001464,8.317037,-6.646206,74.78905
L,-0.0452772,0.8365643,0.1447135,-0.005895427,-0.03138643,0.07202028,0.1949396,0.3905785,-1.788866,74.81396
L,-0.04487832,0.8342865,0.1464434,0.01338523,-0.0764349,0.05804922,0.646993,-1.511672,-0.4688213,74.84376
L,-0.0447273,0.8333178,0.1472184,0.005109434,-0.03277459,0.0262235,-0.2800014,1.477193,-1.076784,74.87331
L,-0.04466416,0.8326826,0.1478856,0.002269852,-0.02283539,0.02398283,-0.1020816,0.3573096,-0.08055101,74.90113
L,-0.0445657,0.8325487,0.147958,0.003824918,-0.00520293,0.002813334,0.06041069,0.6849796,-0.8223854,74.92687
L,-0.04426791,0.8325074,0.1479462,0.01094259,-0.00151782,-0.0004342103,0.2615441,0.1354121,-0.1193334,74.95409
L,-0.04379315,0.8327309,0.1477243,0.03184648,0.01499328,-0.01488033,1.402208,1.107545,-0.9690288,74.96899
L,-0.04347109,0.8329386,0.147512,0.01241191,0.008005458,-0.008181762,-0.7489941,-0.2693056,0.258158,74.99494
L,-0.04281247,0.8330695,0.1470334,0.02401284,0.004772253,-0.01745154,0.4229647,-0.1178811,-0.3379717,75.02237
L,-0.04152975,0.8335218,0.1458874,0.08133934,0.02868363,-0.07266532,3.635171,1.516261,-3.5012,75.03814
L,-0.04042903,0.8342032,0.1449081,0.02754897,0.01705264,-0.02451121,-1.346269,-0.2911011,1.205204,75.07809
L,-0.03835171,0.8327821,0.1450268,0.1364804,-0.09336231,0.007795857,7.15682,-7.25429,2.122583,75.09332
L,-0.03663814,0.8315642,0.1451921,0.06609788,-0.04698076,0.006377258,-2.714883,1.789088,-0.05472001,75.11924
L,-0.03584972,0.830804,0.1457278,0.04808741,-0.04636241,0.03267599,-1.098496,0.03771467,1.604015,75.13564
L,-0.03555666,0.8304392,0.146107,0.007554196,-0.009405727,0.009773307,-1.044792,0.9526029,-0.5903443,75.17443
L,-0.03533066,0.8303411,0.1462249,0.01625773,-0.007053547,0.008484623,0.6261194,0.1692124,-0.09270597,75.18833
L,-0.03522101,0.8302904,0.1462798,0.006866965,-0.003176511,0.003436866,-0.5880871,0.2427955,-0.3161107,75.2043
L,-0.03490594,0.8303772,0.1467423,0.02359821,0.006504464,0.03463839,1.253142,0.7250885,2.336941,75.21765
L,-0.03438149,0.8305147,0.1475063,0.01989026,0.005212855,0.028977,-0.1406278,-0.0489855,-0.2147134,75.24402
L,-0.03401586,0.8307536,0.1478444,0.02558615,0.01671783,0.02365857,0.3985968,0.805115,-0.3721825,75.25831
L,-0.03384202,0.8308619,0.1480009,0.006436899,0.004012182,0.005794823,-0.7090198,-0.4704393,-0.6614229,75.28532
L,-0.03358,0.8308111,0.1486775,0.01772073,-0.003434598,0.04575634,0.7631549,-0.5036452,2.702702,75.3001
L,-0.03272032,0.8302957,0.1491042,0.03038853,-0.01821863,0.01508457,0.4477869,-0.5225925,-1.084199,75.32839
L,-0.02987765,0.8292282,0.1498438,0.2130329,-0.08000554,0.05543011,13.68757,-4.63038,3.023539,75.34174
L,-0.02774176,0.8287144,0.1501576,0.1534,-0.03690068,0.02253211,-4.282845,3.095803,-2.362744,75.35566
L,-0.02601817,0.8282912,0.150405,0.125091,-0.03071359,0.01795447,-2.054556,0.4490334,-0.3322255,75.36944
L,-0.02479947,0.8280596,0.1490828,0.08771955,-0.01667181,-0.09516792,-2.689921,1.0107,-8.142327,75.38333
L,-0.02360407,0.8278244,0.1478525,0.0789338,-0.01553054,-0.08123524,-0.5801342,0.07535963,0.9199922,75.39848
L,-0.02245063,0.8275907,0.1467359,0.04433551,-0.008980938,-0.04291892,-1.329873,0.2517506,1.472785,75.42449
L,-0.02295332,0.8288072,0.1434037,-0.02953346,0.07147159,-0.1957695,-4.339827,4.726613,-8.980022,75.44151
L,-0.02392856,0.8286654,0.1428478,-0.02522729,-0.003669578,-0.01438035,0.1113912,-1.943735,4.692133,75.48017
L,-0.03290666,0.8318905,0.1385603,-0.6122673,0.219941,-0.2923915,-40.03356,15.24926,-18.95915,75.49483
L,-0.03723343,0.8335353,0.1362977,-0.2966099,0.1127542,-0.1551018,21.63904,-7.347903,9.411526,75.50942
L,-0.04276902,0.8340924,0.133929,-0.3919833,0.0394508,-0.1677313,-6.753526,-5.190717,-0.8943139,75.52354
L,-0.04680609,0.8345661,0.1321157,-0.1423203,0.01669664,-0.06392466,8.801458,-0.8021606,3.659534,75.55191
L,-0.05309836,0.8353779,0.1315035,-0.2522141,0.03254014,-0.02453949,-4.404893,0.6350576,1.578683,75.57686
L,-0.05830959,0.8357726,0.1305867,-0.2829521,0.02143421,-0.04978203,-1.668967,-0.6030141,-1.370584,75.59528
L,-0.0608842,0.836031,0.1299905,-0.1032618,0.01036089,-0.02391203,7.206968,-0.4441258,1.037586,75.62021
L,-0.06484833,0.8338448,0.1311461,-0.1461565,-0.08060391,0.04260944,-1.581519,-3.35385,2.452631,75.64733
L,-0.06655327,0.8321902,0.1314875,-0.03995525,-0.03877475,0.007999327,2.488828,0.9802666,-0.8110883,75.69
L,-0.06692331,0.8312388,0.1316919,-0.01349499,-0.03469758,0.007454373,0.9649972,0.1486929,-0.0198743,75.71742
L,-0.06588307,0.8313611,0.1318379,0.03604169,0.004237708,0.005060158,1.716329,1.349016,-0.08295388,75.74628
L,-0.06240623,0.8319339,0.1327911,0.1246829,0.02054121,0.03418049,3.178762,0.5846602,1.044284,75.77417
L,-0.0581473,0.8330024,0.1338101,0.1468246,0.03683711,0.03513159,0.7633249,0.5617927,0.03278882,75.80318
L,-0.05456882,0.8352371,0.1345792,0.1274563,0.07959409,0.02739311,-0.6898491,1.522892,-0.2756246,75.83125
L,-0.05250052,0.8362071,0.1354756,0.08155692,0.03824693,0.03534604,-1.809903,-1.630401,0.3136,75.85661
L,-0.05152097,0.8361198,0.1358701,0.03434793,-0.003059791,0.01383385,-1.655371,-1.44841,-0.7543193,75.88513
L,-0.05025483,0.8359833,0.1353813,0.04473183,-0.004822271,-0.01726805,0.3668565,-0.06226731,-1.098811,75.91344
L,-0.04849816,0.8358615,0.1344988,0.06498716,-0.004507127,-0.03264966,0.7493387,0.01165865,-0.5690371,75.94047
L,-0.04664449,0.8358006,0.1333673,0.057973,-0.00190326,-0.03538833,-0.2193653,0.08143498,-0.08565101,75.97244
L,-0.04629342,0.835974,0.1329916,0.006894759,0.003404068,-0.007376749,-1.003136,0.1042317,0.550125,76.02336
L,-0.04659538,0.8359843,0.1327761,-0.01821359,0.0006255753,-0.01300406,-1.514497,-0.1675944,-0.3394304,76.03994
L,-0.04748847,0.8362075,0.1324176,-0.02112607,0.00527883,-0.008479051,-0.06889467,0.1100724,0.1070387,76.08221
L,-0.04965402,0.8368095,0.1320194,-0.05210036,0.01448353,-0.009580637,-0.7452022,0.2214534,-0.02650277,76.12378
L,-0.05235147,0.8370967,0.1323241,-0.06861257,0.007304604,0.007750719,-0.4200054,-0.1826035,0.4408413,76.16309
L,-0.05407519,0.8372905,0.1331685,-0.04096675,0.004606755,0.02006955,0.657043,-0.06411833,0.2927751,76.20517
L,-0.05343017,0.8420612,0.1396654,0.02694214,0.1992685,0.2713705,2.836505,8.130883,10.49666,76.22911
L,-0.05297833,0.8449808,0.1436676,0.01314609,0.08494554,0.1164422,-0.401393,-3.326203,-4.507604,76.26348
L,-0.04840393,0.857204,0.1742893,0.1010237,0.2699439,0.6762673,1.94074,4.085612,12.3635,76.30876
L,-0.03719604,0.8690053,0.2053158,0.4968012,0.523102,1.375279,17.54323,11.22149,30.98438,76.33132
L,-0.03056954,0.8772235,0.2230868,0.2483697,0.3080297,0.6660832,-9.311527,-8.061184,-26.58155,76.358
L,-0.02452044,0.8843148,0.2388761,0.1399837,0.1641011,0.3653826,-2.508186,-3.330685,-6.958585,76.40121
L,-0.02001942,0.8902328,0.2483333,0.1051242,0.1382194,0.2208796,-0.8141677,-0.6044838,-3.374965,76.44403
L,-0.01816464,0.8931935,0.2512906,0.06608042,0.1054804,0.1053583,-1.391016,-1.166395,-4.115684,76.4721
L,-0.01843723,0.8909745,0.2528362,-0.007106104,-0.05784482,0.04029233,-1.907857,-4.257631,-1.696167,76.51046
L,-0.01820742,0.889357,0.247405,0.01502384,-0.1057396,-0.3550538,1.446691,-3.131002,-25.84479,76.52576
L,-0.01735,0.8886351,0.2411195,0.05019374,-0.04226217,-0.367956,2.058861,3.715993,-0.755302,76.54284
L,-0.01661709,0.8883279,0.2371186,0.02712898,-0.01137126,-0.1480955,-0.8537544,1.143444,8.138253,76.56985
L,-0.02086064,0.8873024,0.2170992,-0.1101191,-0.02661138,-0.5194961,-3.561548,-0.3954767,-9.637738,76.60839
L,-0.02880346,0.8860006,0.1876341,-0.3381231,-0.05541572,-1.254321,-9.706056,-1.226191,-31.28126,76.63188
L,-0.0308552,0.8857249,0.1800011,-0.04121468,-0.005538793,-0.1533288,5.964197,1.001911,22.11636,76.68166
L,-0.03895538,0.8922896,0.1707975,-0.4319391,0.3500623,-0.4907763,-20.83525,18.96231,-17.99427,76.70042
L,-0.04533707,0.8956328,0.16567,-0.3539826,0.1854403,-0.2844173,4.324126,-9.131333,11.44642,76.71844
L,-0.0511277,0.8985496,0.1581726,-0.3673714,0.1850496,-0.4756512,-0.8494146,-0.0247837,-12.13233,76.73421
L,-0.05370274,0.8998854,0.154393,-0.05948469,0.03085759,-0.0873106,7.112324,-3.561907,8.970845,76.7775
L,-0.05944121,0.901848,0.15566,-0.2315738,0.07920018,0.05113002,-6.944603,1.95085,5.586727,76.80228
L,-0.06945544,0.9041536,0.1549808,-0.6559647,0.1510261,-0.04448947,-27.79898,4.704828,-6.263388,76.81754
L,-0.07356647,0.9052151,0.1539087,-0.1586693,0.04096732,-0.0413814,19.19361,-4.247827,0.119959,76.84345
L,-0.08292632,0.9028444,0.1379389,-0.3156199,-0.07994195,-0.5385088,-5.29247,-4.077134,-16.76344,76.87311
L,-0.09041119,0.8996579,0.1256454,-0.2905973,-0.1237133,-0.4772909,0.9714911,-1.699409,2.376763,76.89886
L,-0.09912312,0.8931825,0.1099473,-0.201605,-0.1498499,-0.3632738,2.059394,-0.6048332,2.638496,76.94208
L,-0.09122537,0.9058342,0.1361247,0.04100673,0.06569042,0.1359182,1.259689,1.11913,2.591907,77.13467
L,-0.04845618,0.4696417,0.1653983,0.02773564,-0.282869,0.01898379,-0.008606246,-0.2260392,-0.07583144,78.6767
L,-0.05009313,0.6150342,0.1610372,-0.05007202,4.447347,-0.1333982,-2.380025,144.6905,-4.661147,78.7094
L,-0.04557655,0.6017334,0.1616031,0.1617922,-0.4764557,0.02027055,7.589358,-176.3795,5.504693,78.73731
L,-0.04262169,0.5939652,0.1640567,0.1725933,-0.4537412,0.1433162,0.6308925,1.326755,7.187095,78.75443
L,-0.03999619,0.5909033,0.1661734,0.1290322,-0.1504792,0.1040283,-2.140846,14.90407,-1.93084,78.77478
L,-0.03918973,0.5897471,0.1679311,0.02865413,-0.04108286,0.06245182,-3.566483,3.886908,-1.477231,78.80293
L,-0.03975327,0.5890418,0.1693104,-0.03691367,-0.04619956,0.09034447,-4.294904,-0.33516,1.827059,78.81819
L,-0.0399867,0.5887533,0.1700128,-0.001569277,-0.001939,0.004722281,0.2376089,0.2975494,-0.5756102,78.96694
L,-0.04329928,0.5851994,0.1751136,-0.05282717,-0.05667603,0.08134401,-0.8174321,-0.8729155,1.22192,79.02965
L,-0.04271891,0.5833735,0.1715224,0.05129488,-0.1613758,-0.317398,9.202621,-9.253681,-35.24201,79.04096
L,-0.04284367,0.5831131,0.171761,-0.01020788,-0.02130638,0.01952272,-5.032016,11.46016,27.56608,79.05318
L,-0.04293636,0.5828944,0.1719352,-0.002884476,-0.006805333,0.00542071,0.2278949,0.4512537,-0.4388362,79.08532
L,-0.04273771,0.5834854,0.1714824,0.01948958,0.0579739,-0.04442482,2.19507,6.355347,-4.890234,79.09551
L,-0.03899195,0.5916625,0.1638412,0.2957611,0.6456608,-0.6033403,21.81413,46.40319,-44.13143,79.10818
L,-0.03503791,0.6019982,0.1588723,0.2752332,0.7194429,-0.3458743,-1.428905,5.135833,17.92171,79.12254
L,-0.03246877,0.6081257,0.1547037,0.1622075,0.3868768,-0.2631958,-7.136085,-20.99716,5.220054,79.13838
L,-0.02645233,0.5938304,0.1611202,0.5764523,-1.369677,0.6147818,39.68998,-168.3005,84.12155,79.14882
L,-0.02155991,0.5837156,0.1655968,0.3471898,-0.7177983,0.3176837,-16.26957,46.26048,-21.08351,79.16291
L,-0.01755684,0.5765774,0.1686146,0.2807331,-0.5005935,0.2116345,-4.660572,15.23246,-7.437172,79.17717
L,-0.01272305,0.5788076,0.1641294,0.3225943,0.1488353,-0.2993283,2.793701,43.34111,-34.10027,79.19215
L,-0.008756826,0.5800565,0.1609719,0.2625557,0.0826744,-0.2090199,-3.974432,-4.379717,5.978237,79.20726
L,-0.005700903,0.5802191,0.1592392,0.2672087,0.01422302,-0.1515086,0.4068546,-5.985363,5.028769,79.2187
L,-0.002882131,0.5801587,0.1578193,0.2181005,-0.004681043,-0.1098616,-3.799714,-1.462688,3.222406,79.23162
L,-0.0001551455,0.579963,0.1565718,0.1468494,-0.01053757,-0.0671806,-3.836903,-0.3153764,2.298389,79.25019
L,0.002530702,0.5796552,0.1554447,0.2316048,-0.02654194,-0.09718981,7.308598,-1.380082,-2.587742,79.26179
L,0.005238163,0.579284,0.1543608,0.1794097,-0.02459871,-0.07182425,-3.458708,0.128768,1.680847,79.27688
L,0.007989776,0.5788637,0.1533005,0.2456809,-0.03752448,-0.09466669,5.917095,-1.154092,-2.039513,79.28808
L,0.01077383,0.5784076,0.1522522,0.1517933,-0.02486741,-0.05715978,-5.118982,0.6900948,2.044969,79.30642
L,0.01359172,0.5779258,0.151214,0.346805,-0.05929431,-0.1277619,24.00054,-4.236998,-8.689163,79.31454
L,0.01641671,0.5774252,0.1501816,0.1945755,-0.03447681,-0.07111202,-10.48503,1.709342,3.901845,79.32906
L,0.01641671,0.5774252,0.1501816,0,0,0,-13.53684,2.398591,4.947343,79.34344
L,0.01641671,0.5774252,0.1501816,0,0,0,0,0,0,79.35659
L,0.01641671,0.5774252,0.1501816,0,0,0,0,0,0,79.37058
L,0.01641671,0.5774252,0.1501816,0,0,0,0,0,0,79.38472
L,0.01641671,0.5774252,0.1501816,0,0,0,0,0,0,79.40011
L,0.01641671,0.5774252,0.1501816,0,0,0,0,0,0,79.41557
L,0.01641671,0.5774252,0.1501816,0,0,0,0,0,0,79.42536
L,0.01641671,0.5774252,0.1501816,0,0,0,0,0,0,79.44044
L,0.01641671,0.5774252,0.1501816,0,0,0,0,0,0,79.4577
L,0.01641671,0.5774252,0.1501816,0,0,0,0,0,0,79.47202
L,0.01641671,0.5774252,0.1501816,0,0,0,0,0,0,79.48413
L,0.01641671,0.5774252,0.1501816,0,0,0,0,0,0,79.50047
L,0.01641671,0.5774252,0.1501816,0,0,0,0,0,0,79.51112
L,0.01641671,0.5774252,0.1501816,0,0,0,0,0,0,79.52618
L,0.01641671,0.5774252,0.1501816,0,0,0,0,0,0,79.53675
L,0.01641671,0.5774252,0.1501816,0,0,0,0,0,0,79.55329
L,0.01641671,0.5774252,0.1501816,0,0,0,0,0,0,79.56474
L,0.01641671,0.5774252,0.1501816,0,0,0,0,0,0,79.57813
L,0.01641671,0.5774252,0.1501816,0,0,0,0,0,0,79.59213
L,0.01641671,0.5774252,0.1501816,0,0,0,0,0,0,79.60657
L,0.01641671,0.5774252,0.1501816,0,0,0,0,0,0,79.6201
L,0.01641671,0.5774252,0.1501816,0,0,0,0,0,0,79.63326
L,0.01641671,0.5774252,0.1501816,0,0,0,0,0,0,79.64898
L,0.01641671,0.5774252,0.1501816,0,0,0,0,0,0,79.66272
L,0.01641671,0.5774252,0.1501816,0,0,0,0,0,0,79.67972
L,0.01641671,0.5774252,0.1501816,0,0,0,0,0,0,79.68922
L,0.01641671,0.5774252,0.1501816,0,0,0,0,0,0,79.70533
L,0.01641671,0.5774252,0.1501816,0,0,0,0,0,0,79.72032
L,0.01641671,0.5774252,0.1501816,0,0,0,0,0,0,79.73309
L,0.01641671,0.5774252,0.1501816,0,0,0,0,0,0,79.74442
L,0.01641671,0.5774252,0.1501816,0,0,0,0,0,0,79.75942
L,0.01641671,0.5774252,0.1501816,0,0,0,0,0,0,79.77505
L,0.01641671,0.5774252,0.1501816,0,0,0,0,0,0,79.7887
L,0.01641671,0.5774252,0.1501816,0,0,0,0,0,0,79.80347
L,0.01641671,0.5774252,0.1501816,0,0,0,0,0,0,79.81453
L,0.01641671,0.5774252,0.1501816,0,0,0,0,0,0,79.82835
L,0.01641671,0.5774252,0.1501816,0,0,0,0,0,0,79.84183
L,0.01641671,0.5774252,0.1501816,0,0,0,0,0,0,79.85836
L,0.01641671,0.5774252,0.1501816,0,0,0,0,0,0,79.87146
L,0.01641671,0.5774252,0.1501816,0,0,0,0,0,0,79.88512
L,0.01641671,0.5774252,0.1501816,0,0,0,0,0,0,79.89701
L,0.01641671,0.5774252,0.1501816,0,0,0,0,0,0,79.91101
L,0.01641671,0.5774252,0.1501816,0,0,0,0,0,0,79.92496
L,0.01641671,0.5774252,0.1501816,0,0,0,0,0,0,79.94069
L,0.01641671,0.5774252,0.1501816,0,0,0,0,0,0,79.95444
L,0.01641671,0.5774252,0.1501816,0,0,0,0,0,0,79.96589
L,0.01641671,0.5774252,0.1501816,0,0,0,0,0,0,79.98034
L,0.01641671,0.5774252,0.1501816,0,0,0,0,0,0,79.99543
L,0.01641671,0.5774252,0.1501816,0,0,0,0,0,0,80.0076
L,0.01641671,0.5774252,0.1501816,0,0,0,0,0,0,80.02162
L,0.01641671,0.5774252,0.1501816,0,0,0,0,0,0,80.03513
L,0.01641671,0.5774252,0.1501816,0,0,0,0,0,0,80.04886
L,0.01641671,0.5774252,0.1501816,0,0,0,0,0,0,80.06326
L,0.01641671,0.5774252,0.1501816,0,0,0,0,0,0,80.07861
L,0.01641671,0.5774252,0.1501816,0,0,0,0,0,0,80.09116
L,0.01641671,0.5774252,0.1501816,0,0,0,0,0,0,80.10497
L,0.01641671,0.5774252,0.1501816,0,0,0,0,0,0,80.11859
L,0.01641671,0.5774252,0.1501816,0,0,0,0,0,0,80.13348
L,0.01641671,0.5774252,0.1501816,0,0,0,0,0,0,80.14655
L,0.01641671,0.5774252,0.1501816,0,0,0,0,0,0,80.16153
L,0.01641671,0.5774252,0.1501816,0,0,0,0,0,0,80.17501
L,0.01641671,0.5774252,0.1501816,0,0,0,0,0,0,80.1879
L,0.01641671,0.5774252,0.1501816,0,0,0,0,0,0,80.20161
L,0.01641671,0.5774252,0.1501816,0,0,0,0,0,0,80.21571
L,0.01641671,0.5774252,0.1501816,0,0,0,0,0,0,80.22932
L,0.01641671,0.5774252,0.1501816,0,0,0,0,0,0,80.2448
L,0.01641671,0.5774252,0.1501816,0,0,0,0,0,0,80.25761
L,0.01641671,0.5774252,0.1501816,0,0,0,0,0,0,80.2723
L,0.01641671,0.5774252,0.1501816,0,0,0,0,0,0,80.28527
L,0.01641671,0.5774252,0.1501816,0,0,0,0,0,0,80.2991
L,0.01641671,0.5774252,0.1501816,0,0,0,0,0,0,80.31309
L,0.01641671,0.5774252,0.1501816,0,0,0,0,0,0,80.32684
L,0.01641671,0.5774252,0.1501816,0,0,0,0,0,0,80.34076
L,0.01641671,0.5774252,0.1501816,0,0,0,0,0,0,80.35617
L,0.01641671,0.5774252,0.1501816,0,0,0,0,0,0,80.36898
L,0.01641671,0.5774252,0.1501816,0,0,0,0,0,0,80.3831
L,0.01641671,0.5774252,0.1501816,0,0,0,0,0,0,80.39685
L,0.01641671,0.5774252,0.1501816,0,0,0,0,0,0,80.41178
L,0.01641671,0.5774252,0.1501816,0,0,0,0,0,0,80.42487
L,0.01641671,0.5774252,0.1501816,0,0,0,0,0,0,80.43945
L,0.01641671,0.5774252,0.1501816,0,0,0,0,0,0,80.4531
L,0.01641671,0.5774252,0.1501816,0,0,0,0,0,0,80.46738
L,0.01641671,0.5774252,0.1501816,0,0,0,0,0,0,80.4816
L,0.01641671,0.5774252,0.1501816,0,0,0,0,0,0,80.49553
L,0.01641671,0.5774252,0.1501816,0,0,0,0,0,0,80.50742
L,-0.07846648,0.8808129,0.1976493,-6.063642,19.38841,3.033492,-387.5054,1239.043,193.8595,80.52307
L,-0.07846648,0.8808129,0.1976493,0,0,0,476.483,-1523.548,-238.3728,80.5358
L,-0.05812258,0.9147788,0.233654,1.502262,2.508151,2.658705,110.9321,185.2104,196.3278,80.54934
L,-0.04270619,0.9408607,0.2613488,1.051878,1.779599,1.889652,-30.73023,-49.70996,-52.47335,80.564
L,-0.03593567,0.9550038,0.2980679,0.4326793,0.903835,2.346582,-39.57074,-55.9669,29.20076,80.57964
L,-0.03021275,0.9666361,0.3273235,0.4361132,0.8864326,2.229413,0.2616802,-1.326145,-8.928852,80.59277
L,-0.02501861,0.9657221,0.3521695,0.4126095,-0.07259943,1.97371,-1.867081,-76.18317,-20.31243,80.60535
L,-0.02014453,0.9667767,0.3734883,0.356903,0.07722154,1.56106,-4.079081,10.97058,-30.21612,80.61901
L,-0.01546601,0.9692017,0.3926085,0.3360122,0.174161,1.373215,-1.50039,6.962215,-13.49107,80.63293
L,-0.01091362,0.9724818,0.4103071,0.3239367,0.233408,1.259386,-0.8592584,4.215866,-8.099764,80.64699
L,-0.01375989,0.9620205,0.4118863,-0.2007894,-0.7379911,0.1114059,-37.01663,-68.52703,-80.98388,80.66116
L,-0.01975102,0.944718,0.413638,-0.4083566,-1.179342,0.1193956,-14.14782,-30.08256,0.544575,80.67583
L,-0.02308806,0.9334747,0.4186537,-0.2260423,-0.7615956,0.3397529,12.34951,28.29709,14.92645,80.6906
L,-0.03005719,0.9272482,0.4041996,-0.5916179,-0.5285683,-1.227028,-31.03415,19.78197,-133.0059,80.70238
L,-0.03461163,0.9227052,0.3968555,-0.2771403,-0.2764443,-0.4468902,19.13612,15.34188,47.47178,80.71881
L,-0.03767588,0.9192598,0.3937327,-0.2739674,-0.3080502,-0.279209,0.2836801,-2.82582,14.99203,80.73
L,-0.03480099,0.9190899,0.3669215,0.2031358,-0.01200724,-1.894441,33.71152,20.91803,-114.1303,80.74415
L,-0.03266206,0.9186496,0.3506247,0.1495221,-0.03077917,-1.139235,-3.747866,-1.312253,52.79268,80.75845
L,-0.03235702,0.9090244,0.3245062,0.02183639,-0.689019,-1.869686,-9.140375,-47.12004,-52.28923,80.77242
L,-0.03202204,0.9017358,0.3063242,0.02356776,-0.512786,-1.279206,0.1218115,12.39893,41.54342,80.78664
L,-0.03165583,0.8958378,0.2920881,0.02696574,-0.4343092,-1.048284,0.2502137,5.778715,17.00414,80.80022
L,-0.03442304,0.8849258,0.2469994,-0.1955276,-0.7710243,-3.185916,-15.7211,-23.79187,-151.0424,80.81437
L,-0.0363328,0.8762541,0.2178143,-0.1386021,-0.6293561,-2.118127,4.131412,10.28169,77.49571,80.82815
L,-0.03769824,0.8688771,0.1927556,-0.08072674,-0.4361398,-1.481506,3.42167,11.42321,37.63792,80.84506
L,-0.04051942,0.8598908,0.1701151,-0.2534461,-0.8073059,-2.033953,-15.51656,-33.34441,-49.63012,80.85619
L,-0.0426358,0.8521176,0.1500399,-0.1276569,-0.468865,-1.210907,7.587409,20.41423,49.64484,80.87277
L,-0.04897047,0.8474891,0.1267406,-0.5228573,-0.3820352,-1.923097,-32.61946,7.166852,-58.78352,80.88489
L,-0.05375082,0.8426187,0.1056128,-0.3336373,-0.3399186,-1.47458,13.20631,2.939457,31.30354,80.89922
L,-0.05787268,0.8367072,0.09363419,-0.3343188,-0.4794777,-0.9715745,-0.05528214,-11.31948,40.79825,80.91154
L,-0.06131683,0.8309594,0.08001244,-0.1999259,-0.333647,-0.7907129,7.801221,8.465152,10.49863,80.92877
L,-0.06591848,0.8322078,0.07545691,-0.3425023,0.09292039,-0.3390701,-10.61202,31.7496,33.61597,80.94221
L,-0.06983887,0.8317214,0.06780136,-0.3162181,-0.03923077,-0.6174946,2.12007,-10.65927,-22.45763,80.95461
L,-0.07333202,0.8301279,0.05832226,-0.2643496,-0.1205931,-0.7173466,3.925238,-6.157228,-7.556469,80.96782
L,-0.07883951,0.8338571,0.0701659,-0.3955495,0.2678296,0.8506138,-9.422814,27.89663,112.6113,80.98174
L,-0.08414313,0.8359896,0.07674973,-0.3285238,0.1320962,0.4078238,4.151797,-8.407773,-27.42787,80.99789
L,-0.08970646,0.8498315,0.09323586,-0.4907108,1.220916,1.454152,-14.30564,96.03889,92.29095,81.00922
L,-0.09462649,0.8595697,0.1032982,-0.3645438,0.7215455,0.7455588,9.348202,-37.00028,-52.5024,81.02272
L,-0.0991328,0.8665127,0.1090268,-0.3100532,0.4777026,0.394154,3.74918,-16.77742,-24.17813,81.03725
L,-0.1049373,0.8838904,0.1219793,-0.4423311,1.324264,0.9870372,-10.08019,64.51192,45.18047,81.05038
L,-0.1101544,0.8972099,0.1307977,-0.3567117,0.9107003,0.6029456,5.854097,-28.27681,-26.26169,81.065
L,-0.1124888,0.9114021,0.1575326,-0.1352036,0.8220076,1.548475,12.82966,-5.137045,54.76467,81.08227
L,-0.1152822,0.9229338,0.1777519,-0.2265722,0.9353197,1.63996,-7.410803,9.190619,7.42026,81.0946
L,-0.1104612,0.9375209,0.2033356,0.4226752,1.278909,2.24302,56.92184,30.12369,52.87239,81.106
L,-0.1078197,0.9499029,0.223734,0.1539456,0.7216228,1.188819,-15.66159,-32.4787,-61.43895,81.12316
L,-0.106622,0.9608003,0.2405525,0.08740452,0.795296,1.227415,-4.856165,5.376662,2.816728,81.13686
L,-0.09677313,0.9723908,0.2680079,0.7449036,0.8766229,2.076531,49.72863,6.151002,64.22122,81.15009
L,-0.08988957,0.982991,0.2910759,0.4643547,0.715075,1.556135,-18.92543,-10.89779,-35.10519,81.16491
L,-0.08127763,0.991939,0.3151809,0.7212678,0.7494109,2.018845,21.51701,2.875709,38.75291,81.17685
L,-0.07481569,1.000739,0.3364371,0.4988101,0.6792964,1.640809,-17.17196,-5.412277,-29.18134,81.1898
L,-0.069795,1.009439,0.3556053,0.3063651,0.5309008,1.169651,-11.74308,-9.055171,-28.7503,81.20619
L,-0.06033888,1.004827,0.3822391,0.7693555,-0.3752522,2.166948,37.6692,-73.7252,81.14072,81.21848
L,-0.05277613,1.00371,0.4060632,0.5872424,-0.08676133,1.849922,-14.14095,22.40111,-24.61684,81.23136
L,-0.0535244,0.9921434,0.4075683,-0.05261676,-0.8133299,0.1058334,-44.99336,-51.09055,-122.6401,81.24558
L,-0.05326248,0.9855767,0.412735,0.01859754,-0.4662573,0.366851,5.056447,24.64328,18.5331,81.25967
L,-0.05228944,0.98194,0.4206254,0.07225954,-0.2700646,0.5859574,3.985034,14.56961,16.27122,81.27313
L,-0.05836327,0.9627448,0.4207352,-0.361703,-1.143095,0.006538221,-25.84295,-51.98996,-34.50506,81.28992
L,-0.06208565,0.9500914,0.4244013,-0.2998773,-1.01937,0.2953432,4.980714,9.967358,23.26629,81.30234
L,-0.06767696,0.942371,0.4134619,-0.3617297,-0.4994717,-0.7077215,-4.001535,33.63483,-64.89323,81.31779
L,-0.07143386,0.9364768,0.4087112,-0.3004422,-0.4713621,-0.3799216,4.9012,2.247946,26.21439,81.3303
L,-0.0672477,0.9321415,0.3906883,0.3092945,-0.3203125,-1.331622,45.0504,11.1603,-70.31637,81.34383
L,-0.06412431,0.928404,0.3800951,0.2444117,-0.2924627,-0.8289343,-5.077204,2.179303,39.33627,81.35661
L,-0.06172566,0.9250328,0.37348,0.1720829,-0.2418582,-0.4745784,-5.188988,3.630446,25.42208,81.37055
L,-0.0538808,0.9138028,0.3517126,0.5466461,-0.7825292,-1.516802,26.10034,-37.67508,-72.62434,81.3849
L,-0.04782269,0.9050387,0.3371153,0.4367705,-0.6318671,-1.052416,-7.921675,10.86226,33.48075,81.39877
L,-0.04762199,0.8891498,0.2957648,0.01477874,-1.169992,-3.044882,-31.07377,-39.62535,-146.7171,81.41235
L,-0.04697995,0.8767172,0.2689291,0.03960202,-0.7668566,-1.65525,1.531124,24.86578,85.71383,81.42857
L,-0.05150628,0.867893,0.2345646,-0.3707974,-0.7228711,-2.815138,-33.61992,3.603296,-95.01802,81.44077
L,-0.05438493,0.8597519,0.2079096,-0.1615197,-0.4567938,-1.495604,11.74249,14.92949,74.03851,81.4586
L,-0.05622481,0.8521202,0.1857248,-0.1885514,-0.7820991,-2.273505,-2.770208,-33.33731,-79.71934,81.46835
L,-0.06069094,0.8416591,0.1692825,-0.3001973,-0.7031611,-1.105186,-7.504437,5.30593,78.53017,81.48323
L,-0.06386629,0.8322698,0.1532065,-0.2484774,-0.7347295,-1.257985,4.047179,-2.470289,-11.9568,81.49601
L,-0.06658179,0.8296643,0.1364348,-0.1656239,-0.1589111,-1.022936,5.053411,35.12037,14.33614,81.51241
L,-0.0687076,0.8257678,0.1203151,-0.1926928,-0.353205,-1.461165,-2.453648,-17.61168,-39.72308,81.52344
L,-0.07046825,0.821088,0.1043641,-0.1213948,-0.3226674,-1.099808,4.915925,2.105536,24.91518,81.53794
L,-0.07294492,0.817263,0.1045185,-0.1681114,-0.2596291,0.01048427,-3.171018,4.278899,75.36419,81.55267
L,-0.07502437,0.8127694,0.100281,-0.1596705,-0.3450406,-0.3253812,0.6481286,-6.558328,-25.78944,81.5657
L,-0.07753012,0.8134301,0.1041754,-0.158205,0.04171559,0.2458816,0.09252977,24.41855,36.06771,81.58154
L,-0.07983489,0.8129744,0.1052693,-0.2064872,-0.04083006,0.09800736,-4.325666,-7.395368,-13.24824,81.5927
L,-0.08220728,0.811582,0.104194,-0.1458509,-0.08560038,-0.06611127,3.727827,-2.752409,-10.08975,81.60896
L,-0.08644933,0.8145727,0.111315,-0.3323447,0.2343049,0.5578968,-14.61095,25.06314,48.88821,81.62173
L,-0.09007081,0.8158089,0.1146585,-0.2651815,0.09052025,0.2448302,4.918002,-10.52857,-22.92417,81.63538
L,-0.09271166,0.8244703,0.1250204,-0.2051823,0.6729494,0.8050707,4.661651,45.25201,43.52806,81.64825
L,-0.08887164,0.8293233,0.1352594,0.2664475,0.3367357,0.7104567,32.72497,-23.32885,-6.564977,81.66267
L,-0.09632202,0.8391696,0.1451793,-0.5437284,0.7185804,0.7239493,-59.1266,27.86701,0.9846839,81.67637
L,-0.1020359,0.8461587,0.151761,-0.4214579,0.5155239,0.4854708,9.018703,-14.9775,-17.59023,81.68993
L,-0.1067242,0.8513034,0.1562569,-0.3188885,0.3499327,0.3058044,6.976637,-11.2633,-12.22067,81.70463
L,-0.1064186,0.8650055,0.1662073,0.02168741,0.9723665,0.7061239,24.1689,44.17089,28.4086,81.71872
L,-0.1068701,0.8755651,0.1736344,-0.03510644,0.8209195,0.5773998,-4.415233,-11.7737,-10.0072,81.73158
L,-0.1031335,0.8855592,0.1943506,0.2631734,0.7038932,1.45906,21.00813,-8.242271,62.09616,81.74578
L,-0.1009042,0.8938062,0.210485,0.1345327,0.4976764,0.9736472,-7.762978,-12.44441,-29.29283,81.76235
L,-0.0877142,0.9053257,0.2260996,1.103277,0.96355,1.306085,81.03079,38.96808,27.8068,81.77431
L,-0.07806367,0.9150566,0.2389339,0.7035117,0.7093732,0.9356055,-29.1424,-18.52917,-27.00748,81.78802
L,-0.07080717,0.9236357,0.2500643,0.4671537,0.5522931,0.7165436,-15.21607,-10.11238,-14.10259,81.80356
L,-0.05609447,0.9273002,0.2777182,1.283049,0.3195744,2.411617,71.15173,-20.29468,147.8221,81.81503
L,-0.04454793,0.9315576,0.300471,0.7179451,0.264717,1.414733,-35.13725,-3.410942,-61.98459,81.83111
L,-0.03403287,0.9304705,0.3277407,0.776905,-0.08031814,2.014821,4.356253,-25.49292,44.33751,81.84464
L,-0.02517344,0.9311484,0.3508185,0.7106632,0.05437672,1.85119,-5.313614,10.80461,-13.12578,81.85711
L,-0.01732424,0.9329729,0.3711613,0.5773346,0.1341979,1.496282,-9.806757,5.87111,-26.10461,81.8707
L,-0.02228473,0.9232565,0.3820338,-0.3365333,-0.6591898,0.7376201,-61.99922,-53.82552,-51.46965,81.88544
L,-0.02439137,0.9174094,0.393678,-0.1540854,-0.427669,0.8516911,13.34476,16.9341,8.34348,81.89912
L,-0.03075465,0.9044312,0.3957619,-0.3947218,-0.8050535,0.1292667,-14.92697,-23.40963,-44.81288,81.91524
L,-0.0342908,0.8956583,0.4008841,-0.2487874,-0.6172211,0.3603751,10.26726,13.21502,16.25971,81.92945
L,-0.03609977,0.8892882,0.4080516,-0.1735765,-0.611228,0.6877431,7.216727,0.575048,31.41198,81.93987
L,-0.03877773,0.8817062,0.4016519,-0.1964213,-0.5561258,-0.4693992,-1.675612,4.041611,-84.8735,81.95351
L,-0.04024317,0.8759025,0.4001166,-0.09880562,-0.3913082,-0.1035217,6.581627,11.11264,24.66888,81.96834
L,-0.03661988,0.883471,0.3698269,0.2245445,0.4690381,-1.877128,20.03884,53.31788,-109.9149,81.98447
L,-0.0336615,0.8884727,0.3518139,0.24651,0.4167743,-1.500951,1.830302,-4.354945,31.34534,81.99648
L,-0.0311612,0.8917394,0.3394882,0.1629637,0.2129188,-0.8033608,-5.445343,-13.2868,45.46721,82.01182
L,-0.03071521,0.8818061,0.3007776,0.03825658,-0.852084,-3.320596,-10.69739,-91.35605,-215.9287,82.02348
L,-0.02997075,0.8746024,0.2752365,0.04686749,-0.453504,-1.607942,0.5420986,25.09255,107.8199,82.03936
L,-0.03448861,0.8637792,0.2280859,-0.3803239,-0.9111272,-3.969245,-35.962,-38.52382,-198.7802,82.05124
L,-0.03739586,0.855502,0.195695,-0.1727376,-0.4917979,-1.924544,12.33398,24.91492,121.4882,82.06807
L,-0.032839,0.8445725,0.1674251,0.3992492,-0.95759,-2.476865,50.11461,-40.81036,-48.39159,82.07948
L,-0.02932324,0.8358132,0.1434253,0.2550179,-0.6353633,-1.740843,-10.46192,23.37294,53.38789,82.09327
L,-0.02651949,0.8283197,0.1219888,0.190806,-0.5099624,-1.458837,-4.369874,8.534037,19.1916,82.10796
L,-0.03088121,0.8304239,0.1149027,-0.2897615,0.1397895,-0.4707511,-31.92547,43.16487,65.64138,82.12302
L,-0.03368522,0.8306185,0.1050211,-0.2360481,0.01638267,-0.831855,4.521727,-10.38868,-30.39859,82.1349
L,-0.03578085,0.837835,0.126293,-0.152176,0.5240348,1.544681,6.090457,36.8637,172.5747,82.14867
L,-0.0373913,0.8429346,0.140793,-0.1060201,0.3357178,0.9545661,3.038552,-12.39733,-38.84856,82.16386
L,-0.03851134,0.8459229,0.1483874,-0.07722498,0.2060429,0.5236245,1.985391,-8.940951,-29.71298,82.17836
L,-0.04787695,0.8595045,0.1774192,-0.6515763,0.9448813,2.01978,-39.95827,51.40182,104.0892,82.19273
L,-0.0546085,0.8692442,0.1976185,-0.5766783,0.8343801,1.730433,6.41636,-9.466412,-24.78779,82.20441
L,-0.0585795,0.8834651,0.2375439,-0.2491557,0.8922743,2.505074,20.55005,3.632506,48.604,82.22034
L,-0.06188926,0.8943514,0.2679447,-0.2474717,0.8139752,2.27307,0.1259158,-5.854433,-17.34698,82.23372
L,-0.06348097,0.897695,0.3057795,-0.1260595,0.2648036,2.996422,9.615554,-43.49306,57.28773,82.24635
L,-0.06516797,0.9009042,0.3357671,-0.1108918,0.2109493,1.971185,0.9970223,-3.54002,-67.39209,82.26156
L,-0.06691708,0.9041281,0.3603081,-0.1484843,0.2736804,2.083314,-3.191276,5.325321,9.518752,82.27334
L,-0.07266433,0.9001638,0.3741206,-0.3683632,-0.2540839,0.8852957,-14.09289,-33.82647,-76.78565,82.28894
L,-0.07732266,0.8981636,0.387569,-0.3218646,-0.1382034,0.9292077,3.212791,8.006688,3.034075,82.30341
L,-0.0780672,0.8978764,0.3724948,-0.06227689,-0.02402082,-1.260886,21.71326,9.550823,-183.1908,82.31537
L,-0.07975473,0.8980626,0.3551398,-0.1039415,0.01146543,-1.06896,-2.566289,2.18574,11.82152,82.3316
L,-0.07691175,0.9059118,0.3071737,0.248921,0.6872495,-4.19974,30.89539,59.16925,-274.12,82.34303
L,-0.07538298,0.9122161,0.2780571,0.1111981,0.458553,-2.117855,-10.01755,-16.63469,151.43,82.35677
L,-0.07471158,0.9174838,0.2576135,0.04843202,0.3799962,-1.474727,-4.527722,-5.66681,46.39303,82.37064
L,-0.07291535,0.9152163,0.2294266,0.1263071,-0.1594437,-1.982039,5.475991,-37.93212,-35.67302,82.38486
L,-0.07188713,0.9143645,0.20884,0.07249624,-0.06006254,-1.451492,-3.794031,7.007043,37.40714,82.39904
L,-0.06733077,0.904246,0.1698,0.3426339,-0.7609007,-2.935773,20.31411,-52.70239,-111.6166,82.41234
L,-0.06411031,0.8975476,0.1419392,0.1583317,-0.3293206,-1.369756,-9.061089,21.21833,76.99213,82.43268
L,-0.06177226,0.8928875,0.1182265,0.2341117,-0.4666253,-2.374382,7.587953,-13.74851,-100.5946,82.44267
L,-0.06338221,0.8844981,0.1190429,-0.13398,-0.6981647,0.06793589,-30.63271,-19.26879,203.2505,82.45468
L,-0.06441729,0.8783183,0.1151966,-0.07639072,-0.4560811,-0.2838635,4.250195,17.86621,-25.96343,82.46823
L,-0.06593582,0.8810596,0.1235086,-0.09709127,0.1752744,0.5314482,-1.323543,40.36733,52.12904,82.48387
L,-0.06844557,0.885248,0.1344696,-0.1967452,0.3283353,0.8592629,-7.812106,11.9988,25.69816,82.49663
L,-0.07025353,0.887953,0.1398261,-0.1390685,0.208072,0.4120246,4.436507,-9.250671,-34.40166,82.50963
L,-0.07710789,0.8968023,0.1635781,-0.4544335,0.5866923,1.574716,-20.90821,25.10193,77.08459,82.52471
L,-0.08213052,0.9032291,0.1797229,-0.3603318,0.4610701,1.158259,6.751013,-9.012345,-29.87732,82.53865
L,-0.08949469,0.9118319,0.2205461,-0.5150674,0.6017001,2.855272,-10.82258,9.835996,118.6931,82.55295
L,-0.09519006,0.9184544,0.2512216,-0.3912494,0.4549389,2.10728,8.505802,-10.08191,-51.38403,82.5675
L,-0.09891889,0.9104657,0.2897301,-0.3260475,-0.6985334,3.367169,5.701236,-100.8592,110.1642,82.57894
L,-0.102283,0.9052182,0.3200079,-0.2037608,-0.3178359,1.833905,7.406816,23.05859,-92.86876,82.59545
L,-0.1054105,0.9017111,0.3446972,-0.2010473,-0.2254437,1.587093,0.1744306,5.939201,-15.8657,82.61101
L,-0.1046276,0.9004677,0.3403429,0.06527749,-0.1036747,-0.3630576,22.20593,10.153,-162.6019,82.623
L,-0.1047758,0.8995702,0.3402924,-0.01095987,-0.0663842,-0.003738713,-5.639156,2.758315,26.57824,82.63652
L,-0.1002232,0.9024944,0.3061103,0.3341079,0.2145988,-2.508576,25.32404,20.62094,-183.8264,82.65015
L,-0.09741626,0.904606,0.2866864,0.216548,0.1629083,-1.498485,-9.069345,-3.987741,77.92505,82.66311
L,-0.09576323,0.906176,0.2733892,0.130916,0.1243344,-1.053104,-6.781846,-3.054962,35.2731,82.67574
L,-0.08905905,0.9071969,0.2251147,0.431596,0.06572323,-3.107776,19.35694,-3.773224,-132.2741,82.69127
L,-0.08429632,0.9080669,0.1987971,0.3604282,0.0658379,-1.99163,-5.38574,0.008677987,84.46618,82.70448
L,-0.07267176,0.8928794,0.1656643,0.8249347,-1.077774,-2.351263,32.96361,-81.15619,-25.52128,82.71857
L,-0.06388742,0.8823216,0.1417686,0.5953366,-0.7155305,-1.619472,-15.56044,24.55014,49.59533,82.73333
L,-0.05898905,0.8785056,0.1223032,0.3416916,-0.2661905,-1.35783,-17.69332,31.34427,18.25113,82.74767
L,-0.05483342,0.875139,0.1050875,0.3419256,-0.2770029,-1.416515,0.01925171,-0.8896466,-4.828586,82.75982
L,-0.0510973,0.872097,0.08942766,0.2798287,-0.2278393,-1.172891,-4.650953,3.68227,18.24703,82.77317
L,-0.05550202,0.8742062,0.09902916,-0.2858099,0.1368618,0.6230135,-36.70266,23.66441,116.5311,82.78858
L,-0.05598437,0.8744072,0.09990673,-0.03437856,0.01432504,0.06254726,17.92039,-8.733629,-39.9464,82.80261
L,-0.06694245,0.8804905,0.130851,-0.8498804,0.4718057,2.399955,-63.2482,35.48101,181.2833,82.81551
L,-0.07425446,0.8845281,0.1520049,-0.5111464,0.2822458,1.478766,23.67923,-13.25119,-64.39581,82.82981
L,-0.07940397,0.887202,0.1659715,-0.3789764,0.196782,1.027865,9.726995,-6.289678,-33.18388,82.8434
L,-0.08699458,0.8947936,0.2023901,-0.5141685,0.5142361,2.466904,-9.157568,21.50354,97.47688,82.85816
L,-0.09264327,0.9003705,0.2298978,-0.401728,0.3966275,1.956319,7.996634,-8.364188,-36.31219,82.87222
L,-0.09646361,0.9014338,0.2583945,-0.2806834,0.07812062,2.093679,8.89325,-23.40097,10.09195,82.88583
L,-0.09974381,0.9024763,0.2808877,-0.2574505,0.08181605,1.765405,1.823463,0.2900408,-25.76497,82.89857
L,-0.1026848,0.9035467,0.2993661,-0.1980876,0.07209902,1.244604,3.998363,-0.6544871,-35.07832,82.91342
L,-0.1070674,0.8955308,0.3095871,-0.3314705,-0.6062644,0.7730453,-10.08815,-51.30667,-35.66543,82.92664
L,-0.1108591,0.8900937,0.3196583,-0.2572418,-0.3688697,0.6832581,5.035874,16.10549,-6.091401,82.94138
L,-0.1129465,0.890171,0.3028623,-0.1517452,0.005619974,-1.221014,7.669244,27.22413,-138.4341,82.95514
L,-0.1156562,0.8901762,0.2898409,-0.2079381,0.0003979435,-0.9992658,-4.312239,-0.4007389,17.01697,82.96817
L,-0.1097041,0.8919872,0.256875,0.4088793,0.1244104,-2.264624,42.37289,8.51916,-86.92505,82.98273
L,-0.1059538,0.893265,0.2368491,0.257769,0.0878261,-1.376423,-10.38612,-2.514512,61.04788,82.99728
L,-0.1036801,0.8941935,0.2222168,0.1841895,0.07521825,-1.185345,-5.960576,-1.021346,15.47892,83.00962
L,-0.09597689,0.8900363,0.2013357,0.5099367,-0.2751973,-1.382283,21.56381,-23.1968,-13.03686,83.02473
L,-0.09048061,0.8870899,0.1862212,0.4083947,-0.2189316,-1.123067,-7.544969,4.180759,19.26074,83.03819
L,-0.08288583,0.8795899,0.1708255,0.5737538,-0.5665931,-1.163084,12.49219,-26.26438,-3.023154,83.05142
L,-0.0771201,0.8740649,0.1583942,0.4150063,-0.3976824,-0.8947747,-11.42633,12.15786,19.31239,83.06532
L,-0.07256723,0.869723,0.1476313,0.2923826,-0.2788309,-0.6911929,-7.874834,7.632588,13.07393,83.08089
L,-0.07150042,0.8621746,0.1432343,0.07489508,-0.5299361,-0.3086858,-15.26863,-17.62874,26.85376,83.09513
L,-0.07016636,0.856211,0.137951,0.1018983,-0.4555106,-0.4035536,2.062565,5.684784,-7.246221,83.10822
L,-0.07455056,0.8488677,0.1428364,-0.3027637,-0.5071127,0.3373751,-27.94513,-3.563535,51.16702,83.1227
L,-0.07718968,0.8427978,0.1445588,-0.2246201,-0.5166193,0.1466036,6.650929,-0.8091214,-16.23688,83.13445
L,-0.07873264,0.8374957,0.1442123,-0.1103921,-0.3793455,-0.02479573,8.172545,9.821374,-12.26291,83.14843
L,-0.08235515,0.8348445,0.152727,-0.2338963,-0.1711784,0.549772,-7.97436,13.44082,37.09839,83.16392
L,-0.08477576,0.8318748,0.157763,-0.1793524,-0.2200396,0.3731385,4.041369,-3.620311,-13.08745,83.17741
L,-0.08801523,0.8346887,0.1602474,-0.2303872,0.2001238,0.1766916,-3.62953,29.88152,-13.97108,83.19147
L,-0.09015587,0.8358514,0.1613702,-0.1618098,0.08788387,0.08486857,5.183723,-8.484146,-6.940845,83.2047
L,-0.09056022,0.8373138,0.1616129,-0.02627616,0.09503207,0.01577412,8.807467,0.4645165,-4.490009,83.22009
L,-0.09086774,0.8379992,0.1615819,-0.02637933,0.05879826,-0.002665095,-0.008849618,-3.10814,-1.581718,83.23175
L,-0.09109707,0.8382741,0.1614489,-0.01392246,0.01668524,-0.008075751,0.7562514,-2.556664,-0.3284787,83.24822
L,-0.09085731,0.8391809,0.1608112,0.019507,0.07378472,-0.05188329,2.719843,4.645651,-3.56421,83.26051
L,-0.09061299,0.8400511,0.1599095,0.01846852,0.06577098,-0.06815775,-0.07849825,-0.6057543,-1.230177,83.27374
L,-0.08908232,0.8430793,0.1584001,0.09468002,0.1873157,-0.09336564,4.714108,7.518218,-1.559249,83.28991
L,-0.08775841,0.8455375,0.1568369,0.1048509,0.1946799,-0.1237951,0.805513,0.5832338,-2.409939,83.30254
L,-0.08600221,0.8487967,0.1551675,0.1335975,0.2479324,-0.1269951,2.186806,4.051018,-0.2434293,83.31568
L,-0.0846599,0.8511512,0.1536682,0.09567073,0.1678137,-0.1068632,-2.703174,-5.710341,1.434867,83.32971
L,-0.08364069,0.8528251,0.1523467,0.07071988,0.1161494,-0.09169451,-1.731264,-3.584828,1.052512,83.34412
L,-0.08281686,0.8534218,0.1526659,0.05618181,0.04069247,0.02176688,-0.9914322,-5.145834,7.737571,83.35879
L,-0.08217145,0.8538696,0.1527804,0.05020516,0.03482938,0.008910191,-0.464909,-0.4560758,-1.00009,83.37164
L,-0.08212245,0.8539339,0.1528603,0.003198631,0.004201942,0.005216439,-3.068347,-1.999203,-0.2411093,83.38696
L,-0.08206914,0.8539951,0.1528932,0.004122304,0.004728982,0.002541943,0.07142631,0.04075528,-0.206815,83.39989
L,-0.08200073,0.8540647,0.1528925,0.004686785,0.004769995,-4.798582E-05,0.03867628,0.002810042,-0.1774528,83.41449
L,-0.08211229,0.8543124,0.1529721,-0.007994571,0.01775219,0.005703467,-0.9087866,0.9303455,0.4121675,83.42844
L,-0.08224744,0.8546435,0.1530415,-0.01061405,0.02599798,0.005452133,-0.205716,0.6475688,-0.01973809,83.44118
L,-0.0831678,0.8548499,0.1532752,-0.06464781,0.01450295,0.01641525,-3.795452,-0.8074366,0.7700739,83.45541
L,-0.08434615,0.8551195,0.153516,-0.07812303,0.01786956,0.01596583,-0.8933858,0.2232013,-0.02979565,83.4705
L,-0.08579765,0.8550404,0.1534209,-0.1163615,-0.006340787,-0.007624952,-3.065436,-1.940856,-1.891188,83.48297
L,-0.08717339,0.854965,0.1532672,-0.08809052,-0.004824133,-0.009843864,1.810224,0.09711331,-0.1420798,83.49859
L,-0.08840666,0.8548995,0.1530751,-0.09832511,-0.00522259,-0.01531492,-0.8159786,-0.03176798,-0.4361938,83.51113
L,-0.08871594,0.8544971,0.1526403,-0.02398703,-0.03121302,-0.03372319,5.765468,-2.01575,-1.427697,83.52402
L,-0.08900027,0.8541371,0.1522218,-0.020984,-0.02656954,-0.03088269,0.2216295,0.3426971,0.2096338,83.53757
L,-0.08962232,0.8537649,0.1514316,-0.03813527,-0.0228163,-0.04844627,-1.051474,0.2300956,-1.076751,83.55389
L,-0.0902981,0.8533722,0.1505608,-0.05055718,-0.02937714,-0.0651443,-0.9293177,-0.4908347,-1.249226,83.56725
L,-0.09097226,0.8529899,0.1496805,-0.05391292,-0.03057791,-0.07040069,-0.2683613,-0.09602606,-0.4203568,83.57976
L,-0.09179708,0.8524669,0.1483959,-0.05232834,-0.03317476,-0.08149901,0.1005297,-0.164751,-0.7041044,83.59552
L,-0.09259607,0.8519706,0.1471487,-0.06011802,-0.03734482,-0.09384082,-0.5861127,-0.3137647,-0.9286252,83.60881
L,-0.0936993,0.8519633,0.1461286,-0.09026375,-0.0005949594,-0.08346013,-2.466456,3.006791,0.8493241,83.62103
L,-0.09471843,0.8519448,0.1451636,-0.07267687,-0.001321919,-0.06882162,1.254161,-0.05184118,1.043905,83.63506
L,-0.09566323,0.8519149,0.1442474,-0.06902783,-0.002186107,-0.06693645,0.2666032,-0.06313866,0.1377334,83.64874
L,-0.09618983,0.851997,0.1442717,-0.03340874,0.005207073,0.001542836,2.259761,0.469041,4.34449,83.66451
L,-0.09608517,0.8520297,0.1444447,0.00827868,0.002593165,0.0136872,3.297558,-0.2067653,0.9606432,83.67715
L,-0.09627015,0.8523323,0.144088,-0.01290372,0.02110498,-0.02488545,-1.477605,1.291315,-2.690684,83.69148
L,-0.09666845,0.8529313,0.14333,-0.03056561,0.04596476,-0.05816836,-1.355374,1.907741,-2.554132,83.70451
L,-0.09716831,0.8536324,0.1423888,-0.0370365,0.05194937,-0.06973948,-0.4794537,0.4434226,-0.8573487,83.71801
L,-0.09701758,0.8535314,0.141224,0.009983242,-0.006691353,-0.07714301,3.114185,-3.883859,-0.4903459,83.73311
L,-0.09689191,0.8534262,0.1400145,0.009827971,-0.008222703,-0.09459255,-0.01214294,-0.1197596,-1.364646,83.7459
L,-0.09593856,0.8496634,0.1374919,0.05631232,-0.2222637,-0.1490035,2.745739,-12.64298,-3.213946,83.76283
L,-0.09505743,0.8460442,0.1349728,0.0734216,-0.3015734,-0.2099057,1.425651,-6.608573,-5.074747,83.77483
L,-0.09408909,0.8404456,0.1357324,0.07952499,-0.4597823,0.06237762,0.5012421,-12.99295,22.36135,83.787
L,-0.09334801,0.8360476,0.1361547,0.04945762,-0.2935137,0.02818606,-2.006614,11.09631,-2.281852,83.80199
L,-0.08815549,0.8319607,0.1312151,0.4107385,-0.3232829,-0.3907358,28.57804,-2.354799,-33.13755,83.81463
L,-0.08427211,0.8286239,0.1274804,0.2767825,-0.2378246,-0.2661805,-9.547521,6.090914,8.877498,83.82866
L,-0.08132626,0.8258157,0.1245648,0.205382,-0.1957862,-0.2032736,-4.977979,2.930876,4.385815,83.843
L,-0.0776241,0.8207069,0.1159223,0.275867,-0.3806806,-0.6439955,5.252191,-13.77742,-32.84043,83.85642
L,-0.07753929,0.8199626,0.1102502,0.0058043,-0.05094647,-0.3882262,-18.48441,22.56862,17.50611,83.87103
L,-0.07714708,0.8188751,0.105613,0.02914297,-0.08080003,-0.3445655,1.734153,-2.218234,3.244161,83.88449
L,-0.07658397,0.817669,0.1019028,0.0392385,-0.08404771,-0.2585342,0.7034773,-0.2263055,5.99484,83.89884
L,-0.07592043,0.8163815,0.09863779,0.04783975,-0.09282608,-0.2353956,0.6201226,-0.632892,1.668216,83.91271
L,-0.07626386,0.8159622,0.09734923,-0.0208691,-0.02547665,-0.07830021,-4.175153,4.092547,9.546041,83.92917
L,-0.07702664,0.8164241,0.096356,-0.06852604,0.04149888,-0.08922863,-4.281351,6.016872,-0.9817753,83.9403
L,-0.07761414,0.8166491,0.09508009,-0.04294696,0.01644416,-0.09327179,1.869883,-1.831552,-0.2955635,83.95398
L,-0.0780807,0.8166717,0.09347517,-0.03518603,0.001708142,-0.1210359,0.5852941,-1.111323,-2.09384,83.96724
L,-0.07843529,0.8165061,0.09156077,-0.02120326,-0.009904625,-0.114473,0.8361086,-0.6943926,0.3924316,83.98396
L,-0.0786983,0.8157736,0.09071802,-0.0213453,-0.05944756,-0.06839687,-0.01152797,-4.020862,3.739498,83.99628
L,-0.0788855,0.8149617,0.08965604,-0.01220752,-0.05294621,-0.0692514,0.5958742,0.423953,-0.05572382,84.01162
L,-0.07887036,0.815064,0.08966526,0.001244903,0.008415347,0.0007584594,1.10617,5.04566,5.756795,84.02378
L,-0.07883953,0.8151422,0.08960661,0.002226993,0.005647383,-0.004236075,0.07092261,-0.1998912,-0.3606852,84.03763
L,-0.0787953,0.8151908,0.08947635,0.0033125,0.003638393,-0.009755581,0.08130261,-0.1504699,-0.4134015,84.05098
L,-0.07831278,0.8152271,0.08942851,0.02929326,0.002203711,-0.002904357,1.577281,-0.08709892,0.415935,84.06745
L,-0.07706611,0.8154813,0.08958103,0.1056266,0.02153866,0.01292194,6.46746,1.638184,1.340907,84.07925
L,-0.0755652,0.8157089,0.08960811,0.09667153,0.01466139,0.001744376,-0.5767837,-0.442957,-0.7199337,84.09478
L,-0.07408734,0.8158588,0.08948699,0.1192043,0.01209135,-0.009769231,1.817489,-0.2072993,-0.928684,84.10718
L,-0.07209286,0.8165037,0.08960707,0.1445907,0.04674969,0.008705341,1.840397,2.512577,1.339325,84.12097
L,-0.07025977,0.8170199,0.08957785,0.1161269,0.03270375,-0.001851646,-1.803189,-0.8898157,-0.6687894,84.13676
L,-0.06945295,0.816574,0.09007709,0.06705894,-0.03706603,0.04149431,-4.078274,-5.7989,3.602689,84.14879
L,-0.06873665,0.8161698,0.09042234,0.05343581,-0.03015171,0.02575579,-1.016284,0.515807,-1.174091,84.16219
L,-0.06803191,0.8157756,0.09067584,0.04462372,-0.02495848,0.01605148,-0.55798,0.3288343,-0.6144754,84.17799
L,-0.06787957,0.8157024,0.09088662,0.01258209,-0.006050134,0.01740829,-2.646352,1.561661,0.1120602,84.19009
L,-0.06766337,0.8155946,0.09094082,0.01576078,-0.007855951,0.003951331,0.2317231,-0.1316418,-0.9809957,84.20381
L,-0.06742351,0.8154748,0.09097265,0.01625618,-0.008119506,0.002157627,0.03357413,-0.01786178,-0.1215637,84.21857
L,-0.06712917,0.8153275,0.0909875,0.02227431,-0.01114589,0.00112316,0.4554319,-0.229027,-0.07828508,84.23178
L,-0.06703507,0.8154411,0.09101927,0.006484745,0.00782893,0.002189307,-1.088102,1.307607,0.07347114,84.24629
L,-0.06692781,0.8155574,0.09104002,0.008108172,0.008785684,0.001569033,0.1227139,0.07232039,-0.04688616,84.25952
L,-0.06680337,0.8157965,0.09092788,0.009015793,0.01732656,-0.008125605,0.06576216,0.6188336,-0.7024298,84.27332
L,-0.06659211,0.8161755,0.09072892,0.01406319,0.02522696,-0.01324385,0.3359944,0.5259119,-0.3407106,84.28835
L,-0.06631035,0.8166503,0.09045622,0.02174951,0.03665157,-0.02105073,0.5933218,0.881889,-0.6026284,84.3013
L,-0.0659879,0.8171645,0.09013708,0.02004014,0.03195753,-0.01983408,-0.1062354,-0.2917294,0.07561344,84.31739
L,-0.06574323,0.8180636,0.08964619,0.02172719,0.07983994,-0.043592,0.1498142,4.252061,-2.109755,84.32865
L,-0.06539638,0.8195987,0.08907787,0.02402849,0.1063483,-0.03937168,0.1594272,1.836417,0.2923713,84.34309
L,-0.06504174,0.8210882,0.08850308,0.02527645,0.1061633,-0.0409673,0.08894645,-0.0131812,-0.1137257,84.35712
L,-0.06470755,0.8224217,0.08796576,0.02246294,0.08963141,-0.03611679,-0.1891143,-1.111217,0.3260342,84.37199
L,-0.06397153,0.8239022,0.0877473,0.05678145,0.1142216,-0.01685332,2.647555,1.897049,1.48611,84.38496
L,-0.06329282,0.825254,0.08752281,0.04858545,0.09676662,-0.01606981,-0.5867098,-1.249514,0.05608727,84.39893
L,-0.06205916,0.8265507,0.08728502,0.0760222,0.07990641,-0.01465349,1.690733,-1.038976,0.08727809,84.41515
L,-0.0609164,0.8277677,0.0870407,0.08386545,0.08931446,-0.01793026,0.5756049,0.6904433,-0.2404774,84.42878
L,-0.05909744,0.8294086,0.08733198,0.1597953,0.1441542,0.02558895,6.670424,4.817667,3.823156,84.44016
L,-0.05741559,0.8309515,0.08756331,0.1202637,0.1103255,0.01654136,-2.826777,-2.418988,-0.6469643,84.45415
L,-0.05592243,0.8323439,0.08773458,0.1105087,0.1030535,0.01267601,-0.7219675,-0.5381962,-0.286075,84.46766
L,-0.05341451,0.8341416,0.08755039,0.17541,0.1257296,-0.01288239,4.539347,1.586015,-1.787615,84.48196
L,-0.05115867,0.8357999,0.08737764,0.1633576,0.1200881,-0.01251025,-0.8727771,-0.4085322,0.02694867,84.49577
L,-0.04889097,0.8369974,0.08780511,0.1625998,0.08586484,0.0306506,-0.05433705,-2.453887,3.094737,84.50971
L,-0.04688683,0.8381148,0.08814172,0.1427647,0.07959834,0.02397832,-1.412949,-0.4463931,-0.4752981,84.52375
L,-0.04507312,0.839176,0.08841114,0.128779,0.07534873,0.01913026,-0.9930276,-0.3017361,-0.3442286,84.53783
L,-0.0438199,0.8398986,0.08859942,0.09243821,0.05330262,0.0138873,-2.680509,-1.626127,-0.3867218,84.55139
L,-0.04261489,0.8406237,0.08876012,0.08565231,0.05153539,0.01142218,-0.482343,-0.1256151,-0.1752215,84.56546
L,-0.04182976,0.8408085,0.08923727,0.05568626,0.01310961,0.03384307,-2.125385,-2.725402,1.590233,84.57956
L,-0.04100597,0.8410584,0.08967569,0.05932751,0.01799451,0.03157409,0.2622344,0.3517983,-0.1634065,84.59344
L,-0.04017732,0.8417733,0.08966758,0.06081371,0.05246536,-0.0005954516,0.1090696,2.529767,-2.360877,84.60707
L,-0.03921812,0.8425894,0.08966241,0.06578919,0.05597527,-0.0003546491,0.3412595,0.2407387,0.01651621,84.62165
L,-0.03814657,0.8434871,0.089664,0.07538979,0.06316257,0.0001116521,0.6754531,0.5056649,0.03280678,84.63586
L,-0.03699936,0.8444368,0.08967184,0.08918547,0.07382488,0.0006099172,1.072496,0.8289029,0.03873583,84.64873
L,-0.03705421,0.8444786,0.08987784,-0.00386556,0.002948589,0.01451613,-6.557196,-4.994568,0.9799543,84.66292
L,-0.03781886,0.8445134,0.09070169,-0.04448453,0.00202161,0.04792915,-2.363075,-0.05392852,1.943858,84.68011
L,-0.03900452,0.8446493,0.09208865,-0.1131874,0.01297342,0.132405,-6.558644,1.045503,8.064393,84.69058
L,-0.04014151,0.8448706,0.0935413,-0.07106716,0.01383301,0.09079703,2.632704,0.05372829,-2.600684,84.70658
L,-0.04107452,0.8451399,0.09485418,-0.07624158,0.02200553,0.1072831,-0.4228315,0.6678239,1.347168,84.71882
L,-0.0448054,0.8462402,0.09488846,-0.2907335,0.08574242,0.002671322,-16.71455,4.966778,-8.152003,84.73165
L,-0.05013888,0.8459975,0.0945821,-0.3443699,-0.01567118,-0.01978092,-3.463168,-6.548022,-1.449685,84.74714
L,-0.05428562,0.8458947,0.09441696,-0.3200945,-0.007932126,-0.01274765,1.873861,0.5973932,0.5429124,84.76009
L,-0.0590963,0.8452024,0.09308988,-0.3043177,-0.04379072,-0.0839495,0.9980186,-2.268368,-4.504135,84.7759
L,-0.06279522,0.8447596,0.09215993,-0.3078252,-0.03685516,-0.07739087,-0.2918923,0.5771797,0.545811,84.78792
L,-0.06572877,0.8444811,0.09149919,-0.1474332,-0.01399839,-0.03320687,8.060927,1.148728,2.220585,84.80782
L,-0.06968348,0.8442013,0.08914078,-0.4960311,-0.03508523,-0.2958106,-43.72385,-2.644874,-32.93779,84.81579
L,-0.07310929,0.8440028,0.08728682,-0.2486309,-0.01440943,-0.1345531,17.95529,1.500564,11.7034,84.82957
L,-0.07424475,0.8428878,0.08617683,-0.08163805,-0.08016919,-0.07980707,12.00663,-4.728065,3.93619,84.84348
L,-0.07541701,0.8420406,0.08526206,-0.07871484,-0.05688477,-0.06142438,0.1962866,1.563492,1.234352,84.85837
L,-0.07668856,0.8413152,0.08441291,-0.08694004,-0.04959735,-0.05805936,-0.5623859,0.4982659,0.230078,84.87299
L,-0.07675137,0.8407015,0.08428854,-0.005148482,-0.05030488,-0.01019497,6.704556,-0.05799676,3.923503,84.88519
L,-0.07694122,0.8401796,0.0841415,-0.01187817,-0.03265588,-0.009199265,-0.4210376,1.104196,0.06229548,84.90118
L,-0.0766259,0.8401818,0.08404678,0.02770112,0.0001989779,-0.008321072,3.477036,2.886295,0.07714918,84.91256
L,-0.07631699,0.8401814,0.0839173,0.02027504,-3.129695E-05,-0.008498099,-0.4874069,-0.01511396,-0.01161905,84.9278
L,-0.07576306,0.8399649,0.08398219,0.04221191,-0.01649709,0.004944699,1.671692,-1.25477,1.024404,84.94092
L,-0.07521072,0.8397004,0.08403379,0.03502491,-0.01677023,0.003271744,-0.4557403,-0.01732005,-0.106085,84.95669
L,-0.07475188,0.839432,0.08406187,0.03380641,-0.01977498,0.002068951,-0.08977568,-0.221382,-0.08861861,84.97026
L,-0.07378145,0.8394901,0.08420176,0.07182118,0.004296654,0.01035344,2.81348,1.781546,0.6131362,84.98377
L,-0.07286948,0.8395399,0.08432199,0.06271468,0.003426679,0.00826799,-0.6262369,-0.05982656,-0.1434122,84.99831
L,-0.0717438,0.8390667,0.08501614,0.08359486,-0.03514076,0.05154867,1.550599,-2.864085,3.214099,85.01178
L,-0.07072762,0.8385928,0.08567148,0.08451293,-0.03941446,0.05450284,0.07635405,-0.3554331,0.2456916,85.0238
L,-0.06987653,0.8381558,0.08624356,0.06102554,-0.0313312,0.0410199,-1.684103,0.5795888,-0.9667597,85.03775
L,-0.06911206,0.8383251,0.08721773,0.05894187,0.01305147,0.07510915,-0.1606537,3.421957,2.628321,85.05072
L,-0.06843354,0.8384669,0.08812276,0.04629597,0.009679204,0.06175118,-0.8628436,-0.2300936,-0.9114289,85.06538
L,-0.06780179,0.8382925,0.08901704,0.04704812,-0.01298828,0.0665999,0.05601418,-1.68811,0.361097,85.0788
L,-0.06724357,0.8381188,0.0898372,0.04096696,-0.01275108,0.06019037,-0.4462874,0.01740753,-0.4703863,85.09243
L,-0.06674849,0.8379495,0.09059039,0.03498147,-0.01196092,0.05321923,-0.4229274,0.05583233,-0.4925718,85.10658
L,-0.06627428,0.8378287,0.09076191,0.03420817,-0.00871543,0.01237337,-0.05578311,0.234118,-2.946477,85.12045
L,-0.0658654,0.8377166,0.09092,0.029382,-0.008056641,0.01136003,-0.3468067,0.04734039,-0.07281829,85.13436
L,-0.06539521,0.8371031,0.09097349,0.03418077,-0.04460014,0.003888376,0.3488542,-2.656589,-0.5431643,85.14812
L,-0.06485543,0.8363858,0.0910496,0.03660114,-0.04863716,0.005160675,0.1641191,-0.2737399,0.0862715,85.16286
L,-0.06448437,0.8355955,0.09105567,0.02654843,-0.05653828,0.0004344424,-0.7192298,-0.5652924,-0.3381424,85.17684
L,-0.06412125,0.8348106,0.09107409,0.02592252,-0.05604064,0.001315381,-0.04468332,0.03552592,0.06289017,85.19085
L,-0.06377025,0.8340448,0.09110354,0.02644071,-0.05768229,0.002218032,0.03903444,-0.1236631,0.06799554,85.20412
L,-0.06357519,0.8337393,0.09096795,0.01418047,-0.02220691,-0.009857161,-0.8912781,2.57894,-0.8778256,85.21788
L,-0.06341194,0.8334792,0.09086069,0.01218534,-0.01941558,-0.008005477,-0.1489208,0.2083519,0.1382141,85.23128
L,-0.06340612,0.8335522,0.09080211,0.0003581188,0.004499441,-0.003610113,-0.7288284,1.473714,0.2708552,85.24751
L,-0.06340028,0.8336272,0.09074449,0.0004876592,0.006254976,-0.004810659,0.01081473,0.1465614,-0.100228,85.25948
L,-0.06339317,0.8337014,0.0906874,0.0004952826,0.005165461,-0.003973671,0.0005306501,-0.07583908,0.05826112,85.27385
L,-0.06347339,0.8338144,0.09071933,-0.005874105,0.008279504,0.002338294,-0.4663957,0.2280245,0.462191,85.28751
L,-0.06355686,0.8339286,0.09075628,-0.006105151,0.008353097,0.002702441,-0.01689931,0.00538281,0.02663469,85.30118
L,-0.06372016,0.8341258,0.09072783,-0.01065951,0.0128665,-0.001857317,-0.2972854,0.2946121,-0.2976377,85.3165
L,-0.06392165,0.8343658,0.0906941,-0.01459931,0.01739134,-0.002443836,-0.2854603,0.3278495,-0.04249651,85.3303
L,-0.06432494,0.8344021,0.0908779,-0.03281153,0.002958178,0.01495395,-1.481758,-1.174292,1.415495,85.34259
L,-0.06485471,0.8344364,0.09112716,-0.03747354,0.002424278,0.01763135,-0.3297677,-0.03776541,0.1893859,85.35673
L,-0.06545394,0.8344638,0.09141587,-0.03869064,0.001766472,0.01864176,-0.07858466,-0.04247292,0.06523943,85.37222
L,-0.06565317,0.8345829,0.09147023,-0.01622951,0.009706145,0.004427609,1.829723,0.64678,-1.15791,85.38449
L,-0.06580158,0.8346698,0.09151211,-0.00937952,0.005492105,0.002647172,0.4329035,-0.2663176,-0.1125195,85.40031
L,-0.06599227,0.834694,0.09150292,-0.01432273,0.001817693,-0.0006905892,-0.3712988,-0.2759957,-0.2507089,85.41363
L,-0.06619024,0.8347143,0.09149393,-0.01609693,0.001647798,-0.0007312103,-0.1442602,-0.01381424,-0.003302908,85.42593
L,-0.06639486,0.8347314,0.09148552,-0.01460006,0.00122057,-0.0006001845,0.1068029,-0.03048317,0.009348832,85.43994
L,-0.06658605,0.8347545,0.09143974,-0.0120832,0.001457781,-0.002892961,0.1590601,0.01499116,-0.1448981,85.45576
L,-0.06678209,0.8347753,0.0913925,-0.01665219,0.001772116,-0.004012577,-0.3881192,0.02670159,-0.09510715,85.46754
L,-0.06691395,0.8348271,0.09122963,-0.009277082,0.003644156,-0.01145875,0.5188786,0.131708,-0.5238782,85.48175
L,-0.06704707,0.834879,0.09105831,-0.00939593,0.003664344,-0.01209265,-0.008388603,0.001424943,-0.04474229,85.49592
L,-0.06719793,0.8349367,0.09085847,-0.01013033,0.003874232,-0.01341873,-0.04931347,0.01409341,-0.08904285,85.51081
L,-0.06726661,0.8349323,0.09080916,-0.005358305,-0.0003487723,-0.003846959,0.3723092,-0.3294747,0.7467804,85.52363
L,-0.06733281,0.8349245,0.09076105,-0.004238768,-0.0004999695,-0.003080442,0.07168539,-0.009681344,0.04908106,85.53925
L,-0.06734183,0.8349558,0.09071267,-0.0006698643,0.002325149,-0.003595123,0.2651833,0.2099172,-0.0382428,85.5527
L,-0.06734619,0.8349869,0.09066425,-0.0003565518,0.002545755,-0.003953709,0.0255866,0.01801579,-0.02928389,85.56495
L,-0.06733035,0.8349464,0.09064773,0.001022219,-0.002614419,-0.001065953,0.08893612,-0.3328516,0.1862717,85.58045
L,-0.06730977,0.8349013,0.09063306,0.001656197,-0.003632717,-0.001180513,0.05104228,-0.0819842,-0.009223375,85.59287
L,-0.06728488,0.8348523,0.0906199,0.001518946,-0.0029897,-0.0008033454,-0.008375158,0.03923719,0.02301495,85.60926
L,-0.06725938,0.8349972,0.09050502,0.001885377,0.01071189,-0.008492734,0.02708905,1.012913,-0.568451,85.62279
L,-0.06723025,0.835149,0.09038606,0.002043567,0.01065645,-0.008347309,0.01109972,-0.00389024,0.01020405,85.63704
L,-0.06735384,0.8352039,0.09034175,-0.01088657,0.00483556,-0.003902968,-1.138964,-0.5127392,0.3914843,85.64839
L,-0.0673923,0.8352351,0.09031145,-0.002334432,0.001888895,-0.00183914,0.5191969,-0.1788908,0.1252942,85.66486
L,-0.06753704,0.8352785,0.09025013,-0.01296766,0.00388756,-0.005494249,-0.9526438,0.1790628,-0.3274657,85.67603
L,-0.06768718,0.8353212,0.09018814,-0.01073047,0.003054287,-0.004430207,0.1598866,-0.05955219,0.07604472,85.69002
L,-0.06784096,0.8353631,0.09012605,-0.01060855,0.002894737,-0.004283512,0.008410709,-0.01100661,0.01011985,85.70451
L,-0.0680396,0.8354244,0.09002608,-0.01273113,0.003923441,-0.00640711,-0.1360441,0.06593367,-0.1361097,85.72012
L,-0.06826699,0.8354931,0.08991235,-0.0169634,0.005126814,-0.008484477,-0.3157268,0.08977149,-0.1549714,85.73352
L,-0.06900206,0.8354565,0.08966824,-0.05367557,-0.002672354,-0.01782458,-2.680746,-0.5695,-0.6820198,85.74722
L,-0.06987654,0.8354042,0.08938204,-0.0625992,-0.003741978,-0.02048808,-0.6387975,-0.07656901,-0.1906665,85.76118
L,-0.07075986,0.8353439,0.08909664,-0.06962074,-0.004754209,-0.02249441,-0.5534138,-0.0797806,-0.1581322,85.77387
L,-0.07210182,0.8354379,0.08840866,-0.0946677,0.006630954,-0.04853274,-1.766929,0.8031626,-1.836865,85.78805
L,-0.07339521,0.8355215,0.08774845,-0.09148857,0.005915239,-0.04670056,0.2248755,-0.05062611,0.1295995,85.80219
L,-0.07461214,0.8357388,0.08717379,-0.0852056,0.01521601,-0.04023573,0.4399153,0.6512132,0.4526482,85.81647
L,-0.07569962,0.8359258,0.08666318,-0.08409327,0.01445428,-0.03948481,0.08601528,-0.05890393,0.05806744,85.8294
L,-0.07667812,0.8360874,0.08620594,-0.05625171,0.009292763,-0.02628538,1.600547,-0.2967237,0.7588055,85.84679
L,-0.07742662,0.8367686,0.08592707,-0.07321449,0.0666278,-0.02727816,-1.659213,5.608222,-0.09710894,85.85702
L,-0.07815608,0.837405,0.08565408,-0.0415525,0.03625122,-0.0155503,1.803564,-1.730343,0.6680546,85.87457
L,-0.07830071,0.8374902,0.08558013,-0.01334933,0.007867518,-0.006826309,2.603271,-2.619936,0.8052616,85.88541
L,-0.07840747,0.8375459,0.08552637,-0.007258372,0.003784686,-0.003654512,0.4140844,-0.2775648,0.2156296,85.90012
L,-0.07906819,0.8378168,0.08539285,-0.05201295,0.0213307,-0.0105111,-3.523166,1.381256,-0.5397636,85.91282
L,-0.07994933,0.8381716,0.08521048,-0.06297284,0.02535442,-0.01303344,-0.7832792,0.287566,-0.180266,85.92681
L,-0.08091496,0.8385544,0.0850061,-0.06551107,0.02596888,-0.01386597,-0.1722005,0.04168676,-0.05648166,85.94155
L,-0.08438166,0.8387149,0.08537256,-0.2441632,0.01130525,0.02581043,-12.58264,-1.032774,2.794447,85.95575
L,-0.08769715,0.8388777,0.08570228,-0.2611583,0.01282677,0.02597163,-1.338691,0.1198495,0.0126981,85.96844
L,-0.09503156,0.8337151,0.08753701,-0.4852781,-0.3415849,0.1213945,-14.82879,-23.44949,6.313609,85.98356
L,-0.1005352,0.8299788,0.0888826,-0.4087105,-0.2774655,0.09992586,5.686044,4.761621,-1.594296,85.99702
L,-0.1049372,0.8271277,0.08990873,-0.3346703,-0.2167606,0.07801398,5.629115,4.615258,-1.665913,86.01018
L,-0.1081659,0.8270192,0.09020215,-0.2233252,-0.007507421,0.02029549,7.701443,14.47347,-3.992231,86.02464
L,-0.1108623,0.8267254,0.0904832,-0.1944015,-0.02118142,0.02026233,2.085306,-0.9858514,-0.002391047,86.03851
L,-0.1117826,0.8230714,0.09313251,-0.06719729,-0.2668132,0.1934546,9.288527,-17.93618,12.6466,86.0522
L,-0.1130871,0.8197067,0.09552398,-0.07370269,-0.1900963,0.1351095,-0.3675323,4.334239,-3.296294,86.0699
L,-0.113281,0.8191537,0.09568761,-0.01974599,-0.05632041,0.0166653,5.495114,13.62414,-12.06272,86.07972
L,-0.1136239,0.8186477,0.09585842,-0.0247464,-0.03652,0.01232856,-0.3609106,1.429119,-0.3130092,86.09357
L,-0.1141176,0.8180689,0.09607826,-0.0342562,-0.04016262,0.01525381,-0.6598567,-0.2527505,0.2029742,86.10799
L,-0.1137258,0.8182769,0.09591964,0.02702354,0.01435444,-0.01094264,4.227399,3.760874,-1.807169,86.12248
L,-0.1132323,0.8185283,0.0957158,0.0371756,0.01893409,-0.01535504,0.764742,0.344979,-0.3323807,86.13576
L,-0.1093926,0.8211203,0.0936048,0.277445,0.1872847,-0.1525316,17.36085,12.1643,-9.911803,86.1496
L,-0.1060899,0.8233442,0.09175108,0.2130334,0.1434547,-0.1195722,-4.154801,-2.827203,2.126014,86.1651
L,-0.1038117,0.8248755,0.09042777,0.1601997,0.1076775,-0.09305216,-3.715134,-2.515766,1.864826,86.17932
L,-0.1027373,0.825039,0.08974326,0.09362858,0.01424327,-0.05965407,-5.801605,-8.142697,2.910608,86.1908
L,-0.1020303,0.825132,0.08926632,0.04892712,0.006438919,-0.03300668,-3.093511,-0.5400907,1.844101,86.20525
L,-0.1005513,0.8264427,0.08867591,0.1048471,0.0929134,-0.04185275,3.964059,6.130007,-0.6270809,86.21935
L,-0.09916222,0.8276681,0.08809821,0.08616535,0.07601381,-0.03583518,-1.158853,-1.048302,0.3732777,86.23547
L,-0.09842312,0.8281618,0.08767957,0.06100502,0.04074504,-0.0345542,-2.076709,-2.91105,0.1057304,86.24759
L,-0.09782087,0.8285609,0.08732548,0.04632482,0.03069982,-0.02723715,-1.129204,-0.7726802,0.5628288,86.26059
L,-0.09728078,0.8289182,0.08699957,0.03847338,0.02545007,-0.02321565,-0.5592959,-0.3739652,0.2864709,86.27463
L,-0.09594117,0.8292604,0.08730027,0.08098938,0.02069159,0.01817947,2.570414,-0.2876857,2.502648,86.29117
L,-0.09449591,0.8296402,0.08759203,0.1247916,0.03278882,0.02519184,3.782108,1.044538,0.6054845,86.30275
L,-0.09252223,0.830846,0.08829029,0.1430826,0.08741963,0.05062083,1.32602,3.960492,1.84349,86.31654
L,-0.09065945,0.8319813,0.08890596,0.1412141,0.08606402,0.04667279,-0.1416473,-0.1027661,-0.2992927,86.32973
L,-0.08901483,0.8329785,0.08941252,0.1114599,0.06758176,0.03433067,-2.016515,-1.252589,-0.8364568,86.34449
L,-0.08867989,0.8332937,0.08949583,0.02208269,0.02078094,0.005492919,-5.892783,-3.085653,-1.901319,86.35966
L,-0.08841141,0.8335313,0.08955277,0.01990464,0.01761348,0.004221092,-0.1614714,-0.234822,-0.09428782,86.37315
L,-0.0889246,0.8335178,0.08942053,-0.03963796,-0.001040439,-0.01021391,-4.59892,-1.440781,-1.114923,86.38609
L,-0.09016471,0.83351,0.08909108,-0.07886654,-0.0004927826,-0.02095132,-2.494793,0.03482893,-0.6828594,86.40182
L,-0.09174078,0.8326529,0.08862029,-0.1207353,-0.0656597,-0.03606546,-3.207378,-4.992144,-1.157827,86.41487
L,-0.09324666,0.8318259,0.08815455,-0.1248443,-0.06856816,-0.03861221,-0.3406566,-0.2411238,-0.2111364,86.42693
L,-0.094519,0.8311238,0.08774661,-0.08913338,-0.04917992,-0.02857763,2.501714,1.358234,0.7029671,86.44121
L,-0.09376913,0.8319831,0.08654462,0.04512768,0.05171387,-0.07233602,8.079828,6.071786,-2.633379,86.45782
L,-0.0925773,0.8333356,0.0846611,0.1119018,0.1269811,-0.1768453,6.269492,7.066926,-9.812489,86.46848
L,-0.09363071,0.8345311,0.08455137,-0.07073374,0.08027424,-0.007368244,-12.26352,-3.136251,11.37996,86.48337
L,-0.09469879,0.8357526,0.08442674,-0.06759784,0.07731017,-0.007887946,0.198469,-0.1875934,-0.03289155,86.49917
L,-0.09571753,0.8369468,0.08428372,-0.07749757,0.09084355,-0.01087992,-0.7530923,1.02951,-0.227605,86.51231
L,-0.09808169,0.842829,0.09398036,-0.1873494,0.466138,0.7684153,-8.705262,29.74038,61.75562,86.52493
L,-0.09983047,0.8472373,0.1011123,-0.1257355,0.3169526,0.51278,4.429984,-10.72629,-18.37995,86.53884
L,-0.09867178,0.8682724,0.1228456,0.0724235,1.314788,1.358431,12.38584,62.3692,52.857,86.55484
L,-0.09794505,0.8844422,0.1395691,0.06596531,1.467733,1.517995,-0.5862101,13.88287,14.48365,86.56586
L,-0.09750491,0.8969903,0.1525842,0.02613931,0.7452247,0.7729561,-2.365235,-42.90919,-44.24726,86.5827
L,-0.09341328,0.9248327,0.1815822,0.3675797,2.501274,2.605087,30.67394,157.758,164.5929,86.59383
L,-0.09046102,0.9469515,0.2046544,0.1966255,1.473148,1.536646,-11.38583,-68.47485,-71.15993,86.60884
L,-0.07893273,0.9661725,0.2523155,0.8862376,1.477612,3.663953,53.01398,0.3431177,163.5369,86.62185
L,-0.07025348,0.9825144,0.2907777,0.6192746,1.166019,2.744316,-19.04811,-22.2325,-65.61709,86.63586
L,-0.05847445,0.9919664,0.3331777,0.8168788,0.6554936,2.940458,13.7039,-35.40506,13.60246,86.65028
L,-0.0491516,1.001572,0.3688596,0.5866365,0.6044542,2.245265,-14.48791,-3.211631,-43.74475,86.66618
L,-0.05807004,0.9767385,0.3186319,-0.819171,-2.281031,-4.613478,-129.1254,-265.0359,-629.9854,86.67706
L,-0.05852569,0.9828545,0.3704615,-0.03230051,0.4335536,3.674095,55.77971,192.4316,587.4899,86.69117
L,-0.05827759,0.9885138,0.4106253,0.01714261,0.3910286,2.775091,3.416241,-2.938239,-62.11614,86.70564
L,-0.06454676,0.9853565,0.4140132,-0.4448908,-0.2240627,0.2404237,-32.78812,-43.64983,-179.8722,86.71973
L,-0.06861163,0.9845526,0.4200796,-0.3095817,-0.06121986,0.4620225,10.3052,12.40217,16.87705,86.73286
L,-0.07132183,0.985269,0.4287339,-0.1643829,0.04344777,0.5249089,8.806799,6.348447,3.814277,86.74935
L,-0.07199541,0.9842802,0.4194171,-0.06005992,-0.08815902,-0.8307265,9.30192,-11.73467,-120.8747,86.76057
L,-0.07300209,0.9838078,0.4088661,-0.0616576,-0.02893545,-0.6462361,-0.09785544,3.62736,11.29978,86.77689
L,-0.05898253,0.9813209,0.358347,1.0579,-0.1876574,-3.812111,84.48049,-11.97697,-238.8932,86.79015
L,-0.04857911,0.980336,0.3302816,0.8501229,-0.08048239,-2.293388,-16.97863,8.757884,124.1035,86.80238
L,-0.03909578,0.9577763,0.1026803,0.6844711,-1.628274,-16.42739,-11.95612,-111.7137,-1020.139,86.81624
L,-0.03156379,0.9429216,0.2327103,0.5515268,-1.087731,9.521387,-9.73479,39.581,1900.089,86.8299
L,-0.0252958,0.9317744,0.1770882,0.4326268,-0.7693976,-3.839122,-8.206663,21.9719,-922.1636,86.84438
L,-0.0195838,0.9049489,0.1353566,0.3472554,-1.63083,-2.537034,-5.190078,-52.37,79.15919,86.86083
L,-0.01441152,0.8858492,0.1031882,0.4161699,-1.536794,-2.588326,5.544971,7.566318,-4.126995,86.87326
L,-0.01008783,0.8776972,0.06942526,0.2947039,-0.5556381,-2.301286,-8.27914,66.87576,19.56468,86.88793
L,-0.005840456,0.8697407,0.04113992,0.3117085,-0.5839165,-2.07582,1.247946,-2.075312,16.54661,86.90156
L,-0.001637252,0.8620687,0.01474489,0.2425902,-0.4427978,-1.523404,-3.989202,8.144746,31.88303,86.91888
L,-0.007040224,0.8667803,0.03464873,-0.3764904,0.3283161,1.386941,-43.13882,53.73282,202.7989,86.93324
L,-0.01246456,0.8705271,0.05203766,-0.4797424,0.3313776,1.537923,-9.131887,0.2707675,13.35321,86.94454
L,-0.03744084,0.8999691,0.1081675,-1.628702,1.919912,3.660224,-74.92362,103.5883,138.3952,86.95988
L,-0.0438398,0.9137909,0.1439871,-0.3946935,0.8525441,2.209386,76.11483,-65.83627,-89.48906,86.97609
L,-0.05672365,0.9411409,0.200495,-0.8846055,1.877848,3.879835,-33.63738,70.39743,114.6931,86.99065
L,-0.06611311,0.9616109,0.2426897,-0.5583922,1.217353,2.509321,19.39993,-39.27967,-81.50456,87.00747
L,-0.06650817,0.97198,0.2947022,-0.02721033,0.7141848,3.58244,36.58595,-34.65649,73.91269,87.02199
L,-0.06759497,0.9805422,0.3356543,-0.09586019,0.7552311,3.612159,-6.055233,3.620473,2.621362,87.03333
L,-0.06910715,0.9880732,0.3679535,-0.0794087,0.3954734,1.696126,0.8639143,-18.89189,-100.6163,87.05237
L,-0.06978821,0.9837843,0.3918646,-0.06304277,-0.3970085,2.213324,1.514912,-73.35606,47.87437,87.06317
L,-0.07093816,0.9822046,0.4132598,-0.08299921,-0.1140169,1.544227,-1.44038,20.42526,-48.29287,87.07703
L,-0.06820926,0.9795769,0.3987217,0.1860024,-0.1790984,-0.9909179,18.33519,-4.435967,-172.7959,87.0917
L,-0.06467946,0.9768082,0.3811793,0.2177215,-0.1707794,-1.082031,1.956464,0.5131241,-5.619956,87.10791
L,-0.05064556,0.9717476,0.3317977,1.031661,-0.3720117,-3.630148,59.83435,-14.793,-187.3173,87.12151
L,-0.04056947,0.9689093,0.3044094,0.8643278,-0.2434759,-2.349372,-14.35384,11.02581,109.8652,87.13317
L,-0.02496213,0.9491156,0.9967383,1.061591,-1.346337,47.0913,13.41755,-75.01513,3362.889,87.14787
L,-0.01298955,0.9358718,0.07704357,0.8650889,-0.9569451,-66.45327,-14.19838,28.13579,-8204.253,87.16171
L,-0.00356194,0.925918,0.153458,0.4295082,-0.453478,3.481334,-19.84443,22.93724,3186.12,87.18366
L,0.006082724,0.9094172,0.1142011,0.4659585,-0.7972004,-1.896604,1.76101,-16.60611,-259.822,87.20436
L,0.003855182,0.8983319,0.106844,-0.1562164,-0.7774044,-0.5159526,-43.63281,1.388284,96.82436,87.21862
L,0.004619441,0.892978,0.0987208,0.05875246,-0.411579,-0.6244684,16.52575,28.12285,-8.342165,87.23163
L,0.006118396,0.888143,0.08971515,0.1020099,-0.3290417,-0.6128706,2.943844,5.616991,0.7892815,87.24632
L,-0.00593755,0.9031536,0.1245674,-0.6961221,0.8667263,2.012405,-46.08492,69.04481,151.586,87.26364
L,-0.02389404,0.9304075,0.1916267,-1.905743,2.892485,7.117082,-128.3785,214.9961,541.7653,87.27306
L,-0.03643569,0.9500781,0.2406759,-0.821519,1.288492,3.212878,71.02023,-105.0667,-255.7381,87.28833
L,-0.04560043,0.9647367,0.2772721,-0.5693082,0.9105821,2.273335,15.66719,-23.47558,-58.36389,87.30443
L,-0.05285307,0.9760804,0.305375,-0.4869972,0.7617027,1.887045,5.526976,-9.996882,-25.93841,87.31932
L,-0.05677647,0.9770294,0.3552256,-0.3907656,0.09451582,4.965052,9.584555,-66.451,306.5657,87.32936
L,-0.06053412,0.9789582,0.3953026,-0.26087,0.1339049,2.782295,9.017841,2.734539,-151.5351,87.34377
L,-0.07094678,0.9761344,0.4011377,-0.7225027,-0.195937,0.404879,-32.0313,-22.88673,-164.9617,87.35818
L,-0.07930895,0.9752805,0.4090931,-0.6634666,-0.06774932,0.6311999,4.684005,10.17059,17.95662,87.37078
L,-0.08648336,0.9756747,0.4194069,-0.5061164,0.02781469,0.7275801,11.10022,6.741531,6.799108,87.38496
L,-0.07562278,0.9628986,0.3454993,0.7248053,-0.8526445,-4.93239,82.14836,-58.75945,-377.731,87.39994
L,-0.05593281,0.9382586,0.4525999,1.58721,-1.98623,8.633391,69.51855,-91.3784,1093.539,87.41235
L,-0.04217961,0.9216284,0.1656393,0.8380566,-1.01337,-17.48606,-45.64997,59.2816,-1591.598,87.42876
L,-0.03250302,0.9091516,0.1836995,0.4671566,-0.6023423,0.8718916,-17.90593,19.84315,886.2662,87.44947
L,-0.02113191,0.8862918,0.1293681,0.6021954,-1.210619,-2.877301,7.151438,-32.21334,-198.5512,87.46835
L,-0.01591752,0.8778657,0.1177649,0.3576452,-0.5779288,-0.7958478,-16.77325,43.39505,142.7631,87.48293
L,-0.01316734,0.8728102,0.1074482,0.1860981,-0.3420964,-0.6981046,-11.60817,15.9582,6.614046,87.49771
L,-0.01075442,0.8679944,0.09704596,0.1701271,-0.3395433,-0.7334263,-1.126065,0.180009,-2.490418,87.51189
L,-0.01706153,0.8781942,0.142321,-0.4613202,0.7460414,3.311543,-46.18586,79.40276,295.8606,87.52557
L,-0.03472968,0.8916973,0.2155786,-1.230499,0.9404224,5.102032,-53.56951,13.53768,124.6987,87.53992
L,-0.0468993,0.9008048,0.2703494,-0.9016937,0.6748118,4.058183,24.36245,-19.68011,-77.34274,87.55342
L,-0.05605744,0.9069838,0.3111146,-0.764084,0.5155255,3.40113,11.48108,-13.28961,-54.81936,87.56541
L,-0.06554878,0.9040495,0.3371478,-0.5578694,-0.1724706,1.530145,12.12061,-40.43813,-109.9703,87.58242
L,-0.07317393,0.9019009,0.3591688,-0.5627496,-0.1585638,1.625189,-0.3601668,1.026342,7.014455,87.59597
L,-0.07406311,0.8963023,0.3407933,-0.08324777,-0.5241629,-1.720374,44.89233,-34.22843,-313.2212,87.60665
L,-0.07557365,0.8925919,0.3322627,-0.1001468,-0.245993,-0.5655606,-1.12038,18.44223,76.56231,87.62173
L,-0.07771794,0.8893092,0.3277593,-0.1373684,-0.2102998,-0.2884993,-2.384508,2.286596,17.74926,87.63734
L,-0.07998659,0.8867391,0.3265299,-0.1969248,-0.2230857,-0.1067182,-5.169657,-1.109846,15.77908,87.64886
L,-0.06919765,0.8851475,0.286937,0.7886938,-0.1163553,-2.894324,72.05075,7.802213,-203.7798,87.66254
L,-0.06274552,0.8754061,0.2350838,0.3959239,-0.5977623,-3.181884,-24.10166,-29.54073,-17.6456,87.67884
L,-0.05866436,0.8679177,0.2050056,0.2879038,-0.5282688,-2.121851,-7.620238,4.902399,74.77969,87.69302
L,-0.05603199,0.8617486,0.1793454,0.1818821,-0.4262487,-1.77298,-7.325505,7.049016,24.10498,87.70749
L,-0.05146929,0.8465251,0.1653108,0.3826244,-1.276626,-1.176931,16.8341,-71.31204,49.98426,87.71941
L,-0.04819112,0.8347649,0.1523008,0.2652326,-0.9515046,-1.052621,-9.498018,26.30516,10.05774,87.73177
L,-0.05366157,0.8249472,0.1532613,-0.3438959,-0.61718,0.06038294,-38.29242,21.01707,69.96818,87.74768
L,-0.05753511,0.8163382,0.1512671,-0.2892951,-0.6429621,-0.1489372,4.077856,-1.925534,-15.63305,87.76107
L,-0.0641209,0.8144077,0.1548432,-0.4681193,-0.1372229,0.2541869,-12.71087,35.94807,28.65417,87.77514
L,-0.0690623,0.8113574,0.1554492,-0.4096646,-0.2528858,0.05024016,4.846157,-9.588974,-16.9081,87.7872
L,-0.07301437,0.8076177,0.1541276,-0.2753885,-0.2605911,-0.09209176,9.356634,-0.5369214,-9.917984,87.80155
L,-0.07687247,0.8076601,0.1571695,-0.2427693,0.002670427,0.1914109,2.052552,16.56564,17.8393,87.81744
L,-0.08010447,0.8065297,0.1582303,-0.2799901,-0.09792734,0.09190144,-3.224454,-8.714839,-8.620562,87.82899
L,-0.08301026,0.8046638,0.1580664,-0.2017305,-0.1295394,-0.01137737,5.433071,-2.194624,-7.17,87.84339
L,-0.08380739,0.8053626,0.1596569,-0.05218853,0.04575502,0.1041283,9.790592,11.47662,7.562217,87.85867
L,-0.08374201,0.8076456,0.1615088,0.005159142,0.1801531,0.1461375,4.525391,10.60556,3.315009,87.87134
L,-0.08400069,0.8091595,0.1627006,-0.01825862,0.1068508,0.0841211,-1.652888,-5.173877,-4.377282,87.88551
L,-0.08442578,0.8098833,0.1632423,-0.02981102,0.05076244,0.03799032,-0.8101642,-3.933445,-3.235128,87.89977
L,-0.08356904,0.8117674,0.1628424,0.05788348,0.1272954,-0.02702259,5.924893,5.170789,-4.39246,87.91457
L,-0.08295254,0.8132722,0.1621851,0.05183236,0.1265184,-0.05526003,-0.5087446,-0.06532758,-2.374046,87.92646
L,-0.07972211,0.819703,0.1591882,0.2234396,0.4447972,-0.2072899,11.8696,22.01448,-10.5155,87.94092
L,-0.07744123,0.8244433,0.1564212,0.1595304,0.3315518,-0.1935293,-4.469958,-7.920647,0.962455,87.95522
L,-0.07603541,0.8275234,0.1541123,0.09203979,0.2016499,-0.1511643,-4.418646,-8.504746,2.773659,87.97049
L,-0.07392342,0.8313256,0.1523463,0.1708779,0.3076341,-0.1428868,6.378688,8.575032,0.6697205,87.98285
L,-0.07243436,0.83412,0.1506539,0.1067696,0.2003684,-0.121347,-4.596724,-7.691206,1.544456,87.9968
L,-0.07144228,0.8364965,0.1509886,0.06405576,0.1534444,0.02161041,-2.757924,-3.029763,9.230399,88.01228
L,-0.07065466,0.8384371,0.1509255,0.06677578,0.1645223,-0.005345195,0.2306065,0.9392017,-2.285334,88.02408
L,-0.06997629,0.8401433,0.1506093,0.0461422,0.1160564,-0.02151174,-1.403469,-3.296592,-1.099627,88.03878
L,-0.07068298,0.84007,0.150996,-0.04735579,-0.004912768,0.02591286,-6.265321,-8.106169,3.177933,88.0537
L,-0.07167489,0.8400431,0.1514367,-0.08005647,-0.002169604,0.03556756,-2.639251,0.221399,0.7792249,88.06609
L,-0.07403926,0.839621,0.1522126,-0.1675148,-0.02990709,0.05497255,-6.196398,-1.965194,1.374838,88.08021
L,-0.07632573,0.8393538,0.1528048,-0.1707649,-0.01995637,0.04423411,-0.2427339,0.7431685,-0.8019996,88.0936
L,-0.07803781,0.8394496,0.1530788,-0.1172446,0.006559398,0.01876184,3.665102,1.815818,-1.744358,88.1082
L,-0.07942329,0.8396258,0.1531905,-0.09685156,0.01232083,0.007809375,1.42558,0.4027535,-0.7656327,88.12251
L,-0.08059235,0.8398516,0.1531981,-0.07939453,0.0153295,0.0005130748,1.185559,0.2043276,-0.4955133,88.13723
L,-0.08223706,0.840372,0.1520612,-0.1286248,0.04070331,-0.08890681,-3.850066,1.984365,-6.993104,88.15002
L,-0.08388859,0.840961,0.1508709,-0.1111812,0.03964834,-0.0801343,1.174306,-0.07102097,0.590565,88.16487
L,-0.08499351,0.8399413,0.1505377,-0.06883281,-0.06352112,-0.02075845,2.638158,-6.427104,3.698912,88.18092
L,-0.08605488,0.8390696,0.1501686,-0.09146365,-0.0751202,-0.03180088,-1.95021,-0.9995493,-0.95158,88.19253
L,-0.08672158,0.8395879,0.1486512,-0.0479346,0.03726687,-0.1091018,3.129698,8.080524,-5.557864,88.20644
L,-0.08748184,0.8401822,0.1469958,-0.05730271,0.04479496,-0.1247731,-0.706094,0.5674078,-1.181181,88.2197
L,-0.08828235,0.8407981,0.1453287,-0.05768215,0.04437535,-0.120122,-0.02734133,-0.03023639,0.3351456,88.23358
L,-0.08880739,0.8405825,0.1442111,-0.03738097,-0.01534916,-0.07956995,1.445365,-4.252151,2.887149,88.24763
L,-0.08932131,0.8404338,0.1431629,-0.0335627,-0.009708209,-0.06845766,0.2493609,0.3683963,0.7257149,88.26294
L,-0.08923274,0.8406445,0.1420954,0.006702309,0.01594075,-0.08078518,3.047122,1.941028,-0.9329053,88.27615
L,-0.08919539,0.8408786,0.140997,0.003041295,0.01906056,-0.08941916,-0.2980475,0.2539875,-0.7029024,88.28844
L,-0.08920646,0.841134,0.1398563,-0.0007995437,0.01844439,-0.08237668,-0.2773699,-0.04449749,0.5085792,88.30228
L,-0.08951826,0.8411084,0.1398528,-0.02302487,-0.001888204,-0.0002596831,-1.641193,-1.501427,6.063797,88.31583
L,-0.08980096,0.8410949,0.1398254,-0.01638095,-0.0007874668,-0.001586159,0.384983,0.06378242,-0.07686286,88.33308
L,-0.08992665,0.8412251,0.139698,-0.01150393,0.01192607,-0.01166283,0.4463969,1.163679,-0.922325,88.34401
L,-0.09009352,0.8414015,0.1395084,-0.01315276,0.01390089,-0.01494851,-0.1299552,0.1556493,-0.2589663,88.3567
L,-0.0903166,0.8416374,0.1392361,-0.01619904,0.0171269,-0.01977039,-0.2212082,0.2342602,-0.3501455,88.37047
L,-0.09028049,0.8419501,0.138698,0.002408854,0.02085719,-0.03589178,1.241208,0.2488223,-1.07535,88.38546
L,-0.09024444,0.8423386,0.138014,0.00274527,0.02959308,-0.05209657,0.02562154,0.6653286,-1.234163,88.39859
L,-0.0900376,0.8432348,0.1373155,0.01352861,0.05861324,-0.04568207,0.7052862,1.898069,0.4195415,88.41388
L,-0.08983028,0.8441892,0.1365501,0.01405785,0.06471886,-0.05190382,0.03588684,0.4140074,-0.4218813,88.42863
L,-0.08971994,0.8439128,0.1367239,0.00989187,-0.02477877,0.01558626,-0.3734908,-8.023689,6.050656,88.43978
L,-0.08960683,0.8436147,0.1369042,0.00832931,-0.021954,0.01327576,-0.1150606,0.2080044,-0.1701354,88.45336
L,-0.08940522,0.8430809,0.1372149,0.01377009,-0.03646105,0.02122077,0.3716175,-0.9908636,0.5426617,88.468
L,-0.08817152,0.8430892,0.136828,0.07631151,0.0005124764,-0.0239297,3.868537,2.287019,-2.792809,88.48417
L,-0.08652254,0.8431215,0.1362776,0.1238595,0.002431053,-0.04134469,3.571464,0.1441098,-1.30809,88.49748
L,-0.08628673,0.8430768,0.1363609,0.01785569,-0.003384965,0.006305062,-8.026648,-0.4403912,3.608058,88.51069
L,-0.08616162,0.8430556,0.136402,0.007883864,-0.001337139,0.002589769,-0.6283786,0.1290445,-0.2341207,88.52656
L,-0.08603026,0.8430371,0.1364375,0.01374124,-0.001939096,0.003719199,0.6127198,-0.06296861,0.1181458,88.53612
L,-0.08580059,0.8430021,0.1363995,0.01621957,-0.002466662,-0.002687651,0.1750212,-0.03725707,-0.4524562,88.55028
L,-0.08550061,0.8429602,0.1363422,0.02160349,-0.003017685,-0.004123026,0.3877374,-0.03968336,-0.1033722,88.56416
L,-0.08456875,0.8429447,0.136268,0.06344967,-0.001059253,-0.005053774,2.849279,0.1333484,-0.06337409,88.57885
L,-0.0834774,0.8429341,0.13617,0.07343218,-0.0007138732,-0.006596309,0.6716775,0.02323904,-0.1037901,88.59371
L,-0.0815447,0.8425124,0.1356867,0.1310513,-0.02859464,-0.03276865,3.907014,-1.890527,-1.774682,88.60846
L,-0.07967003,0.8421097,0.135204,0.1442006,-0.03097033,-0.03713115,1.011441,-0.1827384,-0.3355647,88.62146
L,-0.07800786,0.8417596,0.1347645,0.1198368,-0.02524237,-0.0316851,-1.756552,0.4129676,0.3926429,88.63533
L,-0.07296909,0.8391969,0.1361834,0.3441592,-0.1750383,0.0969153,15.32172,-10.23139,8.783696,88.64997
L,-0.07327142,0.8392732,0.1362696,-0.02227485,0.005616744,0.006346833,-26.99788,13.31018,-6.672844,88.66354
L,-0.06282467,0.836991,0.137584,0.8473251,-0.1851021,0.1066169,70.5323,-15.469,8.132799,88.67587
L,-0.05486489,0.8352829,0.1385364,0.5867853,-0.1259183,0.07020924,-19.20668,4.362955,-2.683931,88.68944
L,-0.04860755,0.833933,0.139257,0.4251745,-0.09172498,0.04896076,-10.98115,2.323376,-1.443795,88.70415
L,-0.04126981,0.8372388,0.1410015,0.5238415,0.2360005,0.1245415,7.043835,23.39631,5.395708,88.71816
L,-0.0351446,0.8395156,0.1423464,0.3901083,0.1450096,0.08565658,-8.517339,-5.795122,-2.476542,88.73386
L,-0.03062825,0.8383912,0.1475001,0.3240106,-0.0806693,0.3697318,-4.741959,-16.19057,20.38003,88.7478
L,-0.02640259,0.8375535,0.1514502,0.338549,-0.067113,0.3164755,1.164784,1.086094,-4.266757,88.76028
L,-0.02239894,0.8369246,0.1545561,0.3112489,-0.04889531,0.2414507,-2.12235,1.416269,-5.83253,88.77315
L,-0.02199026,0.8297729,0.1652097,0.02551985,-0.4465854,0.6652647,-17.84234,-24.83375,26.46505,88.78916
L,-0.02070523,0.8245593,0.1735205,0.1179498,-0.478543,0.7628294,8.483883,-2.933293,8.955176,88.80006
L,-0.01751905,0.826386,0.1779463,0.195514,0.1120962,0.2715777,4.759593,36.24356,-30.14482,88.81635
L,-0.01430875,0.8273851,0.1819471,0.2400349,0.07469784,0.2991457,3.328835,-2.79628,2.061263,88.82973
L,-0.01404053,0.829623,0.183135,0.02026297,0.1690652,0.08974019,-16.60285,7.12906,-15.81971,88.84296
L,-0.01329163,0.8311741,0.1845801,0.05657604,0.1171785,0.1091712,2.7433,-3.919825,1.467935,88.8562
L,-0.0121306,0.8324094,0.1863595,0.07405278,0.0787903,0.1134941,1.114702,-2.448476,0.2757233,88.87188
L,-0.01278947,0.8333948,0.1871766,-0.0553944,0.08284558,0.06869262,-10.88319,0.340945,-3.766661,88.88377
L,-0.01304482,0.8342391,0.1882499,-0.01681834,0.05561008,0.07069626,2.540824,-1.793875,0.1319699,88.89896
L,-0.0158472,0.8347064,0.1886793,-0.1730979,0.02886796,0.02652366,-9.653097,-1.651811,-2.72846,88.91515
L,-0.01838578,0.835179,0.1895054,-0.2361509,0.04395848,0.0768414,-5.865492,1.403793,4.6808,88.9259
L,-0.02027486,0.835584,0.1905582,-0.122942,0.02636234,0.06851842,7.367681,-1.145165,-0.5416634,88.94126
L,-0.02208062,0.8350488,0.1897597,-0.1467356,-0.04349427,-0.06488904,-1.933463,-5.676531,-10.84066,88.95357
L,-0.02346073,0.8346153,0.1893463,-0.1038427,-0.03261337,-0.03110088,3.227357,0.8187028,2.542297,88.96686
L,-0.02591353,0.8327399,0.1896855,-0.1680576,-0.1284999,0.02323739,-4.399774,-6.569806,3.723066,88.98145
L,-0.02800195,0.8310809,0.1902467,-0.1421988,-0.1129586,0.03821428,1.760708,1.058197,1.019767,88.99614
L,-0.02965687,0.8297161,0.1909264,-0.1288849,-0.1062881,0.05293398,1.036883,0.5195011,1.146369,89.00898
L,-0.03100946,0.8287954,0.191537,-0.09516216,-0.06478126,0.04296246,2.372577,2.920225,-0.7015498,89.02319
L,-0.03212674,0.8279977,0.1921973,-0.06274383,-0.04479301,0.03707758,1.820538,1.122494,-0.3304813,89.041
L,-0.0325487,0.8280424,0.1913996,-0.04386013,0.00464661,-0.08291256,1.962827,5.138897,-12.47212,89.05062
L,-0.03298218,0.828053,0.1907067,-0.02542143,0.000618708,-0.04063549,1.081341,-0.2362171,2.479347,89.06767
L,-0.03342003,0.8272548,0.1908736,-0.03805712,-0.06937997,0.01450856,-1.098266,-6.084129,4.792997,89.07918
L,-0.03397655,0.8262473,0.1911694,-0.04339313,-0.07855722,0.02306105,-0.4160627,-0.7155746,0.6668603,89.092
L,-0.03460899,0.8251171,0.1915785,-0.04367519,-0.07805091,0.02825445,-0.01947851,0.03496485,0.3586458,89.10648
L,-0.03422795,0.8251049,0.1914109,0.02196321,-0.0007008575,-0.009661699,3.783358,4.458411,-2.185464,89.12383
L,-0.03355393,0.8250673,0.1911467,0.05989506,-0.003342161,-0.0234812,3.370714,-0.2347125,-1.228033,89.13509
L,-0.03366212,0.8241442,0.1914556,-0.007309872,-0.06236308,0.02087226,-4.540559,-3.987624,2.996648,89.14989
L,-0.03386711,0.8227497,0.1919765,-0.01478683,-0.1005951,0.03757481,-0.5393617,-2.757922,1.204863,89.16375
L,-0.03237663,0.8210502,0.1923813,0.1232551,-0.1405412,0.03348038,11.41542,-3.303357,-0.3385899,89.17584
L,-0.03094316,0.8193337,0.1928495,0.08670451,-0.1038266,0.02831536,-2.210781,2.220702,-0.3124091,89.19238
L,-0.02970719,0.8177683,0.1933291,0.09326425,-0.1181185,0.03619522,0.4949907,-1.078454,0.5946053,89.20563
L,-0.03016905,0.8151577,0.1942713,-0.03361265,-0.1899986,0.06856976,-9.233764,-5.231242,2.356133,89.21937
L,-0.03056204,0.8127293,0.1951878,-0.0296378,-0.1831353,0.0691168,0.2997647,0.5176029,0.04125499,89.23263
L,-0.03147031,0.8104379,0.1955628,-0.06424601,-0.1620809,0.02652793,-2.448012,1.489279,-3.012525,89.24677
L,-0.03221752,0.8083806,0.1959534,-0.04911683,-0.1352338,0.02567076,0.9944891,1.764745,-0.0563442,89.26198
L,-0.03283966,0.806513,0.1963535,-0.05670684,-0.1702343,0.03646965,-0.6918201,-3.190249,0.9843061,89.27295
L,-0.03416365,0.804336,0.1964339,-0.07719666,-0.1269288,0.004689933,-1.19468,2.524971,-1.85295,89.2901
L,-0.0353227,0.802274,0.1965784,-0.1115411,-0.1984386,0.01390275,-3.305134,-6.881747,0.8865951,89.30049
L,-0.03629004,0.80003,0.1964623,-0.06648742,-0.1542344,-0.007975345,3.09663,3.038248,-1.503726,89.31504
L,-0.0371495,0.7979397,0.1964282,-0.0648537,-0.1577297,-0.002574932,0.1232785,-0.2637551,0.4075089,89.32829
L,-0.03792506,0.7959751,0.1964549,-0.05168011,-0.13091,0.001775388,0.8778282,1.787146,0.2898856,89.3433
L,-0.03819745,0.7952447,0.1958092,-0.02040151,-0.05470982,-0.04836049,2.342714,5.707263,-3.755091,89.35665
L,-0.03846717,0.7944886,0.1953065,-0.02019019,-0.05659712,-0.03763028,0.01581811,-0.141275,0.8032151,89.37001
L,-0.03833213,0.7946578,0.1943325,0.007679043,0.009622424,-0.05538232,1.584762,3.765522,-1.009456,89.3876
L,-0.03821148,0.7947325,0.1932154,0.009146307,0.00566169,-0.084687,0.1112303,-0.3002552,-2.221529,89.40079
L,-0.03775036,0.7949775,0.1924009,0.0336528,0.01788262,-0.05944525,1.788483,0.891883,1.842142,89.41449
L,-0.03733877,0.7951126,0.1916376,0.03433913,0.0112687,-0.06368481,0.05726224,-0.5518141,-0.3537155,89.42648
L,-0.03698258,0.7951524,0.1909371,0.02670854,0.002981086,-0.05252096,-0.5721725,-0.6214383,0.8371096,89.43981
L,-0.03712939,0.7952044,0.1907366,-0.01011125,0.003583979,-0.01381248,-2.536018,0.04152522,2.666105,89.45433
L,-0.03724965,0.7952169,0.1905852,-0.008205463,0.0008499805,-0.01033296,0.1300337,-0.1865438,0.237412,89.46899
L,-0.03728256,0.7952548,0.1905576,-0.002175474,0.002505673,-0.001821144,0.3985692,0.1094377,0.5626124,89.48412
L,-0.0373197,0.7952729,0.1905296,-0.002710559,0.001326733,-0.002042299,-0.03905049,-0.08603901,-0.01613989,89.49782
L,-0.03736145,0.7952721,0.1905003,-0.003813017,-7.621951E-05,-0.002679932,-0.1006978,-0.1281448,-0.05824104,89.50877
L,-0.03735927,0.7956412,0.1904422,0.0001374543,0.02336205,-0.003678024,0.2500223,1.48339,-0.06316844,89.52457
L,-0.03735839,0.7963365,0.1903286,6.590129E-05,0.05189351,-0.008473181,-0.00534089,2.129655,-0.3579219,89.53796
L,-0.03731642,0.7964072,0.1903722,0.002762025,0.00465534,0.002868898,0.1774027,-3.108233,0.7462996,89.55316
L,-0.0372739,0.7964597,0.1904197,0.002844693,0.003509443,0.003175448,0.005531143,-0.07666921,0.02051057,89.56811
L,-0.03701984,0.7968159,0.1902892,0.02430643,0.03407847,-0.01248432,2.053308,2.92463,-1.498217,89.57856
L,-0.03660998,0.7973696,0.1900752,0.0249402,0.03369458,-0.01302355,0.03856538,-0.02335975,-0.03281277,89.59499
L,-0.03614645,0.7979742,0.1898306,0.03811534,0.04971769,-0.02010836,1.08337,1.317554,-0.5825724,89.60715
L,-0.03561435,0.7985867,0.1894266,0.03707796,0.04267594,-0.02815573,-0.07228691,-0.490684,-0.5607575,89.62151
L,-0.03509956,0.7991593,0.1890328,0.03891269,0.04328413,-0.0297677,0.138686,0.04597306,-0.1218473,89.63474
L,-0.03490542,0.7995868,0.1886995,0.01437643,0.03166049,-0.0246811,-1.816958,-0.8607541,0.3766726,89.64824
L,-0.03473559,0.799952,0.1884041,0.01076912,0.02315403,-0.01873186,-0.2287461,-0.539409,0.3772516,89.66401
L,-0.03473693,0.799998,0.1884061,-0.0001092168,0.003762656,0.0001642815,-0.888377,-1.583593,1.543149,89.67625
L,-0.03460047,0.7999701,0.1880938,0.01003154,-0.002050617,-0.02296099,0.7454677,-0.4273456,-1.699987,89.68986
L,-0.03437168,0.7999164,0.1875706,0.01526072,-0.003586196,-0.03489583,0.3488035,-0.1024282,-0.7960932,89.70485
L,-0.03396666,0.8000538,0.185961,0.02902537,0.009845715,-0.1153518,0.9864193,0.9625737,-5.765735,89.7188
L,-0.0335347,0.800192,0.1842401,0.0315065,0.01008191,-0.1255163,0.1809723,0.01722774,-0.7413865,89.73251
L,-0.0333524,0.8001487,0.1814529,0.01114981,-0.002646699,-0.1704733,-1.245074,-0.7785179,-2.749699,89.74886
L,-0.03318917,0.8001016,0.1789798,0.01284986,-0.003706832,-0.194692,0.1338314,-0.08345571,-1.906541,89.76157
L,-0.03304901,0.8000557,0.1768982,0.01035046,-0.003389084,-0.1537093,-0.1845641,0.02346353,3.026299,89.77511
L,-0.0350779,0.7989407,0.17223,-0.1650724,-0.09071908,-0.3798095,-14.27252,-7.105225,-18.39566,89.7874
L,-0.03672861,0.7980151,0.1682583,-0.1177159,-0.0660067,-0.2832297,3.377101,1.762297,6.887327,89.80142
L,-0.03664215,0.7966184,0.1680986,0.006186406,-0.09992921,-0.01142557,8.864696,-2.427015,19.44646,89.8154
L,-0.03660514,0.7955971,0.1678328,0.002422626,-0.06686673,-0.01740057,-0.2464167,2.164618,-0.3911864,89.83067
L,-0.03659942,0.7946665,0.1674618,0.0004664043,-0.07590327,-0.03026554,-0.1595556,-0.7370495,-1.049308,89.84293
L,-0.03776692,0.7938442,0.1673358,-0.06205429,-0.04370691,-0.00669575,-3.323079,1.71129,1.252773,89.86175
L,-0.03902455,0.7929307,0.1670695,-0.1395769,-0.1013839,-0.02955983,-8.603764,-6.401217,-2.537545,89.87076
L,-0.04102483,0.7936916,0.1671307,-0.1376276,0.0523581,0.004211778,0.1341177,10.57809,2.323628,89.88529
L,-0.04313402,0.7944299,0.1670643,-0.137063,0.04797503,-0.004310044,0.03669299,-0.2848282,-0.5537791,89.90068
L,-0.05173331,0.7944081,0.1684083,-0.6433365,-0.001632063,0.100548,-37.87573,-3.711245,7.844725,89.91405
L,-0.05813545,0.7943273,0.1692314,-0.4748962,-0.00599091,0.06105644,12.49451,-0.3233292,-2.929396,89.92753
L,-0.06306379,0.7942161,0.1697014,-0.3406998,-0.007688885,0.03248822,9.277107,-0.1173824,-1.974944,89.94199
L,-0.06429744,0.7952771,0.1680782,-0.1078701,0.09277539,-0.1419306,20.35854,8.784559,-15.25111,89.95343
L,-0.06556848,0.7960148,0.1668691,-0.08971386,0.05207071,-0.08534115,1.281515,-2.873044,3.994232,89.9676
L,-0.06746922,0.7953155,0.1672553,-0.1097501,-0.04038065,0.0222966,-1.156914,-5.338231,6.215108,89.98492
L,-0.06959486,0.7946442,0.1675665,-0.1693692,-0.05348594,0.02479697,-4.750387,-1.044217,0.1992271,89.99747
L,-0.07188874,0.7940166,0.1677977,-0.1772778,-0.04850568,0.01787063,-0.6111991,0.38489,-0.5352883,90.01041
L,-0.07385759,0.7936221,0.1672443,-0.1489963,-0.02985169,-0.04187717,2.140249,1.411672,-4.521515,90.02362
L,-0.07589853,0.7932521,0.1667269,-0.1479589,-0.02682954,-0.03751339,0.07520179,0.2190922,0.3163541,90.03741
L,-0.07764517,0.7913252,0.1671489,-0.1303733,-0.1438283,0.03149915,1.312632,-8.733065,5.151259,90.05081
L,-0.07955831,0.7895486,0.1674934,-0.1277426,-0.1186203,0.02300568,0.1756539,1.683173,-0.5671194,90.06579
L,-0.08153419,0.787966,0.1677567,-0.1417534,-0.11354,0.01888769,-1.005153,0.3644689,-0.2954315,90.07973
L,-0.08115498,0.7871168,0.1682677,0.02985231,-0.06684966,0.04022617,13.50913,3.67555,1.679806,90.09243
L,-0.08102567,0.7863639,0.1686791,0.009231601,-0.05375136,0.02937347,-1.472112,0.9350876,-0.7747738,90.10644
L,-0.08074611,0.7865068,0.1684935,0.01956305,0.01000234,-0.01299303,0.7229922,4.461465,-2.964795,90.12073
L,-0.08051325,0.7866416,0.1682929,0.01745082,0.01009952,-0.01502979,-0.1582932,0.00728318,-0.1526377,90.13407
L,-0.07917141,0.7866052,0.1679758,0.09798213,-0.002659297,-0.02315786,5.880446,-0.9316567,-0.5935165,90.14777
L,-0.07778564,0.7865016,0.1676164,0.09876876,-0.007383429,-0.02561472,0.05606552,-0.3367055,-0.175109,90.1618
L,-0.07666093,0.7863544,0.1672921,0.08003147,-0.0104718,-0.02307805,-1.333297,-0.2197609,0.180503,90.17585
L,-0.07562071,0.7872195,0.1672632,0.06495652,0.05402126,-0.001805175,-0.9413546,4.027268,1.328384,90.19186
L,-0.07475878,0.7879686,0.1672342,0.07182173,0.06242054,-0.002410054,0.5720515,0.699879,-0.05040225,90.20387
L,-0.07373849,0.7884321,0.1673822,0.07470976,0.03393418,0.01083166,0.2114743,-2.085901,0.969619,90.21752
L,-0.07289581,0.78881,0.1675089,0.0612602,0.02747158,0.009215327,-0.977737,-0.4698097,-0.117502,90.23128
L,-0.0722129,0.7891144,0.1676149,0.04899276,0.02183823,0.007600831,-0.880087,-0.4041459,-0.1158266,90.24522
L,-0.07158464,0.7895232,0.1680499,0.04427293,0.02881384,0.03065881,-0.3326004,0.4915636,1.624869,90.25941
L,-0.07101516,0.789897,0.1684598,0.03955622,0.025963,0.02846574,-0.3276256,-0.1980209,-0.1523321,90.2738
L,-0.0707713,0.7892588,0.1687922,0.01846555,-0.04832828,0.02517512,-1.596993,-5.625365,-0.2491672,90.28701
L,-0.07046514,0.7883991,0.1692318,0.01984615,-0.05572685,0.02849321,0.0894942,-0.4795972,0.215089,90.30244
L,-0.07013198,0.7874228,0.1697297,0.02744687,-0.08043291,0.04101808,0.6261736,-2.035369,1.031841,90.31458
L,-0.06975086,0.7871671,0.1696056,0.02844767,-0.0190819,-0.009262884,0.07470175,4.579385,-3.75309,90.32797
L,-0.06943205,0.7869446,0.1695013,0.02199322,-0.01534951,-0.00719264,-0.4452619,0.25748,0.1428163,90.34247
L,-0.06943662,0.7869992,0.1689916,-0.0002902272,0.003460038,-0.03233812,-1.413715,1.193323,-1.595289,90.35823
L,-0.06945389,0.7870865,0.168106,-0.001345241,0.006804585,-0.06901196,-0.0822133,0.2606282,-2.857857,90.37106
L,-0.07068551,0.7877951,0.1667701,-0.08768693,0.05045237,-0.09511326,-6.147191,3.107552,-1.85831,90.38511
L,-0.0720697,0.7885717,0.1652977,-0.1069114,0.05998177,-0.1137198,-1.484852,0.7360269,-1.437118,90.39806
L,-0.07335313,0.7892735,0.1639528,-0.08453301,0.04622331,-0.08858649,1.473962,-0.9062058,1.655411,90.41324
L,-0.07649995,0.7905094,0.1641202,-0.221515,0.08699903,0.01178693,-9.642591,2.870331,7.065598,90.42744
L,-0.07936881,0.7916312,0.16423,-0.2043627,0.07991254,0.00781993,1.221841,-0.5048048,-0.2825885,90.44148
L,-0.08564404,0.7954165,0.1583385,-0.5192587,0.313225,-0.4875032,-26.05685,19.30602,-40.98674,90.45357
L,-0.09036155,0.7982584,0.1540289,-0.3213794,0.1935989,-0.293593,13.48048,-8.149496,13.21008,90.46825
L,-0.09411819,0.8004802,0.1507055,-0.259426,0.1534345,-0.2295025,4.278375,-2.773672,4.425963,90.48273
L,-0.09922936,0.7971758,0.1483091,-0.4040595,-0.261224,-0.1894496,-11.4339,-32.78053,3.166353,90.49538
L,-0.1033037,0.7950989,0.1462629,-0.3069151,-0.156452,-0.1541364,7.317767,7.892339,2.660101,90.50865
L,-0.107576,0.7991516,0.1364694,-0.2857068,0.271018,-0.6549256,1.41827,28.58641,-33.48952,90.52361
L,-0.111304,0.8022323,0.1290632,-0.2687717,0.2221062,-0.5339637,1.220967,-3.526388,8.720967,90.53748
L,-0.1177812,0.8020797,0.1257689,-0.4976428,-0.01172333,-0.2531048,-17.58417,-17.96512,21.57839,90.55049
L,-0.1231883,0.8021985,0.1225967,-0.3794024,0.008339467,-0.2225784,8.296576,1.407747,2.141952,90.56474
L,-0.1279402,0.8025105,0.1195134,-0.2864976,0.01880893,-0.1858968,5.601296,0.6312116,2.211557,90.58133
L,-0.1296972,0.8020433,0.1232082,-0.161493,-0.04294136,0.3396109,11.4899,-5.67583,48.30249,90.59221
L,-0.131874,0.8017887,0.1257673,-0.1522499,-0.01780533,0.1789913,0.6464834,1.758073,-11.23412,90.60651
L,-0.1284193,0.8069195,0.1344399,0.2143999,0.3184149,0.5382228,22.75451,20.86603,22.29412,90.62262
L,-0.1266792,0.8109154,0.1404427,0.1506461,0.3459379,0.5196848,-5.519378,2.382761,-1.604896,90.63417
L,-0.1261055,0.8140735,0.1445329,0.04191489,0.2307387,0.2988379,-7.944042,-8.416602,-16.13536,90.64786
L,-0.1160525,0.8272034,0.1635911,0.6286603,0.8210691,1.191793,36.69174,36.91593,55.84037,90.66385
L,-0.1134381,0.8222742,0.1606544,0.2210755,-0.4168246,-0.2483367,-34.46642,-104.6795,-121.7811,90.67567
L,-0.09827367,0.8233879,0.2075082,0.9151182,0.06720836,2.827451,41.88286,29.20956,185.6122,90.69225
L,-0.0870941,0.8245487,0.2438882,1.00918,0.1047854,3.284018,8.490939,3.392081,41.21427,90.70332
L,-0.07516293,0.8130671,0.2889428,0.7468203,-0.7186828,2.82015,-16.42215,-51.54424,-29.0354,90.7193
L,-0.06581732,0.8052669,0.3253142,0.7665508,-0.639789,2.983273,1.618346,6.471072,13.37971,90.73149
L,-0.05826103,0.7995117,0.3546993,0.5394433,-0.4108626,2.097805,-16.2132,16.34305,-63.21349,90.7455
L,-0.06060905,0.7809446,0.372821,-0.1692848,-1.338632,1.306514,-51.09704,-66.88921,-57.04958,90.75937
L,-0.061245,0.7676342,0.3900919,-0.0403854,-0.8452641,1.096769,8.185611,31.33077,-13.31964,90.77512
L,-0.06767967,0.7604392,0.3703448,-0.539261,-0.6029812,-1.654914,-41.80859,20.30467,-230.6065,90.78705
L,-0.07146978,0.7540172,0.3608684,-0.2253981,-0.3819121,-0.5635616,18.66545,13.14699,64.90278,90.80386
L,-0.07371711,0.7563856,0.3407557,-0.2042736,0.2152772,-1.828163,1.92013,54.2821,-114.9472,90.81487
L,-0.07492396,0.7568977,0.3294432,-0.08827264,0.03745379,-0.8274297,8.48464,-13.00651,73.19649,90.82854
L,-0.07547857,0.7562201,0.3232569,-0.03627413,-0.04431761,-0.4046204,3.400972,-5.348274,27.65392,90.84383
L,-0.08009253,0.7714701,0.2896656,-0.319304,1.05536,-2.32464,-19.58674,76.10186,-132.8726,90.85828
L,-0.08128379,0.7880793,0.2252843,-0.07974446,1.111849,-4.309803,16.03654,3.781473,-132.8903,90.87321
L,-0.08204945,0.8000115,0.192813,-0.05243335,0.8171206,-2.223652,1.870283,-20.18319,142.861,90.88782
L,-0.08255243,0.8088132,0.1617286,-0.03712092,0.6495812,-2.294089,1.130084,-12.36471,-5.198392,90.90137
L,-0.08289197,0.8157343,0.1378023,-0.02823852,0.5756117,-1.989887,0.7387274,-6.151858,25.29972,90.91339
L,-0.08369271,0.819585,0.1012078,-0.05129721,0.2466894,-2.34434,-1.477199,-21.0716,-22.70713,90.929
L,-0.08772571,0.8170035,0.08429633,-0.3473155,-0.2223175,-1.456385,-25.49259,-40.39006,76.46917,90.94061
L,-0.09071489,0.8158938,0.06608843,-0.2059926,-0.07647378,-1.254756,9.738952,10.05049,13.89477,90.95512
L,-0.09335154,0.8130521,0.07822573,-0.1616416,-0.17421,0.7440881,2.718973,-5.991805,122.5409,90.97144
L,-0.09454072,0.8121903,0.08104467,-0.1100771,-0.07977467,0.2609346,4.773073,8.741402,-44.72309,90.98224
L,-0.09557956,0.8117145,0.08157714,-0.07432483,-0.03404323,0.03809607,2.557925,3.271895,-15.94317,90.99622
L,-0.09989579,0.8105705,0.1077593,-0.3071316,-0.08139929,1.863054,-16.56593,-3.369736,129.8593,91.01027
L,-0.103312,0.8100122,0.1254072,-0.2364158,-0.03863764,1.221301,4.893801,2.959269,-44.41175,91.02472
L,-0.1061675,0.8098235,0.1368382,-0.2012207,-0.01329805,0.8055349,2.480155,1.785651,-29.29852,91.03891
L,-0.108437,0.7981082,0.1719379,-0.1375892,-0.7102437,2.12793,3.857684,-42.25257,80.17065,91.0554
L,-0.1105539,0.7898861,0.1983424,-0.1572935,-0.610934,1.961952,-1.464111,7.379097,-12.3328,91.06886
L,-0.1041573,0.7640802,0.2351839,0.4880158,-1.968823,2.810764,49.23282,-103.5979,64.75875,91.08197
L,-0.09986526,0.7457904,0.2642032,0.2992375,-1.275145,2.023202,-13.16147,48.36259,-54.90818,91.09631
L,-0.09698372,0.7313437,0.2877342,0.2449342,-1.227986,2.000162,-4.615851,4.008593,-1.958394,91.10808
L,-0.09610941,0.7132547,0.3028014,0.06496521,-1.344082,1.119557,-13.37239,-8.626373,-65.43237,91.12154
L,-0.09547873,0.6986555,0.3169184,0.04517162,-1.045658,1.011117,-1.417697,21.37432,-7.766914,91.1355
L,-0.1039061,0.6910094,0.310666,-0.5147199,-0.4670026,-0.3818823,-34.19669,35.34276,-85.0807,91.15187
L,-0.1099466,0.6830189,0.3093587,-0.4448017,-0.5883866,-0.09626273,5.148492,-8.938229,21.03187,91.16545
L,-0.1145616,0.67489,0.3112778,-0.3570772,-0.6289708,0.1484859,6.787623,-3.140173,18.93725,91.17838
L,-0.1115592,0.6879435,0.2862676,0.2487531,1.081508,-2.072142,50.19429,141.7167,-183.9837,91.19044
L,-0.1074272,0.7138924,0.2356755,0.2812003,1.765929,-3.442995,2.208166,46.57761,-93.29204,91.20514
L,-0.1047159,0.7319602,0.209005,0.2000974,1.333434,-1.968333,-5.985538,-31.91889,108.8327,91.21869
L,-0.1029246,0.7443473,0.1863754,0.1329519,0.9193667,-1.679565,-4.983526,-30.73199,21.43232,91.23216
L,-0.1017018,0.7532575,0.1687773,0.08682042,0.6326559,-1.24952,-3.275482,-20.3574,30.53459,91.24625
L,-0.1000321,0.7602845,0.1361562,0.1194578,0.5027549,-2.333903,2.335069,-9.293881,-77.58315,91.26022
L,-0.1039465,0.7552915,0.1274814,-0.2565332,-0.3272265,-0.5685127,-24.64095,-54.39367,115.6966,91.27548
L,-0.1067929,0.7521663,0.1176284,-0.226108,-0.2482528,-0.7826983,2.416908,6.27348,-17.01439,91.28807
L,-0.1089592,0.7502655,0.1079558,-0.1382402,-0.1212991,-0.6172403,5.607111,8.101302,10.55838,91.30374
L,-0.1179259,0.7275868,0.128043,-0.7308999,-1.848594,1.637361,-48.30914,-140.796,183.7781,91.31601
L,-0.1246212,0.7118875,0.1407032,-0.4182871,-0.9808114,0.7909412,19.5304,54.21449,-52.87988,91.33202
L,-0.1422458,0.6656467,0.1671398,-1.434834,-3.764519,2.152236,-82.75824,-226.6249,110.8246,91.3443
L,-0.1555016,0.6342143,0.1859297,-0.996255,-2.362327,1.412175,32.96179,105.3831,-55.61995,91.3576
L,-0.1661773,0.6094383,0.1994718,-0.799596,-1.855683,1.014278,14.72942,37.94677,-29.80184,91.37096
L,-0.1753295,0.5880691,0.2096756,-0.6280606,-1.466439,0.700225,11.77146,26.71152,-21.5516,91.38553
L,-0.1834881,0.573899,0.2191627,-0.5786545,-1.005035,0.6728875,3.504194,32.72573,-1.93895,91.39963
L,-0.180124,0.5892264,0.2128564,0.2590691,1.180371,-0.4856499,64.51358,168.2994,-89.21964,91.41261
L,-0.179227,0.5960804,0.2098237,0.06168227,0.4713364,-0.208554,-13.57391,-48.75899,19.05536,91.42715
L,-0.179464,0.6011025,0.2070856,-0.01443515,0.3058819,-0.1667707,-4.636089,-10.07735,2.544895,91.44357
L,-0.1652846,0.6289679,0.1919744,0.9823062,1.930427,-1.046857,69.05121,112.5435,-60.96973,91.45801
L,-0.1474969,0.663128,0.1702638,1.406197,2.700505,-1.716316,33.51038,60.878,-52.92358,91.47066
L,-0.134827,0.6878031,0.1548871,1.0484,2.0418,-1.272383,-29.60677,-54.5062,36.73434,91.48274
L,-0.1255872,0.7059308,0.1429436,0.5606843,1.100014,-0.7247477,-29.59533,-57.14893,33.23133,91.49922
L,-0.1184597,0.7200418,0.1332144,0.6869262,1.359967,-0.9376709,12.16675,25.05327,-20.52078,91.5096
L,-0.1110839,0.7400416,0.1323981,0.51478,1.395858,-0.05697343,-12.01467,2.505,61.46687,91.52393
L,-0.1081807,0.7546327,0.1379854,0.173127,0.8701021,0.3331882,-20.37358,-31.3521,23.26627,91.5407
L,-0.1052789,0.7670704,0.1408671,0.2728427,1.169465,0.2709492,9.375852,28.14785,-5.852078,91.55133
L,-0.1023236,0.7782106,0.141961,0.2040872,0.7693213,0.07554107,-4.74812,-27.63311,-13.49448,91.56581
L,-0.1015703,0.7852337,0.1471587,0.04701591,0.4383445,0.3244159,-9.803639,-20.658,15.53358,91.58183
L,-0.1002148,0.7926046,0.150345,0.1223582,0.6653754,0.2876326,6.801145,20.49407,-3.320426,91.59291
L,-0.09968387,0.7974988,0.1490027,0.03207175,0.2956149,-0.08107629,-5.453466,-22.33421,-22.2707,91.60947
L,-0.0985932,0.8032738,0.1476625,0.07628392,0.4039196,-0.09374271,3.092303,7.575084,-0.8859194,91.62376
L,-0.09714469,0.8096242,0.1463488,0.126068,0.5526955,-0.1143343,4.332868,12.94844,-1.792155,91.63525
L,-0.09500202,0.8172628,0.1398923,0.132599,0.4727116,-0.3995588,0.4041715,-4.949785,-17.65106,91.65141
L,-0.09284224,0.8249202,0.1348898,0.1862414,0.6603156,-0.4313695,4.625666,16.17739,-2.743084,91.66301
L,-0.09285378,0.8261825,0.1317984,-0.0008353597,0.09130536,-0.223621,-13.5323,-41.15966,15.02761,91.67683
L,-0.09235665,0.8287539,0.1292589,0.03111755,0.1609547,-0.1589549,2.000063,4.359634,4.047712,91.69281
L,-0.09210736,0.831084,0.1241818,0.01970795,0.1842016,-0.4013654,-0.901978,1.837769,-19.16359,91.70546
L,-0.09145688,0.8345537,0.1195953,0.04390257,0.2341859,-0.3095587,1.632975,3.373607,6.196336,91.72028
L,-0.09053981,0.8387571,0.1154431,0.08056444,0.3692663,-0.3647749,3.22074,11.86679,-4.85073,91.73166
L,-0.0862283,0.8449361,0.1101972,0.3018799,0.432638,-0.3673017,15.49586,4.437106,-0.1769227,91.74594
L,-0.0826495,0.8509583,0.105583,0.2492455,0.4194175,-0.3213544,-3.665723,-0.9207459,3.200001,91.7603
L,-0.08077475,0.8563416,0.1048764,0.1325391,0.3805791,-0.04995375,-8.250777,-2.74575,19.18718,91.77444
L,-0.07890759,0.8617654,0.1034788,0.1398465,0.4062366,-0.1046808,0.5473125,1.921701,-4.098963,91.7878
L,-0.07702944,0.8672274,0.1016432,0.1310825,0.3812109,-0.1281133,-0.6116744,-1.74663,-1.63543,91.80212
L,-0.07146662,0.8749154,0.1095432,0.4128714,0.5706,0.5863406,20.91429,14.05641,53.02656,91.8156
L,-0.06684168,0.8820653,0.1147073,0.3379042,0.5223793,0.3772917,-5.477198,-3.523072,-15.27339,91.82928
L,-0.05934878,0.8908792,0.1354492,0.5185372,0.6099525,1.435421,12.50048,6.0604,73.22658,91.84373
L,-0.05312027,0.8989584,0.1509408,0.4393877,0.5699467,1.09285,-5.583574,-2.822196,-24.16655,91.85791
L,-0.0477406,0.9065385,0.1626572,0.4066462,0.5729797,0.8856329,-2.474909,0.2292658,-15.66343,91.87114
L,-0.03960935,0.9019235,0.1986019,0.5767201,-0.3273302,2.549426,12.06273,-63.85575,118.0069,91.88524
L,-0.03263506,0.9002903,0.2270121,0.4811236,-0.1126645,1.959888,-6.594753,14.80877,-40.66946,91.89973
L,-0.01729904,0.8953649,0.2649258,1.143414,-0.3672275,2.826746,49.3787,-18.97957,64.63074,91.91315
L,-0.004668797,0.8930528,0.2958522,0.8252601,-0.1510741,2.020733,-20.78818,14.12346,-52.66491,91.92845
L,0.005114467,0.8876842,0.3305386,0.7084597,-0.3887647,2.511831,-8.458158,-17.21247,35.56312,91.94226
L,0.0139227,0.8845692,0.3601642,0.6076379,-0.214889,2.043731,-6.955218,11.99486,-32.29197,91.95676
L,0.02216383,0.882847,0.386353,0.7269062,-0.1519074,2.309974,10.52001,5.555264,23.48379,91.96809
L,0.02251329,0.8765604,0.4028145,0.02274254,-0.4091322,1.071317,-45.82728,-16.7403,-80.6123,91.98346
L,0.02458595,0.8723236,0.4197525,0.1323919,-0.2706277,1.081923,7.003881,8.847005,0.6774336,91.99911
L,0.02398286,0.8637487,0.4188894,-0.05670578,-0.8062679,-0.08115697,-17.78007,-50.36401,-109.3595,92.00975
L,0.02510213,0.8574635,0.4229037,0.06638239,-0.3727658,0.2380833,7.300187,25.7104,18.93369,92.02661
L,0.02384838,0.8578694,0.4172477,-0.08970062,0.02904527,-0.4046615,-11.16709,28.74792,-45.98572,92.04059
L,0.02344717,0.8579929,0.4145086,-0.02830376,0.00870812,-0.1932353,4.331222,-1.434677,14.91499,92.05476
L,0.02360062,0.8579396,0.4141859,0.01412415,-0.004904758,-0.02970012,3.905274,-1.252997,15.05259,92.06563
L,0.02938273,0.8540626,0.4044579,0.4224491,-0.2832619,-0.7107372,29.83276,-20.33714,-49.75747,92.07932
L,0.03453925,0.8509521,0.4001173,0.37136,-0.2240041,-0.3125987,-3.679314,4.267604,28.67297,92.0932
L,0.03666784,0.8512343,0.3891844,0.1516294,0.02009596,-0.7788086,-15.65247,17.38842,-33.21036,92.10724
L,0.03915381,0.8510567,0.3829887,0.1746202,-0.01247237,-0.4351973,1.614928,-2.287672,24.13602,92.12148
L,0.04189645,0.8505793,0.3796001,0.1813738,-0.03157322,-0.224091,0.4466241,-1.263162,13.96071,92.1366
L,0.04105083,0.8493199,0.3748726,-0.06791448,-0.1011412,-0.3796865,-20.02127,-5.587266,-12.49645,92.14905
L,0.04120197,0.8482776,0.3724039,0.009663443,-0.06664253,-0.1578392,4.960143,2.205763,14.18438,92.16469
L,0.041691,0.8452754,0.3718038,0.03476038,-0.213399,-0.04265947,1.783897,-10.43149,8.187004,92.17876
L,0.04257404,0.8425646,0.3715502,0.07428895,-0.2280518,-0.02132893,3.325474,-1.232713,1.794504,92.19064
L,0.04377211,0.8399981,0.3715407,0.08460841,-0.1812534,-0.0006734914,0.7287672,3.304937,1.458701,92.2048
L,0.04370902,0.8371432,0.373478,-0.004097643,-0.1854288,0.1258323,-5.761585,-0.2711998,8.216736,92.2202
L,0.0440605,0.8343147,0.3753812,0.02659864,-0.2140499,0.1440238,2.322993,-2.165948,1.376668,92.23341
L,0.04276831,0.8307031,0.3772211,-0.09579758,-0.267746,0.1364072,-9.073935,-3.980805,-0.5646597,92.2469
L,0.04209245,0.8274495,0.378913,-0.04411699,-0.2123809,0.1104333,3.373445,3.61395,-1.695448,92.26222
L,0.04040514,0.8295969,0.3752297,-0.1387445,0.1765801,-0.3028643,-7.781063,31.98363,-33.98478,92.27438
L,0.03814976,0.8324037,0.3699301,-0.164781,0.2050629,-0.3872,-1.902265,2.080986,-6.161678,92.28807
L,0.03652131,0.8343496,0.3657765,-0.1136549,0.135816,-0.2898945,3.568268,-4.832973,6.79128,92.3024
L,0.03715603,0.833523,0.3658151,0.04501832,-0.05862757,0.002741562,11.25412,-13.79119,20.75562,92.3165
L,0.03759725,0.8329241,0.3658158,0.03181026,-0.04317932,5.156766E-05,-0.9522585,1.11377,-0.19394,92.33037
L,0.03747759,0.8319511,0.3561338,-0.008790978,-0.0714905,-0.711347,-2.983008,-2.080047,-52.26706,92.34398
L,0.03744014,0.831045,0.3485333,-0.002369295,-0.05731555,-0.4808006,0.4062273,0.8966892,14.58406,92.35979
L,0.03746267,0.8302249,0.3426001,0.001696918,-0.06178161,-0.4469379,0.3063027,-0.3364227,2.550835,92.37306
L,0.03612817,0.8292387,0.3351011,-0.09465126,-0.0699447,-0.5318778,-6.83363,-0.578979,-6.024486,92.38716
L,0.03519165,0.8283448,0.3289836,-0.07624315,-0.07277271,-0.4980347,1.498626,-0.2302316,2.755204,92.39944
L,0.03345983,0.8232203,0.3218106,-0.1259674,-0.3727456,-0.5217401,-3.616788,-21.81911,-1.724258,92.41319
L,0.03216598,0.819298,0.3156945,-0.08470875,-0.2567901,-0.4004257,2.701223,7.591668,7.942518,92.42847
L,0.02926193,0.8146346,0.308362,-0.2279282,-0.366018,-0.5754982,-11.24076,-8.572886,-13.74078,92.44121
L,0.02702346,0.8108248,0.3019188,-0.1572353,-0.2676095,-0.452587,4.965627,6.912427,8.633557,92.45544
L,0.02520489,0.8075477,0.2960309,-0.1236323,-0.2227859,-0.4002792,2.284449,3.047262,3.556063,92.47015
L,0.02364624,0.804599,0.2904788,-0.1204568,-0.2278845,-0.4290794,0.2454132,-0.3940372,-2.22577,92.48309
L,0.02224879,0.8018528,0.2851299,-0.09589933,-0.188453,-0.3670627,1.685232,2.70595,4.255839,92.49767
L,0.0196558,0.8004355,0.2756821,-0.2011056,-0.1099205,-0.7327501,-8.159522,6.090781,-28.36176,92.51056
L,0.01749803,0.7987511,0.2675864,-0.07392107,-0.0577055,-0.2773458,4.357116,1.788793,15.60135,92.53975
L,0.01250173,0.7969952,0.2480674,-0.4052446,-0.1424234,-1.583164,-26.87329,-6.871378,-105.9135,92.55208
L,0.01018471,0.79553,0.2393359,-0.1155622,-0.07307422,-0.4354829,14.44797,3.458805,57.2408,92.57213
L,0.006890634,0.7954037,0.2380853,-0.4005199,-0.0153641,-0.1520593,-34.64748,7.016866,34.46095,92.58035
L,0.004335237,0.7948703,0.2356326,-0.1566609,-0.03269703,-0.1503632,14.95,-1.062611,0.1039797,92.59666
L,-0.001050914,0.7924547,0.2342382,-0.5237193,-0.234885,-0.1355843,-35.69071,-19.65963,1.437025,92.60695
L,-0.005795896,0.7901247,0.2316593,-0.2569976,-0.1261945,-0.1396775,14.44618,5.886896,-0.2216983,92.62541
L,-0.009916965,0.7879462,0.2283653,-0.363987,-0.1924118,-0.2909432,-9.449674,-5.848539,-13.36031,92.63673
L,-0.01425499,0.7878612,0.228317,-0.3585078,-0.007024354,-0.003992454,0.4528196,15.321,23.71451,92.64883
L,-0.01083406,0.7899879,0.2338417,0.2285362,0.1420704,0.3690789,39.21765,9.960321,24.92315,92.6638
L,-0.01835421,0.7883976,0.2313527,-0.5415828,-0.1145304,-0.1792518,-55.4621,-18.47977,-39.48945,92.67769
L,-0.02644617,0.7864735,0.2279942,-0.6798906,-0.1616637,-0.2821777,-11.62069,-3.960162,-8.64789,92.68959
L,-0.03294849,0.7847682,0.2248046,-0.4357221,-0.1142678,-0.2137394,16.36179,3.176008,4.586071,92.70451
L,-0.03850916,0.7820118,0.2149037,-0.4160089,-0.2062152,-0.7407104,1.474797,-6.878843,-39.42417,92.71788
L,-0.04349293,0.779657,0.2069813,-0.3470951,-0.1640002,-0.5517557,4.799511,2.940065,13.15976,92.73224
L,-0.04839988,0.7798631,0.1918119,-0.2750916,0.01155167,-0.8504197,4.036632,9.84172,-16.74358,92.75008
L,-0.0530036,0.7796165,0.1798281,-0.4509858,-0.02414985,-1.173949,-17.23079,-3.497362,-31.69332,92.76028
L,-0.05741061,0.7790756,0.1696948,-0.2986739,-0.036663,-0.6867577,10.32256,-0.8480476,33.01818,92.77504
L,-0.0594711,0.776125,0.1668809,-0.1555716,-0.2227778,-0.2124552,10.80455,-14.05209,35.81093,92.78828
L,-0.06207327,0.7736697,0.163012,-0.1825866,-0.1722765,-0.2714687,-1.895564,3.543523,-4.1408,92.80254
L,-0.06113904,0.7728752,0.1627767,0.07169244,-0.06096769,-0.01806183,19.51339,8.541843,19.44646,92.81557
L,-0.06103776,0.772118,0.1617318,0.007781303,-0.0581816,-0.08027733,-4.910293,0.2140549,-4.780017,92.82858
L,-0.06148123,0.771153,0.1598224,-0.03068927,-0.06677749,-0.132136,-2.66231,-0.5948681,-3.588818,92.84303
L,-0.05949344,0.7713535,0.1588532,0.148712,0.01500071,-0.07250977,13.42151,6.118055,4.460806,92.8564
L,-0.05779942,0.7713674,0.1570581,0.1205418,0.0009882262,-0.1277367,-2.004518,-0.9970927,-3.929807,92.87045
L,-0.05666701,0.7730678,0.1569218,0.07666671,0.1151214,-0.009228919,-2.970455,7.727098,8.023271,92.88522
L,-0.05590601,0.7745149,0.1562349,0.0534545,0.1016462,-0.04824407,-1.630478,-0.9465246,-2.740511,92.89946
L,-0.05490936,0.7764822,0.1570212,0.08053871,0.1589714,0.06353316,2.188645,4.63238,9.032593,92.91183
L,-0.05425858,0.7781078,0.1572366,0.04160894,0.1039367,0.01377287,-2.489074,-3.51878,-3.181551,92.92747
L,-0.05390409,0.7793567,0.1570284,0.02578434,0.09084524,-0.01514268,-1.151034,-0.9522357,-2.103229,92.94122
L,-0.05071315,0.7807047,0.1598625,0.2187464,0.09240978,0.1942818,13.22799,0.1072528,14.35653,92.95581
L,-0.04804494,0.7818819,0.1619426,0.1989349,0.08776397,0.1550935,-1.477097,-0.3463797,-2.921783,92.96922
L,-0.04524948,0.7851731,0.1647914,0.2298659,0.2706291,0.23425,2.543406,15.0367,6.508914,92.98138
L,-0.0432492,0.787643,0.1665829,0.1379901,0.1703865,0.1235845,-6.338078,-6.915262,-7.63429,92.99588
L,-0.04183912,0.7894629,0.1676436,0.08809473,0.113702,0.06626754,-3.117199,-3.541348,-3.580862,93.01189
L,-0.043674,0.7951761,0.1703029,-0.160549,0.4998957,0.2326879,-21.75583,33.79117,14.56144,93.02332
L,-0.04503644,0.7999245,0.1722949,-0.09508874,0.3314031,0.1390234,4.568696,-11.75967,-6.537161,93.03764
L,-0.04293812,0.8008404,0.1713569,0.1541647,0.06729523,-0.06891663,18.31286,-19.40423,-15.27753,93.05125
L,-0.04123862,0.8017727,0.170595,0.1128457,0.06190239,-0.05058831,-2.743549,-0.3580803,1.216985,93.06631
L,-0.0412968,0.8027887,0.1700127,-0.004418295,0.07715183,-0.04421576,-8.904995,1.158039,0.48393,93.07948
L,-0.04133102,0.8038824,0.169475,-0.002472361,0.07902512,-0.03885254,0.140605,0.1353557,0.3875236,93.09332
L,-0.04133258,0.8051168,0.1689369,-0.0001138058,0.08978739,-0.03914379,0.1715542,0.7828146,-0.02118441,93.10707
L,-0.04144207,0.8048682,0.1687955,-0.007617343,-0.01729614,-0.009835083,-0.5220295,-7.449922,2.03904,93.12144
L,-0.04154952,0.804644,0.1686438,-0.008226056,-0.01715829,-0.01161265,-0.04660348,0.01055395,-0.136092,93.13451
L,-0.04172579,0.8044302,0.168407,-0.01207131,-0.01464538,-0.01621686,-0.2633258,0.1720863,-0.3152989,93.14911
L,-0.04193395,0.8042305,0.1681057,-0.01372444,-0.01316493,-0.01986725,-0.1089931,0.09760836,-0.2406764,93.16428
L,-0.04214234,0.8040822,0.1677825,-0.01507366,-0.0107271,-0.02337714,-0.09759703,0.1763417,-0.2538897,93.1781
L,-0.04228365,0.8040459,0.1676017,-0.01223348,-0.003147705,-0.01565596,0.2458843,0.6561732,0.668448,93.18965
L,-0.04239931,0.8040472,0.1674439,-0.007978773,9.457237E-05,-0.01088405,0.2935119,0.2236693,0.3291918,93.20415
L,-0.04257854,0.8038984,0.1673006,-0.01143729,-0.009497475,-0.009144695,-0.2206983,-0.6120977,0.1109933,93.21982
L,-0.04277265,0.8037618,0.1671395,-0.01705286,-0.01200151,-0.01414838,-0.4933276,-0.219979,-0.4395727,93.2312
L,-0.04296926,0.803648,0.1669704,-0.01282091,-0.007419932,-0.01102593,0.2759658,0.2987643,0.2036148,93.24654
L,-0.04357572,0.8040411,0.1667673,-0.04114401,0.02667249,-0.01377903,-1.921515,2.31292,-0.1867782,93.26128
L,-0.04438416,0.8046221,0.1664937,-0.06706512,0.04819521,-0.02270199,-2.150336,1.78546,-0.7402211,93.27333
L,-0.0451197,0.806591,0.1653221,-0.0493897,0.1322041,-0.07867032,1.186861,5.640993,-3.758136,93.28822
L,-0.04585152,0.8086698,0.1641263,-0.05001166,0.1420629,-0.08171659,-0.04250364,0.6737232,-0.2081758,93.30286
L,-0.04627018,0.808563,0.1644731,-0.03399908,-0.008674102,0.02816542,1.300372,-12.24126,8.923454,93.31517
L,-0.04655896,0.8085052,0.1647117,-0.02037195,-0.004078646,0.01682652,0.9613216,0.3241849,-0.799899,93.32935
L,-0.04688485,0.8084711,0.164971,-0.02313887,-0.002416542,0.01841503,-0.1964607,0.1180148,0.1127894,93.34343
L,-0.04685713,0.8082812,0.1653637,0.002020474,-0.01384351,0.02862773,1.834086,-0.8330117,0.7444934,93.35715
L,-0.04681833,0.8080525,0.1658868,0.002794739,-0.01647064,0.03767492,0.05576071,-0.1891997,0.651557,93.37103
L,-0.04670326,0.8077362,0.1663242,0.007757995,-0.02133166,0.02948877,0.3346419,-0.327749,-0.5519419,93.38586
L,-0.04658693,0.8074379,0.166762,0.008722859,-0.02236485,0.03282434,0.07234935,-0.07747219,0.2501145,93.3992
L,-0.04609413,0.8068411,0.167339,0.03746681,-0.0453705,0.04386941,2.18534,-1.749071,0.8397325,93.41235
L,-0.04557021,0.8062364,0.1679401,0.03510782,-0.04052435,0.0402837,-0.1580761,0.324742,-0.2402791,93.42728
L,-0.04506618,0.8056798,0.1685098,0.03462498,-0.03823539,0.03913416,-0.0331696,0.1572424,-0.07896926,93.44183
L,-0.04500271,0.8057485,0.1687362,0.005023459,0.005434783,0.01792134,-2.342953,3.456483,-1.678989,93.45447
L,-0.0449576,0.8058054,0.1688959,0.003182763,0.004019779,0.01126568,-0.1298512,-0.09982096,-0.4695209,93.46864
L,-0.04454501,0.8057683,0.1690495,0.02852222,-0.002567082,0.01061651,1.751737,-0.455355,-0.04487777,93.48311
L,-0.04397156,0.8057221,0.1692576,0.04400649,-0.003549473,0.01596805,1.188264,-0.07538874,0.4106776,93.49614
L,-0.04331364,0.8056749,0.1694925,0.04153895,-0.002976728,0.01483284,-0.1557925,0.03616128,-0.07167403,93.51198
L,-0.04288331,0.8053897,0.1698981,0.03019528,-0.02001221,0.02845624,-0.7959515,-1.195329,0.9559135,93.52623
L,-0.04245163,0.8051088,0.1703017,0.0347977,-0.02264472,0.03253647,0.3710013,-0.2122066,0.3289079,93.53864
L,-0.04198647,0.8039864,0.171028,0.03142795,-0.07582957,0.04907478,-0.2276702,-3.593322,1.117376,93.55344
L,-0.04148479,0.8027959,0.171801,0.03980349,-0.09445464,0.06132363,0.6645277,-1.477739,0.9718408,93.56604
L,-0.04100507,0.8016793,0.1725281,0.03634562,-0.08460531,0.05508829,-0.2619826,0.7462258,-0.4724158,93.57924
L,-0.04088336,0.8013288,0.1726202,0.008932048,-0.02571651,0.006764855,-2.011843,4.321765,-3.546388,93.59286
L,-0.04079354,0.80108,0.1726885,0.005988275,-0.01658666,0.004548019,-0.1962595,0.6086813,-0.1477951,93.60786
L,-0.04069538,0.8007287,0.1729783,0.007533196,-0.0269641,0.02224138,0.1185573,-0.7963653,1.35779,93.6209
L,-0.04057817,0.8003269,0.1733101,0.008358429,-0.02865292,0.02366384,0.05884925,-0.1204333,0.1014388,93.63492
L,-0.04060946,0.7994052,0.1738084,-0.002268293,-0.06681675,0.03612201,-0.7703903,-2.766709,0.9031621,93.64871
L,-0.04063498,0.7983904,0.1743587,-0.001560496,-0.06204087,0.03364313,0.04327071,0.2919706,-0.1515448,93.66507
L,-0.04065098,0.7973859,0.1749058,-0.001170022,-0.07346889,0.040014,0.02856036,-0.8358778,0.4659835,93.67874
L,-0.04054941,0.7967244,0.1756432,0.008770085,-0.05711668,0.0636747,0.8582805,1.411934,2.042988,93.69032
L,-0.04044985,0.796096,0.1763332,0.006544536,-0.04131144,0.04535481,-0.1462924,1.03893,-1.204225,93.70554
L,-0.04041952,0.7947072,0.1768957,0.001975937,-0.09047279,0.03664342,-0.297622,-3.202623,-0.5675049,93.72089
L,-0.04038345,0.7933164,0.1774653,0.003319215,-0.128012,0.05242988,0.1236419,-3.455293,1.453064,93.73175
L,-0.04034398,0.7920082,0.1780092,0.002694702,-0.08930664,0.03713379,-0.04263342,2.642285,-1.044213,93.7464
L,-0.04034789,0.7914999,0.1787433,-0.0002687082,-0.03492286,0.05042502,-0.2035745,3.735949,0.9130545,93.76096
L,-0.04034684,0.791017,0.1794017,8.487936E-05,-0.03887535,0.05301151,0.02846771,-0.318219,0.2082409,93.77338
L,-0.04039845,0.7901986,0.1799677,-0.003146348,-0.04989099,0.03450672,-0.1969876,-0.6715546,-1.12812,93.78978
L,-0.04044511,0.7893506,0.1805467,-0.003851518,-0.06999272,0.04779007,-0.05820407,-1.659178,1.096394,93.8019
L,-0.04024964,0.787604,0.1819825,0.01367161,-0.1221652,0.1004234,1.225609,-3.649064,3.681297,93.81619
L,-0.0400556,0.7858595,0.1834079,0.01448354,-0.1302098,0.1063953,0.06060443,-0.6004725,0.4457574,93.82959
L,-0.03988128,0.784271,0.1846934,0.01219244,-0.1111051,0.08990837,-0.1602453,1.33623,-1.153132,93.84389
L,-0.03986917,0.7841187,0.1847327,0.0008825996,-0.01110609,0.002865597,-0.8244736,7.289805,-6.345312,93.8576
L,-0.03986135,0.7840215,0.1847667,0.0004841315,-0.006012453,0.002105281,-0.02465911,0.3152187,-0.04705204,93.87376
L,-0.03989767,0.7837023,0.1847563,-0.002615792,-0.02298678,-0.0007512019,-0.223249,-1.22245,-0.205717,93.88765
L,-0.03994411,0.7832302,0.184768,-0.003538904,-0.03597384,0.0008925327,-0.07034536,-0.9896742,0.1252602,93.90077
L,-0.03999703,0.7826156,0.1848112,-0.004004357,-0.04651415,0.003269116,-0.035224,-0.7976556,0.1798519,93.91399
L,-0.03985103,0.7824476,0.1845867,0.0102883,-0.01183636,-0.01582241,1.007186,2.443703,-1.345357,93.92818
L,-0.03969153,0.782249,0.1843607,0.01100303,-0.01370066,-0.01558799,0.04930625,-0.1286092,0.01617149,93.94267
L,-0.03960879,0.7822423,0.1842368,0.005849367,-0.0004761664,-0.008758512,-0.364348,0.9349301,0.4828229,93.95682
L,-0.03952283,0.7822243,0.1841194,0.006387516,-0.001337514,-0.008727059,0.03998654,-0.06400146,0.00233712,93.97028
L,-0.03952128,0.7819911,0.1839689,0.0001257052,-0.01895937,-0.01223732,-0.5091489,-1.432836,-0.2854201,93.98257
L,-0.0395214,0.7816132,0.1837513,-9.256517E-06,-0.02934779,-0.01689661,-0.01047968,-0.8066534,-0.3617908,93.99545
L,-0.03952309,0.7811273,0.1834981,-0.0001191826,-0.03424059,-0.01784379,-0.007746363,-0.3447902,-0.06674647,94.00964
L,-0.03936224,0.7811642,0.1832643,0.01131063,0.002594387,-0.01643391,0.8037167,2.590147,0.09913943,94.02386
L,-0.03918497,0.7812003,0.1830171,0.01260078,0.002571685,-0.01757495,0.09170446,-0.001613658,-0.08110513,94.03793
L,-0.03906236,0.781059,0.1826242,0.007587494,-0.00874941,-0.02431262,-0.3102462,-0.7006037,-0.4169598,94.05409
L,-0.03892756,0.7808865,0.1821921,0.009837671,-0.01258874,-0.03153601,0.1642178,-0.280194,-0.5271623,94.06779
L,-0.03878955,0.7806953,0.1817524,0.01170075,-0.01621119,-0.03728245,0.1579542,-0.3071164,-0.4871913,94.07959
L,-0.03849802,0.7807844,0.1807023,0.0213947,0.006539579,-0.07706314,0.7114255,1.669647,-2.919448,94.09322
L,-0.03818846,0.7808677,0.1795905,0.0223678,0.006020879,-0.08033007,0.07031223,-0.03747902,-0.2360552,94.10706
L,-0.03797055,0.7803899,0.1780058,0.0150962,-0.03309989,-0.1097859,-0.5037545,-2.710168,-2.040607,94.12149
L,-0.03776759,0.7799246,0.1765228,0.01463232,-0.03354906,-0.1069202,-0.03344411,-0.03238342,0.2066069,94.13536
L,-0.03758844,0.7795011,0.1752139,0.01175272,-0.02778169,-0.08586711,-0.1889066,0.3783488,1.381114,94.1506
L,-0.03772783,0.7793158,0.1740928,-0.01096669,-0.01457927,-0.08820247,-1.787442,1.038696,-0.1837333,94.16331
L,-0.03784516,0.7791381,0.1730946,-0.008505763,-0.0128768,-0.07236393,0.1784064,0.1234217,1.148224,94.17711
L,-0.03865233,0.7798024,0.1707413,-0.05937029,0.048861,-0.1730916,-3.741254,4.54102,-7.408853,94.1907
L,-0.03942079,0.7804147,0.1684397,-0.05546455,0.04419053,-0.1661189,0.2819009,-0.3370972,0.5032642,94.20456
L,-0.04035246,0.7803249,0.167267,-0.05722363,-0.005513414,-0.07203041,-0.108044,-3.052856,5.778989,94.22084
L,-0.0411167,0.7802424,0.1662461,-0.06740975,-0.007276245,-0.09005142,-0.8984625,-0.1554898,-1.589536,94.23218
L,-0.04178737,0.7801671,0.165298,-0.03992109,-0.004484559,-0.05643485,1.636237,0.1661725,2.000995,94.24898
L,-0.04451236,0.7813468,0.164545,-0.254032,0.1099751,-0.0701972,-19.96013,10.67031,-1.282973,94.2597
L,-0.04717493,0.7824773,0.1637025,-0.198741,0.08438479,-0.06288595,4.127046,-1.910122,0.5457288,94.2731
L,-0.04879675,0.7852364,0.1627733,-0.1052348,0.17903,-0.06028872,6.067353,6.141257,0.1685274,94.28851
L,-0.05023651,0.7875432,0.161886,-0.1066172,0.1708201,-0.06570666,-0.1023702,-0.6079615,-0.4012091,94.30202
L,-0.0514949,0.7894287,0.1610634,-0.08581657,0.1285851,-0.05609798,1.41851,-2.880239,0.6552699,94.31668
L,-0.05006762,0.7933457,0.1598011,0.1147704,0.3149731,-0.1015074,16.12965,14.98788,-3.651473,94.32912
L,-0.04901066,0.7968404,0.158578,0.07512911,0.248407,-0.0869363,-2.81771,-4.73154,1.035716,94.34319
L,-0.04899485,0.7964523,0.1588259,0.00106598,-0.02616625,0.01671509,-4.993623,-18.51279,6.988578,94.35802
L,-0.04900699,0.7960479,0.1590637,-0.0007994072,-0.02663709,0.01566131,-0.1228644,-0.03101224,-0.06940746,94.3732
L,-0.04917376,0.794843,0.1596991,-0.01159008,-0.08374204,0.04415554,-0.749923,-3.968643,1.980273,94.38759
L,-0.04941965,0.793541,0.160369,-0.01841685,-0.09751786,0.05017857,-0.5113137,-1.031785,0.451115,94.40094
L,-0.0496875,0.7924631,0.1609073,-0.02401362,-0.0966356,0.04826169,-0.5017642,0.07909622,-0.1718533,94.41209
L,-0.05017888,0.791387,0.1613691,-0.03433143,-0.07518074,0.03226508,-0.7208828,1.499004,-1.117648,94.42641
L,-0.05063678,0.7905325,0.1617174,-0.02907876,-0.05426735,0.02211365,0.3335651,1.328081,-0.6446551,94.44215
L,-0.05129128,0.7881935,0.1624203,-0.05218105,-0.186483,0.05604067,-1.841888,-10.54123,2.704916,94.4547
L,-0.05120898,0.7871736,0.1627689,0.006026045,-0.07468139,0.02553029,4.26219,8.186629,-2.23411,94.46835
L,-0.05116844,0.7864296,0.1630078,0.002932652,-0.05381226,0.01727632,-0.2237623,1.50958,-0.5970556,94.48218
L,-0.05115548,0.7858456,0.1631833,0.0008950108,-0.04033028,0.01212111,-0.1407153,0.9310376,-0.3560083,94.49666
L,-0.05115932,0.7853575,0.1633204,-0.0002635493,-0.03346055,0.009402989,-0.07942196,0.4709363,-0.1863332,94.51125
L,-0.05057906,0.7847806,0.1631689,0.03321251,-0.03302402,-0.008672216,1.916058,0.0249855,-1.034565,94.52872
L,-0.05031416,0.784718,0.1632118,0.02523271,-0.005961573,0.004080839,-0.7601215,2.577855,1.214803,94.53922
L,-0.05010775,0.7846744,0.1632456,0.0179646,-0.003792123,0.002946547,-0.6325672,0.1888142,-0.09872104,94.5507
L,-0.04991103,0.7846351,0.1632769,0.01191506,-0.00237913,0.001893556,-0.3664168,0.08558402,-0.06377893,94.56721
L,-0.04971211,0.7845975,0.1633075,0.01535555,-0.002907833,0.002366065,0.2655789,-0.04081162,0.03647386,94.58017
L,-0.04957495,0.7848155,0.1632422,0.010856,0.01726204,-0.005171771,-0.3561384,1.596441,-0.5966179,94.5928
L,-0.04949062,0.7850043,0.1632484,0.005987661,0.0133989,0.0004411989,-0.345668,-0.2742952,0.3985391,94.60689
L,-0.0494102,0.7852013,0.1632554,0.005624614,0.01378235,0.0004867179,-0.02539238,0.02681919,0.003183709,94.62119
L,-0.04933273,0.7854072,0.1632625,0.004839989,0.01286568,0.0004477851,-0.04901926,-0.05726901,-0.002432317,94.63719
L,-0.04924909,0.7856476,0.1632707,0.007602898,0.02185008,0.0007449506,0.2511373,0.816646,0.02701115,94.64819
L,-0.04924114,0.786351,0.1631778,0.0005620238,0.04972357,-0.006567304,-0.4977678,1.970569,-0.5169535,94.66234
L,-0.04919838,0.7864165,0.1631719,0.002940191,0.004504689,-0.0004109145,0.163542,-3.109617,0.4233632,94.67688
L,-0.0498991,0.787498,0.1630655,-0.05296725,0.08175191,-0.00804228,-4.226009,5.83907,-0.5768502,94.69011
L,-0.05083128,0.788899,0.1629275,-0.05358844,0.08054071,-0.007931572,-0.03571071,-0.06962933,0.006364307,94.7075
L,-0.05176309,0.7902652,0.1627929,-0.08481547,0.1243544,-0.0122545,-2.842354,3.988018,-0.3934827,94.71849
L,-0.05188997,0.7912022,0.1633203,-0.009008869,0.06653322,0.03744689,5.382515,-4.105491,3.52896,94.73257
L,-0.05157058,0.7918379,0.1634568,0.02384014,0.04744893,0.01019051,2.451928,-1.424497,-2.034481,94.74597
L,-0.0512974,0.7924196,0.1635733,0.01939609,0.0413013,0.00827486,-0.315542,-0.4365017,-0.1360172,94.76006
L,-0.05105014,0.7929901,0.1636827,0.01751848,0.0404223,0.007749156,-0.1330283,-0.06227671,-0.037246,94.77417
L,-0.05068228,0.7930136,0.1640093,0.02450041,0.001564088,0.02174936,0.4650079,-2.58802,0.9324362,94.78918
L,-0.05048381,0.7931749,0.1642023,0.01448423,0.01177095,0.01408512,-0.7309803,0.7448963,-0.5593357,94.80289
L,-0.05030013,0.7933431,0.1643866,0.01414553,0.01295351,0.01419516,-0.0260836,0.09106969,0.00847399,94.81587
L,-0.05012168,0.7935225,0.1645708,0.01134295,0.01140428,0.01171117,-0.1781471,-0.09847759,-0.1578956,94.8316
L,-0.04976773,0.7932811,0.1648739,0.03048133,-0.02078885,0.02610155,1.648164,-2.772416,1.239275,94.84322
L,-0.04930814,0.7929619,0.1652711,0.0297331,-0.02065338,0.02569429,-0.04840648,0.008763878,-0.02634755,94.85867
L,-0.04905123,0.7939214,0.1645011,0.02142163,0.0799986,-0.06420215,-0.6930029,8.392276,-7.495488,94.87067
L,-0.04858694,0.7957922,0.1629903,0.03216437,0.1296082,-0.1046646,0.7442238,3.436803,-2.803114,94.8851
L,-0.04811506,0.7978126,0.1613588,0.03095625,0.1325427,-0.107023,-0.07925431,0.192507,-0.1547182,94.90034
L,-0.04771397,0.7996402,0.1598807,0.02841718,0.1294848,-0.1047234,-0.1798926,-0.2166512,0.1629292,94.91446
L,-0.05060687,0.8024488,0.1554432,-0.2309249,0.2241931,-0.3542246,-20.70188,7.560049,-19.91633,94.92699
L,-0.05381963,0.8085915,0.1463428,-0.2181881,0.4171672,-0.6180356,0.8649955,13.10545,-17.91618,94.94171
L,-0.05620654,0.813363,0.1395544,-0.1643156,0.3284697,-0.4673139,3.7086,-6.105971,10.37573,94.95624
L,-0.0580826,0.8172116,0.1341174,-0.157426,0.3229533,-0.4562398,0.5781275,-0.4628906,0.9292623,94.96815
L,-0.05964051,0.8204882,0.1295282,-0.1099022,0.2311457,-0.3237436,3.352553,-6.476538,9.346897,94.98233
L,-0.0606432,0.8290901,0.1218068,-0.07325798,0.6284664,-0.564133,2.677273,29.02877,-17.56317,94.99602
L,-0.06282672,0.8465353,0.1239536,-0.1441074,1.151345,0.1416817,-4.675919,34.5089,46.58236,95.01117
L,-0.06467871,0.8603405,0.1246965,-0.1498427,1.116966,0.06010863,-0.4640336,-2.781549,-6.599967,95.02353
L,-0.06632193,0.871525,0.1245405,-0.1034485,0.7041194,-0.009821911,2.920735,-25.99067,-4.402467,95.03941
L,-0.06783336,0.8811483,0.1238276,-0.1086105,0.6915262,-0.05122509,-0.3709326,-0.9049436,-2.975218,95.05333
L,-0.06944241,0.9016595,0.1528569,-0.1358901,1.732241,2.451629,-2.303861,87.8921,211.3751,95.06517
L,-0.06633108,0.9239798,0.2022847,0.2057556,1.47607,3.268719,22.59343,-16.94088,54.03511,95.08029
L,-0.06435502,0.9425563,0.2402653,0.1395511,1.311881,2.682217,-4.675408,-11.59511,-41.41916,95.09445
L,-0.06313304,0.9584742,0.2692785,0.09567921,1.24635,2.271694,-3.435112,-5.130974,-32.14341,95.10722
L,-0.05397564,0.9682152,0.3164361,0.604979,0.643539,3.115439,33.64664,-39.82445,55.74159,95.12236
L,-0.04726128,0.9781032,0.3551526,0.5320825,0.7835739,3.068114,-5.776716,11.09714,-3.750321,95.13498
L,-0.05603402,0.9766799,0.3855799,-0.6175402,-0.1001863,2.141871,-80.92554,-62.21064,-65.20111,95.14919
L,-0.06208188,0.9783633,0.4124069,-0.3796483,0.1056745,1.684033,14.93341,12.9227,-28.74029,95.16512
L,-0.06478281,0.9620729,0.3782782,-0.2034573,-1.227137,-2.570872,13.27225,-100.399,-320.5166,95.17839
L,-0.06688095,0.9527174,0.3602258,-0.1778834,-0.7931759,-1.530505,2.168182,36.79183,88.20374,95.19019
L,-0.06383682,0.9458072,0.3198711,0.208464,-0.4732114,-2.763515,26.45733,21.91139,-84.43736,95.20479
L,-0.06175902,0.9418439,0.2976741,0.1348222,-0.2571666,-1.4403,-4.778402,14.01852,85.8596,95.2202
L,-0.06032712,0.9396903,0.2810428,0.1127897,-0.1696402,-1.310033,-1.735479,6.894392,10.26106,95.23289
L,-0.05929577,0.9386718,0.2689437,0.07485168,-0.07392026,-0.8781059,-2.753388,6.946954,31.34746,95.24667
L,-0.04716473,0.925387,0.3182619,0.8046759,-0.8812073,3.271376,48.41069,-53.54895,275.2433,95.26175
L,-0.04562362,0.892417,0.1108719,0.1236206,-2.644703,-16.63588,-54.63113,-141.4596,-1596.869,95.27422
L,-0.0443986,0.8698698,0.09390763,0.08167137,-1.503203,-1.130999,-2.796731,76.10313,1033.7,95.28922
L,-0.04322908,0.8524189,0.06037083,0.06365886,-0.9498871,-1.825472,-0.9804553,30.11803,-37.80143,95.30759
L,-0.04209335,0.8378885,0.03185728,0.1281095,-1.639005,-3.21629,7.269947,-77.73151,-156.8824,95.31645
L,-0.05436853,0.8290021,0.0238434,-0.9300191,-0.6732704,-0.6071647,-80.16824,73.16805,197.6782,95.32965
L,-0.06211675,0.8364013,0.0488912,-0.4944373,0.4721656,1.598377,27.7958,73.09377,140.7423,95.34532
L,-0.0677633,0.8397693,0.06315158,-0.4093498,0.2441622,1.033814,6.168466,-16.52923,-40.92828,95.35912
L,-0.08246156,0.857555,0.1112377,-1.070295,1.295113,3.501522,-48.12853,76.52789,179.693,95.37285
L,-0.09337004,0.8697097,0.1458429,-0.7762192,0.8649014,2.462417,20.92565,-30.61274,-73.94006,95.3869
L,-0.1021502,0.8779121,0.1701567,-0.6730012,0.6287144,1.863666,7.911696,-18.10381,-45.8944,95.39995
L,-0.1126912,0.8849553,0.2222352,-0.8079752,0.539862,3.991832,-10.3458,-6.810558,163.1246,95.41299
L,-0.1214972,0.8901657,0.2631141,-0.6152557,0.3640392,2.856114,13.46489,-12.28436,-79.35013,95.42731
L,-0.1198426,0.8861567,0.2771853,0.1200901,-0.2909529,1.021233,53.36835,-47.53661,-133.168,95.44109
L,-0.1200476,0.8835082,0.2897693,-0.01438495,-0.1858396,0.8829819,-9.435718,7.375484,-9.700699,95.45534
L,-0.1214228,0.8817554,0.3021832,-0.103956,-0.1324926,0.9383583,-6.770623,4.032469,4.185869,95.46857
L,-0.1051619,0.8770413,0.2440384,1.048896,-0.30408,-3.750571,74.36351,-11.06806,-302.4544,95.48407
L,-0.09389017,0.8736376,0.2178568,0.7934507,-0.2395945,-1.843002,-17.98162,4.539337,134.2797,95.49828
L,-0.07575763,0.873868,0.1388365,1.539293,0.01955655,-6.708129,63.31541,21.99964,-413.0065,95.51006
L,-0.06226822,0.8738596,0.1089521,0.9030048,-0.0005586057,-2.000516,-42.59424,-1.346544,315.136,95.52499
L,-0.05193321,0.8736898,0.07712332,0.6876296,-0.01129838,-2.117695,-14.32977,-0.7145604,-7.796383,95.54002
L,-0.0462154,0.8641766,0.06640974,0.4302209,-0.7157945,-0.8061137,-19.36801,-53.00787,98.68629,95.55331
L,-0.04106667,0.8571815,0.05396457,0.4002699,-0.5438074,-0.967505,-2.328435,13.37051,-12.54679,95.56618
L,-0.04636623,0.8616205,0.0877751,-0.3473122,0.2909102,2.215806,-48.99354,54.70406,208.6215,95.58144
R,0.007735504,1.271516,-0.01160784,-0.0133912,-0.002906463,0.01450996,7.811901,3.726821,5.687065,-0.01195908
R,0.007530797,1.271461,-0.01144647,-0.0171173,-0.004575359,0.01349377,-0.3115703,-0.1395505,-0.08497168,0
R,0.007251151,1.271378,-0.01127556,-0.01739208,-0.005182385,0.01062907,-0.01708973,-0.03775283,-0.178165,0.01607895
R,0.007235297,1.271489,-0.01125256,-0.001430597,0.01003657,0.002075742,1.440347,1.373342,-0.7718425,0.02716064
R,0.00718559,1.271593,-0.01123099,-0.003121082,0.006489521,0.00135444,-0.1061438,-0.2227159,-0.04528982,0.04308701
R,0.007026074,1.271574,-0.01139617,-0.01299846,-0.001554243,-0.01346014,-0.8048788,-0.655463,-1.207197,0.05535889
R,0.00683032,1.27154,-0.01157167,-0.01430206,-0.002464813,-0.01282242,-0.09524295,-0.06652746,0.04659275,0.06904602
R,0.006493669,1.271471,-0.0118415,-0.0218714,-0.004484201,-0.01753008,-0.4917612,-0.1311946,-0.3058454,0.08443832
R,0.006318584,1.271335,-0.01269344,-0.01368848,-0.01059685,-0.06660648,0.6397567,-0.477899,-3.836888,0.097229
R,0.006058857,1.271148,-0.01371811,-0.01732904,-0.01248727,-0.06836596,-0.2428998,-0.1261294,-0.1173928,0.1122169
R,0.005914851,1.270894,-0.01420777,-0.01154445,-0.0203555,-0.03925438,0.4637295,-0.6307674,2.33377,0.124691
R,0.005757263,1.270655,-0.01463857,-0.009928063,-0.01505047,-0.0271408,0.1018331,0.3342185,0.7631585,0.140564
R,0.005699983,1.270816,-0.01450137,-0.004607471,0.01292574,0.01103592,0.4279721,2.250321,3.070819,0.1529961
R,0.00562791,1.270982,-0.01435359,-0.005214892,0.01202388,0.01069333,-0.0439503,-0.06525516,-0.02478812,0.1668167
R,0.005541061,1.27115,-0.01420004,-0.005852691,0.01133515,0.01034704,-0.04298074,-0.04641239,-0.02333608,0.1816559
R,0.005482925,1.271052,-0.01431043,-0.004632179,-0.007807751,-0.008795593,0.09724922,-1.525288,-1.525267,0.1942062
R,0.005413829,1.270942,-0.01442957,-0.004961117,-0.007908792,-0.008554016,-0.02361795,-0.007254842,0.01734535,0.2081337
R,0.005707093,1.27108,-0.01426003,0.01798721,0.008437647,0.01039837,1.407526,1.002602,1.162437,0.2244377
R,0.006156776,1.271291,-0.01399368,0.03505255,0.01650312,0.02076226,1.330234,0.6286994,0.8078597,0.2372665
R,0.006827587,1.271606,-0.01358902,0.04774616,0.02241719,0.02880183,0.9034905,0.420944,0.5722306,0.2513161
R,0.006920476,1.271298,-0.01381898,0.007536435,-0.02502128,-0.01865745,-3.262377,-3.848873,-3.850562,0.2636414
R,0.007080617,1.270697,-0.01426663,0.01042725,-0.03916729,-0.02914758,0.1882289,-0.921086,-0.6830411,0.2789993
R,0.007689232,1.270443,-0.01461463,0.04861203,-0.02027156,-0.02779573,3.049942,1.509264,0.1079764,0.2915192
R,0.00833232,1.270177,-0.01497899,0.04141035,-0.01710268,-0.02346239,-0.4637376,0.2040537,0.279037,0.3070488
R,0.009199355,1.269947,-0.01405163,0.06860492,-0.01819537,0.07337852,2.151793,-0.08645997,7.662621,0.3196869
R,0.01026522,1.269665,-0.01288644,0.06936722,-0.0183714,0.075831,0.04961073,-0.01145631,0.1596083,0.3350525
R,0.01134103,1.269379,-0.01169637,0.09059343,-0.02404232,0.1002147,1.787448,-0.4775454,2.053342,0.3469276
R,0.01193519,1.268896,-0.01245054,0.04250946,-0.03457628,-0.05395781,-3.440209,-0.753661,-11.03041,0.3609047
R,0.01259484,1.268363,-0.01326388,0.04579531,-0.03703489,-0.05646482,0.2281163,-0.1706858,-0.1740464,0.375309
R,0.01248005,1.268217,-0.01348498,-0.008192437,-0.01040532,-0.01578001,-3.853135,1.900567,2.903697,0.3893204
R,0.01239323,1.268105,-0.01364408,-0.006466189,-0.008318537,-0.01184838,0.1285584,0.1554086,0.2927988,0.4027481
R,0.01230847,1.267987,-0.01380338,-0.005469784,-0.007639402,-0.01028107,0.06430374,0.04382847,0.1011473,0.4182434
R,0.01247176,1.267833,-0.01343828,0.01189383,-0.01123576,0.02659376,1.264731,-0.2619516,2.685889,0.4319725
R,0.01284284,1.267493,-0.01262044,0.0266287,-0.02435498,0.05868879,1.057393,-0.9414524,2.303181,0.4459076
R,0.01279122,1.267506,-0.01256843,-0.004103888,0.001052093,0.004135655,-2.443544,2.020113,-4.337512,0.4584846
R,0.0127365,1.267523,-0.01251872,-0.003421813,0.001043655,0.003108192,0.04265314,-0.0005276731,-0.06425172,0.4744759
R,0.01210859,1.267132,-0.01163113,-0.05436039,-0.03388169,0.07684229,-4.409922,-3.023603,6.383406,0.4860268
R,0.01118895,1.26655,-0.01031171,-0.06594028,-0.0417037,0.09460503,-0.8303055,-0.5608575,1.273631,0.4999733
R,0.01025803,1.265954,-0.00895379,-0.06622405,-0.04243555,0.09660018,-0.02018742,-0.05206205,0.1419315,0.5140305
R,0.009740051,1.266062,-0.00922791,-0.03722181,0.007795367,-0.01969816,2.084091,3.609576,-8.357158,0.5279465
R,0.009284697,1.266153,-0.009461084,-0.03360597,0.006747959,-0.01720868,0.2668553,-0.07730065,0.1837278,0.5414963
R,0.009462255,1.266326,-0.01032287,0.01193485,0.01160256,-0.05792618,3.06109,0.3263091,-2.736884,0.5563736
R,0.009767195,1.266611,-0.01177983,0.02159326,0.02020867,-0.1031697,0.683926,0.609411,-3.203761,0.5704956
R,0.01009619,1.266914,-0.01335388,0.02430097,0.02238307,-0.1162657,0.2000031,0.1606099,-0.967323,0.584034
R,0.02003236,1.27306,-0.01559677,0.7515025,0.46481,-0.1696366,55.00043,33.46207,-4.036602,0.5972557
R,0.02734983,1.277554,-0.0172274,0.5278562,0.3241693,-0.1176275,-16.13305,-10.14532,3.751755,0.6111183
R,0.04224379,1.282272,-0.02284167,0.9773127,0.3095588,-0.3683974,29.49244,-0.958712,-16.45503,0.626358
R,0.0537281,1.285966,-0.02700794,0.9243295,0.2973211,-0.3353281,-4.264426,-0.9849651,2.661628,0.6387825
R,0.06281306,1.289001,-0.03028942,0.5995892,0.2003005,-0.2165713,-21.4322,-6.403164,7.837708,0.6539345
R,0.0835142,1.291281,-0.03032617,1.508249,0.166134,-0.002676997,66.20336,-2.489317,15.58397,0.6676598
R,0.1000371,1.293402,-0.0307643,1.264266,0.1622884,-0.03352451,-18.66857,-0.2942492,-2.36033,0.6807289
R,0.1139541,1.2931,-0.04008323,1.029997,-0.02229496,-0.6896955,-17.33831,-13.66104,-48.56332,0.6942406
R,0.1259464,1.293368,-0.04709551,0.8301349,0.01848429,-0.4854047,-13.83489,2.822824,14.14143,0.7086868
R,0.1489902,1.291759,-0.05063681,1.655009,-0.1155308,-0.254337,59.24265,-9.625002,16.59534,0.7226105
R,0.16836,1.290984,-0.05391544,1.315802,-0.0526205,-0.222719,-23.04249,4.273533,2.147828,0.7373314
R,0.1850677,1.290739,-0.05701903,1.189522,-0.01746673,-0.2209633,-8.990639,2.502811,0.1249989,0.7513771
R,0.1928081,1.28041,-0.06174054,0.6237643,-0.8323663,-0.3804844,-45.59175,-65.66893,-12.85506,0.7637863
R,0.2003671,1.275455,-0.05967416,0.5389074,-0.3532346,0.1473181,-6.049696,34.15868,37.62857,0.777813
R,0.2088495,1.27181,-0.05887534,0.5822461,-0.2502128,0.054833,2.974854,7.071634,-6.348364,0.7923813
R,0.2179235,1.269004,-0.058902,0.6358427,-0.1966386,-0.001868286,3.755689,3.754115,-3.973243,0.8066521
R,0.2273655,1.266721,-0.05944027,0.6775724,-0.1637952,-0.03862702,2.994576,2.356887,-2.637854,0.8205872
R,0.2247517,1.260905,-0.06501564,-0.1901165,-0.4230369,-0.4055357,-63.11305,-18.85645,-26.68782,0.8343353
R,0.2256007,1.256391,-0.06945354,0.06725384,-0.3576232,-0.3515773,20.38927,5.182176,4.274673,0.8469582
R,0.2231394,1.254196,-0.0705467,-0.1723749,-0.1537453,-0.0765601,-16.78259,14.27875,19.26105,0.8612366
R,0.2230242,1.252277,-0.07173545,-0.007695063,-0.128129,-0.07939441,10.99868,1.710872,-0.1892984,0.8762093
R,0.2195211,1.251387,-0.07197258,-0.2469952,-0.06275215,-0.01671923,-16.87227,4.609506,4.419022,0.8903923
R,0.2178552,1.250354,-0.07249264,-0.1212022,-0.07519775,-0.03783848,9.152343,-0.9055063,-1.536576,0.9041367
R,0.2174623,1.249371,-0.07311078,-0.02810795,-0.07029331,-0.0442131,6.658688,0.3507962,-0.4559534,0.9181175
R,0.2084423,1.250693,-0.06712906,-0.6847759,0.1003656,0.4541188,-49.85276,12.95604,37.83224,0.9312897
R,0.2030415,1.251245,-0.06304879,-0.4274678,0.0436764,0.3229526,20.36588,-4.486938,-10.38177,0.943924
R,0.1919643,1.251966,-0.06171704,-0.7661836,0.04985983,0.09211303,-23.42805,0.4276908,-15.96655,0.9583817
R,0.1771383,1.256498,-0.05296681,-1.015824,0.3105316,0.5995349,-17.10448,17.86031,34.76675,0.9729767
R,0.1666843,1.259655,-0.04638804,-0.8187801,0.2472457,0.5152632,15.43289,-4.956682,-6.600332,0.9857445
R,0.1587303,1.261901,-0.04129897,-0.5150943,0.1454499,0.3295626,19.66636,-6.592181,-12.02577,1.001186
R,0.1523744,1.263583,-0.03712761,-0.4942605,0.1308032,0.3243836,1.620124,-1.138996,-0.4027412,1.014046
R,0.138975,1.265586,-0.03827348,-0.8985844,0.1343374,-0.0768439,-27.11463,0.2370131,-26.90698,1.028957
R,0.1244301,1.271511,-0.0348827,-1.142603,0.4654068,0.2663686,-19.16934,26.00775,26.96168,1.041687
R,0.1127479,1.276119,-0.03178809,-0.8417813,0.3321021,0.2229891,21.67638,-9.605559,-3.125805,1.055565
R,0.1028267,1.279854,-0.02890861,-0.6552771,0.2466301,0.1901835,12.3182,-5.645243,-2.166739,1.070705
R,0.09396279,1.283041,-0.02616458,-0.6758642,0.2430283,0.2092292,-1.569744,-0.2746373,1.452216,1.08382
R,0.08633167,1.288016,-0.02063307,-0.5125424,0.3341821,0.3715227,10.96947,6.12232,10.9004,1.098709
R,0.06599596,1.28433,-0.02093188,-1.465736,-0.265698,-0.02153781,-68.70334,-43.23755,-28.33062,1.112583
R,0.04967829,1.282159,-0.02051168,-1.187887,-0.158029,0.03058978,20.22677,7.838042,3.794761,1.12632
R,0.0330322,1.278036,-0.01614974,-1.328767,-0.3291337,0.3481899,-11.24572,-13.65836,25.3523,1.138847
R,0.01838918,1.275292,-0.01232057,-1.050227,-0.196828,0.2746365,19.97745,9.489234,-5.275398,1.15279
R,0.004984213,1.273405,-0.008860694,-0.9031181,-0.1271283,0.233098,9.911013,4.695798,-2.798527,1.167633
R,-0.003706743,1.269578,-0.004051119,-0.6511238,-0.2867069,0.3603319,18.87934,-11.95558,9.532325,1.180981
R,-0.01311137,1.266738,0.0002158841,-0.6903853,-0.2084938,0.3132369,-2.882158,5.74156,-3.457203,1.194603
R,-0.02285469,1.264516,0.00412756,-0.6519026,-0.1486887,0.2617209,2.574791,4.001411,-3.446816,1.209549
R,-0.03232588,1.260765,0.004090373,-0.7571862,-0.2998247,-0.002972946,-8.417038,-12.08276,-21.1613,1.222057
R,-0.04209965,1.257773,0.00489405,-0.6378234,-0.1952639,0.05244684,7.789454,6.823495,3.61662,1.237381
R,-0.04640426,1.254705,0.00701358,-0.3138011,-0.22366,0.1545112,23.62083,-2.07004,7.440366,1.251099
R,-0.05238343,1.252077,0.009284968,-0.4769943,-0.2096869,0.1812022,-13.01891,1.114712,2.129306,1.263634
R,-0.05278007,1.250631,0.00420071,-0.02449943,-0.08928046,-0.3140451,27.94977,7.437284,-30.59051,1.279823
R,-0.05522205,1.249092,0.0007198794,-0.2049137,-0.1291913,-0.2920868,-15.13909,-3.349039,1.842592,1.29174
R,-0.05924252,1.247421,-0.001739594,-0.2776458,-0.1153764,-0.1698462,-5.022728,0.9540326,8.441684,1.306221
R,-0.05853701,1.247534,-0.001297413,0.05023011,0.008037412,0.03148153,23.34348,8.786579,14.33375,1.320267
R,-0.05739072,1.247688,-4.8166E-05,0.08170015,0.01101142,0.08903823,2.24298,0.211968,4.102268,1.334297
R,-0.05676617,1.247688,0.001677074,0.04523948,-2.590495E-05,0.1249686,-2.641046,-0.7994938,2.602632,1.348103
R,-0.04700323,1.248116,6.949872E-06,0.6759894,0.0296322,-0.11564,43.67335,2.053538,-16.65982,1.362545
R,-0.0341212,1.250127,-0.001102977,0.9388227,0.1465544,-0.08088984,19.1549,8.521118,2.532538,1.376266
R,-0.02549583,1.251355,-0.001786884,0.6665946,0.09492925,-0.05285435,-21.03861,-3.989749,2.166668,1.389206
R,-0.01970049,1.252077,-0.002205575,0.4406078,0.05489595,-0.03183221,-17.18129,-3.043645,1.598268,1.402359
R,-0.01565405,1.252485,-0.002459535,0.2657188,0.02679578,-0.01667688,-11.4845,-1.845263,0.9952101,1.417587
R,-0.004108187,1.257008,-0.004663266,0.8750154,0.3428014,-0.1670121,46.17619,23.94882,-11.39331,1.430782
R,0.01308728,1.260493,-0.005496395,1.179714,0.2390654,-0.05715775,20.90421,-7.116927,7.536679,1.445358
R,0.02636703,1.263078,-0.006122727,0.9963386,0.1939486,-0.0469918,-13.75811,-3.384975,0.7627205,1.458687
R,0.03691597,1.265099,-0.006623815,0.7171527,0.1374157,-0.03406563,-18.98001,-3.843294,0.8787649,1.473396
R,0.05060467,1.267937,-0.007325822,1.04284,0.2162071,-0.0534807,24.81166,6.002527,-1.479089,1.486523
R,0.06207237,1.270257,-0.00790565,0.7818433,0.1581437,-0.03953141,-17.7942,-3.958642,0.9510332,1.50119
R,0.07198853,1.271153,-0.01519213,0.7706676,0.06967092,-0.5662935,-0.8685564,-6.875959,-40.93908,1.514057
R,0.0809801,1.27212,-0.02060511,0.5876554,0.06315445,-0.3537718,-11.96099,-0.4258918,13.88962,1.529358
R,0.08749004,1.274127,-0.02683707,0.5155713,0.1589785,-0.493556,-5.708889,7.589031,-11.07057,1.541985
R,0.09409942,1.275921,-0.03183799,0.4466644,0.1212055,-0.3379641,-4.656747,-2.552707,10.51495,1.556782
R,0.1008288,1.277573,-0.03606879,0.5237692,0.1286186,-0.329299,6.001352,0.5769878,0.6744382,1.56963
R,0.1057933,1.280913,-0.0438281,0.3739707,0.2515625,-0.5844985,-11.28413,9.261208,-19.22385,1.582905
R,0.1112626,1.283745,-0.05017109,0.3743452,0.1938398,-0.4341458,0.02563438,-3.950828,10.29088,1.597515
R,0.1148631,1.289368,-0.05782638,0.2353158,0.3675128,-0.5003211,-9.086446,11.35062,-4.324975,1.612816
R,0.1192242,1.294009,-0.06436439,0.3696262,0.3933782,-0.554122,11.38334,2.192198,-4.559838,1.624615
R,0.1240801,1.297984,-0.0702519,0.3212861,0.2629669,-0.3895449,-3.198402,-8.628605,10.88917,1.639729
R,0.1225821,1.303029,-0.07813381,-0.1141253,0.3843814,-0.600463,-33.17073,9.249655,-16.06827,1.652855
R,0.1230219,1.30744,-0.08509279,0.03253739,0.3262468,-0.5147449,10.8484,-4.300117,6.340435,1.666374
R,0.1263902,1.313113,-0.09127423,0.2353365,0.3963719,-0.4318837,14.16913,4.899487,5.789327,1.680687
R,0.1301198,1.318112,-0.09716432,0.274399,0.3677817,-0.4333569,2.873984,-2.103494,-0.1083905,1.694279
R,0.1340573,1.322666,-0.1028666,0.2587565,0.2992996,-0.3747327,-1.027973,-4.500419,3.852595,1.709496
R,0.1325603,1.331464,-0.1023731,-0.1090667,0.6410158,0.03595096,-26.79895,24.89685,29.92169,1.723221
R,0.1326157,1.338944,-0.1034537,0.003955184,0.5339392,-0.07713939,8.068628,-7.644195,-8.073518,1.737228
R,0.1220444,1.340485,-0.1120108,-0.8438529,0.1230778,-0.6830721,-67.67594,-32.79685,-48.36834,1.749756
R,0.1153298,1.342743,-0.1194095,-0.4930497,0.1658001,-0.5432806,25.75937,3.137083,10.26485,1.763374
R,0.1031932,1.348855,-0.1214941,-0.8564009,0.43125,-0.1471005,-25.63939,18.73112,27.95592,1.777546
R,0.09466892,1.354462,-0.1243858,-0.5283972,0.3475925,-0.1792488,20.33204,-5.185697,-1.992779,1.793678
R,0.08825392,1.359709,-0.127766,-0.5648822,0.4620108,-0.2976498,-3.21274,10.07527,-10.42598,1.805035
R,0.07546289,1.362767,-0.1244691,-0.9006419,0.215275,0.2321433,-23.64152,-17.37317,37.30381,1.819237
R,0.06580748,1.36619,-0.1231896,-0.6294721,0.2231721,0.08341656,17.67857,0.514843,-9.696053,1.834576
R,0.04645891,1.366346,-0.1173345,-1.572748,0.01270349,0.4759284,-76.67416,-17.10793,31.90531,1.846878
R,0.03157945,1.367559,-0.1137803,-1.036831,0.08450458,0.24767,37.34381,5.00325,-15.90553,1.861229
R,0.01922146,1.369461,-0.1117372,-0.8841631,0.1361132,0.1461731,10.92278,3.692382,-7.261681,1.875206
R,0.006568978,1.368674,-0.1068494,-0.9319394,-0.05797801,0.3600143,-3.519041,-14.29611,15.75083,1.888783
R,-0.004600045,1.368981,-0.1035215,-0.7215112,0.01983736,0.2149833,13.59352,5.026819,-9.368902,1.904263
R,-0.02149918,1.358806,-0.101276,-1.336352,-0.804638,0.1775688,-48.62043,-65.19798,-2.958669,1.916908
R,-0.03593531,1.352135,-0.09965074,-1.060932,-0.4902404,0.1194434,20.24098,23.10554,-4.27172,1.930515
R,-0.04136636,1.347379,-0.09635098,-0.3546878,-0.3106082,0.2154992,46.123,11.73132,6.273154,1.945827
R,-0.04807312,1.343992,-0.09380463,-0.5274944,-0.2664079,0.200273,-13.59142,3.476401,-1.197558,1.958542
R,-0.05545682,1.341458,-0.09175275,-0.5387121,-0.1848473,0.1497041,-0.8184447,5.950633,-3.689488,1.972248
R,-0.05273961,1.340956,-0.08825843,0.2000289,-0.03696293,0.2572355,54.38262,10.88655,7.915956,1.985832
R,-0.05262901,1.340479,-0.08572862,0.007575951,-0.03271165,0.1732887,-13.18275,0.2912062,-5.750236,2.000431
R,-0.04573618,1.339792,-0.08578242,0.5130358,-0.05113395,-0.00400496,37.6216,-1.371179,-13.19604,2.013866
R,-0.04065937,1.338976,-0.08554853,0.3763731,-0.06044082,0.01734006,-10.13159,-0.6899723,1.582429,2.027355
R,-0.03827013,1.338279,-0.08514814,0.1624285,-0.04739367,0.02721965,-14.54469,0.8869897,0.6716483,2.042065
R,-0.02748986,1.338432,-0.08514205,0.6819463,0.009637428,0.0003850635,32.86401,3.607713,-1.697521,2.057873
R,-0.02036507,1.338357,-0.0848704,0.6101668,-0.006350049,0.02326458,-6.14719,-1.369167,1.959402,2.06955
R,-0.002525035,1.341284,-0.08517249,1.309988,0.2149247,-0.02218247,51.38765,16.24814,-3.337163,2.083168
R,0.0107033,1.343311,-0.08517497,0.8641241,0.1323901,-0.0001620709,-29.12548,-5.39147,1.438454,2.098476
R,0.02823998,1.343484,-0.08931534,1.41233,0.01395929,-0.3334479,44.15018,-9.537914,-26.84144,2.110893
R,0.04193541,1.343609,-0.09220511,0.9828017,0.008913906,-0.2073734,-30.82349,-0.3620635,9.047269,2.124828
R,0.05308065,1.343714,-0.09430586,0.7843378,0.007416107,-0.1478387,-13.96675,-0.1054065,4.189711,2.139038
R,0.06682006,1.344542,-0.09583253,0.9723826,0.05857688,-0.1080478,13.30854,3.620812,2.816132,2.153168
R,0.0785455,1.345169,-0.09707823,0.8772129,0.04695527,-0.09319372,-7.119912,-0.8694453,1.111274,2.166534
R,0.09184772,1.341943,-0.1061293,0.8420902,-0.2042381,-0.572974,-2.223421,-15.90168,-30.37226,2.182331
R,0.103622,1.339615,-0.1128783,0.8576145,-0.1695349,-0.4915819,1.130757,2.527709,5.928443,2.19606
R,0.1143334,1.337857,-0.1182726,0.7810637,-0.1282076,-0.3933523,-5.582015,3.013552,7.162807,2.209774
R,0.1254633,1.339654,-0.1242432,0.9024555,0.1456755,-0.4841177,9.842914,22.20749,-7.359602,2.222107
R,0.1359279,1.340822,-0.1292828,0.7505419,0.08378078,-0.3614516,-10.89555,-4.439211,8.79786,2.23605
R,0.1444452,1.342653,-0.1393872,0.6018257,0.1293548,-0.7139614,-10.5081,3.220203,-24.90791,2.250202
R,0.1530597,1.343947,-0.1475428,0.554442,0.08329241,-0.5249078,-3.049683,-2.964639,12.16776,2.265739
R,0.1535008,1.340398,-0.1537095,0.03191632,-0.2567537,-0.4461923,-37.80761,-24.60421,5.695498,2.27956
R,0.1560626,1.337804,-0.1594064,0.1962428,-0.198769,-0.4364144,12.58831,4.441948,0.7490389,2.292614
R,0.1600463,1.335821,-0.1647936,0.2693579,-0.1340437,-0.3642545,4.943691,4.37641,4.879103,2.307404
R,0.1713445,1.346416,-0.1632002,0.8833169,0.8283626,0.1245724,48.00049,75.24278,38.21744,2.320194
R,0.1815761,1.354141,-0.1633012,0.6650504,0.5020844,-0.006563042,-14.18727,-21.20801,-8.523773,2.335579
R,0.183973,1.344556,-0.1657441,0.1917412,-0.7667264,-0.1954186,-37.86243,-101.4987,-15.10752,2.34808
R,0.1876288,1.337791,-0.1685329,0.2739702,-0.507004,-0.2090011,6.162328,19.46389,-1.01789,2.361423
R,0.192193,1.332828,-0.1715262,0.3182996,-0.3460694,-0.2087428,3.091435,11.22321,0.01801717,2.375763
R,0.2007299,1.337888,-0.1714105,0.5921933,0.3510105,0.008027504,18.99963,48.35547,15.03705,2.390179
R,0.2087587,1.341286,-0.1722438,0.6761012,0.2860685,-0.07017447,7.065838,-5.468732,-6.585345,2.402054
R,0.2077637,1.33798,-0.1730032,-0.06889589,-0.228886,-0.05258168,-51.58387,-35.65564,1.218131,2.416496
R,0.2080148,1.335018,-0.1741785,0.01537225,-0.1813683,-0.07196497,5.1601,2.909716,-1.186922,2.432827
R,0.2144267,1.327008,-0.172371,0.5220024,-0.6521254,0.1471467,41.24536,-38.32489,17.83814,2.44511
R,0.2206239,1.320955,-0.1716499,0.4769708,-0.4658691,0.05550063,-3.465874,14.33528,-7.053576,2.458103
R,0.2266428,1.31611,-0.1716319,0.4278244,-0.3444025,0.00127631,-3.493338,8.633878,-3.854279,2.472172
R,0.2314056,1.309063,-0.1689399,0.3443339,-0.5094543,0.194623,-6.036001,-11.93253,13.97813,2.486004
R,0.2363823,1.303296,-0.1673282,0.3172641,-0.3676283,0.1027462,-1.725726,9.041548,-5.857241,2.50169
R,0.2564043,1.302512,-0.1669526,1.682263,-0.06584536,0.0315605,114.6879,25.35596,-5.981055,2.513592
R,0.2729552,1.301095,-0.166877,1.195569,-0.1024042,0.005459493,-35.15678,-2.640863,-1.885429,2.527435
R,0.2870409,1.299278,-0.1669825,0.9894117,-0.1275958,-0.007407431,-14.48093,-1.769511,-0.9038014,2.541672
R,0.2957043,1.290672,-0.163745,0.6247765,-0.6206671,0.2334777,-26.29626,-35.55865,17.37183,2.555538
R,0.3043298,1.283747,-0.161483,0.6235844,-0.500655,0.1635325,-0.08617881,8.676353,-5.056735,2.56937
R,0.3031085,1.265584,-0.1632345,-0.08655,-1.287198,-0.1241288,-50.32644,-55.74139,-20.38623,2.583481
R,0.304474,1.251747,-0.1645034,0.09814788,-0.9945418,-0.09121045,13.27596,21.03591,2.366148,2.597393
R,0.3075542,1.240181,-0.1654494,0.2256086,-0.8471815,-0.06928546,9.335865,10.79341,1.605897,2.611046
R,0.316515,1.235363,-0.1638862,0.5921391,-0.3183609,0.1032936,24.22076,34.94509,11.40422,2.626179
R,0.3249417,1.229918,-0.1628106,0.5920706,-0.3826136,0.07557248,-0.004807692,-4.514463,-1.947713,2.640411
R,0.3288511,1.22055,-0.1620656,0.2810829,-0.6735549,0.05356898,-22.35973,-20.91841,-1.582031,2.65432
R,0.3335148,1.212002,-0.1615216,0.392978,-0.7202668,0.04583785,9.428688,-3.936114,-0.6514522,2.666187
R,0.3403764,1.206932,-0.162139,0.4849648,-0.358326,-0.04363963,6.501422,25.58118,-6.324072,2.680336
R,0.3471673,1.201332,-0.162565,0.4668753,-0.3849741,-0.02928202,-1.243657,-1.832057,0.9870864,2.694881
R,0.3538765,1.195418,-0.1628649,0.4417938,-0.3894514,-0.01975006,-1.651581,-0.2948282,0.6276678,2.710068
R,0.3682518,1.194649,-0.1600718,1.242054,-0.06640367,0.2413326,69.14413,27.91201,22.55809,2.721642
R,0.3806539,1.192305,-0.1580243,0.8674314,-0.1640041,0.1432066,-26.20197,-6.826407,-6.863167,2.735939
R,0.3781701,1.186,-0.1566758,-0.1503735,-0.3816902,0.08163702,-61.61927,-13.17901,-3.727504,2.752457
R,0.3782574,1.179896,-0.1555802,0.00665198,-0.4651435,0.08349155,11.96607,-6.359529,0.1413239,2.765579
R,0.3801181,1.173897,-0.1546391,0.1606154,-0.5178425,0.08122865,13.28963,-4.548802,-0.195326,2.777164
R,0.378159,1.175012,-0.1544188,-0.1254427,0.07142312,0.01410792,-18.31667,37.73142,-4.297825,2.792782
R,0.3766471,1.17556,-0.1541114,-0.1112722,0.0403039,0.0226205,1.042875,-2.290207,0.6264801,2.80637
R,0.3688548,1.188121,-0.1512197,-0.6057816,0.9764977,0.2248121,-38.44385,72.78101,15.71866,2.819233
R,0.3644016,1.19631,-0.1489407,-0.2972689,0.5466482,0.1521269,20.59454,-28.69428,-4.852047,2.834213
R,0.354964,1.208163,-0.1437968,-0.6988723,0.8777277,0.3809189,-29.73952,24.5171,16.9425,2.847717
R,0.3487235,1.216537,-0.1397304,-0.4593974,0.6165227,0.2993486,17.62901,-19.22868,-6.004822,2.861301
R,0.34441,1.222608,-0.1363775,-0.2976462,0.4189014,0.2313613,11.16139,-13.63655,-4.691361,2.875793
R,0.3302362,1.240492,-0.1287463,-1.004755,1.267721,0.5409617,-50.1256,60.17115,21.94697,2.8899
R,0.3200368,1.254252,-0.1225954,-0.8107044,1.093759,0.488906,15.4243,-13.82744,-4.137688,2.902481
R,0.2895654,1.261798,-0.1187552,-1.963113,0.4861376,0.2474046,-74.24353,-39.14584,-15.55865,2.918003
R,0.26852,1.268339,-0.1152036,-1.653754,0.5139857,0.2790849,24.30956,2.188315,2.489448,2.930729
R,0.251098,1.274322,-0.1118152,-1.293423,0.4441996,0.2515621,26.75117,-5.180971,-2.043317,2.944199
R,0.2316452,1.283476,-0.1093314,-1.343013,0.6319875,0.171481,-3.423681,12.96483,-5.528779,2.958683
R,0.2153635,1.291529,-0.106698,-1.113242,0.5506406,0.1800543,15.71031,-5.561966,0.5861861,2.973309
R,0.1913998,1.295995,-0.1040691,-1.71497,0.3195809,0.1881382,-43.0629,-16.53588,0.5785323,2.987282
R,0.1716176,1.300706,-0.1013483,-1.577667,0.3757035,0.2169835,10.95009,4.475875,2.300456,2.999821
R,0.1539372,1.305619,-0.09856915,-1.2747,0.3542182,0.2003704,21.843,-1.549021,-1.197746,3.013691
R,0.1401904,1.311551,-0.0939983,-1.004358,0.4334152,0.3339528,19.75152,5.786234,9.759705,3.027378
R,0.1264367,1.31733,-0.08986582,-0.955341,0.4013646,0.2870442,3.404747,-2.226252,-3.258299,3.041775
R,0.10701,1.313194,-0.09080539,-1.406402,-0.299408,-0.06802064,-32.65474,-50.73276,-25.70508,3.055588
R,0.08950006,1.311606,-0.09066976,-1.262064,-0.1144487,0.009775829,10.40345,13.3313,5.607336,3.069462
R,0.07290186,1.302934,-0.09331512,-1.099045,-0.5742217,-0.1751616,10.79422,-30.44373,-12.24558,3.084564
R,0.05694589,1.297693,-0.09459297,-1.25911,-0.4135592,-0.100837,-12.63095,12.67812,5.865068,3.097237
R,0.04126986,1.29451,-0.09500991,-1.03147,-0.2094315,-0.02743444,14.97854,13.43144,4.829828,3.112434
R,0.05323037,1.300454,-0.08597725,0.8912379,0.4429274,0.6730692,143.2707,48.61057,52.19807,3.125854
R,0.05922971,1.305784,-0.07793487,0.4532249,0.4026027,0.6075682,-33.09005,-3.046368,-4.948325,3.139091
R,0.06813045,1.307611,-0.07317601,0.6267192,0.1286849,0.3350808,12.21609,-19.28711,-19.18639,3.153294
R,0.0719264,1.309412,-0.06902953,0.2798329,0.1327246,0.3056734,-25.57203,0.2978054,-2.167879,3.166859
R,0.07235124,1.311142,-0.06541314,0.02980973,0.1214367,0.2537515,-17.54338,-0.7920392,-3.643203,3.18111
R,0.08095215,1.300972,-0.07526685,0.6233557,-0.7370576,-0.7141531,43.01756,-62.21983,-70.14941,3.194908
R,0.08562213,1.294209,-0.08148243,0.3181411,-0.4607913,-0.4234348,-20.79267,18.82057,19.80511,3.209587
R,0.09648031,1.291482,-0.09165961,0.7977596,-0.200296,-0.7477255,35.23798,19.13881,-23.82592,3.223198
R,0.1035017,1.289479,-0.09869449,0.4903088,-0.1399257,-0.4912499,-21.46947,4.215692,17.90984,3.237518
R,0.1194206,1.288834,-0.109466,1.281647,-0.05192337,-0.8672223,63.71148,7.085164,-30.26993,3.249939
R,0.1309931,1.288237,-0.1174662,0.8417508,-0.04342397,-0.5819147,-31.99672,0.6182204,20.75241,3.263687
R,0.1395726,1.287665,-0.1238193,0.5992675,-0.03990974,-0.4437565,-16.93726,0.2454664,9.650242,3.278004
R,0.157993,1.287499,-0.1329132,1.224648,-0.01107976,-0.6045974,41.57745,1.916715,-10.69325,3.293045
R,0.1724176,1.287237,-0.1402804,1.073325,-0.01944366,-0.5481856,-11.25987,-0.6223516,4.197568,3.306484
R,0.1908649,1.284663,-0.1471777,1.316236,-0.1836554,-0.492129,17.33198,-11.71669,3.999698,3.320499
R,0.2059398,1.282653,-0.1532786,1.097115,-0.1462729,-0.4440057,-15.94704,2.7206,3.502286,3.33424
R,0.2186909,1.281002,-0.158892,1.019399,-0.1319953,-0.4487744,-6.213118,1.141443,-0.3812376,3.346748
R,0.2395277,1.276871,-0.1636088,1.384954,-0.2745864,-0.3135053,24.29716,-9.477538,8.990869,3.361794
R,0.2572134,1.273632,-0.1683007,1.266718,-0.2320099,-0.3360528,-8.468536,3.049502,-1.614942,3.375755
R,0.2677049,1.265968,-0.1765324,0.7075629,-0.516843,-0.5551568,-37.71009,-19.20949,-14.77664,3.390583
R,0.277953,1.260047,-0.1837449,0.8074749,-0.4665239,-0.5682954,7.872356,3.964791,-1.035223,3.403275
R,0.2929987,1.251738,-0.1881761,1.108218,-0.612075,-0.3263842,22.15174,-10.72081,17.81836,3.416851
R,0.3069081,1.245055,-0.1928294,0.9133932,-0.4388386,-0.305574,-12.79364,11.37597,1.366552,3.432079
R,0.3199624,1.239336,-0.1976131,0.9839235,-0.4310218,-0.3605576,5.316013,0.5891699,-4.144228,3.445347
R,0.3325332,1.230909,-0.2063406,0.9661023,-0.6476198,-0.6707264,-1.369604,-16.64611,-23.83725,3.458359
R,0.3447624,1.223808,-0.2140123,0.8258167,-0.4795531,-0.5180601,-9.473218,11.34923,10.30926,3.473167
R,0.3523076,1.211892,-0.2230131,0.5953962,-0.9403033,-0.7102613,-18.18283,-36.35849,-15.16689,3.48584
R,0.360805,1.202066,-0.23109,0.5889885,-0.6810632,-0.5598384,-0.4441392,17.96886,10.42636,3.500267
R,0.3700134,1.193484,-0.2385892,0.6128281,-0.5711396,-0.4990827,1.586542,7.315519,4.043344,3.515293
R,0.3712452,1.18427,-0.2467813,0.09950886,-0.7443663,-0.6617886,-41.46796,-13.99395,-13.14403,3.527672
R,0.3749485,1.17592,-0.2544672,0.2431247,-0.5481468,-0.5045832,9.428508,12.88199,10.32067,3.542904
R,0.3786372,1.16704,-0.2634821,0.2628347,-0.6327552,-0.6423535,1.404417,-6.028697,-9.816705,3.556938
R,0.3837871,1.158781,-0.2718442,0.3685568,-0.5910541,-0.5984358,7.566042,2.984349,3.142988,3.570911
R,0.3980006,1.15001,-0.2742767,1.101059,-0.6794659,-0.1884327,56.74383,-6.84888,31.76119,3.58382
R,0.4108191,1.141731,-0.2779729,0.9123761,-0.5892954,-0.2630859,-13.42985,6.418044,-5.313571,3.59787
R,0.4225616,1.133767,-0.2824284,0.899017,-0.6097401,-0.3411146,-1.02278,-1.565261,-5.973941,3.610931
R,0.4240818,1.121781,-0.287173,0.1046522,-0.8250804,-0.3266212,-54.68434,-14.8241,0.997735,3.625458
R,0.4276594,1.111175,-0.2922646,0.2631436,-0.7801452,-0.3745046,11.65757,3.30513,-3.521984,3.639053
R,0.4271657,1.102496,-0.2997376,-0.03624247,-0.6371027,-0.548588,-21.97767,10.50063,-12.77931,3.652676
R,0.4290064,1.093959,-0.306737,0.1223456,-0.5674442,-0.4652221,10.5408,4.62996,5.541045,3.667721
R,0.4323429,1.08553,-0.3134553,0.2584589,-0.6529532,-0.5204431,10.54411,-6.624016,-4.277739,3.68063
R,0.4351421,1.076717,-0.3126163,0.1873384,-0.589761,0.05615546,-4.759715,4.229122,38.58868,3.695572
R,0.4389113,1.068094,-0.3137035,0.2671947,-0.6112595,-0.07707291,5.660853,-1.523987,-9.4443,3.709679
R,0.4518275,1.058554,-0.3114581,0.9304475,-0.6872767,0.1617546,47.77899,-5.476084,17.20451,3.72356
R,0.4630036,1.049365,-0.3111738,0.8292483,-0.681786,0.02109353,-7.50885,0.4074043,-10.43687,3.737038
R,0.4729036,1.040372,-0.3121521,0.6813427,-0.6189288,-0.06733026,-10.1792,4.325972,-6.085525,3.751568
R,0.4790426,1.029376,-0.3149174,0.5191331,-0.9298992,-0.2338382,-13.71686,-26.29646,-14.08034,3.763393
R,0.4854527,1.01908,-0.3178894,0.4155211,-0.6673853,-0.1926562,-6.716437,17.01692,2.66954,3.77882
R,0.4793975,1.008707,-0.3141197,-0.4641333,-0.7951115,0.2889506,-67.42577,-9.790246,36.91529,3.791866
R,0.4769243,0.9987009,-0.3122551,-0.1721571,-0.6964908,0.1297879,20.3239,6.864794,-11.07901,3.806232
R,0.4822896,0.9895047,-0.3082676,0.3768673,-0.6459631,0.2800944,38.5647,3.549178,10.55787,3.820469
R,0.4876282,0.980292,-0.3059224,0.3995102,-0.6894225,0.1755014,1.694465,-3.252244,-7.827134,3.833832
R,0.4928947,0.9710799,-0.3046419,0.4039209,-0.7065261,0.09820939,0.3382758,-1.311764,-5.927919,3.84687
R,0.4911467,0.9598293,-0.300434,-0.1141571,-0.7347487,0.2748077,-33.83434,-1.843147,11.53318,3.862183
R,0.4912401,0.9492006,-0.2975811,0.007215968,-0.8214135,0.2204774,9.380076,-6.697712,-4.198808,3.875122
R,0.495046,0.9404021,-0.292893,0.2459801,-0.5686598,0.3029982,15.43161,16.33576,5.333417,3.890594
R,0.4989496,0.9314174,-0.2894551,0.3051931,-0.70244,0.2687798,4.629385,-10.45919,-2.675263,3.903385
R,0.5028787,0.9222767,-0.2868422,0.2824196,-0.6570255,0.1878128,-1.636943,3.264365,-5.81986,3.917297
R,0.5011689,0.9231139,-0.2882344,-0.1318678,0.06456862,-0.1073684,-31.95145,55.65212,-22.76551,3.930264
R,0.5008532,0.9219733,-0.2888733,-0.02261974,-0.08171631,-0.0457754,7.826928,-10.48038,4.412748,3.944221
R,0.4977458,0.9068991,-0.2764638,-0.2166431,-1.050964,0.8651783,-13.52715,-67.57513,63.51092,3.958565
R,0.4963426,0.8940521,-0.2670365,-0.1020066,-0.9339339,0.6853356,8.333685,8.5077,-13.07395,3.972321
R,0.4877036,0.889537,-0.2653317,-0.6368572,-0.3328441,0.1256789,-39.42853,44.31161,-41.25721,3.985886
R,0.4820338,0.8837484,-0.2635007,-0.3907256,-0.398914,0.1261768,16.96159,-4.553053,0.03431421,4.000397
R,0.4781561,0.8772538,-0.2614973,-0.2423141,-0.405844,0.1251937,9.274179,-0.4330546,-0.06143474,4.016399
R,0.4751082,0.8754466,-0.262456,-0.2600835,-0.1542104,-0.08181254,-1.516321,21.47273,-17.66453,4.028118
R,0.4730335,0.8722448,-0.2625144,-0.1433156,-0.2211668,-0.004032856,8.065877,-4.625093,5.372721,4.042595
R,0.4680336,0.8736754,-0.2615679,-0.3770655,0.1078871,0.07138009,-17.62835,24.81574,5.687299,4.055855
R,0.4638737,0.8732117,-0.2603697,-0.3072719,-0.03425261,0.08850645,5.155251,-10.49904,1.265025,4.069393
R,0.4604288,0.8714241,-0.2590419,-0.2484311,-0.1289159,0.0957531,4.243402,-6.8268,0.5226041,4.08326
R,0.4650054,0.8688648,-0.2605107,0.3145566,-0.1759021,-0.1009521,38.69529,-3.229456,-13.51995,4.097809
R,0.4712053,0.8638263,-0.2622072,0.4565353,-0.3710191,-0.1249232,10.45474,-14.36763,-1.765136,4.111389
R,0.4708529,0.8637645,-0.2622585,-0.02267792,-0.003974343,-0.00330492,-30.84283,23.62352,7.827523,4.126926
R,0.4705756,0.8633558,-0.2621934,-0.02299757,-0.03389948,0.00540276,-0.02650822,-2.481713,0.7221341,4.138985
R,0.4701819,0.8624014,-0.2620111,-0.02765776,-0.06703427,0.01280731,-0.3273421,-2.327461,0.520112,4.153221
R,0.4723173,0.866491,-0.2623169,0.1515422,0.2902173,-0.02170538,12.71689,25.35229,-2.449187,4.167313
R,0.4752244,0.8714235,-0.26256,0.205576,0.3488038,-0.01718877,3.821052,4.143002,0.3193969,4.181454
R,0.4745798,0.8840064,-0.2645057,-0.04690102,0.9154958,-0.1415617,-18.36951,41.23089,-9.049021,4.195198
R,0.474099,0.8927208,-0.2657505,-0.0322866,0.585149,-0.08358615,0.9813228,-22.18197,3.892917,4.210091
R,0.4751231,0.9171215,-0.2701,0.08561364,2.0397,-0.3635827,9.855497,121.5886,-23.40543,4.222054
R,0.4758601,0.9355118,-0.2732055,0.04778707,1.192408,-0.2013608,-2.452636,-54.93755,10.5183,4.237476
R,0.4764078,0.949619,-0.2755341,0.04154984,1.070369,-0.1766756,-0.4732428,-9.259579,1.87296,4.250656
R,0.4760148,0.9777095,-0.2790077,-0.03008634,2.150632,-0.2659422,-5.484519,82.70577,-6.834318,4.263718
R,0.4757729,1.000167,-0.281727,-0.013945,1.294415,-0.1567413,0.930377,-49.35185,6.294272,4.281067
R,0.4647017,1.029963,-0.2810086,-0.7251999,1.951766,0.04705655,-46.5895,43.05864,13.34942,4.296333
R,0.4550326,1.059004,-0.2823358,-0.9471897,2.844883,-0.1300127,-21.74638,87.49071,-17.34591,4.306541
R,0.4477097,1.083303,-0.2836106,-0.4919673,1.63248,-0.08563918,30.58274,-81.45158,2.981102,4.321426
R,0.437057,1.117768,-0.2859539,-0.7323753,2.369452,-0.161108,-16.52807,50.66683,-5.188485,4.335972
R,0.4325198,1.142178,-0.2872325,-0.3261306,1.754533,-0.09190559,29.2006,-44.19996,4.974222,4.349884
R,0.4294758,1.166357,-0.285023,-0.2104903,1.671953,0.1527858,7.996418,-5.710292,16.92017,4.364346
R,0.4179139,1.192011,-0.2848654,-0.6529227,1.44879,0.008901403,-24.98514,-12.60255,-8.125469,4.382053
R,0.408728,1.215296,-0.2850247,-0.5239441,1.328084,-0.009087386,7.356607,-6.884723,-1.026034,4.399586
R,0.400901,1.236912,-0.2853696,-0.7053245,1.947931,-0.03107543,-16.34507,55.85737,-1.981449,4.410683
R,0.389089,1.252997,-0.2802024,-0.7745005,1.054652,0.3388042,-4.535788,-58.57119,24.25256,4.425934
R,0.3549148,1.256227,-0.273239,-2.208719,0.2088033,0.4500528,-92.69518,-54.66821,7.190127,4.441406
R,0.3303164,1.263107,-0.2681501,-1.91857,0.5366055,0.396915,22.63041,25.56721,-4.144526,4.454227
R,0.3093601,1.272508,-0.2642893,-1.433976,0.6432475,0.2641791,33.15929,7.297197,-9.082722,4.468842
R,0.2913999,1.28352,-0.2611811,-1.329239,0.8150321,0.2300386,7.751623,12.71381,-2.526744,4.482353
R,0.284705,1.293112,-0.2550393,-0.4657747,0.6673136,0.4272948,60.07218,-10.27695,13.72333,4.496727
R,0.2824346,1.304853,-0.2411982,-0.1598206,0.8265138,0.9743167,21.53707,11.2066,38.50658,4.510933
R,0.2774543,1.317188,-0.2303131,-0.3656994,0.9057335,0.7992942,-15.11762,5.817078,-12.85185,4.524551
R,0.2707892,1.329874,-0.2214819,-0.4489237,0.8544209,0.5948189,-5.605535,-3.45614,-13.77235,4.539398
R,0.2630899,1.342786,-0.2139225,-0.5366508,0.8999767,0.526893,-6.114636,3.175269,-4.734479,4.553745
R,0.2296113,1.326783,-0.2153176,-2.490407,-1.190426,-0.1037783,-145.3364,-155.5013,-46.9145,4.567188
R,0.2142379,1.320214,-0.2136016,-1.08102,-0.4619183,0.1206694,99.10471,51.22694,15.78263,4.581409
R,0.2354673,1.299925,-0.2220825,1.472264,-1.407011,-0.5881572,177.0709,-65.5424,-49.15731,4.595829
R,0.2491467,1.287895,-0.2273207,0.9944417,-0.874558,-0.3807944,-34.73603,38.7075,15.07458,4.609585
R,0.2126479,1.299542,-0.2123023,-2.646,0.844329,1.088766,-263.916,124.6117,106.5366,4.623379
R,0.1878498,1.308973,-0.2006847,-1.688049,0.6420085,0.7908305,65.20937,-13.77229,-20.28094,4.638069
R,0.1778423,1.31574,-0.1919298,-0.7199195,0.4868277,0.6298099,69.64579,-11.16348,-11.58358,4.65197
R,0.1677528,1.321822,-0.1846175,-0.6754092,0.4071278,0.4895032,2.979599,-5.335251,-9.392381,4.666908
R,0.1580852,1.327506,-0.178184,-0.666221,0.3917012,0.443346,0.6331822,-1.063092,-3.180817,4.681419
R,0.1448433,1.322447,-0.1737202,-1.143376,-0.4368103,0.3854334,-41.20003,-71.53798,-5.000476,4.693001
R,0.1386492,1.316574,-0.1718553,-0.4480546,-0.4248413,0.1348917,50.29644,0.8657841,-18.12307,4.706825
R,0.1316034,1.313377,-0.1692961,-0.4826296,-0.2190113,0.1753076,-2.368335,14.09906,2.768432,4.721424
R,0.1240942,1.31181,-0.1662743,-0.557173,-0.116261,0.224213,-5.531024,7.623941,3.628714,4.734901
R,0.1200066,1.311391,-0.1670772,-0.2955948,-0.03025862,-0.05806465,18.91618,6.21931,-20.41307,4.74873
R,0.1147284,1.311576,-0.1666318,-0.3435071,0.01199417,0.02898752,-3.11815,2.74983,5.665393,4.764095
R,0.1113384,1.312082,-0.1650896,-0.2326392,0.03477585,0.1058328,7.608208,1.563372,5.273436,4.778667
R,0.1067453,1.312838,-0.1630849,-0.3869045,0.06363472,0.1688675,-12.99477,2.430971,5.309823,4.790539
R,0.1010904,1.313804,-0.1606704,-0.4032603,0.06886732,0.17218,-1.166364,0.3731484,0.2362219,4.804562
R,0.09506595,1.314858,-0.1581138,-0.4035991,0.07062197,0.171276,-0.02269878,0.1175494,-0.06055836,4.819489
R,0.09580012,1.313655,-0.160708,0.05389498,-0.08832435,-0.1904393,33.58424,-11.66811,-26.5532,4.833111
R,0.09616484,1.313773,-0.1610348,0.02745818,0.008947803,-0.02459748,-1.990307,7.323179,12.48548,4.846394
R,0.0962102,1.313926,-0.1611855,0.002942496,0.009890807,-0.009776741,-1.590359,0.06117369,0.9614374,4.861809
R,0.09603057,1.314128,-0.1612458,-0.0132947,0.0149633,-0.004463183,-1.201718,0.3754158,0.3932573,4.87532
R,0.09518738,1.314664,-0.1611935,-0.06564809,0.04176567,0.004070993,-4.076069,2.086748,0.664444,4.888165
R,0.09185551,1.31196,-0.1683564,-0.2418133,-0.1962815,-0.5198578,-12.78534,-17.27648,-38.02459,4.901943
R,0.09333716,1.311792,-0.1695524,0.1002856,-0.01140105,-0.08094904,23.15497,12.51363,29.70754,4.916718
R,0.09388778,1.311756,-0.1702047,0.03838826,-0.002501662,-0.04547976,-4.315433,0.6204575,2.472888,4.931061
R,0.09716803,1.311677,-0.1733055,0.2654007,-0.006356096,-0.2508813,18.36727,-0.311857,-16.61876,4.94342
R,0.09945857,1.3117,-0.1758323,0.1608064,0.001590118,-0.1773923,-7.343003,0.5578608,5.159268,4.957664
R,0.1007239,1.311788,-0.1776003,0.09333069,0.00649796,-0.1304032,-4.977028,0.3620038,3.465925,4.971222
R,0.1077725,1.309587,-0.1849905,0.503472,-0.1572377,-0.527878,29.29593,-11.69546,-28.39118,4.985222
R,0.1126369,1.308057,-0.1903598,0.2862347,-0.08999018,-0.3159442,-12.78281,3.957025,12.47075,5.002216
R,0.1160361,1.306955,-0.1945069,0.3305215,-0.1071263,-0.4032363,4.306197,-1.666221,-8.487798,5.012501
R,0.1325648,1.315533,-0.1967836,1.077569,0.559197,-0.1484258,48.70284,43.4401,16.61204,5.02784
R,0.1528237,1.316978,-0.202307,1.576358,0.1124685,-0.4297802,38.81105,-34.76023,-21.89236,5.040691
R,0.1683611,1.318023,-0.2068353,1.089044,0.07320354,-0.3174006,-34.15682,-2.752156,7.876914,5.054958
R,0.1808059,1.318904,-0.2107399,0.7654472,0.05419257,-0.2401583,-19.90354,-1.169313,4.750961,5.071217
R,0.1967629,1.312736,-0.2224503,1.483866,-0.5735744,-1.088975,66.80713,-58.3772,-78.93302,5.08197
R,0.2101568,1.308364,-0.2316578,0.9291159,-0.3032631,-0.6387117,-38.48228,18.75112,31.23414,5.096386
R,0.2232923,1.304734,-0.2377629,0.9119159,-0.2520111,-0.4238406,-1.194088,3.558108,14.91716,5.11079
R,0.2350199,1.301901,-0.2433966,0.9071468,-0.2191096,-0.435771,-0.3689003,2.544973,-0.9228409,5.123718
R,0.2458489,1.299568,-0.2487031,0.759843,-0.1637028,-0.3723422,-10.33587,3.88773,4.450615,5.13797
R,0.2625713,1.29263,-0.2574274,1.069969,-0.4439376,-0.5582162,19.84324,-17.93065,-11.89303,5.153599
R,0.2774197,1.287245,-0.2649973,1.082435,-0.3925803,-0.5518393,0.9087614,3.743886,0.4648698,5.167316
R,0.2914192,1.281752,-0.2660431,1.09125,-0.4281241,-0.08151902,0.6871283,-2.770617,36.66121,5.180145
R,0.3044418,1.27713,-0.2682309,0.9781631,-0.3472421,-0.1643356,-8.494319,6.075278,-6.220594,5.193459
R,0.3168758,1.273048,-0.2711285,0.8448699,-0.2773296,-0.1968819,-9.057029,4.750429,-2.21146,5.208176
R,0.3290837,1.260609,-0.2784692,0.8448328,-0.860827,-0.5080084,-0.002565668,-40.38024,-21.53114,5.222626
R,0.3410026,1.250879,-0.2849693,0.9703271,-0.7921098,-0.529178,10.21664,5.594342,-1.723438,5.234909
R,0.3517532,1.231809,-0.2875334,0.7553542,-1.339922,-0.1801544,-15.10422,-38.48988,24.52276,5.249142
R,0.3626536,1.217184,-0.2907106,0.7992876,-1.072395,-0.2329764,3.221503,19.61697,-3.873275,5.262779
R,0.3742065,1.19941,-0.2920328,0.7659431,-1.17838,-0.08766241,-2.210689,-7.026603,9.634089,5.277863
R,0.3856996,1.184743,-0.2941718,0.8542206,-1.090135,-0.158979,6.561215,6.55877,-5.300596,5.291317
R,0.3971218,1.171721,-0.2968267,0.8023199,-0.9147156,-0.1864847,-3.64562,12.32185,-1.932066,5.305553
R,0.4135393,1.157205,-0.2910345,1.130785,-0.9997455,0.3989445,22.6235,-5.856559,40.32232,5.320072
R,0.4287261,1.144123,-0.2877124,1.075978,-0.926875,0.2353695,-3.883057,5.162855,-11.58924,5.334187
R,0.4339834,1.119269,-0.2913709,0.3903042,-1.845219,-0.2716099,-50.90489,-68.17854,-37.63852,5.347656
R,0.4408635,1.099014,-0.2946531,0.4875875,-1.435456,-0.2326009,6.894357,29.03949,2.764529,5.361767
R,0.4489464,1.080925,-0.2976686,0.5848464,-1.308774,-0.2181915,7.037219,9.166126,1.042597,5.375587
R,0.4489998,1.06761,-0.2966509,0.003756211,-0.9375755,0.0716555,-40.91574,26.13682,20.40872,5.38979
R,0.4517997,1.054092,-0.2965648,0.214548,-1.035863,0.006604428,16.15253,-7.531565,-4.984727,5.40284
R,0.4437651,1.042576,-0.2953666,-0.5983554,-0.8576172,0.08922674,-60.53913,13.27445,6.153109,5.416267
R,0.4402875,1.030467,-0.2949879,-0.2507263,-0.8729975,0.02730937,25.06295,-1.108868,-4.464045,5.430138
R,0.4453645,1.019571,-0.2888305,0.3558573,-0.7637199,0.431578,42.51664,7.65948,28.33599,5.444405
R,0.4507249,1.008032,-0.2845655,0.3717489,-0.800248,0.2957817,1.10209,-2.533234,-9.417508,5.458824
R,0.4562134,0.9961189,-0.281569,0.4357279,-0.945781,0.2378932,5.079254,-11.55378,-4.595733,5.47142
R,0.4610998,0.985671,-0.2786178,0.3302236,-0.7060736,0.1994433,-7.130007,16.1995,-2.598457,5.486217
R,0.4662142,0.974627,-0.2763425,0.3867064,-0.8350474,0.1720395,4.270724,-9.751865,-2.072035,5.499443
R,0.4607252,0.9654359,-0.2731787,-0.3857678,-0.6459492,0.2223504,-54.2894,13.2898,3.535848,5.513672
R,0.4581525,0.9554001,-0.2706144,-0.1753526,-0.6840427,0.1747818,14.34194,-2.596456,-3.242285,5.528343
R,0.4574181,0.9448532,-0.2684409,-0.05696422,-0.8179919,0.1685697,9.181897,-10.38875,-0.4817955,5.541237
R,0.4612471,0.9345377,-0.2692482,0.2557385,-0.688953,-0.0539172,20.88487,8.61828,-14.85952,5.55621
R,0.4649008,0.9239035,-0.2694788,0.296984,-0.8644041,-0.01874758,3.352643,-14.26153,2.858761,5.568512
R,0.461403,0.9152538,-0.2682511,-0.2413608,-0.5968594,0.08472008,-37.14763,18.4615,7.139622,5.583004
R,0.4596586,0.9058545,-0.2670679,-0.1148351,-0.6187767,0.0778876,8.329469,-1.442864,-0.449797,5.598194
R,0.4518101,0.9046947,-0.2661333,-0.5802158,-0.08573921,0.06909634,-34.40405,39.40569,-0.6499087,5.611721
R,0.4466041,0.9009377,-0.265169,-0.4302343,-0.3104853,0.07968898,12.39494,-18.57372,0.8754088,5.623821
R,0.4430016,0.8955662,-0.2641826,-0.2353876,-0.3509783,0.06445313,12.73128,-2.645813,-0.9955105,5.639126
R,0.4405767,0.8970189,-0.2650297,-0.1747333,0.1046806,-0.06103757,4.370578,32.8335,-9.042505,5.653004
R,0.438819,0.8965359,-0.2654542,-0.1379125,-0.03789565,-0.03331244,2.889061,-11.18692,2.17539,5.665749
R,0.4372787,0.9071517,-0.2652285,-0.1011223,0.6969345,0.01482086,2.41531,48.24225,3.159994,5.680981
R,0.435889,0.9141331,-0.2648484,-0.09830343,0.4938318,0.02688208,0.1993911,-14.36647,0.8531509,5.695118
R,0.4348039,0.9175724,-0.2644323,-0.08822988,0.2796507,0.03383801,0.8190821,-17.4151,0.5655878,5.707417
R,0.4347558,0.9277803,-0.2652237,-0.003098856,0.6584454,-0.05104654,5.491286,24.43375,-5.475388,5.722919
R,0.4345117,0.9346499,-0.2656394,-0.01953602,0.5497034,-0.0332699,-1.315294,-8.701485,1.422478,5.735416
R,0.4396445,0.9535888,-0.2655716,0.3680316,1.357965,0.00486358,27.78953,57.95428,2.734262,5.749363
R,0.4432955,0.9677615,-0.2654172,0.2437253,0.9460903,0.01030924,-8.297971,-27.49437,0.3635208,5.764343
R,0.436608,0.9987407,-0.2650033,-0.4783382,2.215825,0.02960223,-51.64655,90.81948,1.379957,5.778324
R,0.4317502,1.023077,-0.2646101,-0.3484097,1.745451,0.02819981,9.31873,-33.73617,-0.1005845,5.792267
R,0.4280497,1.042579,-0.2642314,-0.2980175,1.570622,0.03049875,4.058379,-14.08002,0.1851469,5.804684
R,0.4252492,1.073896,-0.2645815,-0.1982063,2.216379,-0.02477895,7.063955,45.7023,-3.912181,5.818813
R,0.4228481,1.100059,-0.2647472,-0.17016,1.854141,-0.01174304,1.987612,-25.67139,0.9238408,5.832924
R,0.4053165,1.124895,-0.2595632,-1.22555,1.7362,0.3623896,-73.77711,-8.2447,26.15377,5.847229
R,0.3924274,1.146765,-0.2556268,-0.8905632,1.511037,0.2719858,23.1457,-15.55748,-6.246394,5.861702
R,0.3820154,1.166651,-0.252535,-0.784098,1.49763,0.2328309,8.017587,-1.009651,-2.94864,5.874981
R,0.3884254,1.189099,-0.2420816,0.4437158,1.553869,0.7236083,84.99181,3.892948,33.97263,5.889427
R,0.3917417,1.209935,-0.2339346,0.2391571,1.502639,0.5875354,-14.75209,-3.694481,-9.813119,5.903294
R,0.3807715,1.233481,-0.225246,-0.7757663,1.665059,0.6144172,-71.77126,11.48569,1.900969,5.917435
R,0.371921,1.255421,-0.2180763,-0.6416231,1.590535,0.5197775,9.724787,-5.402672,-6.860957,5.931229
R,0.3643314,1.276245,-0.2118897,-0.6213524,1.704872,0.5064877,1.659544,9.360624,-1.088026,5.943443
R,0.3255774,1.293383,-0.2035016,-2.674158,1.182556,0.5788088,-141.6506,-36.04157,4.990405,5.957935
R,0.3001064,1.310829,-0.1961969,-1.634934,1.11985,0.4688705,66.70574,-4.024975,-7.056723,5.973515
R,0.2664982,1.319307,-0.1910402,-2.858592,0.7211024,0.4386141,-104.08,-33.91608,-2.573506,5.985271
R,0.2400716,1.330169,-0.1859938,-1.844895,0.7582806,0.3522959,70.76816,2.595489,-6.026042,5.999596
R,0.2032744,1.33856,-0.1836444,-2.658806,0.6062655,0.1697614,-58.80976,-10.98397,-13.18917,6.013435
R,0.1743156,1.349036,-0.1806495,-2.125248,0.7688882,0.2197889,39.15705,11.93465,3.671443,6.027061
R,0.1484265,1.360906,-0.1772176,-1.843704,0.8453036,0.2444033,20.05027,5.441953,1.752924,6.041103
R,0.1342611,1.369379,-0.1688305,-0.9992894,0.5977277,0.5916697,59.56897,-17.46516,24.4978,6.055279
R,0.1182409,1.379452,-0.1614613,-1.14213,0.7180871,0.5253667,-10.18355,8.580769,-4.72693,6.069305
R,0.09801869,1.379987,-0.1593746,-1.50472,0.03987191,0.1552698,-26.98005,-50.46552,-27.53865,6.082745
R,0.07849651,1.383892,-0.1565803,-1.361432,0.2722715,0.1948708,9.992577,16.20701,2.761683,6.097084
R,0.05929374,1.390028,-0.1532798,-1.4212,0.4541484,0.244273,-4.423437,13.46074,3.656259,6.110596
R,0.02398412,1.381446,-0.1575323,-2.408588,-0.5853906,-0.2900769,-67.3531,-70.91047,-36.44981,6.125256
R,-0.004751608,1.378173,-0.1594537,-2.115388,-0.2409172,-0.1414499,21.584,25.3585,10.94122,6.13884
R,-0.02063742,1.368608,-0.1600161,-1.132854,-0.6821358,-0.04010069,70.06679,-31.46431,7.227446,6.152863
R,-0.03864591,1.36379,-0.1596277,-1.36361,-0.3648541,0.02940971,-17.47293,24.02469,5.263355,6.166069
R,-0.04648655,1.364614,-0.1557206,-0.5453372,0.05732621,0.271745,56.91305,29.36377,16.85507,6.180447
R,-0.05794028,1.366483,-0.1521884,-0.8056151,0.131473,0.2484446,-18.30702,5.215225,-1.638867,6.194664
R,-0.07142282,1.368999,-0.1489233,-1.026238,0.1915378,0.2485278,-16.793,4.571899,0.006328942,6.207802
R,-0.07039655,1.375783,-0.1450129,0.07226143,0.4776642,0.2753356,77.34761,20.14674,1.88759,6.222004
R,-0.07452066,1.381828,-0.1414153,-0.2980731,0.4368883,0.2600236,-26.76619,-2.947107,-1.106685,6.23584
R,-0.07366194,1.380824,-0.1429274,0.06182625,-0.07230157,-0.1088708,25.91197,-36.66055,-26.55958,6.249729
R,-0.07410125,1.379357,-0.1454945,-0.02691961,-0.08986384,-0.1573019,-5.438101,-1.076167,-2.967726,6.266048
R,-0.07732594,1.378296,-0.1482019,-0.2812156,-0.09257527,-0.2361085,-22.17637,-0.2364555,-6.872483,6.277515
R,-0.0680044,1.377144,-0.1534938,0.6026106,-0.07442971,-0.3421037,57.1368,1.173057,-6.852281,6.292984
R,-0.06354962,1.37702,-0.1570343,0.3756169,-0.01052388,-0.2985322,-19.1396,5.388398,3.673848,6.304844
R,-0.04716924,1.377944,-0.1639107,1.083801,0.06119069,-0.4549697,46.85668,4.744963,-10.35061,6.319958
R,-0.0367431,1.379206,-0.1687565,0.78584,0.09509776,-0.3652377,-22.45792,2.555645,6.76328,6.333225
R,-0.03049709,1.380674,-0.1723868,0.3929335,0.09234761,-0.2283802,-24.71756,-0.1730102,8.609645,6.349121
R,-0.01582292,1.383172,-0.1838996,1.221577,0.2079728,-0.9584082,68.98184,9.625418,-60.77246,6.361134
R,-0.005529743,1.385509,-0.1924654,0.6922255,0.1571158,-0.5760576,-35.59934,-3.420174,25.71342,6.376003
R,0.0144933,1.385504,-0.2075559,1.558931,-0.0003248441,-1.174896,67.47898,-12.25783,-46.62367,6.388847
R,0.02960672,1.386021,-0.2190937,1.129388,0.038626,-0.8621911,-32.0987,2.910698,23.36765,6.402229
R,0.05286392,1.384844,-0.2276408,1.644655,-0.0832378,-0.6044192,36.43758,-8.617713,18.22858,6.41637
R,0.07135949,1.384416,-0.2351964,1.297085,-0.03002107,-0.5298696,-24.3749,3.732062,5.22813,6.43063
R,0.08646072,1.384465,-0.2421185,1.124949,0.003676471,-0.515655,-12.82301,2.510261,1.058899,6.444054
R,0.1025827,1.389062,-0.2424008,1.138853,0.3247271,-0.01993545,0.9821392,22.67893,35.01749,6.45821
R,0.1166495,1.392727,-0.2441547,1.011388,0.2634908,-0.1261046,-9.164633,-4.402834,-7.633462,6.472118
R,0.1315137,1.388334,-0.2467857,0.9942787,-0.2938569,-0.1759946,-1.144433,-37.28128,-3.337167,6.487068
R,0.1450157,1.385529,-0.2500009,1.068996,-0.2220723,-0.2545551,5.915632,5.68345,-6.219929,6.499699
R,0.1575743,1.38374,-0.2535816,0.8830912,-0.1257963,-0.2517834,-13.07237,6.769892,0.1949039,6.51392
R,0.1565824,1.380236,-0.2534249,-0.06267135,-0.2214012,0.009896963,-59.7556,-6.040553,16.53361,6.529747
R,0.1585249,1.37791,-0.254433,0.1704849,-0.204166,-0.08847192,20.46217,1.512596,-8.633014,6.541142
R,0.1515722,1.378973,-0.2531841,-0.4894246,0.07483552,0.0879137,-46.45309,19.63979,12.41633,6.555347
R,0.1438964,1.380449,-0.2523016,-0.5352945,0.1029778,0.06154604,-3.19886,1.962581,-1.83882,6.569687
R,0.1198277,1.379573,-0.2489726,-1.611611,-0.05867656,0.2229057,-72.06895,-10.8242,10.80446,6.584621
R,0.1048194,1.378906,-0.2472372,-1.230248,-0.0547217,0.1422544,31.26083,0.3241849,-6.611083,6.596821
R,0.09433727,1.378382,-0.2465334,-0.7071117,-0.03530301,0.04747612,35.29,1.309957,-6.39361,6.611645
R,0.0751948,1.383493,-0.2333507,-1.454517,0.3883696,1.001669,-56.79068,32.19224,72.50317,6.624805
R,0.06153358,1.387203,-0.2238966,-0.9401959,0.2552835,0.6506547,35.39676,-9.159282,-24.15759,6.639336
R,0.03083152,1.383206,-0.2118481,-2.347146,-0.3055373,0.9210992,-107.5601,-42.87426,20.67525,6.652416
R,0.008940905,1.380424,-0.2026779,-1.464648,-0.1861202,0.6135534,59.04576,7.989918,-20.57716,6.667362
R,-0.008842349,1.378435,-0.1954078,-1.318002,-0.1474413,0.5388218,10.86866,2.866673,-5.53872,6.680855
R,-0.01870343,1.380224,-0.1795478,-0.7113435,0.1290847,1.144085,43.76222,19.94762,43.66158,6.694717
R,-0.02856494,1.381433,-0.1668355,-0.6975547,0.08551167,0.8992006,0.9753525,-3.082139,-17.32191,6.708855
R,-0.0286614,1.378222,-0.1549281,-0.006375358,-0.2122809,0.7870582,45.68546,-19.68345,-7.412373,6.723984
R,-0.03133252,1.375857,-0.1447555,-0.2237831,-0.1981364,0.8522429,-18.21417,1.185014,5.4611,6.73592
R,-0.03268798,1.370279,-0.1400386,-0.08950306,-0.3682777,0.3114649,8.866675,-11.23464,-35.70824,6.751064
R,-0.03580128,1.366069,-0.1349294,-0.2527513,-0.3418144,0.4147859,-13.25319,2.148401,8.388041,6.763382
R,-0.04002285,1.362683,-0.1295083,-0.2833224,-0.2272465,0.3638263,-2.051725,7.689013,-3.420063,6.778282
R,-0.03433752,1.35653,-0.1209053,0.3645727,-0.3945848,0.5516737,41.54643,-10.73061,12.04576,6.793877
R,-0.0318794,1.351622,-0.1129322,0.2252296,-0.4496789,0.7305445,-12.76755,-5.04809,16.38934,6.80479
R,-0.02081203,1.34652,-0.1104398,0.7796952,-0.3594296,0.1755891,39.06203,6.35805,-39.09654,6.818985
R,-0.01370072,1.342166,-0.1069434,0.4403936,-0.2696226,0.2165293,-21.01249,5.561627,2.535367,6.835133
R,-0.009318234,1.338259,-0.102752,0.3754389,-0.3347222,0.3590642,-5.56454,-5.576953,12.21068,6.846806
R,0.007745289,1.332789,-0.1061118,1.051999,-0.3372457,-0.2071328,41.71125,-0.1555775,-34.90713,6.863026
R,0.02024212,1.328023,-0.1070334,1.078331,-0.4112595,-0.07952844,2.272085,-6.386526,11.01077,6.874615
R,0.05026025,1.330916,-0.1009951,2.113638,0.2036916,0.4251701,72.89809,43.29995,35.53685,6.888817
R,0.07362218,1.332145,-0.09537957,1.506566,0.07928198,0.3621344,-39.14887,-8.022935,-4.06505,6.904324
R,0.1021227,1.331612,-0.09526287,2.342813,-0.04381271,0.009592912,68.74164,-10.1187,-28.97981,6.916489
R,0.1250599,1.33058,-0.09403341,1.621593,-0.07299252,0.0869188,-50.98799,-2.062921,5.466698,6.930634
R,0.1443297,1.329244,-0.09205613,1.481803,-0.1027336,0.1520481,-10.74956,-2.287017,5.008289,6.943638
R,0.1554434,1.326406,-0.09254083,0.7785599,-0.1987908,-0.03395525,-49.26533,-6.729239,-13.03038,6.957912
R,0.166499,1.323811,-0.09195372,0.7541451,-0.1770101,0.04004897,-1.66541,1.485729,5.048078,6.972572
R,0.1729706,1.314484,-0.09489936,0.4975027,-0.7170088,-0.2264462,-19.7294,-41.51244,-20.48684,6.98558
R,0.1806896,1.307171,-0.09628908,0.5455596,-0.5168762,-0.09822234,3.396552,14.14493,9.062584,6.999729
R,0.1892884,1.301071,-0.0966972,0.6080726,-0.431363,-0.02886062,4.420665,6.047147,4.904979,7.01387
R,0.1852603,1.29988,-0.09949434,-0.2874843,-0.08497822,-0.1996335,-63.91637,24.72167,-12.18815,7.027882
R,0.1848405,1.298473,-0.1008228,-0.0307147,-0.1029689,-0.09719182,18.7861,-1.316255,7.49497,7.04155
R,0.1818589,1.298278,-0.0979421,-0.2168126,-0.01417302,0.2094725,-13.53244,6.456949,22.29964,7.055302
R,0.1798738,1.297386,-0.09417874,-0.1355506,-0.06092895,0.2569786,5.548927,-3.192703,3.243928,7.069946
R,0.1671791,1.300503,-0.0880685,-0.9796454,0.2405339,0.471523,-65.13818,23.26367,16.55623,7.082905
R,0.1597387,1.302107,-0.08321892,-0.5085907,0.1096317,0.3314965,32.19926,-8.947912,-9.571606,7.097534
R,0.1553848,1.302724,-0.0791989,-0.3153808,0.04468603,0.2911921,13.99525,-4.70437,-2.919468,7.11134
R,0.1306307,1.304165,-0.07677287,-1.639912,0.09550322,0.1607199,-87.74778,3.366546,-8.643543,7.126434
R,0.1142546,1.304845,-0.07438496,-1.300875,0.05404356,0.1896899,26.93227,-3.293455,2.301302,7.139023
R,0.08849172,1.308031,-0.06575614,-1.895478,0.2343618,0.634856,-43.74726,13.26673,32.75264,7.152615
R,0.07037818,1.310141,-0.05869216,-1.334933,0.1555384,0.5206015,41.31106,-5.809136,-8.420341,7.166183
R,0.05559136,1.311546,-0.05273449,-1.027372,0.0975931,0.4139326,21.36899,-4.025976,-7.41124,7.180576
R,0.0314233,1.307796,-0.05584273,-1.759376,-0.2729884,-0.226272,-53.28804,-26.97743,-46.60533,7.194313
R,0.01260894,1.305068,-0.05711426,-1.2278,-0.1780558,-0.0829784,34.68993,6.195176,9.351151,7.209637
R,0.006027996,1.295987,-0.05475727,-0.5392793,-0.744129,0.1931451,56.42122,-46.38721,22.62711,7.22184
R,-0.001723552,1.289272,-0.05229165,-0.4604627,-0.3988642,0.1464645,4.681921,20.50965,-2.772954,7.238674
R,-0.01033708,1.294913,-0.0505705,-0.79172,0.5184848,0.1582011,-30.4478,84.31891,1.078781,7.249554
R,-0.01919333,1.298581,-0.04861702,-0.6443552,0.2668783,0.1421296,10.72184,-18.30617,-1.169317,7.263298
R,-0.02810993,1.300954,-0.0465074,-0.6154383,0.1637869,0.1456096,1.995894,-7.115536,0.2402004,7.277786
R,-0.02812262,1.29533,-0.0490068,-0.0008817808,-0.390944,-0.1737484,42.72137,-38.56255,-22.20042,7.292171
R,-0.03041312,1.291203,-0.05023685,-0.1792901,-0.3231002,-0.09628253,-13.96496,5.310498,6.063661,7.304947
R,-0.02923986,1.291556,-0.05135871,0.08186437,0.02467893,-0.07827758,18.222,24.26623,1.256292,7.319279
R,-0.02891608,1.291781,-0.05218206,0.02240101,0.01553015,-0.05696357,-4.114005,-0.6329632,1.474622,7.333733
R,-0.02923704,1.291905,-0.05282554,-0.02384179,0.009262539,-0.04779954,-3.435045,-0.465576,0.6807296,7.347195
R,-0.01871791,1.291599,-0.05809526,0.7700433,-0.02240122,-0.3857651,58.11567,-2.317918,-24.74048,7.360855
R,-0.01237518,1.291177,-0.06161228,0.4539205,-0.03021772,-0.2516972,-22.62344,-0.559391,9.594623,7.374828
R,0.002355983,1.294422,-0.06360676,0.9544451,0.2102617,-0.1292241,32.42944,15.58088,7.935141,7.390263
R,0.01258323,1.296643,-0.06504377,0.8391269,0.1821596,-0.1179039,-9.461644,-2.305723,0.9287999,7.402451
R,0.01969852,1.298184,-0.06613461,0.4867513,0.1054688,-0.07462344,-24.10573,-5.24636,2.960784,7.417068
R,0.0353062,1.304746,-0.07289726,1.052601,0.4425569,-0.4560816,38.16158,22.73363,-25.726,7.431896
R,0.04711748,1.309616,-0.07786019,0.9955813,0.4104301,-0.4183286,-4.80622,-2.707993,3.182222,7.44376
R,0.06373643,1.316575,-0.07959998,1.154361,0.4834062,-0.1208469,11.02891,5.068959,20.66323,7.458157
R,0.07695372,1.322011,-0.0812379,0.9316569,0.3831927,-0.1154528,-15.6979,-7.063823,0.3802139,7.472343
R,0.09279735,1.327367,-0.08206683,1.049081,0.354635,-0.0548873,7.775216,-1.890941,4.01033,7.487446
R,0.1059765,1.331859,-0.08305676,0.9372827,0.3194181,-0.07040311,-7.950976,-2.504587,-1.103466,7.501507
R,0.1173329,1.335795,-0.08415067,0.9271304,0.3213563,-0.08930605,-0.8288306,0.1582329,-1.543224,7.513756
R,0.1267207,1.34023,-0.08762832,0.6912817,0.3265625,-0.2560799,-17.36694,0.3833655,-12.28055,7.527336
R,0.1356432,1.344235,-0.09050284,0.6369794,0.2859733,-0.2052122,-3.876642,-2.897665,3.631448,7.541344
R,0.1293695,1.340727,-0.1048109,-0.4476399,-0.2503147,-1.020896,-77.38879,-38.26474,-58.19994,7.555359
R,0.1269118,1.338978,-0.1154274,-0.1735587,-0.1235267,-0.7497438,19.3558,8.953855,19.14895,7.569519
R,0.1268913,1.33836,-0.1239753,-0.001521916,-0.0457104,-0.63263,12.73247,5.7592,8.667609,7.583031
R,0.1068472,1.341058,-0.1333573,-1.412104,0.1900195,-0.6609598,-99.37531,16.60714,-1.995834,7.597225
R,0.09440345,1.34349,-0.1412912,-0.9094098,0.1777948,-0.5798228,36.73772,-0.8933998,5.929633,7.610909
R,0.0806206,1.361107,-0.1361471,-0.9445992,1.207337,0.3525439,-2.411683,70.55901,63.89917,7.6255
R,0.07104118,1.374863,-0.1337346,-0.6553203,0.9410474,0.1650401,19.78933,-18.21662,-12.82699,7.640118
R,0.0483592,1.376412,-0.1483972,-1.782892,0.1217672,-1.152538,-88.63152,-64.39862,-103.5668,7.65284
R,0.03209228,1.378537,-0.1598738,-1.172471,0.1531224,-0.8272035,43.99729,2.259987,23.44915,7.666714
R,0.01929867,1.381194,-0.1694708,-0.9321195,0.1935711,-0.6992198,17.51159,2.947018,9.324664,7.680439
R,0.01257646,1.395853,-0.1537878,-0.4700422,1.025073,1.096615,32.31017,58.14173,125.5715,7.69474
R,0.006015152,1.407779,-0.1436954,-0.4951086,0.8998543,0.7615579,-1.891484,-9.448888,-25.28304,7.707993
R,-0.02451842,1.398072,-0.1448983,-2.139014,-0.679984,-0.08426622,-115.163,-110.6748,-59.2538,7.722267
R,-0.04673743,1.392441,-0.1465819,-1.629253,-0.4128934,-0.1234495,37.37928,19.58495,-2.873193,7.735905
R,-0.0654555,1.389387,-0.1484485,-1.202655,-0.1962623,-0.1199362,27.40934,13.91876,0.2257319,7.751469
R,-0.08680385,1.37107,-0.14413,-1.799466,-1.543921,0.3640135,-50.30562,-113.5951,40.79245,7.763332
R,-0.1070353,1.353282,-0.1426701,-1.371843,-1.20618,0.09898999,28.99608,22.90135,-17.9706,7.77808
R,-0.1118848,1.348866,-0.1439202,-0.3584125,-0.3263762,-0.09238661,74.89843,65.02267,-14.14385,7.791611
R,-0.1130567,1.348392,-0.144046,-0.08930153,-0.03605559,-0.009589616,20.50751,22.12378,6.309516,7.804733
R,-0.1187101,1.345286,-0.1451191,-0.4014069,-0.2205614,-0.07619515,-22.16049,-13.10051,-4.72921,7.818817
R,-0.1218444,1.346226,-0.1508727,-0.2066535,0.06194982,-0.3793415,12.8404,18.62641,-19.98692,7.833984
R,-0.127042,1.346372,-0.1553366,-0.4078161,0.01145802,-0.3502472,-15.78377,-3.961725,2.282819,7.846729
R,-0.1208027,1.345804,-0.1657536,0.460735,-0.04194542,-0.7692276,64.13675,-3.943491,-30.93893,7.860271
R,-0.1187414,1.344971,-0.173696,0.1468724,-0.05933168,-0.5659274,-22.36401,-1.238843,14.48598,7.874306
R,-0.1058596,1.347206,-0.1725496,0.8807758,0.1528185,0.07837971,50.17954,14.50545,44.05353,7.888931
R,-0.098062,1.348487,-0.1725918,0.5738596,0.09429394,-0.003103506,-22.58738,-4.307095,-5.996726,7.902519
R,-0.09374608,1.349146,-0.1733828,0.3359241,0.05126373,-0.06157099,-18.5194,-3.349201,-4.550743,7.915367
R,-0.07802215,1.354468,-0.1709901,1.067858,0.3614233,0.162498,49.70782,21.06385,15.21719,7.930092
R,-0.06701697,1.358214,-0.1698693,0.8056245,0.2742425,0.08205088,-19.19661,-6.38199,-5.88906,7.943752
R,-0.04831334,1.363784,-0.1690417,1.368801,0.4076197,0.06056432,41.21535,9.761034,-1.572466,7.957417
R,-0.02012322,1.370636,-0.1615758,2.020747,0.4911557,0.5351744,46.73328,5.988092,34.02138,7.971367
R,0.001782725,1.375937,-0.1562788,1.672251,0.4046848,0.4043617,-26.60337,-6.600996,-9.985954,7.984467
R,0.0191681,1.380221,-0.1524517,1.139083,0.2807267,0.2507518,-34.93298,-8.121686,-10.06447,7.999729
R,0.03378505,1.38388,-0.1495324,1.137354,0.2846449,0.2271504,-0.1345447,0.30488,-1.836441,8.012581
R,0.05567122,1.395644,-0.1412579,1.60395,0.8621488,0.6064101,34.19493,42.32295,27.79443,8.026226
R,0.0737487,1.377337,-0.1507362,1.284604,-1.300878,-0.6735385,-22.69304,-153.7068,-90.95441,8.040298
R,0.08962516,1.364886,-0.1573677,1.067706,-0.8373926,-0.4459759,-14.58653,31.16978,15.30379,8.055168
R,0.1041673,1.355746,-0.1622114,1.028914,-0.6466515,-0.3427126,-2.744712,13.49572,7.306307,8.069302
R,0.1178705,1.348696,-0.1659404,1.074548,-0.5528249,-0.2924114,3.578429,7.357487,3.944406,8.082054
R,0.12114,1.341247,-0.1695355,0.2199878,-0.5012513,-0.2419018,-57.49946,3.470154,3.398562,8.096916
R,0.1338803,1.347553,-0.1580279,0.9711592,0.4807175,0.8771922,57.2594,74.85235,85.30495,8.110035
R,0.1464512,1.351478,-0.1497399,0.8766606,0.2736931,0.5779858,-6.590113,-14.4374,-20.86597,8.124374
R,0.1588062,1.353826,-0.1436753,0.9245758,0.175769,0.4538387,3.585694,-7.32807,-9.290441,8.137737
R,0.1709876,1.355195,-0.1390038,0.8208969,0.09222365,0.3148056,-6.986837,-5.630054,-9.369328,8.152576
R,0.1823525,1.335528,-0.137502,0.8919887,-1.543553,0.1178764,5.579725,-128.386,-15.45623,8.165318
R,0.1927695,1.320343,-0.1345639,0.724528,-1.056199,0.2043532,-11.64734,33.89683,6.014692,8.179695
R,0.2035578,1.308803,-0.1318817,0.7647662,-0.8180435,0.1901355,2.852407,16.88235,-1.007861,8.193802
R,0.2145852,1.299426,-0.1293749,0.7872413,-0.669424,0.1789609,1.604494,10.60995,-0.7977526,8.207809
R,0.2257644,1.291425,-0.1269769,0.7703897,-0.5513768,0.1652527,-1.161286,8.134953,-0.9446748,8.222321
R,0.2340228,1.279342,-0.123905,0.6638733,-0.9713374,0.2469388,-8.562606,-33.75962,6.566557,8.23476
R,0.243113,1.269278,-0.1210763,0.6239669,-0.6907567,0.1941705,-2.739252,19.25963,-3.622128,8.249329
R,0.2640923,1.255093,-0.1101402,1.492024,-1.008834,0.777757,61.73522,-22.62129,41.50399,8.26339
R,0.2826591,1.243255,-0.1014357,1.285232,-0.8194728,0.6025486,-14.31462,13.10798,-12.12829,8.277836
R,0.2880912,1.233874,-0.09929482,0.4248233,-0.7336012,0.1674263,-67.28844,6.715613,-34.02885,8.290623
R,0.2951861,1.22499,-0.09682445,0.5195181,-0.6505848,0.1808916,6.933987,6.078841,0.9859899,8.304279
R,0.3037161,1.215558,-0.09164981,0.5721856,-0.6326526,0.347109,3.532873,1.202873,11.14967,8.319187
R,0.3130281,1.206588,-0.0869153,0.6463008,-0.622551,0.3286002,5.143988,0.7011062,-1.284607,8.333595
R,0.3237447,1.205156,-0.08574791,0.8228732,-0.1099608,0.08963779,13.55811,39.35924,-18.34873,8.346619
R,0.3345345,1.201938,-0.0839456,0.7390887,-0.2204811,0.1234557,-5.739119,-7.570482,2.316476,8.361217
R,0.3350011,1.2036,-0.08703562,0.03550209,0.1264967,-0.2351319,-53.53875,26.40295,-27.28638,8.374359
R,0.3375489,1.203146,-0.08826687,0.1908827,-0.03400972,-0.09224511,11.64106,-12.02509,10.70503,8.387707
R,0.3419437,1.201373,-0.08871622,0.2828516,-0.1140897,-0.02892092,5.919252,-5.154062,4.075634,8.403244
R,0.348074,1.198445,-0.08856248,0.4892076,-0.2336853,0.01226872,16.46727,-9.543764,3.286946,8.415775
R,0.3320707,1.200299,-0.09638885,-1.07486,0.1245196,-0.5256559,-105.0502,24.05874,-36.12957,8.430664
R,0.3094031,1.208845,-0.09781104,-1.672913,0.6307186,-0.1049607,-44.13738,37.3584,31.04806,8.444214
R,0.2949777,1.214187,-0.09862599,-1.011373,0.3745152,-0.05713635,46.38107,-17.9626,3.352998,8.458477
R,0.2850787,1.217391,-0.09904431,-0.7038115,0.2278529,-0.02974238,21.86747,-10.42762,1.947699,8.472542
R,0.2780405,1.219273,-0.09921569,-0.5153741,0.1377619,-0.0125491,13.79825,-6.596879,1.258971,8.486198
R,0.2586739,1.232799,-0.09542678,-1.374344,0.9598843,0.2688793,-60.95666,58.34176,19.97151,8.50029
R,0.2387095,1.24551,-0.09115525,-1.573528,1.001832,0.3366669,-15.69899,3.306186,5.342782,8.512978
R,0.2237032,1.254934,-0.0878621,-1.122662,0.7050335,0.2463702,33.73053,-22.20433,-6.755342,8.526344
R,0.2132084,1.265072,-0.07936417,-0.7451617,0.7198165,0.6033807,26.80377,1.049639,25.34891,8.540428
R,0.2039752,1.273232,-0.07266019,-0.6420248,0.5673823,0.4661555,7.171539,-10.59939,-9.54185,8.55481
R,0.195584,1.280095,-0.0671825,-0.6168578,0.5045657,0.4026762,1.850081,-4.617774,-4.666494,8.568413
R,0.1948296,1.281606,-0.06611717,-0.05278756,0.1057211,0.0745514,39.47347,-27.91103,-22.96208,8.582703
R,0.2007893,1.277741,-0.06883791,0.42779,-0.2774079,-0.195297,34.49631,-27.50136,-19.36997,8.596634
R,0.195304,1.265258,-0.07899556,-0.385716,-0.877783,-0.7142617,-57.20379,-42.21693,-36.49235,8.610855
R,0.190087,1.256991,-0.08584649,-0.3884139,-0.6155034,-0.5100624,-0.2008662,19.52713,15.20296,8.624287
R,0.1850671,1.251127,-0.0907717,-0.3627149,-0.4237269,-0.3558752,1.856903,13.85696,11.14092,8.638126
R,0.1849558,1.233699,-0.1008411,-0.007506995,-1.175328,-0.6790941,23.95565,-50.68889,-21.79827,8.652954
R,0.1836444,1.221179,-0.1083339,-0.0959971,-0.9165125,-0.548502,-6.477841,18.94637,9.559882,8.666615
R,0.1815727,1.211284,-0.1143203,-0.1448229,-0.69175,-0.4184802,-3.413171,15.71204,9.089179,8.68092
R,0.1930206,1.199285,-0.1330481,0.8429731,-0.8835323,-1.379038,72.7373,-14.12207,-70.73159,8.6945
R,0.2439992,1.203448,-0.1361144,3.712154,0.3031424,-0.2232802,208.9274,86.41101,84.15971,8.708233
R,0.2832641,1.205257,-0.139632,2.982631,0.1373968,-0.267204,-55.41586,-12.59033,-3.336533,8.721397
R,0.3131149,1.205579,-0.1432282,2.012136,0.02172795,-0.2424055,-65.41772,-7.796834,1.671585,8.736233
R,0.3417048,1.19901,-0.1556609,2.327538,-0.5348117,-1.012161,25.67727,-45.30856,-62.66674,8.748516
R,0.3655886,1.19348,-0.1656495,1.552444,-0.3594641,-0.6492589,-50.38088,11.39755,23.58858,8.763901
R,0.3780521,1.188163,-0.1771761,0.895617,-0.3820415,-0.8282963,-47.19938,-1.622406,-12.86557,8.777817
R,0.3905084,1.183359,-0.187006,0.8773152,-0.338343,-0.6923277,-1.289012,3.077733,9.576395,8.792015
R,0.4032718,1.178881,-0.1957982,1.027278,-0.3604352,-0.7076525,12.06994,-1.778125,-1.233435,8.80444
R,0.4281962,1.162313,-0.2047239,1.602595,-1.065282,-0.5739064,36.99191,-45.32044,8.599641,8.819992
R,0.4505179,1.149578,-0.2130162,1.59181,-0.9082137,-0.5913442,-0.7691529,11.20092,-1.243526,8.834015
R,0.4478978,1.128037,-0.230571,-0.2168067,-1.782414,-1.452616,-149.6584,-72.33786,-71.26804,8.8461
R,0.4496197,1.111126,-0.245064,0.120824,-1.186638,-1.016935,23.69054,41.80379,30.57041,8.860352
R,0.4544156,1.096731,-0.2578415,0.3390494,-1.017648,-0.9033256,15.42786,11.94712,8.03184,8.874496
R,0.4739059,1.07062,-0.2587577,1.421216,-1.903981,-0.06681155,78.9106,-64.63061,60.99781,8.88821
R,0.4914907,1.049927,-0.2620824,1.101232,-1.295919,-0.2082052,-20.03869,38.07925,-8.854632,8.904179
R,0.4947827,1.034398,-0.2664356,0.2789169,-1.315712,-0.3688263,-69.67196,-1.676945,-13.60887,8.915981
R,0.5002432,1.019539,-0.2717995,0.359929,-0.9793893,-0.3535662,5.339913,22.1687,1.005868,8.931152
R,0.4853416,0.9994193,-0.2749026,-1.086609,-1.467124,-0.2262713,-105.4802,-35.56519,9.282224,8.944866
R,0.4774483,0.9814047,-0.2791594,-0.5809061,-1.325778,-0.3132808,37.21701,10.40233,-6.403431,8.958454
R,0.473682,0.9646059,-0.2841253,-0.2729623,-1.217506,-0.3599063,22.31839,7.847085,-3.37921,8.972252
R,0.4998136,0.9671565,-0.2852923,1.772835,0.1730396,-0.07917031,138.7923,94.33829,19.04588,8.986992
R,0.5210286,0.9649718,-0.2878762,1.776232,-0.1829138,-0.2163421,0.2844239,-29.80231,-11.48475,8.998936
R,0.5383314,0.9599133,-0.2913539,1.116099,-0.3262911,-0.2243229,-42.58115,-9.248397,-0.5147945,9.014439
R,0.5327084,0.9632232,-0.2836085,-0.4386998,0.2582357,0.6042922,-121.304,45.60422,64.64777,9.027256
R,0.5314788,0.9628516,-0.2804448,-0.08943622,-0.0270316,0.2301154,25.40437,-20.74947,-27.21648,9.041004
R,0.5286156,0.9552308,-0.2763273,-0.1929011,-0.5134284,0.277405,-6.970623,-32.76947,3.185988,9.055847
R,0.5284171,0.9471009,-0.2740712,-0.01511218,-0.6189914,0.1717752,13.53654,-8.037381,-8.042471,9.068981
R,0.5299744,0.9388958,-0.2731456,0.1137143,-0.5991426,0.06758357,9.40699,1.449373,-7.608134,9.082676
R,0.5098465,0.9627599,-0.2669633,-1.176194,1.394519,0.3612733,-75.37711,116.5017,17.16206,9.099789
R,0.4873499,0.9948978,-0.2614894,-1.898694,2.712416,0.4619889,-60.97845,111.2295,8.500322,9.111637
R,0.4720682,1.017499,-0.257775,-1.251491,1.85094,0.3041872,53.00229,-70.55009,-12.92308,9.123848
R,0.4609231,1.033582,-0.2551703,-0.7060457,1.018857,0.1650122,34.55419,-52.71279,-8.816794,9.139633
R,0.4523675,1.045607,-0.2532542,-0.6355311,0.8932329,0.1423341,5.238028,-9.331729,-1.684593,9.153095
R,0.4683354,1.047985,-0.2465618,1.185471,0.17657,0.4968471,135.1925,-53.20557,26.31931,9.166565
R,0.4767705,1.050939,-0.2422457,0.5849702,0.2048528,0.2993231,-41.64489,1.961421,-13.69834,9.180984
R,0.4822669,1.054149,-0.2388523,0.4166765,0.2433397,0.2572477,-12.75801,2.917612,-3.189653,9.194176
R,0.4860109,1.057515,-0.2360198,0.2525633,0.2270812,0.1910715,-11.07084,-1.096777,-4.46415,9.209
R,0.4886761,1.06098,-0.2335332,0.2143799,0.2787186,0.2000194,-3.071357,4.153552,0.7197424,9.221432
R,0.4382744,1.154914,-0.203946,-3.158618,5.886714,1.854199,-211.3821,351.4469,103.6656,9.237389
R,0.3799329,1.224439,-0.1758755,-4.628901,5.516183,2.227151,-116.6543,-29.39846,29.59059,9.249992
R,0.3657971,1.275014,-0.1549674,-1.096983,3.924826,1.622537,274.0886,-123.4946,-46.92009,9.262878
R,0.2976151,1.297177,-0.1382385,-4.787972,1.556364,1.174761,-259.1938,-166.3215,-31.44435,9.277119
R,0.2663498,1.315858,-0.1244643,-2.252269,1.345699,0.9922557,182.6654,-15.17572,-13.14721,9.291
R,0.2343093,1.333242,-0.1125271,-2.358669,1.279758,0.8787598,-7.832614,-4.854281,-8.355031,9.304585
R,0.1652826,1.313707,-0.1114787,-4.290949,-1.214393,0.06517426,-120.1176,-155.0454,-50.57542,9.320671
R,0.129923,1.303827,-0.1087001,-2.941703,-0.8219117,0.2311648,112.2491,32.65202,13.8094,9.332691
R,0.1083747,1.303852,-0.1045384,-1.444331,0.001638008,0.2789463,100.3649,55.20036,3.202667,9.34761
R,0.08536971,1.306235,-0.0996393,-1.783676,0.1848011,0.3798479,-26.31097,14.20145,7.823347,9.360508
R,0.06232684,1.31012,-0.09429559,-1.562884,0.2634783,0.3624373,14.97523,5.336291,-1.18087,9.375252
R,0.04137551,1.308043,-0.1026096,-1.567427,-0.1553849,-0.6219956,-0.3398794,-31.33632,-73.64817,9.388618
R,0.01983152,1.308381,-0.1069432,-1.567479,0.0246149,-0.3152982,-0.003772898,13.09627,22.31443,9.402363
R,0.007892383,1.308733,-0.103405,-0.8650563,0.02552342,0.256362,50.89441,0.06582727,41.41992,9.416164
R,-0.007173674,1.31045,-0.09973729,-1.094948,0.1247574,0.2665553,-16.7077,7.211976,0.7408143,9.429924
R,-0.02382503,1.313026,-0.09602171,-1.068033,0.1652037,0.2383209,1.72632,2.594262,-1.810978,9.445515
R,-0.01434686,1.308287,-0.1104998,0.6797931,-0.3398854,-1.038395,125.3576,-36.22602,-91.56866,9.459457
R,-0.01289199,1.306016,-0.1197688,0.1096567,-0.1711832,-0.6986285,-42.97235,12.71544,25.6089,9.472725
R,-0.004662512,1.309893,-0.1238442,0.6206297,0.2924248,-0.3073486,38.53525,34.96319,29.50854,9.485985
R,-0.002663491,1.313405,-0.1264953,0.1437277,0.2525027,-0.1906091,-34.28881,-2.870361,8.393458,9.499893
R,0.01108743,1.313882,-0.1330332,0.9142079,0.03167797,-0.4346607,51.22413,-14.68118,-16.22537,9.514935
R,0.01854619,1.315002,-0.1377808,0.5647803,0.08483174,-0.3594878,-26.45879,4.024825,5.692119,9.528141
R,0.02169839,1.316551,-0.1414475,0.2252196,0.110708,-0.2619849,-24.26105,1.848813,6.966423,9.542137
R,0.03801008,1.323525,-0.1467554,1.146076,0.4899491,-0.3729375,64.70037,26.64588,-7.795644,9.55637
R,0.04879479,1.329341,-0.1509977,0.7912531,0.426716,-0.3112482,-26.03268,-4.639287,4.52602,9.57
R,0.07115421,1.33442,-0.1600741,1.857809,0.4220087,-0.7541465,88.61845,-0.3911203,-36.79972,9.582035
R,0.08753597,1.338984,-0.1672136,1.147003,0.319553,-0.4998821,-49.76853,-7.173655,17.80285,9.596317
R,0.09970077,1.343222,-0.1731776,0.8583929,0.2990831,-0.4208424,-20.36542,-1.444427,5.577328,9.610489
R,0.121528,1.339727,-0.1862481,1.345372,-0.2154582,-0.8056317,30.01617,-31.71501,-23.71742,9.626713
R,0.138823,1.33814,-0.1965481,1.540009,-0.1412831,-0.9171514,17.33108,6.604806,-9.930101,9.637943
R,0.1656534,1.330429,-0.2109349,1.870095,-0.5374319,-1.002771,23.0072,-27.61181,-5.967741,9.65229
R,0.1876998,1.325546,-0.2225289,1.655969,-0.3668338,-0.8708576,-16.0836,12.81412,9.908399,9.665604
R,0.2127883,1.316902,-0.2303481,1.550035,-0.5340193,-0.4830925,-6.544912,-10.32917,23.95717,9.681789
R,0.2341739,1.310828,-0.2378928,1.684023,-0.4783062,-0.5941067,10.55101,4.387161,-8.741876,9.694489
R,0.2528965,1.30628,-0.2452567,1.332616,-0.323734,-0.5241417,-25.01206,11.00194,4.979882,9.708538
R,0.2840348,1.30141,-0.2502071,2.409305,-0.3768171,-0.3830293,83.30807,-4.10726,10.91847,9.721462
R,0.3108745,1.297489,-0.2557276,1.833206,-0.2677827,-0.3770661,-39.34889,7.447293,0.4072963,9.736103
R,0.3347541,1.27394,-0.2606777,1.754458,-1.730197,-0.3636841,-5.785664,-107.4448,0.9831839,9.749714
R,0.3566,1.257003,-0.2660834,1.65179,-1.280592,-0.4087377,-7.762817,33.99519,-3.406556,9.762939
R,0.3772281,1.243382,-0.2717648,1.442784,-0.9526664,-0.3973661,-14.6184,22.93589,0.7953596,9.777237
R,0.3844784,1.209386,-0.2789639,0.5227242,-2.451002,-0.5190349,-66.33338,-108.0252,-8.771934,9.791107
R,0.3943635,1.184997,-0.2858872,0.6345016,-1.56553,-0.4443904,7.174779,56.83673,4.791284,9.806686
R,0.4162978,1.174133,-0.2789014,1.602549,-0.793696,0.5103927,70.7268,56.39121,69.75771,9.820374
R,0.4370098,1.162737,-0.2754186,1.720381,-0.9466295,0.2892878,9.787409,-12.70298,-18.36544,9.832413
R,0.4492536,1.140902,-0.2757056,0.7884139,-1.406012,-0.0184844,-60.0122,-29.58103,-19.81838,9.847942
R,0.4626265,1.122723,-0.2770495,1.028346,-1.397899,-0.1033363,18.45024,0.6238816,-6.524909,9.860947
R,0.476853,1.105892,-0.2790304,1.027949,-1.216149,-0.1431358,-0.02872623,13.1325,-2.875748,9.874786
R,0.4987133,1.088724,-0.2726295,1.643405,-1.290615,0.4812025,46.2685,-5.598204,46.93621,9.888088
R,0.5192824,1.072683,-0.2687522,1.424585,-1.110981,0.2685374,-15.1552,12.44123,-14.7289,9.902527
R,0.5258559,1.064115,-0.2602343,0.4465414,-0.5820323,0.578625,-66.43905,35.93177,21.06442,9.917248
R,0.5348842,1.053934,-0.2543342,0.6541468,-0.7376918,0.4275001,15.04215,-11.27839,-10.94983,9.931049
R,0.5457495,1.042875,-0.2501865,0.8834668,-0.8991742,0.3372436,18.64605,-13.13016,-7.33877,9.943348
R,0.5316182,1.047771,-0.2518726,-0.9104087,0.31538,-0.1086243,-115.5698,78.24726,-28.72489,9.95887
R,0.1521644,0.9788522,-0.001472478,-0.01948569,-0.003539094,0.01285853,0.04575063,-0.01637712,0.006238379,29.43233
R,0.1520293,0.9790116,-0.001628627,-0.01233667,0.01455793,-0.01426249,0.6529869,1.652971,-2.477217,29.44328
R,0.1520849,0.9790123,-0.001922525,0.003770715,4.450414E-05,-0.01994918,1.093334,-0.985139,-0.3859998,29.45801
R,0.1521807,0.9789996,-0.002343159,0.007063747,-0.000935392,-0.03099116,0.2426219,-0.07219615,-0.8135437,29.47158
R,0.1523063,0.9789723,-0.002825266,0.008100855,-0.001757044,-0.03109783,0.06689753,-0.05299976,-0.006880993,29.48708
R,0.1522478,0.9791741,-0.002743543,-0.004945816,0.01706149,0.006910715,-1.10326,1.591344,3.214101,29.49891
R,0.1521915,0.9793799,-0.002648112,-0.004082334,0.01492066,0.006918308,0.06259868,-0.1552005,0.0005504304,29.5127
R,0.1524318,0.9794017,-0.002699399,0.01673336,0.001519328,-0.003571838,1.44971,-0.9333369,-0.7305868,29.52706
R,0.1526911,0.9794158,-0.002750446,0.01875625,0.001021834,-0.00369256,0.1463269,-0.03598652,-0.00873249,29.54089
R,0.1526834,0.9795483,-0.003013993,-0.000534463,0.009228049,-0.01835472,-1.343503,0.5715223,-1.021147,29.55524
R,0.1526704,0.9797381,-0.003402275,-0.0009947735,0.01449592,-0.02965786,-0.03515956,0.4023721,-0.8633596,29.56834
R,0.1526558,0.9799706,-0.003891112,-0.0009831031,0.01570147,-0.03301023,0.0007880799,0.08140876,-0.226379,29.58315
R,0.1525849,0.9803462,-0.00429669,-0.005391486,0.02855369,-0.03083522,-0.3351598,0.9771262,0.1653614,29.5963
R,0.1525142,0.9807209,-0.004702978,-0.005090352,0.02696836,-0.02924385,0.02167502,-0.1141093,0.1145432,29.61019
R,0.1521107,0.981163,-0.005070359,-0.02901403,0.03178998,-0.02641433,-1.72009,0.34667,0.2034401,29.6241
R,0.1522534,0.9812242,-0.005211174,0.010078,0.004320645,-0.009939067,2.759219,-1.938859,1.162868,29.63827
R,0.1524003,0.9812741,-0.005341684,0.009212395,0.003125,-0.008184785,-0.05428537,-0.07498351,0.1100178,29.65421
R,0.1525586,0.9813209,-0.005474963,0.01377174,0.004072253,-0.01159972,0.396814,0.08244243,-0.2972127,29.6657
R,0.1527329,0.981366,-0.0056153,0.01235325,0.003201013,-0.009942858,-0.1004992,-0.06172707,0.1173882,29.67982
R,0.1527573,0.9815422,-0.005776321,0.001744394,0.01259201,-0.01150782,-0.758192,0.6711543,-0.1118446,29.69381
R,0.1527867,0.9818707,-0.006165819,0.002161605,0.02418803,-0.02868107,0.03072169,0.8538836,-1.264569,29.70739
R,0.1528252,0.9822621,-0.006635048,0.002745851,0.02791332,-0.03346178,0.04166398,0.2656594,-0.340923,29.72141
R,0.1528688,0.9826689,-0.00712723,0.00311286,0.02906897,-0.03517519,0.02622928,0.08259195,-0.1224537,29.7354
R,0.1529146,0.9830663,-0.007612309,0.003337989,0.0289249,-0.03530275,0.01638435,-0.01048517,-0.009284122,29.74915
R,0.1530066,0.983375,-0.00784316,0.006724766,0.02257429,-0.01688511,0.2477186,-0.4645021,1.347119,29.76282
R,0.1529276,0.9837264,-0.008049535,-0.005600578,0.02491212,-0.01462949,-0.8737196,0.1657239,0.1598966,29.77692
R,0.1528459,0.9840782,-0.008255981,-0.005890531,0.02536699,-0.01488412,-0.02090464,0.03279502,-0.01835788,29.79079
R,0.152762,0.9844343,-0.008465183,-0.005830378,0.02474649,-0.01453899,0.004180423,-0.04312331,0.02398559,29.80518
R,0.1526762,0.9847938,-0.008676568,-0.006325399,0.02651502,-0.01559182,-0.03651287,0.1304473,-0.07765719,29.81874
R,0.1524941,0.9855336,-0.008994723,-0.0126225,0.05127909,-0.02205244,-0.4364744,1.716486,-0.447809,29.83317
R,0.1522647,0.9854813,-0.009010168,-0.01768382,-0.004030331,-0.001190832,-0.3902342,-4.264421,1.608455,29.84614
R,0.1520234,0.9854146,-0.009022186,-0.01691003,-0.004672468,-0.0008419002,0.05420744,-0.04498458,0.02444423,29.86041
R,0.1517146,0.9853244,-0.009035655,-0.0224474,-0.006560247,-0.0009792029,-0.4025475,-0.1372352,-0.00998144,29.87417
R,0.1513272,0.985206,-0.009050492,-0.02830507,-0.00864862,-0.001084003,-0.4279694,-0.1525793,-0.007656867,29.88786
R,0.1508597,0.9852871,-0.008963227,-0.03268125,0.005666667,0.00610026,-0.3059171,1.000711,0.5022165,29.90216
R,0.1501834,0.9841701,-0.007707155,-0.04744797,-0.07837176,0.08813483,-1.036137,-5.896726,5.756122,29.91641
R,0.1493626,0.98277,-0.006145343,-0.05853743,-0.09984953,0.1113764,-0.7908148,-1.531629,1.65741,29.93044
R,0.1485897,0.9814167,-0.004646308,-0.05785645,-0.1012993,0.112211,0.05097533,-0.10852,0.06247546,29.94379
R,0.1458708,0.9793372,-0.0009698215,-0.1855082,-0.1418857,0.2508508,-8.709826,-2.769262,9.459551,29.95845
R,0.1436364,0.9775667,0.002118829,-0.1681268,-0.1332161,0.232397,1.307816,0.6523213,-1.388507,29.97174
R,0.1349976,0.9777852,0.004545682,-0.6393589,0.0161676,0.1796118,-34.87597,11.05591,-3.906644,29.98525
R,0.1286237,0.9777889,0.006540647,-0.4620783,0.0002722276,0.1446262,12.85206,-1.152344,-2.5363,29.99905
R,0.1268368,0.9751896,0.008266462,-0.1076319,-0.1565695,0.103955,21.35018,-9.447411,-2.449843,30.01565
R,0.1252209,0.9733012,0.009680999,-0.1378899,-0.161143,0.1207072,-2.582012,-0.3902677,1.429523,30.02737
R,0.1238276,0.9722385,0.01172883,-0.1048989,-0.08000521,0.1541716,2.483743,6.108496,2.519387,30.04065
R,0.1223639,0.9712325,0.01362164,-0.09553923,-0.06566702,0.1235529,0.6109488,0.9359238,-1.998635,30.05597
R,0.1208248,0.9702455,0.01543147,-0.1246067,-0.07991044,0.1465218,-2.353264,-1.153128,1.859528,30.06832
R,0.1150348,0.9718559,0.01254712,-0.3751424,0.1043392,-0.1868795,-16.23243,11.9377,-21.60137,30.08376
R,0.1092756,0.9731611,0.01019271,-0.4583304,0.1038726,-0.1873693,-6.620287,-0.03713191,-0.03898067,30.09632
R,0.1036908,0.976441,0.008233821,-0.3991292,0.2344091,-0.1399977,4.23098,9.32916,3.385545,30.11031
R,0.09901248,0.978764,0.006957838,-0.3478158,0.1727037,-0.09486425,3.814946,-4.587551,3.355494,30.12376
R,0.09510981,0.9803748,0.006147589,-0.2715129,0.1120662,-0.05636995,5.308478,-4.218614,2.678092,30.13814
R,0.09165152,0.9815888,0.00559597,-0.2229637,0.07827103,-0.03556404,3.130075,-2.178852,1.341403,30.15365
R,0.09150225,0.9815937,0.004072401,-0.01282979,0.000414959,-0.130949,18.06077,-6.69164,-8.19823,30.16528
R,0.08954515,0.9824393,0.0004080885,-0.1350108,0.05833882,-0.2527836,-8.428689,3.995893,-8.404788,30.17978
R,0.08714737,0.9833151,-0.002862628,-0.1727775,0.06310558,-0.2356786,-2.72136,0.3434797,1.232537,30.19366
R,0.08461101,0.9841372,-0.005566497,-0.1682421,0.05453331,-0.179353,0.3008435,-0.5686161,3.736186,30.20873
R,0.08204449,0.9849033,-0.007822724,-0.1831238,0.05465773,-0.1609843,-1.06183,0.008877841,1.31063,30.22275
R,0.08120221,0.984979,-0.008766428,-0.0671121,0.006031535,-0.07519338,9.2437,-3.874488,6.835736,30.2353
R,0.0813015,0.9849241,-0.009941779,0.007222335,-0.003992959,-0.08549149,5.406861,-0.7291512,-0.7490527,30.24905
R,0.08107948,0.9849479,-0.01113963,-0.01652559,0.00177456,-0.08915652,-1.767568,0.429279,-0.2727903,30.26248
R,0.08090387,0.9853212,-0.01158689,-0.01214648,0.02582042,-0.03093597,0.3028911,1.663186,4.026958,30.27694
R,0.08054791,0.985729,-0.01210152,-0.0236954,0.02714338,-0.03425768,-0.7687865,0.0880667,-0.2211191,30.29196
R,0.07995853,0.9862309,-0.01276714,-0.04623039,0.0393664,-0.05221096,-1.767627,0.9587646,-1.408242,30.30471
R,0.08047846,0.9866948,-0.01462934,0.03677735,0.0328184,-0.1317224,5.871554,-0.4631726,-5.624247,30.31885
R,0.08080616,0.9872487,-0.01672759,0.02283474,0.03859317,-0.1462107,-0.9715504,0.4023978,-1.009573,30.3332
R,0.08252487,0.9869071,-0.01750974,0.1320483,-0.02624469,-0.06009237,8.39088,-4.981493,6.616473,30.34621
R,0.08399136,0.9866327,-0.01835344,0.1019177,-0.01906731,-0.05863504,-2.093997,0.4988091,0.10128,30.3606
R,0.08772788,0.9847627,-0.01878962,0.2784269,-0.1393414,-0.03250179,13.15259,-8.962234,1.947321,30.37402
R,0.09093721,0.983144,-0.01932481,0.2268896,-0.1144359,-0.0378364,-3.643527,1.760746,-0.3771399,30.38817
R,0.09338919,0.9818912,-0.01987696,0.1765856,-0.09023008,-0.03976434,-3.622774,1.743241,-0.1388455,30.40205
R,0.09526636,0.9809169,-0.02041492,0.1158945,-0.0601522,-0.03321325,-3.747011,1.85698,0.4044581,30.41825
R,0.09574985,0.9790461,-0.0253472,0.04070139,-0.1574843,-0.4152114,-6.329934,-8.193653,-32.15752,30.43013
R,0.09869236,0.9735195,-0.02991096,0.2186404,-0.4106478,-0.3391051,13.22155,-18.81103,5.65499,30.44359
R,0.1010363,0.9693644,-0.03346076,0.1473527,-0.2612073,-0.2231554,-4.481446,9.394471,7.289092,30.4595
R,0.1028894,0.9661996,-0.03625299,0.1551992,-0.2650559,-0.2338552,0.6571561,-0.3223318,-0.8961287,30.47144
R,0.107232,0.9596503,-0.03810325,0.2898143,-0.4370823,-0.123481,8.983847,-11.48057,7.366076,30.48642
R,0.110742,0.9544852,-0.03989267,0.2372664,-0.3491531,-0.120961,-3.55212,5.943818,0.1703409,30.50121
R,0.1099644,0.9474904,-0.05453568,-0.06605499,-0.5941803,-1.243868,-25.766,-20.81414,-95.38667,30.51299
R,0.1098003,0.9417503,-0.06544192,-0.01175664,-0.4111253,-0.7811491,3.889068,13.11114,33.14178,30.52695
R,0.1100498,0.9367599,-0.07430797,0.01781748,-0.3562687,-0.6329471,2.111295,3.916211,10.58014,30.54095
R,0.116129,0.9251414,-0.07097642,0.390403,-0.7461339,0.2139504,23.92726,-25.03695,54.38734,30.55653
R,0.1209282,0.9158829,-0.0697848,0.3931439,-0.7584522,0.0976178,0.2245361,-1.009111,-9.52997,30.56873
R,0.1166258,0.911437,-0.07058658,-0.3028576,-0.3129657,-0.05643975,-48.99372,31.35918,-10.84459,30.58294
R,0.11395,0.9068795,-0.07207533,-0.01551424,-0.02642482,-0.008631947,1.666048,1.661395,0.2771948,30.75541
R,0.1168379,0.8848692,-0.06578597,0.2891662,-2.203919,0.6297619,30.50808,-218.0355,63.92327,30.7654
R,0.1185487,0.8852476,-0.07295046,0.1448555,0.03203731,-0.6066301,-12.21905,189.3225,-104.6876,30.77721
R,0.1193826,0.8783987,-0.07651309,0.06002293,-0.4929726,-0.256431,-6.106082,-37.78918,25.20664,30.7911
R,0.1200023,0.8731643,-0.07915492,0.04548179,-0.3841423,-0.1938799,-1.067154,7.986903,4.590538,30.80473
R,0.1227244,0.8684512,-0.08018219,0.1984345,-0.3435762,-0.07488735,11.15006,2.957218,8.674413,30.81844
R,0.1247883,0.8647531,-0.08130352,0.1340528,-0.2401976,-0.07283182,-4.181681,6.714588,0.1335098,30.83384
R,0.126135,0.8615189,-0.08045971,0.1121428,-0.2693278,0.07026659,-1.824519,-2.425761,11.91626,30.84585
R,0.127244,0.8588373,-0.0801347,0.07798459,-0.1885604,0.02285387,-2.40192,5.679368,-3.333949,30.86007
R,0.1282392,0.8564293,-0.08011325,0.07112399,-0.1720922,0.001533001,-0.4903121,1.176942,-1.523756,30.87406
R,0.1273475,0.8568683,-0.08211158,-0.0653707,0.03217632,-0.1464904,-10.00595,14.97421,-10.85107,30.8877
R,0.1263586,0.8570985,-0.08475475,-0.06979714,0.01624764,-0.1865618,-0.3124295,-1.124288,-2.828349,30.90187
R,0.1245922,0.8587925,-0.08716293,-0.1261053,0.1209363,-0.1719197,-4.019837,7.473722,1.045303,30.91588
R,0.1231542,0.8599803,-0.08945293,-0.09504864,0.07851503,-0.1513642,2.052777,-2.803955,1.35867,30.93101
R,0.1235413,0.8602935,-0.08964368,0.03161446,0.02557438,-0.01557754,10.34392,-4.323388,11.08899,30.94325
R,0.123779,0.8604023,-0.08981099,0.01666527,0.007628676,-0.01172711,-1.047818,-1.25785,0.2698846,30.95752
R,0.1239979,0.8604499,-0.09000921,0.0155509,0.003379065,-0.01408208,-0.07916726,-0.3018998,-0.1673018,30.9716
R,0.1243036,0.8605582,-0.09028672,0.02233193,0.00791266,-0.02027537,0.4954309,0.3312304,-0.4524899,30.98528
R,0.1246883,0.8606366,-0.09068374,0.02784632,0.005672798,-0.02873445,0.399107,-0.1621111,-0.6122295,30.9991
R,0.1264486,0.8606781,-0.09046476,0.1260753,0.002975581,0.01568477,7.035555,-0.1931856,3.181484,31.01306
R,0.1285506,0.8606381,-0.09028994,0.1385884,-0.002636915,0.0115257,0.8250077,-0.3700408,-0.2742142,31.02823
R,0.1305728,0.8605172,-0.09020618,0.1442103,-0.008624354,0.005973077,0.4009156,-0.4269781,-0.3959701,31.04225
R,0.1310773,0.8608279,-0.08994652,0.04071616,0.02507793,0.02095761,-8.352949,2.72009,1.209392,31.05464
R,0.1314731,0.8610199,-0.08978934,0.02848817,0.01381882,0.01131332,-0.8801469,-0.8104092,-0.6941766,31.06853
R,0.1314911,0.8612126,-0.08943515,0.001229595,0.01314142,0.02415392,-1.858915,-0.04619529,0.8756723,31.0832
R,0.1315332,0.8614041,-0.08906215,0.003216108,0.01463192,0.02850708,0.1518229,0.1139144,0.3326988,31.09628
R,0.1316043,0.8615952,-0.08866839,0.004986213,0.01339823,0.02759964,0.1240702,-0.08647219,-0.06360451,31.11055
R,0.1288505,0.8613958,-0.08766061,-0.1850083,-0.01339457,0.06770466,-12.7642,-1.799993,2.694334,31.12543
R,0.1254625,0.8610985,-0.08644079,-0.270117,-0.02370362,0.09725351,-6.785501,-0.8219144,2.355855,31.13798
R,0.1163549,0.8619477,-0.08699226,-0.6452703,0.0601647,-0.039072,-26.57951,5.942048,-9.658626,31.15209
R,0.109763,0.8625153,-0.08741181,-0.4985676,0.04293043,-0.03173124,11.09557,-1.303479,0.5552042,31.16531
R,0.09881598,0.8625256,-0.08997322,-0.5578716,0.0005224533,-0.1305325,-3.0222,-2.161158,-5.035021,31.18494
R,0.09045158,0.8625183,-0.09188893,-0.9780008,-0.0008502453,-0.2239926,-49.12326,-0.1605017,-10.92775,31.19349
R,0.08359195,0.8625025,-0.09339608,-0.5034185,-0.00115919,-0.1106075,34.82892,-0.02267298,8.321175,31.20712
R,0.07710287,0.8597212,-0.09526952,-0.4474151,-0.19177,-0.1291724,3.861377,-13.14242,-1.28003,31.22162
R,0.07136445,0.8576827,-0.09681727,-0.4187898,-0.1487681,-0.1129545,2.089074,3.138274,1.183581,31.23532
R,0.06959324,0.8573603,-0.1002934,-0.1268613,-0.0230917,-0.2489733,20.9091,9.001451,-9.742217,31.24928
R,0.06742243,0.8570363,-0.1028859,-0.1604801,-0.02395304,-0.191658,-2.485325,-0.06367636,4.237131,31.26281
R,0.06490681,0.8566884,-0.1051139,-0.1702259,-0.02353833,-0.1507597,-0.6594726,0.02806256,2.767486,31.27759
R,0.06144091,0.8607692,-0.1112283,-0.2533646,0.2983085,-0.4469808,-6.077611,23.52767,-21.65438,31.29127
R,0.05794139,0.8636644,-0.1160343,-0.2591466,0.2144024,-0.3558914,-0.4281669,-6.213417,6.74535,31.30477
R,0.06099835,0.8696343,-0.119296,0.2183554,0.426422,-0.2329764,34.10743,15.14433,8.779679,31.31877
R,0.06231977,0.8740838,-0.1222179,0.09367263,0.3154112,-0.2071284,-8.838517,-7.869338,1.832312,31.33288
R,0.06394903,0.8818405,-0.1262993,0.1205823,0.5740754,-0.3020683,1.99159,19.14378,-7.026512,31.34639
R,0.06450144,0.8879369,-0.1299105,0.0388024,0.4282305,-0.253655,-5.744403,-10.24447,3.400652,31.36063
R,0.06437055,0.8929256,-0.1332285,-0.009489076,0.3616565,-0.2405412,-3.500918,-4.826319,0.9506977,31.37442
R,0.06701507,0.9065649,-0.129194,0.1786712,0.9215086,0.2725807,12.71265,37.82522,34.668,31.38922
R,0.06855571,0.9174715,-0.1269406,0.1117513,0.7911161,0.1634496,-4.85408,-9.458106,-7.9159,31.40301
R,0.06793474,0.9328274,-0.1114075,-0.04830304,1.194501,1.208281,-12.45023,31.37833,81.27484,31.41586
R,0.06724408,0.9454535,-0.1001335,-0.04901265,0.8960053,0.8000574,-0.05035721,-21.1827,-28.96949,31.42995
R,0.06652208,0.9562346,-0.09183057,-0.0509611,0.7609636,0.5860459,-0.137527,-9.531608,-15.1055,31.44412
R,0.06348027,0.9668837,-0.06578523,-0.2222382,0.7780362,1.902907,-12.51373,1.247348,96.21162,31.45781
R,0.06105521,0.976555,-0.04555691,-0.1743601,0.6953554,1.454397,3.442392,-5.944674,-32.24746,31.47172
R,0.05831079,0.9820384,-0.006355319,-0.2026571,0.404912,2.894778,-2.089547,-21.44732,106.3626,31.48526
R,0.05599976,0.988018,0.02501379,-0.1139622,0.2948675,1.546882,4.373744,-5.426542,-66.46784,31.50554
R,0.05917854,0.9877505,0.05723134,0.4068842,-0.03423309,4.123847,66.66834,-42.12487,329.8515,31.51335
R,0.06118191,0.989406,0.0843036,0.1287188,0.1063687,1.73942,-17.8724,9.033804,-153.2018,31.52892
R,0.06240706,0.9923259,0.1079147,0.09124007,0.2174494,1.758381,-2.791146,8.272481,1.412127,31.54234
R,0.06979381,0.9830855,0.1259566,0.5756215,-0.7200738,1.405939,37.74604,-73.05769,-27.46449,31.55518
R,0.07518999,0.9779596,0.1435297,0.4032429,-0.3830397,1.313195,-12.88142,25.18571,-6.930561,31.56856
R,0.08502444,0.9657007,0.1364743,0.7082536,-0.8828554,-0.5081173,21.96613,-35.99552,-131.1665,31.58244
R,0.09258404,0.957729,0.135555,0.503482,-0.5309284,-0.0612257,-13.63812,23.43891,29.7637,31.59746
R,0.09861561,0.9522681,0.1386485,0.4722636,-0.4275827,0.2422178,-2.444356,8.091834,23.75923,31.61023
R,0.103344,0.946081,0.1250028,0.3503436,-0.458429,-1.01106,-9.033525,-2.285521,-92.86015,31.62373
R,0.1075755,0.9415282,0.1184893,0.2736239,-0.2943967,-0.4211836,-4.960926,10.60683,38.14318,31.63919
R,0.1021942,0.9400976,0.09217884,-0.376585,-0.1001151,-1.841199,-45.50143,13.59577,-99.37225,31.65348
R,0.09911394,0.9387122,0.07611622,-0.2576467,-0.1158813,-1.343561,9.948615,-1.318762,41.62504,31.66544
R,0.09749532,0.9373528,0.06522442,-0.1123109,-0.09432487,-0.7557487,10.08442,1.495733,40.78649,31.67985
R,0.09030543,0.9368562,0.04221766,-0.4658396,-0.03217684,-1.490629,-22.90545,4.026627,-47.61357,31.69528
R,0.08551446,0.9361383,0.02639408,-0.4161444,-0.06234986,-1.374439,4.316535,-2.620834,10.09231,31.70679
R,0.08590591,0.929711,0.006786417,0.02635214,-0.4326889,-1.319987,29.78886,-24.93122,3.665688,31.72165
R,0.08620273,0.9247482,-0.007837979,0.02218033,-0.3708577,-1.092844,-0.3117491,4.620492,16.97382,31.73503
R,0.08412214,0.9182816,-0.02148759,-0.1444423,-0.4489332,-0.9476072,-11.56756,-5.420296,10.0829,31.74944
R,0.08260658,0.9130249,-0.0330525,-0.1047161,-0.3632092,-0.7990701,2.744854,5.923048,10.26308,31.76391
R,0.08145319,0.908507,-0.04335283,-0.08748712,-0.342692,-0.7812992,1.306852,1.556263,1.347955,31.77709
R,0.07993826,0.9043673,-0.05936335,-0.07286769,-0.199117,-0.7701029,0.7031916,6.905935,0.5385407,31.79788
R,0.07872295,0.9005399,-0.07281111,-0.194973,-0.6140319,-2.157436,-19.58946,-66.56516,-222.571,31.80412
R,0.07450892,0.8967118,-0.0892394,-0.2948968,-0.2678899,-1.149647,-6.992639,24.22292,70.52475,31.81841
R,0.07128116,0.8930587,-0.1033779,-0.214756,-0.24306,-0.9406905,5.332091,1.652036,13.90272,31.83344
R,0.06866081,0.8895077,-0.1164046,-0.202389,-0.2742708,-1.006149,0.9551978,-2.410644,-5.055884,31.84638
R,0.0686591,0.883557,-0.1208907,-0.0001234118,-0.4285543,-0.3230818,14.56668,-11.11112,49.19288,31.86027
R,0.06828246,0.8783419,-0.1271851,-0.02571208,-0.356014,-0.4296972,-1.746853,4.952083,-7.278277,31.87492
R,0.0655459,0.8749105,-0.131989,-0.21124,-0.2648796,-0.3708211,-14.32127,7.034841,4.544756,31.88787
R,0.06322942,0.8713887,-0.1381448,-0.1620203,-0.246323,-0.4305473,3.442545,1.297893,-4.177391,31.90217
R,0.06362575,0.8667041,-0.1394585,0.02959958,-0.3498664,-0.09811365,14.31111,-7.73313,24.82778,31.91556
R,0.06354554,0.8623016,-0.1428012,-0.00536362,-0.2944077,-0.2235401,-2.338111,3.708719,-8.387705,31.93051
R,0.06315423,0.8580456,-0.1474346,-0.02709458,-0.2946877,-0.3208181,-1.504659,-0.01938474,-6.735559,31.94495
R,0.06069176,0.8615093,-0.1506442,-0.2007215,0.2823286,-0.2616265,-14.15276,47.034,4.824853,31.95722
R,0.05819535,0.8637132,-0.1553799,-0.1764889,0.1558118,-0.3347977,1.713171,-8.944345,-5.172975,31.97137
R,0.05745519,0.8714777,-0.1531324,-0.05413709,0.5679147,0.1643927,8.949162,30.14238,36.51221,31.98504
R,0.05653243,0.8772264,-0.1529527,-0.06372405,0.3969968,0.01241027,-0.6620556,-11.80324,-10.4956,31.99952
R,0.05560835,0.8808047,-0.1541839,-0.06816016,0.2639324,-0.09081867,-0.3272089,-9.81487,-7.614194,32.01308
R,0.0544037,0.8914374,-0.1476339,-0.08806247,0.7772762,0.4788174,-1.454899,37.52649,41.64157,32.02676
R,0.05321743,0.8992066,-0.1440407,-0.0839559,0.549849,0.2543017,0.2906349,-16.09576,-15.8897,32.04089
R,0.05355974,0.912861,-0.1273362,0.02491238,0.9937318,1.215712,7.923144,32.30462,69.96892,32.05463
R,0.05350515,0.9233782,-0.1155505,-0.003977905,0.7662677,0.8586867,-2.104895,-16.57264,-26.01227,32.06835
R,0.052814,0.9376459,-0.08954946,-0.04767887,0.9842557,1.793688,-3.014722,15.03796,64.5013,32.08285
R,0.05206308,0.9491616,-0.06976023,-0.0497095,0.7623224,1.310007,-0.1344238,-14.69154,-32.01867,32.09795
R,0.05127764,0.9588128,-0.05445296,-0.05144889,0.63218,1.002676,-0.1139355,-8.524754,-20.13122,32.11322
R,0.04733001,0.971687,-0.0242772,-0.3503208,1.142487,2.677859,-26.52251,45.28568,148.6592,32.12449
R,0.04423587,0.9827897,0.0001896139,-0.2192185,0.7866216,1.733467,9.288564,-25.21296,-66.90988,32.1386
R,0.0396382,0.9902486,0.0354118,-0.3364751,0.5458717,2.57769,-8.581274,-17.61897,61.78336,32.15227
R,0.03592636,0.9975272,0.06455045,-0.2788069,0.5467183,2.188688,4.331626,0.06358793,-29.21907,32.16558
R,0.0327626,1.004748,0.08925501,-0.2083818,0.4755732,1.627174,4.638577,-4.685997,-36.98431,32.18076
R,0.03887942,1.002623,0.1127762,0.4499125,-0.1562851,1.73006,48.41973,-46.47527,7.567647,32.19436
R,0.04282777,1.002966,0.1341715,0.3165242,0.02753249,1.715182,-10.69326,14.73599,-1.192766,32.20683
R,0.052829,0.9883414,0.136892,0.6788614,-0.9927053,0.1846649,24.59464,-69.25148,-103.8881,32.22157
R,0.06004649,0.9795486,0.1430821,0.5287933,-0.6442103,0.4535224,-10.99481,25.53267,19.69798,32.23521
R,0.06536843,0.9740651,0.1518117,0.3748292,-0.3862045,0.6148314,-10.84384,18.17159,11.36115,32.24941
R,0.06655216,0.9720063,0.1279863,0.08901566,-0.1548202,-1.791645,-21.49292,17.39989,-180.9648,32.26271
R,0.06780125,0.9708891,0.1156053,0.08509392,-0.07611097,-0.8434536,-0.2671675,5.362044,64.59532,32.27739
R,0.06041659,0.9599177,0.07824797,-0.487373,-0.7240921,-2.46551,-37.78167,-42.76545,-107.0525,32.29254
R,0.05550461,0.9523051,0.05653261,-0.4121782,-0.6387944,-1.8222,6.309822,7.157576,53.98204,32.30446
R,0.05002569,0.9309688,0.01208316,-0.3911399,-1.523199,-3.173245,1.501923,-63.13764,-96.45109,32.31847
R,0.04607949,0.9159871,-0.01339566,-0.2818727,-1.070125,-1.819923,7.804834,32.36257,96.66628,32.33247
R,0.04306304,0.9040321,-0.03487795,-0.2086399,-0.8268923,-1.485872,5.065313,16.82376,23.10542,32.34692
R,0.04424719,0.8852068,-0.05496553,0.07185578,-1.14235,-1.218944,17.02089,-19.14246,16.19758,32.3634
R,0.0448099,0.8704363,-0.07161476,0.04783161,-1.255512,-1.415207,-2.042086,-9.61892,-16.68261,32.37517
R,0.0457794,0.8579527,-0.09083967,0.07696744,-0.9910613,-1.526255,2.313078,20.99463,-8.816031,32.38776
R,0.04627959,0.8468062,-0.1073343,0.03216978,-0.7168793,-1.060833,-2.881118,17.63375,29.93312,32.40331
R,0.04648102,0.8365359,-0.1222587,0.01608829,-0.820322,-1.192067,-1.284481,-8.262307,-10.48203,32.41583
R,0.04484768,0.8361965,-0.1263938,-0.117823,-0.02447802,-0.2982917,-9.659893,57.40939,64.47379,32.4297
R,0.04355256,0.8335277,-0.1328334,-0.08487744,-0.1749023,-0.4220225,2.159123,-9.858209,-8.108816,32.44495
R,0.04078923,0.8501449,-0.1177191,-0.2093612,1.258987,1.145124,-9.431405,108.6374,118.7335,32.45815
R,0.03862129,0.8606037,-0.1093273,-0.1607216,0.7753685,0.6221288,3.605932,-35.85339,-38.77263,32.47164
R,0.03738438,0.8820546,-0.08984101,-0.09436817,1.63656,1.486676,5.062325,65.70316,65.95921,32.48475
R,0.03623213,0.8972722,-0.07692395,-0.0794045,1.048691,0.8901495,1.031187,-40.51166,-41.10826,32.49926
R,0.03513128,0.908108,-0.06857911,-0.07820625,0.7697917,0.5928317,0.08512555,-19.81346,-21.12198,32.51334
R,0.04032747,0.925175,-0.02892402,0.3398576,1.116267,2.593649,27.34355,22.66131,130.8638,32.52863
R,0.04388231,0.9383711,0.001059359,0.294899,1.094714,2.48733,-3.729631,-1.787995,-8.819917,32.54068
R,0.04835094,0.9443822,0.04414487,0.3195373,0.4298324,3.080908,1.761806,-47.54358,42.44488,32.55466
R,0.05162366,0.9498699,0.07830424,0.2324997,0.3898586,2.426741,-6.183304,-2.83981,-46.47319,32.56874
R,0.05411849,0.9551218,0.1056576,0.1495208,0.3147541,1.639353,-4.973119,-4.501186,-47.18999,32.58543
R,0.06544226,0.9466941,0.1265628,0.9133723,-0.679774,1.686204,61.61203,-80.21834,3.779029,32.59782
R,0.07407215,0.9419727,0.1454261,0.6061826,-0.3316377,1.325001,-21.57769,24.45387,-25.37175,32.61206
R,0.0801864,0.9294345,0.1342677,0.5088294,-1.043433,-0.9286087,-8.101766,-59.2358,-187.5461,32.62408
R,0.08529469,0.9212539,0.1301355,0.3531407,-0.5655327,-0.2856621,-10.76289,33.03761,44.44741,32.63854
R,0.08317281,0.909888,0.1064704,-0.1378192,-0.7382309,-1.537078,-31.88855,-11.217,-81.28129,32.65394
R,0.08241449,0.9017951,0.09313878,-0.06793885,-0.7250566,-1.194399,6.260668,1.180307,30.70104,32.6651
R,0.08255912,0.8956177,0.08511639,0.00826332,-0.3529588,-0.4583748,4.353954,21.26051,42.05415,32.6826
R,0.07187021,0.8823273,0.04180458,-0.9985863,-1.241625,-4.046304,-94.06258,-83.02157,-335.1939,32.69331
R,0.06474692,0.872184,0.01436006,-0.461524,-0.6571884,-1.778156,34.79675,37.86618,146.9554,32.70874
R,0.06131929,0.8608809,-0.02345236,-0.2581992,-0.8514547,-2.848361,15.3162,-14.63384,-80.61724,32.72202
R,0.05880242,0.8515918,-0.05060937,-0.1614741,-0.5959564,-1.742303,6.205555,16.39191,70.961,32.7376
R,0.05687332,0.8435627,-0.07238004,-0.1791996,-0.7458418,-2.022342,-1.64657,-13.9233,-26.01369,32.74837
R,0.0586515,0.8369557,-0.07765017,0.1215171,-0.4515079,-0.3601494,20.55033,20.11415,113.5907,32.763
R,0.05974653,0.8306315,-0.08495867,0.08049739,-0.4649073,-0.5372627,-3.015444,-0.9850147,-13.01997,32.7766
R,0.05922285,0.8333401,-0.08142771,-0.0344918,0.1784037,0.2325676,-7.573801,42.37189,50.70513,32.79179
R,0.05823886,0.8370169,-0.07710665,-0.08183668,0.305788,0.3593713,-3.937556,10.59423,10.54594,32.80381
R,0.05714032,0.8397838,-0.0744926,-0.0645683,0.1626296,0.1536452,1.014978,-8.414373,-12.09189,32.82082
R,0.04795929,0.8664833,-0.06082083,-0.8468515,2.462741,1.261075,-72.15723,212.1606,102.1485,32.83167
R,0.04125729,0.8854322,-0.05254608,-0.4902036,1.385982,0.6052388,26.08624,-78.75723,-47.96972,32.84534
R,0.03333476,0.9170271,-0.02205045,-0.549139,2.189954,2.113761,-4.085027,55.7262,104.5611,32.85976
R,0.02713864,0.940922,2.656755E-05,-0.4040487,1.558186,1.439641,9.46133,-41.19759,-43.95933,32.8751
R,0.02154081,0.957899,0.0384444,-0.452354,1.371889,3.104501,-3.903497,-15.05446,134.5355,32.88747
R,0.01672445,0.971768,0.0679225,-0.2979186,0.8578781,1.823386,9.552694,-31.79442,-79.24417,32.90364
R,0.01239851,0.983813,0.09096239,-0.380544,1.059574,2.026768,-7.268375,17.74276,17.89107,32.91501
R,0.01431779,0.9836332,0.1264542,0.1212942,-0.01136466,2.242998,31.71501,-67.68086,13.66525,32.93083
R,0.01479845,0.9856673,0.1558897,0.0353346,0.1495285,2.163865,-6.319065,11.82759,-5.817197,32.94444
R,0.01784343,0.9825345,0.1561846,0.2105018,-0.2165744,0.02038626,12.10945,-25.30899,-148.1804,32.9589
R,0.02153725,0.9712126,0.1393659,0.3020315,-0.9257496,-1.37521,7.484078,-57.98691,-114.1132,32.97113
R,0.0239354,0.963998,0.1298248,0.1789014,-0.5382088,-0.7117601,-9.185487,28.9105,49.49326,32.98454
R,0.02531967,0.9597454,0.1251648,0.08494345,-0.2609543,-0.2859572,-5.765573,17.01325,26.12867,33.00083
R,0.02601798,0.9575172,0.123694,0.06114149,-0.1950933,-0.1287725,-2.084015,5.766555,13.76254,33.01225
R,0.02591364,0.9440732,0.1059851,-0.006606894,-0.8512719,-1.121323,-4.289814,-41.5491,-62.84814,33.02805
R,0.01946078,0.9211409,0.06532328,-0.5276284,-1.875098,-3.324785,-42.60221,-83.71483,-180.1698,33.04028
R,0.01456441,0.9047529,0.03865537,-0.3207285,-1.073471,-1.746835,13.55262,52.50914,103.3609,33.05554
R,0.01064968,0.8921543,0.01864955,-0.282706,-0.9098141,-1.44474,2.745829,11.81865,21.81605,33.06939
R,0.007330682,0.881718,0.002202976,-0.2744654,-0.8630323,-1.360054,0.6814619,3.868627,7.003174,33.08148
R,0.004706535,0.8652433,-0.03858712,-0.1500664,-0.9421391,-2.332652,7.113972,-4.523857,-55.61974,33.09897
R,0.006937365,0.8616471,-0.05050881,0.1827496,-0.2945947,-0.9766251,27.26429,53.04684,111.0858,33.11118
R,0.008049211,0.8570859,-0.06417951,0.09131073,-0.3745888,-1.122711,-7.509448,-6.569539,-11.99733,33.12335
R,0.008428641,0.8520962,-0.07701415,0.02638331,-0.3469579,-0.8924465,-4.514678,1.921295,16.01124,33.13773
R,0.008353973,0.846846,-0.08930945,-0.004790438,-0.3368323,-0.7888254,-2.000003,0.649623,6.647983,33.15332
R,0.003296069,0.8587866,-0.07561908,-0.2945134,0.6952813,0.7971678,-16.87009,60.09826,92.34976,33.17049
R,0.003681291,0.8845437,-0.03801363,0.03397841,2.271887,3.316973,28.97448,139.0638,222.2583,33.18183
R,0.00367684,0.9027609,-0.01182852,-0.0003431792,1.404573,2.018903,-2.646235,-66.87093,-100.0827,33.1948
R,0.003415987,0.9156874,0.006063573,-0.01486544,0.7366542,1.019632,-0.8275923,-38.06322,-56.94628,33.21235
R,0.003492037,0.9325284,0.04154004,0.006951155,1.539313,3.242658,1.994104,73.36548,203.1914,33.22329
R,0.005009637,0.9504678,0.08502634,0.1057495,1.250054,3.030216,6.884477,-20.15618,-14.80343,33.23764
R,0.006424182,0.957849,0.1258575,0.08663889,0.4520882,2.500852,-1.1705,-48.87428,-32.42281,33.25397
R,0.00649494,0.9580304,0.1230103,0.00706896,0.01812595,-0.2844462,-7.94923,-43.35389,-278.2581,33.26398
R,0.007215677,0.9634622,0.1476184,0.0471164,0.3550927,1.608697,2.618004,22.02838,123.7596,33.27927
R,0.01166042,0.9573154,0.1530871,0.369658,-0.5112181,0.4548204,26.82498,-72.04892,-95.96505,33.2913
R,0.01199908,0.9445909,0.1334566,0.02492366,-0.9364516,-1.4447,-25.37059,-31.2949,-139.7944,33.30489
R,0.01226673,0.9363957,0.122551,0.01933946,-0.5921522,-0.7879912,-0.4034904,24.87763,47.45098,33.31873
R,0.01252141,0.9308785,0.1164609,0.01570898,-0.3403088,-0.375648,-0.2239314,15.53394,25.43372,33.33494
R,0.006483083,0.9168555,0.08847619,-0.452778,-1.051496,-2.098402,-35.12902,-53.32768,-129.179,33.34827
R,0.002113616,0.9067699,0.07022484,-0.3721343,-0.8589638,-1.554412,6.868177,16.39742,46.32998,33.36002
R,-0.009841635,0.8901275,0.00491902,-0.8903401,-1.2394,-4.863503,-38.5922,-28.33212,-246.437,33.37344
R,-0.01868314,0.8776875,-0.01897379,-0.6485027,-0.9124449,-1.752478,17.73817,23.98134,228.1859,33.38708
R,-0.0258181,0.8673626,-0.04804873,-0.4152724,-0.6009381,-1.692234,13.57459,18.13047,3.506376,33.40426
R,-0.03185769,0.8584316,-0.07201759,-0.483285,-0.714653,-1.917976,-5.442341,-9.099411,-18.06383,33.41676
R,-0.03115958,0.8513198,-0.08198194,0.05930165,-0.6041194,-0.8464341,46.09068,9.389404,91.02346,33.42853
R,-0.02872878,0.8568848,-0.0703035,0.170562,0.3904786,0.8194416,7.80681,69.78799,116.8895,33.44278
R,-0.02850877,0.8574902,-0.06901453,0.01520934,0.04185209,0.08910721,-10.73966,-24.10083,-50.4886,33.45724
R,-0.02818526,0.8588016,-0.06661935,0.02388974,0.09683979,0.1768684,0.6409902,4.060477,6.480583,33.47079
R,-0.02824449,0.859218,-0.06609286,-0.004416057,0.03104558,0.03925359,-2.110409,-4.905448,-10.26021,33.4842
R,-0.02381786,0.8867969,-0.03479326,0.3101054,1.932026,2.192678,22.03365,133.1723,150.8571,33.49847
R,-0.01442322,0.9188147,0.008613057,0.6875342,2.343183,3.176635,27.62163,30.09001,72.00956,33.51214
R,-0.007810253,0.9424986,0.04023042,0.4796761,1.717924,2.293388,-15.07713,-45.35358,-64.06695,33.52592
R,-0.0004801758,0.9565921,0.08034746,0.5250098,1.009435,2.873345,3.246978,-50.74488,41.53887,33.53989
R,0.00507186,0.9679908,0.111693,0.3165361,0.6498681,1.787089,-11.88563,-20.49984,-61.9303,33.55743
R,0.009473108,0.9778678,0.1368214,0.4327685,0.9711998,2.470849,11.42897,31.59609,67.23318,33.5676
R,0.01465552,0.9704255,0.1444396,0.3329749,-0.4781786,0.4894761,-6.411834,-93.12399,-127.3051,33.58316
R,0.01901896,0.9667266,0.1528915,0.3422649,-0.2901378,0.6629615,0.7286968,14.74978,13.60806,33.59591
R,0.009704165,0.9588677,0.125458,-0.6682584,-0.5638085,-1.968126,-72.49661,-19.63359,-188.7585,33.60985
R,0.003568645,0.9542898,0.1097707,-0.4302808,-0.3210482,-1.100148,16.68925,17.02465,60.87085,33.62411
R,-0.0006353882,0.9516911,0.09975533,-0.3211137,-0.1984949,-0.7649933,8.338437,9.360904,25.59985,33.6372
R,-0.008696622,0.9380029,0.0545048,-0.5799133,-0.9847052,-3.255256,-18.61767,-56.55881,-179.1459,33.6511
R,-0.01456939,0.9286926,0.02872839,-0.4305119,-0.6825058,-1.889579,10.95209,22.15317,100.113,33.66474
R,-0.02558686,0.910794,-0.01491467,-0.7604433,-1.235395,-3.012313,-22.77239,-38.16132,-77.49291,33.67923
R,-0.03396214,0.8977938,-0.04399488,-0.4956048,-0.7692791,-1.720813,15.67174,27.5823,76.42413,33.69613
R,-0.03691835,0.8893255,-0.05143683,-0.26341,-0.7545621,-0.6631079,20.68949,1.311337,94.2458,33.70735
R,-0.03994636,0.8820096,-0.06076697,-0.2189121,-0.5289101,-0.6745278,3.217,16.31366,-0.8256128,33.72118
R,-0.04300269,0.8754376,-0.0704733,-0.2168918,-0.4663813,-0.6888081,0.1433733,4.437346,-1.013396,33.73528
R,-0.03609126,0.8857458,-0.04325266,0.5408326,0.8066371,2.130068,59.2934,99.61616,220.5825,33.74805
R,-0.03175095,0.892144,-0.02523831,0.2998909,0.4420796,1.24469,-16.64771,-25.18887,-61.17462,33.76253
R,-0.02159289,0.9107323,0.01055501,0.2946311,0.5391472,1.038173,-0.1525581,2.815411,-5.989963,33.797
R,-0.009662897,0.9326723,0.0526105,1.342221,2.468435,4.731586,117.8624,217.0606,415.5391,33.80589
R,0.004698991,0.9451585,0.08746,0.8213095,0.7140427,1.992929,-29.78922,-100.328,-156.6148,33.82338
R,0.01874591,0.9500748,0.1282242,1.164553,0.4075842,3.379534,28.45642,-25.40679,114.9558,33.83544
R,0.02536865,0.9466605,0.1437823,0.4366476,-0.2251085,1.025774,-47.99195,-41.71443,-155.1872,33.85061
R,0.03102107,0.9450923,0.1573898,0.4064039,-0.112752,0.9783667,-2.174496,8.078325,-3.408521,33.86452
R,0.02840284,0.9406779,0.1430461,-0.173585,-0.2926664,-0.9509713,-38.45235,-11.92805,-127.9121,33.8796
R,0.02612123,0.9358242,0.1281245,-0.1577294,-0.335546,-1.031542,1.096109,-2.964302,-5.569888,33.89407
R,0.01777974,0.9273052,0.09320874,-0.5106658,-0.5215291,-2.13754,-21.60676,-11.38588,-67.70924,33.9104
R,0.0124894,0.9214301,0.0718765,-0.4052689,-0.4500658,-1.634167,8.073981,5.474483,38.56116,33.92345
R,0.009035224,0.9171371,0.05622785,-0.228429,-0.2839028,-1.034864,11.69463,10.98855,39.63264,33.93858
R,-0.003421027,0.902229,0.007611774,-0.8730833,-1.044941,-3.407597,-45.18509,-53.34266,-166.3096,33.95284
R,-0.0122126,0.891371,-0.02259841,-0.6416084,-0.7924163,-2.204738,16.89303,18.42922,87.78461,33.96655
R,-0.0313487,0.8817956,-0.05076541,-1.093377,-0.5471066,-1.609375,-25.81266,14.01623,34.01718,33.98405
R,-0.04529081,0.8739566,-0.07348987,-1.128038,-0.6342448,-1.838605,-2.804331,-7.050236,-18.54673,33.99641
R,-0.04304431,0.8774389,-0.07407276,0.171393,0.2656796,-0.04447054,99.13793,68.65826,136.8806,34.00951
R,-0.04268145,0.8788912,-0.07821754,0.02542038,0.1017421,-0.2903601,-10.22604,-11.48456,-17.22567,34.02379
R,-0.04344356,0.8790309,-0.08423552,-0.05434772,0.009959024,-0.4291562,-5.688446,-6.545258,-9.89787,34.03781
R,-0.03700411,0.8935894,-0.06443172,0.4562328,1.031465,1.403094,36.17449,72.37345,129.8144,34.05193
R,-0.03304332,0.9038294,-0.05209672,0.2844654,0.7354409,0.8859032,-12.33638,-21.26056,-37.14477,34.06585
R,-0.02504529,0.9231834,-0.01962716,0.5725379,1.385458,2.324331,20.62165,46.53142,102.9697,34.07982
R,-0.01949073,0.9378036,0.003847437,0.3948196,1.039202,1.66858,-12.63226,-24.61193,-46.61091,34.09389
R,-0.015558,0.9491112,0.02073793,0.3010927,0.8657227,1.293149,-7.175802,-13.28173,-28.7433,34.10695
R,-0.003157169,0.9494479,0.05313243,0.7018145,0.01905562,1.833338,22.6785,-47.91638,30.57152,34.12462
R,0.006245496,0.9508215,0.07852872,0.8715884,0.1273205,2.354132,15.73735,10.03571,48.27546,34.13541
R,0.01598009,0.9389475,0.09393527,0.6904395,-0.8421773,1.092731,-12.84824,-68.763,-89.46663,34.14951
R,0.02382729,0.9315156,0.10723,0.5811011,-0.5503443,0.9844986,-8.096725,21.61081,-8.014835,34.16301
R,0.02070989,0.9251723,0.09253141,-0.2129257,-0.433266,-1.003944,-54.23381,7.996708,-135.8151,34.17765
R,0.01933086,0.9208871,0.08439627,-0.1004732,-0.3122134,-0.5927121,8.193098,8.819683,29.96163,34.19138
R,0.01912844,0.9180257,0.08039589,-0.01504067,-0.2126072,-0.2972437,6.347964,7.401126,21.95444,34.20483
R,0.009572959,0.9096839,0.04577516,-0.6870303,-0.5997711,-2.489198,-48.31543,-27.83673,-157.5995,34.21874
R,0.003297398,0.9035611,0.02426115,-0.429306,-0.4188536,-1.471756,17.63071,12.37642,69.60237,34.23336
R,-0.01150113,0.8970605,-0.0236399,-1.101461,-0.4838471,-3.565296,-50.0288,-4.837495,-155.8231,34.2468
R,-0.02201336,0.8918628,-0.05374337,-0.6861844,-0.3392796,-1.965001,27.10715,9.436628,104.4591,34.26212
R,-0.03008747,0.8874669,-0.07871867,-0.5312703,-0.2892429,-1.643355,10.19322,3.292373,21.16407,34.27731
R,-0.036346,0.8862484,-0.07858405,-0.4871245,-0.09484022,0.01047833,3.436036,15.13109,128.724,34.29016
R,-0.0417343,0.8846053,-0.08220132,-0.4695847,-0.1431911,-0.3152414,1.528575,-4.213725,-28.38613,34.30164
R,-0.03548706,0.8919461,-0.06316166,0.4112701,0.4832567,1.253424,57.98865,41.24046,103.2687,34.31683
R,-0.03117885,0.8974732,-0.04941864,0.2642421,0.3390047,0.842922,-9.017904,-8.847634,-25.17794,34.33313
R,-0.02029743,0.9145805,-0.01842647,0.9358593,1.471313,2.665489,57.7626,97.38446,156.7504,34.34476
R,-0.01267179,0.927224,0.003801318,0.5960093,0.9882044,1.737293,-26.56221,-37.75911,-72.54649,34.35755
R,-0.007207602,0.9368274,0.01993281,0.3181707,0.559189,0.9393102,-16.17808,-24.98086,-46.46524,34.37473
R,0.005045199,0.9384677,0.05169367,1.175695,0.1573881,3.047554,82.28213,-38.55405,202.2926,34.38515
R,0.01442602,0.9404627,0.07655352,0.6384022,0.1357696,1.691813,-36.56491,-1.471231,-92.26363,34.39984
R,0.02454138,0.9350548,0.09161057,0.7252957,-0.3877616,1.079627,6.230477,-37.53844,-43.89521,34.41379
R,0.03277108,0.9319142,0.1046082,0.6238774,-0.2380847,0.9853233,-7.688318,11.3467,-7.148948,34.42698
R,0.0397718,0.9301923,0.1165133,0.4695994,-0.1155003,0.7985777,-10.34879,8.222818,-12.52667,34.44189
R,0.03271084,0.9260817,0.09862924,-0.5170353,-0.3009951,-1.30955,-72.24591,-13.58278,-154.3668,34.45554
R,0.02672189,0.9222395,0.08333453,-0.3799537,-0.2437606,-0.970333,8.696785,3.631096,21.52075,34.47131
R,0.009222643,0.9159413,0.04098253,-1.603959,-0.5772837,-3.881931,-112.1908,-30.57031,-266.8734,34.48222
R,-0.002570533,0.9114231,0.01429639,-0.7886506,-0.3021484,-1.784595,54.52249,18.39925,140.2562,34.49717
R,-0.0173838,0.8993772,-0.02341942,-0.9732354,-0.79142,-2.477938,-12.12727,-32.14526,-45.55282,34.51239
R,-0.02831893,0.8904415,-0.04987112,-0.9135053,-0.7464747,-2.209737,4.989768,3.754666,22.40512,34.52436
R,-0.0369979,0.8833089,-0.07160717,-0.5064868,-0.4162435,-1.268471,23.75278,19.27162,54.93036,34.5415
R,-0.03918326,0.880912,-0.06796546,-0.1819822,-0.199596,0.3032562,27.02253,18.04093,130.8828,34.5535
R,-0.04189095,0.8782241,-0.0685581,-0.1944665,-0.1930479,-0.04256368,-0.8966278,0.4702815,-24.83688,34.56743
R,-0.03309198,0.8861909,-0.04950686,0.6926714,0.6271631,1.499751,69.8372,64.56859,121.414,34.58013
R,-0.02748063,0.8912925,-0.03724,0.3954251,0.359501,0.8644311,-20.94659,-18.86183,-44.77023,34.59432
R,-0.02401824,0.8944678,-0.02971285,0.2555307,0.2343486,0.5555171,-10.32446,-9.236472,-22.79841,34.60787
R,-0.01097744,0.9075727,-0.005712181,0.7553177,0.7590277,1.390109,28.94745,30.38919,48.33918,34.62514
R,-0.00149639,0.9171486,0.0118334,0.9044396,0.9134882,1.673752,14.2254,14.73468,27.05797,34.63562
R,0.01431396,0.9227029,0.0433962,1.146814,0.4028863,2.28943,17.58083,-37.03686,44.65865,34.64941
R,0.0266601,0.9271793,0.06826732,0.9225963,0.3345122,1.858556,-16.75526,-5.109428,-32.19812,34.66279
R,0.0364101,0.9309669,0.08774531,0.5649652,0.2194684,1.128655,-20.723,-6.666233,-42.29422,34.68005
R,0.05014128,0.9265184,0.1051883,1.119959,-0.3628267,1.422709,45.26704,-47.49382,23.98397,34.69231
R,0.06151564,0.9239443,0.1203078,0.9329533,-0.211138,1.24014,-15.33867,12.4419,-14.97483,34.7045
R,0.05591745,0.9158195,0.1065313,-0.375136,-0.5444426,-0.9231716,-87.65536,-22.33482,-144.964,34.71942
R,0.05356107,0.910733,0.09992186,-0.1780144,-0.3842669,-0.4993133,14.89172,12.1006,32.02072,34.73266
R,0.04484878,0.9008498,0.07849815,-0.6226483,-0.7063326,-1.531106,-31.77702,-23.01734,-73.73997,34.74665
R,0.03967628,0.8936741,0.0653047,-0.3676628,-0.5100495,-0.9377944,18.12443,13.95186,42.17272,34.76072
R,0.03662894,0.8880955,0.05642147,-0.2173128,-0.3978212,-0.6334835,10.72181,8.003258,21.70111,34.77474
R,0.02583469,0.8753896,0.02709052,-0.8016001,-0.9435641,-2.178168,-43.3902,-40.52783,-114.711,34.78821
R,0.01848629,0.8657008,0.007453598,-0.5104234,-0.6729845,-1.363991,20.22528,18.7946,56.55318,34.8026
R,0.0118444,0.8539889,-0.004987865,-0.479915,-0.8462566,-0.8989677,2.204411,-12.51991,33.60059,34.81644
R,0.006844272,0.8444587,-0.01539304,-0.2358319,-0.4494928,-0.4907618,11.51222,18.71343,19.2531,34.83765
R,0.006590467,0.8443846,-0.01747261,-0.03255061,-0.00950954,-0.2667058,26.07093,56.42807,28.73529,34.84544
R,0.005978086,0.8429107,-0.02056862,-0.04823677,-0.1160936,-0.2438701,-1.235587,-8.395541,1.798755,34.85814
R,0.005133955,0.8405771,-0.02426124,-0.05958103,-0.1647104,-0.2606354,-0.8007076,-3.431505,-1.183343,34.87231
R,0.01089872,0.8427904,-0.01536699,0.3789367,0.1454833,0.5846478,28.82517,20.39003,55.56317,34.88752
R,0.01684273,0.8441089,-0.006933655,0.4222727,0.09367378,0.5991187,3.078659,-3.68064,1.02804,34.9016
R,0.03019684,0.840661,0.00465805,1.093968,-0.2824512,0.9495924,55.02529,-30.81216,28.71081,34.9138
R,0.04018283,0.837317,0.01262724,0.6241698,-0.2090151,0.4981105,-29.36453,4.590087,-28.21967,34.9298
R,0.0478683,0.8340589,0.01819739,0.6562538,-0.2782115,0.4756287,2.739622,-5.908608,-1.919694,34.94151
R,0.05518307,0.8334926,0.02139759,0.5250614,-0.04064982,0.2297133,-9.417113,17.0524,-17.65204,34.95544
R,0.06134415,0.8322393,0.02390357,0.3328708,-0.0677137,0.1353934,-10.38368,-1.462208,-5.095922,34.97395
R,0.06238959,0.8310633,0.02238398,0.1131534,-0.1272838,-0.1644722,-23.781,-6.447536,-32.4558,34.98319
R,0.0636515,0.8298567,0.02163598,0.0881198,-0.08425596,-0.05223335,-1.748113,3.004655,7.837702,34.99751
R,0.06529782,0.8284143,0.02117015,0.1165781,-0.1021407,-0.03298563,2.015176,-1.266446,1.362959,35.01163
R,0.06392306,0.8279096,0.01597025,-0.1010047,-0.03707872,-0.3820415,-15.986,4.780162,-25.64543,35.02525
R,0.06322244,0.8268675,0.01084408,-0.0480796,-0.07151505,-0.3517784,3.631936,-2.363162,2.076773,35.03982
R,0.06087789,0.825323,0.003090245,-0.1704405,-0.1122781,-0.5636778,-8.895224,-2.963339,-15.40437,35.05357
R,0.0597859,0.8236658,-0.002601157,-0.08306988,-0.1260656,-0.4329562,6.646455,-1.048835,9.944251,35.06672
R,0.05607884,0.8187444,-0.009270953,-0.1270306,-0.1686438,-0.2285552,-1.506411,-1.459036,7.004247,35.0959
R,0.05271364,0.8094912,-0.01646792,-0.2739652,-0.7533094,-0.5859134,-11.96212,-47.59832,-29.09295,35.10818
R,0.05192436,0.8045531,-0.0188163,-0.05567957,-0.3483585,-0.1656658,15.39889,28.56713,29.64622,35.12236
R,0.05155191,0.800677,-0.02091233,-0.02730279,-0.2841426,-0.1536523,2.080202,4.707442,0.8806736,35.136
R,0.0498941,0.7965958,-0.02645512,-0.1106938,-0.2725062,-0.3700994,-5.568126,0.7769736,-14.45245,35.15098
R,0.04873592,0.7927898,-0.03111552,-0.0794373,-0.2610503,-0.3196483,2.143829,0.7857368,3.460349,35.16556
R,0.04789475,0.7891529,-0.03523663,-0.06772353,-0.2928104,-0.3317954,0.9430882,-2.557034,-0.9779733,35.17798
R,0.05000124,0.785251,-0.03476746,0.1498109,-0.2774985,0.03336712,15.4708,1.088964,25.96993,35.19204
R,0.05161403,0.7814524,-0.0350998,0.1144511,-0.269563,-0.02358475,-2.509307,0.563143,-4.041579,35.20613
R,0.05196054,0.7788822,-0.03387855,0.02514865,-0.1865353,0.08863387,-6.4812,6.025802,8.144362,35.21991
R,0.05225793,0.7761495,-0.03337187,0.02173982,-0.1997699,0.03703939,-0.2491926,-0.9674777,-3.771663,35.23359
R,0.05235993,0.77634,-0.03337297,0.007361593,0.01375361,-7.985657E-05,-1.037766,15.41132,-2.679126,35.24744
R,0.05242215,0.776327,-0.03345196,0.004420202,-0.000923103,-0.005611397,-0.2089615,-1.042659,-0.3929702,35.26152
R,0.05249313,0.7761986,-0.03360314,0.00505114,-0.009140031,-0.0107573,0.0448959,-0.5846956,-0.3661691,35.27557
R,0.05244252,0.7763149,-0.03355729,-0.003697764,0.008496203,0.003349653,-0.6392064,1.288526,1.030672,35.28926
R,0.05239306,0.7763481,-0.03356151,-0.003512134,0.002361525,-0.0002996872,0.01318039,-0.435582,-0.259115,35.30334
R,0.05186355,0.7770032,-0.03345281,-0.03821769,0.04728369,0.00784584,-2.504915,3.242312,0.5879133,35.3172
R,0.05096404,0.7779307,-0.03338388,-0.06575648,0.06780274,0.005038311,-2.013143,1.499985,-0.2052362,35.33088
R,0.05005877,0.7786844,-0.03342774,-0.06515887,0.05424561,-0.003156801,0.04301487,-0.975816,-0.589868,35.34477
R,0.04849788,0.7817316,-0.03314916,-0.1112503,0.2171866,0.01985518,-3.2851,11.61338,1.640145,35.3588
R,0.04711452,0.7842115,-0.03304781,-0.0994078,0.1782055,0.007282993,0.8509998,-2.80117,-0.9034327,35.37272
R,0.04693361,0.7864202,-0.03208507,-0.01333629,0.1628234,0.07097242,6.345088,-1.133952,4.695107,35.38628
R,0.04675876,0.7880358,-0.03143071,-0.01225612,0.1132353,0.04586554,0.07571088,-3.475728,-1.759791,35.40055
R,0.04703505,0.7905812,-0.03098578,0.02004088,0.1846379,0.03227331,2.342685,5.179235,-0.9859214,35.41434
R,0.0472313,0.7927006,-0.03067546,0.01446746,0.1562368,0.02287603,-0.4108657,-2.093691,-0.692756,35.4279
R,0.04736027,0.7944118,-0.03047181,0.008758703,0.116216,0.01383025,-0.3876985,-2.717932,-0.6143258,35.44263
R,0.04780057,0.7953732,-0.03039594,0.03277168,0.07155469,0.005647121,1.787297,-3.324161,-0.6090739,35.45606
R,0.04814202,0.7961812,-0.03035641,0.02242229,0.05305924,0.002596257,-0.6796174,-1.214547,-0.2003421,35.47129
R,0.04761215,0.7974704,-0.03132491,-0.04279215,0.1041137,-0.07821555,-5.266658,4.123113,-6.526289,35.48367
R,0.04703657,0.798893,-0.03237552,-0.0408459,0.1009534,-0.07455634,0.1381149,-0.224271,0.2596752,35.49776
R,0.04648267,0.8002962,-0.03339023,-0.04011028,0.1016143,-0.07348067,0.05327041,0.04785858,0.07789569,35.51157
R,0.04664306,0.8002939,-0.0333882,0.01142472,-0.0001613451,0.0001446268,3.671085,-7.249966,5.244681,35.52561
R,0.04675975,0.8003063,-0.03339479,0.007457776,0.0007922964,-0.0004209075,-0.253513,0.06094379,-0.03614125,35.54126
R,0.04675535,0.800411,-0.03356983,-0.0003567861,0.008473595,-0.01417132,-0.6326561,0.6218672,-1.113214,35.55361
R,0.04674288,0.8005408,-0.03376531,-0.0009312122,0.009695513,-0.01459919,-0.04290095,0.09125886,-0.03195592,35.567
R,0.04671806,0.8007388,-0.03404168,-0.001752919,0.01398337,-0.01951731,-0.05802952,0.3028111,-0.3473206,35.58116
R,0.04667356,0.8007845,-0.03430701,-0.00305342,0.003137271,-0.01820803,-0.08924565,-0.7443033,0.08984771,35.59573
R,0.04661691,0.8008525,-0.03461434,-0.004451907,0.005339479,-0.02415002,-0.1098936,0.1730502,-0.4669231,35.60846
R,0.04657643,0.8007904,-0.03499208,-0.002752154,-0.004222316,-0.0256801,0.115555,-0.6500433,-0.1040202,35.62317
R,0.04652447,0.8007354,-0.03543019,-0.00387568,-0.004104119,-0.03268316,-0.08381496,0.008817444,-0.5224279,35.63657
R,0.0460405,0.8011824,-0.03702553,-0.03434518,0.03172374,-0.1132133,-2.162262,2.542517,-5.714806,35.65067
R,0.04549592,0.8017097,-0.03878803,-0.03915491,0.03791398,-0.126722,-0.3458148,0.4450725,-0.9712608,35.66457
R,0.04497981,0.8022301,-0.0404323,-0.0368852,0.03719244,-0.1175126,0.1622108,-0.05156692,0.6581759,35.67857
R,0.04488827,0.8023149,-0.04102287,-0.006506533,0.006024607,-0.04197763,2.159324,-2.215418,5.369044,35.69263
R,0.04480936,0.8023971,-0.0414862,-0.005876299,0.006121271,-0.03450512,0.04693527,0.007198854,0.5564981,35.70606
R,0.04475902,0.8025503,-0.04163849,-0.003493447,0.01063311,-0.01056745,0.1653389,0.3130626,1.660962,35.72047
R,0.0447115,0.8026878,-0.04177769,-0.003471587,0.01004215,-0.01017008,0.001597104,-0.04317574,0.02903273,35.73416
R,0.04465542,0.8028432,-0.04193956,-0.004047679,0.01121971,-0.01168299,-0.04158015,0.08499179,-0.1091963,35.74802
R,0.04463356,0.8032483,-0.04215109,-0.001548511,0.02870355,-0.01498707,0.1770654,1.238725,-0.2340931,35.76213
R,0.04459949,0.8037676,-0.04243291,-0.002479634,0.03778717,-0.02050998,-0.06776461,0.6610816,-0.401943,35.77587
R,0.04455947,0.8040212,-0.04243688,-0.002907763,0.01843126,-0.0002885298,-0.03110633,-1.406329,1.469216,35.78963
R,0.04452066,0.8042476,-0.04244634,-0.002818235,0.01643438,-0.0006868399,0.006501208,-0.1450055,-0.02892371,35.80341
R,0.04441706,0.8047393,-0.04253366,-0.006769243,0.03213017,-0.005705296,-0.2581588,1.025562,-0.3279058,35.81871
R,0.04428904,0.8053293,-0.0426492,-0.009835747,0.04533174,-0.008877217,-0.2355995,1.014276,-0.2436987,35.83173
R,0.04414796,0.8059632,-0.04278344,-0.01056037,0.0474461,-0.01004867,-0.05424216,0.158272,-0.08768943,35.84509
R,0.04415453,0.8061641,-0.04268997,0.0004485877,0.01372785,0.006384551,0.7519366,-2.303032,1.122426,35.85973
R,0.04415876,0.8063245,-0.04261819,0.0003149844,0.01193392,0.005342257,-0.009944156,-0.1335236,-0.07757839,35.87316
R,0.04423751,0.8064751,-0.04255524,0.005330992,0.01019741,0.004261868,0.3395962,-0.1175656,-0.07314502,35.88793
R,0.04431894,0.8066331,-0.04249379,0.006144698,0.0119234,0.004636845,0.0614013,0.1302407,0.02829529,35.90118
R,0.04440239,0.8067988,-0.04243383,0.006131433,0.01216981,0.004405753,-0.0009745782,0.01810418,-0.01697852,35.91479
R,0.04452668,0.807391,-0.04263817,0.009235269,0.0440051,-0.0151835,0.230627,2.365485,-1.455557,35.92825
R,0.04468802,0.8081799,-0.04292021,0.01108913,0.05422047,-0.01938505,0.1274197,0.7021231,-0.288781,35.9428
R,0.04530378,0.8082626,-0.04288349,0.04456625,0.005992028,0.002657372,2.422922,-3.490557,1.595331,35.95662
R,0.04600541,0.8083479,-0.04284459,0.04992609,0.00606932,0.002768253,0.381393,0.005499924,0.007890004,35.97067
R,0.04676865,0.8084394,-0.04280784,0.05639181,0.00675997,0.002714998,0.4777191,0.05102869,-0.003934721,35.98421
R,0.04757356,0.8086932,-0.04301795,0.05787191,0.01824774,-0.01510618,0.106418,0.8259597,-1.281326,35.99812
R,0.04836725,0.8089428,-0.04323041,0.05715976,0.01797304,-0.01530091,-0.05128724,-0.01978277,-0.01402367,36.012
R,0.04866058,0.8094568,-0.04394851,0.02132432,0.03736394,-0.05220385,-2.605115,1.409653,-2.682719,36.02576
R,0.04896979,0.8099952,-0.04470476,0.02213479,0.03854195,-0.05413602,0.05801747,0.08432759,-0.1383143,36.03973
R,0.04927491,0.8103884,-0.04523231,0.02124983,0.02738941,-0.03674148,-0.06163305,-0.7767192,1.211444,36.05408
R,0.04956197,0.8107505,-0.04572075,0.02153776,0.02716711,-0.03664569,0.02160204,-0.01667884,0.007186706,36.06741
R,0.0498389,0.8110942,-0.04618651,0.0190735,0.0236674,-0.03208005,-0.1697293,-0.2410476,0.3144649,36.08193
R,0.0500388,0.8116435,-0.04683319,0.01477843,0.04060914,-0.04780695,-0.3175208,1.252446,-1.162637,36.09546
R,0.05024863,0.812203,-0.04749459,0.01507783,0.04021039,-0.04752765,0.02151476,-0.02865386,0.02007039,36.10938
R,0.05042091,0.8114265,-0.04740097,0.01276515,-0.05753604,0.006936409,-0.1713553,-7.242408,4.035451,36.12287
R,0.05085608,0.8094932,-0.0471722,0.02955392,-0.1312986,0.0155362,1.140175,-5.009432,0.5840371,36.1376
R,0.0510418,0.809561,-0.04734639,0.01308699,0.004779906,-0.0122745,-1.160405,9.58929,-1.959787,36.15179
R,0.05118743,0.809625,-0.04748823,0.0113217,0.004976646,-0.01102716,-0.1372363,0.01529485,0.09696959,36.16465
R,0.05134227,0.8096935,-0.04763986,0.0104293,0.004608813,-0.01021301,-0.06010721,-0.02477526,0.05483711,36.1795
R,0.05176535,0.8100233,-0.04773197,0.02678918,0.02088617,-0.005832012,1.035905,1.030679,0.2774037,36.19529
R,0.05235212,0.8104807,-0.04786213,0.05344593,0.04166305,-0.01185651,2.428042,1.892472,-0.5487446,36.20627
R,0.0522897,0.8111345,-0.04828187,-0.004243083,0.04444372,-0.02853508,-3.921895,0.1890398,-1.133865,36.22098
R,0.0522129,0.8118818,-0.04876619,-0.00592839,0.05768735,-0.03738543,-0.1300922,1.022302,-0.6831768,36.23393
R,0.05213319,0.8126647,-0.04927712,-0.005775431,0.05672592,-0.03702003,0.01108276,-0.06966119,0.02647542,36.24773
R,0.05219414,0.812978,-0.04966691,0.004327346,0.02224404,-0.02767624,0.71733,-2.448325,0.6634399,36.26182
R,0.05224712,0.8132516,-0.05000826,0.003643664,0.01881394,-0.02347362,-0.0470155,-0.2358813,0.2890058,36.27636
R,0.05235249,0.8146465,-0.05107917,0.007668537,0.1015235,-0.07793847,0.2929195,6.019379,-3.963808,36.2901
R,0.05246373,0.8161477,-0.05222946,0.008601816,0.1160859,-0.08895044,0.07216919,1.126095,-0.85154,36.30303
R,0.05256474,0.8175329,-0.05329083,0.006782406,0.09300958,-0.0712678,-0.1221689,-1.54952,1.187346,36.31792
R,0.05260792,0.8177217,-0.05310501,0.003151535,0.01377627,0.01356095,-0.2649809,-5.782443,6.190798,36.33163
R,0.05263362,0.8178405,-0.05300365,0.001897832,0.008776409,0.007484595,-0.09257762,-0.3692069,-0.4486987,36.34517
R,0.05260906,0.8182154,-0.0530352,-0.001783511,0.02722472,-0.002290999,-0.2673247,1.339644,-0.7098653,36.35894
R,0.05257681,0.818735,-0.05309698,-0.002235352,0.03601352,-0.004282209,-0.03131869,0.6091829,-0.1380179,36.37337
R,0.05275145,0.8194765,-0.05337995,0.01349654,0.05730856,-0.02186901,1.215808,1.645745,-1.359161,36.38631
R,0.05294763,0.8203177,-0.05371583,0.01279273,0.05485075,-0.02190221,-0.04589589,-0.1602738,-0.002164714,36.40164
R,0.05314815,0.8211912,-0.05407728,0.01557985,0.06786733,-0.02808326,0.2165463,1.011328,-0.4802391,36.41451
R,0.0530781,0.8221982,-0.05474814,-0.005064336,0.07280319,-0.04850036,-1.492485,0.3568412,-1.476067,36.42834
R,0.05301318,0.8232055,-0.05542318,-0.004585003,0.07113753,-0.04767188,0.0338508,-0.1176305,0.05850799,36.4425
R,0.05365538,0.8234587,-0.0560128,0.04545076,0.0179156,-0.04172933,3.541192,-3.766687,0.4205734,36.45663
R,0.05428448,0.8237269,-0.05660424,0.04758108,0.02028635,-0.04473225,0.1611224,0.1793074,-0.2271204,36.46986
R,0.05491085,0.8240215,-0.05721161,0.04471656,0.02103333,-0.04336023,-0.2044976,0.05332638,0.09794906,36.48386
R,0.05486574,0.8262348,-0.05855868,-0.003133591,0.1537369,-0.09356835,-3.323697,9.21766,-3.487482,36.49826
R,0.05483653,0.8285359,-0.05996902,-0.002148218,0.1692533,-0.1037346,0.07247742,1.14128,-0.7477586,36.51186
R,0.05512816,0.8282161,-0.0598823,0.02095648,-0.0229792,0.006231475,1.660295,-13.81376,7.902121,36.52577
R,0.05548055,0.8278341,-0.05978889,0.02411905,-0.02614638,0.006393552,0.2164623,-0.216777,0.01109335,36.54038
R,0.05578279,0.8279515,-0.05994982,0.02248283,0.008730314,-0.01197148,-0.1217157,2.594414,-1.366142,36.55383
R,0.056162,0.8281358,-0.06017645,0.02835374,0.01377995,-0.01694528,0.4389685,0.3775617,-0.3718916,36.5672
R,0.05661346,0.828389,-0.06046938,0.0321245,0.01802134,-0.0208442,0.2683181,0.3018067,-0.2774372,36.58125
R,0.05696225,0.8286198,-0.06082527,0.0246851,0.01633369,-0.02518761,-0.5265109,-0.1194403,-0.3073972,36.59538
R,0.05732254,0.8288869,-0.06121297,0.02459615,0.01822917,-0.02646688,-0.006071981,0.1293976,-0.08733114,36.61003
R,0.05759589,0.8287118,-0.06126018,0.01999365,-0.0128043,-0.003452846,-0.3366404,-2.269877,1.683312,36.6237
R,0.05787809,0.8285431,-0.06131706,0.02147955,-0.01283936,-0.004329314,0.1131016,-0.002668179,-0.06671333,36.63684
R,0.05819444,0.8283702,-0.06139144,0.01983015,-0.0108426,-0.004662374,-0.103391,0.1251646,-0.0208775,36.65279
R,0.05823658,0.8286548,-0.06155261,0.003040135,0.02053522,-0.01162684,-1.211173,2.263486,-0.5023925,36.66666
R,0.05830374,0.8291508,-0.06183296,0.005689566,0.04202186,-0.0237525,0.2244771,1.820489,-1.027365,36.67846
R,0.05845975,0.8289223,-0.06172299,0.0109765,-0.01607371,0.007736493,0.3719641,-4.087333,2.215419,36.69267
R,0.05830768,0.8288335,-0.06178744,-0.01166304,-0.006815938,-0.004942526,-1.736342,0.7100258,-0.9724192,36.70571
R,0.05814064,0.8287497,-0.06186283,-0.011199,-0.005618606,-0.005054648,0.03111113,0.0802745,-0.007517127,36.72063
R,0.05796182,0.8286698,-0.06194724,-0.01366703,-0.006099672,-0.006451291,-0.1886241,-0.03676633,-0.1067411,36.73371
R,0.05777198,0.8285937,-0.06204011,-0.01342115,-0.005381102,-0.006565724,0.0173833,0.05080067,-0.008089989,36.74786
R,0.05798502,0.8288801,-0.06228317,0.01490887,0.02003804,-0.01700929,1.982527,1.778824,-0.7308378,36.76215
R,0.05884172,0.8293469,-0.06372649,0.05679795,0.03094967,-0.09568979,2.77718,0.723424,-5.216394,36.77723
R,0.0598735,0.8299178,-0.06549219,0.08312065,0.04599627,-0.1422456,2.120571,1.212163,-3.750562,36.78964
R,0.06083683,0.8304608,-0.06716807,0.07085586,0.03993494,-0.1232666,-0.9021163,-0.4458312,1.395967,36.80324
R,0.06167154,0.8309397,-0.06864228,0.05825757,0.03342569,-0.1028901,-0.8792773,-0.4543031,1.42215,36.81757
R,0.06227605,0.8309453,-0.07066239,0.03699061,0.0003428455,-0.1236136,-1.301355,-2.024385,-1.268101,36.83391
R,0.06282736,0.8309737,-0.07247566,0.04956155,0.002555941,-0.1630103,1.130109,0.198954,-3.541702,36.84503
R,0.06382038,0.8305118,-0.07492957,0.07035526,-0.03272804,-0.1738582,1.473228,-2.49986,-0.7685748,36.85915
R,0.06405968,0.8305695,-0.07754529,0.01789287,0.004314033,-0.1955782,-3.922618,2.76964,-1.624008,36.87252
R,0.06429501,0.8306425,-0.07984277,0.01763564,0.005471877,-0.1721754,-0.01927776,0.08677008,1.753835,36.88586
R,0.06452756,0.830722,-0.08186945,0.01590839,0.005435314,-0.1386433,-0.1181597,-0.002501199,2.2939,36.90048
R,0.06330902,0.8318976,-0.08626834,-0.08335899,0.08042064,-0.300925,-6.790801,5.129684,-11.10156,36.9151
R,0.06233009,0.8329155,-0.09018771,-0.07556541,0.0785759,-0.302544,0.6016022,-0.1423987,-0.1249747,36.92805
R,0.06160052,0.8337383,-0.0934753,-0.04985739,0.05623126,-0.2246664,1.756831,-1.526985,5.321988,36.94269
R,0.0611207,0.8349776,-0.09637077,-0.03461234,0.08939444,-0.2088694,1.099724,2.392275,1.139544,36.95655
R,0.06073042,0.8360051,-0.09896197,-0.01650687,0.04345908,-0.1095946,0.7657699,-1.942833,4.198817,36.98019
R,0.05980164,0.8382629,-0.1034768,-0.04280513,0.104054,-0.2080737,-1.212013,2.792652,-4.538626,37.00189
R,0.05791116,0.8414661,-0.1113125,-0.1798179,0.3046818,-0.7453142,-13.03232,19.08323,-51.101,37.01241
R,0.05683484,0.8428685,-0.1151838,-0.08596934,0.1120173,-0.309218,7.49599,-15.38875,34.83242,37.02493
R,0.05601614,0.8439939,-0.1184331,-0.05090517,0.06997524,-0.2020354,2.180233,-2.614104,6.664441,37.04101
R,0.05601816,0.8429524,-0.1209631,0.0001643749,-0.08462977,-0.2055855,4.149899,-12.56317,-0.2884789,37.05331
R,0.0559314,0.8422644,-0.1235262,-0.006228126,-0.04938647,-0.1839842,-0.4588597,2.529797,1.550563,37.06725
R,0.05577419,0.8418235,-0.1261809,-0.01162837,-0.03261675,-0.1963651,-0.3994472,1.24043,-0.9157996,37.08076
R,0.05693775,0.8398604,-0.129984,0.07486979,-0.1263155,-0.2447092,5.565776,-6.029103,-3.11073,37.09631
R,0.05680569,0.8396089,-0.1391395,-0.01041461,-0.01983209,-0.7220417,-6.72587,8.39771,-37.64436,37.10899
R,0.05662063,0.8395221,-0.1465134,-0.01421826,-0.006667644,-0.5665356,-0.2922343,1.011425,11.94753,37.122
R,0.05640982,0.839533,-0.1527962,-0.01483961,0.0007636278,-0.4422653,-0.04373867,0.5231104,8.747772,37.13621
R,0.0561831,0.8396045,-0.1584115,-0.01652742,0.005214127,-0.4093524,-0.1230398,0.3244359,2.399313,37.14993
R,0.05638274,0.8378701,-0.1618441,0.01412168,-0.1226853,-0.2428052,2.167965,-9.046972,11.78072,37.16406
R,0.05545573,0.8385401,-0.1652924,-0.06177167,0.04464683,-0.2297757,-5.057191,11.15026,0.8682271,37.17907
R,0.05467256,0.8390975,-0.1689216,-0.06255445,0.04452316,-0.2898754,-0.06252291,-0.009878099,-4.800362,37.19159
R,0.05397461,0.8395792,-0.1727643,-0.05151037,0.03555216,-0.2835957,0.8150728,-0.6620761,0.4634515,37.20514
R,0.05333373,0.8400097,-0.176766,-0.03945583,0.02650525,-0.2463662,0.7421384,-0.5569729,2.292037,37.22138
R,0.05152146,0.8403515,-0.1794958,-0.1555583,0.02933141,-0.2343213,-9.965808,0.2425867,1.033893,37.23303
R,0.04962904,0.8395411,-0.1803107,-0.1381083,-0.05913749,-0.05946483,1.273505,-6.456457,12.76102,37.24673
R,0.04793181,0.8388839,-0.1816658,-0.1014407,-0.03928337,-0.08099279,2.191561,1.186648,-1.286691,37.26347
R,0.04630322,0.8383213,-0.1835161,-0.1205321,-0.04163432,-0.1369459,-1.41296,-0.1739938,-4.141101,37.27698
R,0.04417896,0.8392786,-0.1828943,-0.179749,0.08100488,0.05261459,-5.010761,10.37738,16.04008,37.2888
R,0.04204129,0.8401951,-0.1828101,-0.1582986,0.06786723,0.006236759,1.588445,-0.9728687,-3.43437,37.3023
R,0.03969977,0.8424752,-0.181882,-0.1675266,0.1631328,0.06640199,-0.6602256,6.815859,4.304573,37.31628
R,0.03750929,0.8444763,-0.1815542,-0.1404647,0.1283215,0.02102189,1.735349,-2.232289,-2.91001,37.33187
R,0.03556075,0.8461412,-0.1816919,-0.1630903,0.1393429,-0.01153042,-1.893731,0.9224774,-2.724583,37.34382
R,0.03364068,0.8489206,-0.1773531,-0.1346533,0.1949196,0.30428,1.994273,3.897565,22.14762,37.35808
R,0.03180625,0.851324,-0.1741795,-0.1308177,0.1713947,0.2263202,0.2735268,-1.677613,-5.559487,37.3721
R,0.02716553,0.8605121,-0.1649596,-0.3424937,0.6780951,0.6804441,-15.62207,37.3954,33.51516,37.38565
R,0.02344605,0.867582,-0.1583092,-0.2578101,0.4900392,0.4609592,5.869726,-13.03483,-15.21329,37.40008
R,0.02093876,0.8799098,-0.1424312,-0.1801734,0.8858707,1.140993,5.578945,28.44431,48.86702,37.41399
R,0.01861363,0.8897043,-0.1302654,-0.1558074,0.6563339,0.815232,1.632769,-15.38131,-21.82934,37.42892
R,0.01800867,0.903393,-0.1105314,-0.04253915,0.9625553,1.387645,7.964752,21.53276,40.25068,37.44314
R,0.01705596,0.9146638,-0.09477163,-0.07499927,0.8872607,1.24064,-2.555323,-5.927341,-11.57246,37.45584
R,0.01587964,0.924298,-0.08177813,-0.07426909,0.6082761,0.820368,0.04610118,-17.61419,-26.53465,37.47168
R,0.01883434,0.9348302,-0.054252,0.253289,0.9028572,2.35965,28.07959,25.25267,131.9534,37.48335
R,0.02058505,0.9442364,-0.03165449,0.113711,0.6109468,1.467741,-9.065791,-18.96,-57.93078,37.49874
R,0.02237678,0.9596936,-8.222053E-05,0.1477017,1.274214,2.602667,2.802032,54.67656,93.5579,37.51087
R,0.02346596,0.9730594,0.02638161,0.06906652,0.8475523,1.678117,-4.986391,-27.05533,-58.62732,37.52664
R,0.02411124,0.9850222,0.04940058,0.0473032,0.8769531,1.68744,-1.595392,2.155271,0.6834627,37.54028
R,0.01798324,0.9990422,0.07471179,-0.5102977,1.167487,2.107745,-46.4332,24.1937,35.00015,37.55229
R,0.01346867,1.011779,0.09758925,-0.3177952,0.8965788,1.610416,13.55085,-19.0701,-35.00858,37.5665
R,0.01173582,1.018698,0.1270308,-0.1234392,0.4928753,2.097262,13.84491,-28.75773,34.68039,37.58054
R,0.01014309,1.026261,0.1535052,-0.1157216,0.5495254,1.923534,0.5607309,4.115983,-12.62245,37.5943
R,0.01322837,1.01976,0.1708724,0.2241652,-0.4723618,1.261834,24.69492,-74.24656,-48.07669,37.60806
R,0.01520065,1.01737,0.1884737,0.1254907,-0.1520555,1.119922,-6.278385,20.38018,-9.029437,37.62378
R,0.01633261,1.00334,0.1457908,0.09408262,-1.166138,-3.547577,-2.610472,-84.28526,-387.9381,37.63581
R,0.02138099,0.996566,0.1690056,0.3578699,-0.4801793,1.645649,18.69936,48.62629,368.1376,37.64992
R,0.02506774,0.9925042,0.1874336,0.2677166,-0.2949533,1.338175,-6.546576,13.45039,-22.32753,37.66369
R,0.03364418,0.9842106,0.1934174,0.600498,-0.5806916,0.4189641,23.30039,-20.00657,-64.36049,37.67797
R,0.04020952,0.9786441,0.200701,0.3936559,-0.3337682,0.4367209,-12.4022,14.80547,1.064694,37.69465
R,0.0405828,0.9760449,0.1845907,0.03005299,-0.2092627,-1.297057,-29.27405,10.02407,-139.5883,37.70707
R,0.04131375,0.9741222,0.1757188,0.0575761,-0.1514517,-0.6988279,2.167974,4.55373,47.12208,37.71976
R,0.04232858,0.9726267,0.1711553,0.07353073,-0.1083558,-0.3306482,1.156,3.122535,26.67664,37.73357
R,0.03551142,0.9660212,0.1610454,-0.4252925,-0.4120843,-0.6307125,-31.11935,-18.94826,-18.71967,37.7496
R,0.0309737,0.9610487,0.1549395,-0.3631058,-0.3979033,-0.4885961,4.976148,1.134754,11.37209,37.76209
R,0.02443885,0.9497111,0.1356639,-0.4850146,-0.8414673,-1.430624,-9.048037,-32.92119,-69.91705,37.77557
R,0.02405307,0.9490313,0.1349777,-0.02615904,-0.046099,-0.04653045,31.11387,53.93198,93.85201,37.79031
R,0.02216003,0.9453158,0.130225,-0.1556614,-0.3055207,-0.3908063,-10.64877,-21.33182,-28.30924,37.80247
R,0.01937491,0.9344127,0.1212427,-0.1974323,-0.7729009,-0.6367409,-2.961055,-33.13167,-17.43382,37.81658
R,0.01713349,0.9258519,0.1144527,-0.1575266,-0.6016505,-0.4772029,2.804566,12.03546,11.21232,37.83081
R,0.02017447,0.9204866,0.1077057,0.243338,-0.4293298,-0.5398846,32.077,13.78902,-5.015763,37.84331
R,0.02215225,0.9154404,0.102106,0.135652,-0.3461048,-0.3840778,-7.385987,5.70825,10.68651,37.85789
R,0.02342579,0.9106158,0.09721742,0.09294295,-0.3521019,-0.3567667,-3.116904,-0.4376675,1.993164,37.87159
R,0.02275595,0.9092728,0.07987658,-0.04722814,-0.09469137,-1.222646,-9.883005,18.14917,-61.0503,37.88577
R,0.02221572,0.9071011,0.06671017,-0.03754406,-0.1509271,-0.9150308,0.6730178,-3.908232,21.37843,37.90016
R,0.0256076,0.9045376,0.06236827,0.2518865,-0.1903727,-0.3224371,21.49362,-2.929302,44.00705,37.91363
R,0.02806537,0.901616,0.05757635,0.1901681,-0.2260506,-0.3707709,-4.775412,-2.76055,-3.739792,37.92655
R,0.02990165,0.8984722,0.05258211,0.1281607,-0.2194156,-0.3485647,-4.327708,0.4630778,1.549849,37.94088
R,0.03326697,0.9014441,0.0443753,0.2413012,0.2130872,-0.5884486,8.112448,31.01149,-17.20026,37.95483
R,0.0358899,0.902657,0.03697234,0.1907838,0.08822662,-0.5384688,-3.674481,-9.08198,3.635379,37.96857
R,0.03980362,0.9024181,0.03136729,0.269989,-0.01648437,-0.3866658,5.463985,-7.223516,10.47217,37.98307
R,0.04295893,0.9015484,0.02568539,0.232084,-0.06396868,-0.4179222,-2.788033,-3.492628,-2.299008,37.99667
R,0.04983656,0.9031997,0.01814409,0.4985973,0.119711,-0.5467113,19.32103,13.31596,-9.336644,38.01046
R,0.05535749,0.9038596,0.01108127,0.3761121,0.04495436,-0.4811528,-8.344272,-5.092777,4.466156,38.02514
R,0.05996624,0.9038783,0.004306203,0.3295568,0.001342574,-0.4844632,-3.329018,-3.11854,-0.2367128,38.03912
R,0.05513992,0.9081577,-0.003400354,-0.3578025,0.3172547,-0.5713313,-50.95789,23.42038,-6.440034,38.05261
R,0.05234945,0.9109749,-0.01067845,-0.1898041,0.1916191,-0.4950465,11.42703,-8.545566,5.188793,38.06731
R,0.05596142,0.911027,-0.0136554,0.2778335,0.004007115,-0.2289877,35.97077,-14.43115,20.46529,38.08031
R,0.05890833,0.9109523,-0.01735719,0.1432174,-0.003629612,-0.1799037,-6.542231,-0.3711387,2.385445,38.10089
R,0.06162342,0.9108131,-0.02175004,0.3971786,-0.02035959,-0.6426119,37.15091,-2.447356,-67.68761,38.10773
R,0.07023646,0.9110639,-0.02707131,0.5477575,0.01595099,-0.3384129,9.57626,2.309219,19.34594,38.12345
R,0.07715141,0.9111733,-0.03246163,0.5489742,0.008683184,-0.4279347,0.09659392,-0.5769876,-7.10709,38.13605
R,0.07691699,0.9172766,-0.03814731,-0.01641376,0.4273337,-0.3980948,-39.58682,29.3127,2.089308,38.15033
R,0.07749495,0.9217662,-0.04379043,0.04094858,0.318087,-0.3998134,4.064107,-7.740103,-0.1217631,38.16444
R,0.07747006,0.9243454,-0.04935034,-0.001853249,0.1920854,-0.4140617,-3.187569,-9.383681,-1.061108,38.17787
R,0.07810764,0.9264521,-0.05491843,0.04668624,0.1542598,-0.4077217,3.554284,-2.769766,0.4642436,38.19153
R,0.07916521,0.9282776,-0.060489,0.07679677,0.1325571,-0.4045122,2.186509,-1.57596,0.2330592,38.2053
R,0.07739537,0.9279586,-0.06466988,-0.1276701,-0.02300753,-0.3015947,-14.74952,-11.22189,7.424107,38.21916
R,0.0765406,0.9280179,-0.06916931,-0.06075765,0.004211294,-0.3198205,4.756154,1.934721,-1.295496,38.23323
R,0.07607281,0.9309675,-0.07577495,-0.03406304,0.214783,-0.481008,1.943842,15.33336,-11.73732,38.24696
R,0.07608307,0.9334204,-0.08201899,0.000693158,0.1657257,-0.4218654,2.348229,-3.314453,3.995844,38.26176
R,0.07639212,0.9355371,-0.08804858,0.02310771,0.1582689,-0.4508332,1.675938,-0.5575476,-2.165921,38.27514
R,0.0778823,0.935227,-0.08885384,0.1042826,-0.02169815,-0.05635177,5.680595,-12.59404,27.60569,38.28943
R,0.07914432,0.9352389,-0.0904396,0.09528516,0.0008955573,-0.1197285,-0.6793264,1.705877,-4.785087,38.30267
R,0.07946777,0.9345986,-0.09032583,0.02211555,-0.04378179,0.007778878,-5.002862,-3.054746,8.718124,38.3173
R,0.07986051,0.9340708,-0.090631,0.02916519,-0.03919086,-0.02266234,0.5235189,0.3409301,-2.260618,38.33076
R,0.08043668,0.9335412,-0.09148537,0.04235587,-0.03893543,-0.06280617,0.9696736,0.01877733,-2.951056,38.34437
R,0.08070389,0.9338822,-0.09145764,0.01785089,0.02278447,0.001852084,-1.637063,4.123216,4.319514,38.35934
R,0.0811683,0.9344739,-0.09169168,0.03262116,0.041562,-0.01643933,1.037497,1.318976,-1.284829,38.37357
R,0.08129862,0.9344965,-0.09151581,0.01037101,0.001797776,0.01399621,-1.770718,-3.164527,2.422129,38.38614
R,0.08145548,0.9345382,-0.0914432,0.01093646,0.002904754,0.005062022,0.03942274,0.07717754,-0.622884,38.40048
R,0.08144151,0.9347488,-0.09144186,-0.001025199,0.01544575,9.836668E-05,-0.877358,0.9198511,-0.3640718,38.41412
R,0.08144217,0.93499,-0.09153418,4.772875E-05,0.01736683,-0.006645022,0.07722726,0.1382754,-0.4853759,38.42801
R,0.08146682,0.9354045,-0.09181339,0.001795702,0.03019473,-0.02034225,0.1273543,0.9346179,-0.997956,38.44173
R,0.08226361,0.9351611,-0.09054773,0.05306784,-0.01620856,0.08429501,3.414808,-3.090534,6.969011,38.45675
R,0.08364001,0.9347923,-0.08867059,0.1010119,-0.02706379,0.1377604,3.518546,-0.7966505,3.923748,38.47038
R,0.0839837,0.9342893,-0.08778433,0.02484713,-0.03636497,0.06407284,-5.50638,-0.6724344,-5.327289,38.48421
R,0.08427361,0.9339236,-0.08723317,0.02175101,-0.0274399,0.04135158,-0.2322922,0.6696205,-1.704706,38.49754
R,0.08452554,0.9336524,-0.08688978,0.01716293,-0.01847551,0.02339334,-0.3125618,0.6106969,-1.2234,38.51221
R,0.08470622,0.9350568,-0.08699952,0.01394678,0.1084088,-0.008471019,-0.248261,9.794452,-2.459673,38.52517
R,0.08506359,0.9375494,-0.08731435,0.0257514,0.1796059,-0.02268589,0.8506073,5.130263,-1.024283,38.53905
R,0.08324821,0.9422103,-0.08953559,-0.1242534,0.3190193,-0.1520322,-10.26707,9.542134,-8.853094,38.55366
R,0.08174384,0.9462849,-0.09159248,-0.1078079,0.291997,-0.1474033,1.178539,-1.936503,0.3317216,38.56761
R,0.07972275,0.9514511,-0.09425665,-0.1478288,0.377873,-0.1948656,-2.927242,6.281217,-3.471533,38.58128
R,0.07825167,0.9554163,-0.09638606,-0.1079605,0.290996,-0.1562741,2.92588,-6.375783,2.83218,38.59491
R,0.07715577,0.958509,-0.09812213,-0.08115344,0.229021,-0.1285598,1.985113,-4.589367,2.052299,38.60841
R,0.07757453,0.9603194,-0.09799039,0.02976556,0.1286859,0.009364196,7.884152,-7.131844,9.803672,38.62248
R,0.07773062,0.9597848,-0.0976134,0.01104101,-0.03781452,0.02666653,-1.324482,-11.77741,1.223881,38.63662
R,0.07795373,0.9600598,-0.09759126,0.01625578,0.02003717,0.001613309,0.379939,4.214974,-1.825334,38.65034
R,0.07840489,0.9607853,-0.09762945,0.03322123,0.05342346,-0.002812281,1.249267,2.458431,-0.3258826,38.66393
R,0.07896851,0.9618987,-0.09777775,0.03988931,0.07879573,-0.01049541,0.4719214,1.795678,-0.5437598,38.67805
R,0.07913028,0.9621929,-0.09765097,0.01041923,0.01894963,0.008165694,-1.898134,-3.854618,1.20194,38.69358
R,0.07924397,0.9624932,-0.09758978,0.008520494,0.0225084,0.004585768,-0.1422931,0.2666979,-0.2682836,38.70692
R,0.08031946,0.9641333,-0.09694259,0.08143663,0.1241831,0.04900527,5.521238,7.698848,3.363462,38.72013
R,0.08147839,0.9660897,-0.09631871,0.08471966,0.1430215,0.04560651,0.2399964,1.377125,-0.2484567,38.73381
R,0.08364785,0.9707736,-0.09566263,0.1602906,0.3460709,0.04847471,5.583557,15.0023,0.2119176,38.74734
R,0.08543449,0.9748696,-0.09521189,0.116681,0.2674974,0.02943652,-2.84803,-5.131433,-1.243335,38.76266
R,0.08680741,0.9782057,-0.09493793,0.1078198,0.2619926,0.02151539,-0.6959,-0.4323088,-0.6220726,38.77539
R,0.08806754,0.9791873,-0.09629112,0.08461474,0.06590997,-0.09086384,-1.55816,-13.16646,-7.545989,38.79028
R,0.0891266,0.9802191,-0.09737396,0.08616603,0.08394922,-0.08810037,0.1262142,1.467685,0.2248379,38.80257
R,0.09070026,0.985086,-0.09818499,0.1001761,0.3098174,-0.05162833,0.8918572,14.37834,2.32174,38.81828
R,0.09217148,0.9896455,-0.09893681,0.1151947,0.3570088,-0.05886677,1.175933,3.695028,-0.5667601,38.83105
R,0.0934366,0.9935411,-0.09958243,0.09513556,0.2929441,-0.04854967,-1.508429,-4.81761,0.7758366,38.84435
R,0.09630059,0.9962355,-0.09996521,0.2021479,0.1901757,-0.02701823,7.553216,-7.253669,1.519746,38.85852
R,0.09866039,0.9987887,-0.1003429,0.1584553,0.1714427,-0.02535961,-2.933854,-1.257871,0.1113724,38.87341
R,0.1002887,1.000113,-0.1029337,0.1222348,0.09942368,-0.194492,-2.719069,-5.406462,-12.69675,38.88673
R,0.1018242,1.001657,-0.1051261,0.1127544,0.1133754,-0.1609845,-0.6961397,1.024467,2.460441,38.90035
R,0.1021567,1.008226,-0.1071352,0.0242219,0.4786253,-0.1463791,-6.450324,26.61147,1.06413,38.91408
R,0.1027082,1.014098,-0.1089169,0.04038386,0.4299756,-0.1304677,1.183453,-3.562354,1.165107,38.92773
R,0.1033736,1.018997,-0.1104128,0.04669202,0.3437416,-0.1049622,0.4426251,-6.050779,1.789644,38.94199
R,0.1036351,1.027618,-0.1125475,0.01588385,0.5236257,-0.1296566,-1.871218,10.92575,-1.499881,38.95845
R,0.1040801,1.034834,-0.1143716,0.03521522,0.5711145,-0.1443821,1.530074,3.758723,-1.16552,38.97108
R,0.1020322,1.035339,-0.1218528,-0.1661014,0.04091894,-0.6067916,-16.32858,-43.00358,-37.50553,38.98341
R,0.1007541,1.036731,-0.1275834,-0.07824496,0.08524784,-0.3508272,5.378573,2.713815,15.67013,38.99975
R,0.09998921,1.038687,-0.1321201,-0.06604277,0.1689106,-0.3917174,1.0536,7.223876,-3.530668,39.01133
R,0.1001262,1.040115,-0.1324744,0.01010709,0.1053632,-0.02614614,5.619998,-4.689913,26.97982,39.02488
R,0.1002648,1.041699,-0.1331446,0.009373589,0.1071256,-0.04533004,-0.04960867,0.1191961,-1.297457,39.03967
R,0.09595023,1.044983,-0.1398395,-0.3148734,0.2396558,-0.4885955,-23.66353,9.672052,-32.34949,39.05337
R,0.09274641,1.048251,-0.145452,-0.2462942,0.251283,-0.4314585,5.272032,0.8938382,4.392416,39.06638
R,0.09034296,1.051421,-0.1502392,-0.1671217,0.2204078,-0.3328757,5.505198,-2.14688,6.854876,39.08076
R,0.08944517,1.04687,-0.1563866,-0.06402329,-0.324546,-0.438382,7.352185,-38.86191,-7.523897,39.09478
R,0.08858084,1.044399,-0.1616676,-0.0573911,-0.16411,-0.3506572,0.4403716,10.65282,5.824858,39.10984
R,0.090166,1.039937,-0.1608773,0.1297755,-0.365299,0.06469955,15.32311,-16.47111,34.00477,39.12206
R,0.09126909,1.036789,-0.1609862,0.06595985,-0.1882057,-0.006510714,-3.815894,10.58941,-4.258062,39.13878
R,0.09395706,1.033348,-0.1594043,0.1970455,-0.2522284,0.1159641,9.609429,-4.693281,8.978195,39.15242
R,0.09594209,1.030892,-0.1587848,0.176395,-0.2182521,0.05505429,-1.835054,3.019213,-5.412587,39.16367
R,0.09733837,1.029215,-0.1587989,0.09662761,-0.1160573,-0.0009755313,-5.520207,7.072271,-3.877477,39.17812
R,0.09756151,1.029579,-0.1612397,0.01623935,0.02650437,-0.1776379,-5.850444,10.37526,-12.85702,39.19186
R,0.09784442,1.030006,-0.1644168,0.0200227,0.03021227,-0.2248572,0.2677595,0.2624198,-3.341866,39.20599
R,0.1013207,1.028141,-0.1641498,0.2532728,-0.1358741,0.0194596,16.99419,-12.10076,17.8005,39.21972
R,0.1047567,1.026328,-0.1642675,0.2453007,-0.129485,-0.008407161,-0.5691264,0.4561206,-1.989407,39.23373
R,0.1076707,1.024814,-0.1647143,0.2085972,-0.1083168,-0.03198069,-2.627419,1.515318,-1.687509,39.2477
R,0.1075207,1.015077,-0.1640624,-0.01088,-0.7062811,0.04728141,-15.91993,-43.37376,5.749331,39.26148
R,0.1076654,1.00801,-0.1639629,0.01006902,-0.4919593,0.006925659,1.458221,14.91853,-2.809086,39.27585
R,0.1057156,1.004777,-0.1742344,-0.1210628,-0.2007342,-0.6377578,-8.141973,18.08217,-40.0284,39.29195
R,0.1045179,1.001909,-0.1818819,-0.09624919,-0.2304568,-0.6145746,1.994092,-2.38859,1.863073,39.3044
R,0.0990329,0.988315,-0.1666594,-0.4286993,-1.062505,1.189773,-25.98384,-65.03171,141.0253,39.31719
R,0.09514596,0.9780273,-0.1558799,-0.256401,-0.6786259,0.7110662,11.36562,25.32247,-31.57781,39.33235
R,0.09224974,0.9696594,-0.148197,-0.2098476,-0.6063001,0.5566676,3.37305,5.240404,-11.18703,39.34615
R,0.0928411,0.9710356,-0.1490684,0.0414496,0.09645722,-0.06108059,17.61392,49.25765,-43.29919,39.36042
R,0.09622724,0.9780487,-0.1546423,0.2837782,0.5877408,-0.4671241,20.3085,41.17233,-34.02873,39.37235
R,0.09807019,0.9809052,-0.1576616,0.1325061,0.2053749,-0.2170851,-10.87632,-27.49175,17.97757,39.38626
R,0.09916747,0.9820721,-0.1594783,0.07954825,0.08459365,-0.1316966,-3.839209,-8.756106,6.190288,39.40005
R,0.09981657,0.9823781,-0.1605631,0.04586422,0.02162652,-0.07665305,-2.380072,-4.449179,3.889308,39.41421
R,0.1001962,0.9822652,-0.1612045,0.02801404,-0.008331574,-0.04733469,-1.317375,-2.210961,2.163748,39.42776
R,0.1004612,0.9820032,-0.1616561,0.01582565,-0.01564636,-0.02696825,-0.727816,-0.4367941,1.216159,39.4445
R,0.1006971,0.9816127,-0.1620611,0.02071254,-0.034285,-0.03555263,0.4290252,-1.636306,-0.7536315,39.45589
R,0.100952,0.9810328,-0.1625015,0.01687086,-0.03838778,-0.02915582,-0.2543119,-0.2715961,0.4234563,39.471
R,0.1178825,0.9605077,-0.215783,1.374918,-1.666831,-4.326962,110.2862,-132.2449,-349.0223,39.48331
R,0.1305584,0.9457892,-0.6764095,0.8261816,-0.9593136,-30.0225,-35.7653,46.11425,-1674.771,39.49866
R,0.14022,0.9342139,-0.3347004,0.7502164,-0.898817,26.53347,-5.898646,4.69752,4391.531,39.51154
R,0.1130835,0.9471046,-0.3536744,-1.955374,0.9288672,-1.367209,-194.9572,131.6978,-2010.444,39.52541
R,0.09579189,0.9552232,-0.3383506,-1.209418,0.5678362,1.071782,52.17389,-25.25136,170.5888,39.53971
R,0.09793217,0.9502,-0.3075657,0.1579562,-0.3707242,2.271979,100.9147,-69.26745,88.57673,39.55326
R,0.09901593,0.9458057,-0.2876627,0.07878579,-0.3194502,1.446881,-5.755423,3.727447,-59.98185,39.56702
R,0.09958883,0.9418869,-0.2755131,0.04048075,-0.2768952,0.8584737,-2.706587,3.006884,-41.57613,39.58117
R,0.1003378,0.9265711,-0.2674881,0.05450531,-1.114645,0.5840418,1.02067,-60.96924,-19.97242,39.59491
R,0.1007579,0.9149697,-0.2625937,0.02596478,-0.7169304,0.3024609,-1.763727,24.57771,-17.40093,39.61109
R,0.0998722,0.9075898,-0.2561669,-0.07319909,-0.6099021,0.5311293,-8.195211,8.845154,18.89787,39.62319
R,0.09915261,0.9008462,-0.2518511,-0.05451928,-0.510924,0.3269847,1.415259,7.498993,-15.46684,39.63639
R,0.09854494,0.8945798,-0.2488986,-0.04259275,-0.4392254,0.2069446,0.8359545,5.025493,-8.413854,39.65066
R,0.1001228,0.8809443,-0.240434,0.1137583,-0.9830772,0.6102699,11.27241,-39.20998,29.07847,39.66453
R,0.1011649,0.8697852,-0.2341629,0.06529431,-0.6991553,0.3929086,-3.036456,17.78882,-13.61854,39.68049
R,0.09771863,0.8656604,-0.2323411,-0.2944686,-0.3524436,0.1556643,-30.73979,29.62464,-20.27124,39.69219
R,0.09518647,0.8607758,-0.2306567,-0.1888984,-0.3643906,0.1256525,7.875524,-0.8912497,-2.238876,39.7056
R,0.09039927,0.8577149,-0.2203757,-0.2867773,-0.1833652,0.6158851,-5.863429,10.84432,29.36735,39.72229
R,0.08676099,0.8537793,-0.2122972,-0.2986074,-0.3230129,0.6630303,-0.9709392,-11.46143,3.869384,39.73447
R,0.08382582,0.8492946,-0.2057823,-0.22982,-0.3511425,0.5101086,5.385958,-2.202509,-11.97356,39.74725
R,0.08212201,0.8517532,-0.2043139,-0.1170452,0.1688941,0.1008726,7.747181,35.72444,-28.11289,39.7618
R,0.0807827,0.8521203,-0.2027624,-0.09200519,0.02521865,0.1065825,1.72015,-9.869933,0.392249,39.77636
R,0.0754175,0.8514967,-0.1892594,-0.3957381,-0.04599571,0.9959849,-22.40342,-5.25279,65.60256,39.78992
R,0.07112701,0.84985,-0.1783689,-0.3134689,-0.1203099,0.7956731,6.010691,-5.429492,-14.63505,39.8036
R,0.06749837,0.8475664,-0.1693448,-0.258626,-0.1627583,0.6431803,3.908846,-3.025447,-10.8687,39.81763
R,0.05577019,0.8513999,-0.1517508,-0.7288932,0.2382461,1.093447,-29.22658,24.92197,27.98359,39.83372
R,0.04683952,0.8532204,-0.1372897,-0.7990178,0.1628786,1.293821,-6.273971,-6.743043,17.9272,39.8449
R,0.04831893,0.8793907,-0.101623,0.09304687,1.645967,2.243239,56.1059,93.278,59.71313,39.8608
R,0.04836673,0.8986273,-0.0725455,0.003561205,1.433418,2.166711,-6.66803,-15.83808,-5.702512,39.87422
R,0.03643638,0.9324816,-0.03127875,-0.9176848,2.604079,3.174246,-70.86241,90.04748,77.49983,39.88722
R,0.02711067,0.9586212,0.002919116,-0.6824899,1.912989,2.502726,17.21243,-50.57653,-49.14433,39.90089
R,0.0192721,0.9790493,0.0317895,-0.5969884,1.555809,2.19878,6.511826,-27.20301,-23.14868,39.91402
R,0.01556851,0.9980476,0.0719825,-0.2631094,1.349674,2.85538,23.71935,-14.64417,46.64605,39.92809
R,0.01153092,1.014345,0.1068241,-0.2895048,1.168541,2.498227,-1.892619,-12.98764,-25.60876,39.94204
R,0.02262405,1.01836,0.1403652,0.7533671,0.2727008,2.277874,70.82452,-60.83918,-14.96485,39.95676
R,0.02963255,1.023953,0.1708006,0.4774525,0.3810177,2.073406,-18.79661,7.379065,-13.92931,39.97144
R,0.04847535,1.018553,0.183326,1.333565,-0.3822135,0.8864614,60.58986,-54.01633,-84.00386,39.98557
R,0.06204581,1.017156,0.1982461,1.089894,-0.1121707,1.198292,-19.57015,21.68815,25.04431,39.99802
R,0.07193142,1.018287,0.2151718,0.7158716,0.08188018,1.225683,-27.08501,14.05228,1.983503,40.01183
R,0.08376624,1.012781,0.1980404,0.8798712,-0.4093254,-1.273658,12.19272,-36.51917,-185.816,40.02528
R,0.09312414,1.010541,0.1917193,0.6527725,-0.1562583,-0.4409312,-15.84155,17.65301,58.08789,40.03962
R,0.08949223,1.002704,0.159823,-0.2632976,-0.5681087,-2.312339,-66.41103,-29.85733,-135.6688,40.05341
R,0.08783311,0.9982677,0.1429569,-0.1187678,-0.3175988,-1.207359,10.34615,17.93273,79.09994,40.06738
R,0.08750755,0.9958915,0.1329803,-0.02231844,-0.162898,-0.6839186,6.611826,10.6051,35.88303,40.08197
R,0.06553833,0.9851341,0.1321668,-1.637037,-0.8015873,-0.06061905,-120.3209,-47.59198,46.44521,40.09539
R,0.05108632,0.9779932,0.1330097,-1.018964,-0.5034755,0.05943005,43.57833,21.01889,8.464269,40.10957
R,0.03719537,0.9778666,0.1246511,-0.8982313,-0.008186359,-0.5404968,7.806938,32.02691,-38.7931,40.12504
R,0.02685679,0.9777324,0.1198351,-0.8776541,-0.01139998,-0.4088331,1.746827,-0.2728078,11.17709,40.13682
R,0.01859168,0.9775963,0.117164,-0.5210801,-0.008575337,-0.1684009,22.48046,0.1780813,15.15821,40.15268
R,0.02156918,0.978245,0.1056345,0.2459156,0.05357002,-0.9522303,63.34698,5.132651,-64.7373,40.16479
R,0.02260814,0.9786777,0.09791552,0.07333212,0.03054742,-0.5448298,-12.1814,-1.624996,28.75541,40.17896
R,0.02630565,0.9766039,0.09557424,0.2657017,-0.1490286,-0.1682429,13.82361,-12.90427,27.06141,40.19287
R,0.027934,0.9753485,0.09408576,0.1083956,-0.08356479,-0.09908514,-10.47152,4.357781,4.603678,40.20789
R,0.02915278,0.9735137,0.09501157,0.09879286,-0.1487274,0.07504493,-0.7783849,-5.281999,14.11477,40.22023
R,0.02991393,0.971875,0.09574094,0.05358008,-0.1153582,0.05134296,-3.182669,2.348965,-1.668456,40.23444
R,0.03033311,0.9703838,0.09630919,0.03146799,-0.1119434,0.04265777,-1.659952,0.2563471,-0.6519958,40.24776
R,0.03027831,0.970355,0.0981558,-0.003868255,-0.0020278,0.1303393,-2.494126,7.758133,6.188794,40.26192
R,0.03003649,0.970248,0.1000661,-0.01540875,-0.006817422,0.1217252,-0.7353601,-0.3051946,-0.5488908,40.27762
R,0.03060162,0.9708453,0.1000327,0.04187267,0.04425611,-0.002474253,4.2442,3.784234,-9.202413,40.29111
R,0.03172295,0.9713347,0.1005705,0.09123191,0.03981417,0.04375073,4.0159,-0.3613997,3.760894,40.30341
R,0.03277616,0.9717759,0.1011378,0.06996801,0.0293137,0.03768997,-1.412622,-0.6975756,-0.4026335,40.31846
R,0.03363033,0.9721193,0.101655,0.05942569,0.0238895,0.03598456,-0.7334407,-0.3773682,-0.1186466,40.33283
R,0.03429052,0.9723719,0.1021055,0.05442248,0.02082351,0.03713271,-0.4124413,-0.2527456,0.09464794,40.34496
R,0.03494579,0.9722615,0.1014237,0.04216358,-0.007106805,-0.043871,-0.7888063,-1.797193,-5.212234,40.3605
R,0.03633792,0.9713063,0.1014484,0.1112617,-0.07634337,0.001975157,5.52246,-5.533522,3.664115,40.37302
R,0.03779062,0.9702352,0.1015158,0.1049086,-0.0773459,0.004866133,-0.458795,-0.07239852,0.2087746,40.38686
R,0.03910072,0.9692024,0.1016106,0.08999832,-0.07095126,0.006513999,-1.024279,0.4392863,0.1132019,40.40142
R,0.04022747,0.9682543,0.1017219,0.07752497,-0.0652313,0.007660248,-0.858219,0.3935573,0.07886674,40.41595
R,0.04115317,0.9690561,0.1009928,0.06703535,0.05806284,-0.05279966,-0.7596108,8.928404,-4.378232,40.42976
R,0.04170342,0.9693923,0.09968735,0.04173759,0.02549913,-0.09902163,-1.918882,-2.470018,-3.506022,40.44295
R,0.0422687,0.9696679,0.09838334,0.0355361,0.01732239,-0.08197551,-0.389852,-0.5140248,1.071592,40.45885
R,0.0459918,0.9710427,0.09673307,0.2615183,0.09657188,-0.1159189,15.87349,5.56666,-2.38426,40.47309
R,0.04943539,0.9722285,0.09524687,0.2589552,0.08916917,-0.1117607,-0.1927442,-0.5566765,0.3126967,40.48639
R,0.05225248,0.973129,0.09405378,0.2224345,0.07110787,-0.09420592,-2.883641,-1.426103,1.386105,40.49905
R,0.05488915,0.9740627,0.08834559,0.1687467,0.05975342,-0.3653235,-3.436016,-0.726685,-17.35153,40.51468
R,0.0571911,0.9748093,0.08385722,0.1992878,0.06464147,-0.3885732,2.644041,0.4231747,-2.0128,40.52623
R,0.05912443,0.9753869,0.0804087,0.1429243,0.04269776,-0.2549379,-4.166765,-1.622226,9.879214,40.53976
R,0.06080602,0.9758554,0.07764191,0.1219085,0.03396364,-0.2005799,-1.523549,-0.6331852,3.940715,40.55355
R,0.06720778,0.9782162,0.07077342,0.4441987,0.1638102,-0.4765837,22.36274,9.009663,-19.15107,40.56796
R,0.0713544,0.9793991,0.04602433,0.3107524,0.0886444,-1.854725,-10.00061,-5.63301,-103.2794,40.58131
R,0.07482822,0.9803712,0.02825264,0.2354293,0.06588111,-1.204431,-5.10483,-1.542725,44.07202,40.59606
R,0.07790273,0.9812192,0.01400837,0.2517067,0.06942438,-1.166162,1.33261,0.2900836,3.133052,40.60828
R,0.08058273,0.9782369,-0.001135194,0.1850751,-0.2059487,-1.045784,-4.601444,-19.0167,8.313076,40.62276
R,0.083148,0.9762288,-0.01386961,0.1872135,-0.1465496,-0.9293571,0.1560597,4.334941,8.496816,40.63646
R,0.09360745,0.9753422,-0.0285285,0.7335155,-0.06217813,-1.028021,38.31188,5.916929,-6.919225,40.65072
R,0.1020338,0.9747062,-0.04132401,0.6641359,-0.0501259,-1.008498,-5.468261,0.9499161,1.538701,40.66341
R,0.1090293,0.9742234,-0.05311958,0.5002286,-0.03452332,-0.8434637,-11.72049,1.115691,11.80109,40.67739
R,0.1134719,0.9691058,-0.06893457,0.2910005,-0.3352191,-1.035933,-13.70512,-19.69655,-12.60738,40.69266
R,0.1128287,0.9691712,-0.09481166,-0.05149712,0.005230605,-2.071938,-27.42324,27.25927,-82.95126,40.70515
R,0.1133934,0.9691035,-0.1160025,0.04130064,-0.004952567,-1.549958,6.787493,-0.7448263,38.17908,40.71882
R,0.1147545,0.9689444,-0.1346631,0.04837665,-0.005651776,-0.6631998,0.2514825,-0.02484998,31.51551,40.74696
R,0.1132211,0.9637157,-0.1669071,-0.08523676,-0.2906462,-1.792318,-7.427047,-15.84173,-62.76325,40.76495
R,0.10773,0.9583176,-0.1756829,-0.485974,-0.4777389,-0.7766804,-35.4662,-16.55814,89.88631,40.77625
R,0.1043116,0.954277,-0.1860451,-0.2467331,-0.2916351,-0.7479049,17.2675,13.43226,2.076908,40.7901
R,0.1021559,0.9509553,-0.1972934,-0.1810044,-0.2789178,-0.9444842,5.519026,1.067835,-16.50611,40.80201
R,0.100064,0.9509653,-0.2027793,-0.1503194,0.0007238555,-0.39421,2.205012,20.09495,39.54251,40.81593
R,0.09865832,0.9504843,-0.2103751,-0.09203297,-0.03149585,-0.4973035,3.816044,-2.109441,-6.749584,40.8312
R,0.08828029,0.946653,-0.2145899,-0.7478117,-0.2760703,-0.3037093,-47.25356,-17.62334,13.94985,40.84508
R,0.08076567,0.9434284,-0.2208442,-0.5667181,-0.2431854,-0.4716696,13.65725,2.480027,-12.66679,40.85834
R,0.07493483,0.9405851,-0.2283595,-0.3931378,-0.1917036,-0.5067104,11.70346,3.471101,-2.362584,40.87317
R,0.07739612,0.9396658,-0.2260728,0.1914578,-0.07151335,0.1778758,45.47425,9.349306,53.25227,40.88602
R,0.07858729,0.9389139,-0.2258239,0.09061457,-0.05719947,0.01893386,-7.671346,1.088885,-12.09103,40.89917
R,0.07825331,0.9366078,-0.2236831,-0.02353516,-0.1625042,0.15086,-8.043996,-7.4207,9.296679,40.91336
R,0.07759253,0.9339783,-0.2229536,-0.04457558,-0.1773876,0.04921312,-1.419357,-1.004012,-6.856954,40.92818
R,0.07297254,0.9284438,-0.2215363,-0.3145723,-0.3768344,0.09650264,-18.3839,-13.58021,3.219913,40.94287
R,0.06890817,0.9235898,-0.2220244,-0.3403991,-0.4065395,-0.0408771,-2.163047,-2.487864,-11.50584,40.95481
R,0.06548966,0.9195074,-0.2237706,-0.2515835,-0.3004369,-0.1285093,6.536347,7.80858,-6.449255,40.9684
R,0.06709923,0.9185979,-0.2214369,0.1115647,-0.06304122,0.1617572,25.17111,16.45475,20.11941,40.98283
R,0.06803522,0.9174756,-0.2202605,0.0674075,-0.08082933,0.08471733,-3.180092,-1.281057,-5.548223,40.99671
R,0.06799536,0.9181688,-0.2171715,-0.002889178,0.05025408,0.2239375,-5.096198,9.502968,10.09284,41.01051
R,0.06767876,0.918411,-0.2149793,-0.02162483,0.01654508,0.1497372,-1.279687,-2.302401,-5.068043,41.02515
R,0.06722973,0.9183083,-0.2137204,-0.03312014,-0.007579488,0.09285642,-0.8478972,-1.779434,-4.195542,41.0387
R,0.06454612,0.9150329,-0.2094543,-0.1589458,-0.1939957,0.2526724,-7.452428,-11.0411,9.465612,41.05559
R,0.06199878,0.9119114,-0.2062855,-0.2215559,-0.2714882,0.2756096,-5.445542,-6.739948,1.994977,41.06709
R,0.06264903,0.9044309,-0.2001477,0.04599541,-0.5291335,0.4341556,18.92525,-18.22454,11.21475,41.08122
R,0.06275342,0.8985043,-0.1958116,0.007388549,-0.4194452,0.3068758,-2.732332,7.762995,-9.007998,41.09535
R,0.06164146,0.8970175,-0.1903888,-0.07727841,-0.1033271,0.3768744,-5.884129,21.96937,4.864718,41.10974
R,0.06057876,0.8952715,-0.1864386,-0.08815856,-0.1448477,0.3276936,-0.9025848,-3.444419,-4.079893,41.1218
R,0.05960295,0.8934774,-0.1835229,-0.06449892,-0.1185861,0.1927202,1.563851,1.735835,-8.921451,41.13692
R,0.05218768,0.8901802,-0.1750068,-0.5506709,-0.2448522,0.6324219,-36.10398,-9.376739,32.65302,41.15039
R,0.04651566,0.8871189,-0.1682862,-0.4162617,-0.224664,0.4932133,9.8641,1.481577,-10.21632,41.16402
R,0.04386684,0.8853644,-0.1622262,-0.193096,-0.1279025,0.4417734,16.26851,7.053796,-3.749902,41.17773
R,0.04135451,0.8833973,-0.1570644,-0.1717764,-0.1344997,0.3529277,1.45769,-0.451072,-6.074689,41.19236
R,0.03893164,0.8812953,-0.1524666,-0.1792158,-0.1554784,0.3400906,-0.5502753,-1.551763,-0.9495406,41.20588
R,0.0323172,0.876286,-0.1495651,-0.4656116,-0.352624,0.2042442,-20.1603,-13.87769,-9.562654,41.22009
R,0.02691988,0.8720031,-0.1465323,-0.4171205,-0.3309948,0.2343854,3.74754,1.671571,2.3294,41.23302
R,0.03063334,0.867347,-0.1363019,0.2616827,-0.3281082,0.7209257,47.83445,0.2034169,34.28592,41.24722
R,0.03261352,0.8631963,-0.1277584,0.1410581,-0.2956734,0.6085938,-8.592665,2.310485,-8.001945,41.26125
R,0.03943779,0.8660142,-0.1158982,0.4983124,0.2057625,0.8660358,26.08693,36.61516,18.79857,41.27495
R,0.04407952,0.867313,-0.1058487,0.3178685,0.08894576,0.6882021,-12.35692,-7.999691,-12.17817,41.28955
R,0.04726451,0.8676192,-0.09703574,0.2462908,0.02367257,0.6814908,-5.535007,-5.047486,-0.5189713,41.30248
R,0.04352762,0.8781748,-0.09494087,-0.2518258,0.7113392,0.1411718,-33.56768,46.3413,-36.41167,41.31732
R,0.0408375,0.8856208,-0.0918063,-0.1854811,0.5133935,0.2161255,4.5744,-13.64815,5.16798,41.33183
R,0.03622443,0.8979881,-0.08630878,-0.3903451,1.046482,0.4651848,-17.33501,45.10841,21.0747,41.34364
R,0.03272971,0.9073103,-0.08076616,-0.2347822,0.6262854,0.3723636,10.45102,-28.22961,-6.235909,41.35853
R,0.02993245,0.9146019,-0.07520704,-0.207377,0.5405649,0.4121298,2.031703,-6.354952,2.948096,41.37202
R,0.02089218,0.92399,-0.06821171,-0.6496301,0.6746291,0.5026818,-31.78015,9.633806,6.507033,41.38593
R,0.01401391,0.9317485,-0.06157541,-0.4585704,0.5172542,0.4424379,12.73783,-10.49208,-4.01642,41.40093
R,0.0127423,0.9395488,-0.05385602,-0.09850577,0.6042544,0.5979887,27.89266,6.739532,12.04985,41.41384
R,0.01110004,0.9463871,-0.04663018,-0.1151092,0.4793115,0.5064732,-1.16377,-8.757497,-6.414501,41.42811
R,0.009853792,0.9513229,-0.03455764,-0.08693387,0.344303,0.842135,1.965408,-9.417688,23.4145,41.44244
R,0.008304164,0.9561898,-0.0239306,-0.1177466,0.3698052,0.8074824,-2.341268,1.937758,-2.63303,41.4556
R,0.006563385,0.9610385,-0.01431717,-0.1140837,0.3177617,0.6300259,0.2400542,-3.410725,-11.62979,41.47086
R,0.01230851,0.9583851,-0.004155559,0.4697596,-0.2169565,0.8308812,47.73893,-43.72214,16.42327,41.48309
R,0.01600855,0.9576989,0.005308269,0.2551139,-0.04731062,0.6525212,-14.7996,11.69691,-12.29774,41.4976
R,0.01577227,0.9541031,0.003808754,-0.01649041,-0.2509651,-0.1046562,-18.95619,-14.21374,-52.84599,41.51192
R,0.01548308,0.9526832,0.004174026,-0.02129475,-0.1045558,0.02689716,-0.3537723,10.78099,9.687058,41.52551
R,0.01514122,0.9519653,0.005496078,-0.02445917,-0.05136122,0.09458733,-0.226401,3.805854,4.842951,41.53948
R,0.005712551,0.9520798,-0.004155024,-0.6409926,0.007780083,-0.6561148,-41.91404,4.020627,-51.03528,41.55419
R,-0.001457033,0.9527084,-0.009786552,-0.5603647,0.04912977,-0.4401524,6.301766,3.231834,16.87932,41.56699
R,-0.01173307,0.9437246,-0.02421832,-0.6547891,-0.5724432,-0.9195923,-6.016723,-39.60662,-30.5499,41.58268
R,-0.0197048,0.9376792,-0.03364545,-0.5817764,-0.4411975,-0.6879913,5.328469,9.578308,16.90223,41.59638
R,-0.02412461,0.9282314,-0.03929416,-0.3692248,-0.7892567,-0.4718851,17.75625,-29.07637,18.0532,41.60835
R,-0.02830462,0.9213121,-0.04343186,-0.2992251,-0.4953151,-0.2961968,5.010927,21.04179,12.57663,41.62232
R,-0.02380222,0.9234918,-0.04234007,0.307684,0.1489589,0.07461055,41.47486,44.0283,25.34018,41.63696
R,-0.03181807,0.9070597,-0.04434387,-0.5663902,-1.161076,-0.1415858,-61.761,-92.56548,-15.27616,41.65111
R,-0.03831571,0.8950644,-0.04597894,-0.4498987,-0.8305559,-0.1132132,8.065915,22.88536,1.96453,41.66555
R,-0.04408516,0.8891656,-0.04537112,-0.4381306,-0.4479559,0.04615786,0.8936667,29.05454,12.10259,41.67872
R,-0.04921707,0.8837835,-0.04513477,-0.3534679,-0.3706976,0.01627903,5.83127,5.321283,-2.057949,41.69324
R,-0.0539347,0.878799,-0.0451424,-0.3793556,-0.4008148,-0.0006140961,-2.081686,-2.421793,-1.358415,41.70567
R,-0.05479752,0.8746631,-0.03807086,-0.05958472,-0.2856173,0.4883466,22.08272,7.955307,33.76663,41.72015
R,-0.05648585,0.8705091,-0.03295163,-0.1176459,-0.2894612,0.3567187,-4.045826,-0.2678554,-9.17211,41.7345
R,-0.05770915,0.8722917,-0.03063752,-0.08412425,0.1225858,0.1591365,2.305222,28.33569,-13.58735,41.74905
R,-0.05921208,0.8728023,-0.0288828,-0.1221278,0.04148907,0.1425883,-3.088162,-6.589897,-1.344707,41.76135
R,-0.06103435,0.8725653,-0.02727379,-0.1171398,-0.01523418,0.103431,0.3206401,-3.646312,-2.517129,41.77691
R,-0.06064026,0.8728775,-0.02635303,0.03138171,0.02486141,0.0733208,11.82686,3.192837,-2.397692,41.78947
R,-0.06061472,0.8728298,-0.02548682,0.00201394,-0.003760529,0.06831281,-2.316061,-2.257241,-0.3949502,41.80215
R,-0.05926644,0.8728504,-0.02476689,0.09340495,0.001428713,0.0498745,6.331291,0.3594949,-1.27735,41.81658
R,-0.05807621,0.8725783,-0.02386587,0.08369387,-0.01913308,0.06335764,-0.6828598,-1.445856,0.9481021,41.8308
R,-0.05426019,0.8707946,-0.02150463,0.2871262,-0.1342117,0.1776649,15.30671,-8.658778,8.600733,41.84409
R,-0.0512877,0.8688302,-0.01926284,0.2105997,-0.1391765,0.1588302,-5.421884,-0.3517525,-1.334428,41.85821
R,-0.04926874,0.8669492,-0.01735435,0.1213337,-0.113043,0.1146954,-5.364632,1.570549,-2.652381,41.87485
R,-0.04376555,0.8622495,-0.01509494,0.4458065,-0.3807169,0.1830318,26.2851,-21.6839,5.535837,41.88719
R,-0.03981743,0.8583403,-0.0131341,0.3049427,-0.3019345,0.1514501,-10.87996,6.084957,-2.439291,41.90014
R,-0.03562887,0.8592095,-0.01449157,0.2601907,0.05399141,-0.08432542,-2.779969,22.10991,-14.64624,41.91624
R,-0.03242251,0.8593802,-0.01522205,0.2914453,0.01552206,-0.06639761,2.840916,-3.496709,1.629565,41.92724
R,-0.02984332,0.8591235,-0.01556127,0.1708238,-0.0170067,-0.02246661,-7.988935,-2.154426,2.909613,41.94234
R,-0.02576309,0.8600892,-0.01641684,0.3208179,0.07593638,-0.0672718,11.79366,7.307879,-3.522918,41.95506
R,-0.0222346,0.8605188,-0.01693355,0.236566,0.02880035,-0.03464237,-5.648626,-3.160211,2.187624,41.96997
R,-0.01701299,0.8636857,-0.0180637,0.4064172,0.2464881,-0.08796398,13.22015,16.94345,-4.15022,41.98282
R,-0.01266858,0.8657891,-0.01878931,0.30305,0.1467245,-0.05061546,-7.210503,-6.959134,2.605293,41.99715
R,-0.008771766,0.869217,-0.02327253,0.2724068,0.2396292,-0.3134004,-2.142115,6.494507,-18.37,42.01146
R,-0.005401114,0.8715835,-0.02642437,0.2552271,0.179191,-0.2386582,-1.30086,-4.576399,5.659504,42.02467
R,-0.002475451,0.8732241,-0.02868644,0.1866955,0.1046928,-0.1443496,-4.373209,-4.753958,6.01812,42.04034
R,0.001275563,0.8742994,-0.03396268,0.3143561,0.09011848,-0.4421783,10.69868,-1.221412,-24.95972,42.05227
R,0.004682024,0.8751895,-0.03799009,0.2388933,0.06242058,-0.28244,-5.292168,-1.94244,11.20236,42.06653
R,0.004879674,0.8775746,-0.04348126,0.01296618,0.1564651,-0.3602298,-14.82118,6.169468,-5.103138,42.08177
R,0.005689319,0.8794469,-0.04781749,0.05579486,0.1290295,-0.2988212,2.951441,-1.89066,4.231839,42.09628
R,0.006864863,0.8809608,-0.05139126,0.08266138,0.1064495,-0.2512993,1.889189,-1.58777,3.341625,42.1105
R,0.008706055,0.8819513,-0.05775207,0.1626204,0.08749052,-0.5618087,7.062261,-1.674523,-27.42526,42.12183
R,0.01063379,0.8829204,-0.06299572,0.1361377,0.06843935,-0.3703103,-1.870232,-1.345407,13.52375,42.13599
R,0.01085113,0.8837802,-0.07164514,0.01554991,0.06151491,-0.6188298,-8.627554,-0.4954149,-17.78054,42.14996
R,0.01156491,0.8846616,-0.0787185,0.0520342,0.06424673,-0.5156391,2.659661,0.1991462,7.522477,42.16368
R,0.01260273,0.8855572,-0.08485382,0.07429195,0.06411711,-0.4391966,1.593319,-0.009278677,5.472134,42.17765
R,0.01358866,0.8848051,-0.09053273,0.0644848,-0.04919458,-0.3714305,-0.6414388,-7.411173,4.432255,42.19294
R,0.01476775,0.8845073,-0.09580772,0.09726023,-0.0245634,-0.4351185,2.70355,2.031754,-5.253442,42.20506
R,0.01283165,0.8841067,-0.1008164,-0.1156648,-0.02393246,-0.2992234,-12.72038,0.03769347,8.118526,42.2218
R,0.01182529,0.8839864,-0.1055745,-0.07410477,-0.008857093,-0.3503698,3.060316,1.110089,-3.766213,42.23538
R,0.01157456,0.8831156,-0.1111969,-0.01852482,-0.06433642,-0.4154062,4.106524,-4.09909,-4.805218,42.24892
R,0.01165466,0.8825949,-0.1165207,0.006929726,-0.0450495,-0.4605959,2.20223,1.66863,-3.909635,42.26048
R,0.01193841,0.8823018,-0.121619,0.02055964,-0.02123929,-0.3694041,0.987562,1.725181,6.607347,42.27428
R,0.0112291,0.8831618,-0.1279355,-0.04780041,0.05795309,-0.4256648,-4.606729,5.336711,-3.791362,42.28912
R,0.01090781,0.8838425,-0.1338096,-0.02445497,0.05181566,-0.4471102,1.776965,-0.4671573,-1.632347,42.30225
R,0.01332432,0.882172,-0.1331095,0.1678522,-0.1160365,0.04862733,13.35775,-11.6591,34.43419,42.31665
R,0.01567337,0.8806623,-0.1333161,0.1651791,-0.1061561,-0.01452899,-0.1879663,0.6947671,-4.441,42.33087
R,0.01800089,0.8792678,-0.1343556,0.1671634,-0.1001541,-0.07465646,0.142516,0.4310659,-4.318372,42.3448
R,0.01888986,0.8778309,-0.1361009,0.06568181,-0.106169,-0.1289492,-7.497969,-0.4444081,-4.011419,42.35833
R,0.01983329,0.8765382,-0.1383226,0.06716824,-0.09203558,-0.1581734,0.1058284,1.006242,-2.080651,42.37238
R,0.01961289,0.8744889,-0.1404013,-0.01634844,-0.1520055,-0.1541941,-6.195076,-4.448433,0.2951794,42.38586
R,0.01958837,0.8726119,-0.142881,-0.001712756,-0.1310727,-0.173159,1.022018,1.461752,-1.324335,42.40018
R,0.02034019,0.8726979,-0.1459444,0.05283805,0.006044738,-0.2152941,3.833825,9.636599,-2.961244,42.41441
R,0.02115052,0.872668,-0.1492395,0.06007475,-0.002222674,-0.2442876,0.5364979,-0.6129107,-2.149454,42.42789
R,0.02198866,0.8725363,-0.1526633,0.06126949,-0.009625104,-0.2502887,0.08733808,-0.5411329,-0.4386939,42.44157
R,0.02344627,0.8713172,-0.1565478,0.1017314,-0.0850847,-0.2711131,2.823972,-5.266581,-1.453408,42.4559
R,0.02478136,0.8702447,-0.160338,0.09268719,-0.07445461,-0.2631298,-0.6278806,0.7379802,0.5542303,42.47031
R,0.01936794,0.8619717,-0.1619055,-0.4295085,-0.6563966,-0.1243675,-41.43174,-46.1721,11.0096,42.48291
R,0.01558996,0.855767,-0.1638899,-0.2642409,-0.433969,-0.1387928,11.55921,15.55712,-1.008939,42.49721
R,0.01288052,0.8508812,-0.1661249,-0.1901129,-0.3428257,-0.156823,5.201339,6.395251,-1.265126,42.51146
R,0.01473034,0.8528237,-0.1677907,0.1235148,0.1297042,-0.1112247,20.94132,31.55142,3.044658,42.52644
R,0.01667336,0.8545651,-0.1700958,0.1561464,0.1399448,-0.1852463,2.622372,0.822965,-5.9486,42.53888
R,0.01824518,0.8556782,-0.1723111,0.1069685,0.07575204,-0.1507608,-3.346757,-4.368575,2.346879,42.55357
R,0.01953209,0.8563071,-0.1746698,0.08849867,0.04324748,-0.1622037,-1.270132,-2.235277,-0.7869055,42.56812
R,0.02040632,0.8570048,-0.1785251,0.06764295,0.0539865,-0.2982989,-1.613696,0.8309239,-10.53027,42.58104
R,0.02113344,0.8573281,-0.1822312,0.05250961,0.0233428,-0.2676405,-1.092869,-2.212964,2.214026,42.59489
R,0.02173397,0.8573723,-0.1856975,0.04557782,0.003356616,-0.2630781,-0.5260935,-1.516867,0.3462675,42.60806
R,0.02340253,0.8492547,-0.1860561,0.1177081,-0.5726545,-0.02529602,5.088408,-40.63452,16.77426,42.62224
R,0.02491358,0.8420888,-0.1870905,0.09194819,-0.4360456,-0.06294703,-1.567504,8.312725,-2.291083,42.63867
R,0.02449462,0.8387233,-0.1878599,-0.03797653,-0.3050657,-0.0697371,-11.77697,11.87261,-0.6154829,42.6497
R,0.02429343,0.835948,-0.1888922,-0.01449731,-0.1999811,-0.07438411,1.691846,7.572098,-0.3348503,42.66358
R,0.02421932,0.8334278,-0.1901082,-0.005251003,-0.1785557,-0.08615709,0.6550983,1.517981,-0.8341126,42.6777
R,0.02422128,0.834224,-0.190212,0.0001208095,0.04899868,-0.00638571,0.3305607,14.00282,4.908824,42.69395
R,0.02426796,0.8368245,-0.190832,0.003422202,0.1906329,-0.04545385,0.2420135,10.3827,-2.863948,42.70759
R,0.009867309,0.8432875,-0.1938051,-1.193124,0.5354674,-0.2463209,-99.13637,28.57026,-16.64226,42.71966
R,-0.0003226521,0.8475842,-0.1964036,-0.7192345,0.3032781,-0.1834086,33.44839,-16.38853,4.440516,42.73383
R,-0.008070365,0.8504547,-0.1987601,-0.5819531,0.2156071,-0.1770057,10.3116,-6.585227,0.48094,42.74714
R,-0.005670891,0.8502535,-0.1974622,0.1660527,-0.01392143,0.089819,51.76485,-15.88425,18.46528,42.76159
R,-0.0005528238,0.8497032,-0.1947126,0.3612468,-0.03884373,0.1940746,13.77732,-1.759083,7.358635,42.77576
R,-0.0008412242,0.8494865,-0.1948585,-0.02114162,-0.01588716,-0.01069522,-28.03155,1.682865,-15.01095,42.7894
R,-0.001432714,0.849197,-0.1951698,-0.04420054,-0.02162913,-0.02326602,-1.723134,-0.429083,-0.9393843,42.80278
R,-0.01116034,0.8438746,-0.1877526,-0.5894681,-0.3225266,0.4494662,-33.04175,-18.23358,28.6463,42.81928
R,-0.01857185,0.8400162,-0.182498,-0.5631542,-0.2931703,0.3992606,1.999429,2.2306,-3.814805,42.83244
R,-0.02463779,0.8370579,-0.1787193,-0.4507229,-0.2198129,0.2807772,8.354075,5.450736,-8.803775,42.8459
R,-0.01515129,0.8333754,-0.1746984,0.7374934,-0.2862869,0.3125846,92.3736,-5.167779,2.472749,42.85876
R,-0.00869287,0.8302729,-0.1714056,0.3991129,-0.1917285,0.2034869,-20.91099,5.843447,-6.741939,42.87495
R,-0.00583997,0.8314262,-0.1438375,0.2653905,0.1072902,2.564521,-12.43951,27.81617,219.6348,42.8857
R,-0.004148727,0.8318643,-0.1227291,0.1043175,0.02702206,1.301985,-9.935135,-4.951014,-77.8744,42.90191
R,-0.01460139,0.8567704,-0.07826208,-0.818919,1.95128,3.48379,-72.33141,150.757,170.9346,42.91467
R,-0.02235742,0.875377,-0.04304411,-0.5883095,1.411345,2.671348,17.49216,-40.95508,-61.62522,42.92786
R,-0.02845986,0.889466,-0.01452663,-0.3864051,0.892112,1.805721,12.78454,-32.87775,-54.81134,42.94365
R,-0.04349864,0.9073051,0.03013086,-1.231977,1.461382,3.658342,-69.26921,46.63458,151.7667,42.95586
R,-0.05499279,0.9217277,0.06738679,-0.7975447,1.00074,2.585076,30.14391,-31.96252,-74.47063,42.97027
R,-0.0594196,0.9318198,0.1105326,-0.3228887,0.7361097,3.147029,34.6211,-19.30198,40.98849,42.98398
R,-0.06400506,0.9409699,0.1477616,-0.2943317,0.5873301,2.389657,1.833014,-9.54987,-48.61429,42.99956
R,-0.06861849,0.9496121,0.1808887,-0.3669244,0.6873483,2.634724,-5.773584,7.954846,19.4912,43.01213
R,-0.04982809,0.942569,0.2088612,1.308659,-0.4905187,1.948152,116.6961,-82.03262,-47.81636,43.02649
R,-0.03693487,0.9395477,0.2359796,0.9305837,-0.218066,1.957299,-27.28802,19.66461,0.6601993,43.04034
R,-0.01951209,0.9290957,0.2240533,1.371555,-0.8227994,-0.9388561,34.71408,-47.60578,-227.9909,43.05305
R,-0.006835338,0.9230776,0.2219489,0.8499067,-0.4034806,-0.1410936,-34.97362,28.11302,53.48559,43.06796
R,0.002623254,0.919688,0.2261232,0.652847,-0.2339554,0.2881163,-13.60138,11.7009,29.62474,43.08245
R,0.005086707,0.9155897,0.2013211,0.1908332,-0.3174775,-1.921308,-35.79023,-6.470099,-171.1547,43.09536
R,0.007619719,0.9131832,0.1893551,0.1755722,-0.1668058,-0.8294099,-1.057801,10.4436,75.6834,43.10979
R,-0.007660638,0.9114469,0.1707902,-1.163758,-0.1322405,-1.413905,-102.0039,2.632502,-44.51535,43.12292
R,-0.01766287,0.9104659,0.160752,-0.6432837,-0.06309035,-0.6455988,33.47378,4.447327,49.41285,43.13847
R,-0.02875278,0.9131125,0.1471531,-0.7895582,0.1884294,-0.9681909,-10.41417,17.90722,-22.96729,43.15251
R,-0.03676039,0.9152249,0.1390656,-0.6519089,0.1719672,-0.6584118,11.2062,-1.340204,25.21948,43.16479
R,-0.04290889,0.9169766,0.1342308,-0.3861509,0.1100151,-0.3036431,16.69067,-3.890839,22.2809,43.18072
R,-0.04638449,0.9179279,0.1180779,-0.2470465,0.06761795,-1.148156,9.88758,-3.013602,-60.02822,43.19479
R,-0.04956713,0.9188939,0.1071898,-0.2443789,0.07417527,-0.8360376,0.204831,0.5035035,23.96603,43.20781
R,-0.04550071,0.9154352,0.1031438,0.2860945,-0.2433365,-0.2846572,37.32164,-22.33865,38.79256,43.22202
R,-0.04317856,0.9131874,0.09988759,0.1936187,-0.1874205,-0.2715024,-7.710554,4.66223,1.096839,43.23402
R,-0.04217292,0.911913,0.09754733,0.07029895,-0.08908334,-0.1635958,-8.620677,6.874265,7.543213,43.24832
R,-0.04154984,0.9110779,0.09662241,0.04400293,-0.05898101,-0.06531867,-1.857044,2.125847,6.940402,43.26248
R,-0.04129087,0.9105214,0.09576555,0.01760548,-0.03783065,-0.05825185,-1.794589,1.437873,0.4804262,43.27719
R,-0.04046351,0.9079911,0.1000683,0.06509205,-0.1990687,0.3385155,3.735991,-12.68535,31.21554,43.2899
R,-0.03968383,0.90496,0.1049128,0.05699601,-0.2215778,0.3541463,-0.5918372,-1.645465,1.142647,43.30358
R,-0.03954104,0.9045448,0.1076992,0.009861069,-0.02867327,0.1924194,-3.255043,13.32159,-11.16853,43.31806
R,-0.03954952,0.9041789,0.1095681,-0.0005793728,-0.02499267,0.1276503,-0.7131056,0.2513933,-4.423871,43.3327
R,-0.03963495,0.9038427,0.1109168,-0.00622389,-0.02449277,0.09826802,-0.4112496,0.03642174,-2.140742,43.34643
R,-0.03775728,0.9031866,0.1124872,0.1399146,-0.04889141,0.1170126,10.88952,-1.818066,1.396755,43.35985
R,-0.03612182,0.902522,0.1139349,0.1131202,-0.04597213,0.1001397,-1.853299,0.2019189,-1.167057,43.37431
R,-0.03541161,0.9023556,0.1135598,0.05491911,-0.01286412,-0.02901168,-4.50061,2.560197,-9.987094,43.38724
R,-0.03488034,0.9021939,0.1132865,0.03513359,-0.0106939,-0.01807084,-1.30844,0.1435193,0.7235308,43.40236
R,-0.03438197,0.9020084,0.1130514,0.03485765,-0.01297359,-0.01644262,-0.01929936,-0.1594466,0.1138814,43.41666
R,-0.03351017,0.9023709,0.1124049,0.0640878,0.02664926,-0.04753061,2.148768,2.912757,-2.285342,43.43026
R,-0.03255547,0.9027322,0.1117212,0.07815977,0.02957624,-0.05597088,1.152056,0.2396288,-0.6909952,43.44247
R,-0.02940666,0.9055592,0.1072955,0.2182557,0.1959529,-0.306761,9.710549,11.53216,-17.38316,43.4569
R,-0.02668399,0.9079342,0.1035618,0.1823533,0.1590684,-0.2500679,-2.404593,-2.470373,3.797077,43.47183
R,-0.02316234,0.9108022,0.09509824,0.2847559,0.2319026,-0.6843522,8.280143,5.889278,-35.11568,43.4842
R,-0.02043054,0.9129717,0.08881011,0.1754348,0.1393235,-0.4038208,-7.020545,-5.945378,18.01559,43.49977
R,-0.01820503,0.9146957,0.08384661,0.1613398,0.1249827,-0.359832,-1.021827,-1.039647,3.188995,43.51357
R,-0.01615767,0.9185462,0.05796766,0.1478522,0.2780647,-1.868873,-0.9740186,11.05497,-108.9769,43.52741
R,-0.01434279,0.9215887,0.03970568,0.144608,0.242425,-1.455097,-0.2585,-2.839742,32.9693,43.53996
R,-0.01476408,0.9206009,0.01705925,-0.02736383,-0.06416083,-1.470918,-11.16982,-19.91319,-1.027626,43.55536
R,-0.014721,0.9202097,-0.000266467,0.00321737,-0.02921563,-1.293969,2.283954,2.609879,13.21541,43.56875
R,-0.01437273,0.920218,-0.01519361,0.02120247,0.0005043834,-0.9087462,1.094911,1.809318,23.45192,43.58517
R,-0.007864211,0.9229203,-0.02201116,0.5308555,0.2204126,-0.5560607,41.56891,17.93641,28.76615,43.59743
R,-0.00281051,0.9251201,-0.02967954,0.418181,0.1820204,-0.6345397,-9.323531,-3.176861,-6.493938,43.60952
R,0.009786703,0.9269263,-0.03141076,0.7949648,0.1139828,-0.1092506,23.77747,-4.293611,33.14911,43.62537
R,0.01965647,0.9285376,-0.03516741,0.7296391,0.1191219,-0.2777169,-4.82931,0.3799192,-12.45415,43.63889
R,0.0274884,0.9296497,-0.0368606,0.5655904,0.08031164,-0.1222756,-11.84694,-2.80272,11.22535,43.65274
R,0.0341608,0.9307855,-0.04022934,0.4858691,0.08270834,-0.2453035,-5.805128,0.174522,-8.958623,43.66647
R,0.0401072,0.9319395,-0.04464957,0.4850076,0.09412434,-0.3605284,-0.07026874,0.9311253,-9.398105,43.67873
R,0.04065533,0.9310971,-0.05828224,0.04027143,-0.06189567,-1.001604,-32.67515,-11.46292,-47.10036,43.69234
R,0.0422372,0.9308055,-0.06972553,0.1046107,-0.01928292,-0.7567581,4.25483,2.818031,16.19194,43.70747
R,0.03975094,0.9352699,-0.08243869,-0.1762458,0.3164718,-0.9012114,-19.90937,23.80099,-10.24001,43.72157
R,0.03898101,0.9388034,-0.09372971,-0.06179823,0.2836134,-0.9062685,9.186079,-2.637365,-0.4059103,43.73403
R,0.03930052,0.9417086,-0.1041552,0.02335662,0.2123754,-0.7621256,6.224995,-5.207643,10.53715,43.74771
R,0.03976136,0.9433374,-0.1102357,0.03219793,0.1138018,-0.4248286,0.6177233,-6.88712,23.5662,43.76202
R,0.04079005,0.9449611,-0.1171062,0.07339875,0.1158521,-0.4902168,2.939724,0.1462909,-4.665521,43.77604
R,0.04248321,0.946103,-0.1230945,0.1209402,0.08156931,-0.4277418,3.395834,-2.448781,4.462519,43.79004
R,0.04431643,0.9473796,-0.1297344,0.1374618,0.095721,-0.4978832,1.238853,1.06115,-5.259477,43.80338
R,0.04623369,0.9487446,-0.1367706,0.1215771,0.08655736,-0.446179,-1.007277,-0.5810821,3.278651,43.81915
R,0.0492284,0.9533419,-0.1418109,0.2221406,0.3410176,-0.3738803,7.459572,18.87528,5.36295,43.83263
R,0.05197799,0.9571193,-0.1476566,0.2198868,0.3020802,-0.4674785,-0.1802357,-3.113856,-7.485116,43.84513
R,0.05033755,0.953536,-0.1538425,-0.114798,-0.2507592,-0.4328878,-23.42115,-38.68753,2.420649,43.85942
R,0.04973921,0.9514677,-0.1603631,-0.037578,-0.1298964,-0.4095217,4.849725,7.590668,1.467483,43.87534
R,0.05127616,0.9512261,-0.1577325,0.1360237,-0.02138547,0.2328175,15.36417,9.603473,56.84854,43.88664
R,0.0546304,0.9510023,-0.1540057,0.2328639,-0.01553396,0.258728,6.723002,0.4062331,1.798804,43.90105
R,0.05795545,0.9510219,-0.1520616,0.2380234,0.001399508,0.1391658,0.3693433,1.212181,-8.558856,43.91502
R,0.06934024,0.9449888,-0.1905735,0.8478568,-0.4492987,-2.868085,45.41596,-33.56472,-223.9582,43.92844
R,0.07824025,0.9408692,-0.2164675,0.5581536,-0.2583582,-1.623914,-18.16841,11.97461,78.0268,43.94439
R,0.07255251,0.9244946,-0.2074217,-0.398878,-1.148337,0.6343737,-67.11613,-62.41376,158.3726,43.95865
R,0.06924621,0.9128395,-0.2039707,-0.2769094,-0.9761382,0.28903,10.21512,14.42202,-28.92325,43.97059
R,0.06750996,0.9038303,-0.2036102,-0.127492,-0.6615459,0.02647606,10.97168,23.10042,-19.27926,43.98421
R,0.05489632,0.9037498,-0.1864942,-0.8128294,-0.005185287,1.102964,-44.16349,42.29621,69.36946,43.99973
R,0.04639835,0.9026448,-0.175329,-0.6952851,-0.09041432,0.9135078,9.617207,-6.973246,-15.50091,44.01195
R,0.04954853,0.9135736,-0.1666458,0.2291348,0.7949284,0.6315888,67.23949,64.39714,-20.50593,44.0257
R,0.05289601,0.9214964,-0.1609518,0.2375529,0.562242,0.4040727,0.5973919,-16.51255,-16.14564,44.03979
R,0.05525897,0.9267464,-0.1571691,0.1717797,0.3816556,0.2749898,-4.781493,-13.12802,-9.383889,44.05354
R,0.05699459,0.9303316,-0.1545646,0.1261038,0.2604888,0.1892323,-3.318643,-8.803529,-6.230828,44.06731
R,0.05820014,0.9326205,-0.1528847,0.08404957,0.1595786,0.1171241,-2.931983,-7.035375,-5.027318,44.08165
R,0.05032299,0.908639,-0.144246,-0.5468613,-1.664886,0.5997304,-43.80019,-126.6611,33.50433,44.09605
R,0.05092456,0.9079189,-0.1453201,0.0438782,-0.05252243,-0.07834455,43.08815,117.6047,-49.45834,44.10976
R,0.05123487,0.9070524,-0.1457757,0.02161202,-0.06034554,-0.03173257,-1.550729,-0.5448409,3.246294,44.12412
R,0.0514226,0.9064333,-0.145953,0.01377713,-0.04543586,-0.01300917,-0.5749916,1.094201,1.374084,44.13775
R,0.05156713,0.9058999,-0.1460282,0.01053021,-0.0388584,-0.005478304,-0.236565,0.4792224,0.5486856,44.15147
R,0.07133229,0.923643,-0.1742322,1.491456,1.33887,-2.128238,111.7489,103.9618,-160.181,44.16473
R,0.09601597,0.944581,-0.1873833,1.772789,1.503771,-0.9445216,20.20543,11.84326,85.01486,44.17865
R,0.1148701,0.9602926,-0.1979329,1.348937,1.1241,-0.7547794,-30.32484,-27.1639,13.57527,44.19263
R,0.1297057,0.9724619,-0.2064101,1.074918,0.8817372,-0.6142141,-19.85421,-17.56054,10.18473,44.20643
R,0.1420396,0.9824297,-0.2135973,0.8956371,0.7238184,-0.5219107,-13.01866,-11.46744,6.702705,44.2202
R,0.1365732,0.9799308,-0.2042087,-0.3798963,-0.1736686,0.6524836,-88.64619,-62.37297,81.61729,44.23459
R,0.1262221,0.9717727,-0.191842,-0.78697,-0.6202373,0.9402133,-30.94894,-33.95165,21.87547,44.24774
R,0.1205492,0.967251,-0.1836591,-0.4010611,-0.319672,0.5785053,27.28255,21.24903,-25.57163,44.26189
R,0.1176784,0.9649382,-0.1782374,-0.1849928,-0.1490367,0.349377,13.92355,10.99583,-14.76514,44.2774
R,0.1121201,0.9569215,-0.1714311,-0.4127678,-0.5953391,0.505451,-16.91497,-33.1432,11.59033,44.29087
R,0.1063933,0.952587,-0.1677954,-0.4886875,-0.369873,0.3102404,-6.478483,19.23977,-16.65797,44.30259
R,0.1027676,0.9497673,-0.1650495,-0.2485505,-0.1932981,0.1882426,16.46195,12.10462,-8.363228,44.31718
R,0.1005131,0.9479603,-0.1629048,-0.1633564,-0.1309252,0.1553938,6.17278,4.519256,-2.380078,44.33098
R,0.09929398,0.9469415,-0.1614057,-0.04204924,-0.03514186,0.05170796,4.184203,3.303821,-3.576399,44.35997
R,0.0950221,0.9445996,-0.155694,-0.3530409,-0.1935392,0.4720282,-25.70132,-13.09045,34.73658,44.37207
R,0.09337608,0.9436167,-0.1531032,-0.1117866,-0.06675437,0.1759543,16.3843,8.610331,-20.10725,44.3868
R,0.09215891,0.9428545,-0.1510927,-0.08902686,-0.05574689,0.1470479,1.664709,0.8051183,-2.114299,44.40047
R,0.09110337,0.9421668,-0.1492515,-0.07707662,-0.05021762,0.1344468,0.8726138,0.4037512,-0.9201362,44.41416
R,0.09025399,0.941407,-0.1445097,-0.06307597,-0.05642263,0.3521368,1.039713,-0.460795,16.16604,44.42763
R,0.08456906,0.9421186,-0.1388074,-0.3659802,0.04580826,0.3671002,-19.50013,6.58134,0.9633012,44.44316
R,0.08022936,0.9425167,-0.1341581,-0.3500385,0.03211058,0.3750084,1.285858,-1.104851,0.6378726,44.45556
R,0.07672139,0.9427088,-0.1302088,-0.2687305,0.01472092,0.3025403,6.228638,-1.332143,-5.551453,44.46861
R,0.07393222,0.9427698,-0.1269142,-0.1971856,0.004310781,0.232917,5.058003,-0.7359645,-4.922151,44.48276
R,0.07730265,0.9436781,-0.1245015,0.2316568,0.06243036,0.1658256,29.47521,3.994677,-4.611327,44.49731
R,0.0763184,0.9443017,-0.1210262,-0.06585391,0.0417225,0.2325286,-19.90573,-1.385513,4.462933,44.51225
R,0.07506064,0.9447999,-0.1174934,-0.1062911,0.04209986,0.298546,-3.417265,0.03188971,5.57901,44.52409
R,0.07366743,0.9451905,-0.1140315,-0.09692694,0.02717788,0.2408491,0.6514724,-1.038139,-4.014039,44.53846
R,0.07272901,0.9453797,-0.111211,-0.06890811,0.01389181,0.2071084,2.057414,-0.9755923,-2.477572,44.55208
R,0.0716597,0.9455371,-0.1084029,-0.07825586,0.01151591,0.2055072,-0.684103,-0.1738767,-0.1171777,44.56574
R,0.07399184,0.9577229,-0.1090231,0.1597897,0.8349288,-0.04249502,16.31004,56.41734,-16.99224,44.58034
R,0.07534373,0.9668976,-0.1087842,0.09506186,0.6451432,0.01679855,-4.551508,-13.34527,4.169381,44.59456
R,0.07605387,0.9739605,-0.1079835,0.04658663,0.4633383,0.05252909,-3.180053,-11.92669,2.343981,44.6098
R,0.08353641,0.9702036,-0.1068857,0.6290898,-0.3158575,0.09229236,48.97361,-65.51044,3.343073,44.6217
R,0.08978787,0.967698,-0.1054456,0.4455637,-0.1785872,0.102641,-13.08055,9.783738,0.7375856,44.63573
R,0.09185654,0.9690223,-0.1052187,0.1433869,0.09179584,0.01572829,-20.94496,18.74122,-6.024234,44.65015
R,0.09339016,0.9702781,-0.1047452,0.1142129,0.09351917,0.03526778,-2.172666,0.1283414,1.455159,44.66358
R,0.09389521,0.9731942,-0.1050965,0.03350113,0.1934345,-0.02330752,-5.35377,6.627581,-3.885416,44.67866
R,0.0945325,0.9762866,-0.1051517,0.04887727,0.2371727,-0.004231961,1.179275,3.354508,1.463003,44.6917
R,0.09525554,0.9793296,-0.1049406,0.05315173,0.2236925,0.01551655,0.3142242,-0.9909562,1.451754,44.7053
R,0.09255566,0.981462,-0.1054968,-0.1791787,0.141519,-0.0369106,-15.41874,-5.453493,-3.479358,44.72037
R,0.09025826,0.9837581,-0.1057979,-0.1783916,0.1782898,-0.02337618,0.06111846,2.855226,1.050938,44.73325
R,0.08844392,0.9860478,-0.1058708,-0.1320431,0.1666392,-0.005307382,3.373123,-0.8478981,1.314999,44.74699
R,0.08948755,0.9980652,-0.1020105,0.0750774,0.8645161,0.2777066,14.89994,50.20424,20.35961,44.76089
R,0.09000513,1.006358,-0.09942807,0.0375844,0.6021988,0.1875233,-2.722594,-19.04845,-6.548761,44.77466
R,0.09039576,1.013096,-0.09730966,0.02814798,0.4855089,0.152646,-0.679962,-8.408346,-2.513156,44.78854
R,0.0907096,1.018893,-0.09547418,0.0201938,0.373021,0.1181051,-0.5118166,-7.238101,-2.222556,44.80408
R,0.09097579,1.024108,-0.09381396,0.02204082,0.4318245,0.1374664,0.1529332,4.868915,1.603115,44.81615
R,0.0911963,1.02884,-0.09230447,0.0154558,0.3316177,0.105803,-0.4615574,-7.023695,-2.219355,44.83042
R,0.09139237,1.03316,-0.09092318,0.01330876,0.2932823,0.0937586,-0.1457361,-2.602119,-0.8175457,44.84515
R,0.09157819,1.037313,-0.08959174,0.01406205,0.3142501,0.100759,0.05700627,1.586776,0.52977,44.85837
R,0.09176075,1.041432,-0.08826893,0.01128713,0.2546875,0.08178481,-0.1715634,-3.682545,-1.173109,44.87454
R,0.09194311,1.045578,-0.08693692,0.01694069,0.3850992,0.1237341,0.5251767,12.11434,3.896799,44.88531
R,0.09194311,1.045578,-0.08693692,0,0,0,-1.127132,-25.6222,-8.232529,44.90034
R,0.09194311,1.045578,-0.08693692,0,0,0,0,0,0,44.91389
R,0.09194311,1.045578,-0.08693692,0,0,0,0,0,0,44.92748
R,0.09194311,1.045578,-0.08693692,0,0,0,0,0,0,44.94097
R,0.09194311,1.045578,-0.08693692,0,0,0,0,0,0,44.95526
R,0.1159778,1.040591,-0.1347474,1.632264,-0.3386739,-3.246952,110.8519,-23.00034,-220.5101,44.96999
R,0.1159778,1.040591,-0.1347474,0,0,0,-108.6011,22.53333,216.0327,44.98502
R,0.1159778,1.040591,-0.1347474,0,0,0,0,0,0,44.99712
R,0.1159778,1.040591,-0.1347474,0,0,0,0,0,0,45.0108
R,0.1159778,1.040591,-0.1347474,0,0,0,0,0,0,45.02656
R,0.1146195,1.043559,-0.147,-0.1044172,0.2281708,-0.9419217,-8.027077,17.54065,-72.4103,45.03957
R,0.1146195,1.043559,-0.147,0,0,0,7.131926,-15.58458,64.33537,45.05421
R,0.1146195,1.043559,-0.147,0,0,0,0,0,0,45.06579
R,0.1146195,1.043559,-0.147,0,0,0,0,0,0,45.08043
R,0.1052346,1.0326,-0.1562089,-0.6080537,-0.7100608,-0.5966483,-39.39635,-46.00549,-38.65739,45.09586
R,0.1077487,1.036633,-0.1585877,0.1992276,0.3196229,-0.1885144,63.97339,81.59776,32.34277,45.10848
R,0.1098149,1.039997,-0.1608133,0.1387444,0.2259061,-0.1494411,-4.061297,-6.29285,2.623674,45.12337
R,0.1115777,1.04292,-0.1629438,0.1456808,0.241557,-0.1760706,0.5732471,1.293437,-2.200751,45.13548
R,0.1206531,1.044896,-0.168415,0.6364507,0.138535,-0.3836903,34.41743,-7.22488,-14.56026,45.14973
R,0.1274719,1.046456,-0.172667,0.4916165,0.1124863,-0.3065579,-10.44209,-1.87803,5.561,45.1636
R,0.1291244,1.04477,-0.1739197,0.1199323,-0.1223439,-0.09091657,-26.9753,-17.043,15.65035,45.17738
R,0.1304086,1.043845,-0.1750249,0.08996171,-0.06482162,-0.07742351,-2.099572,4.029697,0.9452499,45.19166
R,0.1316351,1.043233,-0.1761304,0.08098532,-0.04039672,-0.07299669,-0.5927218,1.612806,0.292308,45.2068
R,0.1315901,1.037174,-0.1754622,-0.003645189,-0.491443,0.05419438,-6.864289,-36.58387,10.31633,45.21913
R,0.131915,1.031546,-0.1752072,0.0228588,-0.3959424,0.01793982,1.864697,6.718978,-2.550703,45.23335
R,0.1322381,1.030602,-0.1756299,0.02007672,-0.05870673,-0.02627134,-0.1729031,20.95882,-2.747674,45.24944
R,0.1326151,1.029871,-0.1760646,0.03325307,-0.06445576,-0.03833829,1.162215,-0.5070899,-1.064361,45.26077
R,0.1330545,1.02918,-0.1765453,0.02871366,-0.04517697,-0.03141065,-0.2966047,1.259676,0.4526521,45.27608
R,0.1302641,1.021573,-0.1871609,-0.2228824,-0.6075469,-0.8478979,-20.09579,-44.91831,-65.21549,45.2886
R,0.1284959,1.015877,-0.195028,-0.1198304,-0.3860522,-0.5331739,6.984092,15.01124,21.32963,45.30335
R,0.1218196,1.00372,-0.2042226,-0.4510762,-0.8213273,-0.6212176,-22.37993,-29.40844,-5.94849,45.31815
R,0.1170794,0.9945034,-0.2115455,-0.3296056,-0.6408985,-0.5091895,8.446363,12.54598,7.789783,45.33253
R,0.1000605,0.9777538,-0.2094805,-1.198011,-1.179058,0.1453599,-61.1298,-37.88274,46.07578,45.34674
R,0.08771025,0.9648076,-0.2088927,-1.05115,-1.101867,0.0500279,12.49959,6.569886,-8.113869,45.35849
R,0.07790074,0.9539232,-0.2092549,-0.6358808,-0.7055591,-0.02347421,26.91899,25.68983,-4.764623,45.37392
R,0.06250913,0.9421641,-0.2032551,-1.291556,-0.9867408,0.5034611,-55.01961,-23.59478,44.21669,45.38583
R,0.05023474,0.9318256,-0.199429,-0.8607965,-0.7250326,0.268319,30.20893,18.35346,-16.49039,45.40009
R,0.03942713,0.9229919,-0.1888414,-0.7787656,-0.6365319,0.7629095,5.91091,6.377109,35.63879,45.41397
R,0.02983477,0.9145234,-0.1811759,-0.6079737,-0.5367429,0.4858474,10.82497,6.324732,-17.56049,45.42975
R,0.0122227,0.9098475,-0.1671344,-1.249161,-0.3316465,0.9959162,-45.4771,14.54675,36.17735,45.44385
R,-0.002360001,0.9043567,-0.1563241,-1.033181,-0.3890245,0.7659059,15.30214,-4.065213,-16.29617,45.45796
R,-0.01525606,0.8983848,-0.1477106,-1.004942,-0.4653639,0.6712201,2.200515,-5.94885,-7.378511,45.47079
R,-0.01171782,0.8828207,-0.1670637,0.2478702,-1.090339,-1.355775,87.76517,-43.7823,-142.0001,45.48507
R,-0.01172603,0.8699048,-0.1794661,-0.0005686297,-0.8943022,-0.8587435,-17.20199,13.57363,34.41461,45.49951
R,-0.01585533,0.8595029,-0.1847761,-0.311592,-0.7849156,-0.4006897,-23.46946,8.254183,34.56421,45.51276
R,-0.02085122,0.849621,-0.1886555,-0.4126164,-0.8161528,-0.3203987,-8.343718,-2.579907,6.631323,45.52487
R,-0.02637613,0.8400807,-0.1915908,-0.3963659,-0.684434,-0.2105826,1.165843,9.449721,7.878386,45.53881
R,-0.04822642,0.8937471,-0.05567703,-1.535636,3.771666,9.552002,-80.0678,313.1742,686.1134,45.55304
R,-0.06386054,0.9318671,0.04732231,-1.020008,2.487043,6.719924,33.64086,-83.81189,-184.7716,45.56837
R,-0.04617765,0.9480067,0.1301958,1.286914,1.174595,6.031311,167.8916,-95.51646,-50.11549,45.58211
R,-0.03437234,0.9586665,0.1922728,0.9177614,0.8287088,4.825952,-28.69843,-26.88967,-93.70629,45.59497
R,-0.02651999,0.9664227,0.2413167,0.3860551,0.3813268,2.411211,-26.14096,-21.99522,-118.719,45.61531
R,-0.009597124,0.9694827,0.2291639,0.7630252,0.1379725,-0.54795,16.99698,-10.97246,-133.4238,45.63749
R,0.01356271,0.9765334,0.1784983,1.819908,0.5540411,-3.98132,83.05017,32.69482,-269.7953,45.65022
R,0.02400945,0.9801087,0.1690654,0.6718718,0.2299474,-0.6066676,-73.83482,-20.84378,217.0375,45.66576
R,0.005727082,0.9778553,0.158648,-1.360764,-0.1677225,-0.7753695,-151.29,-29.59875,-12.55655,45.6792
R,-0.006308385,0.9768351,0.1531153,-0.982262,-0.08326685,-0.4515465,30.89107,6.892761,26.42848,45.69145
R,-0.0146946,0.9766194,0.1505555,-0.6103263,-0.01569441,-0.1862984,27.06849,4.917743,19.30405,45.70519
R,-0.02487989,0.9804073,0.1462313,-0.6691762,0.2488644,-0.2841018,-3.866455,17.38158,-6.42571,45.72041
R,-0.03246377,0.9835889,0.1440607,-0.5916874,0.2482282,-0.1693417,6.045601,-0.04962914,8.953474,45.73323
R,-0.03408361,0.9856138,0.1418107,-0.1214616,0.1518342,-0.1687151,35.2594,-7.228006,0.04698562,45.74657
R,-0.03565706,0.9872857,0.1409223,-0.1088316,0.1156374,-0.06144871,0.873587,-2.503639,7.419327,45.76102
R,-0.03712919,0.9887251,0.140678,-0.1067817,0.1044073,-0.01771972,0.1486872,-0.8145779,3.171913,45.77481
R,-0.03517551,0.9873241,0.1391461,0.125219,-0.089796,-0.09818918,14.86983,-12.44725,-5.157601,45.79041
R,-0.0326969,0.9855814,0.1371458,0.2090579,-0.1469846,-0.1687141,7.071388,-4.823567,-5.948415,45.80227
R,-0.02706699,0.9813232,0.133118,0.3566575,-0.2697559,-0.2551636,9.350493,-7.777615,-5.476616,45.81805
R,-0.02333931,0.9785985,0.1304476,0.2678697,-0.1957965,-0.1918945,-6.380262,5.314698,4.546496,45.83197
R,-0.01343811,0.9784604,0.1266195,0.7952021,-0.01109643,-0.3074484,42.35204,14.83395,-9.280565,45.84442
R,-0.006106275,0.9784579,0.1238225,0.4948498,-0.0001649395,-0.1887773,-20.27177,0.7378025,8.00951,45.85924
R,-0.0005151177,0.9785324,0.1216664,0.4433419,0.005907819,-0.1709611,-4.084241,0.4815297,1.412707,45.87185
R,0.004717878,0.9781945,0.1212409,0.3390505,-0.02189276,-0.02757015,-6.757131,-1.801225,9.290427,45.88728
R,0.008817059,0.978021,0.1207392,0.3131048,-0.01325302,-0.03831983,-1.981794,0.6599231,-0.8210853,45.90038
R,0.01435057,0.9804125,0.1193892,0.3588761,0.155098,-0.0875577,2.968497,10.91841,-3.193323,45.91579
R,0.01905171,0.9822056,0.1182058,0.4354681,0.1660943,-0.1096207,7.094749,1.018589,-2.043704,45.92659
R,0.02309433,0.9835727,0.1171559,0.2909797,0.09840061,-0.07556803,-10.39999,-4.872459,2.451044,45.94048
R,0.02574559,0.9843637,0.1204307,0.1634554,0.04876749,0.2018963,-7.86212,-3.059977,17.10621,45.9567
R,0.02855224,0.9851322,0.1228853,0.2421814,0.06631625,0.2118067,6.793139,1.514253,0.855155,45.96829
R,0.03121107,0.9883953,0.1193046,0.1871635,0.2297009,-0.2520564,-3.872878,11.50116,-32.65277,45.9825
R,0.03432209,0.9914944,0.1160201,0.197466,0.1967085,-0.2084793,0.6539299,-2.09413,2.765978,45.99825
R,0.03749062,0.9941323,0.1133195,0.2613632,0.2175897,-0.2227638,5.270694,1.722425,-1.178288,46.01038
R,0.04037077,0.9932289,0.1094787,0.1920177,-0.06022698,-0.2560616,-4.623221,-18.52186,-2.21994,46.02538
R,0.04329572,0.9928284,0.106295,0.2303954,-0.03154578,-0.2507794,3.02298,2.259196,0.4160743,46.03807
R,0.05065579,0.9904126,0.1107363,0.4785217,-0.1570677,0.2887588,16.13215,-8.160914,35.07854,46.05345
R,0.05719071,0.9888138,0.1138128,0.5702699,-0.1395223,0.2684689,8.006411,1.531097,-1.7706,46.06491
R,0.06285567,0.9878165,0.1158041,0.3960091,-0.06971667,0.139199,-12.18172,4.879767,-9.036621,46.07922
R,0.06023424,0.9876041,0.1100274,-0.1864328,-0.0151036,-0.4108286,-41.42259,3.884017,-39.11732,46.09328
R,0.0579375,0.9874045,0.1028392,-0.1680838,-0.01460427,-0.5260613,1.342849,0.03654285,-8.433151,46.10694
R,0.05902165,0.9865273,0.1044006,0.07494808,-0.06064577,0.107938,16.80099,-3.182886,43.82888,46.12141
R,0.06163217,0.9848807,0.107163,0.1849543,-0.1166554,0.1957147,7.793914,-3.968267,6.218961,46.13552
R,0.06461782,0.9842976,0.1058081,0.1912685,-0.03735567,-0.0867976,0.404504,5.080144,-18.09846,46.15113
R,0.06795304,0.9837508,0.1043419,0.2842349,-0.0466007,-0.1249467,7.922816,-0.7878837,-3.251153,46.16286
R,0.07136723,0.9832664,0.1029104,0.2138103,-0.03033923,-0.08964919,-4.410274,1.018358,2.210469,46.17883
R,0.07528859,0.9828749,0.1038482,0.2748564,-0.02743984,0.06573363,4.278843,0.2032237,10.89109,46.1931
R,0.07903171,0.9825277,0.1044071,0.276872,-0.02568161,0.04133802,0.1490922,0.1300535,-1.804504,46.20662
R,0.07869256,0.9837959,0.1035622,-0.02384824,0.08917734,-0.05941262,-21.14593,8.076605,-7.084543,46.22084
R,0.07864842,0.9850867,0.1026079,-0.003251915,0.09510697,-0.07030976,1.517483,0.4368797,-0.8028724,46.23441
R,0.08478394,0.9902298,0.1032986,0.533286,0.4470221,0.06003463,46.63468,30.58768,11.32924,46.24592
R,0.09050842,0.9944984,0.1037273,0.3690695,0.275209,0.02764253,-10.5874,-11.07717,-2.08839,46.26143
R,0.09542117,0.9977567,0.1039254,0.3763435,0.2495982,0.01517353,0.5572285,-1.961932,-0.9551938,46.27448
R,0.09533536,0.9978229,0.1034555,-0.00624783,0.004822049,-0.03421821,-27.85945,-17.82405,-3.596597,46.28822
R,0.09556697,0.9979544,0.1031745,0.01668907,0.009478938,-0.02024904,1.652768,0.3355623,1.006579,46.30209
R,0.09831218,1.005456,0.0932489,0.1919037,0.5244209,-0.6938474,12.24839,35.99705,-47.08794,46.3164
R,0.101044,1.011304,0.08603136,0.1861984,0.3985797,-0.4919483,-0.3888689,-8.577355,13.76148,46.33107
R,0.1037475,1.016012,0.08041552,0.2127042,0.3704138,-0.4418248,2.085335,-2.215943,3.943453,46.34378
R,0.09084796,1.029868,0.06582801,-0.9017463,0.9685833,-1.019741,-77.90574,41.81508,-40.39924,46.35809
R,0.0824546,1.040814,0.05489854,-0.53198,0.6938014,-0.6927214,23.43617,-17.41597,20.72682,46.37386
R,0.1011593,1.042201,0.07428629,1.612937,0.1195621,1.671836,184.9596,-49.51756,203.8996,46.38546
R,0.1152461,1.044229,0.08767435,0.8792294,0.1265699,0.835619,-45.79453,0.4373968,-52.19271,46.40148
R,0.1152205,1.045376,0.05530263,-0.002019562,0.09050459,-2.554501,-69.54068,-2.845971,-267.5194,46.41415
R,0.115859,1.047213,0.03286673,0.0486595,0.1400073,-1.70972,3.86198,3.772334,64.37617,46.42728
R,0.1171095,1.049494,0.01549219,0.08635683,0.1575013,-1.19985,2.603301,1.208102,35.21061,46.44176
R,0.1063061,1.039924,-0.002261871,-0.7879979,-0.6979862,-1.294969,-63.77486,-62.3987,-6.937943,46.45547
R,0.099264,1.033926,-0.01702663,-0.5147895,-0.4385109,-1.079334,19.9721,18.96819,15.76339,46.46915
R,0.09145925,1.020059,-0.01842865,-0.4897,-0.8700784,-0.08796834,1.574211,-27.07823,62.20214,46.48508
R,0.08591185,1.010503,-0.02202169,-0.3886207,-0.6694365,-0.2517087,7.081062,14.05587,-11.47075,46.49936
R,0.08172373,1.003362,-0.02687581,-0.3378119,-0.5759904,-0.3915316,4.098226,7.537332,-11.27807,46.51176
R,0.08735874,0.9878901,-0.02155226,0.4215701,-1.157467,0.3982689,56.81148,-43.50191,59.08717,46.52512
R,0.09113321,0.9764598,-0.01964275,0.2462556,-0.7457379,0.1245814,-11.43794,26.86222,-17.85604,46.54045
R,0.0888546,0.9660295,-0.01196914,-0.1631137,-0.7466548,0.5493151,-29.30467,-0.06563609,30.40454,46.55442
R,0.08707448,0.9573162,-0.007733641,-0.1318961,-0.6455978,0.3138241,2.313029,7.4877,-17.44843,46.56792
R,0.08307125,0.9497804,-0.001960948,-0.2646046,-0.4981011,0.3815625,-8.771744,9.749216,4.477362,46.58305
R,0.07997707,0.942874,0.001446664,-0.2296498,-0.5125947,0.252912,2.594336,-1.075714,-9.548401,46.59652
R,0.07744702,0.9363536,0.003320029,-0.2218182,-0.5716659,0.1642445,0.686626,-5.178987,-7.773796,46.60793
R,0.07276207,0.9298117,0.0006781783,-0.2996903,-0.418474,-0.1689959,-4.981385,9.799502,-21.31698,46.62356
R,0.06899861,0.9235123,-0.001584914,-0.2936221,-0.4914714,-0.1765643,0.4734352,-5.695187,-0.590482,46.63638
R,0.05930712,0.9160153,-0.006234587,-0.6438331,-0.4980479,-0.308891,-23.26551,-0.4368961,-8.790835,46.65143
R,0.05181992,0.9089913,-0.01000114,-0.5482466,-0.5143287,-0.2758043,6.999284,-1.192159,2.422755,46.66508
R,0.04560358,0.9022275,-0.01322816,-0.4829808,-0.5255215,-0.2507242,5.070845,-0.8696234,1.948612,46.67796
R,0.04113531,0.9059044,-0.01855253,-0.2922483,0.2404917,-0.3482418,12.4749,50.10123,-6.37816,46.69324
R,0.03690752,0.9068939,-0.02297332,-0.3043081,0.07122203,-0.3181997,-0.8680413,-12.1837,2.162372,46.70714
R,0.03829719,0.9104958,-0.0240593,0.1114731,0.2889286,-0.08711173,33.35206,17.46343,18.53682,46.7196
R,0.03866804,0.9123268,-0.02531261,0.02667859,0.1317191,-0.09016159,-6.099989,-11.30942,-0.2194023,46.73351
R,0.03843529,0.9131023,-0.02665472,-0.01394917,0.04647848,-0.08043557,-2.434916,-5.108669,0.5829028,46.75019
R,0.04155825,0.9140846,-0.02204162,0.2821041,0.08872653,0.4167109,26.74314,3.816359,44.90832,46.76126
R,0.04463782,0.9145533,-0.01709912,0.194434,0.02959793,0.3120538,-5.535207,-3.73319,-6.60771,46.7771
R,0.04989601,0.9174765,-0.01067626,0.4169393,0.2317897,0.5092902,17.6432,16.03248,15.63955,46.78971
R,0.05330457,0.9190173,-0.006271402,0.2583965,0.1167989,0.3339236,-12.01881,-8.717223,-13.29419,46.8029
R,0.05629523,0.9243857,-0.004704991,0.2078429,0.3730945,0.1088614,-3.513341,17.81186,-15.64122,46.81729
R,0.05813596,0.9276326,-0.003666699,0.1285395,0.226729,0.0725045,-5.537806,-10.22079,-2.538827,46.83161
R,0.05929996,0.9295971,-0.002931919,0.07815977,0.131916,0.04933867,-3.382872,-6.36646,-1.555529,46.8465
R,0.06263491,0.9379843,-0.005560387,0.2367918,0.595519,-0.1866297,11.26339,32.91732,-16.75452,46.86059
R,0.06512412,0.9441619,-0.007359378,0.1951355,0.4842722,-0.1410271,-3.265533,-8.720897,3.574895,46.87334
R,0.0670643,0.9458818,-0.005997994,0.1465722,0.1299352,0.1028468,-3.668758,-26.76868,18.42366,46.88658
R,0.068455,0.9472108,-0.005109935,0.09768556,0.09334807,0.06237927,-3.433906,-2.569959,-2.842532,46.90082
R,0.06961662,0.9484217,-0.00444394,0.08398007,0.08754481,0.04814852,-0.9908473,-0.4195502,-1.028821,46.91465
R,0.07429125,0.9580793,-0.003993543,0.3405858,0.7036331,0.03281517,18.69585,44.88712,-1.117162,46.92838
R,0.07795057,0.9655609,-0.00361448,0.2454625,0.5018552,0.02542711,-6.380755,-13.53502,-0.4955821,46.94328
R,0.07897464,0.9674847,-0.006233603,0.07469535,0.1403207,-0.1910371,-12.45565,-26.37009,-15.78876,46.95699
R,0.07991266,0.9691981,-0.007852511,0.06095599,0.1113465,-0.1052025,-0.8928333,-1.882846,5.577845,46.97238
R,0.08656484,0.9731599,-0.007770471,0.5480289,0.3263867,0.006758752,40.12673,17.71574,9.223753,46.98452
R,0.09197761,0.9767988,-0.007745507,0.3996974,0.2687104,0.001843434,-10.9533,-4.259017,-0.3629637,46.99806
R,0.09644234,0.9801535,-0.00776492,0.2809415,0.2110913,-0.001221553,-7.47267,-3.62566,-0.1928631,47.01395
R,0.1001725,0.9827154,-0.004328577,0.2884506,0.1981056,0.2657276,0.5806692,-1.004161,20.64281,47.02689
R,0.1035,0.9852642,-0.001861822,0.2502241,0.1916729,0.1854977,-2.874599,-0.483734,-6.033216,47.04018
R,0.1031974,0.9873956,-0.005676922,-0.02259218,0.1590885,-0.2847681,-20.36366,-2.432181,-35.10175,47.05358
R,0.103463,0.9900094,-0.009244096,0.01974783,0.1943243,-0.2652051,3.147811,2.619642,1.454435,47.06703
R,0.1042419,0.9928203,-0.01223189,0.05512463,0.1989361,-0.211456,2.50373,0.3263933,3.803996,47.08116
R,0.1063998,0.9996569,-0.01345565,0.1369078,0.4337299,-0.0776379,5.188521,14.89588,8.489739,47.09692
R,0.1085508,1.00546,-0.01451363,0.1492492,0.4026477,-0.07341053,0.856328,-2.156697,0.2933249,47.11134
R,0.1096246,1.007872,-0.01588279,0.08274315,0.1858833,-0.1055013,-5.124677,-16.70297,-2.472779,47.12431
R,0.110817,1.010256,-0.01700734,0.0944333,0.1887934,-0.08906176,0.925832,0.2304758,1.301968,47.13694
R,0.1121629,1.012801,-0.01805181,0.08972751,0.1696894,-0.06963409,-0.3137319,-1.273654,1.29523,47.15194
R,0.113217,1.013426,-0.01883785,0.070312,0.04170642,-0.05243196,-1.295079,-8.536888,1.147439,47.16693
R,0.1143836,1.014414,-0.01962537,0.08453123,0.07154333,-0.05705994,1.030261,2.161848,-0.3353226,47.18073
R,0.112003,1.013208,-0.02129545,-0.2022257,-0.1023979,-0.1418671,-24.35891,-14.77565,-7.204043,47.1925
R,0.1090643,1.012067,-0.0237187,-0.1954235,-0.07588946,-0.1611466,0.4523461,1.76282,-1.282092,47.20754
R,0.103102,1.005766,-0.02508646,-0.4509493,-0.476585,-0.1034476,-19.32618,-30.30581,4.363948,47.22076
R,0.0990408,1.001728,-0.0263223,-0.2296401,-0.2283083,-0.06988098,12.514,14.03888,1.898033,47.23845
R,0.09646207,0.9993707,-0.027356,-0.2282235,-0.2086534,-0.09148465,0.1253679,1.739513,-1.911976,47.24975
R,0.092309,0.9879222,-0.02406532,-0.3410724,-0.9402118,0.2702476,-9.267751,-60.07947,29.70737,47.26192
R,0.08918459,0.9798529,-0.02192394,-0.2198188,-0.5677167,0.1506573,8.530838,26.20702,-8.413816,47.27614
R,0.08178476,0.967535,-0.02222487,-0.5161842,-0.8592502,-0.02099155,-20.67334,-20.33629,-11.97358,47.29047
R,0.0761696,0.9583051,-0.02254714,-0.3801607,-0.624887,-0.02181818,9.209126,15.86697,-0.05596482,47.30524
R,0.06799743,0.9423687,-0.02368447,-0.6511505,-1.269795,-0.09062188,-21.5922,-51.38563,-5.482213,47.31779
R,0.06150837,0.9300549,-0.02460304,-0.3793636,-0.719893,-0.05370146,15.88923,32.14841,2.158445,47.3349
R,0.05605992,0.9198778,-0.02538066,-0.5345353,-0.9984562,-0.07629066,-15.22355,-27.32922,-2.216176,47.34509
R,0.05320711,0.9149736,-0.02844782,-0.1717608,-0.2952709,-0.1846661,21.84179,42.33712,-6.525027,47.3617
R,0.05020152,0.9097213,-0.03080444,-0.2191041,-0.3828864,-0.1717946,-3.451267,-6.387064,0.9383147,47.37542
R,0.06010047,0.9060567,-0.024274,0.7285091,-0.2696913,0.4806049,69.73922,8.330544,48.01308,47.38901
R,0.06659531,0.9017898,-0.0196654,0.5443044,-0.3575867,0.3862264,-15.43739,-7.366126,-7.909444,47.40094
R,0.07076064,0.8971455,-0.01636214,0.3044941,-0.3395148,0.2414754,-17.53062,1.321095,-10.5816,47.41462
R,0.06855309,0.8986357,-0.02236986,-0.1602146,0.1081594,-0.4360152,-33.72664,32.49034,-49.16946,47.4284
R,0.06524963,0.8992774,-0.03067059,-0.2270536,0.0441015,-0.5705265,-4.593977,-4.402833,-9.245241,47.44295
R,0.06915441,0.9026359,-0.03466438,0.2700832,0.2322972,-0.2762395,34.3856,13.01698,20.35503,47.45741
R,0.0717664,0.9040048,-0.03763013,0.1981241,0.1038366,-0.2249575,-5.458233,-9.74397,3.889836,47.47059
R,0.07346354,0.9041731,-0.0398374,0.1158585,0.01149089,-0.1506828,-5.615999,-6.304136,5.070483,47.48524
R,0.07684273,0.9082068,-0.04170597,0.2653787,0.3167784,-0.146745,11.74231,23.97522,0.3092479,47.49797
R,0.0794043,0.9106112,-0.04338242,0.1786855,0.1677172,-0.1169427,-6.047391,-10.39795,2.078899,47.51231
R,0.08397692,0.918514,-0.05225035,0.3438565,0.5942834,-0.6668605,12.42071,32.07738,-41.35331,47.5256
R,0.08748444,0.9238813,-0.05896457,0.2453246,0.3754044,-0.469608,-6.891551,-15.30892,13.79631,47.5399
R,0.08837083,0.9280285,-0.06339855,0.06597426,0.3086803,-0.3300238,-13.34912,-4.966306,10.38932,47.55334
R,0.08932795,0.9310023,-0.06730348,0.06219739,0.193248,-0.2537562,-0.2454343,-7.501207,4.956146,47.56873
R,0.09029987,0.9331324,-0.07069106,0.07578264,0.1660842,-0.2641389,1.059278,-2.118037,-0.809572,47.58155
R,0.09145007,0.9391415,-0.07638084,0.07901455,0.4128055,-0.3908651,0.2220195,16.94877,-8.70558,47.59611
R,0.09260124,0.9437578,-0.08126438,0.08651705,0.346944,-0.3670268,0.5638573,-4.949884,1.791587,47.60941
R,0.09428466,0.9440063,-0.08342744,0.1285087,0.01896931,-0.1651238,3.205549,-25.03686,15.41283,47.62251
R,0.09566528,0.9444643,-0.08557381,0.09589823,0.03181306,-0.149088,-2.265139,0.8921335,1.113854,47.63691
R,0.09699297,0.9451164,-0.08790729,0.08216404,0.04035352,-0.1444068,-0.8499377,0.5285243,0.2896988,47.65307
R,0.09798206,0.9450238,-0.08916121,0.07643963,-0.007158387,-0.09690656,-0.4424001,-3.671864,3.670959,47.66601
R,0.09902478,0.9451489,-0.09072373,0.08213454,0.00985483,-0.1230786,0.4485838,1.340118,-2.061549,47.6787
R,0.1004489,0.9465524,-0.09407011,0.09484714,0.09347609,-0.2228746,0.8466802,5.569312,-6.646577,47.69372
R,0.1017442,0.9451531,-0.09555516,0.09167454,-0.09903146,-0.1051012,-0.224535,-13.62438,8.335199,47.70785
R,0.1030673,0.9440778,-0.09729367,0.1069839,-0.08694961,-0.1405738,1.237895,0.9769228,-2.868268,47.72021
R,0.1044334,0.9432585,-0.09926048,0.08575463,-0.05142855,-0.1234645,-1.332645,2.229797,1.074016,47.73615
R,0.1058258,0.9426455,-0.1013913,0.1237354,-0.05447034,-0.1893492,3.375065,-0.2703006,-5.854666,47.7474
R,0.1041398,0.9417554,-0.103985,-0.116555,-0.0615358,-0.1793048,-16.61147,-0.4884409,0.6943751,47.76186
R,0.1022314,0.9412038,-0.1071913,-0.1223794,-0.03537029,-0.2056051,-0.3734931,1.67787,-1.686513,47.77746
R,0.1008134,0.9407824,-0.1103688,-0.1016758,-0.03022001,-0.2278308,1.484503,0.3692871,-1.593632,47.7914
R,0.09982423,0.9404755,-0.1133675,-0.08512509,-0.02641271,-0.2580799,1.424379,0.3276629,-2.603292,47.80302
R,0.0991387,0.9402503,-0.1162001,-0.04769347,-0.01566647,-0.197063,2.60416,0.7476285,4.245017,47.8174
R,0.09590103,0.9413692,-0.1231528,-0.2330413,0.0805361,-0.5004462,-13.34097,6.924472,-21.83693,47.83129
R,0.09722811,0.9390275,-0.1227687,0.08843078,-0.1560355,0.02559468,21.42145,-15.76407,35.05299,47.8463
R,0.09846973,0.9368695,-0.1228274,0.08825445,-0.1533945,-0.004172104,-0.01253379,0.1877277,-2.11583,47.86037
R,0.0979269,0.9359977,-0.123302,-0.03732918,-0.05995049,-0.03263594,-8.636148,6.425965,-1.957404,47.87491
R,0.09743665,0.9351879,-0.1239844,-0.04235848,-0.06996745,-0.05896326,-0.4345423,-0.8654867,-2.274736,47.88648
R,0.09696263,0.9343565,-0.1248966,-0.03322506,-0.05827624,-0.06393246,0.6401795,0.8194602,-0.3483012,47.90075
R,0.08989208,0.9369058,-0.1306359,-0.491124,0.1770751,-0.3986611,-31.8059,16.34762,-23.25042,47.91515
R,0.0843096,0.9388738,-0.1356033,-0.4227077,0.1490152,-0.3761306,5.180509,-2.124703,1.706018,47.92835
R,0.08455928,0.9400226,-0.13671,0.01583288,0.07285241,-0.07017455,27.80861,-4.829613,19.4012,47.94412
R,0.0845432,0.9407805,-0.1377591,-0.00113783,0.05360817,-0.07421137,-1.200424,-1.361242,-0.2855452,47.95826
R,0.08490219,0.9405785,-0.1375766,0.02940857,-0.01654785,0.01495483,2.502361,-5.747181,7.304496,47.97047
R,0.0853197,0.9403231,-0.1374251,0.03100489,-0.01896689,0.01124734,0.1185457,-0.1796421,-0.2753247,47.98393
R,0.08602047,0.9398714,-0.1372931,0.04482751,-0.02889748,0.008440665,0.8842157,-0.6352476,-0.1795398,47.99957
R,0.08654077,0.9380462,-0.1362783,0.04281059,-0.1501785,0.08350253,-0.1659519,-9.979001,6.176088,48.01172
R,0.08697882,0.9361612,-0.1354196,0.02869366,-0.1234734,0.05624824,-0.9247046,1.749271,-1.785244,48.02699
R,0.08753872,0.9365392,-0.1356763,0.03964707,0.02676763,-0.01818168,0.7756265,10.63879,-5.270492,48.04111
R,0.08814491,0.9369863,-0.136059,0.04898527,0.0361292,-0.03092608,0.7546095,0.7564982,-1.029861,48.05348
R,0.08889671,0.9375693,-0.1366512,0.05037884,0.03906649,-0.03967959,0.09338404,0.1968288,-0.5865744,48.06841
R,0.08981843,0.9377286,-0.1365409,0.06931241,0.01198096,0.008290976,1.423787,-2.036807,3.607342,48.0817
R,0.09068049,0.9378806,-0.136504,0.05686523,0.01002611,0.002438703,-0.8210753,-0.1289513,-0.3860439,48.09686
R,0.09141356,0.9383993,-0.136361,0.0533509,0.03775246,0.01040438,-0.2557639,2.017851,0.5797205,48.1106
R,0.09209498,0.9389008,-0.1362812,0.05610266,0.04129044,0.006573394,0.226557,0.2912871,-0.3154111,48.12275
R,0.09272203,0.9393759,-0.1362557,0.04169887,0.03159484,0.001694492,-0.9578552,-0.6447594,-0.3244483,48.13779
R,0.09530086,0.9400005,-0.1362997,0.1958359,0.04743174,-0.003339323,11.70512,1.20265,-0.3822666,48.15096
R,0.09783682,0.9406285,-0.1364116,0.1903743,0.04714347,-0.008406492,-0.4099974,-0.02164042,-0.3803917,48.16428
R,0.09899176,0.9414698,-0.1371974,0.07680359,0.05594796,-0.05225378,-7.552482,0.585501,-2.915856,48.17931
R,0.09997001,0.9421831,-0.1378891,0.07211513,0.05257839,-0.05098996,-0.3456279,-0.2484009,0.0931667,48.19288
R,0.1002455,0.9424436,-0.137977,0.02098333,0.01984221,-0.006696915,-3.894217,-2.4932,3.373375,48.20601
R,0.1004604,0.9426391,-0.1380574,0.01307342,0.01189647,-0.004893694,-0.4813216,-0.4835021,0.1097269,48.22244
R,0.1006674,0.9428211,-0.1381443,0.01653019,0.01453068,-0.006933475,0.2759352,0.2102746,-0.1628247,48.23497
R,0.1010422,0.9439775,-0.1384033,0.02916756,0.09000149,-0.02015755,0.983613,5.874174,-1.029279,48.24782
R,0.1015284,0.9453971,-0.138746,0.03220386,0.09402634,-0.02270125,0.2010991,0.266572,-0.1684732,48.26292
R,0.1047923,0.9469578,-0.1382649,0.2313703,0.1106341,0.03410944,14.11852,1.177293,4.0272,48.27702
R,0.1079816,0.9484866,-0.1378405,0.2207093,0.1057946,0.02937009,-0.7377821,-0.3349125,-0.3279811,48.29147
R,0.1107024,0.9498055,-0.1375196,0.2013687,0.09761434,0.02374629,-1.431399,-0.6054235,-0.4162181,48.30499
R,0.109142,0.9533141,-0.139198,-0.1111519,0.2499321,-0.119561,-22.26234,10.85032,-10.20846,48.31902
R,0.1078138,0.9568363,-0.1408335,-0.1109615,0.2942459,-0.1366266,0.01590508,3.701916,-1.425641,48.33099
R,0.1092571,0.9624755,-0.1413238,0.1046943,0.4090386,-0.0355659,15.64275,8.326569,7.330511,48.34478
R,0.1105247,0.9670877,-0.1417643,0.08879934,0.323106,-0.03085332,-1.113515,-6.019972,0.3301374,48.35905
R,0.1115971,0.9707637,-0.1421533,0.07175018,0.2459562,-0.0260317,-1.140718,-5.161908,0.3226032,48.374
R,0.1137237,0.9721881,-0.141799,0.1529869,0.1024672,0.02548603,5.844052,-10.32238,3.706109,48.3879
R,0.1155254,0.973645,-0.1415796,0.1260183,0.101896,0.01535194,-1.886253,-0.03995308,-0.7088024,48.4022
R,0.1152677,0.9743698,-0.1401046,-0.02079267,0.05846154,0.1189687,-11.84172,-3.503411,8.3577,48.4146
R,0.1151329,0.9753124,-0.1387232,-0.00903945,0.06323167,0.09266249,0.7883919,0.3199747,-1.764592,48.4295
R,0.11659,0.9773159,-0.1365101,0.1016977,0.1398304,0.1544622,7.728722,5.346088,4.313214,48.44383
R,0.1180875,0.9794827,-0.1344699,0.1040717,0.1505833,0.1417838,0.1649894,0.7472919,-0.8811151,48.45822
R,0.119489,0.9816042,-0.1327362,0.1033135,0.156395,0.1278089,-0.05589639,0.4284352,-1.030218,48.47179
R,0.1204772,0.981707,-0.1303123,0.08566688,0.008918238,0.2101237,-1.529747,-12.78444,7.135695,48.48332
R,0.1214459,0.9820747,-0.1282208,0.05975322,0.02268015,0.1290037,-1.598379,0.8488475,-5.00356,48.49953
R,0.1218069,0.9825396,-0.1261676,0.02949657,0.03798609,0.16778,-2.472443,1.250736,3.168636,48.51177
R,0.12225,0.9831614,-0.124308,0.0293769,0.04122803,0.1232869,-0.007934262,0.2149356,-2.949821,48.52686
R,0.1222356,0.9842933,-0.12425,-0.0009981724,0.07816616,0.00400864,-2.09764,2.550872,-8.237115,48.54134
R,0.1223037,0.9855219,-0.1241129,0.004854137,0.08756033,0.009771997,0.4171147,0.6695549,0.4107747,48.55537
R,0.1224599,0.9869543,-0.1238703,0.01169199,0.1071632,0.01814611,0.5115592,1.466549,0.6264911,48.56873
R,0.1245809,0.9956612,-0.1229185,0.1570599,0.6447652,0.07048795,10.76478,39.81049,3.876017,48.58224
R,0.1263083,1.002517,-0.1220428,0.1262085,0.5009189,0.06397301,-2.25405,-10.5096,-0.4759904,48.59592
R,0.1255182,1.007904,-0.1211053,-0.06303613,0.4296923,0.0747947,-15.09718,-5.682174,0.8633116,48.60846
R,0.1251535,1.0122,-0.1202898,-0.02283747,0.2690591,0.0510682,2.5174,-10.05949,-1.485848,48.62443
R,0.1249828,1.011341,-0.1205112,-0.01255502,-0.06318393,-0.01628536,0.7563083,-24.43757,-4.954077,48.63802
R,0.1252683,1.012086,-0.1192192,0.02326027,0.06067433,0.105249,2.917578,10.08971,9.900408,48.6503
R,0.1258803,1.013892,-0.116684,0.03854536,0.1137749,0.1596809,0.9627326,3.344546,3.428395,48.66618
R,0.1258049,1.014549,-0.1145847,-0.005450005,0.04746966,0.1517706,-3.180673,-4.793582,-0.5718756,48.68001
R,0.1257974,1.015441,-0.1126519,-0.0005994976,0.07124505,0.1542814,0.3871899,1.897861,0.2004213,48.69254
R,0.1258464,1.016521,-0.1108486,0.003268454,0.07197355,0.120227,0.257874,0.04856834,-2.270389,48.70753
R,0.1266418,1.015982,-0.110009,0.06531588,-0.04426104,0.06895045,5.095665,-9.545802,-4.2111,48.71971
R,0.127394,1.015682,-0.1091507,0.0513252,-0.02048087,0.05856782,-0.9546,1.622548,-0.7084185,48.73437
R,0.1324286,1.014017,-0.1047119,0.3788188,-0.125296,0.3339827,24.64136,-7.886526,20.72284,48.74766
R,0.1368013,1.012935,-0.1007113,0.3137059,-0.07761186,0.2870126,-4.67131,3.420938,-3.36971,48.7616
R,0.1361587,1.013207,-0.1010993,-0.04355549,0.01846885,-0.02629852,-24.21249,6.51163,-21.23388,48.77635
R,0.1339459,1.014245,-0.1023877,-0.162305,0.07614018,-0.09450086,-8.709981,4.230049,-5.002472,48.78999
R,0.1311507,1.015767,-0.1038817,-0.1913124,0.1041775,-0.102256,-1.985409,1.919015,-0.5308022,48.8046
R,0.1317638,1.014994,-0.1038265,0.04696632,-0.05927637,0.004228156,18.25346,-12.52147,8.157274,48.81765
R,0.1342204,1.012096,-0.1034419,0.1636109,-0.19301,0.02561591,7.768721,-8.906879,1.424459,48.83266
R,0.1331838,1.007734,-0.1037924,-0.08539858,-0.3593161,-0.02887335,-20.51425,-13.70086,-4.489011,48.8448
R,0.1323602,1.004136,-0.1039547,-0.04993026,-0.2181212,-0.009843316,2.150279,8.559986,1.153702,48.8613
R,0.1317842,1.001402,-0.1039673,-0.04351247,-0.2065652,-0.000950108,0.4848368,0.8730109,0.6718447,48.87453
R,0.1331041,1.000222,-0.1042624,0.1090794,-0.09752325,-0.02438512,12.61067,9.011568,-1.936743,48.88663
R,0.1341751,0.9991964,-0.1044383,0.07361346,-0.07048047,-0.01209207,-2.437649,1.858706,0.8449268,48.90118
R,0.1352773,0.993454,-0.1085509,0.0761554,-0.3967654,-0.284156,0.175634,-22.54445,-18.79808,48.91566
R,0.1362352,0.9885543,-0.1118687,0.07563065,-0.3868788,-0.2619764,-0.0414339,0.7806429,1.751278,48.92832
R,0.1270197,0.9744942,-0.1222632,-0.5821141,-0.8881363,-0.6565917,-41.54791,-31.66305,-24.92675,48.94415
R,0.1203998,0.9640002,-0.1299143,-0.5083125,-0.8057859,-0.587485,5.666854,6.323274,5.306354,48.95718
R,0.1153116,0.9554401,-0.1359902,-0.3902347,-0.6565151,-0.4659912,9.055995,11.44834,9.317988,48.97021
R,0.1045841,0.9382863,-0.1424109,-0.7855191,-1.25608,-0.4701554,-28.94453,-43.90287,-0.3049232,48.98387
R,0.09636735,0.9249505,-0.1478267,-0.5167885,-0.8387491,-0.3406226,16.90165,26.24778,8.146893,48.99977
R,0.07996205,0.9156671,-0.1536754,-1.166726,-0.6602219,-0.4159542,-46.22276,12.69664,-5.357495,49.01383
R,0.06727061,0.907056,-0.158864,-1.116438,-0.7575032,-0.4564309,4.423658,-8.557613,-3.560647,49.0252
R,0.05665589,0.8989136,-0.1636452,-0.6853657,-0.5257351,-0.3087111,27.83328,14.96468,9.537892,49.04069
R,0.03727776,0.8900069,-0.1611499,-1.4976,-0.6883337,0.1928446,-62.77194,-12.56612,38.76174,49.05363
R,0.02188906,0.8815874,-0.160374,-1.11623,-0.6107153,0.05627961,27.66298,5.63011,-9.905836,49.06741
R,0.01618216,0.8784926,-0.1428441,-0.4047704,-0.2195025,1.243338,50.46126,27.74732,84.19382,49.08151
R,0.009604656,0.8741995,-0.1303459,-0.462514,-0.3018793,0.8788413,-4.060394,-5.792541,-25.63057,49.09573
R,0.002611191,0.8691796,-0.1214264,-0.5456235,-0.3916481,0.6958909,-6.484121,-7.003669,-14.27361,49.10855
R,-0.002192686,0.8731549,-0.1017125,-0.3403534,0.2816512,1.396726,14.54333,47.70307,49.65399,49.12267
R,-0.007845755,0.8743209,-0.08650792,-0.4044536,0.0834172,1.087822,-4.586106,-14.18282,-22.10078,49.13664
R,-0.00926022,0.8861414,-0.04904085,-0.09368203,0.7828922,2.481498,20.58285,46.32723,92.30512,49.15174
R,-0.01228631,0.8937128,-0.01926544,-0.2424425,0.6065958,2.385527,-11.91829,-14.12441,-7.688913,49.16422
R,-0.01550739,0.9053236,0.01612189,-0.1960045,0.7065271,2.153337,2.825776,6.080874,-14.1289,49.18066
R,-0.0195666,0.9134838,0.04550876,-0.3371661,0.6778012,2.440935,-11.72518,-2.386035,23.88847,49.1927
R,-0.02415807,0.9192924,0.07033077,-0.3565243,0.4510376,1.927412,-1.50315,-17.60803,-39.8747,49.20557
R,-0.03131981,0.9241702,0.1003098,-0.4826241,0.3287074,2.020261,-8.497765,-8.243736,6.257037,49.22041
R,-0.03804635,0.9280264,0.1268485,-0.5009441,0.2871848,1.97641,-1.36434,-3.092301,-3.265696,49.23384
R,-0.02724046,0.9261696,0.1541564,0.7643551,-0.1313453,1.931624,89.50097,-29.60474,-3.167946,49.24798
R,-0.02067913,0.9252409,0.179248,0.3256367,-0.04609109,1.24529,-21.77346,4.231139,-34.06253,49.26813
R,-0.01701197,0.924928,0.2027986,0.3705953,-0.03161743,2.379977,4.543417,1.462676,114.669,49.27802
R,-0.009049708,0.9273244,0.2081296,0.6256771,0.1883103,0.4189102,20.04441,17.28199,-154.1013,49.29075
R,-0.003756891,0.9293397,0.2171385,0.3984722,0.1517223,0.6782381,-17.10522,-2.754548,19.52362,49.30403
R,0.0008722763,0.927292,0.2049621,0.3615937,-0.1599514,-0.9511253,-2.880661,-24.34546,-127.2729,49.31683
R,0.004058779,0.926092,0.200706,0.2296104,-0.08646578,-0.3066825,-9.510344,5.295166,46.43673,49.33071
R,0.005220001,0.9350253,0.1851913,0.08231679,0.6332604,-1.099805,-10.44135,51.01998,-56.22289,49.34482
R,0.006140687,0.9419081,0.1776339,0.06223625,0.4652648,-0.5108616,-1.357399,-11.35612,39.81122,49.35961
R,0.006926196,0.9473634,0.1746158,0.05748646,0.3992401,-0.2208743,-0.3476072,-4.831929,21.22234,49.37328
R,-0.003305822,0.9491338,0.1727418,-0.7847461,0.1357793,-0.1437301,-64.59515,-20.20617,5.916587,49.38631
R,-0.01052012,0.9510834,0.1731482,-0.5075643,0.1371654,0.02859551,19.50122,0.09751367,12.12403,49.40053
R,-0.01454498,0.9505469,0.161462,-0.2882766,-0.03843067,-0.8370176,15.70627,-12.5769,-61.99871,49.41449
R,-0.01782954,0.9507909,0.1544395,-0.2128101,0.01581423,-0.4549941,4.889544,3.514576,24.75165,49.42992
R,-0.02064117,0.9515405,0.1501704,-0.2125293,0.0566609,-0.322697,0.02121968,3.087575,10.00026,49.44315
R,-0.01917017,0.9527188,0.1425829,0.1146983,0.09187239,-0.5916168,25.5148,2.745533,-20.96839,49.45598
R,-0.018591,0.9540617,0.1375082,0.03826203,0.08871755,-0.3352612,-5.049726,-0.2084232,16.93601,49.47112
R,-0.01906136,0.955076,0.1317148,-0.03899471,0.08409432,-0.4802946,-6.404931,-0.3832863,-12.02392,49.48318
R,-0.01972113,0.9561847,0.1277739,-0.0480164,0.08068868,-0.2868057,-0.6565751,-0.2478538,14.0816,49.49692
R,-0.02044037,0.9572876,0.1249877,-0.04532283,0.06949744,-0.1755775,0.1697367,-0.7052199,7.009089,49.51279
R,-0.01838808,0.9561159,0.1242005,0.1822472,-0.1040502,-0.0699003,20.20871,-15.41141,9.384363,49.52405
R,-0.01680035,0.9553429,0.1233469,0.0931544,-0.04535377,-0.05008358,-5.227201,3.443805,1.162676,49.54109
R,-0.01365153,0.9527094,0.1255175,0.253049,-0.2116321,0.1744323,12.8496,-13.36262,18.04276,49.55354
R,-0.01084041,0.950478,0.1273365,0.2167408,-0.172045,0.1402516,-2.799405,3.052206,-2.635369,49.56651
R,-0.009461761,0.9493682,0.1273949,0.08592571,-0.06917202,0.003641561,-8.153207,6.411685,-8.514385,49.58255
R,-0.008521067,0.9486676,0.1273418,0.0685754,-0.05106803,-0.003872575,-1.264816,1.319759,-0.5477714,49.59627
R,-0.007820597,0.9481906,0.127243,0.06362579,-0.04332878,-0.008976525,-0.4495883,0.7029785,-0.463607,49.60728
R,-0.006457247,0.94774,0.1269627,0.08401364,-0.02776798,-0.01727235,1.256359,0.9589024,-0.5112129,49.6235
R,-0.005141302,0.9473405,0.1266412,0.09811353,-0.02978349,-0.02396744,1.051252,-0.1502711,-0.4991694,49.63692
R,-0.004914296,0.9473339,0.1263407,0.01859631,-0.000546875,-0.02461914,-6.514051,2.395063,-0.05338699,49.64912
R,-0.004746519,0.9473378,0.1261078,0.01218326,0.0002856648,-0.01691049,-0.4656903,0.06045577,0.5597717,49.6629
R,-0.004576724,0.9473467,0.1258721,0.01100123,0.000575414,-0.01527454,-0.07658461,0.01877311,0.1059949,49.67833
R,-0.003198194,0.9466828,0.1253877,0.1048674,-0.05050693,-0.03685206,7.140586,-3.885934,-1.641444,49.69147
R,0.001492756,0.9448869,0.1238133,0.3412054,-0.1306274,-0.1145169,17.19051,-5.827721,-5.649101,49.70522
R,0.002126744,0.9447073,0.1236385,0.04341595,-0.01229836,-0.01196774,-20.39282,8.103253,7.022632,49.71983
R,0.005041706,0.9438446,0.1227757,0.1881191,-0.05567608,-0.05567801,9.338516,-2.799412,-2.820873,49.73532
R,0.006499053,0.9441082,0.1225456,0.1134307,0.02051941,-0.01791157,-5.813272,5.930579,2.939502,49.74817
R,0.007679807,0.9442883,0.1223253,0.1010868,0.01541578,-0.01885895,-1.05679,-0.436932,-0.08110667,49.75985
R,0.008762668,0.9444218,0.1220975,0.07622596,0.009398496,-0.01603618,-1.75003,-0.4235756,0.1987031,49.77406
R,0.00925452,0.9452167,0.12081,0.03722172,0.06015445,-0.09743579,-2.951711,3.841041,-6.160051,49.78727
R,0.009876686,0.9460399,0.1194167,0.04179835,0.05530817,-0.09360635,0.3074673,-0.325582,0.2572694,49.80215
R,0.01120635,0.9463751,0.1194702,0.09725536,0.02451869,0.003917149,4.056284,-2.252031,7.133147,49.81583
R,0.01259249,0.9466969,0.1194813,0.1047175,0.02431106,0.0008380989,0.563731,-0.01568607,-0.2326094,49.82906
R,0.01401914,0.9470099,0.1194456,0.09340348,0.02049123,-0.002339945,-0.7407329,-0.2500863,-0.2080682,49.84434
R,0.0158242,0.9473832,0.1198581,0.1332166,0.0275505,0.03044115,2.938279,0.520987,2.419304,49.85789
R,0.0176106,0.9477391,0.120198,0.1177803,0.02346501,0.02241525,-1.01774,-0.2693629,-0.52916,49.87305
R,0.02004647,0.9498792,0.1229588,0.2168982,0.1905624,0.2458284,8.825805,14.87893,19.89348,49.88428
R,0.02238212,0.9518019,0.1253736,0.1406238,0.1157592,0.1453894,-4.592304,-4.50372,-6.047193,49.90089
R,0.02228465,0.9510432,0.1260029,-0.007109696,-0.05533528,0.04590224,-10.77558,-12.47952,-7.256528,49.9146
R,0.02229201,0.9505393,0.1264457,0.0006576985,-0.04502705,0.03955777,0.6939931,0.9210086,-0.5668592,49.9258
R,0.02238149,0.9500767,0.1269011,0.006061627,-0.03133479,0.03085029,0.3660484,0.9274795,-0.5898225,49.94056
R,0.02476875,0.9497323,0.1315887,0.1502175,-0.02167097,0.294966,9.070955,0.6080923,16.61938,49.95645
R,0.02719385,0.949464,0.1360666,0.2180127,-0.02411801,0.4025527,6.094687,-0.2199856,9.671888,49.96758
R,0.02787529,0.9519895,0.1360417,0.04745902,0.1758892,-0.001733113,-11.87822,13.92951,-28.15651,49.98193
R,0.02862041,0.9542409,0.1361343,0.05052461,0.152661,0.006277685,0.2078701,-1.575044,0.5431926,49.99668
R,0.02946195,0.9563355,0.1363688,0.06339181,0.1577811,0.01766792,0.9692703,0.3856861,0.8580123,50.00996
R,0.01692532,0.9656152,0.1233566,-0.9373654,0.6938418,-0.9729281,-74.82673,40.08132,-74.06697,50.02333
R,0.008282782,0.9726419,0.1143411,-0.5758995,0.4682337,-0.6007458,24.08645,-15.03351,24.80055,50.03834
R,0.03439984,0.9797655,0.1136233,1.976453,0.539085,-0.0543227,193.1535,5.361795,41.35148,50.05155
R,0.05382464,0.9855081,0.1126916,1.277494,0.3776695,-0.06127354,-45.96781,-10.61568,-0.4571302,50.06676
R,0.05938093,0.9842961,0.1007939,0.4070849,-0.08879349,-0.8716964,-63.771,-34.17565,-59.37605,50.08041
R,0.06404316,0.9841067,0.09184934,0.3565274,-0.01449005,-0.684,-3.866208,5.68209,14.35341,50.09348
R,0.06840765,0.9846138,0.08465913,0.2663229,0.03094448,-0.4387503,-5.504321,2.772437,14.96526,50.10987
R,0.06412197,0.9772389,0.07144787,-0.3373768,-0.5805649,-1.040016,-47.5244,-48.13919,-47.33276,50.12257
R,0.06200993,0.9724377,0.06096689,-0.1479581,-0.3363467,-0.7342401,13.26964,17.10859,21.42096,50.13685
R,0.05703221,0.9683845,0.04577437,-0.4315079,-0.351361,-1.317006,-24.58032,-1.301554,-50.51873,50.14838
R,0.0540859,0.9655493,0.03345534,-0.1813897,-0.1745464,-0.7584219,15.39854,10.8856,34.38927,50.16463
R,0.05239755,0.9634745,0.02284188,-0.1215909,-0.1494248,-0.7643561,4.306568,1.8092,-0.4273695,50.17851
R,0.04721205,0.9557433,0.01691227,-0.4218953,-0.6290154,-0.4824366,-24.43296,-39.0198,22.93716,50.1908
R,0.04370882,0.9500413,0.010548,-0.2500955,-0.407067,-0.4543452,12.26478,15.84489,2.005445,50.20481
R,0.04512823,0.9462519,0.01891838,0.1024474,-0.273502,0.6041424,25.44521,9.640214,76.39762,50.21867
R,0.04622122,0.9429049,0.02377969,0.07790144,-0.2385553,0.3464828,-1.749475,2.490778,-18.3643,50.2327
R,0.04701285,0.9400813,0.025948,0.05673086,-0.2023476,0.1553878,-1.517151,2.594758,-13.69448,50.24665
R,0.04679198,0.9404809,0.02722006,-0.01642098,0.02970788,0.0945723,-5.438547,17.2524,-4.521392,50.2601
R,0.04669165,0.9405102,0.02755049,-0.006685506,0.001954118,0.02201883,0.6487283,-1.849386,-4.834636,50.27511
R,0.04572619,0.9404894,0.02739303,-0.07618569,-0.001646222,-0.01242545,-5.484364,-0.2841083,-2.71805,50.28778
R,0.04427526,0.9402493,0.02678654,-0.1005163,-0.0166284,-0.04201619,-1.685548,-1.03792,-2.049956,50.30222
R,0.0404688,0.9429935,0.023898,-0.2500854,0.1802906,-0.1897777,-9.826731,12.93762,-9.707966,50.31744
R,0.03696763,0.9452295,0.02062461,-0.2746291,0.1753955,-0.2567618,-1.92519,-0.3839626,-5.254189,50.33018
R,0.03423322,0.946698,0.01753741,-0.1797411,0.09652395,-0.2029317,6.237291,-5.184482,3.53843,50.3454
R,0.03463276,0.9463899,0.01769939,0.026869,-0.02071575,0.01089301,13.89472,-7.884475,14.3799,50.36027
R,0.03492519,0.9461169,0.01773117,0.02224613,-0.02076683,0.002418168,-0.3516707,-0.003885846,-0.6446976,50.37341
R,0.03650812,0.9440308,0.01985272,0.1120894,-0.1477242,0.15023,6.361935,-8.990035,10.46677,50.38754
R,0.03820089,0.9415526,0.0219105,0.140072,-0.2050633,0.1702754,2.315486,-4.744668,1.658712,50.39962
R,0.03948061,0.9394386,0.02325819,0.09071732,-0.149853,0.09553557,-3.498656,3.913755,-5.298164,50.41373
R,0.04105754,0.9355038,0.02187016,0.11502,-0.2870018,-0.1012423,1.77262,-10.00355,-14.35285,50.42744
R,0.04231542,0.9321073,0.02047008,0.08797921,-0.23756,-0.09792501,-1.891296,3.458073,0.232017,50.44173
R,0.0401979,0.9308926,0.01731239,-0.1397519,-0.08016664,-0.2084009,-15.0298,10.38765,-7.291189,50.45689
R,0.03828139,0.9295487,0.01422302,-0.1543005,-0.1081993,-0.2487284,-1.171318,-2.256938,-3.246804,50.46931
R,0.03949344,0.9287497,0.0124678,0.08522839,-0.05618797,-0.1234227,16.84309,3.657311,8.811193,50.48353
R,0.04048144,0.9278889,0.01077544,0.06401384,-0.05577268,-0.1096498,-1.37451,0.02690712,0.8923599,50.49896
R,0.04131768,0.9269526,0.009070881,0.05858201,-0.06558993,-0.119412,-0.3805243,-0.6877427,-0.6838892,50.51324
R,0.04087693,0.9281532,0.006263589,-0.03838539,0.1045629,-0.2444899,-8.444991,14.81879,-10.89316,50.52472
R,0.04047245,0.9290788,0.003384851,-0.02847267,0.06515592,-0.2026434,0.6977876,-2.773982,2.945705,50.53893
R,0.04084104,0.9289554,0.002993104,0.02451167,-0.008208873,-0.0260513,3.523472,-4.878777,11.74342,50.55396
R,0.04109902,0.9288032,0.002595442,0.02035759,-0.01200802,-0.03138012,-0.3278043,-0.299796,-0.4205051,50.56664
R,0.04134407,0.9286061,0.002100291,0.01716683,-0.01380862,-0.03468756,-0.2235274,-0.1261408,-0.2317011,50.58091
R,0.04084934,0.9286833,0.0001596364,-0.03539639,0.005526747,-0.1388458,-3.760681,1.383366,-7.452088,50.59489
R,0.0403028,0.9286826,-0.002195044,-0.03711671,-5.262306E-05,-0.1599133,-0.1168318,-0.3789115,-1.43076,50.60961
R,0.04192182,0.9274938,-0.002498894,0.1112785,-0.08170965,-0.02088423,10.1995,-5.612454,9.555754,50.62416
R,0.04370192,0.9261227,-0.003010178,0.1325689,-0.102104,-0.03807664,1.585559,-1.518826,-1.280366,50.63759
R,0.04394816,0.9261116,-0.005545168,0.01730584,-0.0007833445,-0.1781588,-8.100677,7.120808,-9.844962,50.65182
R,0.04419936,0.9260243,-0.008182478,0.02018718,-0.007017359,-0.2119421,0.2315532,-0.5009839,-2.714923,50.66426
R,0.04445133,0.9258679,-0.01071816,0.01764177,-0.01095085,-0.1775412,-0.1782225,-0.2754119,2.408653,50.67854
R,0.04623851,0.9256753,-0.01158393,0.12131,-0.01306803,-0.05876627,7.036767,-0.1437094,8.062177,50.69328
R,0.04783668,0.9254492,-0.01255009,0.1203188,-0.01702506,-0.0727382,-0.07461644,-0.2979063,-1.051883,50.70656
R,0.0484245,0.9255525,-0.01470226,0.04144533,0.007282982,-0.1517425,-5.561112,1.71388,-5.570332,50.72074
R,0.0490087,0.9255937,-0.01687083,0.04652021,0.003279731,-0.1726843,0.4041156,-0.3187813,-1.667608,50.7333
R,0.0495819,0.9255808,-0.01898725,0.04130365,-0.0009277075,-0.1525036,-0.3758904,-0.3031762,1.45416,50.74718
R,0.05229972,0.9257715,-0.02084338,0.1835291,0.01287593,-0.1253405,9.604211,0.9321334,1.834273,50.76199
R,0.05475202,0.9258928,-0.02273146,0.1722549,0.008520063,-0.1326233,-0.791921,-0.3059661,-0.5115618,50.77622
R,0.05785116,0.9264967,-0.02407371,0.2216094,0.04318399,-0.0959799,3.529177,2.478707,2.620254,50.79021
R,0.06048751,0.9269515,-0.02543858,0.2096798,0.03617548,-0.1085537,-0.9488087,-0.5574148,-1.000044,50.80278
R,0.06273362,0.9272904,-0.02678468,0.1539759,0.0232332,-0.09227788,-3.818631,-0.8872231,1.115745,50.81737
R,0.06649482,0.9273039,-0.02699835,0.2508846,0.0008985369,-0.01425259,6.464135,-1.489796,5.204545,50.83236
R,0.0698093,0.9273137,-0.02746305,0.2784843,0.0008213141,-0.03904435,2.31894,-0.006488296,-2.083016,50.84426
R,0.07653268,0.9272296,-0.0267942,0.4259285,-0.00532413,0.04237167,9.34065,-0.3893164,5.157738,50.86005
R,0.08199777,0.9271684,-0.02660577,0.4383845,-0.004915086,0.01511505,0.9991657,0.03281166,-2.186401,50.87251
R,0.08413757,0.9272735,-0.02563939,0.1512771,0.007433252,0.06832,-20.2976,0.8729889,3.761423,50.88666
R,0.08602774,0.9273464,-0.0251206,0.1346462,0.005192765,0.03695599,-1.184699,-0.1596006,-2.234208,50.9007
R,0.08790425,0.9274041,-0.02483415,0.1349194,0.004148382,0.02059567,0.01964053,-0.07509018,-1.176292,50.9146
R,0.09135091,0.9290178,-0.02340609,0.2585923,0.1210736,0.1071429,9.278797,8.772539,6.493374,50.92793
R,0.09480023,0.9304125,-0.02228582,0.2433312,0.09838368,0.07902903,-1.076589,-1.600655,-1.983286,50.94211
R,0.09547002,0.9298968,-0.02255843,0.04687135,-0.03608849,-0.01907751,-13.7482,-9.410324,-6.865468,50.9564
R,0.09618635,0.9295391,-0.02278631,0.0513344,-0.02562876,-0.01633046,0.3198368,0.7495781,0.1968626,50.97035
R,0.09712829,0.9292126,-0.02303056,0.06619941,-0.02294739,-0.01716577,1.044711,0.1884466,-0.05870555,50.98458
R,0.0970463,0.9289707,-0.02303633,-0.00605755,-0.01787539,-0.0004262139,-5.338706,0.3747446,1.236802,50.99812
R,0.09703454,0.9287412,-0.023048,-0.0008647675,-0.01687886,-0.0008584653,0.3819464,0.07329808,-0.03179352,51.01171
R,0.08770414,0.9247518,-0.02396535,-0.6087382,-0.260278,-0.05984982,-39.65913,-15.87994,-3.848738,51.02704
R,0.08062736,0.9215542,-0.02475589,-0.504936,-0.2281531,-0.05640592,7.406407,2.292147,0.2457259,51.04105
R,0.07620388,0.9146565,-0.02130243,-0.3511774,-0.5476084,0.2741679,12.20681,-25.36139,26.24408,51.05365
R,0.07292242,0.9095317,-0.01882538,-0.2235486,-0.3491262,0.1687482,8.694683,13.52155,-7.181684,51.06833
R,0.07035523,0.9054877,-0.01699792,-0.1811994,-0.285436,0.1289872,2.989115,4.49542,-2.806438,51.0825
R,0.06563959,0.9031535,-0.0167762,-0.3718946,-0.1840779,0.01748558,-15.03899,7.993506,-8.793468,51.09518
R,0.06215277,0.9010921,-0.01650232,-0.2605612,-0.1540497,0.02046647,8.319664,2.243936,0.2227545,51.10856
R,0.05720865,0.8949733,-0.01322481,-0.3059656,-0.3786554,0.2028279,-2.80984,-13.89968,11.2854,51.12472
R,0.05318085,0.8900253,-0.01068402,-0.3439294,-0.4225112,0.2169559,-3.241689,-3.744796,1.206378,51.13643
R,0.04971249,0.8857844,-0.008636904,-0.220575,-0.2696999,0.1301888,7.844888,9.718232,-5.51807,51.15215
R,0.04714564,0.8872658,-0.01214597,-0.2081945,0.120151,-0.2846163,1.004162,31.62039,-33.64439,51.16448
R,0.04450227,0.8879094,-0.01485504,-0.1836101,0.04470555,-0.1881735,1.707651,-5.240482,6.698963,51.17888
R,0.04552148,0.8886745,-0.01528932,0.07479862,0.05614852,-0.03187088,18.96424,0.8397831,11.47083,51.1925
R,0.04637673,0.8892596,-0.0156901,0.05713538,0.03909037,-0.0267744,-1.179998,-1.139575,0.3404717,51.20747
R,0.05063021,0.8923136,-0.01641623,0.346927,0.2490909,-0.0592256,23.63632,17.12831,-2.646822,51.21973
R,0.05395855,0.8946117,-0.01697758,0.234041,0.161598,-0.03947298,-7.937873,-6.152287,1.388957,51.23396
R,0.05607679,0.8959936,-0.01733221,0.1531399,0.09990779,-0.02563786,-5.8488,-4.459937,1.000219,51.24779
R,0.06215607,0.897809,-0.01825631,0.4332916,0.1293884,-0.0658638,19.9674,2.101189,-2.867044,51.26182
R,0.06650846,0.8989648,-0.01890664,0.2907623,0.07721315,-0.04344571,-9.521713,-3.485585,1.497648,51.27679
R,0.07121216,0.9009142,-0.01845514,0.365239,0.1513672,0.03505862,5.783064,5.758008,6.095805,51.28967
R,0.07460885,0.9022089,-0.01814982,0.2261107,0.0861835,0.0203243,-9.261467,-4.339135,-0.980831,51.30469
R,0.07715475,0.9030918,-0.01794091,0.2033488,0.07052673,0.01668622,-1.818068,-1.250557,-0.290586,51.31721
R,0.07967139,0.9072762,-0.02228905,0.1646836,0.2738158,-0.2845325,-2.530162,13.3028,-19.71111,51.33249
R,0.08199491,0.9106587,-0.02570233,0.1758365,0.2559721,-0.2583057,0.8440116,-1.350351,1.984758,51.3457
R,0.08701149,0.9134669,-0.02729868,0.3309171,0.1852431,-0.1053026,10.22985,-4.665622,10.09281,51.36086
R,0.08882485,0.9169992,-0.03102387,0.153442,0.2988975,-0.3152156,-15.01744,9.617108,-17.76225,51.37268
R,0.09048518,0.9197497,-0.03385155,0.1203662,0.1993959,-0.2049937,-2.39785,-7.213423,7.990602,51.38647
R,0.09205829,0.9219984,-0.03611686,0.1097346,0.1568612,-0.1580202,-0.7416163,-2.967062,3.276698,51.40081
R,0.09358461,0.9239612,-0.03806651,0.1024885,0.1317959,-0.1309137,-0.4865588,-1.683072,1.820136,51.4157
R,0.09843717,0.9240838,-0.03746094,0.3829224,0.009675083,0.04778601,22.12946,-9.636738,14.10146,51.42838
R,0.1051054,0.9252434,-0.03745179,0.4783874,0.08319222,0.0006563868,6.848811,5.274241,-3.381157,51.44231
R,0.1106546,0.926504,-0.03779111,0.359542,0.08167789,-0.02198497,-7.700097,-0.09811484,-1.466954,51.45775
R,0.1151645,0.9277523,-0.03832521,0.3533317,0.09779868,-0.04184392,-0.4865464,1.262991,-1.555859,51.47051
R,0.1190142,0.9289761,-0.03896308,0.2931884,0.09320526,-0.04858015,-4.580542,-0.3498363,-0.513034,51.48364
R,0.12368,0.925422,-0.03707182,0.3247783,-0.2473945,0.1316469,2.198918,-23.70849,12.54526,51.49801
R,0.1280652,0.9230314,-0.03584705,0.3137442,-0.1710349,0.08762703,-0.7894506,5.46321,-3.149439,51.51199
R,0.1344748,0.9241468,-0.03787331,0.4384755,0.07629827,-0.138615,8.532773,16.91986,-15.47704,51.5266
R,0.1365481,0.918498,-0.03814601,0.1481713,-0.4037069,-0.01948892,-20.74742,-34.30493,8.513686,51.5406
R,0.1389033,0.9142911,-0.03849473,0.1823467,-0.3256977,-0.02699823,2.645858,6.039466,-0.5813709,51.55351
R,0.141403,0.9111502,-0.03888576,0.1799192,-0.2260777,-0.02814549,-0.1747259,7.170453,-0.08257705,51.56741
R,0.1383988,0.90558,-0.04618244,-0.2049765,-0.3800592,-0.4978606,-26.26186,-10.50633,-32.04919,51.58206
R,0.1369933,0.9012877,-0.05162985,-0.09257322,-0.2827144,-0.3587957,7.403476,6.41165,9.159554,51.59724
R,0.1403977,0.8960598,-0.06548838,0.2455767,-0.377124,-0.9997057,24.39295,-6.810382,-46.233,51.61111
R,0.1434734,0.8917782,-0.07595795,0.2628035,-0.3658328,-0.8945675,1.471938,0.9647775,8.983489,51.62281
R,0.1463097,0.8880811,-0.08448329,0.1752775,-0.2284705,-0.5268428,-5.408866,8.488613,22.72438,51.63899
R,0.1454222,0.8856094,-0.1027741,-0.07207926,-0.2007241,-1.485389,-20.0877,2.253266,-77.84293,51.65131
R,0.1453822,0.8831264,-0.1170908,-0.002731116,-0.1696836,-0.9783716,4.739103,2.121244,34.64845,51.66594
R,0.1458928,0.8806577,-0.1289732,0.03739198,-0.1807743,-0.8700795,2.937997,-0.8121105,7.929639,51.6796
R,0.1419758,0.8829179,-0.1476945,-0.3098455,0.1787917,-1.480892,-27.46718,28.44238,-48.31648,51.69224
R,0.1397432,0.888761,-0.1507005,-0.1632107,0.4271429,-0.2197478,10.71931,18.15499,92.19224,51.70592
R,0.1384335,0.8925802,-0.1553216,-0.08912781,0.2599056,-0.3144836,5.041634,-11.38117,-6.447147,51.72061
R,0.1376979,0.8950551,-0.1607285,-0.05248877,0.1765872,-0.3857863,2.614236,-5.944862,-5.087533,51.73463
R,0.1373195,0.8967003,-0.1666181,-0.02893337,0.1258159,-0.4503913,1.801315,-3.88255,-4.940435,51.7477
R,0.1250635,0.9069763,-0.1413721,-0.8632015,0.7237498,1.778098,-58.7583,42.11305,156.9547,51.7619
R,0.1255695,0.9041572,-0.07904931,0.03641758,-0.2029191,4.485875,64.75282,-66.69981,194.9005,51.77579
R,0.1257606,0.9021032,-0.031823,0.01385876,-0.1488999,3.423698,-1.635414,3.916154,-77.00311,51.78959
R,0.1258105,0.9006525,0.003578354,0.003203508,-0.09321385,2.274572,-0.6846105,3.57788,-73.8325,51.80515
R,0.1257739,0.8995759,0.03163414,-0.002555208,-0.07525416,1.961242,-0.4025635,1.255473,-21.90337,51.81946
R,0.1308507,0.8887025,0.09827851,0.2425884,-0.5195782,3.184546,11.71398,-21.23166,58.45461,51.84039
R,0.1480821,0.8601296,0.1434237,2.587123,-4.28993,6.778087,352.0079,-566.0797,539.5332,51.84705
R,0.1682212,0.8217607,0.1926512,1.494717,-2.847731,3.653649,-81.07807,107.0396,-231.8949,51.86052
R,0.171102,0.820299,0.2068463,0.2120111,-0.1075677,1.044687,-94.40023,201.6613,-192.0055,51.87411
R,0.1793131,0.8102788,0.241207,0.6087354,-0.7428592,2.547357,29.41145,-47.09781,111.4015,51.8876
R,0.1977499,0.8059899,0.2234249,1.117224,-0.2598929,-1.077548,30.81302,29.26646,-219.6595,51.9041
R,0.1985494,0.8297852,0.1916869,0.0616769,1.835721,-2.448483,-81.4318,161.6694,-105.7629,51.91706
R,0.20027,0.84581,0.1757495,0.1226994,1.142767,-1.136533,4.351654,-49.41615,93.55818,51.93108
R,0.1805065,0.8551308,0.1544697,-1.644723,0.7756796,-1.770904,-147.0855,-30.54916,-52.79258,51.9431
R,0.1676571,0.8612733,0.1425558,-1.007899,0.4818129,-0.9345207,49.95203,-23.05068,65.60529,51.95585
R,0.1586947,0.8655193,0.135955,-0.6454488,0.3057864,-0.4753745,26.10279,-12.677,33.0666,51.96973
R,0.142139,0.8670978,0.1086608,-1.224601,0.1167598,-2.018911,-42.83893,-13.98199,-114.1729,51.98325
R,0.1301078,0.8683281,0.09135424,-0.7670015,0.07843279,-1.103308,29.17238,-2.443387,58.37059,51.99894
R,0.1205901,0.8693627,0.07883103,-0.8105938,0.08811525,-1.066564,-3.712628,0.8246261,3.129376,52.01068
R,0.1285909,0.8633443,0.07244702,0.54905,-0.4130072,-0.4380972,93.30432,-34.38907,43.12793,52.02525
R,0.1332955,0.8591929,0.06716386,0.3497645,-0.3086403,-0.3927814,-14.81608,7.759264,3.369046,52.0387
R,0.1379878,0.8579134,0.05828507,0.3432105,-0.09358869,-0.6494201,-0.4793766,15.72949,-18.77129,52.05238
R,0.1407536,0.8568788,0.05108581,0.2035494,-0.07614227,-0.5298268,-10.2783,1.283963,8.801419,52.06596
R,0.1421072,0.8569026,0.04126908,0.09322862,0.001642144,-0.6761423,-7.598511,5.357519,-10.0777,52.08048
R,0.142745,0.8567802,0.03310463,0.03988811,-0.007652225,-0.5105586,-3.335614,-0.5812173,10.35467,52.09647
R,0.1425856,0.8573257,0.02245478,-0.01136296,0.03887558,-0.7590519,-3.652844,3.3162,-17.71099,52.1105
R,0.142244,0.8576149,0.0133638,-0.03189548,0.02699875,-0.8486989,-1.916836,-1.108774,-8.369096,52.12122
R,0.141792,0.857739,0.005196403,-0.02878249,0.007903608,-0.5201735,0.1982628,-1.216151,20.92346,52.13692
R,0.1412719,0.8577607,-0.002347484,-0.04164797,0.001737172,-0.6040271,-1.030119,-0.4937367,-6.714021,52.14941
R,0.1392968,0.8578647,-0.009263971,-0.1388091,0.007314008,-0.4860899,-6.828472,0.3919395,8.28861,52.16364
R,0.1371588,0.8578361,-0.0165985,-0.1519709,-0.002037859,-0.5213405,-0.9355479,-0.6647332,-2.505622,52.1777
R,0.1353936,0.8577707,-0.02369783,-0.1296164,-0.004796919,-0.5213011,1.641487,-0.2025969,0.002897409,52.19132
R,0.1338621,0.857683,-0.03064689,-0.09825853,-0.005628977,-0.4458287,2.011814,-0.05338204,4.842052,52.20691
R,0.1341248,0.8576626,-0.03754178,0.01829939,-0.0014197,-0.4801948,8.117683,0.2931554,-2.393425,52.22127
R,0.1340362,0.8576118,-0.04438402,-0.007465836,-0.004280547,-0.5767371,-2.171768,-0.2411427,-8.137618,52.23313
R,0.1328028,0.8550602,-0.04869004,-0.09041832,-0.18705,-0.3156591,-6.080956,-13.39818,19.13871,52.24677
R,0.1316832,0.8531806,-0.05358615,-0.07945211,-0.1333835,-0.3474516,0.7782151,3.808428,-2.256152,52.26086
R,0.128737,0.8535154,-0.05395095,-0.2137024,0.0242849,-0.02646122,-9.737934,11.43659,23.28326,52.27465
R,0.1260938,0.8537063,-0.05546267,-0.1669644,0.01205572,-0.0954911,2.952305,-0.7724832,-4.360426,52.29048
R,0.1235083,0.8537865,-0.05797935,-0.1904917,0.005910975,-0.185422,-1.733429,-0.4527287,-6.625869,52.30405
R,0.1163902,0.8542423,-0.06284451,-0.5580074,0.03573097,-0.3813912,-28.81041,2.33766,-15.36248,52.31681
R,0.1108574,0.8544943,-0.06767946,-0.4076465,0.01856731,-0.3562268,11.07819,-1.264573,1.854041,52.33038
R,0.1071854,0.8531033,-0.06973796,-0.2788454,-0.1056317,-0.1563213,9.781125,-9.431642,15.18078,52.34355
R,0.1040887,0.8520941,-0.07231867,-0.2112908,-0.06886469,-0.1760847,4.609324,2.508655,-1.348483,52.35821
R,0.1011915,0.8512678,-0.07530561,-0.2113239,-0.06026972,-0.2178658,-0.002412876,0.6269113,-3.047485,52.37192
R,0.09368119,0.8509848,-0.07918413,-0.5402792,-0.02035452,-0.2790149,-23.66456,2.871441,-4.398978,52.38582
R,0.08755755,0.8506615,-0.08311737,-0.4308302,-0.02274976,-0.2767247,7.70032,-0.1685182,0.1611312,52.40003
R,0.08356144,0.8472016,-0.08070992,-0.2787538,-0.2413435,0.167935,10.60829,-15.24828,31.01779,52.41437
R,0.07987785,0.8446271,-0.07994989,-0.2779594,-0.194269,0.05735126,0.05994306,3.552182,-8.344518,52.42762
R,0.07407495,0.8446536,-0.07834459,-0.4045732,0.00184508,0.1119198,-8.827411,13.67291,3.80447,52.44196
R,0.06886583,0.8444562,-0.07787398,-0.389043,-0.01474359,0.03514735,1.159871,-1.238923,-5.733741,52.45535
R,0.06414042,0.8441142,-0.07813492,-0.3462091,-0.02505328,-0.01911803,3.138247,-0.7553446,-3.97578,52.469
R,0.06099961,0.8427619,-0.07511232,-0.2289618,-0.0985861,0.2203441,8.547187,-5.360453,17.4565,52.48272
R,0.05769796,0.8415761,-0.07322465,-0.2210181,-0.07937787,0.1263641,0.5317667,1.285833,-6.291189,52.49766
R,0.05410675,0.8399696,-0.07153518,-0.2727153,-0.121999,0.128298,-3.925871,-3.236639,0.1468612,52.51083
R,0.05045965,0.8385472,-0.07047173,-0.2672067,-0.1042132,0.0779143,0.4035905,1.303084,-3.691389,52.52448
R,0.04678509,0.83725,-0.06982458,-0.2402159,-0.08479972,0.04230586,1.764458,1.269112,-2.327815,52.53977
R,0.04539071,0.835727,-0.07002181,-0.105097,-0.114793,-0.01486576,10.18419,-2.260654,-4.309143,52.55304
R,0.04360516,0.8343279,-0.07026326,-0.1150055,-0.09011441,-0.01555158,-0.6381934,1.589519,-0.04417254,52.56857
R,0.04437548,0.8337578,-0.07028943,0.05376372,-0.0397905,-0.001826245,11.77897,3.512276,0.9579377,52.58289
R,0.04492633,0.8330637,-0.07034979,0.05024438,-0.06331006,-0.005505991,-0.3210067,-2.145272,-0.335638,52.59386
R,0.04523811,0.8322105,-0.07045057,0.0230877,-0.06317532,-0.007463255,-2.011006,0.009978041,-0.1449393,52.60736
R,0.04761381,0.8314285,-0.07103126,0.148776,-0.0489765,-0.03636517,7.871103,0.8891867,-1.809953,52.62333
R,0.04960666,0.830526,-0.07165243,0.1405089,-0.06363048,-0.04379612,-0.5828865,-1.033204,-0.5239321,52.63751
R,0.0518642,0.8301062,-0.07452469,0.1858671,-0.03456246,-0.2364778,3.734414,2.393218,-15.8638,52.64966
R,0.05347372,0.8296084,-0.07700881,0.1176594,-0.03639152,-0.1815949,-4.98612,-0.1337082,4.012054,52.66334
R,0.05577615,0.8292536,-0.07997756,0.162075,-0.02497734,-0.2089797,3.126552,0.8034798,-1.9277,52.67754
R,0.05739446,0.8288422,-0.08242097,0.1145947,-0.02913121,-0.1730209,-3.362153,-0.2941416,2.54629,52.69167
R,0.0585079,0.8284127,-0.08443274,0.08001173,-0.03086451,-0.144565,-2.485118,-0.1245544,2.044833,52.70558
R,0.05883931,0.8277815,-0.0850978,0.01935739,-0.03686567,-0.03884665,-3.542819,-0.3505274,6.175006,52.7227
R,0.05906257,0.8272372,-0.08572502,0.01762842,-0.04297816,-0.04952407,-0.1365177,-0.4826366,-0.8430793,52.73537
R,0.05940062,0.8264339,-0.08545993,0.02716682,-0.06455491,0.02130355,0.7665337,-1.733972,5.691918,52.74781
R,0.05976705,0.8254775,-0.08525643,0.02491095,-0.06501637,0.01383396,-0.1533613,-0.03137156,-0.5078083,52.76252
R,0.06014225,0.824411,-0.08514065,0.02755137,-0.0783132,0.008502386,0.193885,-0.976382,-0.3914959,52.77614
R,0.06011099,0.8243858,-0.08481688,-0.002508044,-0.002027234,0.02597095,-2.411229,6.119311,1.401248,52.7886
R,0.06008263,0.8243498,-0.08459069,-0.00198044,-0.002513985,0.01579513,0.03684296,-0.03399013,-0.710583,52.80293
R,0.06007238,0.8243613,-0.08411429,-0.000654611,0.0007348014,0.03043001,0.08468762,0.207517,0.9348066,52.81858
R,0.06005891,0.8243452,-0.08357856,-0.001077915,-0.001283005,0.04286918,-0.03387261,-0.161464,0.9953768,52.83108
R,0.06004038,0.8246031,-0.08330556,-0.001264041,0.01759338,0.01862687,-0.01269957,1.287957,-1.65408,52.84573
R,0.06002149,0.8248398,-0.08306946,-0.00147649,0.01850403,0.01845336,-0.01660475,0.07117507,-0.01356138,52.85853
R,0.06000223,0.8250577,-0.0828616,-0.001245635,0.01408717,0.01344062,0.0149278,-0.2856075,-0.3241391,52.87399
R,0.05936759,0.826251,-0.08266095,-0.04797208,0.09020419,0.01516713,-3.532023,5.753639,0.1305058,52.88722
R,0.05859854,0.8276625,-0.0824707,-0.05274715,0.09680796,0.01304894,-0.327513,0.4529405,-0.1452829,52.9018
R,0.05656683,0.8296525,-0.08204146,-0.1714748,0.1679562,0.03622777,-10.02052,6.004855,1.956275,52.91365
R,0.05471786,0.8314366,-0.0817049,-0.1312831,0.1266802,0.02389668,2.853737,-2.930732,-0.8755469,52.92773
R,0.05316693,0.8329116,-0.08146852,-0.1097049,0.1043283,0.01672014,1.526335,-1.58106,-0.5076329,52.94187
R,0.05191229,0.8331673,-0.08087797,-0.09090614,0.01852716,0.04278899,1.362074,-6.216763,1.888831,52.95567
R,0.05082983,0.8334142,-0.08041222,-0.07591193,0.01731792,0.03266285,1.051536,-0.08480327,-0.7101404,52.96993
R,0.05055517,0.8338705,-0.08027446,-0.01881861,0.03126225,0.009438403,3.911833,0.9554166,-1.591257,52.98453
R,0.05029164,0.8342745,-0.08016684,-0.02025923,0.03105755,0.008273575,-0.1107481,-0.0157364,-0.08954627,52.99754
R,0.05091052,0.8348731,-0.08042717,0.04361192,0.0421833,-0.0183452,4.500925,0.7840182,-1.875794,53.01173
R,0.05186343,0.8358604,-0.08085221,0.07120861,0.07377779,-0.03176222,2.062231,2.360977,-1.00262,53.02511
R,0.05287522,0.8369904,-0.08132993,0.06351375,0.07093361,-0.02998861,-0.4830369,-0.1785407,0.1113369,53.04104
R,0.05524763,0.8381605,-0.08298718,0.1988213,0.09806585,-0.1388867,11.33954,2.273835,-9.12627,53.05297
R,0.05737584,0.8392808,-0.08450737,0.1527649,0.08041827,-0.1091204,-3.305972,-1.26676,2.136649,53.0669
R,0.05970713,0.8393853,-0.08739647,0.1484781,0.006654671,-0.1840037,-0.2730247,-4.697931,-4.769245,53.0826
R,0.06165269,0.8395516,-0.08981222,0.1574125,0.01345004,-0.1954554,0.7228745,0.549804,-0.926536,53.09496
R,0.06324334,0.839758,-0.09179546,0.1013562,0.0131563,-0.126372,-3.571907,-0.01871729,4.401989,53.11066
R,0.06684189,0.8392708,-0.09281688,0.2626214,-0.03555644,-0.07454336,11.76912,-3.555053,3.782453,53.12436
R,0.06994717,0.8389428,-0.09383063,0.2576048,-0.02721519,-0.08409748,-0.4161566,0.691965,-0.7925806,53.13641
R,0.06971356,0.8388749,-0.09366535,-0.01054015,-0.003060456,0.007457509,-12.09855,1.089848,4.130911,53.15858
R,0.06954767,0.838833,-0.09356591,-0.02196378,-0.005555556,0.01316485,-1.512442,-0.3303411,0.7556292,53.16613
R,0.06937544,0.8386749,-0.09316964,-0.01272504,-0.01167911,0.02927816,0.6826044,-0.4524392,1.190532,53.17966
R,0.0690842,0.8383473,-0.09237029,-0.0184593,-0.02076281,0.05066414,-0.3634433,-0.5757344,1.355466,53.19544
R,0.06883945,0.8379938,-0.09153104,-0.0220179,-0.03180229,0.07549894,-0.3201324,-0.9931133,2.234143,53.20656
R,0.06761669,0.8383389,-0.0906921,-0.07599267,0.02144826,0.05213936,-3.354472,3.309462,-1.451772,53.22265
R,0.06645813,0.8387082,-0.08990283,-0.1016436,0.03239521,0.06924377,-2.25041,0.9604005,1.500609,53.23405
R,0.06433025,0.8391774,-0.08970424,-0.1559001,0.03437675,0.01455018,-3.975133,0.1451786,-4.007154,53.2477
R,0.06243009,0.8396297,-0.08957253,-0.1333999,0.03175633,0.009246222,1.579617,-0.1839657,-0.3723624,53.26194
R,0.06084783,0.840035,-0.0894987,-0.1015128,0.02600343,0.004737021,2.04577,-0.3690867,-0.2892951,53.27753
R,0.06026336,0.8399552,-0.0897795,-0.05312547,-0.007259882,-0.02552336,4.398212,-3.023501,-2.750547,53.28853
R,0.05981826,0.8399081,-0.09000668,-0.03109852,-0.003285747,-0.01587278,1.538975,0.2776641,0.6742646,53.30284
R,0.059907,0.8414488,-0.09226205,0.006516708,0.1131346,-0.1656113,2.762074,8.548713,-10.99526,53.31646
R,0.05999581,0.8433641,-0.09504291,0.006364208,0.1372505,-0.1992855,-0.01092863,1.728224,-2.413199,53.33041
R,0.06005365,0.8451228,-0.09757822,0.003815081,0.1160119,-0.1672409,-0.1681526,-1.401003,2.113816,53.34557
R,0.06009319,0.84482,-0.1044887,0.002928584,-0.0224179,-0.5117353,-0.06564686,-10.251,-25.5105,53.35908
R,0.0601045,0.8447161,-0.109947,0.000788842,-0.007250899,-0.3809545,-0.1493399,1.058557,9.127635,53.37341
R,0.06119699,0.8446426,-0.1156035,0.09597541,-0.006456309,-0.4969217,8.362127,0.06980462,-10.1877,53.38479
R,0.06195047,0.8446938,-0.1199541,0.05247597,0.003565854,-0.302998,-3.029521,0.6979941,13.50583,53.39915
R,0.0624901,0.8448128,-0.1234735,0.03802739,0.008383737,-0.248007,-1.018174,0.3395105,3.875151,53.41334
R,0.06268147,0.8421705,-0.1252274,0.01358014,-0.1875085,-0.1244623,-1.734895,-13.90145,8.767324,53.42743
R,0.06286802,0.8401113,-0.1271174,0.0135469,-0.1495369,-0.13725,-0.002414017,2.757347,-0.9285963,53.4412
R,0.05714642,0.8385692,-0.1290377,-0.4203708,-0.1132988,-0.1410804,-31.8803,2.662445,-0.281423,53.45481
R,0.05220333,0.8371993,-0.1312949,-0.3348325,-0.09279312,-0.1528969,5.794146,1.389,-0.8004159,53.46957
R,0.05043988,0.8369824,-0.132411,-0.1445523,-0.01777967,-0.09149517,15.5975,6.148946,5.033174,53.48177
R,0.04904841,0.8367738,-0.1335929,-0.08768428,-0.01314228,-0.07447416,3.583561,0.2922269,1.072586,53.49764
R,0.047789,0.8365532,-0.134887,-0.1062931,-0.0186182,-0.1092253,-1.570573,-0.4621635,-2.932973,53.50949
R,0.043099,0.838137,-0.1388328,-0.3242229,0.1094863,-0.2727762,-15.06566,8.855963,-11.3064,53.52396
R,0.03902676,0.8393712,-0.1425547,-0.2962025,0.08977439,-0.270717,2.03812,-1.433781,0.1497772,53.5377
R,0.03358822,0.8434002,-0.1492082,-0.3544706,0.2625987,-0.4336617,-3.797772,11.26426,-10.62033,53.55305
R,0.02924054,0.8463714,-0.154612,-0.3568313,0.2438557,-0.4435086,-0.1937544,-1.53831,-0.8081706,53.56523
R,0.02554939,0.8486401,-0.1592779,-0.251328,0.1544805,-0.3176948,7.183652,-6.085496,8.566579,53.57992
R,0.02770051,0.8508233,-0.1610219,0.1629776,0.1654037,-0.1321374,31.38951,0.8275876,14.0586,53.59312
R,0.02874928,0.8525302,-0.1628879,0.07645404,0.1244308,-0.1360279,-6.307459,-2.986877,-0.2836126,53.60683
R,0.03021348,0.8525555,-0.1623372,0.09213454,0.001594005,0.03465461,0.98669,-7.729459,10.74013,53.62273
R,0.03260076,0.8512383,-0.1585734,0.1935096,-0.1067757,0.3050861,8.217337,-8.78431,21.92084,53.63506
R,0.03664386,0.852818,-0.1575442,0.257251,0.1005158,0.06548563,4.055683,13.18937,-15.2451,53.65078
R,0.03967191,0.8542317,-0.1571225,0.2378029,0.111018,0.03312121,-1.527318,0.8247746,-2.541683,53.66351
R,0.04178396,0.8554091,-0.1570984,0.1635151,0.0911566,0.001860833,-5.751361,-1.537669,-2.420177,53.67643
R,0.04241917,0.857576,-0.1558483,0.04592241,0.1566594,0.09037916,-8.501439,4.735564,6.399489,53.69026
R,0.04293349,0.8595167,-0.1550036,0.03606933,0.1361022,0.05924061,-0.6909911,-1.441663,-2.18373,53.70452
R,0.04524143,0.8692577,-0.149275,0.1527036,0.6445096,0.3790255,7.717056,33.63855,21.15843,53.71964
R,0.04696286,0.8767463,-0.1452524,0.1257002,0.5468184,0.2937337,-1.971806,-7.133465,-6.228064,53.73333
R,0.04829983,0.8826826,-0.1423671,0.1053754,0.4678762,0.2274093,-1.601932,-6.221959,-5.227463,53.74602
R,0.04728605,0.9019911,-0.1336857,-0.05739867,1.093224,0.4915294,-9.216035,35.40628,14.95411,53.76368
R,0.04670062,0.9171643,-0.1271265,-0.05449885,1.412487,0.6106026,0.2699474,29.72049,11.08463,53.77442
R,0.04487327,0.9430951,-0.115462,-0.11822,1.677594,0.7546327,-4.122437,17.15108,9.318018,53.78988
R,0.04363493,0.9639723,-0.1063249,-0.09002303,1.517696,0.6642418,2.049823,-11.624,-6.57111,53.80363
R,0.04834716,0.9895375,-0.08312751,0.3882094,2.106154,1.911076,39.39841,48.47914,102.7184,53.81577
R,0.05184021,1.010844,-0.06477026,0.2209657,1.347841,1.161256,-10.57962,-47.96987,-47.43262,53.83158
R,0.05451651,1.02932,-0.04982767,0.2378221,1.641748,1.327834,1.497904,26.11726,14.8025,53.84283
R,0.06276882,1.054532,-0.01096337,0.5128724,1.566901,2.415373,17.09407,-4.651664,67.58938,53.85892
R,0.06915482,1.076756,0.02084863,0.4549051,1.583127,2.266121,-4.129288,1.155851,-10.63196,53.87296
R,0.07310162,1.097355,0.05829183,0.3077427,1.606196,2.919545,-11.47464,1.79878,50.94919,53.88579
R,0.0765409,1.116331,0.08960379,0.2565697,1.41557,2.335868,-3.817498,-14.22069,-43.54221,53.89919
R,0.07968279,1.134251,0.1165349,0.2166299,1.235608,1.856875,-2.753808,-12.4082,-33.02608,53.9137
R,0.09186357,1.136105,0.1406987,0.8385287,0.127626,1.663438,42.81172,-76.27384,-13.31627,53.92822
R,0.1015562,1.14152,0.1631523,0.7309722,0.4083627,1.693349,-8.111416,21.17187,2.255745,53.94148
R,0.1120124,1.1242,0.1655397,0.8052395,-1.333789,0.1838531,5.719365,-134.1641,-116.2472,53.95447
R,0.1207733,1.115906,0.1720823,0.6264678,-0.5931448,0.4678475,-12.7834,52.96114,20.30754,53.96845
R,0.1284084,1.112647,0.1816165,0.5337281,-0.2278167,0.6664875,-6.482971,25.53829,13.88594,53.98276
R,0.1358577,1.10088,0.1662706,0.5439556,-0.8591748,-1.120568,0.7468184,-46.10216,-130.4919,53.99645
R,0.14274,1.094623,0.1598633,0.4964657,-0.4513707,-0.4622037,-3.425758,29.41755,47.4921,54.01031
R,0.1309156,1.082826,0.1308578,-0.8576975,-0.8557001,-2.103932,-98.22517,-29.32831,-119.0839,54.0241
R,0.1240415,1.075659,0.1145487,-0.4224097,-0.4404008,-1.00219,26.74826,25.51997,67.70159,54.04037
R,0.1032014,1.059237,0.08338491,-1.811369,-1.427398,-2.708684,-120.7253,-85.78756,-148.3247,54.05188
R,0.08936236,1.048055,0.0633375,-1.00161,-0.8093077,-1.450941,58.60674,44.73455,91.02975,54.0657
R,0.07948413,1.039946,0.04909486,-0.666371,-0.5469956,-0.960788,22.61472,17.6952,33.06503,54.08052
R,0.06578004,1.014373,0.02313568,-0.9438905,-1.761421,-1.787977,-19.11458,-83.64539,-56.97393,54.09504
R,0.05547727,0.9963326,0.004561808,-0.8254305,-1.445327,-1.48809,9.490703,25.32464,24.0262,54.10752
R,0.04025848,0.9699527,-0.02257074,-1.001384,-1.735775,-1.7853,-11.57761,-19.11127,-19.55618,54.12272
R,0.02843172,0.9503664,-0.04280771,-0.8536103,-1.413662,-1.460628,10.66577,23.24887,23.4336,54.13657
R,0.02658681,0.9395881,-0.05396648,-0.1538272,-0.8986909,-0.9304084,58.34731,42.93788,44.20923,54.14857
R,0.02365488,0.9291413,-0.06489181,-0.1333429,-0.4751149,-0.4968789,0.9316189,19.26404,19.71672,54.17056
R,0.02009686,0.9191234,-0.07542565,-0.1552451,-0.4371073,-0.4596176,-0.9556477,1.658368,1.6258,54.19347
R,0.01499297,0.9102502,-0.09755619,-0.4483767,-0.7795011,-1.944165,-25.75157,-30.07925,-130.4173,54.20486
R,0.01883869,0.9088446,-0.1048469,0.2783358,-0.1017307,-0.5276694,52.59616,49.05396,102.5196,54.21867
R,0.02064973,0.9057441,-0.112732,0.130714,-0.2237834,-0.5691181,-10.65478,-8.809298,-2.991611,54.23253
R,0.0209854,0.9013851,-0.1211526,0.0245247,-0.3184748,-0.6152186,-7.758333,-6.918277,-3.368159,54.24622
R,0.02575729,0.9055061,-0.1256433,0.3474784,0.3000781,-0.3270041,23.51677,45.04165,20.98713,54.25995
R,0.02853671,0.906632,-0.1315606,0.1931621,0.07824927,-0.4112343,-10.72458,-15.41652,-5.853773,54.27434
R,0.03701111,0.9172964,-0.1234453,0.6279007,0.7901621,0.601292,32.21145,52.74836,75.02196,54.28783
R,0.04287326,0.9238146,-0.1197987,0.3651921,0.4060643,0.2271691,-16.36584,-23.92798,-23.30657,54.30389
R,0.0502333,0.9349236,-0.1108484,0.4255381,0.6422964,0.5174829,3.489045,13.65832,16.78518,54.32118
R,0.05567941,0.9424472,-0.1058214,0.4349988,0.6009293,0.4015255,0.7556558,-3.304121,-9.261897,54.3337
R,0.05989924,0.9476165,-0.1033727,0.3922706,0.4805297,0.2276256,-3.971961,-11.19221,-16.16553,54.34446
R,0.06624717,0.9583313,-0.08953598,0.4217112,0.7118205,0.9192151,1.95582,15.36531,45.94426,54.35951
R,0.0713798,0.9663826,-0.07992858,0.3893195,0.6106997,0.7287388,-2.456966,-7.670202,-14.44798,54.3727
R,0.07474046,0.9756265,-0.06275652,0.2271729,0.6248711,1.160793,-10.96074,0.9579519,29.20587,54.38749
R,0.08041724,0.9880441,-0.04235255,0.3132911,0.6853026,1.126058,4.75271,3.335109,-1.916941,54.40561
R,0.08271532,0.988939,-0.02700966,0.1699852,0.06619903,1.134889,-10.60011,-45.7941,0.6531903,54.41913
R,0.08483852,0.9898038,-0.01628509,0.1433761,0.05839451,0.72421,-1.796866,-0.5270243,-27.73236,54.43394
R,0.0870885,0.9913281,-0.007288,0.1529607,0.103625,0.6116527,0.6515941,3.074924,-7.652032,54.44865
R,0.08674692,0.9856123,0.0006232001,-0.02068922,-0.3461977,0.479176,-10.51786,-27.24546,-8.02402,54.46516
R,0.08719522,0.9823352,0.007883613,0.03512239,-0.2567478,0.5688206,4.372589,7.007999,7.023248,54.47792
R,0.08817188,0.97234,0.0123336,0.06875063,-0.7035949,0.3132488,2.367196,-31.45497,-17.9905,54.49213
R,0.08946308,0.9657196,0.01717083,0.08652364,-0.443635,0.3241433,1.190973,17.41998,0.7300414,54.50705
R,0.07613295,0.959228,-0.000750544,-0.8619674,-0.4197629,-1.15885,-61.33232,1.543641,-95.8949,54.52251
R,0.06717944,0.9545063,-0.01178177,-0.7204136,-0.3799158,-0.8875905,11.38966,3.206163,21.82602,54.53494
R,0.06080523,0.9508796,-0.01887012,-0.4785112,-0.2722562,-0.5321212,18.15958,8.081988,26.68504,54.54826
R,0.04683223,0.940643,-0.0406249,-0.9619064,-0.7046965,-1.497607,-33.27709,-29.76934,-66.46434,54.56279
R,0.03668009,0.9329842,-0.05526848,-0.6584172,-0.4967103,-0.9497097,19.6828,13.48895,35.53387,54.57821
R,0.02593081,0.9244984,-0.07389763,-0.7982603,-0.6301655,-1.383433,-10.385,-9.910617,-32.20908,54.59167
R,0.01737049,0.9176433,-0.08770403,-0.5449337,-0.4363845,-0.8788892,16.12629,12.33573,32.11831,54.60738
R,0.01573796,0.9076724,-0.09651892,-0.1291361,-0.7887183,-0.697275,32.89042,-27.87031,14.36604,54.62003
R,0.01335942,0.8994774,-0.1043409,-0.1833882,-0.6318474,-0.6030825,-4.182899,12.09493,7.262358,54.633
R,0.01787891,0.9049428,-0.09784813,0.3222949,0.3897494,0.4630128,36.06142,72.85241,76.02571,54.64702
R,0.01767661,0.9027407,-0.1024692,-0.01441863,-0.1569467,-0.329357,-23.99876,-38.96495,-56.47499,54.66105
R,0.01655013,0.8986966,-0.1100246,-0.0733477,-0.2633235,-0.4919561,-3.837035,-6.92649,-10.58728,54.67641
R,0.01815933,0.8987531,-0.1097426,0.1133371,0.003979715,0.01986342,13.14839,18.82642,36.04793,54.69061
R,0.01899389,0.8983912,-0.1100866,0.06352349,-0.02754337,-0.02618344,-3.791622,-2.399416,-3.50491,54.70374
R,0.01950846,0.8976774,-0.1108976,0.03793338,-0.05262233,-0.05978781,-1.886472,-1.84879,-2.477273,54.71731
R,0.0224776,0.8979996,-0.1098022,0.1925639,0.0208939,0.07104263,10.02857,4.767897,8.485011,54.73273
R,0.02518198,0.897872,-0.1092838,0.1844268,-0.008698621,0.03535492,-0.5549161,-2.01808,-2.433746,54.74739
R,0.03768736,0.8981669,-0.1013635,1.026366,0.02420065,0.6500433,69.10119,2.700171,50.44987,54.75957
R,0.04941106,0.9019187,-0.09208465,0.8378672,0.268134,0.6631424,-13.47157,17.43339,0.9361624,54.77357
R,0.05809952,0.9042401,-0.08564778,0.4057048,0.1083981,0.3005673,-20.17969,-7.458821,-16.93033,54.79498
R,0.06480303,0.9056205,-0.08108711,0.3193904,0.0657687,0.2172942,-4.112469,-2.031087,-3.967565,54.81597
R,0.08234679,0.9126556,-0.06639364,1.340032,0.5373552,1.122321,77.95895,36.02086,69.128,54.82906
R,0.09066847,0.9152269,-0.06008095,0.6158889,0.1903056,0.4672036,-53.59396,-25.6852,-48.48533,54.84258
R,0.1021358,0.9156841,-0.04851167,0.7485313,0.02984157,0.7551833,8.658218,-10.47427,18.79785,54.85789
R,0.1117628,0.9161502,-0.03927826,0.7578559,0.03668825,0.7268719,0.7340512,0.5389836,-2.22873,54.8706
R,0.1201132,0.9166365,-0.03167019,0.5706475,0.03323368,0.5199195,-12.79342,-0.2360781,-14.14269,54.88523
R,0.1303492,0.9199354,-0.02701653,0.6738605,0.2171765,0.3063609,6.79474,12.10937,-14.05904,54.90042
R,0.1412119,0.9172726,-0.02449904,0.7671278,-0.1880514,0.1777863,6.586598,-28.61748,-9.080027,54.91458
R,0.1508396,0.9154766,-0.02148681,0.6719468,-0.1253494,0.2102339,-6.643004,4.376184,2.264629,54.92891
R,0.1596756,0.9142542,-0.01813898,0.6897893,-0.09542045,0.2613501,1.392886,2.336423,3.990411,54.94172
R,0.1643703,0.9078252,-0.0198835,0.3673741,-0.5030877,-0.1365121,-25.22962,-31.90075,-31.13349,54.9545
R,0.1696893,0.9031738,-0.02007677,0.412522,-0.360748,-0.01498966,3.501553,11.0395,9.424962,54.96739
R,0.1675874,0.8979843,-0.03085916,-0.1435654,-0.3544571,-0.7364613,-37.98201,0.4296814,-49.27813,54.98203
R,0.1678341,0.8939223,-0.03774034,0.01695644,-0.2791893,-0.4729576,11.03299,5.173305,18.11115,54.99658
R,0.1696003,0.8905493,-0.04234182,0.133815,-0.25555,-0.3486269,8.853693,1.791013,9.419813,55.00978
R,0.1650332,0.8829337,-0.04916289,-0.3249801,-0.5419042,-0.4853704,-32.64669,-20.37623,-9.730318,55.02383
R,0.1630654,0.8769263,-0.05403645,-0.1269926,-0.3876939,-0.3145185,12.77726,9.952067,11.02605,55.03933
R,0.1468723,0.8760578,-0.06608277,-1.385423,-0.07430544,-1.030636,-107.6665,26.8123,-61.26826,55.05102
R,0.1362988,0.8746452,-0.07500982,-0.6854039,-0.09157085,-0.5786775,45.37733,-1.119194,29.29729,55.06644
R,0.129,0.8728923,-0.08205183,-0.5196469,-0.1247963,-0.5013638,11.80125,-2.365523,5.504435,55.08049
R,0.09286757,0.8677864,-0.09883698,-2.612216,-0.3691352,-1.213493,-151.2836,-17.66464,-51.48386,55.09432
R,0.05386123,0.8692715,-0.1136878,-2.789219,0.1061954,-1.061931,-12.65693,33.98938,10.83771,55.10831
R,0.0270326,0.8697044,-0.1256381,-2.131201,0.03438447,-0.9493087,52.27132,-5.70449,8.946482,55.1209
R,0.004348925,0.869455,-0.1359171,-1.554206,-0.01708295,-0.7042757,39.5337,-3.526366,16.7888,55.13549
R,-0.01462936,0.8687831,-0.1450722,-1.456395,-0.05156799,-0.7025635,7.506011,-2.646384,0.13139,55.14852
R,-0.02936551,0.8775682,-0.1550266,-0.9184477,0.5475474,-0.620425,33.52819,37.34058,5.11938,55.16457
R,-0.02732436,0.8864332,-0.1534127,0.1662755,0.7221537,0.1314736,88.36348,14.22374,61.251,55.17684
R,-0.02923035,0.8927425,-0.1541598,-0.1201066,0.3975849,-0.04707876,-18.04648,-20.45283,-11.25155,55.19271
R,-0.03353149,0.8974143,-0.1563808,-0.3168971,0.3442023,-0.1636376,-14.499,-3.933084,-8.587748,55.20628
R,-0.0393144,0.901063,-0.1595145,-0.4719661,0.2977847,-0.2557499,-12.65579,-3.788328,-7.517647,55.21854
R,-0.03039676,0.9158627,-0.1548807,0.6090953,1.010858,0.3164979,73.83891,48.70448,39.0858,55.23318
R,-0.01136672,0.9325156,-0.1403945,1.388038,1.214646,1.056611,56.81559,14.86418,53.98339,55.24689
R,0.000953405,0.9455004,-0.1306557,0.7816184,0.8237877,0.617855,-38.47274,-24.79699,-27.83576,55.26265
R,0.0129198,0.9600116,-0.1120747,0.9784522,1.186535,1.51931,16.09445,29.66065,73.709,55.27488
R,0.02098997,0.9720553,-0.09836748,0.5182627,0.7734375,0.8802675,-29.55314,-26.52892,-41.039,55.29045
R,0.02656625,0.9825217,-0.08796623,0.5111144,0.9593422,0.953366,-0.6552065,17.03979,6.70012,55.30136
R,0.04456084,0.9879351,-0.06631774,1.109401,0.3337474,1.334671,36.88554,-38.56913,23.50819,55.31758
R,0.05830337,0.9937481,-0.04898716,1.113264,0.4708987,1.403927,0.3129249,11.11044,5.610312,55.32993
R,0.07094644,0.9945781,-0.01953969,0.8861777,0.05817597,2.064031,-15.91693,-28.92855,46.26801,55.34419
R,0.08121486,0.99695,0.004594378,0.4935469,0.1140075,1.159993,-18.87162,2.683517,-43.45218,55.365
R,0.09214742,0.9922925,0.02726318,0.9944151,-0.4236424,2.061933,45.5585,-48.90413,82.03957,55.37599
R,0.1015977,0.9903498,0.04690235,0.84034,-0.1727548,1.746367,-13.70077,22.30959,-28.06091,55.38724
R,0.1100377,0.990109,0.06443775,0.6354095,-0.01812446,1.320161,-15.42828,11.64142,-32.08711,55.40052
R,0.1135013,0.985875,0.06786875,0.23033,-0.2815631,0.2281619,-26.93789,-17.51874,-72.61825,55.41556
R,0.1176837,0.9836605,0.07368257,0.3749686,-0.1985348,0.5212238,12.96722,7.443704,26.27375,55.42671
R,0.1112413,0.9736898,0.06165576,-0.4513206,-0.6984943,-0.842532,-57.88529,-35.02443,-95.53726,55.44099
R,0.1080617,0.9669961,0.05607153,-0.2266241,-0.4770808,-0.3980082,16.01491,15.78092,31.68278,55.45502
R,0.1069084,0.9622217,0.05429591,-0.08642439,-0.3578027,-0.1330665,10.50672,8.938835,19.85502,55.46836
R,0.08069953,0.9514641,0.027679,-1.729735,-0.7099816,-1.756663,-108.4552,-23.2431,-107.1541,55.48351
R,0.06369936,0.9435259,0.0113376,-1.096577,-0.5120417,-1.054084,40.84114,12.7679,45.31907,55.49902
R,0.0319354,0.9324012,-0.01766643,-2.887216,-1.011193,-2.63635,-162.7619,-45.37087,-143.8216,55.51002
R,0.009392317,0.923645,-0.03772193,-1.621717,-0.6299053,-1.442763,91.03817,27.42929,85.86488,55.52392
R,-0.008234633,0.9163551,-0.05292499,-0.9699411,-0.4011335,-0.8365641,35.86462,12.58841,33.35673,55.54209
R,-0.02490019,0.9101554,-0.07263616,-1.572634,-0.5850319,-1.86003,-56.87265,-17.35344,-96.57863,55.55269
R,-0.03923231,0.9044417,-0.08819725,-0.9550273,-0.3807392,-1.036921,41.1545,13.61314,54.84825,55.5677
R,-0.04277495,0.9077182,-0.09801825,-0.2361856,0.218444,-0.6547598,47.92474,39.94718,25.47847,55.5827
R,-0.04810579,0.9088982,-0.1074592,-0.444481,0.09838681,-0.7871796,-17.36749,-10.01027,-11.04105,55.59469
R,-0.04190991,0.9136831,-0.1034875,0.3814497,0.2945815,0.2445181,50.84847,12.07874,63.51653,55.61093
R,-0.0398069,0.9158415,-0.1026316,0.08463157,0.08686339,0.03444534,-11.9449,-8.359236,-8.453995,55.63578
R,-0.02087648,0.9448032,-0.08942506,1.329003,2.033246,0.9271585,87.36058,136.645,62.67257,55.65002
R,-0.01496771,0.9572442,-0.08613639,0.4676777,0.9847005,0.2602975,-68.17366,-82.99213,-52.78188,55.66266
R,0.002233254,0.9702802,-0.06335136,1.203719,0.9122522,1.59449,51.50794,-5.069908,93.36643,55.67695
R,0.01487857,0.9807869,-0.04654208,0.5972782,0.4962669,0.7939551,-28.6441,-19.6483,-37.81181,55.69812
R,0.03342246,0.9940394,-0.02646384,2.550455,1.822698,2.761484,268.6326,182.4323,270.6065,55.70539
R,0.04759174,1.005027,-0.01116662,0.992092,0.7692892,1.071067,-109.1121,-73.75663,-118.3581,55.71967
R,0.05923824,1.014787,0.001446559,0.6929327,0.5807422,0.7504468,-17.7991,-11.21799,-19.07597,55.73648
R,0.07446187,1.018479,0.02087854,1.364837,0.3309358,1.742127,60.23788,-22.39578,88.9066,55.74763
R,0.08732019,1.022906,0.03710466,0.8384907,0.2887127,1.058104,-34.32299,-2.753366,-44.60505,55.76297
R,0.09959652,1.023055,0.04736195,0.6459582,0.007828182,0.5397201,-10.13071,-14.77964,-27.27646,55.78197
R,0.1106306,1.024768,0.05707923,1.034525,0.1606424,0.9110609,36.43076,14.32737,34.81572,55.79264
R,0.1207689,1.027495,0.06647824,1.105531,0.297291,1.024915,7.742812,14.90083,12.41516,55.80181
R,0.1248935,1.022732,0.06285544,0.2967153,-0.3426009,-0.2606184,-58.18498,-46.03288,-92.47935,55.81571
R,0.1300952,1.020565,0.06250962,0.3620801,-0.1508729,-0.02407229,4.549921,13.34581,16.46552,55.83008
R,0.1154701,1.010065,0.05039134,-1.096646,-0.7873284,-0.9086769,-109.3811,-47.72396,-66.33118,55.84341
R,0.1070353,1.003325,0.04348592,-0.6011817,-0.4803562,-0.4921734,35.3135,21.87899,29.68567,55.85744
R,0.1022201,0.9988258,0.03965809,-0.2916542,-0.2725241,-0.2318492,18.74787,12.58825,15.76766,55.87395
R,0.08320539,0.9916269,0.02034446,-1.583413,-0.5994828,-1.608307,-107.5689,-27.22689,-114.6221,55.88596
R,0.07045072,0.9864318,0.007341913,-0.8954372,-0.3647144,-0.9128388,48.29907,16.48182,48.82509,55.90021
R,0.04174665,0.9720814,-0.01054975,-1.965674,-0.982726,-1.225233,-73.2905,-42.32184,-21.39296,55.91481
R,0.02199395,0.9615393,-0.02356482,-1.424107,-0.7600557,-0.9383448,39.04523,16.05382,20.68372,55.92868
R,0.007297464,0.9540394,-0.0347637,-1.107704,-0.5652809,-0.844083,23.84792,14.68058,7.104703,55.94195
R,-0.005020763,0.9476272,-0.04400458,-0.6106561,-0.3178748,-0.4581015,24.64035,12.26475,19.13441,55.96212
R,-0.01577467,0.9419125,-0.05202952,-1.155358,-0.6139665,-0.8621678,-58.5206,-31.81092,-43.4113,55.97143
R,-0.01912875,0.9385041,-0.06100658,-0.2649944,-0.269284,-0.7092478,70.3446,27.2322,12.0817,55.98409
R,-0.02369497,0.9348452,-0.0690443,-0.3443635,-0.2759368,-0.6061677,-5.98565,-0.5017216,7.773824,55.99734
R,-0.02010307,0.9409015,-0.07061283,0.2550365,0.4300176,-0.111371,42.55934,50.12506,35.13218,56.01143
R,-0.01937127,0.943831,-0.07298097,0.05064346,0.202729,-0.1638841,-14.14478,-15.72924,-3.634108,56.02588
R,-0.02008495,0.9453914,-0.07603194,-0.05021119,0.109786,-0.2146519,-7.095663,-6.53904,-3.571785,56.04009
R,-0.01369801,0.9550502,-0.07629375,0.4158715,0.6289121,-0.0170474,30.34793,33.80174,12.86658,56.05545
R,-0.01017154,0.9617266,-0.07782838,0.3017107,0.5712049,-0.1312967,-9.767153,-4.937204,-9.774726,56.06714
R,-0.0007711936,0.9816682,-0.07597065,0.6599479,1.399994,0.130421,25.1499,58.18482,18.37379,56.08138
R,0.005539449,0.9967797,-0.07570831,0.4113121,0.9849305,0.01709834,-16.20547,-27.05282,-7.386093,56.09673
R,0.02125933,1.010879,-0.06125947,1.44897,1.299628,1.331814,95.64552,29.00701,121.1831,56.10757
R,0.03290686,1.02216,-0.05117081,0.7353878,0.7122471,0.6369652,-45.05332,-37.08532,-43.87053,56.12341
R,0.04184294,1.031736,-0.04402971,0.6938806,0.7435204,0.5545018,-3.223003,2.42835,-6.403228,56.13629
R,0.05302057,1.037905,-0.02609479,0.7984058,0.4406506,1.281071,7.466119,-21.63366,51.89806,56.15029
R,0.0621517,1.043964,-0.01235566,0.6096971,0.4045705,0.917379,-12.60032,-2.409111,-24.28421,56.16527
R,0.07888692,1.037325,0.01429777,0.8286808,-0.3287507,1.319803,10.84346,-36.312,19.9269,56.18546
R,0.09263796,1.034008,0.03547161,0.6371074,-0.1536707,0.9810173,-8.875895,8.111732,-15.69647,56.20705
R,0.1128749,1.024387,0.05837732,1.430688,-0.680151,1.619362,56.10365,-37.22052,45.12898,56.22119
R,0.123897,1.022142,0.07100514,0.8269522,-0.1684584,0.9474263,-45.29641,38.39071,-50.41326,56.23452
R,0.126705,1.007529,0.07026751,0.2376042,-1.236554,-0.06241678,-49.86897,-90.3792,-85.45007,56.24634
R,0.1307334,0.9974236,0.07198369,0.2597243,-0.6514848,0.110646,1.426136,37.72069,11.15774,56.26185
R,0.1356522,0.9899633,0.07539747,0.3933563,-0.59661,0.2730025,10.68664,4.388385,12.98377,56.27435
R,0.1311957,0.9730974,0.06218864,-0.3167653,-1.198833,-0.9388872,-50.47563,-42.80619,-86.14144,56.28842
R,0.1297726,0.9606922,0.05474162,-0.09916601,-0.8644214,-0.5189236,15.16277,23.30252,29.26394,56.30277
R,0.1151534,0.9462691,0.03529151,-0.8850692,-0.8731921,-1.177536,-47.57963,-0.5309938,-39.87326,56.31929
R,0.1061027,0.9346789,0.0226498,-0.7913837,-1.013441,-1.105386,8.191826,-12.26333,6.308695,56.33073
R,0.09446985,0.9247437,-0.001193715,-0.7739823,-0.6610287,-1.586405,1.157785,23.44742,-32.00407,56.34576
R,0.08660093,0.9159041,-0.01737006,-0.6366639,-0.7152006,-1.308806,11.11024,-4.382977,22.46013,56.35812
R,0.08082683,0.9076321,-0.03036167,-0.4058034,-0.5813547,-0.913049,16.22486,9.406673,27.81376,56.37234
R,0.07289726,0.9012403,-0.04287719,-0.5783777,-0.4662111,-0.912874,-12.58746,8.398505,0.01276868,56.38605
R,0.06680146,0.8946588,-0.05342507,-0.3243964,-0.3502461,-0.56132,13.51597,6.171236,18.70844,56.40485
R,0.06321172,0.8910359,-0.06187608,-0.3196425,-0.3225947,-0.7525074,0.4233053,2.462182,-17.02399,56.41608
R,0.05993284,0.8865155,-0.06984253,-0.2423971,-0.3341794,-0.5889333,5.710494,-0.8564183,12.09249,56.4296
R,0.05686725,0.8892133,-0.07488641,-0.2604102,0.22917,-0.4284584,-1.530147,47.8544,13.63173,56.44138
R,0.05392014,0.8895702,-0.08044215,-0.2055791,0.02489689,-0.3875472,3.82481,-14.24933,2.853814,56.45571
R,0.05105225,0.8884145,-0.08627783,-0.1919818,-0.07736689,-0.3906509,0.91023,-6.845719,-0.2077694,56.47065
R,0.05285256,0.8905891,-0.08588023,0.1389698,0.1678629,0.03069155,25.54681,18.92978,32.52427,56.4836
R,0.05383609,0.8916429,-0.08646699,0.07130148,0.07639657,-0.04253772,-4.905653,-6.630906,-5.308798,56.4974
R,0.05784115,0.9000571,-0.08126107,0.2615601,0.5495103,0.3399853,12.4253,30.89784,24.9816,56.51271
R,0.06037207,0.9057081,-0.07862742,0.2098244,0.468493,0.2183417,-4.289121,-6.716694,-10.0848,56.52477
R,0.06172521,0.9090004,-0.07786506,0.09413928,0.2290464,0.05303761,-8.048347,-16.65857,-11.50039,56.53915
R,0.06857932,0.9155995,-0.07031601,0.4919944,0.4736916,0.5418783,28.55842,17.56087,35.08944,56.55308
R,0.07348284,0.9203234,-0.0654657,0.3789592,0.3650731,0.3748462,-8.735702,-8.394365,-12.90874,56.56602
R,0.08420349,0.9258235,-0.05136715,0.7100438,0.364278,0.9337674,21.92821,-0.05266036,37.01815,56.58112
R,0.09236634,0.9300477,-0.04106038,0.6242245,0.3230337,0.7881728,-6.562723,-3.154016,-11.13382,56.59419
R,0.09876449,0.9334395,-0.03341489,0.4475022,0.2372307,0.5347438,-12.36038,-6.001263,-17.72543,56.60849
R,0.108586,0.9311137,-0.01738719,0.6571323,-0.1556159,1.072375,14.02585,-26.28442,35.97162,56.62344
R,0.1165901,0.9298685,-0.0048517,0.5880729,-0.09148157,0.9209933,-5.073855,4.712004,-11.12215,56.63705
R,0.130008,0.9226218,0.01145812,1.041889,-0.562699,1.266446,35.23847,-36.5897,26.82417,56.64993
R,0.1410589,0.917685,0.02479067,0.8229903,-0.3676625,0.9929116,-16.30195,14.5249,-20.37086,56.66335
R,0.1504606,0.9141281,0.03606953,0.6589813,-0.2493107,0.7905576,-11.49572,8.295512,-14.18339,56.67762
R,0.1662804,0.9011005,0.0462445,1.013455,-0.8345782,0.6518342,22.70851,-37.49373,-8.886974,56.69323
R,0.1796227,0.8916621,0.05558583,1.098493,-0.7770836,0.7690874,7.001306,4.733619,9.653649,56.70538
R,0.1892618,0.8831891,0.05435199,0.5860054,-0.5151068,-0.07501028,-31.1562,15.92664,-51.31613,56.72182
R,0.1983242,0.8763564,0.055424,0.7653469,-0.5770427,0.09053559,15.14603,-5.230711,13.98095,56.73367
R,0.1844246,0.8764795,0.04050503,-0.9847783,0.008720439,-1.057005,-123.9959,41.50116,-81.30296,56.74778
R,0.1766003,0.8756092,0.0316033,-0.6075526,-0.06758182,-0.691213,29.2913,-5.924816,28.4035,56.76066
R,0.172305,0.8741108,0.02606036,-0.2969368,-0.1035857,-0.3831881,21.47312,-2.488975,21.29401,56.77512
R,0.1527187,0.8785715,0.01335755,-1.287473,0.2932195,-0.8349961,-65.11109,26.08327,-29.69879,56.79034
R,0.1399062,0.8811103,0.004730758,-1.082762,0.2145491,-0.7290337,17.29974,-6.648285,8.954677,56.80217
R,0.1189359,0.8827018,-0.00747398,-1.461251,0.1108951,-0.8504516,-26.3739,-7.222823,-8.46065,56.81652
R,0.1042288,0.8834251,-0.01640275,-0.9454121,0.04649568,-0.5739637,33.15938,-4.139757,17.77333,56.83208
R,0.0833503,0.8790419,-0.02514764,-1.766677,-0.3708895,-0.7399677,-69.49313,-35.31795,-14.04679,56.84389
R,0.06730029,0.8755265,-0.03226458,-0.992783,-0.2174448,-0.4402225,47.86969,9.491409,18.54091,56.86006
R,0.05412839,0.8725715,-0.0383449,-0.6741381,-0.1512379,-0.3111911,16.30824,3.388471,6.603829,56.8796
R,0.04119946,0.8769979,-0.04379125,-1.478726,0.506265,-0.6229174,-92.02353,75.20089,-35.65321,56.88834
R,0.02977475,0.8797835,-0.04884774,-0.8950747,0.2182363,-0.3961531,45.72646,-22.56575,17.76595,56.90111
R,0.02192992,0.8882826,-0.05606983,-0.5819113,0.6304427,-0.535718,23.22974,30.57652,-10.3526,56.91459
R,0.0138813,0.8944199,-0.06245857,-0.6101499,0.4652572,-0.4843174,-2.140706,-12.52238,3.896578,56.92778
R,0.005714106,0.8989427,-0.06836878,-0.6145178,0.3403057,-0.4446975,-0.3286542,-9.401633,2.981088,56.94107
R,0.009326507,0.9064958,-0.07095953,0.2439385,0.5100464,-0.1749486,57.96991,11.46226,18.21563,56.95588
R,0.009677898,0.9124045,-0.07420053,0.02710859,0.455838,-0.2500322,-16.72768,-4.181989,-5.792441,56.96884
R,0.02045981,0.9174548,-0.07389922,0.7833738,0.366932,0.02189254,54.94744,-6.459582,19.75705,56.9826
R,0.02680102,0.9217622,-0.07489924,0.400364,0.2719548,-0.06313834,-24.18201,-5.996559,-5.368578,56.99844
R,0.03012872,0.9256045,-0.07672948,0.2449009,0.2827722,-0.134696,-11.44125,0.7961008,-5.266257,57.01203
R,0.04610686,0.9272025,-0.06891792,1.160269,0.1160405,0.5672448,66.47044,-12.1074,50.97218,57.0258
R,0.05729234,0.9291413,-0.06409468,0.7773616,0.1347428,0.3352028,-26.61106,1.299762,-16.12631,57.04019
R,0.07672679,0.9288356,-0.04651789,1.419907,-0.02233574,1.284183,46.94518,-11.47637,69.33376,57.05388
R,0.0912841,0.929333,-0.03381395,1.110626,0.03794838,0.9692264,-23.59605,4.599278,-24.02912,57.06699
R,0.107191,0.9230627,-0.01642247,1.215007,-0.4789345,1.328401,7.972857,-39.48069,27.4346,57.08008
R,0.1198673,0.9190851,-0.003080216,0.89569,-0.2810563,0.942747,-22.56255,13.98183,-27.24985,57.09423
R,0.1304283,0.9165246,0.007531911,0.7807416,-0.1892846,0.7845193,-8.497748,6.784375,-11.69725,57.10776
R,0.1471824,0.9047513,0.02470846,1.039274,-0.7303153,1.065483,16.0371,-33.56081,17.4285,57.12388
R,0.1612921,0.8964595,0.03882247,1.220717,-0.7173731,1.22109,15.69776,1.119709,13.46254,57.13544
R,0.172758,0.8881968,0.03889172,0.7281333,-0.5247131,0.004397606,-31.28099,12.23466,-77.26467,57.15118
R,0.1832897,0.8818029,0.04064081,0.882609,-0.5358506,0.146584,12.94593,-0.9333839,11.91602,57.16312
R,0.1931862,0.8764923,0.04362022,0.6495515,-0.3485541,0.1955516,-15.2966,12.2931,3.213966,57.17835
R,0.185149,0.8785768,0.02783407,-0.6226059,0.1614722,-1.222886,-98.54859,39.50955,-109.8803,57.19126
R,0.1816904,0.8792623,0.01824246,-0.2296456,0.04552147,-0.6368747,26.09225,-7.699034,38.91066,57.20632
R,0.1622673,0.8832618,0.006556214,-1.3836,0.2849015,-0.8324673,-82.2017,17.05219,-13.93299,57.22036
R,0.1502882,0.885597,-0.001266815,-0.9609136,0.1873183,-0.6275275,33.90598,-7.827677,16.43933,57.23283
R,0.1424839,0.8868483,-0.006753989,-0.5632797,0.09031697,-0.3960435,28.69971,-7.001189,16.70764,57.24668
R,0.1150418,0.8879647,-0.02059218,-1.675312,0.06815469,-0.8448064,-67.88834,-1.352983,-27.39649,57.26306
R,0.096782,0.8885187,-0.03057052,-1.612769,0.04892815,-0.8813215,5.523974,-1.698155,-3.225136,57.27438
R,0.05769069,0.887464,-0.04049849,-2.684011,-0.07241602,-0.6816545,-73.55146,-8.331494,13.70914,57.28895
R,0.03316155,0.8865283,-0.04836539,-1.632022,-0.06225809,-0.5234167,69.99303,0.6758479,10.52819,57.30398
R,0.01676055,0.8869712,-0.05643941,-1.068977,0.02886857,-0.5262448,36.69786,5.93941,-0.1843299,57.31932
R,0.00204238,0.8871217,-0.06338202,-1.207977,0.01235226,-0.5698068,-11.40829,-1.355557,-3.575302,57.3315
R,-0.01116555,0.8870816,-0.06960255,-1.040379,-0.003155048,-0.4899861,13.20161,-1.221499,6.287415,57.3442
R,-0.01704708,0.8893574,-0.07449991,-0.4249746,0.1644415,-0.3538623,44.46651,12.10982,9.835732,57.35804
R,-0.02430231,0.8909083,-0.07937738,-0.5173873,0.1105949,-0.3478242,-6.59016,-3.839924,0.430595,57.37206
R,-0.02405686,0.8976055,-0.08269061,0.01776457,0.4847115,-0.2397965,38.73187,27.07687,7.818552,57.38588
R,-0.02655966,0.9025602,-0.08642612,-0.1746787,0.345805,-0.2607141,-13.43127,-9.694753,-1.45991,57.40021
R,-0.03079188,0.9063433,-0.09042247,-0.3029629,0.2708134,-0.2860784,-9.183216,-5.368269,-1.815702,57.41418
R,-0.02213033,0.9127999,-0.09359749,0.6457829,0.4813887,-0.2367209,70.73608,15.69995,3.679974,57.42759
R,-0.01784122,0.9179156,-0.09714855,0.2909844,0.3470618,-0.2409132,-24.07047,-9.11309,-0.2844203,57.44233
R,-0.01008291,0.9190542,-0.09463993,0.5703295,0.08370285,0.1844131,20.53523,-19.36006,31.26661,57.45593
R,-0.005996434,0.9203767,-0.09400181,0.3088943,0.09996305,0.04823565,-19.76172,1.229099,-10.29357,57.46916
R,0.002202707,0.9176925,-0.08885141,0.591783,-0.1937294,0.3717364,20.41783,-21.19761,23.34906,57.48302
R,0.007454052,0.9162727,-0.08589745,0.3692619,-0.0998399,0.2077155,-15.64715,6.602081,-11.53356,57.49724
R,0.01047768,0.9157066,-0.08451352,0.1809651,-0.0338827,0.08282855,-11.26961,3.947553,-7.47451,57.51395
R,0.0168856,0.9135091,-0.07987455,0.6372522,-0.2185366,0.4613346,45.37668,-18.3634,37.64154,57.524
R,0.02139785,0.9121934,-0.07686233,0.2656918,-0.0774722,0.1773663,-21.87833,8.306196,-16.72071,57.54099
R,0.02609744,0.907679,-0.0723515,0.3534046,-0.3394785,0.3392101,6.59592,-19.70263,12.1705,57.55428
R,0.02965008,0.9045339,-0.06916784,0.2895848,-0.2563647,0.2595081,-5.202105,6.774807,-6.496699,57.56655
R,0.03232804,0.9023704,-0.06696186,0.1955463,-0.1579779,0.1610817,-6.866748,7.184263,-7.18716,57.58025
R,0.03406208,0.9004462,-0.06573028,0.0441499,-0.04899202,0.03135699,-3.854667,2.774863,-3.302889,57.61952
R,0.03354457,0.8991543,-0.06567725,-0.02560629,-0.06392153,0.002624074,-3.451522,-0.7387089,-1.421699,57.63973
R,0.03281279,0.8975921,-0.06632143,-0.03999854,-0.08538691,-0.03521041,-0.7866645,-1.173274,-2.067991,57.65803
R,0.03250369,0.8961487,-0.06673367,-0.01056144,-0.04932099,-0.01408556,1.005834,1.232334,0.7218133,57.68729
R,0.02892896,0.8936558,-0.07088955,-0.1959629,-0.1366583,-0.2278209,-10.16351,-4.787735,-11.71674,57.70554
R,0.02701383,0.8905572,-0.07406557,-0.1396878,-0.226006,-0.2316573,4.104669,-6.516964,-0.2798218,57.71925
R,0.02634229,0.8891972,-0.07532839,-0.04796745,-0.09714323,-0.09020138,6.551485,9.204526,10.10404,57.73325
R,0.02585796,0.8880525,-0.07633305,-0.02801519,-0.06621663,-0.0581128,1.154096,1.788884,1.856097,57.75053
R,0.02641113,0.8868043,-0.07659711,0.04571572,-0.1031536,-0.02182242,6.093353,-3.052585,2.999151,57.76263
R,0.0269246,0.885528,-0.07690833,0.03026158,-0.07521639,-0.01834172,-0.9107933,1.646485,0.2051354,57.7796
R,0.0270059,0.8857967,-0.07793532,0.007951879,0.02627682,-0.1004548,-2.182222,9.92755,-8.031879,57.78983
R,0.02709366,0.886017,-0.07915258,0.005652665,0.01418919,-0.07840285,-0.1480897,-0.7785503,1.420337,57.80535
R,0.02745079,0.8856274,-0.07918027,0.02831765,-0.0308908,-0.002195345,1.797184,-3.574546,6.042753,57.81796
R,0.02784341,0.8851466,-0.07923435,0.02925649,-0.03582469,-0.0040295,0.06995705,-0.3676486,-0.1366722,57.83138
R,0.02831182,0.8845198,-0.07933336,0.03563291,-0.0476821,-0.00753251,0.4850673,-0.9020165,-0.2664809,57.84453
R,0.02851354,0.8841412,-0.07942167,0.01440071,-0.02702887,-0.006304041,-1.515767,1.474433,0.08770044,57.85854
R,0.02870505,0.8837476,-0.0795273,0.01364242,-0.02804008,-0.007524839,-0.05401644,-0.07203356,-0.08696329,57.87257
R,0.02887695,0.883563,-0.07958136,0.0126363,-0.01357,-0.003973618,-0.07396208,1.063725,0.2610575,57.88618
R,0.02904172,0.8833684,-0.07964481,0.01068121,-0.01261514,-0.004113444,-0.1267343,0.06189695,-0.009063901,57.9016
R,0.02922173,0.8831378,-0.07972552,0.01350516,-0.01730198,-0.006055023,0.2118717,-0.3516393,-0.1456707,57.91493
R,0.02919805,0.8831739,-0.07981091,-0.001581688,0.002413035,-0.005704578,-1.007881,1.317068,0.02341156,57.9299
R,0.0291722,0.883202,-0.07990701,-0.002112334,0.00229407,-0.007853292,-0.04336212,-0.009721352,-0.1755836,57.94214
R,0.02921653,0.8830703,-0.07996832,0.002990628,-0.008878023,-0.004135438,0.3442385,-0.7536535,0.2508011,57.95696
R,0.02926419,0.8829216,-0.0800368,0.003769961,-0.01176826,-0.005417358,0.0616468,-0.2286232,-0.1014024,57.9696
R,0.02931447,0.8827579,-0.08011239,0.003226913,-0.01050594,-0.004851727,-0.03485725,0.08102576,0.03630677,57.98518
R,0.02915988,0.8828766,-0.08036856,-0.01101766,0.008462479,-0.01825837,-1.015261,1.351946,-0.9555389,57.99921
R,0.02892636,0.8830485,-0.08075871,-0.01794147,0.01320706,-0.0299752,-0.5319567,0.3645264,-0.900204,58.01223
R,0.02864372,0.8833901,-0.08134408,-0.02376323,0.02871432,-0.04921399,-0.4894608,1.303763,-1.61749,58.02412
R,0.02833137,0.8837585,-0.08199985,-0.02203402,0.02599401,-0.04626163,0.1219866,-0.1919032,0.2082735,58.0383
R,0.02801253,0.8839808,-0.08235234,-0.01990083,0.01386905,-0.02200056,0.1331434,-0.7567826,1.51426,58.05432
R,0.02772838,0.8841702,-0.08266768,-0.02282131,0.0152181,-0.025326,-0.2345548,0.1083473,-0.2670785,58.06677
R,0.0274625,0.8843413,-0.08296545,-0.01694984,0.01090558,-0.01898312,0.374312,-0.2749272,0.4043646,58.08246
R,0.02698141,0.8845059,-0.08306487,-0.03771359,0.01290558,-0.00779381,-1.627719,0.1567844,0.8771564,58.09521
R,0.02646353,0.8846769,-0.08317245,-0.03309599,0.01092455,-0.006874981,0.2950943,-0.1266004,0.05871904,58.11086
R,0.02652214,0.8845708,-0.08296897,0.005125162,-0.009271806,0.01779181,3.342043,-1.765962,2.156855,58.1223
R,0.02658861,0.8844552,-0.08275486,0.004010673,-0.006978016,0.01292102,-0.06725518,0.1384216,-0.2939338,58.13887
R,0.02655186,0.884496,-0.08280667,-0.003363412,0.003731669,-0.004742329,-0.6749554,0.9802652,-1.616739,58.1498
R,0.02651206,0.8845395,-0.08286697,-0.002417422,0.002646403,-0.003662788,0.05745728,-0.06591658,0.06556889,58.16626
R,0.02647017,0.8845845,-0.08293324,-0.002919045,0.003131645,-0.004617515,-0.0349541,0.03381271,-0.0665274,58.18061
R,0.02912937,0.8827702,-0.08291121,0.2300644,-0.1569616,0.001906069,20.15684,-13.85066,0.5643956,58.19217
R,0.03276723,0.8802851,-0.08289149,0.2319167,-0.1584273,0.001257277,0.1180862,-0.09343841,-0.04136117,58.20786
R,0.03923959,0.8806036,-0.08380786,0.4935109,0.02427829,-0.06987279,19.94629,13.93112,-5.423595,58.22097
R,0.04430662,0.8807773,-0.08451843,0.3993662,0.01369419,-0.05600407,-7.420165,-0.8342025,1.093085,58.23366
R,0.04810883,0.8808402,-0.08504633,0.2879046,0.004766031,-0.03997305,-8.439919,-0.6760436,1.213875,58.24686
R,0.0469719,0.8841383,-0.08548024,-0.08178872,0.2372607,-0.03121516,-26.59519,16.72533,0.6300299,58.26077
R,0.04603161,0.8876858,-0.08599006,-0.06208847,0.2342451,-0.0336641,1.300832,-0.1991253,-0.1617067,58.27591
R,0.05124923,0.8927265,-0.08426052,0.2558488,0.2471737,0.08480932,15.59022,0.6339604,5.809409,58.2963
R,0.0557759,0.8968166,-0.08294668,0.4994266,0.4512508,0.1449554,26.87394,22.51582,6.635916,58.30537
R,0.06150969,0.9050591,-0.07792281,0.4789927,0.6885706,0.4196866,-1.707021,19.82535,22.95065,58.31734
R,0.06623507,0.9114454,-0.07419057,0.310303,0.41937,0.2450864,-11.0774,-17.67768,-11.46553,58.33257
R,0.07031581,0.9166098,-0.07130753,0.3599402,0.4555224,0.2542979,4.378228,3.188807,0.8125013,58.3439
R,0.07304032,0.9228644,-0.06042976,0.1897489,0.4356071,0.7575826,-11.85298,-1.387003,35.05129,58.35826
R,0.06971753,0.9360199,-0.04868485,-0.2244976,0.8888209,0.7935202,-27.98769,30.62043,2.428048,58.37306
R,0.06795576,0.9466915,-0.03947899,-0.121728,0.7373443,0.6360725,7.100804,-10.46618,-10.87875,58.38754
R,0.06719253,0.9556311,-0.03193072,-0.0536685,0.6286129,0.5307767,4.785779,-7.645734,-7.404146,58.40176
R,0.06705037,0.9634868,-0.02541613,-0.01081474,0.5975996,0.4955777,3.25997,-2.359243,-2.677656,58.4149
R,0.06233871,0.9765353,-0.01912251,-0.319486,0.8847848,0.4267552,-20.93024,19.47333,-4.666687,58.42965
R,0.05805815,0.9863235,-0.006811284,-0.3139681,0.7179456,0.9029975,0.404722,-12.23724,34.93119,58.44328
R,0.0551059,0.9950997,0.003614372,-0.2123806,0.631346,0.7500063,7.308054,-6.229843,-11.00596,58.45718
R,0.05417616,1.00663,0.01269545,-0.07664357,0.9504963,0.748601,11.18951,26.30922,-0.1158461,58.46931
R,0.05345493,1.01702,0.02096422,-0.04679862,0.6741568,0.5365367,1.936553,-17.93087,-13.76025,58.48473
R,0.05285963,1.026643,0.02874411,-0.04206273,0.6799529,0.5497173,0.3346317,0.4095393,0.9313258,58.49888
R,0.0523421,1.035752,0.03619644,-0.04239655,0.7462403,0.6104944,-0.02734589,5.430264,4.978858,58.51109
R,0.05100089,1.034701,0.03901666,-0.08794168,-0.06889382,0.1849184,-2.986339,-53.44735,-27.9045,58.52634
R,0.04992838,1.036076,0.04288086,-0.07783787,0.09973699,0.2804478,0.7332925,12.23853,6.93313,58.54012
R,0.04523994,1.037931,0.04688138,-0.358323,0.1417821,0.3057472,-21.43658,3.213372,1.933553,58.5532
R,0.04169553,1.041097,0.05147633,-0.2522111,0.225324,0.3269647,7.550652,5.944632,1.509785,58.56725
R,0.03886413,1.045092,0.05645153,-0.1881931,0.2655378,0.3306843,4.255055,2.672871,0.2472248,58.5823
R,0.03975497,1.048779,0.07047865,0.07212086,0.2984288,1.135616,21.07466,2.662808,65.16616,58.59465
R,0.0400212,1.053,0.08238477,0.01931102,0.3061877,0.8636185,-3.830598,0.5628005,-19.72953,58.60844
R,0.04084604,1.050616,0.08211998,0.05657445,-0.1634942,-0.0181612,2.55583,-32.21463,-60.47966,58.62302
R,0.04333772,1.049396,0.08173541,0.1670534,-0.08181746,-0.02578325,7.407004,5.475979,-0.5110164,58.63793
R,0.0454439,1.049081,0.08243269,0.1402037,-0.02097353,0.04641673,-1.787326,4.050247,4.806193,58.65295
R,0.04732417,1.049498,0.08407211,0.1465224,0.03255054,0.1277538,0.4923953,4.170931,6.338293,58.66579
R,0.04905583,1.050585,0.08660188,0.1213111,0.07612908,0.1772213,-1.766163,3.052874,3.465424,58.68006
R,0.04904634,1.052842,0.08678309,-0.0007927573,0.1884554,0.01512863,-10.19389,9.377604,-13.53236,58.69204
R,0.04838409,1.054798,0.08308461,-0.03854473,0.1137947,-0.2152605,-2.197259,-4.34544,-13.40922,58.70922
R,0.04766263,1.057561,0.07973529,-0.06355007,0.2434476,-0.2950282,-2.202621,11.42061,-7.02642,58.72057
R,0.0470841,1.06038,0.07765661,-0.0419406,0.204309,-0.1506953,1.566591,-2.837376,10.4635,58.73437
R,0.04664048,1.063053,0.07657166,-0.02768903,0.1668452,-0.06771763,0.8895151,-2.338308,5.179069,58.75039
R,0.0466616,1.063541,0.07429951,0.001782714,0.04123068,-0.1917672,2.487393,-10.60177,-10.46969,58.76224
R,0.04450835,1.065672,0.07000618,-0.1085923,0.1074572,-0.2165203,-5.566401,3.339916,-1.248342,58.78207
R,0.04273878,1.06796,0.06688693,-0.2262829,0.2925762,-0.3988739,-15.04969,23.67212,-23.31848,58.78989
R,0.04135141,1.070166,0.06473898,-0.09115073,0.1449248,-0.1411209,8.878215,-9.700734,16.93444,58.80511
R,0.03809738,1.070011,0.06017701,-0.2343476,-0.01117788,-0.3285422,-10.3127,-11.24214,-13.49763,58.81899
R,0.03548264,1.070429,0.05673489,-0.09797577,0.0156652,-0.1289783,5.10993,1.005825,7.47777,58.84568
R,0.03301055,1.071852,0.04472724,-0.1633994,0.09408882,-0.7936797,-4.32436,5.18363,-43.93532,58.86081
R,0.03180291,1.073005,0.04047331,-0.1008847,0.09631931,-0.355367,5.222388,0.1863324,36.61601,58.87278
R,0.03078143,1.074135,0.0372776,-0.0681708,0.07543597,-0.213273,2.183236,-1.393697,9.482965,58.88776
R,0.03232959,1.075997,0.03819735,0.1141926,0.1373364,0.06784114,13.45117,4.565796,20.73505,58.90132
R,0.03323408,1.076984,0.03820068,0.06709294,0.07319963,0.0002473185,-3.493741,-4.757522,-5.013954,58.9148
R,0.03395213,1.078096,0.03791923,0.04593299,0.07113226,-0.01800421,-1.353576,-0.1322473,-1.167528,58.93044
R,0.03451893,1.079338,0.03739248,0.04719917,0.1033791,-0.04386435,0.1054393,2.6853,-2.153456,58.94244
R,0.03567217,1.08073,0.03704104,0.07460846,0.09005584,-0.02273617,1.773243,-0.8619499,1.366887,58.9579
R,0.03716962,1.079957,0.0368075,0.1112034,-0.05733888,-0.01734298,2.717601,-10.94579,0.4005079,58.97137
R,0.03868715,1.079262,0.03637113,0.1203302,-0.05517431,-0.03460121,0.7236955,0.1716366,-1.368464,58.98398
R,0.04008636,1.078721,0.035776,0.09729283,-0.03758289,-0.04138216,-1.601883,1.223205,-0.4715079,58.99836
R,0.04130695,1.078339,0.03508564,0.08315273,-0.02600377,-0.04703057,-0.9632906,0.7888249,-0.3847963,59.01304
R,0.04421679,1.078783,0.03520919,0.218191,0.03324335,0.009264215,10.12571,4.442585,4.221207,59.02637
R,0.04736162,1.080224,0.0370176,0.1993226,0.09133976,0.1146188,-1.195899,3.682211,6.677485,59.04215
R,0.05008596,1.081555,0.03839511,0.2001597,0.09778763,0.101207,0.06150154,0.4737302,-0.9853811,59.05576
R,0.05231243,1.082705,0.03935479,0.177511,0.09171609,0.07651313,-1.805725,-0.4840685,-1.968777,59.06831
R,0.05415799,1.083707,0.04002278,0.1467851,0.07967991,0.05312784,-2.443754,-0.9572849,-1.859925,59.08088
R,0.05542526,1.084582,0.03749451,0.08325991,0.05748747,-0.1661084,-4.173622,-1.458049,-14.40388,59.0961
R,0.05687736,1.084667,0.03573276,0.1286007,0.007538007,-0.156024,4.015482,-4.423633,0.8930941,59.10739
R,0.05831715,1.084846,0.03414833,0.088144,0.0109178,-0.09699897,-2.476761,0.2069107,3.613512,59.12373
R,0.05971146,1.085097,0.03274094,0.1126031,0.02028458,-0.1136594,1.975297,0.7564531,-1.345482,59.13611
R,0.06201626,1.087072,0.0296513,0.162068,0.1389233,-0.2172561,3.478249,8.342393,-7.284668,59.15033
R,0.06419444,1.088871,0.0269337,0.1418979,0.1171564,-0.1770384,-1.313983,-1.418008,2.619989,59.16568
R,0.06740231,1.090922,0.02629456,0.2433229,0.1555537,-0.04848028,7.693272,2.912507,9.751368,59.17886
R,0.0701898,1.092693,0.0256129,0.1886223,0.1198938,-0.04612619,-3.701454,-2.413017,0.1592951,59.19364
R,0.07464741,1.095951,0.02389427,0.347986,0.2542808,-0.1341658,12.44081,10.49099,-6.872858,59.20645
R,0.07845886,1.098699,0.02236672,0.2952566,0.212886,-0.1183327,-4.084721,-3.20668,1.22652,59.21936
R,0.08166643,1.100983,0.02103585,0.206901,0.1473456,-0.0858463,-5.699286,-4.227614,2.095503,59.23486
R,0.08538372,1.102334,0.02178792,0.3045202,0.1106543,0.06161011,7.996968,-3.005752,12.07963,59.24707
R,0.08871559,1.103683,0.0221502,0.2464531,0.09981659,0.02679691,-4.295135,-0.8016476,-2.575076,59.26059
R,0.09179619,1.105041,0.02224907,0.2019911,0.08899762,0.006482856,-2.915316,-0.7093864,-1.331968,59.27584
R,0.09472559,1.106409,0.0221762,0.2349834,0.1097766,-0.00584533,2.64649,1.666796,-0.9889107,59.28831
R,0.09589149,1.107625,0.01957261,0.08111274,0.08461883,-0.1811343,-10.70496,-1.750256,-12.19505,59.30268
R,0.09573737,1.109027,0.01401156,-0.009413407,0.08560257,-0.3396546,-5.529098,0.06008453,-9.681996,59.31905
R,0.09618023,1.110553,0.009143651,0.03275783,0.1128933,-0.3600713,3.119339,2.018649,-1.510195,59.33257
R,0.09667359,1.113447,0.004019031,0.03639055,0.2134743,-0.3779933,0.2679507,7.418881,-1.321933,59.34613
R,0.09752114,1.115903,-3.160342E-05,0.06351621,0.183998,-0.303559,2.032826,-2.208983,5.57819,59.35947
R,0.09696472,1.117318,-0.005170965,-0.03933746,0.1000961,-0.3633367,-7.271432,-5.931604,-4.226097,59.37362
R,0.09695463,1.118726,-0.009393855,-0.0008167175,0.1139978,-0.3418794,3.118586,1.125467,1.737159,59.38597
R,0.09727595,1.120116,-0.01302619,0.02053448,0.08882862,-0.2321297,1.364478,-1.608474,7.013704,59.40162
R,0.09779705,1.121504,-0.01631941,0.03914141,0.1042532,-0.2473631,1.397621,1.158587,-1.144227,59.41493
R,0.1045306,1.127513,-0.01346672,0.4836055,0.4315154,0.2048811,31.92154,23.50406,32.4803,59.42886
R,0.1103517,1.128819,-0.009689511,0.3953307,0.08870628,0.2565215,-5.995003,-23.28118,3.507056,59.44358
R,0.1149892,1.13017,-0.007501912,0.3424461,0.09974471,0.1615397,-3.90518,0.815115,-7.013779,59.45712
R,0.1186885,1.131522,-0.00638632,0.2915694,0.1065751,0.08792714,-4.009929,0.5383466,-5.801892,59.46981
R,0.1257947,1.133443,-0.007215417,0.5174517,0.1399219,-0.06037299,16.44825,2.428239,-10.79889,59.48354
R,0.131685,1.135286,-0.008098263,0.3885549,0.1215243,-0.05823676,-8.502648,-1.213593,0.1409165,59.4987
R,0.1374886,1.131495,-0.006476165,0.4016332,-0.2623581,0.1122554,0.9050703,-26.56612,11.7987,59.51315
R,0.1425743,1.129145,-0.005525563,0.3642536,-0.1682804,0.06808592,-2.677284,6.738226,-3.163596,59.52711
R,0.1486724,1.125192,0.001829402,0.4921767,-0.319081,0.5936146,10.32459,-12.17102,42.41508,59.53951
R,0.1541375,1.12246,0.007229213,0.3748395,-0.1873773,0.3703631,-8.04794,9.033312,-15.31241,59.55408
R,0.1592007,1.120492,0.01132245,0.3646409,-0.1417067,0.2947853,-0.7344801,3.289087,-5.442935,59.56797
R,0.1580594,1.120291,0.01015404,-0.08086254,-0.01423986,-0.08278181,-31.5638,9.030993,-26.75053,59.58208
R,0.1572562,1.120079,0.009113401,-0.05825544,-0.01540883,-0.07548343,1.639822,-0.08479151,0.5293931,59.59587
R,0.1490821,1.118536,0.002070781,-0.6629977,-0.1250967,-0.5712193,-49.04999,-8.896664,-40.20859,59.6082
R,0.1440226,1.117311,-0.002773537,-0.3594375,-0.08707656,-0.3441487,21.56545,2.701016,16.13148,59.62228
R,0.1408698,1.116295,-0.006253675,-0.2040702,-0.06576389,-0.2252586,10.05644,1.379503,7.695394,59.63773
R,0.1390829,1.115147,-0.01171575,-0.140834,-0.09048031,-0.4305019,4.984059,-1.948064,-16.17658,59.65041
R,0.1380526,1.114221,-0.01557591,-0.07141352,-0.06412777,-0.2675617,4.811786,1.826589,11.29397,59.66484
R,0.1367863,1.115021,-0.01712033,-0.09149863,0.05774532,-0.1115935,-1.451265,8.806036,11.26961,59.67868
R,0.1359361,1.115487,-0.01845654,-0.05481431,0.03008178,-0.08614849,2.365119,-1.78353,1.640493,59.69419
R,0.1383624,1.11745,-0.02301316,0.1963084,0.1588542,-0.3686694,20.318,10.4188,-22.85838,59.70655
R,0.1406111,1.119138,-0.02747766,0.142252,0.1067583,-0.2824184,-3.419536,-3.295519,5.456122,59.72236
R,0.1424296,1.120397,-0.03131131,0.121669,0.08422665,-0.2565007,-1.377156,-1.507537,1.734092,59.7373
R,0.1538864,1.119152,-0.02621552,0.9801985,-0.1064785,0.4359762,73.45247,-16.31599,59.24564,59.74899
R,0.1626421,1.118275,-0.02301068,0.681491,-0.06828979,0.2494445,-23.24952,2.972367,-14.51846,59.76184
R,0.1638756,1.121533,-0.02597297,0.08947193,0.2362946,-0.2148717,-42.94252,22.09324,-33.6795,59.77563
R,0.1651688,1.123835,-0.02827817,0.08458376,0.1506128,-0.1507722,-0.3197117,-5.604033,4.192442,59.79092
R,0.1666789,1.125716,-0.03034886,0.1387047,0.1727181,-0.1901951,4.971088,2.030401,-3.621054,59.8018
R,0.1671769,1.124802,-0.03065805,0.03035701,-0.05569041,-0.01884936,-6.605279,-13.92463,10.44588,59.81821
R,0.1678385,1.124056,-0.03107066,0.05110351,-0.0576569,-0.03186905,1.602407,-0.1518865,-1.005608,59.83115
R,0.1675982,1.123347,-0.03282969,-0.01743862,-0.05147771,-0.1276634,-4.974504,0.4484596,-6.952355,59.84493
R,0.1675983,1.12263,-0.0349867,7.503773E-06,-0.05155735,-0.1551721,1.255048,-0.005729399,-1.97894,59.85883
R,0.1678621,1.122014,-0.03722807,0.01761394,-0.04110418,-0.1496591,1.175604,0.6979718,0.3681148,59.87381
R,0.1708129,1.120122,-0.037214,0.2248592,-0.144186,0.001072232,15.79305,-7.855318,11.48643,59.88693
R,0.1740103,1.11828,-0.03744917,0.2243553,-0.1292743,-0.01650145,-0.035357,1.046314,-1.233093,59.90118
R,0.1760932,1.111237,-0.0375338,0.1469395,-0.4968296,-0.005969751,-5.461268,-25.92907,0.7429552,59.91536
R,0.1780749,1.105791,-0.03787572,0.1273265,-0.3499234,-0.02196907,-1.260156,9.438868,-1.027972,59.93092
R,0.1685848,1.095257,-0.04233815,-0.8519825,-0.9456764,-0.400616,-87.91781,-53.48392,-33.99316,59.94206
R,0.1620432,1.087215,-0.0458659,-0.4158176,-0.5111997,-0.2242428,27.72503,27.61771,11.21125,59.95779
R,0.1573324,1.080714,-0.04879539,-0.3594023,-0.495971,-0.2235012,4.304117,1.161852,0.0565781,59.9709
R,0.1442754,1.067606,-0.05767231,-1.027256,-1.03125,-0.6983882,-52.54315,-42.1129,-37.36158,59.98361
R,0.1346813,1.057295,-0.06454369,-0.6724672,-0.722744,-0.4816291,24.86783,21.6238,15.19307,59.99788
R,0.1383138,1.048698,-0.06332373,0.272688,-0.6453859,0.09158266,70.95269,5.807265,43.03094,60.0112
R,0.1401936,1.041032,-0.06319337,0.134564,-0.5487695,0.009331479,-9.887598,6.916277,-5.887944,60.02517
R,0.1409579,1.033967,-0.0637564,0.04703088,-0.4347638,-0.03464642,-5.386452,7.015471,-2.706231,60.04142
R,0.1296746,1.01049,-0.06675886,-0.9992689,-2.07916,-0.2659048,-92.66257,-145.6313,-20.48074,60.05271
R,0.1211275,0.9923154,-0.06948775,-0.6138549,-1.305291,-0.1959894,27.68054,55.57946,5.021342,60.06664
R,0.1060987,0.9723709,-0.08005117,-0.9775962,-1.297356,-0.6871307,-23.6607,0.5161756,-31.94783,60.08201
R,0.09449814,0.9556268,-0.08825258,-0.900242,-1.299391,-0.6364568,6.002942,-0.1579614,3.932458,60.09489
R,0.08480854,0.9406509,-0.09507966,-0.7257344,-1.121674,-0.5113365,13.07033,13.31071,9.371299,60.10825
R,0.08590697,0.9401404,-0.09899735,0.06810484,-0.03164912,-0.2429044,49.21953,67.58361,16.6433,60.12437
R,0.08510997,0.9365426,-0.1029498,-0.05855653,-0.2643375,-0.2903894,-9.305918,-17.09581,-3.48876,60.13799
R,0.07495045,0.9255998,-0.1099815,-0.7921647,-0.8532356,-0.5482832,-57.20137,-45.91793,-20.10866,60.15081
R,0.06635012,0.9150974,-0.11617,-0.5664632,-0.6917478,-0.4076074,14.86591,10.63645,9.26566,60.16599
R,0.06480423,0.9034076,-0.1138953,-0.1331301,-1.006699,0.1958938,37.31789,-27.12302,51.97248,60.1776
R,0.06216078,0.8921908,-0.1133964,-0.1864811,-0.7912911,0.03519409,-3.763631,15.19586,-11.33651,60.19178
R,0.05885924,0.8813888,-0.1140384,-0.2427029,-0.7940707,-0.04719486,-4.132977,-0.2043387,-6.056581,60.20538
R,0.05473534,0.8724847,-0.1112836,-0.2912329,-0.6288179,0.1945459,-3.427226,11.67027,17.0719,60.21954
R,0.05047033,0.8632016,-0.1100475,-0.3000663,-0.6531175,0.0869712,-0.6214712,-1.709608,-7.568453,60.23376
R,0.04161464,0.8595567,-0.1010266,-0.6264068,-0.2578209,0.6380932,-23.08371,27.96131,38.98363,60.24789
R,0.03396069,0.8541616,-0.09481759,-0.56424,-0.3977169,0.4577184,4.582862,-10.31296,-13.29702,60.26146
R,0.02701295,0.847706,-0.09051276,-0.4115023,-0.3823536,0.2549675,9.046383,0.9099409,-12.00857,60.27834
R,0.02186051,0.8523598,-0.06629236,-0.479986,0.4335299,2.256301,-6.379745,76.00531,186.4384,60.28908
R,0.01658337,0.8534425,-0.04805715,-0.3465357,0.07109923,1.197458,8.763326,-23.79986,-69.53145,60.30431
R,0.01653153,0.8713557,-0.01449842,-0.00340074,1.175132,2.201507,22.5102,72.42632,65.86722,60.31955
R,0.01501832,0.8831158,0.01186864,-0.1366923,1.062317,2.381793,-12.04051,-10.19085,16.28571,60.33062
R,0.01173268,0.9021758,0.04896905,-0.1944265,1.127871,2.195406,-3.416407,3.879148,-11.0294,60.34752
R,0.008109604,0.9160043,0.07975794,-0.3157473,1.20514,2.683219,-10.57298,6.733949,42.51236,60.35899
R,0.004263462,0.9260138,0.1052726,-0.2587893,0.6734952,1.716763,3.832444,-35.77197,-65.0284,60.37386
R,0.009364496,0.936929,0.1320904,0.4255905,0.9106809,2.237471,57.09932,19.78892,43.44377,60.38584
R,0.01198726,0.945619,0.1559428,0.1500526,0.4971662,1.364635,-15.76399,-23.65788,-49.9364,60.40332
R,0.0266428,0.9414265,0.1703828,1.187226,-0.3396313,1.169762,84.01999,-67.78783,-15.78637,60.41566
R,0.03695708,0.9393207,0.1853755,0.8032758,-0.1639975,1.167637,-29.90201,13.67835,-0.1655433,60.4285
R,0.04422636,0.9386086,0.2009434,0.4883643,-0.04783605,1.045878,-21.15637,7.803955,-8.180004,60.44339
R,0.04626158,0.9375862,0.1868112,0.1293699,-0.06498924,-0.8983182,-22.81965,-1.090351,-123.5837,60.45912
R,0.04755413,0.9374617,0.1827375,0.1003061,-0.009667332,-0.3161299,-2.255448,4.293163,45.17974,60.47201
R,0.04102666,0.9435756,0.1580517,-0.4905785,0.4594951,-1.855288,-44.4085,35.26035,-115.6769,60.48531
R,0.03663037,0.9485565,0.1445925,-0.3039188,0.3443351,-0.9304467,12.90393,-7.9611,63.93505,60.49978
R,0.02869138,0.9495348,0.1239006,-0.6882135,0.08481109,-1.79373,-33.31368,-22.49757,-74.83618,60.51131
R,0.0229074,0.9508421,0.1109244,-0.3983803,0.09003875,-0.8937574,19.9627,0.3600632,61.98699,60.52583
R,0.01843586,0.9523938,0.1022002,-0.3409505,0.1183146,-0.6652117,4.378959,2.156005,17.42637,60.53895
R,0.0173519,0.9454005,0.09248044,-0.06910343,-0.4458293,-0.6196441,17.33052,-35.96472,2.904981,60.55463
R,0.01606983,0.9409048,0.08551417,-0.09088356,-0.31869,-0.4938248,-1.543951,9.012654,8.919086,60.56874
R,0.01897304,0.9345013,0.0825951,0.246457,-0.5436012,-0.247804,28.63724,-19.09298,20.885,60.58052
R,0.02067557,0.9299942,0.08003826,0.106823,-0.2827945,-0.160426,-8.761176,16.36403,5.482437,60.59646
R,0.02155144,0.9268076,0.07782032,0.07340297,-0.2670536,-0.1858753,-2.800789,1.319176,-2.132796,60.60839
R,0.02605328,0.9211462,0.07946749,0.3179235,-0.399814,0.1163241,17.26821,-9.375625,21.34153,60.62255
R,0.02917353,0.9168356,0.08019152,0.2167343,-0.2994129,0.05029116,-7.028654,6.973907,-4.586679,60.63695
R,0.03344318,0.912443,0.08347423,0.3114254,-0.3203951,0.2394388,6.906706,-1.530426,13.7963,60.65066
R,0.03655672,0.9088594,0.08551109,0.2268467,-0.2610912,0.1484022,-6.162255,4.320777,-6.632765,60.66438
R,0.03879512,0.9059653,0.08668601,0.1682294,-0.2175091,0.0883022,-4.405437,3.275455,-4.516875,60.67769
R,0.04070025,0.9067059,0.08632758,0.1324014,0.05146888,-0.02490959,-2.489954,18.69326,-7.867919,60.69208
R,0.04232087,0.9069471,0.08599576,0.1246584,0.01855469,-0.02552358,-0.5955885,-2.531766,-0.04722832,60.70508
R,0.04330365,0.9080881,0.08566564,0.06884844,0.07993302,-0.02312642,-3.909742,4.29983,0.1679322,60.71935
R,0.04435354,0.9089246,0.08531992,0.07426407,0.05916925,-0.02445464,0.383075,-1.468726,-0.09395185,60.73349
R,0.04536713,0.9091576,0.0847939,0.08071265,0.0185535,-0.04188777,0.5135046,-3.234257,-1.388211,60.74605
R,0.04641195,0.9092027,0.08427801,0.07106684,0.003064997,-0.03508986,-0.6560954,-1.053508,0.4623846,60.76075
R,0.04751777,0.9090975,0.08375461,0.0760057,-0.007230761,-0.03597458,0.3394576,-0.7076485,-0.0608083,60.7753
R,0.05054117,0.91013,0.08198587,0.2201573,0.07518663,-0.1287956,10.4968,6.001451,-6.759019,60.78903
R,0.05349158,0.9108821,0.08031336,0.2194758,0.05594672,-0.1244147,-0.05070033,-1.431222,0.3258837,60.80247
R,0.05676121,0.9137303,0.0728271,0.2341834,0.2040002,-0.5361963,1.053421,10.60419,-29.49346,60.81644
R,0.05946939,0.9156635,0.0672746,0.1880126,0.134207,-0.3854753,-3.205351,-4.845303,10.46361,60.83084
R,0.06179764,0.9169885,0.06293046,0.1504773,0.08563702,-0.2807665,-2.425949,-3.139134,6.767447,60.84631
R,0.06487346,0.918435,0.05800424,0.2431564,0.1143509,-0.389439,7.32668,2.269953,-8.591026,60.85896
R,0.06745129,0.9194798,0.05404701,0.1661986,0.06736504,-0.2551316,-4.961637,-3.02928,8.659096,60.87447
R,0.06983943,0.9167654,0.04912429,0.1857671,-0.2111508,-0.3829258,1.522183,-21.66506,-9.940794,60.88733
R,0.07206038,0.9148555,0.04489118,0.1738981,-0.1495436,-0.3314473,-0.9293258,4.823764,4.030699,60.9001
R,0.07412761,0.9134946,0.04117942,0.1336734,-0.08799951,-0.2400137,-2.601052,3.979627,5.912374,60.91557
R,0.07601686,0.9127822,0.03877806,0.1507163,-0.05683202,-0.1915712,1.359616,2.486418,3.864552,60.9281
R,0.07785361,0.9121831,0.03632968,0.1212216,-0.03953849,-0.1615879,-1.946594,1.141338,1.978836,60.94325
R,0.07758942,0.9171085,0.02720455,-0.0200736,0.3742527,-0.6933621,-10.73614,31.44141,-40.4062,60.95641
R,0.07790053,0.920642,0.01986546,0.02350279,0.2669398,-0.5544373,3.292014,-8.107038,10.49519,60.96965
R,0.07125629,0.9286972,0.001396256,-0.4697266,0.5694739,-1.305715,-34.86977,21.38821,-53.11297,60.9838
R,0.06686081,0.934811,-0.01257379,-0.3519395,0.4895245,-1.11856,9.431022,-6.401425,14.98521,60.99628
R,0.06383195,0.9395993,-0.0243265,-0.2203102,0.3482849,-0.8548558,9.574315,-10.27334,19.18103,61.01003
R,0.06216972,0.9415253,-0.02908887,-0.1081788,0.1253452,-0.3099371,7.297563,-14.50901,35.46354,61.0254
R,0.06090064,0.9434863,-0.03454286,-0.08824421,0.1363561,-0.3792394,1.386135,0.7656312,-4.818879,61.03978
R,0.06403738,0.9401954,-0.03399974,0.2273994,-0.2385751,0.03937416,22.88277,-27.18085,30.34763,61.05357
R,0.06669222,0.9377494,-0.03481374,0.2296869,-0.2116182,-0.07042466,0.1978986,2.332206,-9.499373,61.06513
R,0.06904733,0.9358919,-0.036809,0.1598599,-0.1260802,-0.1354337,-4.739699,5.806128,-4.412669,61.07986
R,0.06951816,0.9356471,-0.0372734,0.03383329,-0.01759098,-0.03337124,-9.056228,7.796,7.334172,61.09378
R,0.06991004,0.9355747,-0.03824688,0.02916822,-0.005390226,-0.07245667,-0.347223,0.9081071,-2.909145,61.10722
R,0.0712327,0.9348997,-0.03740148,0.07735979,-0.03947735,0.04944583,2.818637,-1.993694,7.129855,61.12431
R,0.07275402,0.9342471,-0.03703269,0.133917,-0.05744732,0.032463,4.97855,-1.58184,-1.494946,61.13567
R,0.07626478,0.9323723,-0.03551102,0.2500886,-0.1335513,0.1083963,8.275464,-5.421249,5.409094,61.14971
R,0.07934301,0.9308907,-0.03490961,0.2330848,-0.1121868,0.04553878,-1.287539,1.617729,-4.759597,61.16292
R,0.08181545,0.9298239,-0.03501455,0.1720103,-0.0742229,-0.007301152,-4.24902,2.64119,-3.676134,61.17729
R,0.08207265,0.9285045,-0.03614292,0.01854341,-0.09512514,-0.0813512,-11.06447,-1.506985,-5.338772,61.19116
R,0.08243838,0.9273449,-0.0374628,0.02639676,-0.08369184,-0.09526432,0.5668256,0.8252125,-1.004196,61.20502
R,0.08257254,0.9267651,-0.0383885,0.009433992,-0.04077253,-0.06509282,-1.192781,3.017982,2.121587,61.21924
R,0.0828136,0.9262052,-0.03949798,0.01669963,-0.03878584,-0.07686172,0.5033413,0.1376318,-0.8153136,61.23367
R,0.08316953,0.9256219,-0.0408507,0.02476239,-0.04058436,-0.09410973,0.5609353,-0.1251252,-1.199964,61.24805
R,0.08627805,0.9246583,-0.03923414,0.2154629,-0.06678841,0.1120493,13.21814,-1.816296,14.28962,61.26247
R,0.08994374,0.923526,-0.03773316,0.289439,-0.08940606,0.1185162,5.841078,-1.785868,0.5106157,61.27514
R,0.09367336,0.9235057,-0.03598025,0.2410501,-0.00131364,0.1132921,-3.12743,5.693515,-0.3376378,61.29061
R,0.09678426,0.9234224,-0.03486231,0.2264025,-0.006060001,0.08136078,-1.066012,-0.3454276,-2.323875,61.30435
R,0.09826096,0.9256849,-0.03346469,0.1131899,0.1734192,0.107128,-8.677783,13.75714,1.975069,61.3174
R,0.0997103,0.9274986,-0.03244119,0.08694177,0.1088029,0.06139718,-1.57455,-3.87615,-2.743266,61.33407
R,0.1011363,0.9289621,-0.03169145,0.1502438,0.1541901,0.0789948,6.669717,4.782146,1.854145,61.34356
R,0.1016397,0.9302905,-0.02991295,0.03594239,0.09483507,0.126967,-8.159978,-4.237355,3.424731,61.35757
R,0.1022874,0.9314498,-0.02844193,0.04603984,0.08240832,0.1045604,0.717729,-0.8832971,-1.592665,61.37164
R,0.1024984,0.9310038,-0.02556691,0.01516081,-0.03205095,0.206598,-2.218956,-8.225003,7.332387,61.38555
R,0.1029049,0.9306599,-0.02295624,0.02909954,-0.02461514,0.1868852,0.9978026,0.5322924,-1.41114,61.39952
R,0.1034396,0.9304295,-0.0207403,0.0393968,-0.01698198,0.1632645,0.7586755,0.5623907,-1.74031,61.41309
R,0.1006972,0.9294579,-0.01979806,-0.2001426,-0.07090409,0.06876446,-17.48157,-3.935233,-6.896607,61.4268
R,0.09819216,0.9285436,-0.01877318,-0.1500653,-0.05476962,0.06139556,2.999878,0.9665342,-0.4414335,61.44349
R,0.09632126,0.9276009,-0.01833797,-0.1587195,-0.07998078,0.03692102,-0.7341968,-2.13882,-2.076329,61.45528
R,0.09490916,0.9268578,-0.01788929,-0.099885,-0.05255835,0.03173736,4.161663,1.939726,-0.3666663,61.46941
R,0.09382598,0.9262621,-0.01744041,-0.0714158,-0.03927864,0.02959567,1.87702,0.8755524,-0.1412051,61.48458
R,0.09165336,0.9244814,-0.01677247,-0.1357338,-0.1112481,0.0417292,-4.018251,-4.496271,0.7580392,61.50059
R,0.08975081,0.9228933,-0.01607577,-0.1593426,-0.1330022,0.05835008,-1.977281,-1.821954,1.392033,61.51253
R,0.0837219,0.9240996,-0.01842398,-0.4734702,0.09472832,-0.1844125,-24.66946,17.88442,-19.06493,61.52526
R,0.07870545,0.9250217,-0.02022332,-0.296579,0.05451835,-0.1063792,10.45804,-2.377267,4.613429,61.54218
R,0.07536176,0.9254776,-0.02188165,-0.2505801,0.03416685,-0.1242769,3.447206,-1.525164,-1.341273,61.55552
R,0.07274722,0.9257731,-0.0230256,-0.1755601,0.01983943,-0.07681387,5.03741,-0.9620509,3.187028,61.57041
R,0.07326864,0.925625,-0.0231406,0.05051347,-0.0143489,-0.01114079,21.9009,-3.311998,6.362086,61.58073
R,0.07416397,0.9253412,-0.02335162,0.0549656,-0.01741803,-0.01295455,0.2733254,-0.1884203,-0.1113504,61.59702
R,0.07545878,0.9248797,-0.02370796,0.1085127,-0.03867787,-0.02986321,4.487548,-1.781694,-1.417041,61.60896
R,0.07457262,0.9259739,-0.02671846,-0.05721694,0.07064732,-0.1943804,-10.70075,7.058853,-10.62246,61.62444
R,0.07514478,0.9260393,-0.02672449,0.04539538,0.005192569,-0.0004789708,8.141405,-5.193272,15.38441,61.63705
R,0.07836848,0.9259114,-0.02633129,0.2356598,-0.009354956,0.02874433,13.90872,-1.063454,2.136283,61.65073
R,0.08171425,0.9257631,-0.02591485,0.2375602,-0.01052529,0.02956813,0.1349317,-0.08309755,0.05849271,61.66481
R,0.08444414,0.9256285,-0.02556718,0.1895188,-0.009347689,0.02413669,-3.335212,0.08175348,-0.3770708,61.67921
R,0.08561501,0.9262349,-0.0276087,0.08493013,0.04398692,-0.1480832,-7.586412,3.868663,-12.49209,61.693
R,0.08665179,0.9267467,-0.02935236,0.07734408,0.03818209,-0.1300768,-0.5659183,-0.4330396,1.343279,61.70641
R,0.08955657,0.9269518,-0.02973884,0.2007034,0.01417122,-0.02670335,8.523434,-1.659016,7.142522,61.72088
R,0.09217648,0.9271301,-0.03010177,0.167511,0.01139863,-0.02320503,-2.122245,-0.177273,0.2236738,61.73652
R,0.09442311,0.9272806,-0.030433,0.1888837,0.01265334,-0.02784785,1.796903,0.1054894,-0.3903422,61.74841
R,0.09397996,0.9292206,-0.03290035,-0.03083014,0.1349688,-0.1716565,-15.28574,8.509625,-10.00493,61.76279
R,0.0936872,0.9311997,-0.03543253,-0.02032471,0.1373932,-0.1757934,0.7293264,0.1683122,-0.2871983,61.77719
R,0.09647866,0.9298403,-0.03406964,0.2057828,-0.1002136,0.1004706,16.66837,-17.51608,20.36585,61.79076
R,0.1003068,0.9280902,-0.03236526,0.2566571,-0.1173314,0.1142698,3.410843,-1.147655,0.9251608,61.80567
R,0.1021825,0.9256079,-0.03205885,0.1509206,-0.1997343,0.02465356,-8.507736,-6.630276,-7.210669,61.8181
R,0.1038526,0.9236345,-0.03186623,0.125953,-0.1488196,0.01452651,-1.882943,3.839756,-0.7637357,61.83136
R,0.1053753,0.9220377,-0.031743,0.09884999,-0.1036636,0.008000412,-1.759505,2.931491,-0.4236694,61.84676
R,0.1069767,0.9205617,-0.03063769,0.1141351,-0.1052032,0.07877923,1.089427,-0.1097329,5.044655,61.86079
R,0.1085189,0.9192461,-0.0297276,0.1398944,-0.1193339,0.08255197,2.336555,-1.281755,0.3422152,61.87182
R,0.1135872,0.9154573,-0.02739899,0.3664151,-0.2739115,0.1683481,16.37646,-11.17529,6.202685,61.88565
R,0.1179109,0.9123533,-0.02554823,0.2885548,-0.2071546,0.1235144,-5.196182,4.455176,-2.992078,61.90063
R,0.1213451,0.9099374,-0.02417417,0.2109284,-0.1483826,0.08439589,-4.76788,3.609822,-2.40269,61.91692
R,0.123225,0.9094127,-0.02584107,0.1686579,-0.04707285,-0.1495437,-3.792247,9.088891,-20.98763,61.92806
R,0.1250151,0.908784,-0.02703039,0.1173154,-0.04120703,-0.07794336,-3.36478,0.3844226,4.692402,61.94332
R,0.1278972,0.9091026,-0.02947444,0.1986129,0.02195879,-0.168426,5.602429,4.352929,-6.235403,61.95783
R,0.1320826,0.9113944,-0.03597462,0.349866,0.1915707,-0.5433619,12.64352,14.17817,-31.34158,61.9698
R,0.1357323,0.9128661,-0.04080097,0.2564982,0.1034308,-0.3391958,-6.561878,-6.19446,14.34877,61.98402
R,0.1388914,0.9137546,-0.04440648,0.2210754,0.06217882,-0.2523126,-2.478876,-2.886801,6.080056,61.99831
R,0.1416308,0.9142779,-0.04718184,0.2130888,0.04070382,-0.2158878,-0.6212549,-1.670488,2.833395,62.01117
R,0.1444834,0.9150593,-0.05042729,0.1814113,0.04969902,-0.2063987,-2.014575,0.5720617,0.6034749,62.02689
R,0.1509344,0.914205,-0.05370525,0.5291331,-0.07007783,-0.2688667,28.52102,-9.8244,-5.123781,62.03909
R,0.1563943,0.9135426,-0.05657107,0.3390055,-0.04112387,-0.1779386,-11.80502,1.797751,5.645723,62.05519
R,0.161199,0.9130095,-0.05917222,0.4373345,-0.04852431,-0.2367625,8.950128,-0.6736037,-5.35428,62.06618
R,0.1653873,0.9125757,-0.06151162,0.2921611,-0.03026044,-0.1631881,-10.12675,1.274019,5.132276,62.08051
R,0.1684288,0.9113757,-0.06605747,0.2147869,-0.08474626,-0.3210312,-5.464219,-3.847826,-11.14699,62.09467
R,0.1699139,0.9103172,-0.07155764,0.1017064,-0.072484,-0.3766552,-7.74383,0.8397279,-3.809163,62.10928
R,0.1718774,0.9094464,-0.07619043,0.145729,-0.06463671,-0.343844,3.267346,0.5824233,2.435235,62.12275
R,0.1736854,0.9064723,-0.07803579,0.1273351,-0.2094682,-0.1299704,-1.295497,-10.20062,15.06332,62.13695
R,0.1757603,0.9040586,-0.08006904,0.1449696,-0.1686392,-0.1420586,1.232077,2.852631,-0.8445735,62.15126
R,0.1780617,0.9019653,-0.08227441,0.157768,-0.1435016,-0.1511833,0.8773607,1.723245,-0.6255199,62.16585
R,0.1805346,0.9000767,-0.08461392,0.1546407,-0.1181007,-0.1462999,-0.1955604,1.588427,0.3053836,62.18184
R,0.1809358,0.8989786,-0.08811012,0.03766481,-0.1031015,-0.3282621,-10.983,1.408292,-17.08464,62.19249
R,0.1818475,0.8978301,-0.0914988,0.06891467,-0.08681607,-0.2561483,2.362158,1.231005,5.451041,62.20572
R,0.176956,0.8949335,-0.09515613,-0.3383266,-0.2003463,-0.2529673,-28.16777,-7.852578,0.2200198,62.22018
R,0.1735699,0.8922743,-0.09880778,-0.2298427,-0.1805007,-0.2478663,7.363649,1.347075,0.3462422,62.23491
R,0.1715275,0.8900273,-0.1021141,-0.1568267,-0.1725386,-0.2538731,5.606533,0.6113693,-0.4612281,62.24793
R,0.1633086,0.8889154,-0.1078629,-0.501523,-0.06784654,-0.3507942,-21.03354,6.388361,-5.914172,62.26432
R,0.1576489,0.8876883,-0.1127783,-0.4551057,-0.09867715,-0.3952598,3.732522,-2.479159,-3.57558,62.27676
R,0.1559795,0.8823888,-0.1122164,-0.1126138,-0.3574933,0.03790601,23.10401,-17.45936,29.22075,62.29158
R,0.1465074,0.8786636,-0.1132197,-0.7725758,-0.3038416,-0.08183618,-53.82859,4.375999,-9.766551,62.30384
R,0.1393597,0.8754588,-0.1147602,-0.4679617,-0.2098214,-0.1008581,19.94324,6.15555,-1.245377,62.31911
R,0.1336161,0.8725868,-0.1166291,-0.4792007,-0.2396165,-0.1559255,-0.9376889,-2.485867,-4.594393,62.3311
R,0.1287279,0.8699173,-0.1187033,-0.3143841,-0.1716872,-0.1333995,10.60002,4.368809,1.44874,62.34665
R,0.1177577,0.87535,-0.1254726,-0.8843092,0.4379324,-0.5456732,-45.94171,49.14149,-33.23342,62.35905
R,0.1156242,0.8778756,-0.1323651,-0.1577234,0.1867113,-0.5095431,53.71407,-18.57195,2.670976,62.37258
R,0.113066,0.879253,-0.1381354,-0.17455,0.09397775,-0.3937148,-1.148099,-6.327312,7.903096,62.38724
R,0.1102733,0.8799278,-0.1432445,-0.1822928,0.04404647,-0.3334961,-0.505411,-3.259259,3.930771,62.40256
R,0.1073353,0.8801678,-0.1479393,-0.1888583,0.01542959,-0.301789,-0.4220455,-1.839564,2.038214,62.41811
R,0.1091884,0.8777008,-0.146218,0.1884319,-0.2508546,0.1750297,38.36476,-27.07711,48.48532,62.42795
R,0.1086845,0.8740287,-0.147973,-0.03250531,-0.2368664,-0.1132082,-14.25132,0.9022937,-18.59248,62.44345
R,0.1074763,0.8703958,-0.1505272,-0.09174878,-0.2758772,-0.1939602,-4.498934,-2.962472,-6.13229,62.45662
R,0.1058,0.8671883,-0.1534791,-0.1228852,-0.2351353,-0.2163938,-2.282502,2.986648,-1.644525,62.47026
R,0.1038419,0.8644073,-0.1566148,-0.1412479,-0.2006097,-0.2261992,-1.324621,2.490554,-0.7073258,62.48412
R,0.0982301,0.8648886,-0.1597357,-0.4048166,0.03471983,-0.2251286,-19.01292,16.97585,0.07723067,62.49799
R,0.09399387,0.8584418,-0.1621442,-0.3022597,-0.4599849,-0.1718516,7.317553,-35.29773,3.80137,62.512
R,0.09019402,0.8533597,-0.1647752,-0.1691187,-0.2261885,-0.1170953,5.925653,10.40549,2.437017,62.53447
R,0.08667193,0.8491262,-0.1675425,-0.4503878,-0.5413567,-0.3538796,-35.96731,-40.30218,-30.27881,62.54229
R,0.07853256,0.8462989,-0.1669811,-0.6257142,-0.2173479,0.0431612,-13.47824,24.9082,30.52254,62.5553
R,0.07488289,0.8444504,-0.1677711,-0.2895697,-0.1466641,-0.06267971,26.67018,5.608151,-8.397566,62.5679
R,0.0748694,0.8444391,-0.1677769,-0.0009392218,-0.0007841543,-0.0004024495,20.09101,10.15442,4.335,62.58227
R,0.07549137,0.8472826,-0.1648575,0.04416168,0.2018977,0.2072841,3.202311,14.39107,14.74642,62.59635
R,0.07558095,0.850302,-0.1617381,0.006678732,0.2251138,0.2325752,-2.794633,1.730932,1.885638,62.60976
R,0.08705053,0.8544328,-0.1360001,0.7842159,0.28244,1.759796,53.16293,3.919596,104.4214,62.62439
R,0.09750149,0.8693772,-0.09989788,0.7420521,1.061099,2.563377,-2.993766,55.28733,57.05686,62.63847
R,0.1048345,0.8804671,-0.07233143,0.533085,0.8061997,2.003988,-15.1912,-18.53033,-40.66573,62.65223
R,0.1101793,0.8888807,-0.05076422,0.3801149,0.5983663,1.533835,-10.87906,-14.78087,-33.43672,62.66629
R,0.11428,0.8956108,-0.03299243,0.3263462,0.535595,1.41432,-4.279037,-4.99548,-9.51129,62.67886
R,0.1239316,0.9015998,-0.0009670639,0.7107027,0.4410068,2.358218,28.30246,-6.965089,69.50488,62.69244
R,0.1265657,0.906315,0.03729124,0.197851,0.3541726,2.873692,-38.52177,-6.522367,38.71873,62.70575
R,0.1289594,0.9107171,0.06908143,0.1587833,0.2919962,2.108706,-2.591436,-4.12429,-50.74306,62.72083
R,0.1312998,0.9149404,0.09641916,0.154851,0.2794319,1.808789,-0.2601837,-0.8313056,-19.84386,62.73594
R,0.133608,0.9190528,0.1209732,0.1970951,0.3511553,2.096647,3.607184,6.124384,24.57991,62.74765
R,0.1394305,0.9114223,0.1350706,0.3376849,-0.4425401,0.817598,8.153711,-46.03152,-74.18033,62.76489
R,0.1446339,0.8979387,0.1333604,0.4819926,-1.24899,-0.1584157,13.36728,-74.70173,-90.40852,62.77569
R,0.1491044,0.8889825,0.1367677,0.3215967,-0.6442997,0.2451118,-11.53864,43.5005,29.02917,62.78959
R,0.1531304,0.8827571,0.1435812,0.2550504,-0.3943783,0.4316378,-4.215739,15.83262,11.8165,62.80537
R,0.1482646,0.8811026,0.1292933,-0.4083007,-0.1388394,-1.198936,-55.66373,21.44302,-136.8262,62.81729
R,0.1453703,0.8796487,0.122334,-0.1954443,-0.09817749,-0.4699489,14.37378,2.745823,49.2271,62.8321
R,0.1344087,0.8806544,0.1105059,-0.8572587,0.07865174,-0.9250168,-51.75737,13.82897,-35.58869,62.84489
R,0.1269594,0.8811748,0.1044227,-0.5149739,0.03597623,-0.4205394,23.66242,-2.950192,34.87492,62.85935
R,0.1215792,0.8813776,0.1017411,-0.3893955,0.01467594,-0.1940787,9.088798,-1.541619,16.3902,62.87317
R,0.114109,0.8802354,0.08840119,-0.5588669,-0.08544699,-0.9979984,-12.67862,-7.490475,-60.14347,62.88654
R,0.1083997,0.8792784,0.08010541,-0.3867314,-0.06482962,-0.5619352,11.66002,1.396569,29.53781,62.9013
R,0.1059193,0.8742806,0.07111234,-0.163375,-0.3291771,-0.5923313,14.71144,-17.41134,-2.002045,62.91648
R,0.1035195,0.8704812,0.06498289,-0.2084511,-0.3300199,-0.5324052,-3.915322,-0.07320142,5.205191,62.92799
R,0.1030425,0.8597279,0.0569463,-0.03332233,-0.7513076,-0.5614987,12.23586,-29.43445,-2.032699,62.94231
R,0.1021136,0.8516188,0.05102371,-0.06645689,-0.5801719,-0.4237372,-2.37064,12.24405,9.856262,62.95628
R,0.1008945,0.8449993,0.04634658,-0.08595536,-0.4667244,-0.3297687,-1.374773,7.998815,6.625412,62.97047
R,0.1063536,0.8383214,0.0470723,0.3981821,-0.4870792,0.05293355,35.31267,-1.484664,27.91405,62.98418
R,0.1099279,0.832518,0.04704996,0.2602713,-0.4225911,-0.001627062,-10.04236,4.695875,-3.972982,62.99791
R,0.1123398,0.8328757,0.04574613,0.170516,0.0252916,-0.09217639,-6.345416,31.66391,-6.401554,63.01205
R,0.1138104,0.8323981,0.04459495,0.09966037,-0.032373,-0.07801846,-4.802064,-3.908073,0.9595181,63.02681
R,0.1158163,0.834312,0.04323068,0.1386024,0.1322442,-0.09426325,2.690673,11.37412,-1.122423,63.04128
R,0.1176657,0.8355541,0.04169334,0.1458457,0.09795709,-0.1212406,0.571235,-2.704017,-2.127546,63.05396
R,0.1192281,0.8361348,0.04015064,0.1124586,0.04179537,-0.1110407,-2.403135,-4.04241,0.7341734,63.06786
R,0.1237919,0.840693,0.03768291,0.329761,0.3293567,-0.1783082,15.70136,20.77797,-4.860471,63.0817
R,0.1274621,0.8437972,0.03540784,0.2716311,0.2297431,-0.1683776,-4.302208,-7.372423,0.7349672,63.09521
R,0.1294724,0.8470798,0.03552019,0.139417,0.2276496,0.007791315,-9.169083,-0.1451813,12.21736,63.10963
R,0.1310938,0.8492457,0.03528812,0.1229181,0.1641935,-0.01759281,-1.250746,-4.810478,-1.924319,63.12282
R,0.1324867,0.8507593,0.03486614,0.09060659,0.09845301,-0.02744916,-2.101804,-4.276299,-0.6411372,63.13819
R,0.1345577,0.8525375,0.03481478,0.1591121,0.136618,-0.003946034,5.263283,2.932217,1.805745,63.15121
R,0.1364962,0.8540261,0.03456248,0.1412373,0.1084587,-0.01838234,-1.302328,-2.051638,-1.051804,63.16493
R,0.1362817,0.8557042,0.03423354,-0.01539195,0.1203946,-0.02359866,-11.23684,0.8563021,-0.3742273,63.17887
R,0.1362589,0.8571925,0.0338166,-0.001767775,0.1156954,-0.03241307,1.059162,-0.3653201,-0.6852448,63.19173
R,0.1363951,0.858582,0.03332148,0.009923135,0.1012974,-0.03609371,0.852253,-1.049596,-0.2683141,63.20545
R,0.1354464,0.8594747,0.03343302,-0.06210976,0.05844546,0.007302268,-4.716032,-2.805542,2.841158,63.22073
R,0.1346521,0.8603823,0.03344971,-0.05612576,0.06412989,0.001179509,0.4228226,0.4016546,-0.4326266,63.23488
R,0.1333965,0.8618666,0.03206452,-0.1010898,0.1195005,-0.1115231,-3.620104,4.45795,-9.073804,63.2473
R,0.1322891,0.8633971,0.03061198,-0.07485536,0.1034602,-0.09818835,1.77339,-1.084289,0.9013974,63.26209
R,0.130762,0.8661425,0.02792436,-0.0977335,0.175705,-0.1720079,-1.464201,4.623663,-4.724452,63.27772
R,0.1295616,0.8685828,0.02553353,-0.08325169,0.1692336,-0.1658046,1.004317,-0.4487878,0.4302052,63.29214
R,0.128664,0.8706467,0.02350009,-0.06680553,0.1536148,-0.1513499,1.224095,-1.162519,1.075869,63.30557
R,0.1260223,0.8713262,0.02206385,-0.196069,0.05043619,-0.106597,-9.593895,-7.657884,3.321546,63.31905
R,0.1238652,0.8720765,0.02068707,-0.1546703,0.05379428,-0.09871842,2.968385,0.2407828,0.5649109,63.33299
R,0.1208446,0.8732461,0.01786929,-0.2289805,0.0886712,-0.2136103,-5.633304,2.643949,-8.709724,63.34618
R,0.1183057,0.8744164,0.01533925,-0.1883345,0.08680408,-0.1876727,3.015023,-0.1384983,1.923994,63.35966
R,0.1162063,0.875531,0.01312065,-0.1505306,0.07991999,-0.1590789,2.710633,-0.4936059,2.050243,63.37361
R,0.1163961,0.8754037,0.01311529,0.01303875,-0.008741975,-0.0003683862,11.23656,-6.090724,10.90278,63.38817
R,0.1164414,0.8753863,0.01305642,0.00347254,-0.001334845,-0.00451503,-0.7336817,0.5680909,-0.3180274,63.40121
R,0.1165591,0.8750275,0.01317038,0.008851778,-0.02696298,0.00856466,0.4042818,-1.926107,0.9830167,63.41451
R,0.1166965,0.8745014,0.01328028,0.0103191,-0.03951916,0.008255381,0.1102151,-0.943131,-0.02323085,63.42783
R,0.116976,0.8737433,0.01234402,0.01906915,-0.0517268,-0.06388243,0.5970256,-0.8329412,-4.922044,63.44248
R,0.1172371,0.8728949,0.01104236,0.01907236,-0.06198613,-0.09510114,0.0002347506,-0.7495602,-2.28088,63.45617
R,0.1174192,0.872118,0.009580742,0.01400064,-0.05972324,-0.1123617,-0.389889,0.1739601,-1.326905,63.46918
R,0.1179751,0.8701904,0.003192877,0.04073232,-0.1412276,-0.4680102,1.95851,-5.971462,-26.05677,63.48283
R,0.1183232,0.8686962,-0.002293982,0.02603944,-0.1117874,-0.4104872,-1.099215,2.202505,4.303454,63.49619
R,0.1221328,0.8688108,-0.01011336,0.2521913,0.00759154,-0.5176269,14.9708,7.902646,-7.092434,63.5113
R,0.1248992,0.8689003,-0.01629406,0.2125369,0.006873718,-0.4748631,-3.046653,-0.05515034,3.285546,63.52431
R,0.1269709,0.8689671,-0.02150452,0.1446702,0.004665856,-0.3638496,-4.739172,-0.1541762,7.752135,63.53864
R,0.1337818,0.8705517,-0.02904876,0.5055054,0.1176078,-0.5599313,26.78109,8.382515,-14.55312,63.55211
R,0.1389982,0.8717223,-0.03538144,0.3699777,0.08302895,-0.4491546,-9.612497,-2.452551,7.856995,63.56621
R,0.1447699,0.8694772,-0.0360726,0.4028294,-0.1566993,-0.04823792,2.292836,-16.73145,27.98133,63.58054
R,0.1494657,0.867894,-0.0376315,0.3633297,-0.1224958,-0.1206187,-3.056265,2.646473,-5.600412,63.59346
R,0.1532017,0.8668153,-0.03959543,0.264554,-0.07638185,-0.1390692,-6.99445,3.265392,-1.306501,63.60758
R,0.1584715,0.8723345,-0.04139898,0.3491996,0.36573,-0.1195121,5.609034,29.29651,1.295944,63.62267
R,0.1630511,0.8763642,-0.0435908,0.3560271,0.3132738,-0.1703951,0.530782,-4.078018,-3.955712,63.63554
R,0.1618622,0.8776435,-0.04620591,-0.09542684,0.102682,-0.2099002,-36.23575,-16.90306,-3.170863,63.64799
R,0.161461,0.8787416,-0.04881912,-0.02561609,0.07010701,-0.1668385,4.457006,-2.079721,2.749237,63.66366
R,0.1567765,0.8796533,-0.04909294,-0.3465,0.06743351,-0.02025403,-23.73527,-0.1977539,10.84262,63.67718
R,0.1526781,0.8806956,-0.04994957,-0.2981084,0.0758142,-0.06230843,3.519859,0.6095858,-3.058909,63.69093
R,0.1497914,0.8816698,-0.05115533,-0.2037518,0.06876431,-0.08510582,6.659938,-0.4976004,-1.609101,63.70509
R,0.1336446,0.8820559,-0.05972392,-1.191659,0.02849187,-0.6323773,-72.90934,-2.972178,-40.38962,63.71864
R,0.1223597,0.8825414,-0.06650256,-0.3868051,0.01664242,-0.2323458,27.5873,-0.4061535,13.71154,63.74782
R,0.09313189,0.8845591,-0.07586047,-1.724097,0.1190193,-0.552007,-78.88455,6.039039,-18.85627,63.76477
R,0.07310929,0.8814335,-0.07936078,-1.910045,-0.2981657,-0.3339105,-17.73849,-39.79715,20.8052,63.77525
R,0.06519987,0.8783895,-0.07940374,-0.5552781,-0.2136993,-0.00301547,95.11091,5.929932,23.23035,63.7895
R,0.05768235,0.8763626,-0.08037381,-0.5989887,-0.1615074,-0.07729448,-3.482822,4.158597,-5.918478,63.80205
R,0.04621417,0.8797542,-0.07774724,-0.748584,0.2213879,0.171449,-9.76482,24.99345,16.2367,63.81737
R,0.03633164,0.8821609,-0.07655979,-0.7883891,0.1919982,0.09473013,-3.175489,-2.344589,-6.120324,63.8299
R,0.02732695,0.8839066,-0.07630906,-0.6783118,0.1315014,0.01888694,8.291986,-4.557148,-5.713171,63.84318
R,0.02735459,0.8839244,-0.07630689,0.001837245,0.001180591,0.0001441073,45.20715,-8.661975,-1.245771,63.85822
R,0.01820964,0.8840953,-0.06635841,-0.6362247,0.01189291,0.6921273,-44.39069,0.7452683,48.14205,63.8726
R,0.004384371,0.8880949,-0.05896241,-1.354339,0.3918045,0.7245203,-70.34727,37.21657,3.173259,63.8828
R,-0.007603319,0.8911625,-0.05384348,-0.7631134,0.1952783,0.3258612,37.63628,-12.51048,-25.37788,63.89851
R,-0.01405367,0.8871758,-0.04721008,-0.4872974,-0.3011798,0.5011257,20.83674,-37.50534,13.2405,63.91175
R,-0.02115074,0.8845018,-0.04220194,-0.4852512,-0.1828296,0.3424242,0.1399057,8.092014,-10.85098,63.92638
R,-0.02852658,0.8826796,-0.03823726,-0.5388883,-0.1331348,0.2896645,-3.918798,3.630772,-3.854692,63.94006
R,-0.03082898,0.8833625,-0.03727549,-0.1738366,0.0515598,0.0726158,27.56225,13.94486,-16.38768,63.95331
R,-0.03437525,0.8837999,-0.03619852,-0.2633528,0.03248495,0.07997798,-6.64763,-1.416532,0.5467284,63.96677
R,-0.03399939,0.8837775,-0.03652792,0.0253685,-0.001512616,-0.02223239,19.48675,-2.294608,-6.898515,63.98159
R,-0.03391159,0.8837529,-0.03678581,0.006813099,-0.001905713,-0.02001288,-1.43996,-0.03050568,0.1722409,63.99448
R,-0.03408189,0.8837276,-0.03699205,-0.01147649,-0.001707102,-0.01389857,-1.232521,0.0133843,0.4120387,64.00932
R,-0.03338173,0.883558,-0.03768516,0.05515113,-0.013362,-0.05459536,5.248207,-0.9180478,-3.205655,64.02201
R,-0.03302039,0.8833558,-0.03839567,0.02654838,-0.01485426,-0.05220176,-2.101469,-0.1096373,0.1758601,64.03562
R,-0.02894329,0.8813686,-0.03875236,0.2333594,-0.1137384,-0.02041613,11.83718,-5.6598,1.819304,64.05309
R,-0.0260625,0.8795788,-0.03886329,0.2474383,-0.1537363,-0.009527564,1.20927,-3.435519,0.9352461,64.06474
R,-0.02136932,0.8792011,-0.04023945,0.3128918,-0.025182,-0.09174795,4.363744,8.570635,-5.481582,64.07973
R,-0.01854227,0.8788767,-0.04106693,0.2278889,-0.02614257,-0.06670294,-6.852088,-0.07743131,2.01888,64.09214
R,-0.01701725,0.8786113,-0.04151935,0.1011062,-0.01759689,-0.02999484,-8.405496,0.5665646,2.433689,64.10722
R,-0.01558341,0.8777653,-0.04209203,0.08712849,-0.05140965,-0.03479972,-0.849368,-2.054662,-0.2919724,64.12368
R,-0.01465625,0.8770813,-0.04248266,0.03197176,-0.02358754,-0.01347019,-1.902,0.9594054,0.7355179,64.15268
R,-0.009059398,0.8721221,-0.04061941,0.2555175,-0.2264047,0.08506434,10.20571,-9.259368,4.498474,64.17458
R,-0.007024076,0.870573,-0.04102433,0.1452225,-0.1105275,-0.02889126,-7.869665,8.267963,-8.130859,64.1886
R,-0.006304954,0.8698951,-0.04115628,0.0500301,-0.04716527,-0.009179895,-6.622646,4.408183,1.371342,64.20297
R,-0.00532708,0.8683394,-0.04082835,0.05950415,-0.09466762,0.0199547,0.5765006,-2.890542,1.772855,64.21941
R,-0.00437122,0.8667403,-0.04049341,0.0840849,-0.1406669,0.02946335,2.162314,-4.046459,0.8364548,64.23077
R,-0.003505621,0.8652216,-0.04017976,0.05496889,-0.09644501,0.01991852,-1.84898,2.808264,-0.6061339,64.24652
R,-0.003235495,0.8652993,-0.04073768,0.01275889,0.003673987,-0.02635276,-1.993711,4.728936,-2.185538,64.26769
R,-0.002993824,0.8653213,-0.04121031,0.0117975,0.001073673,-0.02307197,-0.04693129,-0.1269379,0.1601563,64.28818
R,-0.002442596,0.8662577,-0.0441583,0.04581521,0.07782776,-0.2450215,2.827374,6.379398,-18.44728,64.30021
R,-0.002148557,0.8655249,-0.04515416,0.02281837,-0.05687074,-0.077282,-1.784631,-10.45305,13.01714,64.3131
R,-0.001883134,0.8647411,-0.04595753,0.02007478,-0.05928123,-0.06076101,-0.2075057,-0.1823126,1.249532,64.32632
R,-0.001611048,0.8639414,-0.04673062,0.01675884,-0.04925399,-0.04761752,-0.204242,0.6176177,0.80956,64.34255
R,-0.001350504,0.8639715,-0.04745228,0.01827181,0.002110922,-0.05060987,0.1061036,3.602195,-0.209852,64.35681
R,-0.001098117,0.8639595,-0.04812345,0.01766203,-0.0008425654,-0.04696807,-0.04267221,-0.2066842,0.2548521,64.3711
R,-0.0003723899,0.8635922,-0.04841562,0.05127894,-0.02595182,-0.02064495,2.375329,-1.774189,1.859959,64.38525
R,0.0004290238,0.8631537,-0.04874489,0.0587817,-0.03216372,-0.02415066,0.5503088,-0.4556272,-0.2571349,64.39889
R,0.001266515,0.8626652,-0.04909979,0.02846775,-0.01660359,-0.01206381,-1.030423,0.5289152,0.4108524,64.42831
R,0.004860389,0.8665241,-0.05299846,0.1416284,0.1520713,-0.1536398,4.459471,6.64719,-5.579267,64.45368
R,0.00797694,0.8706363,-0.05696796,0.2591958,0.3420001,-0.3301336,9.777787,15.79591,-14.67855,64.46571
R,0.009268848,0.8722087,-0.05856158,0.08260147,0.1005335,-0.1018924,-11.29101,-15.43878,14.59319,64.48135
R,0.01021989,0.8774335,-0.06205337,0.06267233,0.3443078,-0.2301035,-1.313299,16.06434,-8.448911,64.49652
R,0.01112604,0.8816468,-0.06495232,0.07955158,0.3698928,-0.2545018,1.481846,2.246141,-2.141954,64.50791
R,0.01072538,0.8862942,-0.06963608,-0.02982162,0.3459061,-0.3486139,-8.140695,-1.785345,-7.004809,64.52135
R,0.01062642,0.8899144,-0.07323408,-0.006478568,0.2370169,-0.2355633,1.528282,-7.129033,7.401488,64.53662
R,0.008817617,0.8912184,-0.07469794,-0.1131664,0.08158189,-0.09158525,-6.674839,-9.724667,9.00787,64.5526
R,0.007615703,0.8924603,-0.07606798,-0.1201657,0.1241717,-0.1369742,-0.6997796,4.258069,-4.53793,64.56261
R,0.006716842,0.8937458,-0.07745612,-0.06041823,0.08640224,-0.09330629,4.01601,-2.538725,2.935203,64.57748
R,0.005411165,0.8947766,-0.07876504,-0.09465577,0.07472864,-0.09489077,-2.48207,-0.8462849,-0.1148676,64.59128
R,0.004296541,0.8959355,-0.0801697,-0.08578748,0.08919921,-0.10811,0.6825518,1.113733,-1.017423,64.60427
R,0.002822321,0.8960437,-0.08088545,-0.0753623,0.005530299,-0.0365891,0.5329362,-4.277165,3.656157,64.62383
R,0.001518433,0.8963435,-0.08172769,-0.1314639,0.03022837,-0.08491887,-5.656426,2.490173,-4.87283,64.63375
R,0.0003147242,0.8968079,-0.08269323,-0.09954106,0.03840201,-0.07984585,2.639871,0.6759217,0.4195152,64.64584
R,0.0002170268,0.8965947,-0.08292321,-7.672903E-05,-0.0001674465,-0.0001806182,0.07811679,-0.03029148,0.06256707,65.91912
R,0.0002170268,0.8965947,-0.08292321,0,0,0,0.0009920129,0.002164879,0.002335174,65.99647
R,0.0002170268,0.8965947,-0.08292321,0,0,0,0,0,0,66.02107
R,0.0002170268,0.8965947,-0.08292321,0,0,0,0,0,0,66.04912
R,0.0002170268,0.8965947,-0.08292321,0,0,0,0,0,0,66.06281
R,0.0002170268,0.8965947,-0.08292321,0,0,0,0,0,0,66.07716
R,0.0002170268,0.8965947,-0.08292321,0,0,0,0,0,0,66.10522
R,0.0002170268,0.8965947,-0.08292321,0,0,0,0,0,0,66.13583
R,0.0002170268,0.8965947,-0.08292321,0,0,0,0,0,0,66.16039
R,0.0002170268,0.8965947,-0.08292321,0,0,0,0,0,0,66.18717
R,0.0002170268,0.8965947,-0.08292321,0,0,0,0,0,0,66.20266
R,0.0002170268,0.8965947,-0.08292321,0,0,0,0,0,0,66.21736
R,0.0002170268,0.8965947,-0.08292321,0,0,0,0,0,0,66.24313
R,0.0002170268,0.8965947,-0.08292321,0,0,0,0,0,0,66.27113
R,0.0002170268,0.8965947,-0.08292321,0,0,0,0,0,0,66.29871
R,0.0002170268,0.8965947,-0.08292321,0,0,0,0,0,0,66.31491
R,0.0002170268,0.8965947,-0.08292321,0,0,0,0,0,0,66.35951
R,0.0002170268,0.8965947,-0.08292321,0,0,0,0,0,0,66.37642
R,0.0002170268,0.8965947,-0.08292321,0,0,0,0,0,0,66.39547
R,0.0002170268,0.8965947,-0.08292321,0,0,0,0,0,0,66.41207
R,0.0002170268,0.8965947,-0.08292321,0,0,0,0,0,0,66.43035
R,0.0002170268,0.8965947,-0.08292321,0,0,0,0,0,0,66.46764
R,0.0002170268,0.8965947,-0.08292321,0,0,0,0,0,0,66.50096
R,0.0002170268,0.8965947,-0.08292321,0,0,0,0,0,0,66.54487
R,0.0002170268,0.8965947,-0.08292321,0,0,0,0,0,0,66.58298
R,0.0002170268,0.8965947,-0.08292321,0,0,0,0,0,0,66.60038
R,0.0002170268,0.8965947,-0.08292321,0,0,0,0,0,0,66.63431
R,0.0002170268,0.8965947,-0.08292321,0,0,0,0,0,0,66.65185
R,0.0002170268,0.8965947,-0.08292321,0,0,0,0,0,0,66.68511
R,0.0002170268,0.8965947,-0.08292321,0,0,0,0,0,0,66.70211
R,0.0002170268,0.8965947,-0.08292321,0,0,0,0,0,0,66.74454
R,0.0002170268,0.8965947,-0.08292321,0,0,0,0,0,0,66.76035
R,0.0002170268,0.8965947,-0.08292321,0,0,0,0,0,0,66.79294
R,0.0002170268,0.8965947,-0.08292321,0,0,0,0,0,0,66.81348
R,0.0002170268,0.8965947,-0.08292321,0,0,0,0,0,0,66.85184
R,0.0002170268,0.8965947,-0.08292321,0,0,0,0,0,0,66.86834
R,0.0002170268,0.8965947,-0.08292321,0,0,0,0,0,0,66.88288
R,0.0002170268,0.8965947,-0.08292321,0,0,0,0,0,0,66.90134
R,0.0002170268,0.8965947,-0.08292321,0,0,0,0,0,0,66.91613
R,0.0002170268,0.8965947,-0.08292321,0,0,0,0,0,0,66.93168
R,0.0002170268,0.8965947,-0.08292321,0,0,0,0,0,0,66.96265
R,0.0002170268,0.8965947,-0.08292321,0,0,0,0,0,0,66.97605
R,0.0002170268,0.8965947,-0.08292321,0,0,0,0,0,0,66.99278
R,0.0002170268,0.8965947,-0.08292321,0,0,0,0,0,0,67.0107
R,0.0002170268,0.8965947,-0.08292321,0,0,0,0,0,0,67.03945
R,0.0002170268,0.8965947,-0.08292321,0,0,0,0,0,0,67.0537
R,0.0002170268,0.8965947,-0.08292321,0,0,0,0,0,0,67.06844
R,0.0002170268,0.8965947,-0.08292321,0,0,0,0,0,0,67.08203
R,0.0002170268,0.8965947,-0.08292321,0,0,0,0,0,0,67.09607
R,0.0002170268,0.8965947,-0.08292321,0,0,0,0,0,0,67.11172
R,0.0002170268,0.8965947,-0.08292321,0,0,0,0,0,0,67.14304
R,0.0002170268,0.8965947,-0.08292321,0,0,0,0,0,0,67.17651
R,0.0002170268,0.8965947,-0.08292321,0,0,0,0,0,0,67.2751
R,0.0002170268,0.8965947,-0.08292321,0,0,0,0,0,0,67.32487
R,0.0002170268,0.8965947,-0.08292321,0,0,0,0,0,0,67.35481
R,0.0002170268,0.8965947,-0.08292321,0,0,0,0,0,0,67.38464
R,0.0002170268,0.8965947,-0.08292321,0,0,0,0,0,0,67.39829
R,0.0002170268,0.8965947,-0.08292321,0,0,0,0,0,0,67.41123
R,0.0002170268,0.8965947,-0.08292321,0,0,0,0,0,0,67.42944
R,0.0002170268,0.8965947,-0.08292321,0,0,0,0,0,0,67.45689
R,0.0002170268,0.8965947,-0.08292321,0,0,0,0,0,0,67.47153
R,0.0002170268,0.8965947,-0.08292321,0,0,0,0,0,0,67.48798
R,0.0002170268,0.8965947,-0.08292321,0,0,0,0,0,0,67.50288
R,0.0002170268,0.8965947,-0.08292321,0,0,0,0,0,0,67.51833
R,0.0002170268,0.8965947,-0.08292321,0,0,0,0,0,0,67.54531
R,0.0002170268,0.8965947,-0.08292321,0,0,0,0,0,0,67.57383
R,0.0002170268,0.8965947,-0.08292321,0,0,0,0,0,0,67.58854
R,0.0002170268,0.8965947,-0.08292321,0,0,0,0,0,0,67.61852
R,0.0002170268,0.8965947,-0.08292321,0,0,0,0,0,0,67.63445
R,0.0002170268,0.8965947,-0.08292321,0,0,0,0,0,0,67.64934
R,0.0002170268,0.8965947,-0.08292321,0,0,0,0,0,0,67.66479
R,0.0002170268,0.8965947,-0.08292321,0,0,0,0,0,0,67.67873
R,0.0002170268,0.8965947,-0.08292321,0,0,0,0,0,0,67.70883
R,0.0002170268,0.8965947,-0.08292321,0,0,0,0,0,0,67.73775
R,0.0002170268,0.8965947,-0.08292321,0,0,0,0,0,0,67.75355
R,0.0002170268,0.8965947,-0.08292321,0,0,0,0,0,0,67.78079
R,0.0002170268,0.8965947,-0.08292321,0,0,0,0,0,0,67.7957
R,0.0002170268,0.8965947,-0.08292321,0,0,0,0,0,0,67.80964
R,0.0002170268,0.8965947,-0.08292321,0,0,0,0,0,0,67.82533
R,0.0002170268,0.8965947,-0.08292321,0,0,0,0,0,0,67.83942
R,0.0002170268,0.8965947,-0.08292321,0,0,0,0,0,0,67.86303
R,0.0002170268,0.8965947,-0.08292321,0,0,0,0,0,0,67.88966
R,0.0002170268,0.8965947,-0.08292321,0,0,0,0,0,0,67.90803
R,0.0002170268,0.8965947,-0.08292321,0,0,0,0,0,0,67.93569
R,0.0002170268,0.8965947,-0.08292321,0,0,0,0,0,0,67.95058
R,0.0002170268,0.8965947,-0.08292321,0,0,0,0,0,0,67.98028
R,0.0002170268,0.8965947,-0.08292321,0,0,0,0,0,0,68.01155
R,0.0002170268,0.8965947,-0.08292321,0,0,0,0,0,0,68.04165
R,0.0002170268,0.8965947,-0.08292321,0,0,0,0,0,0,68.05482
R,0.0002170268,0.8965947,-0.08292321,0,0,0,0,0,0,68.07076
R,0.0002170268,0.8965947,-0.08292321,0,0,0,0,0,0,68.08297
R,0.0002170268,0.8965947,-0.08292321,0,0,0,0,0,0,68.09854
R,0.0002170268,0.8965947,-0.08292321,0,0,0,0,0,0,68.12887
R,0.0002170268,0.8965947,-0.08292321,0,0,0,0,0,0,68.164
R,0.0002170268,0.8965947,-0.08292321,0,0,0,0,0,0,68.17885
R,0.0002170268,0.8965947,-0.08292321,0,0,0,0,0,0,68.19306
R,0.0002170268,0.8965947,-0.08292321,0,0,0,0,0,0,68.20692
R,0.0002170268,0.8965947,-0.08292321,0,0,0,0,0,0,68.22134
R,0.0002170268,0.8965947,-0.08292321,0,0,0,0,0,0,68.23418
R,0.0002170268,0.8965947,-0.08292321,0,0,0,0,0,0,68.247
R,0.0002170268,0.8965947,-0.08292321,0,0,0,0,0,0,68.27132
R,0.0002170268,0.8965947,-0.08292321,0,0,0,0,0,0,68.28378
R,0.0002170268,0.8965947,-0.08292321,0,0,0,0,0,0,68.29726
R,0.0002170268,0.8965947,-0.08292321,0,0,0,0,0,0,68.31113
R,0.0002170268,0.8965947,-0.08292321,0,0,0,0,0,0,68.32376
R,0.0002170268,0.8965947,-0.08292321,0,0,0,0,0,0,68.33657
R,0.0002170268,0.8965947,-0.08292321,0,0,0,0,0,0,68.34932
R,0.0002170268,0.8965947,-0.08292321,0,0,0,0,0,0,68.3617
R,0.0002170268,0.8965947,-0.08292321,0,0,0,0,0,0,68.37379
R,0.0002170268,0.8965947,-0.08292321,0,0,0,0,0,0,68.38647
R,0.0002170268,0.8965947,-0.08292321,0,0,0,0,0,0,68.40232
R,0.0002170268,0.8965947,-0.08292321,0,0,0,0,0,0,68.43172
R,0.0002170268,0.8965947,-0.08292321,0,0,0,0,0,0,68.44473
R,0.0002170268,0.8965947,-0.08292321,0,0,0,0,0,0,68.4577
R,0.0002170268,0.8965947,-0.08292321,0,0,0,0,0,0,68.47198
R,0.0002170268,0.8965947,-0.08292321,0,0,0,0,0,0,68.50635
R,0.0002170268,0.8965947,-0.08292321,0,0,0,0,0,0,68.51974
R,0.0002170268,0.8965947,-0.08292321,0,0,0,0,0,0,68.53347
R,0.0002170268,0.8965947,-0.08292321,0,0,0,0,0,0,68.55922
R,0.0002170268,0.8965947,-0.08292321,0,0,0,0,0,0,68.592
R,0.0002170268,0.8965947,-0.08292321,0,0,0,0,0,0,68.60565
R,0.0002170268,0.8965947,-0.08292321,0,0,0,0,0,0,68.62173
R,0.0002170268,0.8965947,-0.08292321,0,0,0,0,0,0,68.64491
R,0.0002170268,0.8965947,-0.08292321,0,0,0,0,0,0,68.66566
R,0.0002170268,0.8965947,-0.08292321,0,0,0,0,0,0,68.67878
R,0.0002170268,0.8965947,-0.08292321,0,0,0,0,0,0,68.70724
R,0.0002170268,0.8965947,-0.08292321,0,0,0,0,0,0,68.71976
R,0.0002170268,0.8965947,-0.08292321,0,0,0,0,0,0,68.73319
R,0.0002170268,0.8965947,-0.08292321,0,0,0,0,0,0,68.76188
R,0.0002170268,0.8965947,-0.08292321,0,0,0,0,0,0,68.77574
R,0.0002170268,0.8965947,-0.08292321,0,0,0,0,0,0,68.79388
R,0.0002170268,0.8965947,-0.08292321,0,0,0,0,0,0,68.82066
R,0.0002170268,0.8965947,-0.08292321,0,0,0,0,0,0,68.87344
R,0.0002170268,0.8965947,-0.08292321,0,0,0,0,0,0,68.93305
R,0.0002170268,0.8965947,-0.08292321,0,0,0,0,0,0,68.98493
R,0.0002170268,0.8965947,-0.08292321,0,0,0,0,0,0,69.05292
R,0.0002170268,0.8965947,-0.08292321,0,0,0,0,0,0,69.0796
R,0.0002170268,0.8965947,-0.08292321,0,0,0,0,0,0,69.10734
R,0.0002170268,0.8965947,-0.08292321,0,0,0,0,0,0,69.13374
R,0.0002170268,0.8965947,-0.08292321,0,0,0,0,0,0,69.14928
R,0.0002170268,0.8965947,-0.08292321,0,0,0,0,0,0,69.17503
R,0.0002170268,0.8965947,-0.08292321,0,0,0,0,0,0,69.19256
R,0.0002170268,0.8965947,-0.08292321,0,0,0,0,0,0,69.2295
R,0.0002170268,0.8965947,-0.08292321,0,0,0,0,0,0,69.27129
R,0.0002170268,0.8965947,-0.08292321,0,0,0,0,0,0,69.29808
R,0.0002170268,0.8965947,-0.08292321,0,0,0,0,0,0,69.31371
R,0.0002170268,0.8965947,-0.08292321,0,0,0,0,0,0,69.3274
R,0.0002170268,0.8965947,-0.08292321,0,0,0,0,0,0,69.34053
R,0.0002170268,0.8965947,-0.08292321,0,0,0,0,0,0,69.35412
R,0.0002170268,0.8965947,-0.08292321,0,0,0,0,0,0,69.36751
R,0.0002170268,0.8965947,-0.08292321,0,0,0,0,0,0,69.38099
R,0.0002170268,0.8965947,-0.08292321,0,0,0,0,0,0,69.3954
R,0.0002170268,0.8965947,-0.08292321,0,0,0,0,0,0,69.40923
R,0.0002170268,0.8965947,-0.08292321,0,0,0,0,0,0,69.42258
R,0.0002170268,0.8965947,-0.08292321,0,0,0,0,0,0,69.44065
R,0.0002170268,0.8965947,-0.08292321,0,0,0,0,0,0,69.47924
R,0.0002170268,0.8965947,-0.08292321,0,0,0,0,0,0,69.50824
R,0.0002170268,0.8965947,-0.08292321,0,0,0,0,0,0,69.54892
R,0.0002170268,0.8965947,-0.08292321,0,0,0,0,0,0,69.56339
R,0.0002170268,0.8965947,-0.08292321,0,0,0,0,0,0,69.57689
R,0.0002170268,0.8965947,-0.08292321,0,0,0,0,0,0,69.59181
R,0.0002170268,0.8965947,-0.08292321,0,0,0,0,0,0,69.6189
R,0.0002170268,0.8965947,-0.08292321,0,0,0,0,0,0,69.64605
R,0.0002170268,0.8965947,-0.08292321,0,0,0,0,0,0,69.67371
R,0.0002170268,0.8965947,-0.08292321,0,0,0,0,0,0,69.69048
R,0.0002170268,0.8965947,-0.08292321,0,0,0,0,0,0,69.71618
R,0.0002170268,0.8965947,-0.08292321,0,0,0,0,0,0,69.75933
R,0.0002170268,0.8965947,-0.08292321,0,0,0,0,0,0,69.78725
R,0.0002170268,0.8965947,-0.08292321,0,0,0,0,0,0,69.79941
R,0.0002170268,0.8965947,-0.08292321,0,0,0,0,0,0,69.81538
R,0.0002170268,0.8965947,-0.08292321,0,0,0,0,0,0,69.85404
R,0.0002170268,0.8965947,-0.08292321,0,0,0,0,0,0,69.88321
R,0.0002170268,0.8965947,-0.08292321,0,0,0,0,0,0,69.91088
R,0.0002170268,0.8965947,-0.08292321,0,0,0,0,0,0,69.92693
R,0.0002170268,0.8965947,-0.08292321,0,0,0,0,0,0,69.95197
R,0.0002170268,0.8965947,-0.08292321,0,0,0,0,0,0,69.96574
R,0.0002170268,0.8965947,-0.08292321,0,0,0,0,0,0,69.97993
R,0.0002170268,0.8965947,-0.08292321,0,0,0,0,0,0,70.00812
R,0.0002170268,0.8965947,-0.08292321,0,0,0,0,0,0,70.02213
R,0.0002170268,0.8965947,-0.08292321,0,0,0,0,0,0,70.04946
R,0.0002170268,0.8965947,-0.08292321,0,0,0,0,0,0,70.08011
R,0.0002170268,0.8965947,-0.08292321,0,0,0,0,0,0,70.12006
R,0.0002170268,0.8965947,-0.08292321,0,0,0,0,0,0,70.14606
R,0.0002170268,0.8965947,-0.08292321,0,0,0,0,0,0,70.15981
R,0.0002170268,0.8965947,-0.08292321,0,0,0,0,0,0,70.17464
R,0.0002170268,0.8965947,-0.08292321,0,0,0,0,0,0,70.18902
R,0.0002170268,0.8965947,-0.08292321,0,0,0,0,0,0,70.20334
R,0.0002170268,0.8965947,-0.08292321,0,0,0,0,0,0,70.21727
R,0.0002170268,0.8965947,-0.08292321,0,0,0,0,0,0,70.24281
R,0.0002170268,0.8965947,-0.08292321,0,0,0,0,0,0,70.25717
R,0.0002170268,0.8965947,-0.08292321,0,0,0,0,0,0,70.27344
R,0.0002170268,0.8965947,-0.08292321,0,0,0,0,0,0,70.30043
R,0.0002170268,0.8965947,-0.08292321,0,0,0,0,0,0,70.31437
R,0.0002170268,0.8965947,-0.08292321,0,0,0,0,0,0,70.32884
R,0.0002170268,0.8965947,-0.08292321,0,0,0,0,0,0,70.369
R,0.0002170268,0.8965947,-0.08292321,0,0,0,0,0,0,70.38422
R,0.0002170268,0.8965947,-0.08292321,0,0,0,0,0,0,70.41018
R,0.0002170268,0.8965947,-0.08292321,0,0,0,0,0,0,70.43941
R,0.0002170268,0.8965947,-0.08292321,0,0,0,0,0,0,70.45393
R,0.0002170268,0.8965947,-0.08292321,0,0,0,0,0,0,70.47984
R,0.0002170268,0.8965947,-0.08292321,0,0,0,0,0,0,70.49441
R,0.0002170268,0.8965947,-0.08292321,0,0,0,0,0,0,70.52174
R,0.0002170268,0.8965947,-0.08292321,0,0,0,0,0,0,70.53774
R,0.0002170268,0.8965947,-0.08292321,0,0,0,0,0,0,70.57796
R,0.0002170268,0.8965947,-0.08292321,0,0,0,0,0,0,70.60708
R,0.1447198,0.9333248,0.1095341,3.457516,0.8788406,4.604922,82.72792,21.028,110.1819,70.64887
R,0.1447198,0.9333248,0.1095341,0,0,0,-251.7686,-63.99522,-335.3202,70.66261
R,0.1447198,0.9333248,0.1095341,0,0,0,0,0,0,70.67672
R,0.1447183,0.933323,0.1095345,-5.608917E-05,-6.886195E-05,1.471647E-05,-0.002090338,-0.002566356,0.0005484551,70.70355
R,0.1205197,0.8927678,0.1170233,-0.8795803,-1.47411,0.2722037,-31.96922,-53.5789,9.893607,70.73106
R,0.116829,0.8747644,0.1202068,-0.129342,-0.6309471,0.1115691,26.29284,29.54948,-5.629596,70.7596
R,0.1158615,0.8690014,0.1216535,-0.03471595,-0.2067821,0.05191019,3.395246,15.21931,-2.140601,70.78747
R,0.1187376,0.8714101,0.1235938,0.09789183,0.08198357,0.06603754,4.513417,9.828381,0.4808359,70.81685
R,0.1256068,0.8752538,0.1284802,0.26334,0.1473521,0.1873295,6.342679,2.505992,4.649891,70.84293
R,0.1318794,0.8811693,0.1314629,0.2172733,0.2049026,0.1033143,-1.59568,1.993462,-2.910157,70.8718
R,0.1377673,0.888199,0.1334367,0.4089753,0.4882874,0.1370996,13.31572,19.68406,2.346745,70.8862
R,0.140053,0.8902745,0.1344285,0.08403806,0.07631049,0.03646783,-11.94675,-15.14688,-3.699863,70.9134
R,0.1477372,0.8862758,0.1363392,0.1792776,-0.09329249,0.04457631,2.222008,-3.95696,0.1891766,70.95626
R,0.1558782,0.8798366,0.1384036,0.3290308,-0.2602552,0.08343873,6.05256,-6.748117,1.570699,70.981
R,0.1579084,0.8767227,0.1361769,0.06233575,-0.09560567,-0.06836578,-8.188394,5.05527,-4.660885,71.01357
R,0.1551051,0.8728481,0.1222528,-0.07235947,-0.1000102,-0.3594065,-3.476718,-0.1136874,-7.512267,71.05231
R,0.1513865,0.8710712,0.1113639,-0.1246862,-0.05958205,-0.3651132,-1.754559,1.355588,-0.1913493,71.08214
R,0.1509648,0.87174,0.1092748,-0.0109399,0.01735046,-0.05419062,2.950516,1.995586,8.065159,71.12069
R,0.1521858,0.8712637,0.1082976,0.07506797,-0.02928222,-0.06007875,5.287628,-2.866904,-0.361993,71.13696
R,0.1541607,0.8697546,0.1074752,0.05021482,-0.03837294,-0.02090961,-0.6319209,-0.2311424,0.9959217,71.17628
R,0.1556976,0.8754824,0.1035761,0.1013257,0.3776487,-0.2570712,3.369823,27.42897,-15.57051,71.19145
R,0.1568507,0.8792361,0.1008566,0.0282393,0.09192825,-0.06660167,-1.789907,-6.997375,4.664654,71.23228
R,0.1640197,0.8753742,0.1027086,0.2618913,-0.1410779,0.06765499,8.535461,-8.511868,4.904484,71.25966
R,0.1690897,0.8737854,0.1025768,0.180042,-0.05641891,-0.004682261,-2.906569,3.006346,-2.568786,71.28782
R,0.1715556,0.8745375,0.1005025,0.1619244,0.04938392,-0.1362104,-1.189735,6.94779,-8.637103,71.30305
R,0.1740214,0.8748994,0.09907064,0.09132501,0.01340421,-0.05303184,-2.614752,-1.332561,3.080639,71.33005
R,0.1786613,0.8737773,0.09743834,0.1741609,-0.04211859,-0.06126811,3.10924,-2.084045,-0.3091477,71.35669
R,0.1817799,0.873194,0.09582471,0.203969,-0.03814636,-0.1055399,1.949605,0.2598046,-2.895605,71.37198
R,0.1821877,0.8740994,0.09458945,0.01562043,0.03467682,-0.04731391,-7.214268,2.789328,2.230215,71.39809
R,0.1824569,0.8737813,0.09449559,0.01492604,-0.01763431,-0.005203789,-0.03850074,-2.900391,2.334796,71.41612
R,0.1826969,0.8735815,0.09441026,0.006415874,-0.005341118,-0.002281368,-0.2275024,0.3286341,0.07812514,71.45353
R,0.1770445,0.8742162,0.09253459,-0.1294334,0.01453311,-0.04295015,-3.110769,0.4550934,-0.9312612,71.4972
R,0.1604199,0.8741374,0.08831467,-0.4103619,-0.001945033,-0.1041645,-6.934435,-0.4067463,-1.511014,71.53771
R,0.1473799,0.8731846,0.08527192,-0.4811841,-0.03515845,-0.1122805,-2.613405,-1.225605,-0.2994891,71.56481
R,0.1367555,0.8688608,0.08046409,-0.2451701,-0.09977581,-0.1109456,5.446272,-1.491114,0.03080453,71.60815
R,0.1336862,0.8677542,0.07824013,-0.1039278,-0.03747215,-0.07530329,4.782462,2.109601,1.206848,71.63768
R,0.133709,0.8647175,0.07812342,0.0005743162,-0.07639606,-0.002936248,2.629042,-0.9792389,1.820593,71.67743
R,0.1373909,0.8594199,0.07822037,0.1230474,-0.1770422,0.003239937,4.093011,-3.363561,0.2064061,71.70735
R,0.1436919,0.8556653,0.07827058,0.2355638,-0.1403687,0.001877362,4.206433,1.371038,-0.05093993,71.7341
R,0.1486081,0.8518205,0.07959316,0.1451635,-0.1135268,0.03905216,-2.669283,0.792573,1.097674,71.76797
R,0.1516853,0.8503549,0.08101853,0.0627077,-0.02986654,0.02904636,-1.680294,1.704837,-0.2038993,71.81704
R,0.1522152,0.8513392,0.08283582,0.02039625,0.03789235,0.06995457,-1.628736,2.608309,1.57472,71.84302
R,0.1492094,0.8531473,0.08532942,-0.1061931,0.06387719,0.08809752,-4.472324,0.9180284,0.6409791,71.87132
R,0.1454757,0.853948,0.08758464,-0.1327696,0.02847345,0.08019417,-0.9450428,-1.258936,-0.2810386,71.89944
R,0.1411609,0.8544638,0.08931395,-0.1567046,0.01873138,0.0628055,-0.8692738,-0.3538131,-0.6315234,71.92698
R,0.1355432,0.8550754,0.09055425,-0.3404144,0.03706152,0.07515875,-11.13232,1.110757,0.7485738,71.94348
R,0.1327251,0.8554419,0.09103011,-0.1098665,0.01428884,0.01855207,8.988216,-0.887823,-2.206886,71.96913
R,0.1324194,0.8549966,0.09077424,-0.007563706,-0.01101328,-0.006329135,2.530483,-0.6258537,-0.6154425,72.00956
R,0.1320237,0.8548686,0.09037567,-0.02707857,-0.008763054,-0.02728001,-1.335693,0.1540165,-1.433981,72.02417
R,0.1317414,0.8548062,0.09018194,-0.01788303,-0.00395345,-0.01227287,0.5825412,0.3046904,0.950708,72.03996
R,0.1320325,0.8543456,0.08991678,0.007431235,-0.01176061,-0.006770872,0.646404,-0.199357,0.1404946,72.07912
R,0.1356878,0.8538988,0.08878085,0.08847746,-0.01081631,-0.0274956,1.961753,0.02285704,-0.5016494,72.12043
R,0.145604,0.8489226,0.09009076,0.3245309,-0.162855,0.04286951,7.725341,-4.975785,2.302845,72.15099
R,0.1525281,0.8467143,0.09167544,0.2739374,-0.08736889,0.06269455,-2.001625,2.986453,0.7843368,72.17626
R,0.154176,0.8481776,0.0915419,0.1098069,0.09751128,-0.008898286,-10.93692,12.31958,-4.770624,72.19127
R,0.1550903,0.8487443,0.09154814,0.03451665,0.02139212,0.0002354213,-2.842295,-2.873586,0.344808,72.21776
R,0.1555623,0.8487722,0.09195674,0.03245815,0.001918284,0.02809897,-0.141559,-1.339179,1.916124,72.2323
R,0.1559354,0.8487661,0.09222365,0.02423017,-0.0003910121,0.01733616,-0.534419,-0.1499921,-0.69906,72.2477
R,0.1554167,0.8489138,0.09216333,-0.02028173,0.005773139,-0.002358666,-1.740532,0.2410345,-0.7701195,72.27327
R,0.1547113,0.8489798,0.09190226,-0.0466268,0.00436523,-0.01725605,-1.741351,-0.09305978,-0.9846848,72.2884
R,0.1543022,0.8490077,0.09173845,-0.01543216,0.001050212,-0.006180679,1.176955,-0.1250737,0.4178673,72.3149
R,0.1446913,0.8549701,0.08792565,-0.3188354,0.1978,-0.1264872,-10.06522,6.527053,-3.991095,72.34505
R,0.1352917,0.8624594,0.0837279,-0.367662,0.2929396,-0.1641919,-1.909816,3.721318,-1.474792,72.37061
R,0.1344948,0.8618121,0.08445476,-0.02868481,-0.02330232,0.02616603,12.2028,-11.38436,6.852675,72.39839
R,0.1337819,0.8612207,0.08425664,-0.02473355,-0.0205197,-0.006873418,0.137083,0.09653869,-1.146254,72.42722
R,0.1335097,0.8594903,0.08328573,-0.01564127,-0.09942871,-0.05579122,0.5224655,-4.53431,-2.81094,72.44462
R,0.134088,0.857986,0.08281272,0.02422524,-0.06301434,-0.01981401,1.669985,1.525377,1.507064,72.46849
R,0.1359657,0.8538775,0.08167718,0.1269259,-0.2777245,-0.07675963,6.942333,-14.51392,-3.849394,72.48328
R,0.137442,0.8510613,0.08091456,0.05278392,-0.1006909,-0.02726623,-2.65083,6.329555,1.769558,72.51125
R,0.1402626,0.8482432,0.08088419,0.1015099,-0.1014188,-0.001093203,1.753602,-0.02619585,0.9419416,72.53904
R,0.1456583,0.8441446,0.0809018,0.1927546,-0.1464189,0.0006292161,3.259642,-1.607592,0.061532,72.56703
R,0.1498319,0.8411143,0.08143199,0.09678888,-0.07027518,0.01229532,-2.225482,1.765801,0.2705414,72.61015
R,0.1532546,0.8386835,0.08230151,0.1343148,-0.09539203,0.03412267,1.472633,-0.9856632,0.8565732,72.63564
R,0.1564945,0.8370399,0.08294379,0.2085805,-0.1058103,0.04134802,4.781021,-0.670697,0.4651479,72.65117
R,0.1576168,0.8369434,0.0831469,0.04417288,-0.00379833,0.007994615,-6.471242,4.015288,-1.312822,72.67657
R,0.158869,0.8371435,0.08375226,0.08451842,0.01350492,0.04085772,2.723053,1.167854,2.21804,72.69139
R,0.1596708,0.8371639,0.08408688,0.05613669,0.001431457,0.02342915,-1.987206,-0.8453491,-1.220298,72.70567
R,0.1606034,0.836462,0.08480189,0.03500523,-0.02634593,0.02683785,-0.793168,-1.042623,0.1279452,72.73232
R,0.1617104,0.835568,0.08551598,0.07043575,-0.05688334,0.04543576,2.254344,-1.943009,1.183332,72.74803
R,0.1617698,0.8354681,0.08547827,0.00227446,-0.003828627,-0.001444582,-2.610765,2.032141,-1.795646,72.77414
R,0.1616662,0.8345008,0.08428513,-0.006885979,-0.06432331,-0.07934434,-0.6091716,-4.022912,-5.180354,72.78918
R,0.1616475,0.8336148,0.08326361,-0.0006969497,-0.0330182,-0.03806983,0.2306535,1.166683,1.538224,72.81601
R,0.1631276,0.8293899,0.07898894,0.09570698,-0.2731947,-0.2764134,6.233772,-15.53054,-15.41202,72.83147
R,0.1639089,0.8273992,0.07704625,0.02794771,-0.07121444,-0.06949586,-2.423948,7.225424,7.402047,72.85943
R,0.1635858,0.8237048,0.07386529,-0.01264253,-0.1445884,-0.124495,-1.588607,-2.871685,-2.152536,72.88498
R,0.1635637,0.8214154,0.07181048,-0.0007778952,-0.08053627,-0.07228345,0.4173703,2.253205,1.836679,72.91341
R,0.1635458,0.8206621,0.07019566,-0.0006325104,-0.02651509,-0.05683625,0.005117046,1.90136,0.5436882,72.94182
R,0.1628684,0.8211296,0.06932363,-0.01675545,0.01156468,-0.02156989,-0.3988046,0.9419119,0.8723217,72.98225
R,0.1625094,0.8219457,0.06856745,-0.0230735,0.05246138,-0.04860925,-0.4061404,2.628942,-1.738158,72.9978
R,0.1622917,0.8224604,0.06795569,-0.008390055,0.01982979,-0.02356983,0.5657228,-1.257228,0.9647168,73.02376
R,0.1620515,0.8234754,0.06694598,-0.01515482,0.06404971,-0.06371918,-0.4269,2.79056,-2.533681,73.0396
R,0.1636044,0.8269956,0.0662179,0.06052248,0.1372008,-0.02837665,2.949502,2.851043,1.377465,73.06526
R,0.1664338,0.8324744,0.0644256,0.09971914,0.1930921,-0.0631675,1.381442,1.969826,-1.226165,73.09364
R,0.1685457,0.8359168,0.06265502,0.1323819,0.2157872,-0.1109872,2.047429,1.422617,-2.997524,73.10959
R,0.1694734,0.8373991,0.06187329,0.03647025,0.05827506,-0.03073257,-3.770645,-6.192389,3.155109,73.13503
R,0.1819493,0.8326131,0.06317768,0.7953541,-0.3051131,0.08315624,48.37959,-23.16635,7.260523,73.15071
R,0.1946563,0.8279488,0.06485844,0.4708881,-0.1728469,0.06228464,-12.02386,4.901441,-0.7734472,73.1777
R,0.2011145,0.8199416,0.06841497,0.160319,-0.1987734,0.08828809,-7.709643,-0.6436061,0.645516,73.21798
R,0.199726,0.8194827,0.06866916,-0.04817054,-0.01591864,0.008818788,-7.23323,6.343869,-2.757067,73.2468
R,0.1932789,0.8216006,0.06933095,-0.2373705,0.07797357,0.02436551,-6.965961,3.456922,0.5723988,73.27396
R,0.184633,0.8362577,0.0684497,-0.566332,0.9600903,-0.05772455,-21.54805,57.78151,-5.377166,73.28923
R,0.1777078,0.8540289,0.07256541,-0.2579424,0.6619223,0.1532976,11.48657,-11.10585,7.859929,73.31608
R,0.1688875,0.8760899,0.07788538,-0.519361,1.299005,0.3132524,-15.39293,37.51292,9.418509,73.33306
R,0.1651997,0.8867949,0.08018473,-0.09804568,0.2846079,0.06113182,11.20135,-26.96939,-6.703032,73.37067
R,0.1652372,0.9022801,0.1123308,0.002152371,0.8886514,1.844765,5.75007,34.66426,102.3575,73.3881
R,0.1644007,0.9095496,0.1241216,-0.03190066,0.2772267,0.449652,-1.298632,-23.31704,-53.20346,73.41432
R,0.165145,0.9183972,0.1375683,0.0131541,0.1563754,0.2376589,0.7963076,-2.135953,-3.746813,73.4709
R,0.1588584,0.9397323,0.1509274,-0.1192803,0.4048092,0.2534756,-2.512803,4.713769,0.3001055,73.52361
R,0.1522356,0.9574298,0.1572606,-0.2045884,0.5467019,0.1956398,-2.635281,4.383258,-1.786627,73.55598
R,0.1471079,0.9654792,0.1628376,-0.2150031,0.337507,0.2338408,-0.4366853,-8.771463,1.601754,73.57983
R,0.1445047,0.9682031,0.1680924,-0.09345417,0.09778999,0.1886518,4.363642,-8.605913,-1.6223,73.60768
R,0.1431866,0.9721169,0.1694563,-0.02223285,0.06601366,0.02300319,1.201277,-0.5359653,-2.793963,73.66697
R,0.1431964,0.9806707,0.1698674,0.0001918585,0.1666156,0.008007841,0.4368036,1.959592,-0.2920896,73.71831
R,0.1442747,0.9935192,0.1689622,0.03966603,0.4726595,-0.03329905,1.452136,11.25843,-1.519556,73.74549
R,0.1449653,1.00343,0.1634623,0.02120934,0.3043708,-0.1689032,-0.5668124,-5.168214,-4.164458,73.77805
R,0.1464577,1.008192,0.1577627,0.02954378,0.09426918,-0.112832,0.1649919,-4.159257,1.110009,73.82857
R,0.1521802,1.012253,0.1500476,0.3621741,0.2569788,-0.4882813,21.05191,10.29777,-23.7619,73.84437
R,0.1555003,1.015558,0.1454982,0.120748,0.120231,-0.1654542,-8.780299,-4.97331,11.74073,73.87186
R,0.1605225,1.014423,0.1345151,0.1224004,-0.02768513,-0.2676805,0.04027294,-3.604995,-2.491449,73.9129
R,0.1704972,1.005756,0.1116646,0.1786801,-0.1552485,-0.4093282,1.008158,-2.285087,-2.537385,73.96872
R,0.1815325,0.9999069,0.09024522,0.3805367,-0.2016945,-0.7386165,6.960732,-1.601623,-11.35503,73.99772
R,0.1869941,0.9825215,0.07808558,0.1863242,-0.5931115,-0.4148332,-6.625669,-13.35341,11.04605,74.02703
R,0.1871367,0.9767569,0.07043798,0.006276636,-0.2538078,-0.3367104,-7.927171,14.93894,3.439609,74.04974
R,0.1852105,0.9784618,0.06972597,-0.06834298,0.06049506,-0.02526373,-2.647684,11.15222,11.05088,74.07793
R,0.1828178,0.979723,0.07425883,-0.05201843,0.02741826,0.09854551,0.3548999,-0.7190981,2.691644,74.12392
R,0.1786241,0.9664117,0.05335608,-0.1667712,-0.5293514,-0.8312393,-4.563371,-22.14105,-36.97474,74.14907
R,0.1772958,0.961717,0.05039545,-0.05029156,-0.17774,-0.11209,4.409941,13.31208,27.22713,74.17548
R,0.1726082,0.9586513,0.06938888,-0.1707644,-0.111681,0.6919141,-4.388719,2.406474,29.28917,74.20293
R,0.1660317,0.9531773,0.07908116,-0.2319043,-0.1930278,0.3417772,-2.155968,-2.868521,-12.34682,74.23129
R,0.1659662,0.9559825,0.07961427,-0.002407086,0.1029627,0.0195679,8.423595,10.8642,-11.82655,74.25854
R,0.162914,0.9583488,0.07843528,-0.1025518,0.07950485,-0.03961374,-3.364822,-0.7881728,-1.988479,74.2883
R,0.1609458,0.9579734,0.07263066,-0.07700501,-0.0146875,-0.2271114,0.9995441,-3.685367,-7.336029,74.31386
R,0.1625766,0.9579101,0.06769879,0.05215911,-0.002024616,-0.1577427,4.131235,0.4050145,2.218715,74.34512
R,0.1616338,0.9631323,0.06773198,-0.02441657,0.1352469,0.0008596297,-1.983191,3.555117,4.107553,74.38374
R,0.1607701,0.9658199,0.06713875,-0.02861178,0.08902539,-0.01965045,-0.1389623,-1.531044,-0.6793777,74.41393
R,0.1595412,0.9684485,0.0661552,-0.04922687,0.1052992,-0.03939976,-0.8258134,0.6519086,-0.7911313,74.43889
R,0.1584004,0.9705293,0.06520644,-0.06967632,0.1270896,-0.05794756,-1.248999,1.330901,-1.132851,74.45526
R,0.1578025,0.9715304,0.06469976,-0.02376144,0.039785,-0.02013679,1.824789,-3.469738,1.502709,74.48042
R,0.1567513,0.9731434,0.06379831,-0.06402566,0.09824437,-0.05490487,-2.452375,3.560588,-2.117621,74.49684
R,0.1567513,0.9731434,0.06379831,0,0,0,2.547653,-3.909255,2.184727,74.52197
R,0.1567513,0.9731434,0.06379831,0,0,0,0,0,0,74.55202
R,0.1567513,0.9731434,0.06379831,0,0,0,0,0,0,74.57717
R,0.1567513,0.9731434,0.06379831,0,0,0,0,0,0,74.62199
R,0.1567513,0.9731434,0.06379831,0,0,0,0,0,0,74.6478
R,0.1567513,0.9731434,0.06379831,0,0,0,0,0,0,74.68925
R,0.1567513,0.9731434,0.06379831,0,0,0,0,0,0,74.71723
R,0.1567513,0.9731434,0.06379831,0,0,0,0,0,0,74.74473
R,0.1567513,0.9731434,0.06379831,0,0,0,0,0,0,74.75976
R,0.1567513,0.9731434,0.06379831,0,0,0,0,0,0,74.77356
R,0.1567513,0.9731434,0.06379831,0,0,0,0,0,0,74.78906
R,0.1567513,0.9731434,0.06379831,0,0,0,0,0,0,74.81396
R,0.1567513,0.9731434,0.06379831,0,0,0,0,0,0,74.84376
R,0.2859541,1.140213,0.2296484,4.371415,5.652594,5.611334,147.9014,191.2485,189.8526,74.87331
R,0.2859541,1.140213,0.2296484,0,0,0,-157.1503,-203.2081,-201.7249,74.90113
R,0.2859541,1.140213,0.2296484,0,0,0,0,0,0,74.92688
R,0.2859541,1.140213,0.2296484,0,0,0,0,0,0,74.95409
R,0.2859541,1.140213,0.2296484,0,0,0,0,0,0,74.96899
R,0.2859541,1.140213,0.2296484,0,0,0,0,0,0,74.99494
R,0.2859541,1.140213,0.2296484,0,0,0,0,0,0,75.02237
R,0.2859541,1.140213,0.2296484,0,0,0,0,0,0,75.03814
R,0.2457218,1.085257,0.3084425,-1.006935,-1.37545,1.972062,-25.20165,-34.42487,49.35692,75.07809
R,0.2457218,1.085257,0.3084425,0,0,0,66.15591,90.36744,-129.565,75.09332
R,0.2457218,1.085257,0.3084425,0,0,0,0,0,0,75.11924
R,0.2457218,1.085257,0.3084425,0,0,0,0,0,0,75.13564
R,0.2457218,1.085257,0.3084425,0,0,0,0,0,0,75.17444
R,0.2457218,1.085257,0.3084425,0,0,0,0,0,0,75.18833
R,0.2457218,1.085257,0.3084425,0,0,0,0,0,0,75.2043
R,0.2457218,1.085257,0.3084425,0,0,0,0,0,0,75.21765
R,0.2457218,1.085257,0.3084425,0,0,0,0,0,0,75.24402
R,0.2495318,1.043692,0.03143695,0.2666219,-2.908653,-19.38477,18.65812,-203.5467,-1356.54,75.25831
R,0.2495314,1.043693,0.0314371,-1.324153E-05,8.827684E-06,5.655235E-06,-9.872429,107.6961,717.7404,75.28532
R,0.2270182,1.057871,0.04050195,-1.522629,0.9588977,0.6130792,-102.9785,64.85216,41.46376,75.3001
R,0.2215703,1.046494,0.03155525,-0.1925766,-0.4021415,-0.3162519,47.01528,-48.11061,-32.8504,75.32839
R,0.2088008,0.976104,0.0001863826,-0.9569564,-5.275122,-2.350817,-57.28347,-365.1865,-152.4726,75.34174
R,0.2013579,0.9543243,-0.01569169,-0.5345526,-1.564225,-1.140368,30.33716,266.5176,86.93483,75.35566
R,0.195273,0.9273644,-0.02904489,-0.441615,-1.956638,-0.9691197,6.745029,-28.47967,12.42847,75.36944
R,0.1905227,0.9128108,-0.03683616,-0.3419159,-1.04754,-0.5608001,7.176142,65.43507,29.39004,75.38333
R,0.1859604,0.8984981,-0.04420187,-0.3012565,-0.9450881,-0.4863672,2.684792,6.765019,4.914897,75.39848
R,0.1815206,0.8848582,-0.05122858,-0.1706556,-0.5242829,-0.2700891,5.019978,16.17472,8.313198,75.42449
R,0.124373,0.8930113,-0.002261994,-3.357441,0.4789997,2.876803,-187.2247,58.94319,184.881,75.44151
R,0.1048192,0.9160693,0.1195555,-0.5058131,0.5964575,3.151147,73.76525,3.03837,7.096661,75.48017
R,0.09285992,0.9261647,0.2039033,-0.8155694,0.6884633,5.75215,-21.12403,6.274397,177.377,75.49483
R,0.08665311,0.9272028,0.2473199,-0.4254917,0.07116648,2.976313,26.74073,-42.31712,-190.29,75.50942
R,0.08869793,0.9307955,0.2635378,0.1447966,0.2544022,1.148408,40.38294,12.97519,-129.4366,75.52354
R,0.0882404,0.932829,0.2796302,-0.0161293,0.07168883,0.5673109,-5.67318,-6.44126,-20.48562,75.55191
R,0.1000002,0.9358659,0.2691351,0.4713715,0.1217269,-0.4206769,19.54058,2.005684,-39.60169,75.57686
R,0.1063718,0.9386608,0.2578952,0.345956,0.1517547,-0.6102877,-6.809638,1.630411,-10.29522,75.59528
R,0.1070885,0.939172,0.2578642,0.02874554,0.02050423,-0.001240724,-12.72258,-5.264158,24.42748,75.62021
R,0.1059548,0.9346223,0.2244209,-0.04178897,-0.1677007,-1.232701,-2.599859,-6.93712,-45.39088,75.64734
R,0.1050976,0.9271964,0.2097913,-0.02009148,-0.1740558,-0.3429061,0.5085716,-0.148959,20.85608,75.69
R,0.1051677,0.9218826,0.2068643,0.00255417,-0.1937952,-0.1067469,0.8258795,-0.7198885,8.61265,75.71742
R,0.1074933,0.9178423,0.2088345,0.08057763,-0.1399848,0.06826334,2.703328,1.864404,6.063692,75.74628
R,0.1140456,0.9160949,0.214543,0.2349743,-0.06266458,0.2047115,5.53682,2.772781,4.893171,75.77417
R,0.1217125,0.915022,0.2225195,0.2643094,-0.03698711,0.2749869,1.011312,0.8852177,2.422706,75.80318
R,0.1271413,0.9205592,0.2303642,0.1933599,0.197221,0.2794083,-2.527035,8.341884,0.1574813,75.83125
R,0.1308527,0.9255584,0.2370801,0.1463492,0.1971293,0.2648194,-1.853725,-0.003617159,-0.5752705,75.85661
R,0.1333734,0.9308638,0.2471411,0.08836441,0.185981,0.3526929,-2.032679,-0.3908094,3.080437,75.88514
R,0.1344744,0.9340708,0.2597467,0.03890926,0.1133329,0.4454689,-1.747691,-2.567305,3.278602,75.91344
R,0.1329038,0.9351722,0.2687955,-0.05810698,0.04074496,0.3347545,-3.589081,-2.685363,-4.09584,75.94047
R,0.1307088,0.9357257,0.2749783,-0.06864692,0.01731016,0.1933664,-0.3296325,-0.7329147,-4.421863,75.97244
R,0.1273565,0.9358765,0.2777255,-0.06583676,0.002961586,0.05395354,0.05518924,-0.2817945,-2.737956,76.02336
R,0.1254123,0.9351623,0.2776972,-0.117272,-0.0430784,-0.001709546,-3.102494,-2.777061,-3.357512,76.03994
R,0.1240528,0.9346482,0.2751098,-0.03215255,-0.01215998,-0.06119392,2.013132,0.7312413,-1.406845,76.08222
R,0.1231783,0.9320385,0.2686866,-0.02104244,-0.06279546,-0.1545619,0.2673444,-1.218449,-2.246727,76.12378
R,0.1254698,0.92689,0.2588144,0.05828655,-0.1309583,-0.2511098,2.017817,-1.733794,-2.455798,76.16309
R,0.1309206,0.9200251,0.2460422,0.1295451,-0.1631559,-0.3035514,1.693564,-0.7652223,-1.246352,76.20517
R,0.1365044,0.9132149,0.2298847,0.2332316,-0.2844542,-0.6748875,4.33091,-5.066542,-15.51044,76.22911
R,0.1387228,0.9105579,0.2239794,0.06454547,-0.07730646,-0.1718117,-4.907887,6.026917,14.63688,76.26348
R,0.1429755,0.908914,0.2205834,0.09391948,-0.03630476,-0.07499901,0.6487128,0.9055055,2.138068,76.30876
R,0.1451815,0.9074371,0.2187037,0.09778307,-0.06546436,-0.08332255,0.1712574,-1.292529,-0.3689491,76.33132
R,0.1451023,0.905554,0.2139913,-0.002971297,-0.07058059,-0.1766268,-3.776402,-0.1917626,-3.497164,76.358
R,0.1420092,0.9021453,0.2096931,-0.07157734,-0.07888225,-0.09946454,-1.587629,-0.1921107,1.785632,76.40121
R,0.1369122,0.8961561,0.2065651,-0.1190435,-0.1398816,-0.07305669,-1.108604,-1.424681,0.616773,76.44403
R,0.1327962,0.8921251,0.2037364,-0.1466431,-0.1436107,-0.1007773,-0.983292,-0.1328566,-0.9876049,76.4721
R,0.132335,0.8914306,0.2026512,-0.01202213,-0.01810642,-0.02829118,3.509356,3.271698,1.889599,76.51046
R,0.1323907,0.8915276,0.202099,0.003642261,0.006343516,-0.03609823,1.024022,1.598355,-0.510367,76.52576
R,0.1324994,0.891567,0.2018798,0.006361831,0.002306415,-0.01283183,0.1592048,-0.2363336,1.362025,76.54284
R,0.1326129,0.8915901,0.2016315,0.0042041,0.0008560435,-0.009191436,-0.07986958,-0.05368626,0.1347511,76.56985
R,0.1342652,0.8913286,0.2015439,0.04287517,-0.006785476,-0.002271363,1.003503,-0.1982952,0.1795739,76.60839
R,0.1385745,0.8904296,0.2021354,0.1834479,-0.03827338,0.02517749,5.984132,-1.34043,1.168488,76.63188
R,0.1412963,0.8897936,0.2024343,0.05467403,-0.01277419,0.006005448,-2.586765,0.5122193,-0.3851215,76.68166
R,0.1467894,0.8842019,0.2045017,0.2927964,-0.2980537,0.1101955,12.69263,-15.20624,5.553638,76.70042
R,0.1540401,0.8813769,0.2023837,0.402357,-0.1567693,-0.1175282,6.079731,7.840149,-12.63683,76.71844
R,0.1590578,0.8780154,0.1996656,0.3183376,-0.2132593,-0.172447,-5.33039,-3.583863,-3.484179,76.73421
R,0.160386,0.8761811,0.1981984,0.03068065,-0.04237393,-0.03389261,-6.645008,3.947531,3.200669,76.7775
R,0.1631541,0.8741306,0.1920486,0.1117064,-0.08274563,-0.2481731,3.269766,-1.629187,-8.647223,76.80228
R,0.168234,0.8721755,0.1840489,0.3327506,-0.1280649,-0.5240046,14.47912,-2.968557,-18.06785,76.81754
R,0.1704193,0.8713123,0.1810126,0.08434325,-0.03331815,-0.1171909,-9.587529,3.656844,15.70138,76.84345
R,0.1760573,0.8742711,0.1737978,0.1901174,0.09977368,-0.2432869,3.566769,4.487937,-4.252033,76.87311
R,0.1831509,0.8744205,0.1698632,0.275408,0.005799208,-0.1527586,3.311376,-3.648525,3.514732,76.89886
R,0.1877872,0.8759905,0.1655785,0.1072881,0.03633282,-0.09915248,-3.890503,0.7065856,1.240511,76.94208
R,0.2000685,0.8628198,0.1525839,0.06376693,-0.06838506,-0.06747078,-0.2259707,-0.5437166,0.1644978,77.13467
R,0.2003428,0.5577967,0.1455718,0.0001779214,-0.1978061,-0.004547355,-0.0412372,-0.08392902,0.04080557,78.6767
R,0.2049072,0.629383,0.1489232,0.1396181,2.189721,0.102517,4.265276,73.03101,3.274944,78.7094
R,0.206483,0.6132559,0.1453994,0.05644686,-0.5777001,-0.1262288,-2.979345,-99.13402,-8.194086,78.73731
R,0.2073054,0.6080109,0.1443549,0.0480387,-0.3063586,-0.06101427,-0.4911208,15.84905,3.809179,78.75443
R,0.2085193,0.6077955,0.1437241,0.05965856,-0.0105895,-0.03099735,0.5710681,14.53583,1.475207,78.77478
R,0.2094487,0.6087214,0.143547,0.03302205,0.03289975,-0.00629352,-0.9464082,1.545195,0.8777391,78.80293
R,0.211488,0.6102542,0.1433211,0.1335797,0.100399,-0.01480022,6.586853,4.421421,-0.5572163,78.81819
R,0.2127876,0.61124,0.143165,0.00873652,0.006627622,-0.00104934,-0.8392802,-0.6303946,0.09244268,78.96694
R,0.218539,0.6086569,0.1588216,0.09171988,-0.04119362,0.249683,1.323372,-0.7626263,3.998538,79.02965
R,0.2144121,0.6261874,0.154542,-0.3647418,1.549398,-0.3782398,-40.34346,140.5813,-55.49771,79.04096
R,0.2144357,0.6327466,0.157594,0.001932399,0.5366534,0.2497025,30.00045,-82.8605,51.37682,79.05318
R,0.2141387,0.6406478,0.1604366,-0.009244421,0.2458749,0.08846052,-0.3478082,-9.048652,-5.017642,79.08532
R,0.195147,0.6394079,0.1712604,-1.863233,-0.1216376,1.061896,-181.8907,-36.05583,95.50162,79.09551
R,0.1799136,0.638249,0.1818311,-1.202814,-0.09150508,0.834648,52.14602,2.379233,-17.9433,79.10818
R,0.1725802,0.637902,0.1966586,-0.5104626,-0.02415942,1.032116,48.19327,4.687802,13.74537,79.12254
R,0.1646637,0.6382351,0.205437,-0.4998231,0.02103279,0.5542425,0.6717452,2.853291,-30.17141,79.13838
R,0.1447478,0.64605,0.2144988,-1.906805,0.7482252,0.867597,-134.7085,69.6235,30.00146,79.14883
R,0.1293729,0.652266,0.2221897,-1.091665,0.4413512,0.5460793,57.87761,-21.78905,-22.8288,79.16291
R,0.1167851,0.6574124,0.2290429,-0.8827759,0.3609174,0.480613,14.64926,-5.640779,-4.591123,79.17717
R,0.08207415,0.6684346,0.2288046,-2.316517,0.7355922,-0.01590544,-95.68394,25.00477,-33.13628,79.19215
R,0.05733662,0.6773729,0.2299684,-1.637574,0.5916982,0.07704388,44.94462,-9.525494,6.153057,79.20726
R,0.04974147,0.6731749,0.2220722,-0.6641179,-0.3670729,-0.6904434,85.11866,-83.83459,-67.1088,79.2187
R,0.04054103,0.6711767,0.2175228,-0.7118766,-0.1546082,-0.3520018,-3.695294,16.4393,26.18667,79.23162
R,0.03085901,0.6706449,0.2150465,-0.521167,-0.02862551,-0.1332986,10.26558,6.781437,11.77243,79.2502
R,0.03845262,0.686538,0.1971395,0.6552398,1.371384,-1.545166,101.5102,120.8045,-121.8277,79.26179
R,0.04100774,0.6989564,0.1849858,0.1693149,0.8229035,-0.8053629,-32.19978,-36.34504,49.023,79.27688
R,0.05309011,0.693746,0.1800812,1.078788,-0.4652163,-0.4379084,81.20331,-115.0112,32.80857,79.28808
R,0.05986537,0.6910291,0.1760706,0.3694039,-0.1481288,-0.2186704,-38.67737,17.28839,11.9534,79.30642
R,0.07017267,0.6871564,0.1706832,1.268542,-0.4766212,-0.663041,110.659,-40.42831,-54.68972,79.31454
R,0.07646284,0.6851233,0.1662173,0.4332448,-0.1400338,-0.3075931,-57.53238,23.18296,24.48201,79.32906
R,0.08020689,0.6842506,0.1623815,0.2604783,-0.06071689,-0.2668618,-12.01956,5.518168,2.833723,79.34344
R,0.08359141,0.6743856,0.1631974,0.2573174,-0.7500136,0.06203211,-0.2403182,-52.40574,25.00509,79.35659
R,0.08564131,0.6677538,0.1630655,0.1465019,-0.473964,-0.009430164,-7.919742,19.72866,-5.107254,79.37058
R,0.08632508,0.6647618,0.1618515,0.04836646,-0.2116374,-0.08587215,-6.941616,18.55568,-5.407126,79.38472
R,0.08658993,0.6628608,0.1606621,0.0172026,-0.1234747,-0.07724909,-2.024137,5.726295,0.5600799,79.40012
R,0.0866728,0.6614439,0.1594818,0.005360971,-0.09166384,-0.07636275,-0.7660937,2.058,0.05734196,79.41557
R,0.08664688,0.6602685,0.1582357,-0.00264806,-0.1200738,-0.1273017,-0.8182071,-2.902378,-5.203956,79.42536
R,0.08655819,0.6591349,0.156871,-0.005882603,-0.07519927,-0.09052477,-0.2145537,2.976617,2.439489,79.44044
R,0.08641665,0.6579903,0.15536,-0.008201485,-0.06631991,-0.08755042,-0.134368,0.5145164,0.172349,79.4577
R,0.08623079,0.656822,0.153712,-0.01297886,-0.08158381,-0.1150845,-0.3336072,-1.065888,-1.922723,79.47202
R,0.08600941,0.6556391,0.1519576,-0.01827303,-0.09763657,-0.1448031,-0.4369757,-1.324979,-2.452939,79.48413
R,0.08576108,0.6544544,0.1501322,-0.01520263,-0.07252744,-0.1117514,0.1879701,1.537181,2.023422,79.50047
R,0.08549351,0.6532791,0.1482689,-0.02510472,-0.1102698,-0.1748208,-0.9290526,-3.541134,-5.917414,79.51112
R,0.08549351,0.6532791,0.1482689,0,0,0,1.667778,7.325535,11.61384,79.52618
R,0.08549351,0.6532791,0.1482689,0,0,0,0,0,0,79.53676
R,0.08549351,0.6532791,0.1482689,0,0,0,0,0,0,79.55329
R,0.08549351,0.6532791,0.1482689,0,0,0,0,0,0,79.56475
R,0.08549351,0.6532791,0.1482689,0,0,0,0,0,0,79.57813
R,0.08549351,0.6532791,0.1482689,0,0,0,0,0,0,79.59213
R,0.08549351,0.6532791,0.1482689,0,0,0,0,0,0,79.60657
R,0.08549351,0.6532791,0.1482689,0,0,0,0,0,0,79.6201
R,0.08549351,0.6532791,0.1482689,0,0,0,0,0,0,79.63326
R,0.1816546,0.5333055,0.200231,6.115489,-7.629882,3.304595,388.9226,-485.2324,210.16,79.64898
R,0.1816546,0.5333055,0.200231,0,0,0,-445.0691,555.2826,-240.4996,79.66272
R,0.1816546,0.5333055,0.200231,0,0,0,0,0,0,79.67972
R,0.1816546,0.5333055,0.200231,0,0,0,0,0,0,79.68922
R,0.1816546,0.5333055,0.200231,0,0,0,0,0,0,79.70533
R,0.1358679,0.744333,0.08108731,-3.054123,14.07624,-7.947278,-203.7201,938.9316,-530.1097,79.72032
R,0.1358679,0.744333,0.08108731,0,0,0,239.1338,-1102.151,622.2614,79.73309
R,0.1358679,0.744333,0.08108731,0,0,0,0,0,0,79.74442
R,0.1725966,0.73098,0.04757695,2.447433,-0.889787,-2.232979,163.0859,-59.29139,-148.7956,79.75942
R,0.2007913,0.7216541,0.02694818,1.803585,-0.5965677,-1.319597,-41.18615,18.75687,58.42794,79.77505
R,0.2132122,0.7327241,-0.0004766397,0.9100242,0.8110545,-2.009294,-65.46717,103.1302,-50.531,79.7887
R,0.223447,0.7403617,-0.02105241,0.6932786,0.517349,-1.39375,-14.6818,-19.89487,41.69534,79.80347
R,0.2326648,0.745677,-0.03795506,0.8332395,0.4804741,-1.527906,12.65169,-3.333284,-12.12697,79.81453
R,0.189352,0.6660523,0.09272278,-3.133059,-5.759692,9.452652,-286.9044,-451.3858,794.2846,79.82835
R,0.1675034,0.4172727,0.1904111,-1.621595,-18.46435,7.250395,112.1805,-942.9358,-163.4508,79.84183
R,0.1827896,0.4537629,0.2212214,0.9245924,2.207125,1.863577,154.0073,1250.324,-325.8242,79.85836
R,0.1938833,0.3818044,0.2412801,0.8468714,-5.493155,1.53124,-5.933054,-587.8224,-25.36989,79.87146
R,0.1866048,0.4643524,0.2192852,-0.5326677,6.041169,-1.609672,-100.9598,844.1245,-229.8635,79.88512
R,0.1820006,0.5025283,0.2052709,-0.387343,3.21167,-1.179002,12.22593,-238.0412,36.23155,79.89701
R,0.1791856,0.5269915,0.1960517,-0.201075,1.747386,-0.6585107,13.30492,-104.5922,37.1781,79.91101
R,0.1811189,0.5329991,0.1911635,0.1386227,0.4307559,-0.3504972,24.35715,-94.40553,22.08531,79.92496
R,0.1827475,0.536617,0.1877154,0.1035241,0.2299724,-0.2191791,-2.231058,-12.7629,8.347301,79.94069
R,0.1805056,0.5464058,0.1852127,-0.1630675,0.7120084,-0.1820438,-19.39107,35.06183,2.701106,79.95444
R,0.1791186,0.5536148,0.1832746,-0.1211185,0.6295126,-0.1692387,3.663121,-7.203786,1.11818,79.96589
R,0.178285,0.5590975,0.1816905,-0.05769247,0.379426,-0.1096276,4.38932,-17.30695,4.125313,79.98034
R,0.1787608,0.566901,0.1778738,0.03152944,0.5170982,-0.2529119,5.912282,9.122842,-9.49472,79.99543
R,0.1791843,0.5731488,0.1748837,0.03480726,0.5134258,-0.245719,0.2693604,-0.3017927,0.5910879,80.0076
R,0.1785098,0.5767455,0.1736588,-0.04810235,0.2564863,-0.08734762,-5.912474,-18.32294,11.29383,80.02162
R,0.1781515,0.5796856,0.1725766,-0.02651662,0.2175942,-0.08009136,1.597563,-2.878411,0.5370371,80.03513
R,0.1779428,0.5824167,0.1715234,-0.0152081,0.1989821,-0.07673968,0.8239191,-1.356048,0.2441971,80.04886
R,0.1780827,0.5903808,0.1708428,0.0097139,0.552904,-0.04724431,1.730178,24.57058,2.047678,80.06326
R,0.1782154,0.5970141,0.1700014,0.008644836,0.432337,-0.0548429,-0.06967896,-7.85826,-0.4952568,80.07861
R,0.178014,0.5964099,0.1701811,-0.01603556,-0.04810905,0.01431026,-1.965315,-38.25822,5.506709,80.09116
R,0.1777096,0.5955606,0.1703941,-0.02203902,-0.06150725,0.01542321,-0.4347432,-0.970237,0.08059507,80.10497
R,0.1737413,0.598974,0.1705566,-0.2913931,0.2506478,0.01193321,-19.77859,22.92145,-0.2562698,80.11859
R,0.1692664,0.6036831,0.1704873,-0.3004801,0.3162061,-0.004655682,-0.6101655,4.402083,-1.113903,80.13348
R,0.1656749,0.6082711,0.1701958,-0.274808,0.3510562,-0.02230188,1.964326,2.666594,-1.350218,80.14655
R,0.1580525,0.6169848,0.1671557,-0.5089547,0.5818223,-0.2029887,-15.63427,15.40854,-12.06469,80.16153
R,0.1523574,0.624316,0.1647583,-0.4224498,0.5438154,-0.1778361,6.416738,-2.819265,1.865764,80.17501
R,0.1452113,0.6330974,0.1595978,-0.554231,0.6810558,-0.4002358,-10.22061,10.64401,-17.24874,80.1879
R,0.1395346,0.6406712,0.155581,-0.4142898,0.5527387,-0.293146,10.2129,-9.364577,7.815406,80.20161
R,0.1347464,0.6474405,0.152266,-0.339607,0.4801221,-0.235119,5.296981,-5.150437,4.115644,80.21571
R,0.1362679,0.6610471,0.1479418,0.1117836,0.9996891,-0.3177036,33.16405,38.17303,-6.067556,80.22932
R,0.1365263,0.6724555,0.1443022,0.01669349,0.7369741,-0.2351133,-6.142753,-16.97121,5.335273,80.2448
R,0.1419054,0.6791061,0.1413913,0.4199242,0.5191799,-0.2272418,31.47841,-17.00221,0.614491,80.25761
R,0.1451942,0.6856087,0.1386565,0.2238154,0.4425299,-0.1861137,-13.34599,-5.216344,2.798932,80.2723
R,0.1466151,0.6954803,0.1349071,0.1094887,0.7606693,-0.2889144,-8.809539,24.5145,-7.921391,80.28528
R,0.1473104,0.7044734,0.1315346,0.05029405,0.6505157,-0.2439542,-4.281876,-7.968021,3.252223,80.2991
R,0.1475638,0.7128762,0.1284023,0.01812155,0.6008592,-0.2239807,-2.300553,-3.550775,1.428237,80.31309
R,0.1538123,0.7173484,0.1284709,0.4544983,0.325294,0.004989031,31.74072,-20.04378,16.65456,80.32684
R,0.1582152,0.7225184,0.1277829,0.3162136,0.3713142,-0.04941032,-9.931642,3.305186,-3.906976,80.34076
R,0.1605371,0.7304506,0.1227826,0.1506604,0.5146968,-0.3244566,-10.74227,9.303684,-17.84696,80.35617
R,0.1623133,0.738112,0.1185487,0.1386602,0.5980867,-0.3305196,-0.9367986,6.509874,-0.47331,80.36898
R,0.1637626,0.7455487,0.114787,0.1026303,0.5266072,-0.2663731,-2.55133,-5.061563,4.542304,80.3831
R,0.1657644,0.7418243,0.1114566,0.1456043,-0.2709013,-0.2422449,3.125794,-58.00834,1.755011,80.39685
R,0.1673947,0.7406449,0.1084242,0.1091874,-0.07899527,-0.2030981,-2.439058,12.85309,2.621901,80.41178
R,0.1733292,0.7371334,0.1097096,0.4532969,-0.2682155,0.0981838,26.28387,-14.45307,23.0126,80.42487
R,0.1784475,0.7356833,0.1100469,0.3512343,-0.09950916,0.0231476,-7.003953,11.57732,-5.149291,80.43945
R,0.1780145,0.737436,0.1106473,-0.03170609,0.1283389,0.04396386,-28.04065,16.68408,1.524262,80.4531
R,0.1776211,0.7404325,0.1110932,-0.02755566,0.2099187,0.03124008,0.2907563,5.715034,-0.8913581,80.46738
R,0.1774883,0.7447359,0.1111994,-0.009337299,0.3024422,0.007463241,1.280385,6.502544,-1.671034,80.48161
R,0.1773089,0.7471996,0.1120729,-0.01288206,0.1769435,0.06273598,-0.254586,-9.01335,3.969703,80.49553
R,0.1773982,0.7499263,0.1124934,0.007505759,0.2290966,0.03532777,1.712995,4.381927,-2.302852,80.50743
R,0.1715413,0.7580423,0.1116916,-0.3744779,0.5189215,-0.0512681,-24.4231,18.5307,-5.536729,80.52307
R,0.1675978,0.7649496,0.1107901,-0.3098865,0.5427721,-0.07083474,5.075617,1.874185,-1.537553,80.5358
R,0.1550131,0.7742814,0.1096289,-0.9292925,0.6890977,-0.08574604,-45.73904,10.80518,-1.101101,80.54934
R,0.1460555,0.782275,0.1084867,-0.6111868,0.5454069,-0.07793996,21.70471,-9.804187,0.532618,80.564
R,0.1392964,0.7976552,0.09999533,-0.431953,0.9828932,-0.5426497,11.45419,27.95817,-29.69792,80.57964
R,0.1337869,0.8104743,0.09354549,-0.4198492,0.9768759,-0.4915079,0.9223655,-0.4585483,3.897248,80.59277
R,0.1321108,0.8216658,0.08860532,-0.1331463,0.8890246,-0.3924349,22.77498,-6.978693,7.870118,80.60535
R,0.1301129,0.8316873,0.08435397,-0.1462923,0.7338251,-0.3113036,-0.9626124,-11.36442,5.940806,80.61901
R,0.1279129,0.8409872,0.08053335,-0.1580019,0.6679195,-0.274398,-0.8409867,-4.733356,2.650569,80.63293
R,0.1255868,0.8498225,0.07697646,-0.1655215,0.6286942,-0.2530994,-0.5350746,-2.791175,1.515557,80.64699
R,0.1185019,0.8615967,0.07320414,-0.4998024,0.83061,-0.2661169,-23.58173,14.24409,-0.918322,80.66116
R,0.1177555,0.8737013,0.0768128,-0.05087469,0.8250536,0.2459673,30.59899,-0.3787255,34.90375,80.67583
R,0.1164425,0.8847849,0.07869592,-0.08894087,0.7507712,0.1275572,-2.578507,-5.031706,-8.020798,80.6906
R,0.121281,0.8987879,0.09053565,0.4107514,1.18873,1.005089,42.41948,37.17881,74.49472,80.70238
R,0.1242731,0.9115065,0.09898745,0.1820682,0.7739344,0.5142962,-13.91549,-25.24049,-29.865,80.71881
R,0.1260471,0.9234178,0.1051484,0.1586075,1.064967,0.5508352,-2.097571,26.02065,3.266877,80.73
R,0.1279431,0.9301388,0.1264994,0.1339675,0.4748989,1.50864,-1.741027,-41.6935,67.67727,80.74415
R,0.1291431,0.937682,0.1431102,0.08388854,0.5273042,1.161174,-3.500776,3.663392,-24.28961,80.75845
R,0.1352747,0.9494976,0.1639968,0.4386898,0.8453577,1.494353,25.38456,22.75541,23.83757,80.77243
R,0.1397926,0.9607997,0.1809134,0.3180332,0.7955911,1.190809,-8.493398,-3.503227,-21.36737,80.78664
R,0.143228,0.9716977,0.1950979,0.2529681,0.8024842,1.04449,-4.791128,0.5075799,-10.7744,80.80022
R,0.1502166,0.9788621,0.2278169,0.4938058,0.5062289,2.311884,17.01729,-20.93303,89.55254,80.81437
R,0.1557201,0.986739,0.2549072,0.3994162,0.5716751,1.966104,-6.850403,4.749814,-25.09532,80.82815
R,0.1602244,0.9951285,0.2776531,0.2663007,0.4959968,1.34477,-7.869968,-4.474202,-36.73407,80.84506
R,0.1682983,1.002311,0.3046112,0.7248381,0.6447667,2.420168,41.16536,13.35586,96.5442,80.8562
R,0.1749091,1.010082,0.3282876,0.3989393,0.4689946,1.428785,-19.66677,-10.60718,-59.82623,80.87277
R,0.1849754,1.005786,0.3556109,0.8303387,-0.3543994,2.253815,35.58489,-67.91938,68.05437,80.8849
R,0.1932799,1.005051,0.3799411,0.5796018,-0.05128461,1.698091,-17.49978,21.15541,-38.78585,80.89922
R,0.1983082,0.992376,0.3890205,0.4080907,-1.028691,0.7368736,-13.9197,-79.32545,-78.0116,80.91154
R,0.2031318,0.985141,0.3999888,0.2799958,-0.4199755,0.6366876,-7.43563,35.33461,-5.815576,80.92877
R,0.2065758,0.9614317,0.4030802,0.2561986,-1.763692,0.2299633,-1.770232,-99.95663,-30.25549,80.94221
R,0.2102926,0.9456031,0.4095046,0.2999803,-1.277522,0.518509,3.533595,39.23847,23.28834,80.95461
R,0.2141999,0.934039,0.4181518,0.2956876,-0.8751308,0.6543916,-0.3248593,30.4516,10.28314,80.96782
R,0.2155134,0.9219874,0.4148595,0.09433968,-0.865548,-0.2364576,-14.46086,0.6882449,-63.98104,80.98174
R,0.2176038,0.9125284,0.4159237,0.1294211,-0.585646,0.06589144,2.172029,17.32986,18.71965,80.99789
R,0.2054254,0.917905,0.3842236,-1.074914,0.4745633,-2.797975,-106.2994,93.57829,-252.7762,81.00922
R,0.1976113,0.9207689,0.3653903,-0.578648,0.2120719,-1.394646,36.74951,-19.43801,103.9193,81.02273
R,0.1924334,0.9220073,0.3530298,-0.3564484,0.08525637,-0.8509019,15.2963,-8.730021,37.43153,81.03725
R,0.1858669,0.9165275,0.3231682,-0.5003929,-0.4175918,-2.275588,-10.96924,-38.31937,-108.5677,81.05038
R,0.181164,0.9119836,0.303369,-0.3215545,-0.3106783,-1.353741,12.22781,7.310047,63.02994,81.065
R,0.1730358,0.9084724,0.2805907,-0.4707817,-0.2033667,-1.319315,-8.643174,6.215446,1.993938,81.08227
R,0.1668949,0.9052094,0.2634185,-0.4980807,-0.264663,-1.392815,-2.214198,-4.971676,-5.961518,81.0946
R,0.1611262,0.8965372,0.2405045,-0.5057693,-0.7603208,-2.008952,-0.6740803,-43.4561,-54.01891,81.106
R,0.1563296,0.8894888,0.2224508,-0.2794184,-0.4105972,-1.051706,13.18589,20.37288,55.76362,81.12317
R,0.1521335,0.8834158,0.2069421,-0.3064013,-0.443454,-1.132452,-1.970304,-2.399223,-5.89617,81.13686
R,0.1491942,0.872512,0.1952213,-0.222308,-0.8246899,-0.8864787,6.360226,-28.83401,18.60373,81.15009
R,0.1462416,0.8635362,0.1837564,-0.1991785,-0.6054909,-0.7734043,1.560279,14.78685,7.627839,81.16491
R,0.1441441,0.8591136,0.1700874,-0.1756689,-0.3704073,-1.144813,1.96898,19.68873,-31.10628,81.17685
R,0.1418127,0.8544497,0.1573509,-0.1799716,-0.3600145,-0.9831523,-0.3321325,0.802242,12.47894,81.1898
R,0.1393316,0.8496507,0.1450005,-0.1513945,-0.2928378,-0.7536271,1.743791,4.099155,14.00574,81.20619
R,0.1409379,0.8462119,0.1404501,0.1306897,-0.2797806,-0.3702221,22.95054,1.062345,31.19408,81.21848
R,0.1413713,0.8423252,0.1339226,0.0336486,-0.3018041,-0.5068567,-7.535169,-1.710109,-10.60959,81.23136
R,0.1421718,0.8373645,0.1316843,0.05629275,-0.3488214,-0.1573953,1.592283,-3.306146,24.57329,81.24558
R,0.142207,0.8324513,0.1272533,0.002501185,-0.3488539,-0.3146161,-3.819376,-0.002308623,-11.16319,81.25967
R,0.1417572,0.8275647,0.1214599,-0.03340342,-0.3628851,-0.430222,-2.666339,-1.041977,-8.585098,81.27313
R,0.142562,0.8322186,0.1133736,0.04792299,0.2771432,-0.4815496,4.843078,38.1144,-3.056617,81.28992
R,0.142763,0.8343372,0.1051973,0.01619521,0.1706794,-0.6586905,-2.556007,-8.576785,-14.27057,81.30234
R,0.1434202,0.8392271,0.1016071,0.04252047,0.3163484,-0.2322643,1.703112,9.424054,27.58763,81.31779
R,0.1436146,0.8419518,0.09668481,0.01554635,0.2178968,-0.3936423,-2.15714,-7.873247,-12.90552,81.3303
R,0.1460891,0.8455181,0.09799172,0.1828253,0.2634979,0.09656134,12.3594,3.369241,36.2187,81.34383
R,0.1478361,0.8478563,0.09746866,0.1367024,0.1829664,-0.0409305,-3.609202,-6.301747,-10.759,81.35661
R,0.1491025,0.8494008,0.09578442,0.09085399,0.1108032,-0.1208302,-3.289242,-5.177106,-5.732139,81.37055
R,0.1506492,0.8564346,0.100427,0.107778,0.4901357,0.3235049,1.179302,26.43268,30.9622,81.3849
R,0.1518221,0.8617191,0.1025959,0.08456451,0.3809904,0.1563682,-1.67362,-7.869027,-12.05002,81.39877
R,0.1556587,0.8719674,0.1106784,0.2825129,0.7546436,0.5951638,14.57612,27.51431,32.31113,81.41235
R,0.1585559,0.879751,0.1157013,0.1787022,0.4800993,0.3098189,-6.403143,-16.93415,-17.60034,81.42857
R,0.1634489,0.8909698,0.127585,0.4008289,0.9190429,0.9735126,18.19662,35.95827,54.36979,81.44077
R,0.1672991,0.899906,0.1360392,0.216036,0.501408,0.4743602,-10.36865,-23.43333,-28.00723,81.4586
R,0.1704732,0.9073498,0.1422037,0.3252801,0.7628396,0.6317359,11.19534,26.79153,16.12787,81.46835
R,0.1742035,0.9170097,0.1629571,0.2507362,0.6493069,1.394974,-5.010573,-7.631262,51.30212,81.48323
R,0.1774172,0.9252923,0.1789589,0.2514844,0.648125,1.252168,0.05854711,-0.09248601,-11.17487,81.49601
R,0.178867,0.9235942,0.1960787,0.08842231,-0.1035656,1.044171,-9.945497,-45.84718,-12.68614,81.51241
R,0.1804752,0.9236372,0.2100272,0.1457766,0.003890041,1.264362,5.198853,9.740268,19.9591,81.52344
R,0.182197,0.9248608,0.2218095,0.1187184,0.08437172,0.8123736,-1.865638,5.549129,-31.16414,81.53794
R,0.1881366,0.9207186,0.2390183,0.4031661,-0.2811691,1.168095,19.30768,-24.8121,24.14559,81.55267
R,0.1930479,0.9186887,0.2537726,0.377111,-0.1558656,1.132914,-2.000636,9.621432,-2.701368,81.5657
R,0.1949,0.9104773,0.2532961,0.1169391,-0.5184361,-0.03008904,-16.42642,-22.89155,-73.42831,81.58154
R,0.1969229,0.9051835,0.2551717,0.1812335,-0.4742823,0.1680355,5.760209,3.955798,17.75023,81.5927
R,0.1990798,0.9016237,0.2587183,0.1325991,-0.2188526,0.2180409,-2.989966,15.70341,3.074255,81.60896
R,0.1986675,0.8980841,0.2524563,-0.03229836,-0.2773087,-0.4905951,-12.91897,-4.579773,-55.51844,81.62173
R,0.1988831,0.8952584,0.2490555,0.0157854,-0.206909,-0.2490267,3.520913,5.154987,17.68874,81.63538
R,0.1906215,0.8941461,0.2267531,-0.6418869,-0.08642375,-1.732792,-51.09806,9.361143,-115.2816,81.64825
R,0.1878795,0.8952555,0.2206189,-0.1902586,0.07697938,-0.4256334,31.33713,11.33805,90.69981,81.66267
R,0.1772552,0.8875545,0.1962952,-0.7753591,-0.5620171,-1.775143,-42.70061,-46.63394,-98.48712,81.67637
R,0.1698024,0.8818853,0.1799429,-0.5497228,-0.41816,-1.206148,16.64299,10.61094,41.96923,81.68993
R,0.1641423,0.8773981,0.1674171,-0.3849916,-0.3052146,-0.8519872,11.20479,7.6824,24.08952,81.70463
R,0.1594791,0.8686569,0.1611394,-0.3309251,-0.6203176,-0.4454975,3.836819,-22.36123,28.84646,81.71872
R,0.1555812,0.861818,0.1553822,-0.3030275,-0.5316716,-0.4475738,2.168805,6.891459,-0.1614097,81.73158
R,0.1533958,0.8547837,0.150039,-0.1539222,-0.4954284,-0.3763234,10.50163,2.552649,5.01823,81.74578
R,0.1511743,0.8488352,0.1449311,-0.1340588,-0.3589686,-0.308243,1.198679,8.234834,4.108395,81.76235
R,0.1494666,0.8419783,0.1403233,-0.1428374,-0.5735482,-0.3854262,-0.7342828,-17.94855,-6.456002,81.77431
R,0.1476015,0.8359383,0.1356985,-0.1359627,-0.4403113,-0.33714,0.5011558,9.712808,3.520007,81.78802
R,0.1456392,0.8304298,0.1310821,-0.1263305,-0.3546207,-0.2971925,0.6200913,5.516519,2.571707,81.80356
R,0.1431213,0.833134,0.1257253,-0.2195765,0.2358252,-0.4671477,-8.131691,51.49097,-14.82127,81.81503
R,0.1407246,0.8339217,0.1206206,-0.1489496,0.04895685,-0.3172518,4.38938,-11.61366,9.315867,81.83112
R,0.1390742,0.8325883,0.11578,-0.1220125,-0.09857938,-0.3578454,1.991373,-10.90686,-3.000954,81.84464
R,0.1372653,0.8307256,0.1109215,-0.1451038,-0.1494129,-0.3897291,-1.85228,-4.07763,-2.557563,81.85711
R,0.1353408,0.8285184,0.1060294,-0.1415522,-0.1623483,-0.3598315,0.2612288,-0.9514448,2.19907,81.8707
R,0.1312045,0.8357307,0.09966461,-0.2806182,0.4893043,-0.4318029,-9.434601,44.20984,-4.88273,81.88544
R,0.1276295,0.8403229,0.09374592,-0.261479,0.3358808,-0.4329098,1.399896,-11.22183,-0.08096532,81.89912
R,0.1251429,0.8507128,0.09124657,-0.1542479,0.6444998,-0.1550382,6.651676,19.14402,17.23672,81.91524
R,0.1226756,0.8581471,0.08806168,-0.1735886,0.5230433,-0.2240742,-1.360721,-8.545114,-4.857051,81.92945
R,0.1243943,0.8671601,0.09189692,0.1649111,0.8648311,0.3680039,32.48011,32.79562,56.81176,81.93987
R,0.1250451,0.874054,0.09356713,0.04773844,0.5056441,0.1225053,-8.594322,-26.34548,-18.00671,81.95351
R,0.1250012,0.8795914,0.09382202,-0.002964852,0.3733563,0.01718579,-3.418612,-8.919353,-7.101049,81.96834
R,0.1301456,0.8977834,0.1050317,0.3188165,1.127405,0.6946905,19.94162,46.73032,41.98671,81.98447
R,0.1335704,0.9121681,0.1127174,0.2853748,1.19862,0.6404207,-2.786567,5.934123,-4.522091,81.99648
R,0.1358507,0.9237878,0.1179759,0.148624,0.7573463,0.342738,-8.913079,-28.76115,-19.40222,82.01182
R,0.1444114,0.9280301,0.1478997,0.7343367,0.363905,2.56687,50.24249,-33.74944,190.7863,82.02348
R,0.1507069,0.9326711,0.1704824,0.3963315,0.2921695,1.421688,-21.27907,-4.516099,-72.09476,82.03936
R,0.1585071,0.9298952,0.2087611,0.6566389,-0.2336776,3.222392,21.9133,-44.26707,151.5875,82.05124
R,0.1645803,0.9294252,0.2387642,0.3606812,-0.02791544,1.781861,-17.57669,12.22005,-85.55201,82.06808
R,0.1769632,0.9189115,0.270545,1.085651,-0.9217757,2.78634,63.56073,-78.36793,88.06631,82.07948
R,0.1868443,0.9125465,0.2969509,0.7167385,-0.4616854,1.91537,-26.75935,33.37297,-63.17639,82.09327
R,0.1949853,0.9086336,0.3196589,0.5540243,-0.2662902,1.545368,-11.07335,13.29742,-25.18013,82.10796
R,0.1991395,0.8997995,0.3111881,0.2759747,-0.586876,-0.5627396,-18.47162,-21.29742,-140.0476,82.12302
R,0.2033774,0.8937732,0.3089277,0.3567595,-0.5073057,-0.1902848,6.800663,6.698413,31.35414,82.1349
R,0.1947158,0.8847768,0.2873003,-0.6289701,-0.6532808,-1.570496,-71.57981,-10.60013,-100.2255,82.14867
R,0.1897034,0.8781897,0.2757286,-0.329981,-0.4336428,-0.7617953,19.68312,14.45926,53.23861,82.16386
R,0.1868898,0.8730046,0.2691999,-0.1939933,-0.3575133,-0.4501414,9.376212,5.249051,21.48822,82.17836
R,0.1610595,0.8733551,0.2205985,-1.796092,0.02437417,-3.379462,-111.4007,26.55425,-203.688,82.19274
R,0.1439706,0.8729773,0.1930685,-1.464924,-0.03238943,-2.359984,28.389,-4.866003,87.39366,82.20441
R,0.1150206,0.876707,0.1494281,-1.81644,0.2340197,-2.738166,-22.05546,16.71555,-23.72861,82.22034
R,0.09539905,0.8789502,0.123724,-1.467102,0.1677259,-1.921897,26.12002,-4.956799,61.03252,82.23372
R,0.08781476,0.8831335,0.1120197,-0.6006573,0.3313019,-0.9269519,68.62034,12.95483,78.79726,82.24635
R,0.08023448,0.8859613,0.1003908,-0.4982761,0.1858819,-0.7644089,6.729848,-9.558926,10.68447,82.26156
R,0.07289892,0.8879092,0.08937647,-0.6227243,0.1653629,-0.9350181,-10.56456,-1.74188,-14.48322,82.27334
R,0.07800184,0.8937935,0.1032945,0.326906,0.3769588,0.891623,60.83575,13.55538,117.0193,82.28895
R,0.08052412,0.8989098,0.112728,0.1743674,0.3536969,0.652147,-10.54511,-1.608114,-16.55517,82.30341
R,0.09155026,0.9088576,0.1421912,0.9222832,0.8320886,2.464456,62.55955,40.01516,151.5909,82.31537
R,0.0984601,0.9165407,0.162977,0.4256046,0.4732327,1.280281,-30.59241,-22.10337,-72.93807,82.3316
R,0.1196294,0.9165586,0.2041707,1.853507,0.001560412,3.606775,125.0221,-41.29794,203.6995,82.34303
R,0.1349759,0.9171768,0.2353541,1.116259,0.04497173,2.268182,-53.62522,3.157608,-97.36518,82.35677
R,0.1463648,0.9182505,0.2596281,0.8215584,0.07744996,1.751042,-21.25864,2.342865,-37.30468,82.37064
R,0.1663227,0.9107314,0.2850299,1.403389,-0.5287269,1.786194,40.91296,-42.6249,2.471801,82.38486
R,0.1820548,0.9058447,0.3063267,1.10922,-0.3445443,1.50157,-20.74096,12.98611,-20.0679,82.39904
R,0.194554,0.8973677,0.3019665,0.9399282,-0.6374605,-0.3278807,-12.73055,-22.02703,-137.573,82.41234
R,0.2052571,0.8913498,0.301663,0.5262089,-0.2958669,-0.01492609,-20.34022,16.79421,15.38619,82.43268
R,0.2148665,0.8868119,0.3042182,0.9622058,-0.4543903,0.2558609,43.65697,-15.87317,27.11428,82.44267
R,0.2131669,0.8741085,0.2824734,-0.1413562,-1.056507,-1.808457,-91.78051,-50.07653,-171.6842,82.45469
R,0.2138447,0.8646078,0.2696708,0.05005282,-0.7015669,-0.9453895,14.13429,26.20996,63.73185,82.46823
R,0.1975726,0.8557342,0.2423302,-1.0404,-0.5673514,-1.748095,-69.7209,8.58141,-51.323,82.48387
R,0.1877075,0.8483906,0.2247287,-0.7733452,-0.5756859,-1.379823,20.93506,-0.6533624,28.86965,82.49663
R,0.1814054,0.8419685,0.2116753,-0.4847601,-0.4939893,-1.004067,22.19802,6.284118,28.90326,82.50963
R,0.1546608,0.8354591,0.1746404,-1.773126,-0.4315606,-2.455353,-85.41665,4.138926,-96.21799,82.52471
R,0.1370485,0.8295121,0.1502821,-1.26353,-0.4266472,-1.747509,36.5593,0.352499,50.78188,82.53865
R,0.1069447,0.8341962,0.1199542,-2.105538,0.3276164,-2.121202,-58.89203,52.75498,-26.13693,82.55295
R,0.08570448,0.8363539,0.09686396,-1.459115,0.1482246,-1.58621,44.40667,-12.3235,36.75177,82.5675
R,0.07998141,0.8441484,0.08931846,-0.5004234,0.6815481,-0.6597751,83.82762,46.63361,81.00714,82.57894
R,0.07345271,0.8490785,0.08023476,-0.3954388,0.2986115,-0.5501937,6.35885,-23.19421,6.637275,82.59545
R,0.06676544,0.8521105,0.07064982,-0.4298743,0.1949064,-0.6161439,-2.213602,-6.666427,-4.239444,82.61101
R,0.0818814,0.8596066,0.0893973,1.260356,0.6250199,1.563149,140.9299,35.8625,181.7076,82.623
R,0.09121978,0.8648992,0.1004857,0.6907443,0.3914803,0.8201945,-42.13325,-17.27455,-54.95517,82.63652
R,0.1108239,0.8805026,0.1288764,1.438718,1.145117,2.083548,54.8927,55.30835,92.71569,82.65015
R,0.1246001,0.8923387,0.1488042,1.062165,0.9125735,1.536458,-29.03265,-17.92941,-42.18126,82.66312
R,0.1342939,0.9015123,0.1625935,0.7681904,0.7269687,1.092742,-23.29617,-14.70834,-35.1625,82.67574
R,0.1601638,0.9040089,0.1912575,1.665432,0.1607241,1.845308,57.76193,-36.45324,48.44812,82.69127
R,0.180085,0.9067992,0.2132835,1.507568,0.2111585,1.666855,-11.94667,3.816706,-13.50475,82.70448
R,0.2004952,0.9004636,0.2367574,1.447624,-0.4493625,1.664922,-4.251598,-46.84838,-0.1370908,82.71858
R,0.2170361,0.8968704,0.2557384,1.121595,-0.2436465,1.287053,-22.10723,13.9491,-25.62237,82.73333
R,0.2261373,0.8889385,0.2599587,0.6348654,-0.5532988,0.2943928,-33.95243,-21.60018,-69.24424,82.74767
R,0.2347559,0.8837321,0.2651013,0.7091376,-0.428383,0.423128,6.111116,10.27807,10.59233,82.75982
R,0.2432125,0.8801827,0.2710944,0.6333828,-0.2658393,0.4488795,-5.673906,12.17424,1.928737,82.77317
R,0.2350068,0.8724772,0.2556814,-0.5321758,-0.4997449,-0.9996134,-75.59233,-15.16995,-93.94204,82.78859
R,0.2312745,0.8668926,0.24694,-0.2661648,-0.3982462,-0.6233667,18.96986,7.238101,26.83101,82.80261
R,0.1997492,0.8649095,0.2124216,-2.44502,-0.1538046,-2.677159,-168.9864,18.95826,-159.2868,82.81551
R,0.1802523,0.8630897,0.1908349,-1.362932,-0.1272125,-1.50902,75.64342,1.85892,81.65884,82.82981
R,0.1662118,0.8613728,0.174761,-1.0333,-0.1263598,-1.18295,24.25919,0.06275113,23.99697,82.8434
R,0.1294331,0.8539596,0.1426189,-2.491299,-0.502152,-2.177229,-98.76119,-25.45521,-67.34992,82.85816
R,0.105576,0.8482296,0.1204715,-1.696687,-0.4075047,-1.575098,56.51189,6.7312,42.8228,82.87222
R,0.09335753,0.8418341,0.1055365,-0.8977023,-0.4698886,-1.097282,58.70208,-4.583395,35.10559,82.88583
R,0.0820746,0.8365366,0.09223615,-0.8855545,-0.4157747,-1.043897,0.9534385,4.247195,4.189989,82.89857
R,0.0717356,0.831915,0.08015313,-0.6963789,-0.3112916,-0.8138469,12.74184,7.037415,15.49491,82.91342
R,0.07713775,0.8325108,0.07951532,0.4085812,0.04506726,-0.04823926,83.57145,26.95249,57.90521,82.92664
R,0.07870271,0.8320388,0.07626589,0.1061708,-0.03202235,-0.2204499,-20.51632,-5.229964,-11.68322,82.94138
R,0.09164244,0.8361757,0.08668744,0.9406745,0.3007357,0.757611,60.66559,24.19039,71.10172,82.95514
R,0.09963588,0.8385184,0.0922469,0.6134167,0.179779,0.4266332,-25.11378,-9.282228,-25.39926,82.96817
R,0.1122445,0.8456021,0.09955842,0.8661618,0.4866229,0.5022725,17.36258,21.07896,5.196119,82.98273
R,0.1207463,0.8504309,0.1035244,0.5843495,0.331894,0.272589,-19.36954,-10.63483,-15.78662,82.99728
R,0.1264797,0.8537532,0.1053098,0.4644538,0.2691353,0.1446357,-9.712586,-5.083996,-10.36532,83.00962
R,0.1399113,0.8552268,0.1117523,0.8891454,0.09754971,0.4264806,28.11372,-11.35862,18.65757,83.02473
R,0.1499366,0.8563672,0.1157966,0.7449135,0.08473728,0.3005061,-10.71699,-0.9520134,-9.360392,83.03819
R,0.1606234,0.854387,0.1237685,0.8073465,-0.1495947,0.6022413,4.716553,-17.7028,22.79484,83.05142
R,0.1691008,0.8530713,0.1293556,0.6101837,-0.09470243,0.4021507,-14.19139,3.951041,-14.40213,83.06532
R,0.1761176,0.8521837,0.1333486,0.4506197,-0.05700331,0.2564268,-10.24712,2.421019,-9.358313,83.08089
R,0.1767879,0.849108,0.1357348,0.04703183,-0.215814,0.1674324,-28.31856,-11.14328,-6.244477,83.09514
R,0.178145,0.8471701,0.137423,0.1037183,-0.148105,0.1290247,4.332369,5.17479,-2.935377,83.10822
R,0.1775775,0.8471448,0.1371511,-0.03919422,-0.001749374,-0.01877799,-9.869249,10.10702,-10.20695,83.1227
R,0.1768312,0.8470907,0.1367304,-0.06351715,-0.004606331,-0.0358056,-2.070165,-0.2431604,-1.449249,83.13445
R,0.1760747,0.8469733,0.1362193,-0.05412566,-0.008396732,-0.03656565,0.6719221,-0.2711874,-0.05437859,83.14843
R,0.1723845,0.8460537,0.1341467,-0.2382668,-0.059375,-0.1338237,-11.88953,-3.291538,-6.279707,83.16392
R,0.1697742,0.845194,0.1325286,-0.1934035,-0.06369682,-0.119887,3.324092,-0.3202206,1.032624,83.17741
R,0.1672696,0.8444289,0.1310868,-0.1781275,-0.0544162,-0.1025396,1.086411,0.660027,1.233726,83.19147
R,0.165777,0.8438083,0.1301168,-0.1128194,-0.04691104,-0.07332441,4.936599,0.5673105,2.208358,83.2047
R,0.163616,0.8440038,0.1278451,-0.1404333,0.01270451,-0.1476222,-1.794447,3.874036,-4.828138,83.22009
R,0.1620892,0.8440838,0.1260528,-0.1309693,0.006861502,-0.1537472,0.81182,-0.501214,-0.5254098,83.23175
R,0.1610555,0.844082,0.1246755,-0.06275149,-0.0001085572,-0.08361664,4.141475,-0.4231494,4.2576,83.24822
R,0.1596516,0.8450068,0.1231744,-0.1142245,0.07523956,-0.1221249,-4.187875,6.130372,-3.133054,83.26051
R,0.1585457,0.8457323,0.1218662,-0.08359803,0.05484519,-0.09888512,2.315034,-1.541598,1.756678,83.27374
R,0.1586923,0.8460111,0.1216551,0.009070648,0.01724354,-0.01306077,5.732076,-2.325872,5.308715,83.28991
R,0.158788,0.8461617,0.1215132,0.007581193,0.01192409,-0.01124138,-0.1179612,-0.4212873,0.1440913,83.30254
R,0.1589867,0.8460873,0.1215735,0.01510923,-0.005658735,0.00458752,0.5726725,-1.33756,1.204136,83.31568
R,0.1591997,0.8460023,0.1216227,0.01518531,-0.006053732,0.003510633,0.005422338,-0.02815284,-0.0767535,83.32971
R,0.1594257,0.8459091,0.1216599,0.0156798,-0.006472505,0.002581764,0.03431126,-0.02905742,-0.0644514,83.34412
R,0.1595918,0.8458438,0.1216693,0.01132853,-0.00445093,0.0006371537,-0.2967374,0.1378626,-0.132614,83.35879
R,0.1597657,0.8457729,0.1216671,0.01352698,-0.005517433,-0.0001709709,0.1710123,-0.08296069,-0.06286202,83.37164
R,0.1598917,0.845806,0.121651,0.008222967,0.002163222,-0.001050972,-0.3462192,0.501354,-0.05744198,83.38696
R,0.1600219,0.8458399,0.1216246,0.01006752,0.002617994,-0.002041275,0.142637,0.03516689,-0.07657876,83.39989
R,0.1601566,0.8458737,0.1215885,0.009230634,0.002315571,-0.002473312,-0.05734076,-0.02072096,-0.02960164,83.41449
R,0.1601985,0.8457258,0.1214943,0.002999633,-0.01059322,-0.006745169,-0.4465335,-0.9250854,-0.306135,83.42844
R,0.1602396,0.8455691,0.1213892,0.003232194,-0.01231089,-0.008254849,0.01826377,-0.1348941,-0.1185601,83.44118
R,0.1603137,0.8453454,0.1214182,0.005204147,-0.01570874,0.00203215,0.1385144,-0.2386723,0.7225818,83.45541
R,0.1603945,0.8450968,0.121447,0.005360473,-0.01648252,0.001914102,0.01036421,-0.05130053,-0.0078264,83.4705
R,0.1609693,0.8439952,0.1216576,0.04607225,-0.08831231,0.01687631,3.263715,-5.758333,1.199466,83.48297
R,0.1616451,0.842698,0.1218959,0.04327217,-0.08305981,0.01526004,-0.1792927,0.3363239,-0.1034919,83.49859
R,0.1622949,0.8414497,0.1221162,0.0518089,-0.09952383,0.01756981,0.6806121,-1.312635,0.1841519,83.51113
R,0.1628912,0.8409566,0.122253,0.04624977,-0.03824889,0.01060755,-0.4311515,4.752325,-0.5399747,83.52402
R,0.1633908,0.8405366,0.1223631,0.03687073,-0.03099486,0.008123174,-0.6921898,0.5353603,-0.1833513,83.53757
R,0.1641738,0.8402833,0.1222743,0.04800412,-0.01552999,-0.005445546,0.6825423,0.9480876,-0.8318425,83.55389
R,0.1649782,0.8400115,0.1221814,0.06014244,-0.02031785,-0.006939555,0.9075831,-0.3579885,-0.1117072,83.56726
R,0.1657801,0.8397279,0.1220887,0.06412542,-0.02268437,-0.007415678,0.318522,-0.1892526,-0.03807596,83.57977
R,0.1668639,0.8396041,0.121975,0.06879351,-0.007854116,-0.007216631,0.2962981,0.9413227,0.01263413,83.59552
R,0.1679415,0.839466,0.1218617,0.08108047,-0.01039574,-0.008523899,0.9244992,-0.1912373,-0.09836176,83.60881
R,0.1679983,0.8392239,0.1217983,0.004651168,-0.01980435,-0.005190046,-6.253272,-0.7697909,0.2727683,83.62103
R,0.1680409,0.8390487,0.1217532,0.003038076,-0.01249235,-0.003213943,-0.1150333,0.5214352,0.1409204,83.63506
R,0.1680938,0.8388614,0.1217054,0.003862702,-0.01368712,-0.003494722,0.06024823,-0.08729129,-0.02051411,83.64874
R,0.168417,0.837916,0.1214882,0.02050687,-0.05997777,-0.01378248,1.055946,-2.93679,-0.6526802,83.66451
R,0.1683813,0.8378919,0.121481,-0.002821835,-0.001904798,-0.0005634241,-1.845347,4.593688,1.045654,83.67715
R,0.1678839,0.8373203,0.1205299,-0.03470201,-0.03987327,-0.06635012,-2.223841,-2.648539,-4.589033,83.69148
R,0.1672009,0.8365247,0.1192011,-0.05241305,-0.06105459,-0.1019707,-1.359146,-1.625456,-2.733528,83.70451
R,0.1665256,0.8357274,0.1178649,-0.05003158,-0.05907734,-0.09900378,0.1764523,0.1465026,0.2198326,83.71801
R,0.166596,0.8357765,0.1171991,0.004662235,0.003252906,-0.0440973,3.622449,4.128221,3.636535,83.73311
R,0.1666508,0.8358093,0.1166627,0.004281492,0.002563768,-0.04195023,-0.02977605,-0.05389419,0.1679119,83.7459
R,0.1665284,0.8358607,0.1166782,-0.007225418,0.003034869,0.00091627,-0.6796908,0.02782704,2.532041,83.76283
R,0.166398,0.8359102,0.1166901,-0.01087318,0.004127265,0.0009920832,-0.3039541,0.09102511,0.006317221,83.77483
R,0.1662962,0.8358474,0.1166239,-0.008358298,-0.005154488,-0.00543473,0.2065357,-0.7622668,-0.527804,83.787
R,0.1661903,0.835777,0.116547,-0.007069636,-0.004697843,-0.005134412,0.08600177,0.03047525,0.0200424,83.80199
R,0.1665837,0.8372431,0.1163037,0.03112506,0.1159664,-0.01924129,3.021276,9.544779,-1.115882,83.81463
R,0.1672759,0.8397876,0.1158624,0.04933154,0.1813571,-0.03145179,1.29764,4.660625,-0.8702856,83.82866
R,0.1679717,0.8423203,0.1154039,0.04851542,0.1765791,-0.03197099,-0.05689957,-0.3331138,-0.03619826,83.843
R,0.1695148,0.8480065,0.1133982,0.1149801,0.4237093,-0.1494563,4.952621,18.41492,-8.754422,83.85642
R,0.1731501,0.8516499,0.1110608,0.24882,0.2493677,-0.1599793,9.160657,-11.9328,-0.7202482,83.87103
R,0.1758655,0.8544387,0.1093082,0.2017598,0.2072217,-0.1302244,-3.496752,-3.131608,2.210904,83.88449
R,0.1779365,0.856655,0.1079476,0.1443153,0.154435,-0.09481379,-4.002854,-3.678288,2.467485,83.89884
R,0.1796302,0.858533,0.106819,0.1221068,0.1353952,-0.08136624,-1.601157,-1.372708,0.9695251,83.91271
R,0.1839179,0.8650219,0.1023744,0.2605453,0.3943085,-0.2700822,8.412332,15.7331,-11.46749,83.92917
R,0.1863583,0.8709448,0.0979179,0.2192466,0.5320907,-0.4003538,-3.710138,12.37792,-11.70319,83.9403
R,0.1884743,0.8757581,0.09437345,0.154677,0.3518588,-0.2591066,-4.72017,-13.17532,10.32546,83.95398
R,0.1904052,0.8798852,0.09140504,0.1456236,0.3112504,-0.2238638,-0.6827723,-3.062502,2.657855,83.96724
R,0.1921652,0.8834665,0.08886695,0.1052398,0.2141452,-0.1517668,-2.414775,-5.806464,4.311081,83.98396
R,0.1955431,0.8891052,0.08744625,0.2741474,0.4576335,-0.1153027,13.7084,19.7613,2.959395,83.99628
R,0.1984316,0.8939795,0.0858913,0.188358,0.317856,-0.1013983,-5.594321,-9.114882,0.9067067,84.01162
R,0.2012582,0.8985022,0.08410355,0.232428,0.3718877,-0.1470033,3.623803,4.442938,-3.750025,84.02378
R,0.2037329,0.9025345,0.08235881,0.1787115,0.2912018,-0.1259981,-3.879191,-5.826814,1.516912,84.03763
R,0.2059991,0.9062816,0.0806442,0.1696363,0.280487,-0.1283485,-0.679325,-0.8020595,-0.1759441,84.05099
R,0.2066195,0.9121202,0.07585778,0.03768319,0.3546216,-0.2907161,-8.014533,4.502766,-9.861834,84.06745
R,0.2056254,0.9144596,0.07241102,-0.08422678,0.1982113,-0.2920326,-10.32901,-13.25211,-0.1115465,84.07925
R,0.2053553,0.9169393,0.0694676,-0.01739481,0.1597128,-0.1895817,4.30457,-2.479639,6.598742,84.09478
R,0.2055231,0.9196221,0.06674446,0.01353726,0.2163942,-0.2196478,2.494971,4.571904,-2.425122,84.10718
R,0.2064557,0.9237821,0.06462139,0.06760427,0.3015806,-0.1539134,3.919619,6.175638,4.765458,84.12097
R,0.2075086,0.9278799,0.06239368,0.0667055,0.2596023,-0.1411265,-0.05693751,-2.659344,0.8100541,84.13676
R,0.2059621,0.9315111,0.05907489,-0.1284594,0.301613,-0.2756654,-16.21081,3.489497,-11.17508,84.1488
R,0.2050698,0.9351153,0.05598609,-0.06660423,0.2690285,-0.2305555,4.617019,-2.432184,3.36711,84.16219
R,0.2046304,0.9386588,0.05309669,-0.02782118,0.2243697,-0.1829562,2.455735,-2.827786,3.013981,84.17799
R,0.2124043,0.944273,0.04612954,0.6420575,0.4636844,-0.5754239,55.32599,19.76525,-32.41432,84.19009
R,0.2135758,0.9407703,0.0442756,0.08539979,-0.2553445,-0.1351499,-40.57967,-52.41633,32.09544,84.20381
R,0.2145207,0.9389006,0.04245328,0.06403402,-0.1267087,-0.1235036,-1.448011,8.717965,0.7892988,84.21857
R,0.2154695,0.9378784,0.04050847,0.07180779,-0.07735819,-0.1471765,0.5882932,3.734685,-1.791486,84.23178
R,0.2168652,0.9355506,0.03530614,0.09618063,-0.160415,-0.358507,1.679598,-5.723673,-14.56336,84.24629
R,0.2182327,0.9341432,0.03055184,0.1033636,-0.1063879,-0.3593747,0.5429541,4.083879,-0.0655885,84.25952
R,0.219261,0.9281462,0.03146099,0.0745081,-0.4345115,0.06587343,-2.090737,-23.77436,30.81157,84.27332
R,0.2203222,0.9236469,0.0315442,0.07064281,-0.2995135,0.005538979,-0.2573036,8.986516,-4.016332,84.28835
R,0.2213282,0.9204268,0.03107058,0.0776534,-0.2485645,-0.03655999,0.5411611,3.93286,-3.249703,84.3013
R,0.2222673,0.9180487,0.03029633,0.05836501,-0.1477966,-0.04811839,-1.198752,6.262609,-0.7183421,84.31739
R,0.2163303,0.9041849,-0.006812281,-0.5272207,-1.231136,-3.295326,-52.00127,-96.20286,-288.359,84.32865
R,0.2125217,0.9008832,0.002992392,-0.2638443,-0.2287304,0.6792379,18.24591,69.4436,275.3456,84.34309
R,0.2100138,0.8980929,0.007833278,-0.1787508,-0.1988768,0.3450269,6.064914,2.12777,-23.82039,84.35712
R,0.2083906,0.8958658,0.01040478,-0.1091026,-0.1496955,0.1728471,4.681502,3.305787,-11.57331,84.37199
R,0.1925263,0.8855786,0.002679623,-1.223878,-0.7936194,-0.5959691,-86.00111,-49.67651,-59.31152,84.38496
R,0.1811525,0.8776468,-0.003256895,-0.8141907,-0.5677993,-0.4249652,29.32745,16.16531,12.2413,84.39893
R,0.1846318,0.8815812,-0.002403121,0.214403,0.2424483,0.05261207,63.38498,49.92984,29.42972,84.41515
R,0.1854919,0.8825764,-0.002280006,0.06311896,0.07303769,0.009035254,-11.10252,-12.4328,-3.198041,84.42878
R,0.191159,0.8843392,-0.001011386,0.4978584,0.1548624,0.1114481,38.1918,7.188289,8.996951,84.44016
R,0.1961793,0.8854727,-0.0001896871,0.358985,0.08104882,0.0587571,-9.930393,-5.278173,-3.767762,84.45415
R,0.1995641,0.8858615,9.585278E-05,0.2505084,0.02877523,0.02113285,-8.028372,-3.868777,-2.784577,84.46766
R,0.1987923,0.8860635,-0.001611633,-0.05398296,0.01413254,-0.1194256,-21.29685,-1.024145,-9.830989,84.48196
R,0.1977451,0.8861114,-0.003922369,-0.07582765,0.003470304,-0.167333,-1.581894,-0.7721106,-3.469242,84.49577
R,0.1926977,0.8855886,-0.01689546,-0.3619147,-0.03748974,-0.9302015,-20.51313,-2.936934,-54.69951,84.50971
R,0.1889539,0.8849055,-0.02648179,-0.2666875,-0.04865829,-0.6828803,6.783485,-0.795589,17.61788,84.52375
R,0.1860158,0.8841246,-0.03414377,-0.2086141,-0.05544505,-0.5440257,4.123405,-0.481882,9.859125,84.53783
R,0.1799177,0.8816485,-0.05389375,-0.4497969,-0.1826419,-1.456764,-17.78971,-9.382076,-67.32379,84.55139
R,0.1751519,0.8795776,-0.06874485,-0.338757,-0.1472004,-1.05562,7.892741,2.519194,28.51337,84.56546
R,0.1725593,0.8779559,-0.08670568,-0.1838802,-0.115023,-1.273897,10.98486,2.282226,-15.4816,84.57956
R,0.1701057,0.8764432,-0.1012546,-0.1767063,-0.1089372,-1.047777,0.5166445,0.4382871,16.28464,84.59344
R,0.1634256,0.8799841,-0.102053,-0.4902442,0.259864,-0.05859485,-23.0101,27.06579,72.59467,84.60707
R,0.1579587,0.8822981,-0.1049283,-0.3749591,0.1587111,-0.1972094,7.907194,-6.937897,-9.507319,84.62165
R,0.1532344,0.8837991,-0.1090036,-0.3323856,0.1056008,-0.2867178,2.995274,-3.736588,-6.297393,84.63586
R,0.1538483,0.8828857,-0.1078128,0.04772645,-0.07100756,0.0925684,29.55044,-13.72978,29.48624,84.64873
R,0.153944,0.8825221,-0.1076424,0.006742482,-0.02562164,0.01200857,-2.888092,3.198292,-5.676956,84.66292
R,0.15364,0.8818564,-0.1083015,-0.01768302,-0.03872614,-0.03834037,-1.420994,-0.7623762,-2.929133,84.68011
R,0.1527686,0.8807791,-0.1101343,-0.08318492,-0.1028428,-0.1749654,-6.25307,-6.120826,-13.04277,84.69058
R,0.1512813,0.8794802,-0.1132283,-0.09296577,-0.08119114,-0.193391,-0.6113472,1.353325,-1.151684,84.70658
R,0.1493691,0.8781912,-0.1171748,-0.1562585,-0.1053275,-0.3224891,-5.172013,-1.97232,-10.54934,84.71882
R,0.1315202,0.8972773,0.1151749,-1.390897,1.487306,18.10614,-96.21076,124.108,1436.075,84.73165
R,0.1417607,0.9182594,0.2194434,0.6612059,1.354761,6.732352,132.4991,-8.558113,-734.3771,84.74714
R,0.1493901,0.9333051,0.282704,0.5889236,1.161412,4.883213,-5.57962,-14.92494,-142.7388,84.76009
R,0.1371677,0.9115975,0.3151293,-0.7731698,-1.373198,2.051187,-86.16425,-160.3361,-179.1503,84.7759
R,0.1288853,0.896719,0.3366361,-0.6892684,-1.238189,1.789797,6.982306,11.23543,-21.75296,84.78792
R,0.1229139,0.8853269,0.3517579,-0.3001046,-0.5725442,0.7599873,19.55846,33.45378,-51.75581,84.80782
R,0.111135,0.8878204,0.3487162,-1.477404,0.3127617,-0.3815079,-147.6661,111.0419,-143.1752,84.81579
R,0.1023779,0.8886173,0.3469757,-0.635554,0.0578324,-0.1263194,61.09802,-18.50171,18.52053,84.82957
R,0.1006678,0.8929324,0.3430498,-0.1229574,0.3102544,-0.2822678,36.85522,18.14891,-11.21255,84.84348
R,0.09906511,0.8949199,0.3411508,-0.1075594,0.1333885,-0.1274502,1.033411,-11.87003,10.3903,84.85838
R,0.09741335,0.895988,0.3399904,-0.1129953,0.07306889,-0.07938291,-0.3718674,-4.126418,3.288241,84.87299
R,0.09877104,0.8970493,0.3362746,0.1112909,0.08699284,-0.3045873,18.38502,1.141363,-18.46028,84.88519
R,0.09959344,0.8978338,0.3328175,0.05145296,0.04908264,-0.2162888,-3.743711,-2.371822,5.524328,84.90118
R,0.1001901,0.8969533,0.3334535,0.05241758,-0.07735527,0.05586828,0.08474199,-11.10755,23.90896,84.91256
R,0.1011678,0.8949828,0.3347967,0.06417047,-0.1293346,0.08815958,0.7713947,-3.411637,2.119422,84.9278
R,0.105764,0.891579,0.3364864,0.3502544,-0.2593795,0.1287632,21.80092,-9.910027,3.094182,84.94092
R,0.1092837,0.8885918,0.3378814,0.2231868,-0.1894238,0.08846041,-8.05757,4.436011,-2.555667,84.95669
R,0.1116537,0.8862178,0.3389219,0.1746175,-0.1749095,0.07666263,-3.578459,1.069375,-0.869229,84.97026
R,0.113835,0.8856488,0.3383028,0.1607994,-0.04194495,-0.04564249,-1.018652,9.801988,-9.016185,84.98383
R,0.1154593,0.885011,0.3378941,0.1121129,-0.04402399,-0.02820358,-3.360423,-0.1434989,1.203661,84.99831
R,0.1164683,0.8860025,0.3369766,0.07492973,0.07363226,-0.06813695,-2.761286,8.737361,-2.965523,85.01178
R,0.1174458,0.8867933,0.3361421,0.08129697,0.06576677,-0.06940286,0.5295472,-0.6541531,-0.1052822,85.0238
R,0.1183789,0.8873873,0.3353996,0.06690949,0.04259266,-0.05324296,-1.031616,-1.66164,1.158704,85.03775
R,0.1198255,0.8884133,0.3355467,0.1115315,0.07909927,0.01134421,3.440408,2.814703,4.979746,85.05072
R,0.1212282,0.8892729,0.3356864,0.0957077,0.05865272,0.009528728,-1.079674,-1.395091,-0.1238723,85.06538
R,0.1222497,0.8903911,0.3358159,0.07607588,0.08327415,0.009645774,-1.462035,1.833625,0.008716722,85.0788
R,0.1231964,0.8913069,0.3359282,0.06947537,0.06721112,0.008241181,-0.4844023,-1.178843,-0.1030811,85.09243
R,0.1240775,0.8920598,0.3360264,0.06225415,0.05320081,0.006940701,-0.5102423,-0.9899514,-0.09189035,85.10658
R,0.1244747,0.8922685,0.3359914,0.02865192,0.01505744,-0.002526056,-2.423946,-2.751528,-0.6828985,85.12045
R,0.1248138,0.8924178,0.3359654,0.02437069,0.01072934,-0.00186532,-0.3076477,-0.3110161,0.04748026,85.13436
R,0.1249027,0.8926331,0.3356902,0.006466545,0.01564666,-0.02000789,-1.301571,0.357473,-1.318903,85.14812
R,0.1250293,0.8928768,0.3353715,0.008582938,0.01652629,-0.02161068,0.1435075,0.05964508,-0.1086814,85.16286
R,0.1245927,0.8932184,0.3350534,-0.03123721,0.02443965,-0.02276158,-2.848966,0.5661682,-0.08234242,85.17684
R,0.1240163,0.8936789,0.3346225,-0.04115285,0.03287548,-0.03075853,-0.7078778,0.6022336,-0.5709019,85.19085
R,0.1234065,0.89418,0.3341507,-0.04593267,0.03774695,-0.03553789,-0.3600577,0.3669616,-0.3600236,85.20412
R,0.1234107,0.8940338,0.3340114,0.0003069351,-0.01062309,-0.01012074,3.3596,-3.514389,1.846717,85.21789
R,0.1234268,0.893874,0.3338681,0.001196359,-0.01193465,-0.01070157,0.0664265,-0.09795346,-0.04337913,85.23128
R,0.1230313,0.8940823,0.3335107,-0.02436815,0.01283718,-0.02202523,-1.57536,1.526513,-0.6977972,85.24751
R,0.1224495,0.8944,0.3329805,-0.04854467,0.02650581,-0.04423685,-2.0171,1.140404,-1.853165,85.25949
R,0.1218086,0.8947596,0.33239,-0.04462974,0.025044,-0.04112355,0.2726555,-0.1018077,0.2168257,85.27385
R,0.1216981,0.8953285,0.3322864,-0.008095648,0.04165939,-0.007587727,2.675193,1.216655,2.455647,85.28751
R,0.1215966,0.8958873,0.3321873,-0.007420131,0.0408674,-0.007252284,0.04940925,-0.0579289,0.02453525,85.30118
R,0.1213673,0.8962455,0.3322523,-0.01497185,0.02338692,0.004242795,-0.4929377,-1.141036,0.7503401,85.3165
R,0.1211409,0.8966004,0.3323167,-0.01639966,0.02570913,0.004666339,-0.103453,0.1682566,0.0306881,85.3303
R,0.1205229,0.8976762,0.3323395,-0.05028176,0.08753297,0.001859773,-2.756669,5.030028,-0.228344,85.34259
R,0.1198452,0.8988656,0.3323616,-0.04794221,0.08412877,0.001562078,0.1654878,-0.2407962,-0.02105741,85.35673
R,0.1191973,0.9000112,0.3323804,-0.04183103,0.0739686,0.001216133,0.3945834,-0.6560172,-0.02233682,85.37222
R,0.1186673,0.9006463,0.3326167,-0.04317693,0.05173536,0.0192472,-0.1096393,-1.811159,1.468843,85.38449
R,0.1182027,0.9012095,0.3328201,-0.0293562,0.03559321,0.01285635,0.8734379,-1.020146,-0.4038874,85.40031
R,0.1178832,0.9019198,0.3329459,-0.02400497,0.05335781,0.009448872,0.4019467,1.334351,-0.2559453,85.41363
R,0.1175668,0.9026244,0.3330664,-0.02572382,0.0572852,0.009797127,-0.1397599,0.3193372,0.02831668,85.42593
R,0.1172511,0.9033253,0.3331834,-0.02252739,0.05000935,0.008344107,0.2280688,-0.51914,-0.1036746,85.43994
R,0.1170896,0.90343,0.3332425,-0.01020682,0.006622167,0.003738624,0.7786314,-2.74197,-0.2910559,85.45576
R,0.1169646,0.9035147,0.3332872,-0.01061181,0.007194791,0.003797391,-0.03440239,0.04864221,0.004992066,85.46754
R,0.1167309,0.9038199,0.3334169,-0.01644798,0.02146655,0.009122971,-0.4106054,1.004095,0.3746829,85.48175
R,0.1164276,0.9042237,0.3335831,-0.02140444,0.02850279,0.01172927,-0.3498405,0.4966366,0.1839594,85.49592
R,0.1160813,0.9046918,0.3337702,-0.02325439,0.03143411,0.01256524,-0.1242198,0.1968305,0.05613333,85.51081
R,0.114563,0.9065626,0.3332359,-0.1184576,0.1459589,-0.04168527,-7.427665,8.935115,-4.232573,85.52363
R,0.112974,0.9085372,0.3326801,-0.1017433,0.126435,-0.03558943,1.070238,-1.250137,0.3903242,85.53925
R,0.1121628,0.9097167,0.3324991,-0.06027671,0.08763818,-0.013446,3.081128,-2.882756,1.645342,85.5527
R,0.1114885,0.9106953,0.3323497,-0.05506717,0.07992114,-0.01220308,0.425436,-0.6302102,0.1015034,85.56495
R,0.1108639,0.9115775,0.3318576,-0.04028464,0.05690591,-0.03174405,0.9535313,-1.484573,-1.26047,85.58045
R,0.110268,0.9124215,0.3314045,-0.04798293,0.06794667,-0.03647833,-0.6197972,0.8889034,-0.381162,85.59287
R,0.1096874,0.9132448,0.330979,-0.03542721,0.05023932,-0.02596529,0.766156,-1.080511,0.6415108,85.60926
R,0.1091289,0.9136564,0.3302413,-0.04128441,0.03043041,-0.05453548,-0.4330033,-1.464407,-2.112099,85.62279
R,0.1085669,0.9140928,0.3295289,-0.03943681,0.03061848,-0.04998453,0.1296405,0.01319575,0.3193268,85.63704
R,0.1082861,0.9145523,0.3290575,-0.02473368,0.04048009,-0.04152228,1.295141,0.8686706,0.7454053,85.64839
R,0.1083516,0.9144677,0.3290733,0.003979074,-0.005138374,0.000958922,1.743139,-2.769478,2.579016,85.66486
R,0.1084109,0.9147016,0.3293085,0.005310684,0.02095437,0.02106919,0.1193007,2.337682,1.801704,85.67603
R,0.1084952,0.9150985,0.3296877,0.006025508,0.02837037,0.02709668,0.05108686,0.5300048,0.430772,85.69002
R,0.1086037,0.9156974,0.3302364,0.007480469,0.04131168,0.03785773,0.1003709,0.8927598,0.7423538,85.70451
R,0.1091467,0.9157444,0.3308062,0.03480335,0.003014212,0.03652009,1.75123,-2.454633,-0.08573431,85.72012
R,0.1097276,0.9158078,0.3314216,0.04333392,0.004726629,0.04590566,0.6363794,0.1277462,0.7001625,85.73352
R,0.1104681,0.9158785,0.3311828,0.05407436,0.005166261,-0.01743341,0.7842738,0.03210215,-4.625058,85.74722
R,0.1113118,0.915974,0.330898,0.06039594,0.006835404,-0.02039314,0.4525295,0.1194855,-0.2118723,85.76118
R,0.1122036,0.9160898,0.3305919,0.07029194,0.009127893,-0.02412338,0.7799696,0.1806862,-0.2940049,85.77387
R,0.1168852,0.9167941,0.330269,0.330261,0.0496796,-0.02277525,18.33943,2.860707,0.09510394,85.78805
R,0.1211312,0.917455,0.3299684,0.3003417,0.04675273,-0.02126619,-2.116342,-0.2070318,0.1067431,85.80219
R,0.128492,0.9172877,0.3290553,0.5153824,-0.01171458,-0.06393146,15.05652,-4.093711,-2.987298,85.81647
R,0.134134,0.9172165,0.328361,0.4362855,-0.005507928,-0.05368962,-6.116455,0.4799516,0.791987,85.8294
R,0.1383073,0.9172102,0.3278473,0.2399106,-0.0003632127,-0.02953159,-11.28915,0.2957579,1.38879,85.84679
R,0.1452384,0.9136603,0.3254547,0.6779647,-0.3472248,-0.2340281,42.84823,-33.92824,-20.00281,85.85702
R,0.1508916,0.9111202,0.3236445,0.3220246,-0.1446959,-0.1031175,-20.27544,11.53666,7.457067,85.87457
R,0.1532104,0.9090267,0.3198513,0.2140364,-0.1932383,-0.3501238,-9.967767,-4.480669,-22.79972,85.88541
R,0.1554614,0.9074835,0.3171059,0.1530336,-0.1049096,-0.186645,-4.147173,6.004891,11.11384,85.90012
R,0.1589461,0.9054012,0.306155,0.274322,-0.1639217,-0.8620753,9.548052,-4.645552,-53.17117,85.91282
R,0.1622541,0.9036906,0.2979583,0.2364165,-0.1222567,-0.5858033,-2.709021,2.97771,19.74456,85.92681
R,0.1654416,0.9022146,0.2913959,0.2162459,-0.100131,-0.4452074,-1.368427,1.501063,9.538404,85.94155
R,0.1779462,0.8994464,0.2583166,0.8807082,-0.1949683,-2.329808,46.79871,-6.679478,-132.7343,85.95575
R,0.1880213,0.8971624,0.2353861,0.7936108,-0.1799129,-1.806213,-6.860596,1.185902,41.24318,85.96844
R,0.209563,0.9182415,0.1748298,1.425295,1.394691,-4.006681,41.79512,104.183,-145.593,85.98356
R,0.226932,0.9338723,0.1413973,1.289856,1.160774,-2.482758,-10.05796,-17.37111,113.1692,85.99702
R,0.241267,0.9455091,0.1096989,1.08986,0.8847158,-2.409961,-15.20529,-20.98809,5.534585,86.01018
R,0.2706675,0.9428759,0.09056393,2.033552,-0.1821281,-1.323513,65.27267,-73.7907,75.14667,86.02464
R,0.2949137,0.9418417,0.07105321,1.748073,-0.07456683,-1.40666,-20.58218,7.754827,-5.994646,86.03851
R,0.2968237,0.9301596,0.03690328,0.1394673,-0.8530336,-2.493649,-117.4613,-56.84412,-79.37259,86.0522
R,0.3009057,0.9225665,0.008886152,0.2306203,-0.4289837,-1.582871,5.149831,23.95736,51.45583,86.0699
R,0.3072408,0.9175807,-0.02125185,0.6451838,-0.5077639,-3.069346,42.22041,-8.023219,-151.3872,86.07972
R,0.3145543,0.9140241,-0.04959333,0.52786,-0.2567069,-2.04558,-8.467989,18.12035,73.89154,86.09357
R,0.3225217,0.9113835,-0.07458164,0.5528326,-0.1832195,-1.733863,1.732774,5.099069,21.62911,86.10799
R,0.3302549,0.8989213,-0.08939951,0.5334827,-0.8597122,-1.022215,-1.334856,-46.66803,49.09326,86.12248
R,0.3383826,0.8898367,-0.106882,0.6122463,-0.6843256,-1.316931,5.933163,13.21165,-22.2006,86.13576
R,0.3268386,0.8808213,-0.106228,-0.8341179,-0.6514178,0.04725292,-104.5082,2.377782,98.57018,86.1496
R,0.3209427,0.8735712,-0.111765,-0.3803096,-0.4676581,-0.3571595,29.27242,11.85322,-26.08619,86.1651
R,0.3184481,0.8673836,-0.1210482,-0.1754166,-0.4350984,-0.6527749,14.40758,2.289519,-20.78697,86.17932
R,0.3098112,0.8576024,-0.1309543,-0.7526934,-0.8524248,-0.8633014,-50.30906,-36.36955,-18.34716,86.1908
R,0.3048828,0.8494649,-0.1427997,-0.3410647,-0.5631435,-0.8197505,28.48627,20.01937,3.013888,86.20525
R,0.2952245,0.8436657,-0.1271636,-0.6846628,-0.4110921,1.108417,-24.35699,10.77862,136.684,86.21935
R,0.2889579,0.8380804,-0.1196999,-0.3887246,-0.3464639,0.4629835,18.35741,4.008972,-40.03703,86.23547
R,0.2513914,0.8343939,-0.09278972,-3.100704,-0.3042841,2.221138,-223.8442,3.481477,145.1164,86.24759
R,0.2262243,0.8303206,-0.0751802,-1.935851,-0.3133161,1.354528,89.60074,-0.694744,-66.65987,86.26059
R,0.2069232,0.8260192,-0.06406891,-1.374916,-0.3064114,0.7915103,39.95804,0.4918585,-40.10642,86.27463
R,0.2090888,0.8363218,-0.04164702,0.1309287,0.6228703,1.355572,91.03972,56.18211,34.10182,86.29117
R,0.2082708,0.8426951,-0.02541178,-0.07062773,0.5503026,1.401835,-17.40343,-6.265872,3.994565,86.30275
R,0.2197978,0.8578555,0.0005333984,0.8356523,1.099065,1.880911,65.70129,39.78284,34.73087,86.31654
R,0.2268316,0.8686309,0.02067503,0.5332212,0.8168604,1.526896,-22.92669,-21.39336,-26.83714,86.32973
R,0.2307432,0.8762864,0.03645871,0.2651009,0.5188324,1.0697,-18.17118,-20.1981,-30.98535,86.34449
R,0.1850696,0.8743373,0.05674066,-3.011333,-0.1285054,1.337221,-216.0205,-42.68001,17.63812,86.35966
R,0.1566038,0.8732638,0.07365946,-2.110335,-0.07958763,1.254288,66.79615,3.626556,-6.148305,86.37315
R,0.1230074,0.8763984,0.08026269,-2.594903,0.2421138,0.5100171,-37.4268,24.84741,-57.4856,86.38609
R,0.09750593,0.878981,0.0874016,-1.621799,0.1642407,0.4540082,61.8858,-4.952447,-3.561958,86.40182
R,0.1084424,0.8769162,0.08516965,0.8377902,-0.1581769,-0.1709795,188.4181,-24.69895,-47.87749,86.41487
R,0.1117486,0.8759828,0.0856887,0.2741064,-0.07738378,0.04303114,-46.73191,6.69811,17.74244,86.42693
R,0.1120939,0.8755832,0.08718508,0.02418702,-0.02798888,0.1048283,-17.50798,3.460336,4.329172,86.44121
R,0.1132033,0.8707954,0.08463527,0.06676406,-0.2881299,-0.1534472,2.562286,-15.65528,-15.54302,86.45782
R,0.1126346,0.8657789,0.0833299,-0.05339335,-0.4710053,-0.1225628,-11.28171,-17.17038,2.899771,86.46848
R,0.1168813,0.8649431,0.07881089,0.2851527,-0.05612433,-0.3034403,22.73254,27.85824,-12.14548,86.48337
R,0.1186848,0.8643042,0.07662547,0.1141409,-0.04043186,-0.138314,-10.82321,0.9931643,10.45072,86.49917
R,0.118977,0.8638864,0.07591671,0.02223026,-0.03178957,-0.05391611,-6.991821,0.6574354,6.420312,86.51231
R,0.1214702,0.8618111,0.07101411,0.197578,-0.1644545,-0.3885095,13.89551,-10.5131,-26.51501,86.52493
R,0.1224923,0.8601777,0.06799463,0.07348378,-0.1174403,-0.2170974,-8.922256,3.380276,12.32437,86.53884
R,0.1230358,0.8615701,0.06246761,0.03397525,0.08702909,-0.345464,-2.469462,12.78027,-8.023494,86.55484
R,0.1227838,0.8624493,0.05889415,-0.02287415,0.07980761,-0.3243631,-5.160224,-0.6554946,1.915326,86.56586
R,0.1221207,0.8629692,0.05662276,-0.03938419,0.03087831,-0.1348962,-0.9805181,-2.905873,11.2523,86.5827
R,0.1213178,0.8647493,0.05465443,-0.07212707,0.159918,-0.1768281,-2.941519,11.59252,-3.767033,86.59383
R,0.1203088,0.8661336,0.05312205,-0.06720368,0.09219782,-0.102059,0.3279062,-4.510272,4.979745,86.60884
R,0.1177161,0.8676445,0.05248822,-0.1993092,0.1161474,-0.04872646,-10.15562,1.841123,4.099941,86.62185
R,0.1150551,0.8690022,0.05190057,-0.189872,0.09687585,-0.04192892,0.6733561,-1.375044,0.4850116,86.63586
R,0.1117899,0.871791,0.05032508,-0.22644,0.1934028,-0.1092606,-2.536002,6.694168,-4.669466,86.65028
R,0.1087529,0.8741039,0.04901165,-0.1910089,0.1454684,-0.08260787,2.228423,-3.014803,1.676306,86.66618
R,0.1094627,0.8738937,0.04915142,0.06524204,-0.01931758,0.012847,23.55352,-15.14645,8.773815,86.67706
R,0.1073025,0.878336,0.05103416,-0.1531333,0.3149,0.133464,-15.4802,23.69203,8.550303,86.69117
R,0.1045083,0.8833793,0.05301898,-0.1930618,0.3484696,0.1371399,-2.758833,2.319474,0.2539824,86.70564
R,0.1019365,0.8977258,0.06003296,-0.1825109,1.018095,0.4977455,0.7487437,47.51986,25.59031,86.71973
R,0.09958662,0.9087524,0.0652296,-0.1789657,0.839787,0.3957785,0.2700033,-13.58002,-7.765847,86.73286
R,0.09737379,0.9174406,0.06920089,-0.1342157,0.5269696,0.240872,2.714244,-18.97344,-9.395604,86.74935
R,0.09696123,0.9379669,0.09591217,-0.03678585,1.830224,2.381702,8.687292,116.2042,190.8863,86.76057
R,0.09612961,0.9542314,0.1162618,-0.05093549,0.996174,1.246388,-0.8666458,-51.08441,-69.53637,86.77689
R,0.104458,0.9714234,0.1591933,0.6284509,1.297293,3.23956,51.26571,22.72211,150.4025,86.79015
R,0.1101563,0.9857495,0.1929318,0.4656407,1.170662,2.756965,-13.30415,-10.34775,-39.43563,86.80238
R,0.1112998,0.9960275,0.2416393,0.08248863,0.7414179,3.513584,-27.63924,-30.96417,54.57982,86.81625
R,0.112061,1.005714,0.2816336,0.05576778,0.7096754,2.930205,-1.957717,-2.325627,-42.74155,86.8299
R,0.1126238,1.015075,0.3148863,0.03884549,0.6461542,2.295153,-1.168003,-4.384335,-43.83226,86.84438
R,0.119529,1.006961,0.3514919,0.4197932,-0.4933253,2.225403,23.15936,-69.27359,-4.240419,86.86083
R,0.1246626,1.003471,0.3838548,0.4130632,-0.280828,2.603972,-0.5415132,17.09788,30.46033,86.87326
R,0.1333673,0.9802514,0.3720717,0.5933143,-1.582618,-0.8031396,12.28595,-88.73025,-232.2293,86.88793
R,0.1401279,0.9660762,0.3691943,0.4961484,-1.0403,-0.2111672,-7.130864,39.79995,43.44402,86.90156
R,0.1455726,0.9564035,0.3721753,0.3142424,-0.5582652,0.1720539,-10.4988,27.82092,22.11781,86.91888
R,0.1454046,0.9468012,0.3547692,-0.01170525,-0.6691089,-1.212898,-22.71271,-7.723817,-96.50633,86.93324
R,0.1460232,0.9398853,0.3467766,0.05471254,-0.6116576,-0.7068837,5.874165,5.081141,44.75323,86.94454
R,0.1193911,0.9267989,-2.04788,-1.736676,-0.8533621,-156.1554,-116.8164,-15.76154,-10136.79,86.95988
R,0.112562,0.9220551,0.3015631,-0.4210317,-0.292469,144.8477,81.11204,34.58014,18557.42,86.9761
R,0.09970712,0.8988208,0.06956343,-0.8830766,-1.596104,-15.93745,-31.74065,-89.55456,-11045.3,86.99065
R,0.09025569,0.8821695,0.08044294,-0.5620769,-0.9902521,0.6470045,19.08987,36.03007,986.2784,87.00747
R,0.08583095,0.8719759,0.06114339,-0.3047609,-0.7020987,-1.329285,17.72303,19.847,-136.1199,87.02199
R,0.0817678,0.8629799,0.04391607,-0.3583879,-0.793484,-1.519529,-4.730151,-8.060602,-16.78039,87.03333
R,0.07793202,0.8547094,0.02679433,-0.2014281,-0.4343105,-0.899111,8.2424,18.86121,32.5799,87.05237
R,0.07777233,0.8633061,0.04168247,-0.01478085,0.795755,1.37812,17.277,113.861,210.7919,87.06317
R,0.07715754,0.8664061,0.04627644,-0.04437337,0.2237447,0.3315752,-2.135875,-41.28553,-75.53567,87.07703
R,0.08172531,0.8965989,0.08545143,0.3113401,2.057946,2.670174,24.24549,125.0195,159.3993,87.0917
R,0.08429202,0.9181169,0.1120122,0.1583166,1.32725,1.638291,-9.438632,-45.07,-63.64751,87.10791
R,0.09665314,0.940864,0.1726279,0.9086917,1.672186,4.455987,55.16161,25.35697,207.1346,87.12151
R,0.1053544,0.9577378,0.2176322,0.7463916,1.447439,3.860477,-13.92212,-19.2788,-51.08293,87.13317
R,0.1133943,0.9668089,0.2719244,0.5468674,0.617001,3.69288,-13.57137,-56.48533,-11.39971,87.14787
R,0.1194431,0.9744527,0.3146787,0.4370564,0.5523145,3.089245,-7.934479,-4.673977,-43.61611,87.16171
R,0.1242035,0.9813042,0.3487903,0.2168773,0.3121443,1.554075,-10.03104,-10.94181,-69.94015,87.18366
R,0.132274,0.971542,0.3655326,0.3897668,-0.4714645,0.8085664,8.349658,-37.8442,-36.00417,87.20437
R,0.1401294,0.9496303,0.350576,0.551189,-1.537477,-1.049458,11.32652,-74.79895,-130.372,87.21862
R,0.1442001,0.9435852,0.3510266,0.3127473,-0.4644454,0.03461817,-18.31948,82.44106,83.28955,87.23164
R,0.1476279,0.9395666,0.3546084,0.233401,-0.2736242,0.2438839,-5.40264,12.99289,14.24877,87.24632
R,0.1402701,0.9342607,0.3013889,-0.4248503,-0.306367,-3.072949,-38.00807,-1.890603,-191.5171,87.26364
R,0.1234211,0.9198086,0.2303028,-1.786757,-1.532577,-7.538341,-144.4238,-130.0339,-473.5339,87.27307
R,0.1118405,0.9090772,0.185164,-0.758568,-0.7029454,-2.956741,67.34972,54.34359,300.1096,87.28834
R,0.1034965,0.9006838,0.1588188,-0.5185649,-0.5216409,-1.637325,14.91593,11.26787,82.00024,87.30443
R,0.09701025,0.8936105,0.1318125,-0.4355384,-0.4749496,-1.813408,5.575025,3.135208,-11.82349,87.31932
R,0.0853835,0.8859261,0.1036709,-1.158011,-0.7653638,-2.802862,-71.95739,-28.92491,-98.54845,87.32936
R,0.07631587,0.8791652,0.07930619,-0.6295083,-0.4693624,-1.691491,36.69062,20.54952,77.15555,87.34377
R,0.07240769,0.8878012,0.09084505,-0.2711768,0.5992216,0.8006463,24.86354,74.14582,172.9218,87.35818
R,0.0684307,0.8928536,0.09445374,-0.3155402,0.4008635,0.2863184,-3.519858,-15.73801,-40.8075,87.37078
R,0.0644532,0.8955036,0.093432,-0.2805914,0.1869492,-0.07207799,2.465451,-15.09052,-25.28296,87.38496
R,0.06767108,0.9184629,0.1392431,0.2147523,1.532236,3.05731,33.05788,89.78081,208.8468,87.39994
R,0.08182838,0.938994,0.2058682,1.141221,1.655015,5.370648,74.68275,9.897207,186.4783,87.41235
R,0.09152287,0.9539463,0.2548743,0.5907377,0.9111242,2.986206,-33.54393,-45.32928,-145.2969,87.42876
R,0.09815061,0.9653247,0.291078,0.3199672,0.5493152,1.747806,-13.07198,-17.46705,-59.7862,87.44947
R,0.1131832,0.9601863,0.3320082,0.796104,-0.2721212,2.167598,25.21544,-43.50195,22.2315,87.46835
R,0.1359313,0.9461299,0.3385254,1.560248,-0.9641017,0.4470071,52.41127,-47.46168,-118.0122,87.48293
R,0.1463364,0.9422701,0.3448292,0.7037206,-0.2610496,0.4263396,-57.92921,47.54925,-1.397797,87.49772
R,0.1537319,0.9399512,0.3517786,0.5214381,-0.1634952,0.489977,-12.85214,6.878242,4.486865,87.5119
R,0.145966,0.9408212,0.3012099,-0.5683419,0.06366904,-3.700804,-79.75414,16.62472,-306.6969,87.52557
R,0.1363605,0.9267592,0.2401215,-0.6689733,-0.9793479,-4.254506,-7.008481,-72.64098,-38.56258,87.53992
R,0.1304092,0.9166435,0.2087434,-0.4409591,-0.7495142,-2.324921,16.89445,17.02926,142.9704,87.55342
R,0.1266521,0.9087824,0.1805324,-0.3134561,-0.655872,-2.353709,10.63786,7.812774,-2.401894,87.56541
R,0.1162507,0.8927528,0.1532676,-0.6113627,-0.9421665,-1.602534,-17.50996,-16.82744,44.15161,87.58242
R,0.1090117,0.8805878,0.1318035,-0.5342523,-0.8977953,-1.584084,5.690887,3.274678,1.361601,87.59597
R,0.1127676,0.8662722,0.1336286,0.3516378,-1.340273,0.1708719,82.93957,-41.42607,164.304,87.60665
R,0.1152841,0.8543593,0.1314455,0.1668445,-0.7898054,-0.1447358,-12.25151,36.49516,-20.92429,87.62173
R,0.1169905,0.8440214,0.1270338,0.1093149,-0.6622717,-0.2826265,-3.685495,8.170137,-8.833637,87.63734
R,0.1181908,0.8345537,0.1212511,0.1041863,-0.8218232,-0.5019563,-0.4451741,-13.8495,-19.03841,87.64886
R,0.1223256,0.8354047,0.1267386,0.3022649,0.06221242,0.4011482,14.47996,64.62483,66.01881,87.66254
R,0.1314888,0.8396162,0.1367239,0.562286,0.2584343,0.6127298,15.95575,12.04082,12.98335,87.67884
R,0.1384492,0.8408562,0.1421677,0.4910165,0.08747225,0.384034,-5.027687,-12.06046,-16.13327,87.69302
R,0.1439051,0.8401737,0.1445985,0.3769747,-0.04715505,0.1679564,-7.879642,-9.301987,-14.92974,87.70749
R,0.1568159,0.8392513,0.1527428,1.082687,-0.07735524,0.682969,59.18052,-2.532566,43.18856,87.71941
R,0.1670665,0.8373368,0.1578059,0.8293632,-0.1548949,0.4096487,-20.49611,-6.273626,-22.11397,87.73177
R,0.1721843,0.8375976,0.1609459,0.3217279,0.01639314,0.1973949,-31.91212,10.7679,-13.34318,87.74768
R,0.1769676,0.8367364,0.162781,0.3570359,-0.06427962,0.1369746,2.635473,-6.021605,-4.509916,87.76108
R,0.1797414,0.8384432,0.1592595,0.1972667,0.1213841,-0.2504451,-11.3626,13.20419,-27.55283,87.77514
R,0.1827715,0.8390356,0.156392,0.2512107,0.04910855,-0.2377241,4.472198,-5.991969,1.054628,87.7872
R,0.1861654,0.8388996,0.1538062,0.2364932,-0.00947385,-0.1801838,-1.025542,-4.082144,4.009526,87.80155
R,0.1866275,0.8398476,0.1507155,0.02907653,0.05965329,-0.1944855,-13.05162,4.3498,-0.8999265,87.81744
R,0.1877629,0.8402183,0.1478921,0.09836237,0.03211232,-0.2445899,6.002269,-2.385889,-4.340568,87.82899
R,0.1894319,0.8401672,0.1452138,0.1158675,-0.003546246,-0.18594,1.215271,-2.47555,4.071692,87.84339
R,0.1903204,0.8407944,0.1435764,0.05817034,0.0410644,-0.1072004,-3.777462,2.920683,5.155121,87.85867
R,0.1892472,0.84114,0.1427664,-0.08468755,0.02726614,-0.06391811,-11.27313,-1.088841,3.415472,87.87134
R,0.1885808,0.8413097,0.1418304,-0.04703697,0.01197748,-0.06606022,2.657478,-1.079114,-0.1511963,87.88551
R,0.1882367,0.8413432,0.1407568,-0.02413139,0.002349184,-0.07529302,1.606357,-0.6752276,-0.6474912,87.89977
R,0.1855493,0.8424529,0.140096,-0.1815651,0.07497584,-0.04464703,-10.63668,4.906867,2.070532,87.91457
R,0.1832688,0.8433893,0.1392213,-0.1917357,0.07872634,-0.07354224,-0.8550891,0.3153213,-2.429348,87.92646
R,0.1799241,0.8430991,0.1394841,-0.2313407,-0.02007338,0.01817901,-2.739367,-6.833709,6.344109,87.94092
R,0.1773967,0.842757,0.1394903,-0.1767766,-0.02392526,0.0004325224,3.816345,-0.2694093,-1.241231,87.95522
R,0.1755642,0.8424115,0.139324,-0.1199728,-0.02261801,-0.01088657,3.718973,0.08558653,-0.7410672,87.97049
R,0.1734615,0.8422348,0.1393529,-0.1701256,-0.01429398,0.002342544,-4.057797,0.6734856,1.07035,87.98285
R,0.171768,0.842021,0.1392492,-0.1214282,-0.01533438,-0.007437475,3.491725,-0.07459918,-0.7012509,87.9968
R,0.1695104,0.8420555,0.1395881,-0.1456977,0.002227197,0.02187096,-1.566253,1.133349,1.89144,88.01229
R,0.1675549,0.8420237,0.1397738,-0.1658968,-0.002695186,0.01575268,-1.713611,-0.4175965,-0.519052,88.02408
R,0.1658859,0.8419448,0.1398411,-0.1135225,-0.0053678,0.004579252,3.562432,-0.1817877,-0.7600019,88.03878
R,0.1654041,0.8417498,0.1403455,-0.03228348,-0.01306477,0.03379625,5.443844,-0.5157757,1.957838,88.0537
R,0.1649828,0.8415731,0.1407023,-0.0340053,-0.01426359,0.02880138,-0.1389674,-0.09675568,-0.403133,88.06609
R,0.1647115,0.8416628,0.1410855,-0.01922297,0.006355574,0.02714844,1.047324,1.460862,-0.1171104,88.08021
R,0.1644152,0.8417355,0.141434,-0.02211836,0.00542337,0.02601571,-0.2161187,-0.06958196,-0.08454912,88.09361
R,0.1641279,0.8418225,0.142017,-0.0196844,0.005962493,0.03993952,0.1667667,0.03693884,0.95401,88.1082
R,0.1637876,0.8418996,0.1426204,-0.02378958,0.0053875,0.04218333,-0.2869733,-0.04019495,0.1568539,88.12251
R,0.1634133,0.8419626,0.1432094,-0.02541593,0.004278659,0.04000364,-0.1104497,-0.07530463,-0.1480292,88.13723
R,0.1629429,0.8424993,0.1435061,-0.03679124,0.04197121,0.02320093,-0.889609,2.947755,-1.31406,88.15002
R,0.1624211,0.8430542,0.1438016,-0.03511013,0.03733797,0.01988117,0.1131141,-0.3117493,-0.2233719,88.16488
R,0.1622871,0.8430673,0.1445497,-0.008346521,0.0008172848,0.04662424,1.668074,-2.276196,1.666794,88.18092
R,0.162128,0.843067,0.1453278,-0.01371682,-2.054569E-05,0.06705986,-0.4627848,-0.07219995,1.761037,88.19253
R,0.1624426,0.8432182,0.1452608,0.02262218,0.01086807,-0.004823351,2.61274,0.7828816,-5.168336,88.20644
R,0.1629251,0.8434498,0.1451397,0.03636698,0.01745795,-0.009126564,1.035974,0.4966925,-0.324342,88.2197
R,0.1636341,0.8437911,0.1449509,0.05108726,0.02459284,-0.0136053,1.060702,0.5141199,-0.3227253,88.23358
R,0.164226,0.8442478,0.1449938,0.04214231,0.03251036,0.003056466,-0.6368461,0.5636961,1.186253,88.24763
R,0.1647966,0.844694,0.1450318,0.03726313,0.0291402,0.002483495,-0.3186462,-0.2200964,-0.03741922,88.26294
R,0.1647791,0.8449952,0.145307,-0.001322757,0.02279698,0.02082469,-2.920052,-0.4800333,1.388,88.27615
R,0.1647501,0.8452952,0.1455835,-0.002364373,0.02442255,0.02250946,-0.08479916,0.1323397,0.1371596,88.28844
R,0.1647112,0.8456293,0.1458901,-0.002802777,0.02411722,0.0221286,-0.03164236,-0.02203772,-0.02748894,88.30229
R,0.1645197,0.8458513,0.1455657,-0.0141497,0.01640008,-0.02396376,-0.8383672,-0.5701808,-3.405535,88.31583
R,0.1641654,0.8462484,0.1449667,-0.02053285,0.02300923,-0.03471157,-0.3698731,0.3829681,-0.6227837,88.33308
R,0.1641277,0.8461884,0.1448718,-0.003445247,-0.005493846,-0.008685405,1.564041,-2.608907,2.382194,88.34401
R,0.1640898,0.8461186,0.144777,-0.002992521,-0.005501165,-0.007469558,0.03568232,-0.0005768795,0.09582894,88.3567
R,0.1640491,0.8460432,0.1446788,-0.00295187,-0.005470914,-0.007134046,0.002951937,0.002196691,0.02436358,88.37047
R,0.1641495,0.8459746,0.1448227,0.006693305,-0.004576177,0.009598641,0.643365,0.05968194,1.116126,88.38546
R,0.1642553,0.8459017,0.1449769,0.008063308,-0.005551823,0.01174485,0.10434,-0.07430557,0.1634563,88.39859
R,0.1643438,0.845951,0.1449877,0.00578433,0.003224021,0.0007065946,-0.149057,0.5739857,-0.7219594,88.41388
R,0.1644348,0.846004,0.1449969,0.006174624,0.003593022,0.000626455,0.02646485,0.0250211,-0.005434071,88.42863
R,0.1642903,0.846131,0.1449255,-0.01295983,0.01138744,-0.006403097,-1.715452,0.6987893,-0.6302172,88.43978
R,0.164133,0.8462648,0.1448487,-0.01158379,0.009853406,-0.005658576,0.101326,-0.1129601,0.05482353,88.45336
R,0.1639653,0.8464048,0.1447673,-0.01145209,0.009559015,-0.005561165,0.0089951,-0.02010757,0.006653436,88.468
R,0.1635231,0.8468345,0.144547,-0.02735481,0.02658241,-0.01362302,-0.9836722,1.052992,-0.4986711,88.48417
R,0.1629505,0.8473861,0.1442628,-0.04300345,0.04143088,-0.02135006,-1.175414,1.115311,-0.5804003,88.49748
R,0.1622819,0.8478089,0.1439317,-0.05062667,0.03201275,-0.02507018,-0.5772333,-0.7131445,-0.2816888,88.51069
R,0.1616236,0.8482191,0.1436064,-0.04148419,0.02584886,-0.0204956,0.5761169,-0.3884197,0.2882687,88.52656
R,0.1609923,0.8486086,0.1432952,-0.06604306,0.04073973,-0.0325578,-2.569018,1.557682,-1.261785,88.53612
R,0.1601106,0.8488045,0.1431443,-0.06226428,0.01383604,-0.01065484,0.2668599,-1.899957,1.546802,88.55028
R,0.1592386,0.8489973,0.1429937,-0.06280048,0.0138865,-0.0108495,-0.03861607,0.003634409,-0.01401877,88.56416
R,0.1587171,0.8491793,0.1429667,-0.03548786,0.01238399,-0.001836505,1.858733,-0.1022521,0.6133704,88.57886
R,0.1582504,0.8493422,0.1429406,-0.03142054,0.01096639,-0.001759518,0.2738119,-0.09543271,0.0051828,88.59371
R,0.1568715,0.849905,0.1431848,-0.09349941,0.03816526,0.01656266,-4.209417,1.844289,1.242382,88.60846
R,0.155373,0.8505163,0.1434454,-0.1152676,0.04701713,0.0200436,-1.674414,0.6808876,0.2677546,88.62146
R,0.1539464,0.8510971,0.1436879,-0.1028485,0.04187724,0.01748788,0.8953805,-0.3705697,-0.1842593,88.63533
R,0.1509898,0.8526322,0.1448322,-0.2019423,0.104852,0.0781535,-6.768333,4.301316,4.143598,88.64997
R,0.1511493,0.8525793,0.1448267,0.01175278,-0.003899663,-0.0004040191,15.74449,-8.012532,-5.78791,88.66354
R,0.1403706,0.8619971,0.1488142,-0.8742543,0.7638701,0.3234259,-71.86307,62.27296,26.26549,88.67587
R,0.1325281,0.8690864,0.1517867,-0.578136,0.5226158,0.2191268,21.82948,-17.78497,-7.688803,88.68944
R,0.1263661,0.874595,0.154095,-0.4186957,0.3742953,0.1568413,10.83367,-10.07811,-4.232184,88.70415
R,0.1204803,0.8822911,0.1631887,-0.4201905,0.5494239,0.6491992,-0.1067113,12.50243,35.14942,88.71816
R,0.1154824,0.8885612,0.1701876,-0.3183086,0.399341,0.4457566,6.488758,-9.558632,-12.95706,88.73386
R,0.1074042,0.8975644,0.1777201,-0.5795495,0.6458974,0.5403924,-18.74185,17.68837,6.789326,88.7478
R,0.1006638,0.9050568,0.1838634,-0.5400206,0.6002731,0.4921887,3.166952,-3.6553,-3.861954,88.76028
R,0.0947405,0.9115484,0.1891163,-0.4604846,0.5046662,0.4083653,6.183241,-7.432616,-6.516547,88.77315
R,0.09536017,0.9124606,0.2043039,0.03869588,0.05696165,0.9483869,31.17131,-27.9569,33.72163,88.78916
R,0.09463797,0.9142851,0.2165414,-0.06628931,0.1674654,1.123251,-9.636288,10.14282,16.05025,88.80006
R,0.09167177,0.91641,0.2238339,-0.1820155,0.1303912,0.4474915,-7.101342,-2.274996,-41.46682,88.81635
R,0.0885594,0.919018,0.2305485,-0.2327121,0.1950005,0.502049,-3.79059,4.830846,4.07927,88.82973
R,0.0917234,0.9198584,0.2278289,0.2390265,0.06349064,-0.205453,35.63788,-9.935023,-53.44881,88.84296
R,0.09420229,0.9212173,0.2260954,0.1872704,0.1026612,-0.1309618,-3.909958,2.959172,5.627497,88.8562
R,0.09612187,0.9231496,0.2252757,0.1224343,0.1232436,-0.05228007,-4.135372,1.312788,5.018479,88.87188
R,0.1004312,0.9275615,0.215402,0.3623009,0.3709309,-0.8301295,20.16664,20.82416,-65.39723,88.88377
R,0.1031171,0.9315756,0.2092616,0.1769094,0.2643884,-0.4044382,-12.21087,-7.017458,28.0383,88.89896
R,0.1091247,0.9340146,0.2004072,0.3710781,0.1506502,-0.5469164,11.99344,-7.025395,-8.800615,88.91515
R,0.1133729,0.9366178,0.1943608,0.3951862,0.2421653,-0.5624667,2.242653,8.513181,-1.446566,88.9259
R,0.1164531,0.9393382,0.1899917,0.2004635,0.1770458,-0.2843416,-12.67264,-4.238005,18.1005,88.94126
R,0.1216879,0.9406424,0.1818113,0.4253798,0.1059797,-0.6647369,18.27665,-5.774815,-30.91083,88.95357
R,0.125726,0.9423875,0.1756693,0.3038354,0.1313056,-0.462145,-9.145278,1.905576,15.24347,88.96686
R,0.1314608,0.9415399,0.1693944,0.3929293,-0.05807714,-0.4299335,6.104403,-12.97584,2.207017,88.98145
R,0.1360796,0.9416353,0.1642777,0.3144917,0.006497565,-0.3483918,-5.340769,4.39685,5.552123,88.99614
R,0.13996,0.9423369,0.1598635,0.302204,0.05464108,-0.3437732,-0.956964,3.749416,0.3596976,89.00898
R,0.145487,0.9476162,0.14764,0.3888543,0.3714229,-0.8599925,6.09631,22.2873,-36.31878,89.02319
R,0.1501821,0.9520208,0.1381288,0.2636635,0.2473557,-0.534127,-7.030423,-6.967329,18.29985,89.041
R,0.1553061,0.9501073,0.1425756,0.5326099,-0.1988997,0.4622184,27.95507,-46.38508,103.563,89.05062
R,0.1592591,0.9494297,0.1443841,0.2318198,-0.03973714,0.1060569,-17.63989,9.334118,-20.88716,89.06767
R,0.1610852,0.9563284,0.1327232,0.1586147,0.5992224,-1.012863,-6.358603,55.50013,-97.18957,89.07919
R,0.1632452,0.9619277,0.1234303,0.1684265,0.4365937,-0.7245931,0.7650522,-12.68058,22.47716,89.09201
R,0.1656407,0.9666457,0.1156149,0.1655101,0.3259835,-0.5400035,-0.2015086,-7.642546,12.7541,89.10648
R,0.1707126,0.9681461,0.1178392,0.2923435,0.08648375,0.1282123,7.310599,-13.80462,38.51556,89.12383
R,0.1748125,0.9698332,0.1180861,0.364326,0.1499206,0.02193723,6.396539,5.637145,-9.443851,89.13509
R,0.1750269,0.9758863,0.1079159,0.01448836,0.4089683,-0.6871295,-23.63604,17.50201,-47.9066,89.14989
R,0.1760048,0.9810946,0.0995898,0.07053716,0.3757052,-0.600615,4.043163,-2.399484,6.240855,89.16375
R,0.1789294,0.978487,0.1022021,0.2418548,-0.2156349,0.216023,14.16716,-48.90102,67.5321,89.17584
R,0.1821785,0.9765981,0.103736,0.1965256,-0.1142529,0.0927811,-2.741754,6.132137,-7.454344,89.19238
R,0.1857626,0.9754011,0.1042969,0.2704454,-0.09032276,0.04232164,5.577899,1.805738,-3.807611,89.20563
R,0.1857973,0.9777527,0.09424105,0.002530061,0.1711419,-0.7318368,-19.49817,19.0287,-56.34119,89.21937
R,0.1865403,0.9801372,0.08547727,0.05600044,0.1797279,-0.6605437,4.030172,0.6471459,5.373504,89.23264
R,0.1913123,0.9765162,0.0841851,0.3377282,-0.2562686,-0.09145097,19.93878,-30.85687,40.27652,89.24677
R,0.195452,0.9742959,0.08216646,0.2721181,-0.1459535,-0.132692,-4.31276,7.251362,-2.710907,89.26198
R,0.1991666,0.9729584,0.07970514,0.3385752,-0.1219032,-0.2243459,6.057483,2.192151,-8.35414,89.27295
R,0.1982993,0.9717901,0.07042997,-0.05056491,-0.06812306,-0.5407988,-22.68922,3.13571,-18.45112,89.2901
R,0.1984146,0.9711181,0.06285559,0.01109209,-0.06466822,-0.72892,5.933558,0.3324758,-18.10383,89.30049
R,0.197895,0.9655912,0.06114811,-0.03571033,-0.3798751,-0.1173585,-3.216826,-21.66481,42.03387,89.31504
R,0.1980781,0.9618185,0.05885363,0.0138158,-0.2846862,-0.1731386,3.737185,7.182843,-4.209096,89.32829
R,0.1986733,0.9590013,0.05620729,0.03965926,-0.1877224,-0.17634,1.722092,6.461231,-0.2133305,89.3433
R,0.1980911,0.9541652,0.0500953,-0.04360045,-0.3622187,-0.4577779,-6.23601,-13.06948,-21.07921,89.35665
R,0.1981115,0.9504321,0.04464488,0.001523683,-0.2794385,-0.4079937,3.37779,6.196555,3.72662,89.37001
R,0.1990883,0.9478773,0.04440996,0.05552008,-0.1452122,-0.01335278,3.069131,7.629363,22.43121,89.3876
R,0.2000347,0.9457885,0.04342248,0.07178526,-0.1584428,-0.07490257,1.233744,-1.00356,-4.668666,89.40079
R,0.1997602,0.9435562,0.03828719,-0.02002932,-0.1629141,-0.3747733,-6.700624,-0.3263198,-21.88455,89.41449
R,0.1998223,0.9412783,0.03310186,0.005180568,-0.1900461,-0.4326228,2.103317,-2.263685,-4.826514,89.42648
R,0.2001365,0.939117,0.02822404,0.02355706,-0.1620692,-0.3657587,1.377942,2.097826,5.013737,89.43981
R,0.1978938,0.9390832,0.02636712,-0.1544652,-0.002327739,-0.127898,-12.26155,11.00243,16.38301,89.45433
R,0.1963227,0.938713,0.02415314,-0.1071992,-0.0252554,-0.1510627,3.225012,-1.56438,-1.580553,89.46899
R,0.1963305,0.937761,0.02388725,0.0005141358,-0.0629255,-0.01757468,7.119619,-2.489912,8.823267,89.48412
R,0.196396,0.9367349,0.02322644,0.004779501,-0.07488864,-0.04822593,0.3112862,-0.8730697,-2.236927,89.49782
R,0.1965177,0.9354376,0.02206463,0.01111308,-0.1184941,-0.106119,0.5785049,-3.982898,-5.287917,89.50877
R,0.1973014,0.929854,0.01692677,0.04960522,-0.353377,-0.3251708,2.436138,-14.86556,-13.86362,89.52457
R,0.1980093,0.9251032,0.01214574,0.05283337,-0.3546101,-0.3568678,0.2409562,-0.09204157,-2.365942,89.53796
R,0.1987968,0.9186349,0.01581359,0.05181958,-0.4256126,0.2413417,-0.06670628,-4.671908,39.36171,89.55316
R,0.1994864,0.9133031,0.01780821,0.04614221,-0.3567349,0.1334553,-0.3798596,4.60844,-7.21842,89.56811
R,0.1992739,0.9046974,0.0172635,-0.02033531,-0.8233405,-0.05211422,-6.360103,-44.64156,-17.75399,89.57856
R,0.1992313,0.8977169,0.01632711,-0.002595099,-0.4247657,-0.05697986,1.079501,24.25348,-0.2960766,89.59499
R,0.1993003,0.8917514,0.01516084,0.005676806,-0.4905309,-0.09590055,0.6801851,-5.407764,-3.200384,89.60715
R,0.1982605,0.882859,0.02071938,-0.07245564,-0.6196421,0.3873305,-5.444432,-8.996739,33.67254,89.62151
R,0.1975826,0.8753895,0.02438794,-0.05123743,-0.5646176,0.2773045,1.603872,4.159273,-8.316798,89.63474
R,0.1895702,0.8766473,0.03115878,-0.5933384,0.0931453,0.501394,-40.14365,48.70864,16.59427,89.64824
R,0.1901167,0.8829691,0.03134969,0.03465828,0.4008791,0.01210628,39.82234,19.51393,-31.02657,89.66401
R,0.1905614,0.8882801,0.03142405,0.03631474,0.4337179,0.006072637,0.1352743,2.681768,-0.4927363,89.67625
R,0.1647573,0.8673105,0.03554747,-1.896915,-1.541516,0.3031208,-142.1157,-145.2035,21.83662,89.68986
R,0.1474949,0.8524814,0.03857238,-1.150875,-0.9886508,0.2016688,49.73798,36.85919,-6.763739,89.70486
R,0.1378708,0.8464359,0.06540035,-0.6896945,-0.4332371,1.922579,33.04971,39.80273,123.3259,89.71881
R,0.129626,0.8406645,0.08588213,-0.601705,-0.4211964,1.494759,6.421471,0.8787279,-31.22223,89.73251
R,0.1101746,0.8563672,0.1375531,-1.189701,0.9604198,3.160342,-35.96352,84.50359,101.8718,89.74886
R,0.09511389,0.8669564,0.1786544,-1.185608,0.8336008,3.235573,0.3222222,-9.983441,5.922316,89.76157
R,0.08222812,0.8739309,0.2111661,-0.951529,0.5150264,2.40078,17.28518,-23.52461,-61.64389,89.77511
R,0.06309185,0.8755245,0.2587453,-1.556939,0.1296555,3.871074,-49.25654,-31.35403,119.6241,89.7874
R,0.04730771,0.8765683,0.2986111,-1.125604,0.07443128,2.842917,30.75951,-3.938166,-73.32027,89.80142
R,0.03453751,0.8809418,0.3376794,-0.9136547,0.3129094,2.795178,15.16406,17.06212,-3.415546,89.8154
R,0.02257457,0.8841951,0.37194,-0.7832197,0.2129979,2.243058,8.539648,-6.541255,-36.14759,89.83067
R,0.01115212,0.8867033,0.4029424,-0.9316514,0.2045689,2.528654,-12.10655,-0.6875012,23.29412,89.84293
R,0.01925695,0.8720609,0.4372854,0.4307849,-0.7782657,1.825386,72.41576,-52.23929,-37.37985,89.86175
R,0.02238791,0.8621091,0.4693509,0.3474867,-1.104486,3.558763,-9.244754,-36.20525,192.3769,89.87076
R,0.0469704,0.8444924,0.4623333,1.691379,-1.212106,-0.4828453,92.4654,-7.404708,-278.0796,89.88529
R,0.06366549,0.8317972,0.4636807,1.084907,-0.8249798,0.08756236,-39.41071,25.15689,37.06717,89.90068
R,0.0713219,0.8371605,0.4310501,0.5727974,0.4012468,-2.441188,-38.31238,91.73743,-189.1828,89.91405
R,0.07618874,0.8400156,0.4148127,0.3610114,0.2117864,-1.204454,-15.70979,-14.05374,91.73811,89.92753
R,0.07943435,0.8412902,0.4064452,0.2243714,0.08811314,-0.5784485,-9.446034,-8.549631,43.27623,89.94199
R,0.0593029,0.8441137,0.3786233,-1.760287,0.2468833,-2.432739,-173.5378,13.88281,-162.1385,89.95343
R,0.04517683,0.8456616,0.3622119,-0.9970556,0.1092572,-1.158358,53.87089,-9.714019,89.94922,89.9676
R,0.03721359,0.8463948,0.3480137,-0.4598052,0.04233549,-0.8198221,31.02136,-3.864125,19.54738,89.98492
R,0.03045781,0.8466171,0.3385847,-0.538294,0.01770992,-0.7512894,-6.253913,-1.962142,5.460615,89.99747
R,0.02451876,0.8465229,0.3319994,-0.4589873,-0.007282761,-0.5089365,6.129065,-1.93151,18.72977,90.01041
R,0.02615998,0.8462819,0.325863,0.1242018,-0.01823668,-0.4643814,44.1338,-0.8289564,3.371779,90.02362
R,0.02619105,0.8459056,0.3212634,0.002252899,-0.02727893,-0.3334507,-8.840753,-0.6555231,9.491894,90.03741
R,0.02764721,0.8429375,0.3205677,0.1086908,-0.2215484,-0.05192465,7.944778,-14.50074,21.01377,90.05081
R,0.02804459,0.8407905,0.3198222,0.02651996,-0.1432822,-0.04975497,-5.483859,5.223275,0.1447988,90.0658
R,0.02786718,0.8389378,0.3189871,-0.01273409,-0.1329922,-0.05994575,-2.817693,0.7386267,-0.7315039,90.07973
R,0.02906431,0.8360165,0.3195766,0.09424004,-0.229969,0.04640813,8.421208,-7.634202,8.372382,90.09243
R,0.02969129,0.8332393,0.3198572,0.04476018,-0.1982613,0.02002911,-3.532366,2.263611,-1.883198,90.10644
R,0.0307573,0.8337007,0.3193405,0.07459924,0.03228443,-0.03615315,2.088129,16.13353,-3.931618,90.12073
R,0.03151615,0.8339887,0.3187851,0.05686843,0.02158376,-0.04162646,-1.328766,-0.8019203,-0.4101766,90.13407
R,0.03428428,0.8354651,0.3185033,0.202131,0.1078125,-0.02057364,10.60716,6.296476,1.53729,90.14777
R,0.03671205,0.8367047,0.3180855,0.1730356,0.08834625,-0.02978011,-2.073737,-1.387428,-0.6561775,90.1618
R,0.03847862,0.8375565,0.3176222,0.1256364,0.06057973,-0.03294772,-3.370974,-1.974723,-0.2252768,90.17586
R,0.04034811,0.8380805,0.3194132,0.116796,0.03273951,0.1118886,-0.5522982,-1.73931,9.048609,90.19186
R,0.04187144,0.8384498,0.3208376,0.1268523,0.03075365,0.1186195,0.8374172,-0.1653688,0.5605041,90.20387
R,0.04394238,0.837628,0.323322,0.1517288,-0.06021171,0.1820195,1.822591,-6.664624,4.645033,90.21752
R,0.04567425,0.8368732,0.3253603,0.125901,-0.05486949,0.1481753,-1.877596,0.3883615,-2.460352,90.23128
R,0.04704666,0.8362219,0.3269383,0.09845883,-0.04672961,0.1132128,-1.968747,0.583968,-2.508268,90.24522
R,0.04880291,0.8362727,0.3270728,0.1237609,0.003578629,0.009475807,1.783009,3.545162,-7.310225,90.25941
R,0.05030722,0.83626,0.3272107,0.1044348,-0.000881389,0.009573209,-1.341693,-0.3096311,0.006762036,90.27381
R,0.05127839,0.8359968,0.3267124,0.07358003,-0.01993768,-0.03775289,-2.337683,-1.443784,-3.585622,90.28701
R,0.05219779,0.835722,0.3262902,0.05959808,-0.01781575,-0.027365,-0.9063512,0.1375501,0.6733735,90.30244
R,0.05311174,0.8354303,0.3259184,0.07529414,-0.02403166,-0.03063374,1.293094,-0.5120884,-0.2692899,90.31458
R,0.05438914,0.8340597,0.3259278,0.09534831,-0.1023055,0.000698498,1.496891,-5.842544,2.338713,90.32797
R,0.05573557,0.832657,0.3259536,0.09288343,-0.09676398,0.001782484,-0.1700406,0.3822821,0.07477903,90.34247
R,0.05695148,0.8327131,0.3241472,0.07714064,0.003562137,-0.1146029,-0.9987606,6.36493,-7.383766,90.35823
R,0.05821025,0.8327128,0.3224167,0.09809141,-2.786861E-05,-0.1348516,1.632616,-0.2797558,-1.577905,90.37106
R,0.06218742,0.8387699,0.3133228,0.2831586,0.4312407,-0.6474466,13.17606,30.70463,-36.49476,90.38511
R,0.06528226,0.8431724,0.3067539,0.2390374,0.340044,-0.5073705,-3.407807,-7.0438,10.81913,90.39806
R,0.06779006,0.8464561,0.3016812,0.1651774,0.2162806,-0.3341139,-4.86481,-8.151716,11.4116,90.41324
R,0.07339146,0.8492368,0.2991408,0.3943,0.1957447,-0.1788253,16.12865,-1.44559,10.93125,90.42744
R,0.07784896,0.8515359,0.2967335,0.3175293,0.1637738,-0.1714823,-5.468741,-2.277439,0.5230787,90.44148
R,0.09216573,0.8504599,0.2768362,1.184676,-0.08903488,-1.646455,71.75423,-20.91928,-122.0503,90.45357
R,0.10334,0.8500234,0.2623381,0.7612426,-0.02973541,-0.9876762,-28.84632,4.039761,44.87912,90.46825
R,0.1123388,0.8500076,0.2507926,0.6214401,-0.001094903,-0.7973113,-9.65448,1.977855,13.14621,90.48273
R,0.1217789,0.8536732,0.2300467,0.7462787,0.2897787,-1.640054,9.86903,22.99481,-66.62239,90.49538
R,0.1298937,0.8565751,0.2139542,0.6112832,0.2185973,-1.212227,-10.16904,-5.362005,32.22762,90.50865
R,0.1368718,0.8572078,0.1960297,0.4666454,0.04231106,-1.198674,-9.672433,-11.78888,0.9063696,90.52361
R,0.1433885,0.8579923,0.1810696,0.4698319,0.05656112,-1.078571,0.2297318,1.027384,8.659035,90.53748
R,0.1514857,0.8571907,0.1704784,0.6221081,-0.06158412,-0.8137215,11.69939,-9.077101,20.34838,90.55049
R,0.1589373,0.8569136,0.1600976,0.5228562,-0.0194476,-0.7283933,-6.964212,2.956594,5.987227,90.56474
R,0.1659554,0.8569736,0.149933,0.4231283,0.003618761,-0.6128312,-6.012666,1.390688,6.967323,90.58133
R,0.1742769,0.8556132,0.1444617,0.7648745,-0.1250384,-0.5028995,31.41189,-11.82563,10.10446,90.59221
R,0.1819989,0.8548303,0.1377148,0.5401006,-0.05476254,-0.4718913,-15.72122,4.915257,2.168792,90.60651
R,0.1821113,0.8547692,0.125586,0.006973729,-0.003791578,-0.7527216,-33.08617,3.163289,-17.4285,90.62262
R,0.1838776,0.8548414,0.1143856,0.1529101,0.006248968,-0.9696608,12.63419,0.8692433,-18.78114,90.63417
R,0.1867634,0.8549938,0.1036194,0.210845,0.01113521,-0.7865933,4.232799,0.3569951,13.37515,90.64786
R,0.184186,0.8494775,0.0974361,-0.1611747,-0.3449539,-0.3866656,-23.26401,-22.2678,25.00922,90.66385
R,0.1730283,0.8495299,0.1194812,-0.9435244,0.004430444,1.864189,-66.15751,29.54484,190.3381,90.67567
R,0.1652929,0.8518867,0.09905618,-0.4668068,0.1422256,-1.232572,28.76811,8.315419,-186.8779,90.69225
R,0.1604409,0.8536018,0.08328714,-0.4379843,0.1548134,-1.42347,2.601807,1.136299,-17.23238,90.70332
R,0.1535866,0.8518323,0.07944641,-0.4290383,-0.1107592,-0.2404074,0.559963,-16.62327,74.05274,90.7193
R,0.1489189,0.8506229,0.0744724,-0.3828577,-0.09919626,-0.4079807,3.78785,0.9484182,-13.74478,90.73149
R,0.1455415,0.8497788,0.06887881,-0.2411163,-0.06026178,-0.3993258,10.11892,2.779532,0.6178747,90.7455
R,0.1320155,0.8536267,0.0504051,-0.9751809,0.2774211,-1.331896,-52.92372,24.34586,-67.23531,90.75937
R,0.1222792,0.8564157,0.0356131,-0.6182885,0.1771174,-0.9393498,22.66405,-6.369673,24.92818,90.77512
R,0.1158607,0.8575644,0.03919667,-0.5379124,0.09626758,0.3003232,6.735973,-6.775669,103.8916,90.78705
R,0.1104396,0.8585206,0.03936637,-0.3223884,0.05686394,0.0100924,12.81723,-2.343337,-17.26004,90.80386
R,0.1126138,0.8534339,0.04915994,0.1976198,-0.4623624,0.8901956,47.26665,-47.19558,79.99784,90.81487
R,0.1136548,0.8491233,0.0561012,0.07614245,-0.3152902,0.5077038,-8.885201,10.75728,-27.97655,90.82854
R,0.1136718,0.8461222,0.05970652,0.001112034,-0.1962871,0.2358067,-4.907378,7.783419,-17.78348,90.84383
R,0.1053956,0.833837,0.07922556,-0.5727426,-0.8501848,1.350792,-39.71292,-45.25221,77.16122,90.85828
R,0.1010897,0.8080123,0.113885,-0.2882455,-1.728749,2.320164,19.04474,-58.81265,64.89149,90.87321
R,0.09726269,0.7895724,0.1400529,-0.2620764,-1.26278,1.791994,1.792079,31.90987,-36.16945,90.88782
R,0.09374256,0.7745678,0.1599222,-0.2597915,-1.10736,1.466395,0.168633,11.47025,-24.02974,90.90137
R,0.09042542,0.7621095,0.1761002,-0.2758789,-1.036133,1.345484,-1.337953,5.923808,-10.05593,90.91339
R,0.09616208,0.737906,0.2054231,0.3675054,-1.550537,1.878499,41.21685,-32.95404,34.1463,90.929
R,0.1055915,0.708549,0.224309,0.8120431,-2.52817,1.626423,38.28282,-84.19208,-21.70831,90.94061
R,0.111993,0.6849683,0.2404281,0.4411444,-1.625012,1.110805,-25.55964,62.23907,-35.53262,90.95512
R,0.1203255,0.6704661,0.2356322,0.5108353,-0.889072,-0.2940138,4.272466,45.11748,-86.1237,90.97144
R,0.1264878,0.656028,0.234726,0.5704132,-1.336462,-0.08388644,5.51482,-41.41261,19.45044,90.98224
R,0.1312143,0.6418951,0.236477,0.3381604,-1.011152,0.1252825,-16.61672,23.27459,14.96517,90.99622
R,0.1337589,0.6586536,0.2147854,0.1810659,1.192496,-1.543519,-11.17844,156.8059,-118.7476,91.01027
R,0.1360847,0.6677778,0.2015877,0.1609565,0.6314307,-0.9133345,-1.391651,-38.82787,43.61116,91.02472
R,0.1382959,0.6717644,0.1928584,0.1558153,0.2809308,-0.6151441,-0.3622942,-24.69931,21.01313,91.03891
R,0.1348762,0.7079991,0.1587186,-0.2073176,2.196736,-2.069738,-22.01506,116.1464,-88.18526,91.0554
R,0.1329118,0.7340322,0.1364312,-0.145964,1.934364,-1.656037,4.558812,-19.49525,30.73954,91.06886
R,0.1286644,0.7621738,0.1208268,-0.3236737,2.144522,-1.189127,-13.54231,16.01501,35.58073,91.08199
R,0.1258609,0.7833107,0.1080217,-0.195663,1.475211,-0.8937133,8.934303,-46.71353,20.61794,91.09631
R,0.1239563,0.799775,0.09712729,-0.1618947,1.399491,-0.9260377,2.870349,-6.436234,-2.747619,91.10808
R,0.1208682,0.8137192,0.09236043,-0.2294573,1.036108,-0.354196,-5.020164,-27.00074,42.49004,91.12154
R,0.1186078,0.8257598,0.08688315,-0.1618949,0.8623933,-0.3923049,4.839096,-12.44219,-2.729512,91.1355
R,0.1208378,0.8357082,0.08544708,0.1362018,0.6076239,-0.08771133,18.20695,-15.56064,18.60377,91.15187
R,0.122339,0.8451254,0.08255596,0.1105381,0.6934472,-0.2128901,-1.889771,6.319676,-9.217656,91.16545
R,0.1233546,0.8542066,0.07875034,0.07858042,0.7026454,-0.2944572,-2.472701,0.7117031,-6.311198,91.17838
R,0.1244617,0.8512279,0.08674632,0.09172527,-0.2467901,0.6624835,1.089078,-78.6627,79.28453,91.19044
R,0.1305289,0.8327324,0.110678,0.4129014,-1.258689,1.628648,21.85732,-68.86375,65.75134,91.20514
R,0.1351151,0.8217507,0.1277777,0.3384691,-0.8104721,1.261989,-5.493237,33.07919,-27.06005,91.21869
R,0.1386949,0.8147594,0.1398878,0.2656925,-0.5188942,0.8988058,-5.401459,21.64082,-26.95537,91.23216
R,0.1416547,0.8103576,0.1489434,0.2101524,-0.3125423,0.6429749,-3.943522,14.65165,-18.16482,91.24625
R,0.1540037,0.79576,0.1713323,0.8835194,-1.044397,1.601839,48.17661,-52.36119,68.60271,91.26022
R,0.161905,0.7871086,0.1831794,0.5178193,-0.5669765,0.7764102,-23.96652,31.28825,-54.09528,91.27548
R,0.1682863,0.7806509,0.1927745,0.5069188,-0.5129877,0.7622123,-0.8659138,4.288745,-1.127841,91.28807
R,0.1737586,0.7755995,0.2011392,0.3492053,-0.3223398,0.5337718,-10.06418,12.16582,-14.57749,91.30374
R,0.1727995,0.7830561,0.1934799,-0.07818573,0.6078008,-0.6243283,-34.83768,75.81803,-94.39957,91.31601
R,0.1723434,0.7929317,0.1842292,-0.02848974,0.6169752,-0.5779341,3.104743,0.5731686,2.898463,91.33202
R,0.159201,0.8153009,0.1531896,-1.069938,1.821103,-2.526964,-84.7855,98.0295,-158.6728,91.3443
R,0.1504527,0.8320565,0.132575,-0.6574875,1.259286,-1.549314,30.99808,-42.22391,73.47621,91.3576
R,0.1443443,0.8449706,0.1174196,-0.4575123,0.967241,-1.135112,14.9778,-21.87369,31.02302,91.37096
R,0.1398493,0.8554338,0.1054665,-0.3084659,0.7180301,-0.8202726,10.22817,-17.10187,21.60558,91.38553
R,0.1366352,0.8507369,0.1037186,-0.2279597,-0.3331347,-0.1239732,5.710017,-74.55534,49.38601,91.39963
R,0.1360364,0.8492503,0.1033549,-0.04611418,-0.1144839,-0.02800646,14.00403,16.83842,7.390457,91.41261
R,0.1354496,0.8494459,0.1021713,-0.04035775,0.01345258,-0.08139387,0.3958583,8.797948,-3.671351,91.42715
R,0.134779,0.8503681,0.1004719,-0.04084319,0.05616868,-0.1035029,-0.0295662,2.601712,-1.346598,91.44357
R,0.1364781,0.8501631,0.1033513,0.1177088,-0.01420455,0.1994758,10.984,-4.875243,20.98944,91.45801
R,0.1410716,0.8459277,0.1250866,0.3631328,-0.3348255,1.718265,19.40182,-25.34646,120.0668,91.47066
R,0.1441964,0.843647,0.1407719,0.2585745,-0.1887232,1.297921,-8.651937,12.0896,-34.78246,91.48274
R,0.1463594,0.8425874,0.1521321,0.1312527,-0.0642976,0.6893519,-7.726076,7.550327,-36.92885,91.49922
R,0.1531287,0.8304541,0.1777662,0.6523983,-1.16937,2.470525,50.22618,-106.503,171.6632,91.5096
R,0.1582088,0.8220309,0.1976733,0.3545567,-0.5878803,1.389386,-20.78738,40.58418,-75.45634,91.52393
R,0.1631579,0.8111897,0.2130878,0.2951307,-0.6464862,0.9192021,-3.543713,-3.494811,-28.03822,91.5407
R,0.1671682,0.803035,0.226093,0.3770694,-0.7667515,1.222827,7.704355,-11.30804,28.5486,91.55133
R,0.1705764,0.7964478,0.2376019,0.2353608,-0.4548991,0.7947788,-9.786105,21.53589,-29.56015,91.56581
R,0.1756003,0.7971746,0.2369763,0.3135696,0.04536086,-0.03904948,4.881417,31.22384,-52.04359,91.58183
R,0.1798927,0.7968334,0.2386512,0.3874747,-0.03079804,0.1511964,6.671415,-6.874861,17.17349,91.59291
R,0.1761894,0.8134906,0.2169676,-0.2236832,1.006128,-1.309726,-36.91507,62.63222,-88.2424,91.60947
R,0.1741359,0.8255598,0.2039206,-0.1436276,0.8441461,-0.9125429,5.599277,-11.32937,27.77992,91.62376
R,0.1731398,0.8342564,0.1950268,-0.08670007,0.7568943,-0.7740548,4.954588,-7.593802,12.05306,91.63525
R,0.1736627,0.8469334,0.1759843,0.0323612,0.7845107,-1.178438,7.368083,1.709038,-25.02517,91.65141
R,0.1743697,0.8569183,0.1629779,0.06097091,0.8610146,-1.121564,2.467061,6.59705,4.904328,91.66301
R,0.174621,0.8670512,0.1509504,0.01817635,0.7329695,-0.8700202,-3.095567,-9.262215,18.19556,91.67683
R,0.1750861,0.87557,0.1415534,0.02910846,0.5332274,-0.5881919,0.6842856,-12.50267,17.64078,91.69281
R,0.1781502,0.8774066,0.138645,0.2422323,0.1451909,-0.229921,16.84835,-30.67594,28.32285,91.70546
R,0.1806802,0.8799477,0.1353358,0.1707606,0.1715049,-0.2233542,-4.823856,1.776016,0.4432125,91.72028
R,0.1828551,0.8830132,0.1318114,0.1910633,0.2693113,-0.3096187,1.783583,8.592284,-7.578327,91.73166
R,0.1839001,0.8823986,0.1331878,0.07316498,-0.04303552,0.09637503,-8.254896,-21.86962,28.4265,91.74594
R,0.184807,0.8823664,0.1337875,0.0631673,-0.002245782,0.04176284,-0.6962885,2.840804,-3.80347,91.7603
R,0.1862592,0.8816093,0.1365308,0.1026592,-0.05352448,0.193943,2.79195,-3.625243,10.75866,91.77444
R,0.1879474,0.8814284,0.1387696,0.1264442,-0.01354911,0.167683,1.781458,2.994087,-1.966826,91.7878
R,0.1895336,0.8817691,0.1401653,0.1107062,0.02377862,0.09741289,-1.098408,2.605229,-4.904392,91.80212
R,0.1892511,0.8809108,0.1407617,-0.02096126,-0.06369886,0.04426825,-9.772321,-6.492552,-3.944379,91.8156
R,0.1891486,0.8805037,0.1410301,-0.007491334,-0.0297476,0.01960855,0.9841303,2.480524,-1.801671,91.82928
R,0.1872772,0.8794804,0.1395761,-0.1295085,-0.07081573,-0.1006262,-8.44405,-2.842071,-8.320699,91.84373
R,0.1847857,0.8783478,0.1372552,-0.1757592,-0.07989942,-0.1637261,-3.262741,-0.6408058,-4.451366,91.85791
R,0.1826543,0.8776096,0.1348793,-0.1611148,-0.05579585,-0.1795906,1.10696,1.821975,-1.199188,91.87114
R,0.1760657,0.8751844,0.126094,-0.4673052,-0.1720103,-0.6231092,-21.71699,-8.242673,-31.45718,91.88524
R,0.1713528,0.8736959,0.1193853,-0.3251193,-0.1026891,-0.4628002,9.808738,4.782137,11.05896,91.89973
R,0.1643368,0.8731669,0.1059087,-0.5230942,-0.03944024,-1.004782,-14.76051,4.715678,-40.40881,91.91315
R,0.1589848,0.8729059,0.09551965,-0.3497028,-0.01705431,-0.6788224,11.32939,1.462696,21.29821,91.92845
R,0.1506122,0.8764744,0.08246094,-0.6063029,0.2584168,-0.9456524,-18.58181,19.94837,-19.32262,91.94226
R,0.1439704,0.8792157,0.07176721,-0.4581887,0.1891077,-0.7377097,10.21769,-4.781302,14.34498,91.95676
R,0.1383799,0.881404,0.06247906,-0.4931076,0.1930255,-0.8192574,-3.079999,0.3455677,-7.192878,91.96809
R,0.1409143,0.8804228,0.05842934,0.1649382,-0.06385768,-0.2635577,42.8259,-16.71807,36.16518,91.98346
R,0.1418628,0.8799752,0.05370254,0.06058495,-0.02859253,-0.3019256,-6.66559,2.25257,-2.450759,91.99911
R,0.1478,0.8754016,0.04866268,0.5582505,-0.430035,-0.4738762,46.79341,-37.74596,-16.1678,92.00975
R,0.1515709,0.8722345,0.04333837,0.2236496,-0.1878358,-0.3157777,-19.84471,14.36449,9.376605,92.02661
R,0.147953,0.8816193,0.03867811,-0.2588466,0.67144,-0.333422,-34.52061,61.47762,-1.26238,92.04059
R,0.1449735,0.888657,0.03368438,-0.2101859,0.4964722,-0.3522812,3.432756,-12.34305,-1.330419,92.05476
R,0.1424338,0.8940865,0.02849765,-0.2337646,0.4997641,-0.4774127,-2.170305,0.3030032,-11.51772,92.06563
R,0.1504901,0.8985358,0.0278049,0.5885994,0.3250723,-0.05061305,60.083,-12.76321,31.18254,92.07932
R,0.1561,0.9023636,0.02579929,0.4040114,0.2756653,-0.1444394,-13.29358,-3.558169,-6.757144,92.0932
R,0.1633574,0.8930889,0.02378001,0.5169826,-0.6606827,-0.1438427,8.047478,-66.70055,0.04249958,92.10724
R,0.1687537,0.8869709,0.0210342,0.3790486,-0.4297377,-0.1928719,-9.688794,16.22209,-3.443916,92.12148
R,0.172935,0.8827794,0.01783558,0.2765121,-0.277194,-0.2115285,-6.780862,10.0879,-1.233785,92.1366
R,0.1829925,0.8662005,0.01618571,0.8077536,-1.331509,-0.132507,42.66599,-84.67601,6.34651,92.14905
R,0.1909102,0.8543465,0.01386633,0.5062395,-0.7579192,-0.1482958,-19.27808,36.67396,-1.009494,92.16469
R,0.1908512,0.8578714,0.007242313,-0.004194347,0.250555,-0.4708366,-36.28177,71.68261,-22.92628,92.17876
R,0.1915406,0.8596519,0.001408746,0.05800205,0.1497864,-0.4907685,5.232481,-8.4775,-1.676839,92.19064
R,0.1927455,0.8603407,-0.003786628,0.08508932,0.04864291,-0.3669009,1.912922,-7.142821,8.747618,92.2048
R,0.1876958,0.8723766,-0.006699965,-0.3279866,0.7817494,-0.1892254,-26.82987,47.61632,11.54028,92.2202
R,0.184671,0.8809739,-0.0100125,-0.2289035,0.6506162,-0.2506816,7.498276,-9.923729,-4.650799,92.23341
R,0.1851737,0.8808675,-0.007274485,0.03726735,-0.00788762,0.2029847,19.73278,-48.81867,33.63289,92.2469
R,0.1855296,0.8808296,-0.006372055,0.0232274,-0.002474477,0.05890607,-0.9164561,0.3533424,-9.404719,92.26222
R,0.1754876,0.8809677,0.0007967332,-0.8257332,0.01136096,0.5894777,-69.80864,1.137665,43.62803,92.27438
R,0.1684153,0.8812299,0.005354188,-0.5167148,0.01915238,0.3329737,22.57729,0.5692514,-18.74052,92.28807
R,0.1631517,0.8815703,0.008181486,-0.3673653,0.02375782,0.1973267,10.42361,0.3214292,-9.46726,92.3024
R,0.1629137,0.8842914,0.009975175,-0.01687635,0.1929958,0.1272199,24.85892,12.00344,-4.972424,92.3165
R,0.1624631,0.886185,0.01101292,-0.0324887,0.1365254,0.07481809,-1.1256,-4.071337,-3.778004,92.33037
R,0.1556354,0.8847027,0.01332465,-0.5016389,-0.1089064,0.169845,-34.46886,-18.03208,6.98171,92.34398
R,0.149662,0.8836604,0.01516111,-0.3778647,-0.06593493,0.1161716,7.829795,2.71832,-3.395308,92.35979
R,0.1449072,0.88305,0.01646477,-0.3581739,-0.04597701,0.09820311,1.483277,1.503405,-1.353547,92.37306
R,0.1482753,0.8821638,0.01704082,0.2388879,-0.06285512,0.04085736,42.34745,-1.197103,-4.067328,92.38716
R,0.1541704,0.8805227,0.01819281,0.4799216,-0.1336083,0.09378518,19.62284,-5.760101,4.308917,92.39944
R,0.1685105,0.8769724,0.01823454,1.043061,-0.258233,0.003034822,40.96104,-9.064824,-6.600905,92.41319
R,0.1788739,0.8743863,0.01835649,0.6784914,-0.169319,0.007984325,-23.86856,5.821252,0.3240466,92.42847
R,0.1911039,0.8744612,0.05031479,0.9598896,0.005885105,2.508286,22.08588,13.75111,196.2393,92.44121
R,0.2005024,0.8743728,0.07496127,0.6601709,-0.00620897,1.731224,-21.05291,-0.8495148,-54.58257,92.45544
R,0.208053,0.8741724,0.09415241,0.5133153,-0.0136273,1.304679,-9.983747,-0.5043235,-28.998,92.47015
R,0.2144428,0.8739025,0.1098691,0.4938285,-0.0208579,1.214636,-1.505993,-0.5588025,-6.958754,92.48309
R,0.2201099,0.8735893,0.1234186,0.3888979,-0.02149051,0.9298179,-7.200771,-0.04341229,-19.54541,92.49767
R,0.224464,0.8485699,0.1613121,0.3376942,-1.940445,2.938921,-3.971226,-148.8291,155.8208,92.51056
R,0.2287779,0.8316184,0.1920504,0.1477866,-0.5807264,1.05304,-6.505897,46.58155,-64.60696,92.53975
R,0.2368102,0.8114021,0.231234,0.6514844,-1.639721,3.178143,40.85438,-85.89389,172.3647,92.55208
R,0.241567,0.8032398,0.253951,0.237246,-0.4070973,1.133013,-20.66022,61.47734,-102.0012,92.57213
R,0.2267212,0.8144015,0.3245374,-1.80507,1.357128,8.582466,-248.3213,214.5089,905.765,92.58035
R,0.2173041,0.8214741,0.3817118,-0.577322,0.4335901,3.505125,75.26817,-56.61834,-311.2709,92.59666
R,0.2399551,0.797815,0.3709092,2.202457,-2.30048,-1.050384,270.2902,-265.8457,-442.9523,92.60695
R,0.2574535,0.7802711,0.3666492,0.9477459,-0.9502131,-0.2307254,-67.95764,73.13313,44.39435,92.62541
R,0.271402,0.7664512,0.3678678,1.23198,-1.220614,0.1076272,25.10451,-23.88271,29.88447,92.63673
R,0.261977,0.7772207,0.3272589,-0.7789053,0.8900191,-3.35605,-166.1858,174.4293,-286.2491,92.64883
R,0.2510232,0.7892712,0.3106834,-0.7317748,0.8050379,-1.10733,3.148565,-5.677195,150.2264,92.6638
R,0.2481428,0.7963274,0.2580831,-0.2074412,0.508173,-3.788142,37.76124,-21.37949,-193.0656,92.67769
R,0.246724,0.8005939,0.2284278,-0.1192082,0.3584686,-2.49166,7.413379,-12.57825,108.931,92.68959
R,0.246271,0.8031529,0.204534,-0.03035632,0.1714796,-1.601128,5.953987,-12.53017,59.67477,92.70451
R,0.2467608,0.7948383,0.182915,0.03660495,-0.6213254,-1.615528,5.003847,-59.24432,-1.076094,92.7179
R,0.2475344,0.7885783,0.1651773,0.05393118,-0.4364403,-1.236658,1.20797,12.89003,26.41449,92.73224
R,0.2461929,0.7821819,0.1518869,-0.075202,-0.3585931,-0.7450821,-7.239411,4.36424,27.55855,92.75008
R,0.2455626,0.7769591,0.1394815,-0.06175116,-0.511637,-1.215248,1.317659,-14.99236,-46.058,92.76028
R,0.2453876,0.7724684,0.1277995,-0.0118499,-0.3040257,-0.7908966,3.378439,14.0558,28.72965,92.77505
R,0.2450299,0.7646775,0.1239708,-0.02703175,-0.5889156,-0.2894139,-1.147586,-21.53466,37.90677,92.78828
R,0.2449738,0.7582303,0.1182639,-0.003936572,-0.4523764,-0.4004351,1.62052,9.580555,-7.790022,92.80254
R,0.238561,0.7561789,0.1120142,-0.4921235,-0.1574255,-0.4796037,-37.46349,22.63454,-6.075403,92.81557
R,0.2340603,0.7536502,0.1049167,-0.3457879,-0.1942821,-0.5452991,11.24297,-2.831692,-5.047381,92.82858
R,0.2307369,0.7508296,0.09730557,-0.2299903,-0.195197,-0.5267193,8.013634,-0.0633126,1.285792,92.84303
R,0.2269347,0.7476137,0.09907609,-0.2844539,-0.2405911,0.132458,-4.074579,-3.39606,49.31489,92.8564
R,0.2241682,0.744608,0.0980612,-0.1968574,-0.2138767,-0.07221685,6.233145,1.900927,-14.56414,92.87045
R,0.213472,0.7493379,0.09916732,-0.7241564,0.3202277,0.07488711,-35.69945,36.1602,9.959303,92.88522
R,0.2054294,0.7519365,0.09806982,-0.5649294,0.1825303,-0.07709087,11.18446,-9.672174,-10.67527,92.89946
R,0.1968231,0.7580178,0.09733784,-0.6954666,0.4914217,-0.05915067,-10.54857,24.96116,1.449728,92.91183
R,0.1897812,0.7619864,0.09527063,-0.4502448,0.2537462,-0.1321727,15.67888,-15.19639,-4.668853,92.92747
R,0.1837113,0.7645703,0.09236623,-0.4415038,0.1879422,-0.2112567,0.6357974,-4.78638,-5.752327,92.94122
R,0.1794683,0.7707676,0.09403387,-0.2908655,0.4248374,0.1143206,10.3266,16.23971,22.31907,92.95581
R,0.1752495,0.7752713,0.09400795,-0.3145431,0.3357864,-0.001933127,-1.765347,-6.639414,-8.667584,92.96922
R,0.1711152,0.7792492,0.09575106,-0.3399638,0.3270957,0.1433335,-2.090302,-0.7146183,11.94504,92.98138
R,0.1669709,0.7823745,0.09606764,-0.2858953,0.2156003,0.02183902,3.729928,-7.691541,-8.38133,92.99588
R,0.163056,0.7848253,0.09550349,-0.2445819,0.1531108,-0.03524515,2.581047,-3.904014,-3.566319,93.01189
R,0.1644513,0.7920453,0.09607023,0.1220925,0.6317381,0.0495889,32.08327,41.87893,7.42281,93.02332
R,0.1643965,0.7979603,0.09584461,-0.00382721,0.412827,-0.01574668,-8.788363,-15.27855,-4.559993,93.03764
R,0.1559521,0.8098436,0.0935403,-0.6204205,0.8730775,-0.1693,-45.30163,33.815,-11.2817,93.05125
R,0.1489585,0.8192878,0.09132615,-0.4643688,0.6270897,-0.1470177,10.3617,-16.33339,1.479531,93.06631
R,0.1474783,0.823543,0.09852408,-0.1124054,0.3231324,0.5466091,26.72801,-23.08244,52.67384,93.07948
R,0.1452845,0.8276393,0.1033683,-0.15851,0.2959878,0.3500244,-3.331323,-1.961355,-14.20438,93.09332
R,0.1426519,0.8317067,0.1066255,-0.1914886,0.2958475,0.2369161,-2.398766,-0.01020567,-8.227155,93.10707
R,0.139019,0.8369451,0.1070136,-0.2527472,0.3644382,0.02700475,-4.261831,4.771932,-14.60377,93.12144
R,0.1354195,0.8418656,0.1072925,-0.2755834,0.3767204,0.02135318,-1.748355,0.9403338,-0.4326888,93.13451
R,0.1339912,0.839298,0.1124733,-0.09780625,-0.1758343,0.354781,12.1743,-37.83932,22.83336,93.14911
R,0.1319531,0.8380969,0.1169088,-0.1343776,-0.07918605,0.2924402,-2.411204,6.372173,-4.110228,93.16428
R,0.1295973,0.8380115,0.1204611,-0.1704091,-0.006178428,0.2569583,-2.60636,5.281046,-2.566602,93.1781
R,0.1294649,0.8368253,0.1234383,-0.01145816,-0.1026977,0.2577429,13.76091,-8.355996,0.06792334,93.18965
R,0.128756,0.8364723,0.1259152,-0.04890728,-0.02434622,0.1708691,-2.583437,5.4051,-5.993006,93.20415
R,0.1300571,0.8358141,0.127484,0.08302873,-0.04200265,0.1001133,8.419239,-1.126711,-4.515143,93.21982
R,0.1307311,0.8355951,0.1289787,0.0592077,-0.01923802,0.1313045,-2.092674,1.99987,2.740135,93.2312
R,0.1309702,0.8356738,0.1304417,0.01559391,0.005130597,0.09540384,-2.844054,1.589076,-2.341077,93.24654
R,0.1314934,0.8357896,0.1306348,0.03549896,0.007856981,0.0131007,1.350412,0.1849651,-5.583663,93.26128
R,0.1317676,0.8359804,0.1308742,0.02274278,0.01582773,0.01985636,-1.058214,0.6612291,0.5604292,93.27333
R,0.1332397,0.8364886,0.1304779,0.09884994,0.03412366,-0.02660532,5.110409,1.228526,-3.119788,93.28822
R,0.1347756,0.8372452,0.1301726,0.1049565,0.05170588,-0.02086728,0.4173119,1.201531,0.3921259,93.30286
R,0.1371414,0.8378274,0.1292392,0.1921275,0.0472816,-0.07579795,7.079102,-0.3592933,-4.460888,93.31517
R,0.1390277,0.8384957,0.1285833,0.1330648,0.04714411,-0.04627477,-4.166558,-0.009699137,2.082704,93.32935
R,0.1404186,0.8391719,0.1281769,0.09876401,0.04800921,-0.02884933,-2.435467,0.06142504,1.237263,93.34343
R,0.14253,0.8405962,0.1268745,0.1539145,0.1038306,-0.09494817,4.020404,4.069314,-4.818524,93.35715
R,0.1442775,0.8419663,0.1258586,0.1258499,0.0986693,-0.07315955,-2.021143,-0.3717076,1.569163,93.37103
R,0.1482397,0.8436362,0.1234489,0.2671501,0.112594,-0.1624731,9.527006,0.9388599,-6.021863,93.38586
R,0.1514063,0.845161,0.1216024,0.2374444,0.114336,-0.1384596,-2.227458,0.1306214,1.800627,93.3992
R,0.153817,0.848025,0.1173908,0.1832799,0.217744,-0.320197,-4.118004,7.861883,-13.8171,93.41235
R,0.1557624,0.8504087,0.1142316,0.1303641,0.1597289,-0.2116999,-3.545902,-3.887604,7.270414,93.42728
R,0.1573464,0.8523855,0.1118325,0.108696,0.1356553,-0.1646336,-1.486953,-1.65203,3.229879,93.44185
R,0.1622248,0.8553757,0.1075529,0.3865924,0.2369634,-0.3391429,22.02203,8.028212,-13.82907,93.45447
R,0.1660786,0.8579308,0.1041742,0.2718628,0.1802509,-0.2383491,-8.093561,-4.000763,7.11047,93.46864
R,0.1703506,0.8599252,0.09930292,0.2953278,0.1378684,-0.3367534,1.622151,-2.929941,-6.802769,93.48311
R,0.1739217,0.8618186,0.09533965,0.2740516,0.1452997,-0.3041415,-1.632735,0.5702794,2.502639,93.49614
R,0.1769332,0.8635891,0.0920537,0.1901333,0.1117872,-0.2074645,-5.298329,-2.115869,6.103875,93.51198
R,0.1797986,0.8654023,0.08542237,0.2010579,0.1272292,-0.4653001,0.7665451,1.083513,-18.09156,93.52623
R,0.182479,0.8671861,0.08001501,0.216069,0.1437913,-0.435888,1.210041,1.335077,2.370914,93.53864
R,0.1867973,0.8682541,0.07659466,0.2917526,0.07215287,-0.2310889,5.113404,-4.8401,13.83682,93.55344
R,0.1904834,0.8694583,0.07340533,0.2924592,0.09554707,-0.2530456,0.05606367,1.856128,-1.74207,93.56604
R,0.1937376,0.8707371,0.0703696,0.2465532,0.09688403,-0.2299997,-3.478026,0.1012944,1.746053,93.57924
R,0.1979716,0.8727417,0.06718786,0.3107251,0.1471165,-0.2335034,4.709483,3.686487,-0.2571356,93.59286
R,0.2018098,0.8746362,0.06404936,0.2558961,0.1263074,-0.2092417,-3.655416,-1.387329,1.617515,93.60786
R,0.2055395,0.8769019,0.05733662,0.2862106,0.1738647,-0.5151364,2.326332,3.649552,-23.47438,93.6209
R,0.2090477,0.8789961,0.05165456,0.2501839,0.1493429,-0.4052004,-2.569148,-1.74871,7.839791,93.63492
R,0.2137224,0.882041,0.04738428,0.3388931,0.220742,-0.3095762,6.431029,5.176123,6.932328,93.64871
R,0.2179765,0.8847417,0.04328743,0.2600681,0.1651047,-0.2504584,-4.818917,-3.401353,3.614127,93.66507
R,0.221952,0.8872165,0.03930501,0.2907856,0.1810172,-0.2912857,2.246772,1.163888,-2.986219,93.67874
R,0.2282664,0.8814747,0.03459908,0.5452191,-0.4957747,-0.4063343,21.9691,-58.43772,-9.933895,93.69032
R,0.2338163,0.8778821,0.03015847,0.3648063,-0.2361577,-0.2918954,-11.85911,17.06545,7.52243,93.70554
R,0.2323132,0.8805892,0.0233905,-0.09791543,0.1763598,-0.4409003,-30.14407,26.8735,-9.706938,93.72089
R,0.2322147,0.8828111,0.0174195,-0.009063378,0.2045075,-0.5496008,8.178383,2.590857,-10.00534,93.73175
R,0.2330513,0.884697,0.01192357,0.05710755,0.1287435,-0.3751888,4.517268,-5.17216,11.90653,93.7464
R,0.2364642,0.8863649,0.0004399475,0.2344569,0.1145833,-0.7888789,12.18319,-0.9727458,-28.41886,93.76096
R,0.2397045,0.8879063,-0.008995364,0.2608766,0.124093,-0.759647,2.127075,0.7656346,2.353492,93.77338
R,0.2424408,0.8865071,-0.007168264,0.166815,-0.08529796,0.1113869,-5.734341,-12.76525,53.10146,93.78978
R,0.2446648,0.8858693,-0.007083984,0.1835655,-0.05264582,0.006956355,1.382564,2.695077,-8.619594,93.8019
R,0.2438222,0.8858421,-0.01717994,-0.05893143,-0.001896845,-0.7061351,-16.96081,3.549504,-49.87531,93.81619
R,0.2439138,0.8860655,-0.02563366,0.006833713,0.01667052,-0.6310055,4.908866,1.385912,5.607849,93.82959
R,0.2446092,0.8864435,-0.03316009,0.04863844,0.0264391,-0.5264165,2.923922,0.6832374,7.315201,93.84389
R,0.2513967,0.8808506,-0.03510557,0.4948011,-0.4077187,-0.1418232,32.52471,-31.64957,28.03639,93.8576
R,0.2569153,0.8770067,-0.03808871,0.3415184,-0.2378755,-0.1846111,-9.485868,10.51071,-2.647924,93.87376
R,0.2517752,0.8758389,-0.04748647,-0.3701751,-0.08410028,-0.6768039,-51.25445,11.07452,-35.44654,93.88765
R,0.2487192,0.8749143,-0.05566755,-0.232884,-0.07046239,-0.6234364,10.46222,1.03927,4.066856,93.90077
R,0.2470133,0.8741385,-0.06309988,-0.1290946,-0.05870652,-0.5624535,7.854442,0.8896453,4.614982,93.91399
R,0.2442754,0.8731511,-0.06228846,-0.1929404,-0.06958585,0.05717931,-4.49914,-0.7666538,43.66479,93.92818
R,0.2426914,0.872425,-0.06285674,-0.1092732,-0.05009046,-0.03920282,5.771801,1.344895,-6.648946,93.94267
R,0.2349435,0.8644776,-0.05924644,-0.5477526,-0.5618553,0.2552368,-30.99912,-36.18017,20.81596,93.95682
R,0.2295073,0.8586147,-0.05792498,-0.403926,-0.435631,0.09818993,10.68687,9.378946,-11.66919,93.97028
R,0.221825,0.8536937,-0.05500387,-0.6246511,-0.4001289,0.2375158,-17.9472,2.886683,11.32861,93.98257
R,0.2160415,0.8496491,-0.05380479,-0.449088,-0.3140597,0.09310783,13.63235,6.683212,-11.21318,93.99545
R,0.2114161,0.8461534,-0.05371184,-0.3259461,-0.2463416,0.006550057,8.677663,4.772019,-6.099624,94.00964
R,0.2130101,0.8413596,-0.0454321,0.1120899,-0.3370859,0.5822112,30.80164,-6.380923,40.47911,94.02386
R,0.2135439,0.8372329,-0.03989881,0.03793977,-0.2933246,0.3933082,-5.270609,3.110564,-13.42728,94.03793
R,0.2146811,0.8358587,-0.037087,0.07037798,-0.08504485,0.1740082,2.007432,12.88935,-13.57133,94.05409
R,0.2150634,0.8344142,-0.03541164,0.02789728,-0.1054209,0.1222677,-3.100239,-1.487043,-3.776018,94.06779
R,0.2150795,0.832917,-0.03425284,0.001365672,-0.1269354,0.09824402,-2.249386,-1.824032,-2.03676,94.07959
R,0.1864261,0.8288905,-0.009564733,-2.102832,-0.2954971,1.811825,-154.4241,-12.3705,125.7573,94.09322
R,0.1674448,0.8253362,0.009108518,-1.371509,-0.2568219,1.349251,52.8423,2.794504,-33.42371,94.10706
R,0.1512369,0.8473663,0.03293398,-1.122831,1.526179,1.650555,17.22767,123.5209,20.87347,94.12149
R,0.1381357,0.8632883,0.05167251,-0.9445551,1.147926,1.350989,12.85313,-27.27085,-21.59781,94.13536
R,0.1268924,0.8747338,0.06685328,-0.7375823,0.7508446,0.9958831,13.57775,-26.04918,-23.29548,94.1506
R,0.08793576,0.8620484,0.1349591,-3.064898,-0.9980211,5.358202,-183.1008,-137.5914,343.204,94.16331
R,0.06033833,0.8536892,0.1888691,-2.000692,-0.6060045,3.908237,77.15022,28.41946,-105.116,94.17711
R,0.05283719,0.8606994,0.2292826,-0.551734,0.515625,2.972546,106.5756,82.49957,-68.82317,94.1907
R,0.04330917,0.8659583,0.2629457,-0.6876963,0.3795645,2.429678,-9.813244,-9.820334,-39.18215,94.20456
R,0.03559696,0.8627083,0.2971043,-0.4736898,-0.1996141,2.09805,13.14445,-35.57362,-20.36885,94.22084
R,0.02693577,0.8606813,0.3278216,-0.7639566,-0.1787937,2.709408,-25.60286,1.836454,53.92455,94.23218
R,0.01766825,0.8594657,0.3559743,-0.5516405,-0.0723561,1.675758,12.63792,6.335602,-61.52702,94.24898
R,0.02230035,0.8615713,0.3668573,0.4318196,0.1962849,1.01455,91.68143,25.04361,-61.64005,94.2597
R,0.02277497,0.863225,0.3806121,0.03542667,0.1234428,1.026692,-29.58771,-5.437103,0.9063123,94.2731
R,0.03887009,0.8426528,0.3904349,1.044366,-1.334874,0.6373762,65.46719,-94.62599,-25.26158,94.28851
R,0.04873584,0.8285662,0.403293,0.730578,-1.043141,0.9521628,-23.23664,21.60341,23.31057,94.30202
R,0.05426621,0.8178596,0.4181971,0.3767549,-0.7293805,1.015343,-24.10411,21.37484,4.304123,94.3167
R,0.05736482,0.8138894,0.4004575,0.2494727,-0.3196455,-1.428236,-10.24762,32.9882,-196.7351,94.32912
R,0.05874545,0.8099489,0.3933465,0.09813553,-0.2800934,-0.5054505,-10.75709,2.811373,65.59182,94.34319
R,0.05645119,0.8114129,0.3717688,-0.1546882,0.09870917,-1.454851,-17.04635,25.54033,-64.01225,94.35802
R,0.05420904,0.8114575,0.3607646,-0.1476798,0.002936558,-0.7247959,0.4616108,-6.308094,48.08532,94.3732
R,0.05329099,0.8170609,0.337226,-0.06380174,0.3894237,-1.635872,5.829303,26.85983,-63.31735,94.38759
R,0.05205873,0.8204101,0.3231295,-0.09229408,0.2508482,-1.055806,-2.134028,-10.37907,43.44594,94.40094
R,0.0506256,0.8222721,0.3140684,-0.1284838,0.1669267,-0.8123504,-3.244496,-7.523773,21.82639,94.41209
R,0.05169214,0.8263558,0.3015046,0.07451624,0.2853187,-0.8778027,14.18316,8.271785,-4.573007,94.42641
R,0.05196525,0.8290352,0.2930727,0.01734392,0.1701528,-0.5354572,-3.630664,-7.313481,21.74026,94.44215
R,0.05378545,0.8296236,0.2866254,0.1451196,0.04691302,-0.5140283,10.18724,-9.825597,1.708471,94.4547
R,0.056799,0.8300391,0.2810202,0.2206663,0.03042947,-0.4104378,5.531874,-1.207001,7.585374,94.46835
R,0.05874717,0.8302856,0.2766128,0.140922,0.01782819,-0.3188164,-5.768351,-0.9115201,6.627481,94.48218
R,0.05990883,0.8304156,0.2732162,0.08022168,0.008977378,-0.2345602,-4.191837,-0.6112193,5.818559,94.49666
R,0.06060763,0.8304795,0.2705375,0.04790468,0.00438023,-0.1836285,-2.215404,-0.315145,3.491488,94.51125
R,0.06301368,0.8307067,0.2700615,0.1377141,0.01300491,-0.02724652,5.140391,0.4936482,8.950785,94.52872
R,0.06705651,0.8304821,0.2711139,0.3851034,-0.02139921,0.100251,23.56528,-3.277193,12.14487,94.53922
R,0.07069707,0.8302659,0.2716495,0.3168491,-0.01881536,0.04661303,-5.94039,0.2248804,-4.66828,94.5507
R,0.07367619,0.8300802,0.2717305,0.1804434,-0.01124581,0.004908084,-8.262003,0.4584825,-2.52604,94.56721
R,0.07610204,0.8299215,0.2715187,0.1872561,-0.01225247,-0.01635196,0.5258898,-0.07770559,-1.641105,94.58017
R,0.07769664,0.8308147,0.270535,0.1262119,0.07069463,-0.07785845,-4.831641,6.565243,-4.868224,94.5928
R,0.07950211,0.831693,0.2689792,0.1281942,0.06236457,-0.110469,0.140753,-0.5914615,-2.315456,94.60689
R,0.08130234,0.8324562,0.2674071,0.125913,0.05337847,-0.1099566,-0.1595528,-0.6285092,0.03584151,94.62119
R,0.08305452,0.8331115,0.2658621,0.1094667,0.04094301,-0.09652422,-1.027478,-0.776902,0.8391823,94.63719
R,0.08475069,0.8336801,0.2643536,0.154175,0.05168061,-0.1371115,4.063802,0.9760045,-3.689225,94.64819
R,0.08645813,0.8391133,0.2540037,0.1207108,0.3841104,-0.7317055,-2.365811,23.50175,-42.03593,94.66234
R,0.08569125,0.8388966,0.2550996,-0.05273694,-0.01490359,0.07535824,-11.92767,-27.43943,55.50024,94.67688
R,0.08761214,0.8441274,0.2389358,0.1451992,0.3953963,-1.221811,14.96187,31.01432,-98.05226,94.69011
R,0.08930173,0.8480787,0.2271876,0.09713028,0.2271484,-0.6753761,-2.763372,-9.672185,31.41332,94.7075
R,0.09083426,0.8511783,0.2178763,0.1394945,0.2821343,-0.8475314,3.856085,5.004937,-15.66997,94.71849
R,0.08968084,0.8514088,0.2062901,-0.08189635,0.01636985,-0.8226634,-15.71947,-18.87014,1.76571,94.73257
R,0.08881076,0.8508074,0.1996416,-0.0649453,-0.04489073,-0.4962561,1.265267,-4.572635,24.36381,94.74597
R,0.08846322,0.8507212,0.1934397,-0.02467592,-0.006119651,-0.4403546,2.859256,2.752873,3.969194,94.76006
R,0.08844247,0.8509627,0.1875665,-0.001470122,0.01710726,-0.4161128,1.644125,1.64562,1.717525,94.77417
R,0.09307257,0.8496253,0.18123,0.3083719,-0.08906964,-0.4220239,20.63598,-7.071555,-0.3936897,94.78918
R,0.09390046,0.8488746,0.181211,0.06041964,-0.05478755,-0.00138872,-18.09555,2.501905,30.69793,94.80289
R,0.09451891,0.8485087,0.1804488,0.04762722,-0.02817916,-0.05869474,-0.9851516,2.049127,-4.413169,94.81587
R,0.09518375,0.8482696,0.1791214,0.04226072,-0.01520065,-0.08437368,-0.3411241,0.8249851,-1.632294,94.8316
R,0.09406544,0.8487924,0.1772372,-0.0963069,0.04502197,-0.1622646,-11.9332,5.186268,-6.707835,94.84322
R,0.09293732,0.8494573,0.1744362,-0.07298382,0.04301502,-0.1812164,1.508886,-0.1298394,-1.226086,94.85867
R,0.09242074,0.855796,0.170495,-0.04307187,0.5285216,-0.3286096,2.494033,40.48112,-12.28951,94.87067
R,0.09212268,0.8611726,0.1663894,-0.02064872,0.3724688,-0.2844243,1.553408,-10.81086,3.061018,94.8851
R,0.09199668,0.8654294,0.1624793,-0.008265589,0.2792558,-0.2565075,0.8123533,-6.11492,1.83139,94.90034
R,0.09197832,0.8688737,0.1587966,-0.001301204,0.2440287,-0.2609185,0.4934249,-2.49583,-0.312519,94.91446
R,0.09095542,0.8688582,0.1604051,-0.0816524,-0.001241816,0.1283948,-6.414002,-19.57862,31.07678,94.92699
R,0.08810402,0.8695308,0.1675631,-0.1936468,0.04568086,0.4861247,-7.605868,3.186658,24.2945,94.94171
R,0.08559667,0.8706515,0.1732505,-0.1726069,0.07715254,0.3915215,1.448391,2.166521,-6.512515,94.95624
R,0.0838348,0.871873,0.1766666,-0.1478436,0.1024978,0.286653,2.077966,2.126795,-8.799829,94.96815
R,0.08258429,0.8730553,0.1786536,-0.08821702,0.08340622,0.140174,4.206334,-1.34681,-10.33331,94.98233
R,0.08174996,0.8757446,0.1860847,-0.06095731,0.1964796,0.5429274,1.99163,8.26129,29.42569,94.99602
R,0.0874775,0.8752238,0.1934627,0.3780059,-0.03437342,0.48693,28.97069,-15.23583,-3.695716,95.01117
R,0.09159558,0.8752668,0.1989181,0.3331881,0.003481867,0.4413906,-3.62615,3.06282,-3.684532,95.02353
R,0.09462279,0.8756849,0.2031286,0.1905779,0.0263231,0.2650715,-8.978001,1.437966,-11.10014,95.03941
R,0.09678198,0.8762811,0.2062903,0.1551583,0.04284454,0.2272018,-2.545239,1.187225,-2.721307,95.05333
R,0.09676987,0.8761204,0.1963048,-0.001022496,-0.01357623,-0.8433183,-13.19003,-4.764937,-90.40929,95.06517
R,0.09381069,0.8693187,0.1583318,-0.1956939,-0.4498021,-2.511196,-12.87385,-28.84813,-110.2987,95.08029
R,0.09189743,0.8646666,0.1354295,-0.1351161,-0.3285333,-1.617379,4.278047,8.564089,63.12199,95.09445
R,0.0906399,0.8613079,0.1167295,-0.09846305,-0.2629835,-1.464183,2.869882,5.132463,11.99502,95.10722
R,0.08503129,0.8633093,0.08907173,-0.3705297,0.1322179,-1.827197,-17.97395,26.10879,-23.98234,95.12236
R,0.08100706,0.8645924,0.06842874,-0.3189026,0.1016853,-1.635863,4.091216,-2.419569,15.16235,95.13498
R,0.07218815,0.8799555,0.0480266,-0.6207906,1.081456,-1.43617,-21.25084,68.96915,14.05701,95.14919
R,0.06561937,0.8914567,0.0307931,-0.4123479,0.7219753,-1.081815,13.08477,-22.56605,22.24428,95.16512
R,0.07031778,0.9072528,0.04018813,0.3539253,1.189902,0.7077161,57.7224,35.24833,134.8031,95.17839
R,0.07325418,0.9196349,0.04397894,0.2489521,1.049771,0.3213895,-8.899776,-11.88054,-32.7533,95.19019
R,0.07643564,0.9387399,0.07871234,0.2178683,1.30832,2.378567,-2.128634,17.70566,140.8769,95.20479
R,0.07854754,0.9544153,0.1037306,0.1368999,1.016123,1.621755,-5.248616,-18.94106,-49.05876,95.22021
R,0.0799749,0.9676145,0.1212647,0.1125667,1.040943,1.382808,-1.919007,1.957356,-18.84436,95.23289
R,0.08097813,0.9792669,0.134151,0.07281068,0.8456836,0.9352408,-2.885331,-14.1711,-32.48256,95.24667
R,0.08090788,0.981268,0.1760244,-0.004659923,0.1327413,2.777545,-5.138779,-47.29088,122.2037,95.26175
R,0.08519999,0.9781584,0.2171637,0.3442933,-0.2494406,3.300005,27.99143,-30.65689,41.90935,95.27422
R,0.08844525,0.9780244,0.2493117,0.2163597,-0.008937087,2.143282,-8.529248,16.03422,-77.118,95.28922
R,0.0909941,0.9797652,0.2757115,0.1387384,0.09475576,1.436992,-4.225078,5.644198,-38.44471,95.30759
R,0.09905701,0.961634,0.2946605,0.9094856,-2.045167,2.137425,86.93922,-241.3804,79.00781,95.31645
R,0.1053437,0.9504204,0.3122034,0.476309,-0.849589,1.329123,-32.81926,90.58197,-61.2403,95.32965
R,0.107302,0.9295085,0.3041618,0.124961,-1.334454,-0.5131622,-22.42059,-30.94071,-117.5618,95.34532
R,0.1092956,0.9152654,0.3020543,0.1445313,-1.032564,-0.1527823,1.418756,21.88573,26.12595,95.35912
R,0.1053383,0.8970379,0.2619074,-0.2881619,-1.327287,-2.923409,-31.50775,-21.46113,-201.7509,95.37285
R,0.1029798,0.8833389,0.2390696,-0.1678251,-0.9747812,-1.625076,8.56286,25.08344,92.38605,95.3869
R,0.1016338,0.8721437,0.2227028,-0.103173,-0.8581141,-1.254522,4.955602,8.942567,28.40311,95.39995
R,0.09535016,0.8634801,0.1700559,-0.4816435,-0.6640716,-4.035403,-29.00987,14.87341,-213.1553,95.41299
R,0.09098099,0.8555327,0.1404725,-0.3052643,-0.5552664,-2.066924,12.32323,7.601983,137.5333,95.42731
R,0.08658509,0.8664061,0.1140743,-0.3190364,0.7891447,-1.915869,-0.999522,97.57179,10.96291,95.44109
R,0.08323899,0.872941,0.0923314,-0.2347859,0.4585369,-1.525637,5.911603,-23.19777,27.3814,95.45534
R,0.08054285,0.876535,0.07346468,-0.2037997,0.2716669,-1.426124,2.342229,-14.12539,7.52214,95.46857
R,0.08041967,0.891703,0.09976245,-0.007945624,0.9783964,1.69631,12.63336,45.58684,201.4093,95.48407
R,0.07996807,0.9024736,0.1162019,-0.03178968,0.7581733,1.157225,-1.678458,-15.50219,-37.94786,95.49828
R,0.0880273,0.9132018,0.1714344,0.6841579,0.9107331,4.688752,60.77764,12.95098,299.7955,95.51006
R,0.0937584,0.9212824,0.2125764,0.3836499,0.5409259,2.754116,-20.11654,-24.75555,-129.508,95.52499
R,0.09791644,0.927664,0.2429909,0.2766512,0.4245995,2.023601,-7.119051,-7.739661,-48.60408,95.54002
R,0.1097816,0.9177971,0.2847293,0.892762,-0.7424117,3.140494,46.35756,-87.80856,84.03753,95.55331
R,0.1188412,0.911437,0.3180867,0.704306,-0.4944441,2.593252,-14.65083,19.27735,-42.54335,95.56618
R,0.1225628,0.90052,0.2977957,0.2439014,-0.7154531,-1.329793,-30.17308,-14.48405,-257.1007,95.58144
