L/R,p_x,p_y,p_z,v_x,v_y,v_z,a_x,a_y,a_z,t
L,-0.1332179,0.5213536,0.02093228,-0.04801716,0.06262354,-0.03467036,-1.26197,1.515573,-0.9424467,-0.02777481
L,-0.1337459,0.5220659,0.02035533,-0.01901192,0.0256468,-0.02077237,1.0443,-1.331305,0.5003811,0
L,-0.1336918,0.5223885,0.02015076,0.003580319,0.02131255,-0.01351826,1.492921,-0.2864127,0.47936,0.0151329
L,-0.1336493,0.5225484,0.02005196,0.001600922,0.006028455,-0.003724461,-0.07461706,-0.5761624,0.3691956,0.04166031
L,-0.1339555,0.521934,0.0201213,-0.02038751,-0.04090599,0.004617402,-1.464093,-3.125116,0.5554405,0.05667877
L,-0.1342399,0.5216382,0.02026787,-0.01919827,-0.01997489,0.009895146,0.08028649,1.413073,0.3563041,0.07149124
L,-0.1345679,0.5212922,0.02045316,-0.01287349,-0.01357394,0.007270209,0.2481667,0.2511556,-0.1029953,0.09697723
L,-0.1342975,0.5222659,0.02104828,0.009539324,0.03434935,0.02099412,0.7906588,1.690594,0.4841396,0.1253242
L,-0.134618,0.523616,0.02212345,-0.01147231,0.04833018,0.03848814,-0.7521608,0.5004766,0.6262394,0.1532593
L,-0.1460971,0.530755,0.02790805,-0.4166097,0.2590964,0.2099403,-14.70363,7.649328,6.222504,0.1808128
L,-0.1490146,0.537227,0.03105249,-0.2049844,0.454729,0.2209315,14.86902,13.74535,0.7722565,0.1950455
L,-0.1478504,0.5409307,0.03191417,0.08356295,0.2658518,0.06185208,20.7122,-13.55778,-11.41887,0.2089767
L,-0.1474255,0.5404866,0.0316317,0.02962309,-0.03096326,-0.01969358,-3.760641,-20.69369,-5.685294,0.22332
L,-0.1487711,0.5448539,0.03407212,-0.09671691,0.3139181,0.1754163,-9.081238,24.78985,14.02437,0.2372322
L,-0.1505087,0.550024,0.03696693,-0.1220905,0.3632572,0.203392,-1.782773,3.466614,1.965603,0.2514648
L,-0.1507156,0.5515468,0.04238638,-0.007826594,0.05761338,0.2050336,4.322931,-11.56338,0.0621065,0.2778969
L,-0.1458782,0.5570412,0.06468741,0.3137312,0.3563366,1.446334,20.85464,19.3737,80.50454,0.2933159
L,-0.1409861,0.5613014,0.08665318,0.1866184,0.1625118,0.8379213,-4.848934,-7.393772,-23.20891,0.3195305
L,-0.1409861,0.5613014,0.08665318,0,0,0,-12.97292,-11.29714,-58.24875,0.3339157
L,-0.1409861,0.5613014,0.08665318,0,0,0,0,0,0,0.3480492
L,-0.1409861,0.5613014,0.08665318,0,0,0,0,0,0,0.3621941
L,-0.1409861,0.5613014,0.08665318,0,0,0,0,0,0,0.3765869
L,-0.1409861,0.5613014,0.08665318,0,0,0,0,0,0,0.402401
L,-0.1409861,0.5613014,0.08665318,0,0,0,0,0,0,0.4170914
L,-0.1409861,0.5613014,0.08665318,0,0,0,0,0,0,0.4310112
L,-0.1409861,0.5613014,0.08665318,0,0,0,0,0,0,0.4454155
L,-0.1409861,0.5613014,0.08665318,0,0,0,0,0,0,0.4721222
L,-0.1409861,0.5613014,0.08665318,0,0,0,0,0,0,0.4870033
L,-0.2017175,0.9580362,0.01809798,-4.252238,27.77822,-4.800036,-297.7293,1944.95,-336.0846,0.5012856
L,-0.2017175,0.9580362,0.01809801,0,2.257622E-06,1.128811E-06,161.0603,-1052.145,181.8091,0.5276871
L,-0.2160477,1.014047,0.0424422,-1.004704,3.926982,1.706789,-70.44056,275.3234,119.6641,0.5419502
L,-0.2211919,1.043555,0.05317556,-0.3586447,2.057231,0.7483203,45.04274,-130.3575,-66.82361,0.5562935
L,-0.2273419,1.066762,0.05592971,-0.4474581,1.688471,0.200384,-6.461809,-26.82987,-39.86629,0.5700378
L,-0.2323537,1.086123,0.05881584,-0.341608,1.319642,0.1967192,7.21476,-25.13946,-0.2497908,0.5847092
L,-0.2366692,1.10303,0.06187839,-0.3034511,1.188908,0.2153517,2.683099,-9.192899,1.310191,0.5989304
L,-0.2381296,1.121502,0.06657258,-0.05621903,0.7110591,0.1806978,9.516946,-18.39431,-1.333967,0.6249084
L,-0.2260419,1.138079,0.0735447,0.7933717,1.087983,0.4576112,55.76242,24.73923,18.17506,0.6401443
L,-0.2220629,1.149497,0.07758498,0.2762348,0.7926874,0.2804917,-35.90157,-20.50056,-12.2963,0.6545486
L,-0.2220747,1.165187,0.07613072,-0.0004523509,0.6028978,-0.05588194,-10.63205,-7.292903,-12.92558,0.6805725
L,-0.2219958,1.191299,0.07277779,0.005320859,1.760577,-0.2260677,0.3892522,78.05524,-11.47458,0.6954041
L,-0.2218838,1.207314,0.07074502,0.007852211,1.123178,-0.1425567,0.1775224,-44.70052,5.856583,0.7096634
L,-0.2218632,1.220564,0.06994005,0.00144916,0.9296708,-0.05648274,-0.449283,-13.5778,6.039553,0.7239151
L,-0.220098,1.232647,0.07250308,0.1280018,0.8761929,0.1858597,9.177046,-3.877978,17.57361,0.7377052
L,-0.2188314,1.244841,0.07473925,0.04918195,0.4735086,0.08683147,-3.060606,-15.63639,-3.845305,0.7634583
L,-0.2174035,1.262781,0.08520212,0.09622429,1.208965,0.7050847,3.170146,49.56184,41.66359,0.7782974
L,-0.2167892,1.275002,0.08998956,0.04389288,0.8731688,0.3420545,-3.738993,-23.99211,-25.93791,0.7922935
L,-0.2146937,1.283178,0.08981062,0.1489927,0.5813246,-0.01272259,7.472546,-20.74999,-25.22449,0.8063583
L,-0.2130652,1.292253,0.090335,0.1125152,0.6270015,0.03623217,-2.520384,3.156019,3.382498,0.8208313
L,-0.2080537,1.298164,0.08873129,0.3566086,0.4206026,-0.1141163,17.36906,-14.68682,-10.69841,0.8348846
L,-0.2041738,1.305413,0.08811406,0.2739267,0.5117913,-0.04357736,-5.83748,6.438076,4.980164,0.8490486
L,-0.2010468,1.313568,0.08812337,0.1197567,0.3123128,0.00035667,-5.904273,-7.63946,1.682548,0.8751602
L,-0.2001784,1.325529,0.09055697,0.05677947,0.7821698,0.1591302,-4.118008,30.72342,10.38202,0.8904533
L,-0.1985863,1.331507,0.09143665,0.06107045,0.2292856,0.03374356,0.1645968,-21.20797,-4.809682,0.916523
L,-0.1951928,1.339864,0.09195697,0.2448691,0.6029968,0.03754376,13.26224,26.96564,0.2742084,0.9303818
L,-0.1929635,1.343771,0.09185474,0.1592758,0.2792144,-0.007303591,-6.115501,-23.13372,-3.204269,0.9443779
L,-0.190887,1.348737,0.09203411,0.1497485,0.3580897,0.01293522,-0.6870723,5.688229,1.459555,0.9582443
L,-0.1885183,1.34883,0.08893003,0.1657664,0.006506941,-0.2172223,1.120926,-24.60366,-16.10636,0.9725342
L,-0.1861179,1.350367,0.08641636,0.1591829,0.1019242,-0.1666945,-0.4365859,6.327613,3.350763,0.9876137
L,-0.1837066,1.353099,0.08439311,0.1696896,0.1922399,-0.1423846,0.7394001,6.355902,1.710788,1.001823
L,-0.1808519,1.354888,0.08366188,0.1084073,0.06795958,-0.02776872,-2.327216,-4.719593,4.352582,1.028156
L,-0.1775523,1.360421,0.08221798,0.2272645,0.3810595,-0.09945132,8.186467,21.56523,-4.937247,1.042675
L,-0.175417,1.364706,0.08149909,0.1514938,0.3040088,-0.05100167,-5.3756,-5.466409,3.437289,1.05677
L,-0.17353,1.366005,0.07991968,0.1359362,0.09356966,-0.1137766,-1.120727,-15.15948,-4.522144,1.070652
L,-0.1716289,1.367943,0.07856265,0.1301549,0.132688,-0.09290632,-0.3958024,2.678154,1.42884,1.085258
L,-0.1696356,1.370473,0.07731627,0.07672942,0.09738895,-0.04797804,-2.056561,-1.358803,1.729468,1.111237
L,-0.1688483,1.378273,0.07463127,0.05349578,0.5300188,-0.182441,-1.578683,29.3964,-9.136511,1.125954
L,-0.1679184,1.384581,0.07265666,0.06431811,0.4363044,-0.1365781,0.7485509,-6.481969,3.172215,1.140411
L,-0.1686829,1.387718,0.07259238,-0.05307369,0.2178065,-0.004462808,-8.149776,-15.16894,9.171934,1.154816
L,-0.1689787,1.390864,0.07238284,-0.01132733,0.1204536,-0.008023618,1.598533,-3.727798,-0.1363489,1.180931
L,-0.1673427,1.395658,0.06883281,0.112827,0.3306449,-0.2448348,8.562567,14.49629,-16.33219,1.195431
L,-0.1653641,1.398069,0.06539252,0.1353226,0.1648513,-0.2352861,1.538502,-11.33885,0.653051,1.210052
L,-0.1655079,1.402443,0.06448995,-0.005481241,0.1666652,-0.03439033,-5.364953,0.06911223,7.654595,1.236298
L,-0.1651646,1.410543,0.06257016,0.02378858,0.5613188,-0.1330319,2.02826,27.34763,-6.835395,1.250729
L,-0.1647461,1.41514,0.06144692,0.02868464,0.315049,-0.07698044,0.3355487,-16.87794,3.841453,1.26532
L,-0.1631072,1.416231,0.0608911,0.06205707,0.04130254,-0.0210468,1.263669,-10.36559,2.117965,1.291729
L,-0.1599045,1.414489,0.05876557,0.2112648,-0.1149189,-0.1402097,9.842455,-10.30511,-7.860554,1.306889
L,-0.1583,1.413039,0.05774477,0.1059262,-0.09571739,-0.06738748,-6.953889,1.267577,4.80733,1.322037
L,-0.1569426,1.412203,0.05679969,0.0535569,-0.032995,-0.03728899,-2.066269,2.474759,1.187559,1.347382
L,-0.157036,1.412301,0.05739323,-0.00640719,0.006761839,0.04071004,-4.112827,2.726849,5.349811,1.361961
L,-0.1570729,1.412538,0.05785275,-0.002618626,0.01683539,0.03262729,0.2690003,0.7152547,-0.5739011,1.376045
L,-0.1568389,1.413905,0.05905601,0.01669247,0.09750102,0.08585404,1.377868,5.755583,3.797788,1.39006
L,-0.1564877,1.41571,0.06038836,0.02395793,0.1231216,0.0908841,0.4956015,1.747665,0.3431173,1.40472
L,-0.1560785,1.417633,0.06159211,0.01579876,0.07426535,0.04648043,-0.3150502,-1.886488,-1.714561,1.430618
L,-0.1569079,1.419113,0.06421128,-0.05417841,0.09667798,0.1710936,-4.571168,1.464076,8.140193,1.445927
L,-0.1574272,1.419518,0.06484109,-0.01917849,0.01495139,0.02326029,1.292621,-3.018334,-5.459794,1.473003
L,-0.1598314,1.420356,0.06573886,-0.1617685,0.05642005,0.06040651,-9.594227,2.790236,2.499398,1.487865
L,-0.1622975,1.421012,0.06626175,-0.0923906,0.02456857,0.01959043,2.599256,-1.193322,-1.529183,1.514557
L,-0.1669607,1.417127,0.06188677,-0.3328151,-0.2772852,-0.312245,-17.15922,-21.54347,-23.68328,1.528568
L,-0.1692739,1.415387,0.05975004,-0.161063,-0.1211819,-0.1487729,11.9585,10.86894,11.382,1.542931
L,-0.1800377,1.418313,0.06093755,-0.7730565,0.2101455,0.08528682,-43.95354,23.79603,16.81023,1.556854
L,-0.188116,1.420492,0.06167854,-0.5808259,0.1566786,0.05327649,13.8212,-3.844227,-2.301512,1.570763
L,-0.1946169,1.422168,0.06212164,-0.4483503,0.1156275,0.03055939,9.136458,-2.831175,-1.566733,1.585262
L,-0.2001648,1.419429,0.05678328,-0.2108033,-0.1041002,-0.2028435,9.026167,-8.349079,-8.868699,1.61158
L,-0.2230552,1.424093,0.05650968,-1.493423,0.3043414,-0.01785058,-83.68121,26.64772,12.06938,1.626907
L,-0.2322405,1.426158,0.05624688,-0.3498824,0.07862903,-0.01001026,43.5589,-8.597667,0.2986475,1.65316
L,-0.2470344,1.425459,0.04905477,-1.042785,-0.04922358,-0.5069559,-48.84115,-9.012046,-35.02859,1.667347
L,-0.2543759,1.425548,0.04621436,-0.4852575,0.005870209,-0.187745,36.85135,3.64158,21.09915,1.682476
L,-0.2611126,1.426646,0.04340393,-0.2576974,0.04201627,-0.1075058,8.704731,1.382675,3.069345,1.708618
L,-0.2771339,1.421879,0.03817187,-1.057637,-0.3146956,-0.3453925,-52.80767,-23.54819,-15.704,1.723766
L,-0.2850627,1.420224,0.03567133,-0.547548,-0.1143391,-0.1726818,35.22568,13.83621,11.92705,1.738247
L,-0.2924966,1.419069,0.03349579,-0.2786306,-0.04329604,-0.08154227,10.07937,2.662784,3.416024,1.764927
L,-0.3124319,1.417687,0.02888055,-0.7246148,-0.05022879,-0.1677562,-16.21077,-0.2519936,-3.133732,1.792439
L,-0.3303501,1.413281,0.02404477,-0.6412489,-0.1576792,-0.1730608,2.983462,-3.845389,-0.1898379,1.820381
L,-0.347124,1.409289,0.01897018,-1.137102,-0.2705828,-0.3440064,-33.61386,-7.65374,-11.58841,1.835133
L,-0.3557194,1.407454,0.01638628,-0.319746,-0.06827817,-0.09611934,30.40512,7.525607,9.221246,1.862015
L,-0.3754635,1.401468,0.01184297,-1.227654,-0.3721834,-0.2824955,-56.45224,-18.89633,-11.58856,1.878098
L,-0.3849211,1.396283,0.007998807,-0.3696511,-0.2026428,-0.1502497,33.53516,6.626517,5.168843,1.903683
L,-0.4019266,1.388195,0.00352128,-1.062921,-0.5055511,-0.2798657,-43.33251,-18.93314,-8.101584,1.919682
L,-0.410603,1.384195,0.001812418,-0.3362135,-0.1550074,-0.06621847,28.15995,13.58358,8.278839,1.945488
L,-0.425543,1.377996,-0.01052956,-0.5351776,-0.2220467,-0.4421121,-7.127254,-2.401468,-13.46519,1.973404
L,-0.4421914,1.369526,-0.01494909,-1.070199,-0.5445071,-0.2840981,-34.39254,-20.72856,10.15753,1.98896
L,-0.4511496,1.364382,-0.01504246,-0.3413256,-0.1959802,-0.00355764,27.77179,13.27969,10.68925,2.015205
L,-0.4729297,1.359079,-0.01379781,-0.7998794,-0.1947456,0.04570998,-16.84045,0.04534216,1.80936,2.042435
L,-0.4870619,1.353258,-0.01993498,-0.9102349,-0.374977,-0.3952878,-7.107874,-11.6085,-28.40416,2.057961
L,-0.4927278,1.350086,-0.02515369,-0.2128542,-0.1191468,-0.1960524,26.19865,9.610826,7.484717,2.084579
L,-0.5079696,1.338262,-0.0334214,-0.9730996,-0.7548785,-0.5278447,-48.5372,-40.58774,-21.18299,2.100243
L,-0.5162058,1.332855,-0.037365,-0.3148699,-0.206723,-0.1507643,25.16421,20.95605,14.41583,2.1264
L,-0.5280967,1.32448,-0.0446804,-0.4328138,-0.3048242,-0.2662717,-4.293015,-3.570761,-4.204325,2.153873
L,-0.5416622,1.313589,-0.05194723,-0.89305,-0.7170078,-0.4783918,-30.29838,-27.13497,-13.96434,2.169064
L,-0.5490823,1.308204,-0.0556837,-0.2791511,-0.2025958,-0.1405702,23.09557,19.35275,12.70923,2.195644
L,-0.5560091,1.289488,-0.06608781,-0.2493563,-0.6737589,-0.3745367,1.072581,-16.96136,-8.422535,2.223423
L,-0.5632761,1.274939,-0.07602747,-0.4665725,-0.9340559,-0.6381634,-13.9461,-16.71205,-16.92583,2.238998
L,-0.5681292,1.267874,-0.08090903,-0.1898527,-0.276414,-0.1909673,10.82532,25.72704,17.49437,2.264561
L,-0.5879394,1.26235,-0.09011051,-1.28702,-0.3588677,-0.5977976,-71.28024,-5.356817,-26.43076,2.279953
L,-0.5899745,1.253323,-0.09334088,-0.0768488,-0.3408555,-0.1219853,45.69852,0.6801793,17.96763,2.306435
L,-0.5953487,1.238183,-0.1023516,-0.3479409,-0.980242,-0.5833795,-17.55129,-41.39574,-29.872,2.32188
L,-0.5988759,1.230673,-0.1081715,-0.1331951,-0.2835953,-0.2197733,8.109234,26.30679,13.73051,2.348362
L,-0.6064506,1.223845,-0.1104818,-0.4894434,-0.441205,-0.149279,-23.01906,-10.18399,4.555001,2.363838
L,-0.6109984,1.219147,-0.1128494,-0.1729038,-0.1786077,-0.09001428,12.03466,9.983802,2.253212,2.390141
L,-0.6183184,1.214961,-0.1170304,-0.474507,-0.2713665,-0.2710236,-19.5508,-6.012902,-11.73356,2.405567
L,-0.6228102,1.211395,-0.1198856,-0.1738007,-0.1379659,-0.1104765,11.63518,5.161651,6.212024,2.431412
L,-0.6282664,1.203859,-0.124111,-0.3469068,-0.4791262,-0.268653,-11.00624,-21.69128,-10.057,2.44714
L,-0.6283823,1.196949,-0.126389,-0.004438532,-0.2645684,-0.08721543,13.11173,8.214554,6.946512,2.473259
L,-0.6311337,1.188614,-0.1314536,-0.1779546,-0.5390837,-0.3275747,-11.22285,-17.75538,-15.5462,2.48872
L,-0.6335169,1.185405,-0.1345585,-0.09060914,-0.1219951,-0.1180452,3.320825,15.85747,7.96619,2.515022
L,-0.6404295,1.177126,-0.1397158,-0.4671549,-0.5595192,-0.3485334,-25.44707,-29.56801,-15.57646,2.529819
L,-0.6441067,1.17253,-0.142637,-0.1371807,-0.1714503,-0.1089781,12.30977,14.47701,8.936669,2.556625
L,-0.6437742,1.168721,-0.1464667,0.0218954,-0.2507534,-0.252115,10.47234,-5.220701,-9.423022,2.571815
L,-0.6445498,1.165813,-0.1489305,-0.02922445,-0.1095636,-0.09282368,-1.925951,5.319352,6.00133,2.598358
L,-0.6506143,1.160531,-0.1500465,-0.3952674,-0.3442706,-0.07273861,-23.85777,-15.29762,1.309095,2.613701
L,-0.6528802,1.156051,-0.1501488,-0.08719677,-0.1724163,-0.003936642,11.85538,6.613412,2.647684,2.639687
L,-0.6542155,1.14338,-0.1506799,-0.08861551,-0.8409256,-0.03524426,-0.09415546,-44.366,-2.077748,2.654755
L,-0.6540189,1.135741,-0.1511323,0.01352116,-0.5255578,-0.03113004,7.027432,21.69864,0.2830756,2.669289
L,-0.6544054,1.129217,-0.1518512,-0.01474267,-0.2489175,-0.02742789,-1.078328,10.55444,0.1412455,2.695499
L,-0.6549464,1.128991,-0.1532674,-0.03510115,-0.01463128,-0.09186986,-1.320676,15.1984,-4.18042,2.710915
L,-0.6554622,1.127953,-0.1541186,-0.01976365,-0.03978768,-0.03261756,0.5877261,-0.9639817,2.270521,2.737011
L,-0.6554558,1.12718,-0.1541864,0.0004172386,-0.05055996,-0.004432673,1.320264,-0.7047389,1.843898,2.752296
L,-0.6554035,1.126324,-0.1545104,0.001978761,-0.03238587,-0.01225175,0.0590428,0.6871812,-0.2956477,2.778744
L,-0.6550446,1.122642,-0.1550081,0.02405874,-0.2467559,-0.03336043,1.479963,-14.36866,-1.414859,2.793663
L,-0.6546756,1.119596,-0.1551182,0.01368984,-0.1130131,-0.004084284,-0.3847339,4.962474,1.08628,2.820614
L,-0.6566659,1.117673,-0.1562867,-0.1373388,-0.1327405,-0.08062977,-10.42149,-1.36126,-5.281901,2.835106
L,-0.6578367,1.116208,-0.1570372,-0.08006946,-0.1001663,-0.05132851,3.916725,2.227794,2.003952,2.849728
L,-0.6609772,1.112838,-0.156567,-0.1195912,-0.1283229,0.01790554,-1.504994,-1.072209,2.636446,2.875988
L,-0.6655149,1.110134,-0.1562956,-0.3196847,-0.1904982,0.01911449,-14.09657,-4.380239,0.08517024,2.890182
L,-0.6671993,1.110486,-0.1563753,-0.1118084,0.0233366,-0.005289116,13.79933,14.19486,-1.619969,2.905247
L,-0.6687185,1.110532,-0.1564908,-0.1034953,0.00316723,-0.007869348,0.566324,-1.374033,-0.1757776,2.919926
L,-0.6687489,1.111264,-0.1565527,-0.0004496719,0.01080445,-0.0009136436,1.521334,0.1127535,0.1026918,2.987659
L,-0.6678475,1.112507,-0.15541,0.06477436,0.08931264,0.08211798,4.686976,5.641571,5.966623,3.001575
L,-0.6667375,1.115564,-0.1542471,0.04312157,0.1187713,0.04517484,-0.8411602,1.1444,-1.435154,3.027317
L,-0.6641659,1.120212,-0.1537424,0.09014776,0.1629363,0.01769148,1.64852,1.54822,-0.9634393,3.055843
L,-0.6622787,1.122006,-0.1536419,0.1321759,0.1256011,0.007041269,2.943474,-2.614798,-0.745896,3.070122
L,-0.6609852,1.123241,-0.1535916,0.04833616,0.04615111,0.001877116,-3.133013,-2.968973,-0.1929796,3.096882
L,-0.6576596,1.124683,-0.1517375,0.1200305,0.05205321,0.0669231,2.587668,0.2130252,2.34771,3.124588
L,-0.6564736,1.12612,-0.1513297,0.04367668,0.05292041,0.01501859,-2.811982,0.03193749,-1.911556,3.151741
L,-0.6563092,1.126006,-0.1507929,0.005919471,-0.004090831,0.0193295,-1.359591,-2.052906,0.1552306,3.179512
L,-0.6562371,1.125925,-0.1501563,0.002598797,-0.002912371,0.02293653,-0.1196556,0.04246408,0.1299742,3.207264
L,-0.6561781,1.126135,-0.1499043,0.002167402,0.007688805,0.009256887,-0.01584526,0.3893842,-0.5024573,3.234489
L,-0.6551248,1.125712,-0.1493783,0.03803159,-0.01526343,0.0189932,1.294984,-0.828759,0.3515586,3.262184
L,-0.6533448,1.124925,-0.1489221,0.06320263,-0.02794426,0.01619641,0.8937337,-0.4502512,-0.09930383,3.290348
L,-0.6525584,1.125134,-0.148751,0.02881474,0.007661798,0.006269984,-1.260075,1.304713,-0.3637342,3.317638
L,-0.6518276,1.12477,-0.1475083,0.02617043,-0.01303613,0.04449849,-0.09468488,-0.7411334,1.368853,3.345566
L,-0.6528556,1.125042,-0.1447363,-0.03725463,0.009845003,0.1004501,-2.298383,0.8291611,2.027562,3.373161
L,-0.6556268,1.125912,-0.1410215,-0.100074,0.0314179,0.134153,-2.268595,0.779061,1.217109,3.400852
L,-0.6551926,1.127139,-0.1391051,0.01560144,0.04410127,0.06886566,4.15677,0.4557738,-2.346083,3.42868
L,-0.6490232,1.132164,-0.1350439,0.2173452,0.1770175,0.1430745,7.107367,4.682597,2.614352,3.457066
L,-0.6413966,1.138205,-0.1301144,0.2795003,0.2213931,0.1806568,2.277868,1.626282,1.377322,3.484352
L,-0.6306126,1.147615,-0.1286407,0.3880534,0.3386282,0.05303117,3.906181,4.218595,-4.592492,3.512142
L,-0.6245978,1.158544,-0.1228328,0.2165249,0.393423,0.2090766,-6.174836,1.972553,5.617466,3.539921
L,-0.6233365,1.174081,-0.1121074,0.04545103,0.5598668,0.3864747,-6.164398,5.997561,6.39228,3.567673
L,-0.6215422,1.191558,-0.1027861,0.06465635,0.6297637,0.3358806,0.6920358,2.518632,-1.823085,3.595425
L,-0.6143573,1.209407,-0.09607753,0.2573045,0.6391863,0.2402464,6.899118,0.3374424,-3.424854,3.623348
L,-0.6050354,1.226219,-0.0897513,0.3317523,0.5983234,0.2251402,2.649478,-1.454245,-0.5376042,3.651447
L,-0.5927466,1.240856,-0.07812578,0.4472976,0.5327774,0.4231547,4.205709,-2.385796,7.207487,3.678921
L,-0.5793034,1.25674,-0.06683386,0.4741721,0.5602673,0.3982924,0.9479247,0.969633,-0.8769521,3.707272
L,-0.5638,1.275732,-0.05373311,0.5754106,0.7048882,0.4862356,3.757478,5.36762,3.264021,3.734215
L,-0.550975,1.294242,-0.03930773,0.4521248,0.6525224,0.5085432,-4.346239,-1.84607,0.786417,3.762581
L,-0.5358083,1.313201,-0.02753032,0.5473353,0.6841831,0.4250244,3.435967,1.142576,-3.014034,3.790291
L,-0.5174508,1.33379,-0.01844413,0.6635842,0.7442774,0.3284462,4.202143,2.172278,-3.491093,3.817955
L,-0.4975821,1.352212,-0.01194812,1.270047,1.177518,0.4152377,38.76627,27.69357,5.547886,3.833599
L,-0.4844746,1.362097,-0.009481888,0.4981944,0.375734,0.09373743,-29.33687,-30.47452,-12.21972,3.859909
L,-0.4511196,1.379324,-0.001937155,1.220012,0.6300972,0.2759602,26.40159,9.303721,6.665076,3.887249
L,-0.4159302,1.395356,0.004161228,2.24063,1.020828,0.3883057,64.98633,24.87924,7.153438,3.902954
L,-0.3976085,1.404717,0.007937369,0.7137669,0.3646623,0.1471084,-59.48252,-25.56249,-9.396406,3.928623
L,-0.3867284,1.402051,0.007065663,0.3853734,-0.0944087,-0.03087589,-11.63173,-16.26033,-6.304219,3.956856
L,-0.3734085,1.401633,0.008279507,0.8857774,-0.02781742,0.08072093,33.27699,4.428338,7.421217,3.971893
L,-0.3642851,1.403746,0.0098263,0.3541096,0.08202084,0.06003589,-20.6357,4.263168,-0.8028515,3.997658
L,-0.3214521,1.436342,0.013393,2.838323,2.159931,0.2363468,164.6162,137.6926,11.68323,4.012749
L,-0.2967151,1.453076,0.01563335,0.9216385,0.623481,0.08346993,-71.41094,-57.24434,-5.695816,4.039589
L,-0.2633052,1.44043,0.01377551,1.208364,-0.4573848,-0.06719371,10.37021,-39.09251,-5.449168,4.067238
L,-0.2456114,1.443045,0.01884073,0.6239322,0.09220305,0.1786141,-20.60871,19.38003,8.667884,4.095596
L,-0.2298852,1.443156,0.02050761,0.5630324,0.003990542,0.05967794,-2.180349,-3.158205,-4.258182,4.123528
L,-0.2100908,1.445135,0.02213129,1.313667,0.1313054,0.1077566,49.81628,8.449322,3.190769,4.138596
L,-0.1980601,1.447213,0.02335284,0.4584662,0.07920392,0.04655062,-32.58987,-1.985476,-2.33243,4.164837
L,-0.1781117,1.44235,0.02353287,1.336406,-0.3257651,0.01206066,58.81589,-27.13013,-2.310589,4.179764
L,-0.1655099,1.441593,0.02413177,0.4724635,-0.02837618,0.02245402,-32.39091,11.1497,0.3896679,4.206436
L,-0.1482747,1.441451,0.02782767,1.082959,-0.008966023,0.2322285,38.35997,1.21962,13.181,4.222351
L,-0.1345927,1.440424,0.02597493,0.5273747,-0.03957598,-0.07141384,-21.41496,-1.179858,-11.70387,4.248295
L,-0.1164302,1.434795,0.02461955,0.6468118,-0.2004483,-0.0482684,4.253458,-5.729074,0.8242682,4.276375
L,-0.1032185,1.43069,0.02686319,0.8572657,-0.2663676,0.145583,13.65575,-4.277313,12.57846,4.291786
L,-0.09671065,1.430571,0.02909007,0.2464611,-0.00453265,0.08433468,-23.13186,9.915987,-2.319543,4.318192
L,-0.08784937,1.430424,0.03230416,0.5800079,-0.009597378,0.2103753,21.83203,-0.3315077,8.249888,4.333469
L,-0.08383386,1.430358,0.03399931,0.1545504,-0.002523491,0.06524358,-16.37515,0.2722621,-5.585879,4.359451
L,-0.07086533,1.421018,0.03168627,0.8850875,-0.6374723,-0.1578622,49.85835,-43.33456,-15.22672,4.374104
L,-0.06267622,1.41754,0.0311969,0.2950016,-0.1253049,-0.01762892,-21.25704,18.45013,5.051712,4.401863
L,-0.05951021,1.412988,0.02875234,0.1160607,-0.1668691,-0.08961357,-6.559681,-1.523678,-2.63884,4.429142
L,-0.05561386,1.426378,0.03296029,0.2305657,0.7924026,0.2490043,6.775803,56.76464,20.03761,4.446041
L,-0.05181496,1.431712,0.03482085,0.1553842,0.21816,0.07610148,-3.075111,-23.48795,-7.072153,4.47049
L,-0.04256847,1.420681,0.03252186,0.5883284,-0.7018583,-0.1462786,27.54702,-58.53817,-14.14942,4.486206
L,-0.03632174,1.416424,0.03179718,0.2378076,-0.162077,-0.02758782,-13.34402,20.549,4.518456,4.512474
L,-0.03948708,1.415298,0.03025649,-0.2052883,-0.07302233,-0.09992165,-28.73699,5.775645,-4.691212,4.527893
L,-0.0429944,1.421357,0.03312191,-0.1348721,0.2330021,0.1101882,2.707819,11.768,8.079659,4.553898
L,-0.04958116,1.422746,0.03710563,-0.3975776,0.08381303,0.2404579,-15.85694,-9.005068,7.863095,4.570465
L,-0.05096231,1.423222,0.03862266,-0.05436344,0.01875469,0.05971196,13.50924,-2.560759,-7.114333,4.595871
L,-0.05361594,1.421556,0.03820265,-0.1702476,-0.1068894,-0.02694653,-7.434739,-8.060901,-5.559717,4.611458
L,-0.05453342,1.421152,0.03815598,-0.03502456,-0.01541339,-0.001781761,5.162067,3.492046,0.9606513,4.637653
L,-0.05518357,1.421013,0.03865417,-0.02352755,-0.005051594,0.01802839,0.4160507,0.37497,0.7168846,4.665287
L,-0.05524292,1.420996,0.03936882,-0.003808235,-0.001048042,0.04586091,1.265435,0.2569173,1.786078,4.68087
L,-0.05516382,1.420738,0.03937542,0.003080263,-0.01005459,0.0002569061,0.268238,-0.3507149,-1.775819,4.706551
L,-0.05486009,1.420065,0.03941882,0.01932082,-0.04279908,0.0027612,1.03309,-2.082934,0.1593025,4.722271
L,-0.05456473,1.419532,0.0394766,0.01116625,-0.02015431,0.002184238,-0.3082885,0.8560988,-0.02181239,4.748722
L,-0.05452351,1.419306,0.03974186,0.002624171,-0.01438396,0.01689,-0.5439044,0.367419,0.936368,4.764427
L,-0.05447736,1.419177,0.03990469,0.001770475,-0.004962132,0.00624697,-0.03275153,0.3614627,-0.4083136,4.790493
L,-0.05434766,1.418387,0.03963644,0.008527715,-0.05193441,-0.01763715,0.4442864,-3.088413,-1.570374,4.805702
L,-0.05421023,1.41773,0.03940975,0.005262539,-0.02516981,-0.008680508,-0.1250287,1.024858,0.3429639,4.831818
L,-0.05326318,1.417182,0.03900896,0.06113339,-0.03535151,-0.02587157,3.606552,-0.6572455,-1.10971,4.847309
L,-0.05264309,1.416847,0.03875917,0.0232685,-0.01259215,-0.009373099,-1.42085,0.8540269,0.6190919,4.873959
L,-0.05111757,1.415646,0.03897763,0.09849907,-0.07752463,0.01410507,4.85745,-4.192527,1.515927,4.889446
L,-0.05024572,1.414957,0.0391071,0.03142874,-0.02483412,0.00466741,-2.417778,1.899409,-0.3402127,4.917187
L,-0.04874172,1.414455,0.03974997,0.09953664,-0.03323814,0.04254568,4.507467,-0.5561881,2.506832,4.932297
L,-0.04737811,1.415061,0.04112989,0.05269968,0.02344556,0.05333013,-1.810118,2.190666,0.4167889,4.958172
L,-0.04683664,1.415666,0.04204282,0.01971175,0.02199347,0.03323404,-1.200887,-0.05286158,-0.7315745,4.985641
L,-0.04630828,1.416477,0.04395305,0.0191148,0.02936965,0.06910777,-0.02159637,0.2668536,1.297831,5.013283
L,-0.0461803,1.417063,0.04627426,0.004600141,0.02106472,0.08343524,-0.5217237,-0.2985175,0.5149951,5.041103
L,-0.04688627,1.418242,0.04934755,-0.02550164,0.04256235,0.1110159,-1.087364,0.7765573,0.9962948,5.068787
L,-0.04730839,1.418565,0.05107567,-0.01553493,0.01190685,0.06359913,0.3667999,-1.128198,-1.745055,5.095959
L,-0.04741258,1.418159,0.0513236,-0.007141034,-0.02785948,0.01699219,0.5752701,-2.72536,-3.194178,5.11055
L,-0.04748058,1.417896,0.05150697,-0.002486216,-0.009614714,0.006704095,0.1701858,0.6670509,-0.3761453,5.137901
L,-0.04849557,1.418804,0.05387473,-0.03712464,0.03322956,0.08660448,-1.266953,1.567095,2.922479,5.165241
L,-0.05365453,1.416382,0.05457779,-0.3334296,-0.1565505,0.04543977,-19.15054,-12.26571,-2.660523,5.180714
L,-0.05829247,1.41433,0.05504011,-0.1752895,-0.07756182,0.01747323,5.97686,2.985353,-1.056987,5.207172
L,-0.06527844,1.410531,0.05575239,-0.4504012,-0.2449198,0.04592197,-17.73706,-10.78994,1.834153,5.222683
L,-0.06861313,1.408381,0.05612384,-0.128649,-0.08293782,0.0143301,12.41286,6.249094,-1.218781,5.248604
L,-0.0777219,1.400994,0.05151575,-0.3207265,-0.2601075,-0.1622542,-6.763192,-6.238275,-6.217664,5.277004
L,-0.1044336,1.420037,0.06310968,-0.9759321,0.6957579,0.4235929,-23.93843,34.92326,21.40436,5.304375
L,-0.1172536,1.423811,0.06364875,-0.4604318,0.1355451,0.0193608,18.51422,-20.12007,-14.51802,5.332218
L,-0.1248685,1.414244,0.05682769,-0.4916713,-0.6177263,-0.4404191,-2.017061,-48.63684,-29.68683,5.347706
L,-0.1293351,1.409053,0.05386949,-0.1722157,-0.2001351,-0.1140572,12.31701,16.10075,12.5833,5.373642
L,-0.1315848,1.402099,0.04898905,-0.1505991,-0.4655659,-0.3267053,1.447053,-17.76841,-14.23505,5.38858
L,-0.1306846,1.399014,0.04639046,0.0332232,-0.1138251,-0.09590372,6.784163,12.98138,8.517985,5.415676
L,-0.1492727,1.410876,0.05679402,-0.6702572,0.4276952,0.3751349,-25.36632,19.52631,16.98486,5.443409
L,-0.1647604,1.411842,0.06408671,-0.5526828,0.03448305,0.2602418,4.195672,-14.03188,-4.099989,5.471432
L,-0.1773424,1.409316,0.06595027,-0.8137886,-0.1633512,0.1205328,-16.88806,-12.79572,-9.036238,5.486893
L,-0.1834129,1.407011,0.06539944,-0.2346792,-0.08914153,-0.02129428,22.38756,2.868843,-5.482838,5.51276
L,-0.1972458,1.406244,0.06738092,-0.4948411,-0.02741198,0.07088341,-9.306752,2.208247,3.297465,5.540714
L,-0.2111794,1.407119,0.06907213,-0.8893667,0.05583455,0.1079478,-25.18201,5.313508,2.36577,5.556381
L,-0.2185348,1.408213,0.06986172,-0.2888653,0.04296817,0.03100919,23.5832,-0.5052952,-3.021574,5.581844
L,-0.2242199,1.404177,0.06509622,-0.3859923,-0.2740223,-0.3235556,-6.594476,-21.52218,-24.0733,5.596573
L,-0.2284284,1.402536,0.06346194,-0.1570642,-0.06124537,-0.06099345,8.543871,7.941086,9.799129,5.623367
L,-0.2394845,1.397121,0.06115112,-0.7561412,-0.3703366,-0.1580396,-40.97168,-21.13916,-6.637113,5.637989
L,-0.2453488,1.39486,0.06024041,-0.2126853,-0.08199883,-0.03302951,19.70998,10.45739,4.533845,5.665562
L,-0.2649385,1.393382,0.0583777,-1.396231,-0.1053647,-0.1327623,-84.35544,-1.665366,-7.108308,5.679592
L,-0.274467,1.392177,0.05705437,-0.3428738,-0.04336822,-0.04761858,37.90407,2.230885,3.063818,5.707382
L,-0.2923567,1.391241,0.05529508,-1.263043,-0.06606013,-0.1242089,-64.9655,-1.602086,-5.407402,5.721546
L,-0.3016708,1.391111,0.05446569,-0.3362646,-0.004708373,-0.02994366,33.45951,2.214983,3.403258,5.749245
L,-0.3168707,1.388187,0.05002345,-1.086607,-0.2090265,-0.3175636,-53.63993,-14.60615,-20.56118,5.763233
L,-0.324888,1.386743,0.04807494,-0.2888885,-0.05203608,-0.07021182,28.7446,5.656919,8.912961,5.790985
L,-0.3434885,1.384269,0.04895196,-1.295779,-0.1722944,0.06109653,-70.14356,-8.377622,9.147408,5.80534
L,-0.3526223,1.382942,0.04887989,-0.332551,-0.04831163,-0.002623969,35.07005,4.514074,-2.319993,5.832806
L,-0.3691252,1.380812,0.04258011,-1.109838,-0.1432545,-0.4236663,-52.27325,-6.384996,-28.31547,5.847675
L,-0.378528,1.379517,0.04061532,-0.3528823,-0.04861757,-0.07373739,28.40822,3.551684,13.13268,5.874321
L,-0.3992188,1.374403,0.03633492,-1.329078,-0.3284887,-0.2749527,-62.70618,-17.97759,-12.92511,5.889889
L,-0.4104264,1.37074,0.03368507,-0.4297835,-0.1404741,-0.1016152,34.48577,7.209903,6.647072,5.915966
L,-0.4341159,1.365912,0.03101611,-1.61342,-0.3288029,-0.181775,-80.614,-12.82652,-5.459444,5.930649
L,-0.4452863,1.363486,0.02946156,-0.4155348,-0.0902556,-0.05782859,44.56059,8.873812,4.610728,5.957531
L,-0.4538563,1.354869,0.02413161,-0.5683223,-0.5714173,-0.3534565,-10.13214,-31.90833,-19.60462,5.97261
L,-0.4604713,1.351008,0.02160364,-0.2461758,-0.1436817,-0.09407892,11.98875,15.91827,9.652792,5.999481
L,-0.4662663,1.342846,0.006548293,-0.4082593,-0.5750554,-1.060647,-11.41876,-30.39023,-68.09464,6.013676
L,-0.4711355,1.337299,0.00204111,-0.1769858,-0.2016171,-0.1638285,8.406399,13.57385,32.59785,6.041187
L,-0.4853486,1.327634,-0.001883424,-0.9799777,-0.6664091,-0.2705926,-55.36546,-32.04694,-7.361271,6.055691
L,-0.4942192,1.322525,-0.002784078,-0.3266916,-0.188141,-0.03316958,24.05943,17.61381,8.743891,6.082844
L,-0.504663,1.31442,-0.007085237,-0.7050666,-0.5471929,-0.2903742,-25.54436,-24.23984,-17.36406,6.097656
L,-0.5109937,1.310117,-0.009626334,-0.2339719,-0.1590344,-0.09391418,17.41078,14.34561,7.260794,6.124714
L,-0.5159028,1.300679,-0.01551219,-0.3437208,-0.6607655,-0.4121107,-7.6843,-35.12975,-22.2792,6.138996
L,-0.5201042,1.295868,-0.01859507,-0.1557352,-0.1783618,-0.1142757,6.968226,17.88168,11.04011,6.165974
L,-0.5254689,1.290193,-0.02053467,-0.3582129,-0.3789003,-0.1295097,-13.51969,-13.39021,-1.017194,6.18095
L,-0.5293866,1.289056,-0.02773806,-0.1456922,-0.04227993,-0.2678855,7.903393,12.51851,-5.146034,6.20784
L,-0.537213,1.282092,-0.03355077,-0.5033504,-0.4478809,-0.3738387,-23.00244,-26.08583,-6.814277,6.223389
L,-0.5417151,1.276799,-0.03441012,-0.1733299,-0.203779,-0.03308466,12.70567,9.397833,13.11891,6.249363
L,-0.5566139,1.268869,-0.03840674,-1.066819,-0.5678264,-0.286176,-63.97784,-26.06742,-18.12247,6.263329
L,-0.5635663,1.264619,-0.04081978,-0.2535145,-0.1549677,-0.0879906,29.65683,15.05473,7.226752,6.290752
L,-0.5643196,1.255043,-0.04177855,-0.04849429,-0.6164968,-0.06172297,13.19863,-29.71196,1.691037,6.306286
L,-0.5664846,1.250257,-0.04296932,-0.08232476,-0.181988,-0.04527899,-1.286402,16.52218,0.6252818,6.332584
L,-0.572078,1.247365,-0.04544833,-0.3795747,-0.1962691,-0.1682256,-20.17144,-0.9691211,-8.343183,6.347321
L,-0.5735205,1.246758,-0.04851266,-0.05259258,-0.02210535,-0.1117243,11.92161,6.349928,2.060009,6.374748
L,-0.5762489,1.244262,-0.05303515,-0.1855342,-0.169739,-0.3075338,-9.040169,-10.03924,-13.31525,6.389454
L,-0.5777705,1.242311,-0.05499996,-0.05656197,-0.07253262,-0.07303793,4.794285,3.613452,8.716916,6.416355
L,-0.5836238,1.235868,-0.05854274,-0.3920262,-0.4315678,-0.2372812,-22.46805,-24.04673,-11.00036,6.431286
L,-0.5870366,1.232257,-0.06065757,-0.1272604,-0.1346239,-0.07886041,9.87294,11.07284,5.907407,6.458103
L,-0.5892965,1.229821,-0.06506116,-0.1480354,-0.159553,-0.2884495,-1.360827,-1.632937,-13.72877,6.47337
L,-0.5910803,1.227968,-0.06746845,-0.06896894,-0.07166759,-0.0930762,3.057049,3.39803,7.553974,6.499233
L,-0.5978765,1.214085,-0.07018513,-0.4802139,-0.9809299,-0.1919574,-29.05806,-64.24734,-6.986826,6.513386
L,-0.6012088,1.20835,-0.07188084,-0.1190421,-0.2048796,-0.06057775,12.90256,27.72376,4.693431,6.541378
L,-0.6075726,1.207536,-0.07573509,-0.436478,-0.05587716,-0.2643561,-21.77234,10.2198,-13.97679,6.555958
L,-0.6104847,1.20572,-0.07814457,-0.1068726,-0.06661242,-0.08842628,12.09633,-0.3939777,6.456525,6.583206
L,-0.6134075,1.203141,-0.08169986,-0.2002622,-0.1767267,-0.2435959,-6.398728,-7.54464,-10.63168,6.597801
L,-0.6154498,1.201172,-0.0838131,-0.07563083,-0.07290489,-0.07825606,4.615251,3.844647,6.122737,6.624805
L,-0.6184195,1.185212,-0.08935884,-0.1999663,-1.074726,-0.3734347,-8.37241,-67.45986,-19.87653,6.639656
L,-0.6203294,1.178698,-0.09205453,-0.07075634,-0.2413175,-0.09986718,4.78683,30.8752,10.13483,6.666649
L,-0.6192687,1.181448,-0.09426628,0.0695813,0.1804226,-0.1450943,9.206374,27.66682,-2.966973,6.681892
L,-0.6195721,1.182253,-0.0940112,-0.01159517,0.03075795,0.009748825,-3.102482,-5.720031,5.917948,6.708057
L,-0.6203021,1.182969,-0.09343213,-0.0506778,0.04971365,0.04020148,-2.713262,1.315976,2.114137,6.722462
L,-0.6204067,1.182768,-0.09324757,-0.003791805,-0.007311533,0.006686133,1.698574,-2.065894,-1.214186,6.750065
L,-0.6197907,1.182541,-0.09310956,0.04263051,-0.01569925,0.009551132,3.212601,-0.5804617,0.1982688,6.764515
L,-0.6192635,1.182133,-0.09309167,0.01953898,-0.01511698,0.000662914,-0.855712,0.02157739,-0.3293742,6.7915
L,-0.6188367,1.182141,-0.09297886,0.03001744,0.0005785484,0.007934079,0.7370179,1.103968,0.511428,6.805717
L,-0.6186553,1.182072,-0.09296931,0.006775285,-0.002564103,0.00035696,-0.8679191,-0.1173543,-0.2829482,6.832497
L,-0.618444,1.183046,-0.09252943,0.01371008,0.0631886,0.02854928,0.4500901,4.26756,1.829772,6.847904
L,-0.6183255,1.183763,-0.09222802,0.004545288,0.02751866,0.01156185,-0.3515503,-1.368256,-0.6516175,6.873974
L,-0.6173403,1.18507,-0.09088846,0.06536715,0.08668692,0.08887831,4.035456,3.925741,5.129852,6.889046
L,-0.6165504,1.186722,-0.08943935,0.02929577,0.06126203,0.05374548,-1.337846,-0.94298,-1.303036,6.916008
L,-0.6150469,1.1878,-0.08881034,0.1012174,0.07261171,0.0423453,4.841764,0.7640606,-0.76746,6.930862
L,-0.6144137,1.188241,-0.08856307,0.02354276,0.01637622,0.009193067,-2.88781,-2.090738,-1.232543,6.95776
L,-0.6135541,1.189997,-0.08702987,0.06664541,0.1361561,0.118876,3.34194,9.287067,8.50421,6.970657
L,-0.6130944,1.190948,-0.08620182,0.02733666,0.05657328,0.04924418,-2.337693,-4.732795,-4.14101,6.987473
L,-0.6140177,1.193044,-0.08518092,-0.03580113,0.08127312,0.03958892,-2.448401,0.9578277,-0.3744185,7.01326
L,-0.6147596,1.195012,-0.08374321,-0.05405781,0.1433696,0.1047489,-1.33015,4.52424,4.747446,7.026985
L,-0.614644,1.194961,-0.08338822,0.00409573,-0.001790299,0.01257405,2.059803,-5.141574,-3.264842,7.055218
L,-0.6143921,1.194966,-0.08320242,0.01819043,0.0003873967,0.01341738,1.017862,0.1572644,0.06090165,7.069065
L,-0.6142404,1.194988,-0.08308115,0.005430979,0.0007725007,0.004341849,-0.4568168,0.01378759,-0.3249242,7.096996
L,-0.6135954,1.194684,-0.08247101,0.04646709,-0.02191536,0.04395309,2.956134,-1.634374,2.85349,7.110878
L,-0.6131181,1.194478,-0.08200306,0.01700992,-0.00733245,0.01667617,-1.049758,0.5196877,-0.9720611,7.138939
L,-0.6128026,1.19432,-0.08184285,0.02333169,-0.01165703,0.01185047,0.4676107,-0.3198819,-0.3569499,7.152458
L,-0.6126245,1.194422,-0.08178119,0.006308676,0.003583851,0.002183448,-0.6027935,0.5396872,-0.342314,7.180698
L,-0.6122608,1.194567,-0.08181949,0.02605305,0.01043659,-0.002744197,1.414559,0.4909553,-0.3530343,7.194656
L,-0.6119902,1.194608,-0.08195697,0.00970631,0.001444938,-0.004930104,-0.5862108,-0.3224499,-0.07838885,7.222542
L,-0.6104342,1.193619,-0.08235286,0.1135826,-0.07218567,-0.02890038,7.582995,-5.375055,-1.749837,7.23624
L,-0.6094077,1.192961,-0.0826108,0.03755364,-0.02407201,-0.009435834,-2.781263,1.760077,0.7120448,7.263577
L,-0.6073051,1.192736,-0.08281115,0.1493286,-0.01593403,-0.01422961,7.938536,0.5779793,-0.3404658,7.277657
L,-0.6062102,1.192612,-0.08291377,0.03929782,-0.004453895,-0.003682967,-3.949057,0.4120274,0.3785239,7.305519
L,-0.6060769,1.193119,-0.08350255,0.009319152,0.03540111,-0.04116983,-2.096219,2.786809,-2.621221,7.31982
L,-0.605987,1.193229,-0.08341415,0.003256197,0.004009287,0.003200363,-0.2194955,-1.13647,1.606322,7.347443
L,-0.6060786,1.193258,-0.08349328,-0.006221665,0.001959197,-0.005373624,-0.6436696,-0.1392277,-0.5822847,7.362167
L,-0.6063066,1.193183,-0.08374863,-0.0084664,-0.002797054,-0.009480166,-0.0833372,-0.1765788,-0.1524579,7.389103
L,-0.6068395,1.193418,-0.08346224,-0.0362771,0.01600234,0.01949524,-1.893121,1.279706,1.972404,7.403793
L,-0.6073024,1.193626,-0.08319362,-0.01720966,0.007734929,0.009988365,0.708995,-0.3074115,-0.3534994,7.430687
L,-0.6077334,1.193746,-0.08279631,-0.0287785,0.008007514,0.02652837,-0.7724655,0.01820085,1.104397,7.445663
L,-0.6079631,1.193809,-0.08256964,-0.008680806,0.00237855,0.008565933,0.7594765,-0.2127143,-0.6787871,7.472126
L,-0.6078064,1.193883,-0.08226036,0.01049923,0.004977947,0.02072979,1.285587,0.1742307,0.8153114,7.487045
L,-0.607735,1.193865,-0.08211206,0.002679785,-0.000674975,0.005561,-0.2932086,-0.2119696,-0.5687896,7.513714
L,-0.6075649,1.193783,-0.08189718,0.01200596,-0.005765217,0.01517052,0.6584435,-0.3593796,0.6784478,7.527878
L,-0.6074368,1.193711,-0.08180343,0.004350395,-0.002452409,0.003182617,-0.2598886,0.1124622,-0.4069614,7.557335
L,-0.606933,1.193419,-0.08177976,0.01957061,-0.01133669,0.0009195433,0.5912699,-0.3451336,-0.08791514,7.583076
L,-0.6065484,1.193205,-0.08167847,0.02794571,-0.01557303,0.007359947,0.6085037,-0.3077968,0.467936,7.59684
L,-0.6065922,1.193241,-0.08156746,-0.001569118,0.001293722,0.003975899,-1.05713,0.6041151,-0.1212061,7.62476
L,-0.6063512,1.193283,-0.08170671,0.01688636,0.002965451,-0.009757794,1.293235,0.1171435,-0.9623644,7.63903
L,-0.6062032,1.19331,-0.08179905,0.005407984,0.0009583217,-0.003374,-0.4194296,-0.07334217,0.2332692,7.666397
L,-0.6059724,1.193193,-0.08143635,0.01637791,-0.008282011,0.02573853,0.7784788,-0.6557385,2.065965,7.680489
L,-0.605826,1.193116,-0.08120253,0.005231043,-0.002733683,0.008351944,-0.3981584,0.1981824,-0.6210367,7.708485
L,-0.6055778,1.192848,-0.08107265,0.0171131,-0.01849842,0.008957347,0.8194708,-1.087248,0.04175286,7.722984
L,-0.605481,1.192846,-0.08105066,0.0035596,-6.571569E-05,0.000808303,-0.4981028,0.6774181,-0.2994845,7.750195
L,-0.605387,1.192744,-0.081025,0.006595457,-0.007185158,0.001799949,0.213017,-0.4995501,0.06958085,7.764446
L,-0.6053839,1.192614,-0.08101659,0.000113272,-0.004766137,0.0003074137,-0.2368975,0.08840539,-0.0545461,7.791809
L,-0.6050007,1.192322,-0.08081606,0.02594614,-0.01977041,0.01358005,1.749401,-1.016089,0.8988223,7.806576
L,-0.6046884,1.192089,-0.08065452,0.01166144,-0.008674868,0.006031292,-0.5333495,0.4142756,-0.2818488,7.833359
L,-0.6044206,1.191666,-0.08048693,0.01844538,-0.0291809,0.01154325,0.467254,-1.412384,0.3796441,7.847878
L,-0.6042724,1.191428,-0.08039436,0.005405476,-0.008680073,0.003377063,-0.4756934,0.7478665,-0.2979009,7.87529
L,-0.6047472,1.191545,-0.07986739,-0.03129715,0.007739816,0.03473488,-2.419254,1.082317,2.066951,7.890461
L,-0.6052116,1.191669,-0.07936605,-0.0177197,0.004735262,0.01913011,0.5180852,-0.1146471,-0.5954438,7.916668
L,-0.606129,1.192029,-0.07819736,-0.06728718,0.02637101,0.08572055,-3.635651,1.586928,4.884243,7.930302
L,-0.6066152,1.192294,-0.07744614,-0.01708009,0.009316796,0.02638721,1.763565,-0.5990434,-2.084132,7.958771
L,-0.6078063,1.192768,-0.07418794,-0.08579795,0.03415258,0.2347121,-4.950253,1.789105,15.00717,7.972652
L,-0.6084237,1.193023,-0.07247083,-0.02209081,0.009131466,0.06143454,2.279302,-0.8952007,-6.19949,8.000603
L,-0.6078095,1.192645,-0.0719058,0.04188345,-0.02578694,0.03853256,4.362765,-2.381283,-1.561815,8.015266
L,-0.6073154,1.192612,-0.0714328,0.01840939,-0.001247868,0.01762031,-0.8744614,0.9141353,-0.7790279,8.04211
L,-0.6061102,1.191918,-0.07063936,0.08255079,-0.04749967,0.05434965,4.393594,-3.168182,2.515907,8.056709
L,-0.6053913,1.191508,-0.0701305,0.02724098,-0.01554821,0.01928224,-2.095856,1.210738,-1.32881,8.083099
L,-0.6053051,1.191393,-0.06968857,0.006068002,-0.008093465,0.03109222,-1.489632,0.5244809,0.8308952,8.097313
L,-0.6052717,1.191343,-0.06947514,0.00120673,-0.001801476,0.007716069,-0.1757486,0.2274731,-0.8451135,8.124973
L,-0.6052958,1.191277,-0.06937798,-0.00171401,-0.0046638,0.006898361,-0.2073821,-0.2032343,-0.05805994,8.139057
L,-0.6053436,1.191174,-0.06931528,-0.001707219,-0.003691515,0.002241924,0.0002428252,0.03476723,-0.1665062,8.167023
L,-0.6054447,1.190969,-0.06919247,-0.007150567,-0.01449508,0.008687348,-0.3850353,-0.7641901,0.4559172,8.18116
L,-0.6055084,1.190846,-0.06911609,-0.002312094,-0.004477251,0.00276911,0.1754082,0.3631742,-0.2145527,8.208744
L,-0.6057709,1.190631,-0.06893435,-0.01816659,-0.01484519,0.01258004,-1.097481,-0.7176905,0.6791331,8.22319
L,-0.6058329,1.19057,-0.06889011,-0.002315474,-0.002270946,0.001652559,0.5920882,0.469687,-0.4081754,8.249962
L,-0.6059019,1.190315,-0.0686018,-0.00495041,-0.01831395,0.02067801,-0.1889829,-1.150637,1.364544,8.263905
L,-0.6059422,1.189887,-0.06807055,-0.001442931,-0.0152989,0.01899681,0.1254215,0.1078131,-0.06011674,8.29187
L,-0.6062186,1.189577,-0.0678787,-0.01981332,-0.02222374,0.01375575,-1.317201,-0.4965277,-0.3757969,8.305817
L,-0.6063547,1.189429,-0.06779053,-0.004886021,-0.005322426,0.003164469,0.5357478,0.6065962,-0.380126,8.333679
L,-0.6064669,1.189302,-0.06794343,-0.007763002,-0.008777719,-0.01058132,-0.199098,-0.2391194,-0.9512607,8.348129
L,-0.6065462,1.189143,-0.06800885,-0.002933962,-0.005885571,-0.00242107,0.1787242,0.1070393,0.3020132,8.375149
L,-0.6067605,1.188948,-0.06775259,-0.01633358,-0.01484375,0.01952784,-1.021113,-0.6826549,1.672609,8.388271
L,-0.6068882,1.188836,-0.06758916,-0.004457451,-0.00392705,0.005703114,0.4144376,0.3809568,-0.4824374,8.416927
L,-0.6070272,1.188574,-0.06741367,-0.01015102,-0.01915238,0.01282215,-0.4159799,-1.112383,0.5201258,8.430614
L,-0.6071057,1.18842,-0.06730754,-0.002795785,-0.00547278,0.003776855,0.261761,0.4868349,-0.3219072,8.458714
L,-0.6071544,1.188445,-0.06722369,-0.00350371,0.001829143,0.00604025,-0.05099706,0.5260113,0.163049,8.472595
L,-0.6071775,1.188471,-0.06717598,-0.0008292299,0.0009061688,0.001710821,0.09589644,-0.03309425,-0.1552365,8.500484
L,-0.6073992,1.188204,-0.06720956,-0.01558728,-0.01877682,-0.002361248,-1.03775,-1.384061,-0.2863382,8.514706
L,-0.6076483,1.188013,-0.06702892,-0.008583788,-0.006556461,0.006224736,0.2413465,0.4211246,0.2958806,8.543724
L,-0.6079895,1.18793,-0.06642309,-0.02466992,-0.006015582,0.04379934,-1.162957,0.0391032,2.71648,8.557556
L,-0.6082274,1.187879,-0.06598824,-0.008828733,-0.001884289,0.01613478,0.5877809,0.15329,-1.026483,8.584507
L,-0.6084549,1.187836,-0.0655668,-0.01638049,-0.003133585,0.03035124,-0.5438596,-0.08997131,1.023835,8.598392
L,-0.6086653,1.187235,-0.065132,-0.007842492,-0.02240776,0.01620652,0.3182406,-0.7184144,-0.5272221,8.625221
L,-0.6082841,1.186477,-0.06338015,0.02549027,-0.05066167,0.1171521,2.229078,-1.889437,6.750583,8.640175
L,-0.6080436,1.18606,-0.06236058,0.009319122,-0.01614914,0.03949688,-0.6264476,1.336966,-3.008254,8.665989
L,-0.6080491,1.185975,-0.06172737,-0.0003661187,-0.005621693,0.04182192,-0.6396895,0.6953157,0.1535641,8.681129
L,-0.6079944,1.185881,-0.06080291,0.002075637,-0.003571816,0.03510674,0.0927266,0.07784483,-0.2550117,8.707462
L,-0.6075327,1.185382,-0.06046737,0.03300978,-0.03568994,0.02398717,2.211399,-2.296039,-0.7949083,8.721451
L,-0.6072391,1.185079,-0.06026809,0.01012541,-0.01046053,0.006873458,-0.7893422,0.8702288,-0.5902968,8.750443
L,-0.6070259,1.184959,-0.06013199,0.00773896,-0.004325858,0.004938778,-0.08659934,0.2226144,-0.07020552,8.778
L,-0.6068236,1.184906,-0.06020819,0.01377745,-0.003654496,-0.00519116,0.4113705,0.04573639,-0.6900995,8.792679
L,-0.6067042,1.184879,-0.06026314,0.004582541,-0.001019867,-0.002107906,-0.3527572,0.101076,0.1182872,8.818745
L,-0.6065378,1.184916,-0.06017519,0.01189563,0.002634002,0.006289052,0.5229357,0.2612765,0.6004397,8.832729
L,-0.6064385,1.184943,-0.06012442,0.003679457,0.001002084,0.001879873,-0.3042549,-0.06043191,-0.1632773,8.859734
L,-0.6064649,1.185344,-0.06027271,-0.001728326,0.02621294,-0.009684123,-0.3531684,1.646456,-0.7552148,8.875046
L,-0.6064857,1.185594,-0.06036801,-0.0008054837,0.009679653,-0.00369031,0.03573376,-0.6401924,0.232089,8.900871
L,-0.6063964,1.186002,-0.06023547,0.005912162,0.02701124,0.008775989,0.4448069,1.147606,0.8254522,8.915974
L,-0.606335,1.186158,-0.06010331,0.002336724,0.005933602,0.0050256,-0.1359559,-0.8014761,-0.1426083,8.942272
L,-0.6067209,1.187189,-0.06013714,-0.02517966,0.06727538,-0.002207109,-1.795235,4.002086,-0.4718794,8.9576
L,-0.6070311,1.187973,-0.06017599,-0.01164268,0.0294244,-0.001458412,0.5081096,-1.420734,0.02810231,8.984241
L,-0.6077582,1.191491,-0.05893505,-0.04766426,0.2306045,0.081347,-2.3613,13.18784,5.428092,8.999496
L,-0.6081587,1.193389,-0.05827799,-0.01507313,0.07143306,0.02472967,1.226643,-5.990789,-2.130925,9.026066
L,-0.6084169,1.195122,-0.05740964,-0.01749031,0.1173934,0.0588201,-0.1637335,3.113238,2.309199,9.040829
L,-0.6085561,1.195981,-0.05699101,-0.004975368,0.03070452,0.01496552,0.4473909,-3.099001,-1.567737,9.068802
L,-0.6066815,1.200446,-0.05376231,0.1262971,0.3007983,0.2175237,8.84407,18.19673,13.64673,9.083645
L,-0.6050701,1.202758,-0.05122091,0.06268085,0.08992895,0.09885917,-2.474641,-8.202722,-4.615996,9.109352
L,-0.5995542,1.20907,-0.04736272,0.354057,0.4051711,0.2476497,18.70287,20.23478,9.550574,9.124931
L,-0.5971933,1.211906,-0.04562073,0.09094646,0.1092533,0.06710541,-10.13561,-11.39942,-6.954975,9.15089
L,-0.5851302,1.219767,-0.03624486,0.8348114,0.5440124,0.6488456,51.47828,30.08698,40.25863,9.16534
L,-0.579743,1.22347,-0.03204977,0.2015462,0.1385311,0.1569457,-23.69155,-15.16976,-18.40283,9.19207
L,-0.560822,1.230853,-0.02650142,1.250323,0.4878608,0.366641,69.3044,23.08411,13.85691,9.207203
L,-0.5518277,1.2346,-0.02355208,0.346376,0.1443275,0.1135819,-34.81185,-13.22979,-9.745543,9.23317
L,-0.5288464,1.246924,-0.01630921,1.605656,0.8610158,0.5060437,87.98314,50.07344,27.42044,9.247482
L,-0.5131899,1.252345,-0.0136104,0.5694832,0.1971781,0.09816527,-37.68926,-24.14612,-14.83598,9.274975
L,-0.5014746,1.265172,-0.004994032,0.8251192,0.9034457,0.6068588,18.00468,49.7431,35.82777,9.289173
L,-0.4989787,1.274831,0.001790734,0.09044529,0.3500181,0.2458648,-26.62294,-20.05498,-13.08162,9.316769
L,-0.4855626,1.285265,0.01367564,0.9165852,0.7128209,0.811977,56.44191,24.7867,38.67682,9.331406
L,-0.4776559,1.291188,0.01976479,0.2918889,0.2186532,0.2247903,-23.0616,-18.24294,-21.67687,9.358494
L,-0.4584131,1.306243,0.02863348,1.341948,1.049947,0.6184821,73.2287,57.9725,27.45516,9.372833
L,-0.4477616,1.314331,0.03370928,0.3879698,0.2945802,0.1848812,-34.74776,-27.51352,-15.79351,9.400288
L,-0.4205506,1.324311,0.04117227,1.781519,0.6534091,0.4886061,91.23642,23.49271,19.88503,9.415562
L,-0.4050409,1.329616,0.04550942,0.5946733,0.2034107,0.1662946,-45.506,-17.25382,-12.35806,9.441643
L,-0.3806231,1.341648,0.0529664,1.640015,0.8081123,0.5008462,70.21008,40.61463,22.47008,9.456532
L,-0.3639869,1.350241,0.05740056,0.6283974,0.3245812,0.1674913,-38.21173,-18.26438,-12.59178,9.483006
L,-0.3402146,1.369393,0.06452589,1.686088,1.358386,0.5053743,75.0182,73.32404,23.96482,9.497105
L,-0.3258491,1.379801,0.06885217,0.5232475,0.3790946,0.1575806,-42.35537,-35.66977,-12.66806,9.524559
L,-0.3123381,1.382799,0.07517622,0.9500633,0.2108369,0.4446922,30.01266,-11.83148,20.189,9.53878
L,-0.3026671,1.38651,0.07913289,0.3505503,0.1344934,0.1434205,-21.73102,-2.767284,-10.92043,9.566368
L,-0.2859793,1.395775,0.08889436,1.183606,0.6571801,0.6923458,59.08567,37.07229,38.9333,9.580467
L,-0.2716025,1.396107,0.09056333,0.5196928,0.01199238,0.0603298,-23.99903,-23.32213,-22.846,9.608131
L,-0.244642,1.396658,0.0927849,1.691196,0.03457017,0.1393566,73.48708,1.41628,4.957261,9.624073
L,-0.2244964,1.39686,0.09379243,0.7931905,0.007955655,0.03966915,-35.35698,-1.047888,-3.924971,9.649471
L,-0.196409,1.398025,0.09478831,1.960839,0.0813249,0.06952397,81.51583,5.122052,2.084224,9.663795
L,-0.1792054,1.399565,0.09611037,0.6281967,0.05621866,0.04827584,-48.66195,-0.9167642,-0.7758836,9.691181
L,-0.1525197,1.397508,0.09530467,1.748432,-0.1347241,-0.05278954,73.39739,-12.5105,-6.621766,9.706444
L,-0.1358563,1.397575,0.09573114,0.634177,0.002531577,0.01623067,-42.4064,5.223687,2.626776,9.732719
L,-0.1130446,1.392255,0.08909258,1.47982,-0.3450956,-0.4306503,54.85778,-22.55095,-28.98965,9.748135
L,-0.09910402,1.389076,0.08623256,0.5215421,-0.1189302,-0.1069985,-35.85084,8.461239,12.10837,9.774864
L,-0.08381465,1.389109,0.08466665,1.009067,0.002132112,-0.103347,32.17569,7.989867,0.2409921,9.790016
L,-0.07748229,1.390965,0.08483876,0.2397098,0.07029332,0.0065154,-29.12383,2.580224,4.15881,9.816433
L,-0.06710769,1.389154,0.07937013,0.7071344,-0.1234968,-0.3727427,31.85974,-13.20877,-25.85029,9.831104
L,-0.05884816,1.38854,0.07725935,0.306814,-0.02278766,-0.07840841,-14.87057,3.741009,10.93354,9.858025
L,-0.0580181,1.390835,0.07621535,0.03036078,0.08394377,-0.03818609,-10.1117,3.903866,1.471193,9.885365
L,-0.1416544,0.5979691,-0.05935087,-0.002678976,-0.0253965,-0.004342356,-0.001058305,-0.003502306,0.001084057,41.10487
L,-0.1416479,0.5979444,-0.05934847,0.0002393048,-0.0009152165,8.911754E-05,0.1082357,0.9079826,0.1643583,41.13183
L,-0.141674,0.5978935,-0.05948504,-0.00169026,-0.003301274,-0.008857194,-0.125142,-0.1547478,-0.5802132,41.14725
L,-0.1416842,0.597874,-0.05954676,-0.0003916557,-0.0007466652,-0.002371836,0.04990052,0.09816409,0.2492081,41.17327
L,-0.1417224,0.5978166,-0.05952297,-0.001380546,-0.002077013,0.0008600806,-0.03574622,-0.04808918,0.1168267,41.20094
L,-0.141854,0.5976505,-0.0595554,-0.006959239,-0.008783153,-0.001714598,-0.2949619,-0.3545733,-0.1361308,41.21985
L,-0.1418982,0.5976135,-0.05955176,-0.002128856,-0.001778828,0.0001750138,0.2325112,0.3371542,0.09095673,41.24063
L,-0.1420082,0.5975353,-0.05954207,-0.007600293,-0.005410239,0.000670099,-0.3782448,-0.2510423,0.03422564,41.25509
L,-0.1420892,0.5972645,-0.05953165,-0.005449299,-0.0182158,0.000700839,0.1447306,-0.8616274,0.002068349,41.26995
L,-0.1420898,0.5972624,-0.05953157,-2.524867E-05,-8.079575E-05,3.226219E-06,0.2042347,0.6828471,-0.0262676,41.29651
L,-0.1421017,0.5972537,-0.05945983,-0.0008062614,-0.0005937663,0.004894505,-0.05328938,-0.03500056,0.3337375,41.31117
L,-0.1421048,0.5972584,-0.05941655,-0.0002216165,0.0003272468,0.003007616,0.04063127,0.06400797,-0.1311338,41.32556
L,-0.1422216,0.5972073,-0.05933942,-0.008044452,-0.003518293,0.005312849,-0.5388097,-0.2648674,0.1587764,41.34008
L,-0.1421689,0.597217,-0.05926673,0.002087701,0.0003848406,0.002879369,0.4013423,0.1546061,-0.09639198,41.36532
L,-0.1420458,0.5972534,-0.05912235,0.008524416,0.002517499,0.009996997,0.4456804,0.147666,0.4928271,41.37976
L,-0.1419652,0.5972826,-0.05903693,0.005205766,0.001890556,0.005517891,-0.2143825,-0.04050007,-0.2893472,41.39524
L,-0.141941,0.5972024,-0.05908805,0.0009210825,-0.003050272,-0.001942086,-0.1627832,-0.1877113,-0.2834186,41.42157
L,-0.1421911,0.5971068,-0.05913905,-0.01675077,-0.006403296,-0.003415973,-1.183589,-0.2245721,-0.09871504,41.4365
L,-0.142342,0.5970553,-0.05917055,-0.005759302,-0.001965065,-0.001202011,0.4194099,0.1693531,0.0844799,41.4627
L,-0.1424588,0.5972675,-0.05923842,-0.007376484,0.01341384,-0.004289059,-0.1022022,0.9719115,-0.1950943,41.47853
L,-0.1425634,0.5975422,-0.05931437,-0.004040294,0.01060613,-0.00293242,0.1288015,-0.1083984,0.05237623,41.50443
L,-0.1443954,0.6097823,-0.05953465,-0.1081627,0.7226738,-0.01300544,-6.147534,42.0415,-0.5947255,41.52137
L,-0.1458517,0.6225821,-0.05962706,-0.06147406,0.5403206,-0.003900903,1.970875,-7.697715,0.3843316,41.54506
L,-0.1522463,0.6534229,-0.05850281,-0.4418315,2.130922,0.07767919,-26.28055,109.9016,5.636724,41.55953
L,-0.1547339,0.6687656,-0.05806386,-0.1776865,1.095913,0.03135378,18.86758,-73.92956,-3.308972,41.57353
L,-0.1566699,0.6793795,-0.05774197,-0.120723,0.6618362,0.0200718,3.552006,-27.06722,-0.7034974,41.58957
L,-0.1583874,0.688877,-0.05746252,-0.06584185,0.3641027,0.01071305,2.103944,-11.41402,-0.3587801,41.61565
L,-0.1635043,0.7331725,-0.04637707,-0.3520659,3.047712,0.7627255,-19.69342,184.6436,51.74162,41.63018
L,-0.1658294,0.7569384,-0.04199137,-0.086307,0.8821996,0.1627987,9.865067,-80.38459,-22.2695,41.65712
L,-0.1637078,0.8051885,-0.03751276,0.1415176,3.21844,0.2987379,15.19665,155.835,9.067594,41.67212
L,-0.1680702,0.83922,-0.03342192,-0.1632761,1.273723,0.1531113,-11.40774,-72.78638,-5.450477,41.69883
L,-0.1743901,0.8804632,-0.02761026,-0.4213415,2.749662,0.3874591,-17.20506,98.39995,15.62382,41.71383
L,-0.1772397,0.9061276,-0.02467401,-0.116723,1.051213,0.1202691,12.47717,-69.56846,-10.9441,41.73825
L,-0.1780344,0.9244739,-0.0272964,-0.05593679,1.29145,-0.1845986,4.278933,16.911,-21.46059,41.75245
L,-0.1770557,0.936958,-0.02914895,0.0666386,0.8500365,-0.1261386,8.346079,-30.05555,3.980503,41.76714
L,-0.1768659,0.9494831,-0.02997657,0.01278163,0.8436216,-0.05574385,-3.627513,-0.4320762,4.741411,41.78199
L,-0.1858,0.9555357,-0.02604807,-0.3209104,0.2174097,0.1411117,-11.98621,-22.49352,7.071046,41.80983
L,-0.2083333,0.9561098,-0.03627462,-0.8400154,0.02139994,-0.3812329,-19.35158,-7.306995,-19.47234,41.83665
L,-0.2387013,0.9671448,-0.03443773,-2.046471,0.7436416,0.1237864,-81.3021,48.67129,34.03285,41.85149
L,-0.2540303,0.9756153,-0.02951168,-0.9986089,0.5518102,0.3209083,68.26313,-12.49688,12.84153,41.86684
L,-0.2676428,0.9839345,-0.02636698,-0.5405086,0.3303308,0.1248659,18.18968,-8.79423,-7.784206,41.89202
L,-0.2471867,0.9749352,-0.0401687,1.377102,-0.6058359,-0.9291316,129.0935,-63.02272,-70.95509,41.90688
L,-0.2372556,0.9734892,-0.04653691,0.6916522,-0.1007074,-0.4435145,-47.73816,35.17971,33.82083,41.92124
L,-0.2328369,0.9745069,-0.05113733,0.2811523,0.06475652,-0.2927118,-26.11895,10.528,9.595151,41.93695
L,-0.231619,0.9720417,-0.05436019,0.048081,-0.09732445,-0.127237,-9.201544,-6.398879,6.532867,41.96228
L,-0.231619,0.9720417,-0.05436019,0,0,0,-3.243475,6.565368,8.583224,41.97711
L,-0.231619,0.9720417,-0.05436019,0,0,0,0,0,0,41.99102
L,-0.231619,0.9720417,-0.05436019,0,0,0,0,0,0,42.02115
L,-0.231619,0.9720417,-0.05436019,0,0,0,0,0,0,42.14612
L,-0.231619,0.9720417,-0.05436019,0,0,0,0,0,0,42.17139
L,-0.231619,0.9720417,-0.05436019,0,0,0,0,0,0,42.1998
L,-0.231619,0.9720417,-0.05436019,0,0,0,0,0,0,42.22692
L,-0.231619,0.9720417,-0.05436019,0,0,0,0,0,0,42.25347
L,-0.231619,0.9720417,-0.05436019,0,0,0,0,0,0,42.28016
L,-0.231619,0.9720417,-0.05436019,0,0,0,0,0,0,42.29378
L,-0.231619,0.9720417,-0.05436019,0,0,0,0,0,0,42.311
L,-0.231619,0.9720417,-0.05436019,0,0,0,0,0,0,42.33623
L,-0.231619,0.9720417,-0.05436019,0,0,0,0,0,0,42.35187
L,-0.231619,0.9720417,-0.05436019,0,0,0,0,0,0,42.37857
L,-0.231619,0.9720417,-0.05436019,0,0,0,0,0,0,42.39243
L,-0.231619,0.9720417,-0.05436019,0,0,0,0,0,0,42.42069
L,-0.231619,0.9720417,-0.05436019,0,0,0,0,0,0,42.43877
L,-0.231619,0.9720417,-0.05436019,0,0,0,0,0,0,42.46147
L,-0.231619,0.9720417,-0.05436019,0,0,0,0,0,0,42.4773
L,-0.231619,0.9720417,-0.05436019,0,0,0,0,0,0,42.50313
L,-0.231619,0.9720417,-0.05436019,0,0,0,0,0,0,42.51857
L,-0.231619,0.9720417,-0.05436019,0,0,0,0,0,0,42.54464
L,-0.231619,0.9720417,-0.05436019,0,0,0,0,0,0,42.55849
L,-0.231619,0.9720417,-0.05436019,0,0,0,0,0,0,42.57436
L,-0.231619,0.9720417,-0.05436019,0,0,0,0,0,0,42.60056
L,-0.231619,0.9720417,-0.05436019,0,0,0,0,0,0,42.61669
L,-0.231619,0.9720417,-0.05436019,0,0,0,0,0,0,42.64231
L,-0.231619,0.9720417,-0.05436019,0,0,0,0,0,0,42.65852
L,-0.231619,0.9720417,-0.05436019,0,0,0,0,0,0,42.68414
L,-0.231619,0.9720417,-0.05436019,0,0,0,0,0,0,42.69877
L,-0.231619,0.9720417,-0.05436019,0,0,0,0,0,0,42.71395
L,-0.231619,0.9720417,-0.05436019,0,0,0,0,0,0,42.73787
L,-0.231619,0.9720417,-0.05436019,0,0,0,0,0,0,42.75215
L,-0.231619,0.9720417,-0.05436019,0,0,0,0,0,0,42.76854
L,-0.231619,0.9720417,-0.05436019,0,0,0,0,0,0,42.79468
L,-0.231619,0.9720417,-0.05436019,0,0,0,0,0,0,42.8093
L,-0.231619,0.9720417,-0.05436019,0,0,0,0,0,0,42.83715
L,-0.231619,0.9720417,-0.05436019,0,0,0,0,0,0,42.85256
L,-0.231619,0.9720417,-0.05436019,0,0,0,0,0,0,42.87857
L,-0.231619,0.9720417,-0.05436019,0,0,0,0,0,0,42.89187
L,-0.231619,0.9720417,-0.05436019,0,0,0,0,0,0,42.90739
L,-0.231619,0.9720417,-0.05436019,0,0,0,0,0,0,42.92337
L,-0.231619,0.9720417,-0.05436019,0,0,0,0,0,0,42.94804
L,-0.231619,0.9720417,-0.05436019,0,0,0,0,0,0,42.96215
L,-0.231619,0.9720417,-0.05436019,0,0,0,0,0,0,42.97703
L,-0.231619,0.9720417,-0.05436019,0,0,0,0,0,0,43.00444
L,-0.231619,0.9720417,-0.05436019,0,0,0,0,0,0,43.0193
L,-0.231619,0.9720417,-0.05436019,0,0,0,0,0,0,43.03384
L,-0.231619,0.9720417,-0.05436019,0,0,0,0,0,0,43.0599
L,-0.231619,0.9720417,-0.05436019,0,0,0,0,0,0,43.07466
L,-0.231619,0.9720417,-0.05436019,0,0,0,0,0,0,43.08866
L,-0.231619,0.9720417,-0.05436019,0,0,0,0,0,0,43.10389
L,-0.231619,0.9720417,-0.05436019,0,0,0,0,0,0,43.12933
L,-0.231619,0.9720417,-0.05436019,0,0,0,0,0,0,43.14359
L,-0.231619,0.9720417,-0.05436019,0,0,0,0,0,0,43.15735
L,-0.231619,0.9720417,-0.05436019,0,0,0,0,0,0,43.17131
L,-0.231619,0.9720417,-0.05436019,0,0,0,0,0,0,43.18503
L,-0.231619,0.9720417,-0.05436019,0,0,0,0,0,0,43.19889
L,-0.231619,0.9720417,-0.05436019,0,0,0,0,0,0,43.21375
L,-0.231619,0.9720417,-0.05436019,0,0,0,0,0,0,43.22831
L,-0.231619,0.9720417,-0.05436019,0,0,0,0,0,0,43.25557
L,-0.231619,0.9720417,-0.05436019,0,0,0,0,0,0,43.28279
L,-0.231619,0.9720417,-0.05436019,0,0,0,0,0,0,43.29671
L,-0.231619,0.9720417,-0.05436019,0,0,0,0,0,0,43.31021
L,-0.231619,0.9720417,-0.05436019,0,0,0,0,0,0,43.32478
L,-0.231619,0.9720417,-0.05436019,0,0,0,0,0,0,43.34026
L,-0.231619,0.9720417,-0.05436019,0,0,0,0,0,0,43.35463
L,-0.231619,0.9720417,-0.05436019,0,0,0,0,0,0,43.38042
L,-0.231619,0.9720417,-0.05436019,0,0,0,0,0,0,43.39366
L,-0.231619,0.9720417,-0.05436019,0,0,0,0,0,0,43.40787
L,-0.231619,0.9720417,-0.05436019,0,0,0,0,0,0,43.42179
L,-0.231619,0.9720417,-0.05436019,0,0,0,0,0,0,43.43642
L,-0.231619,0.9720417,-0.05436019,0,0,0,0,0,0,43.44953
L,-0.231619,0.9720417,-0.05436019,0,0,0,0,0,0,43.46468
L,-0.185828,0.9150956,0.001671836,1.647974,-2.049436,2.016538,59.30897,-73.7572,72.57321,43.49247
L,-0.185828,0.9150956,0.001671836,0,0,0,-115.8816,144.1114,-141.7981,43.50669
L,-0.185828,0.915095,0.001671855,-1.686151E-06,-2.248201E-05,7.06954E-07,-6.35992E-05,-0.0008479892,2.666529E-05,43.5332
L,-0.1906717,0.8398818,0.003714173,-0.3474959,-5.395915,0.1465193,-24.92981,-387.1102,10.51149,43.54714
L,-0.1667383,0.8248013,0.01873006,1.760384,-1.109222,1.104468,155.0415,315.3005,70.46033,43.56073
L,-0.1485727,0.8101966,0.02999731,1.256464,-1.010167,0.7793249,-34.85474,6.851369,-22.48929,43.57519
L,-0.1347802,0.797416,0.03866787,0.8994053,-0.8334266,0.5654064,-23.2838,11.5252,-13.94962,43.59053
L,-0.1354241,0.7639949,0.03153254,-0.04827839,-2.506043,-0.5350353,-71.0611,-125.4194,-82.5155,43.60386
L,-0.1346977,0.7386066,0.02726709,0.05336498,-1.865304,-0.3133858,7.467825,47.07558,16.28477,43.61747
L,-0.1382051,0.7150534,0.01258746,-0.1275912,-0.8568316,-0.5340241,-6.582926,36.68681,-8.026504,43.64496
L,-0.1454285,0.6730364,0.004403091,-0.4825652,-2.806957,-0.5467592,-23.71415,-130.2787,-0.850778,43.65993
L,-0.1494162,0.6546708,0.005647752,-0.2845247,-1.310403,0.08880791,14.13041,106.7808,45.34843,43.67395
L,-0.1515893,0.6365789,0.006306184,-0.08241611,-0.6861527,0.02497166,7.665155,23.67528,-2.421049,43.70031
L,-0.1497297,0.6039315,0.002085363,0.1251836,-2.19782,-0.2841456,13.97561,-101.7654,-20.80977,43.71517
L,-0.1491934,0.6022813,-0.006195329,0.03715377,-0.1143218,-0.573661,-6.098438,144.3385,-20.05675,43.7296
L,-0.1486324,0.5964057,-0.0122412,0.04009231,-0.4199198,-0.4320852,0.2100115,-21.84042,10.11812,43.7436
L,-0.1479951,0.5881343,-0.01702995,0.0246696,-0.3201833,-0.1853725,-0.5970131,3.860797,9.550241,43.76943
L,-0.1457697,0.561545,-0.02553241,0.1498168,-1.789997,-0.5723851,8.424909,-98.94786,-26.05368,43.78428
L,-0.1459896,0.5503926,-0.02966047,-0.01573054,-0.7979028,-0.2953462,-11.84423,70.98026,19.82099,43.79826
L,-0.1460025,0.5387204,-0.0331901,-0.0009709885,-0.8732342,-0.2640609,1.104204,-5.635751,2.340537,43.81163
L,-0.1458103,0.5267275,-0.03650773,0.01321099,-0.8242946,-0.2280279,0.9747564,3.363718,2.476628,43.82618
L,-0.1481815,0.5182971,-0.03968887,-0.1622062,-0.5767142,-0.2176193,-12.00015,16.93677,0.7120435,43.84079
L,-0.1497301,0.5086194,-0.04279048,-0.1110418,-0.6939192,-0.2223926,3.668613,-8.403887,-0.3422606,43.85474
L,-0.1534118,0.5086733,-0.04374006,-0.1428968,0.002091353,-0.03685634,-1.236393,27.01436,7.201246,43.8805
L,-0.152565,0.5209609,-0.04242186,0.05881318,0.8535084,0.09156347,14.01088,59.13987,8.920107,43.8949
L,-0.1495729,0.5357034,-0.04059351,0.2070694,1.020232,0.1265283,10.25989,11.53794,2.419697,43.90935
L,-0.1476571,0.5421605,-0.04002245,0.1337111,0.4506664,0.03985654,-5.119929,-39.75195,-6.049114,43.92368
L,-0.1419801,0.5569793,-0.03573842,0.3908014,1.02013,0.2949137,17.69819,39.20208,17.55822,43.93821
L,-0.1376856,0.5669647,-0.03297278,0.3101358,0.7211088,0.199724,-5.825346,-21.59413,-6.874218,43.95205
L,-0.1379265,0.5701271,-0.03185406,-0.01796031,0.2357748,0.08340833,-24.46201,-36.18526,-8.672198,43.96547
L,-0.1378027,0.5719271,-0.03125348,0.008521701,0.1239778,0.04136612,1.823988,-7.700193,-2.89572,43.97998
L,-0.1375389,0.5728407,-0.03098353,0.01011581,0.03502486,0.01034902,0.06111213,-3.41013,-1.189083,44.00607
L,-0.1403455,0.5739243,-0.02757198,-0.1973547,0.07619702,0.2398916,-14.58883,2.895127,16.14088,44.02029
L,-0.1436348,0.5748491,-0.02470344,-0.2281147,0.06413691,0.1989344,-2.133212,-0.836372,-2.84039,44.03471
L,-0.1460019,0.5755407,-0.02260053,-0.172651,0.05044432,0.1533844,4.045481,-0.9987286,-3.322387,44.04842
L,-0.1477653,0.5760868,-0.02095902,-0.1289847,0.03994315,0.1200649,3.193879,-0.7680852,-2.437088,44.06209
L,-0.1482645,0.575876,-0.02080996,-0.03553924,-0.01500968,0.01061262,6.652953,-3.912426,-7.792572,44.07614
L,-0.1486056,0.5757612,-0.02066954,-0.02393101,-0.008055072,0.00985293,0.8145147,0.4879838,-0.05330552,44.09039
L,-0.1486039,0.57586,-0.0207565,0.0001211405,0.007047402,-0.006201544,1.715214,1.076992,-1.144881,44.10441
L,-0.148614,0.5759729,-0.02082547,-0.0006497695,0.007228566,-0.004416476,-0.04936234,0.01160017,0.1143001,44.12003
L,-0.1483996,0.5761771,-0.02100119,0.008483389,0.008076611,-0.006951855,0.3613346,0.03355113,-0.100307,44.14531
L,-0.147821,0.5764724,-0.02169513,0.03978698,0.02031004,-0.04772066,2.152689,0.8412697,-2.803593,44.15985
L,-0.1475233,0.5764035,-0.02223827,0.02238642,-0.00518144,-0.04084404,-1.308506,-1.916936,0.5171151,44.17315
L,-0.1472602,0.5763378,-0.02272975,0.0184289,-0.004601483,-0.03443048,-0.2772424,0.0406286,0.4492989,44.18742
L,-0.1469961,0.5759715,-0.02339363,0.01914884,-0.02655299,-0.04812825,0.05219235,-1.591388,-0.9930274,44.20121
L,-0.1467426,0.5755961,-0.0240502,0.01669578,-0.02472911,-0.0432454,-0.161571,0.1201304,0.3216102,44.2164
L,-0.1465147,0.5752387,-0.02465679,0.01602422,-0.02513077,-0.04265349,-0.04722301,-0.0282433,0.04162179,44.23062
L,-0.1460737,0.5755501,-0.02470256,0.03050791,0.02154106,-0.003166227,1.001798,3.228164,2.731226,44.24508
L,-0.1455457,0.5759308,-0.02474471,0.02075503,0.01496654,-0.001656773,-0.3834224,-0.2584691,0.05934227,44.27051
L,-0.1456445,0.5758609,-0.02489095,-0.006581247,-0.004662875,-0.009744897,-1.821566,-1.308015,-0.538956,44.28552
L,-0.1456567,0.5760871,-0.02497271,-0.0008592909,0.01596998,-0.005770633,0.4038709,1.456322,0.2805142,44.29969
L,-0.1456664,0.576329,-0.02504724,-0.0006908941,0.01717396,-0.005292535,0.01195672,0.08548638,0.03394649,44.31377
L,-0.145682,0.5766406,-0.0251392,-0.001096142,0.02193542,-0.006473004,-0.02852663,0.3351741,-0.08309694,44.32798
L,-0.1457101,0.57665,-0.02531039,-0.001099325,0.0003685802,-0.006700053,-0.0001246081,-0.8440754,-0.008886146,44.35353
L,-0.1456886,0.5768201,-0.02543594,0.001520036,0.01205466,-0.008899843,0.1856814,0.8284032,-0.1559388,44.36763
L,-0.145677,0.5769224,-0.02550326,0.0008435173,0.007394512,-0.004867192,-0.04890936,-0.3369083,0.2915431,44.38147
L,-0.1456667,0.5770192,-0.02556257,0.0007355089,0.006974986,-0.004273736,-0.007782783,-0.03022982,0.04276276,44.39534
L,-0.1456351,0.577055,-0.02564368,0.002103518,0.002382535,-0.005385564,0.09083467,-0.304935,-0.0738245,44.4104
L,-0.1456028,0.5770904,-0.02572385,0.002225248,0.002439866,-0.005524612,0.008388788,0.003950791,-0.009582167,44.42492
L,-0.1456141,0.5771481,-0.02592891,-0.0007876503,0.003992964,-0.01420571,-0.2087244,0.1075939,-0.6013998,44.43935
L,-0.1456273,0.5772069,-0.02613934,-0.0009338741,0.00415711,-0.01488467,-0.01034314,0.01161091,-0.04802666,44.45349
L,-0.1456071,0.5772972,-0.02613296,0.0007836719,0.00349452,0.0002467356,0.06646655,-0.0256413,0.5855636,44.47933
L,-0.145578,0.5774596,-0.02617886,0.001866043,0.01043453,-0.002947869,0.06950933,0.445684,-0.2051559,44.4949
L,-0.1455684,0.5775446,-0.02624938,0.0003675205,0.003227838,-0.002679955,-0.0569482,-0.2738752,0.01018154,44.52121
L,-0.1455624,0.5778965,-0.02619826,0.0003945807,0.02335839,0.003392504,0.001795867,1.335975,0.4030022,44.53628
L,-0.1455598,0.5781084,-0.02615957,9.889956E-05,0.008036296,0.001467387,-0.01121398,-0.5811045,-0.07301185,44.56265
L,-0.1454076,0.5781738,-0.02625413,0.01032872,0.004431936,-0.006414757,0.6940178,-0.2445293,-0.5347456,44.57739
L,-0.1453153,0.5782065,-0.02630757,0.006672099,0.002371344,-0.00386556,-0.2645033,-0.1490541,0.1843976,44.59121
L,-0.1452998,0.5782875,-0.02624218,0.001077479,0.00562649,0.004541895,-0.3886052,0.2261042,0.5839862,44.60561
L,-0.1452853,0.578369,-0.02617048,0.001002789,0.005623848,0.004948379,-0.005155213,-0.0001823662,0.02805618,44.6201
L,-0.1453566,0.5784955,-0.02612179,-0.002741479,0.004863047,0.001872198,-0.1439627,-0.02925192,-0.1182755,44.64611
L,-0.1453542,0.5785166,-0.02605779,0.0001604772,0.001385584,0.004202619,0.1905637,-0.2283557,0.1530325,44.66133
L,-0.1452564,0.5783787,-0.02604207,0.003747487,-0.005286002,0.0006025705,0.1374727,-0.2556895,-0.1379724,44.68743
L,-0.145249,0.5787133,-0.02609583,0.0005202053,0.02350449,-0.00377646,-0.2266915,2.022308,-0.3075929,44.70166
L,-0.1452467,0.578918,-0.02612907,0.0001634635,0.01449025,-0.002352029,-0.02524777,-0.6379669,0.1008116,44.71579
L,-0.1452454,0.5791138,-0.02616092,8.824035E-05,0.01413567,-0.002300571,-0.005432312,-0.02560578,0.003716032,44.72964
L,-0.14517,0.5792035,-0.02597485,0.005253626,0.006244191,0.01295203,0.3595525,-0.549311,1.061704,44.74401
L,-0.1450917,0.579294,-0.02577974,0.005121831,0.005927666,0.01277421,-0.00862867,-0.02072308,-0.01164174,44.75928
L,-0.145061,0.5791857,-0.02562835,0.002277359,-0.008019834,0.01120414,-0.2105199,-1.032257,-0.1162015,44.77279
L,-0.1450308,0.579069,-0.02547319,0.001111053,-0.00429929,0.005716033,-0.04296518,0.1370599,-0.2021745,44.79994
L,-0.1448524,0.5788715,-0.02521783,0.0120055,-0.01328285,0.01718221,0.7330376,-0.6044629,0.7715065,44.8148
L,-0.144746,0.5787515,-0.02506807,0.004104035,-0.004631844,0.005778306,-0.3048752,0.3337961,-0.4400155,44.84072
L,-0.1451044,0.5788519,-0.02492099,-0.02487958,0.006968353,0.01021098,-2.012151,0.805329,0.3077324,44.85512
L,-0.1450981,0.5786722,-0.0248092,0.0004708225,-0.01358402,0.008450166,1.916222,-1.553541,-0.1330985,44.86835
L,-0.1450713,0.578477,-0.02470303,0.001870146,-0.01358371,0.007390343,0.09740418,2.145792E-05,-0.07377228,44.88272
L,-0.1450424,0.5782739,-0.02459612,0.002106631,-0.01484114,0.007810595,0.01727796,-0.09186934,0.03070419,44.8964
L,-0.1451734,0.5784624,-0.02454708,-0.009691735,0.0139531,0.003629438,-0.873199,2.131066,-0.3094481,44.90992
L,-0.1453103,0.5786625,-0.02450001,-0.009273054,0.01355378,0.003188716,0.02836037,-0.02704889,-0.02985337,44.92468
L,-0.1451627,0.5784348,-0.02454066,0.01034634,-0.0159634,-0.002849656,1.375162,-2.068918,-0.4232415,44.93895
L,-0.1451851,0.578422,-0.02460256,-0.00155095,-0.0008868466,-0.004283804,-0.8233377,1.043355,-0.0992485,44.9534
L,-0.1452118,0.5784137,-0.02467024,-0.001955304,-0.0006012967,-0.004947218,-0.02955906,0.02087429,-0.04849687,44.96708
L,-0.1452414,0.5784084,-0.02474327,-0.001960041,-0.0003556525,-0.004842061,-0.0003140517,0.01628583,0.006971746,44.98216
L,-0.1452736,0.5784057,-0.02482129,-0.001258914,-0.0001026732,-0.003054091,0.02744865,0.009903973,0.06999782,45.0077
L,-0.1454463,0.5782428,-0.02483257,-0.006121798,-0.005772253,-0.0003999709,-0.1723136,-0.2008984,0.09404727,45.03592
L,-0.1456296,0.5782565,-0.0249564,-0.01272895,0.000952239,-0.008601332,-0.4589363,0.4670867,-0.5696709,45.05032
L,-0.1457351,0.5782728,-0.02503165,-0.007731666,0.001192848,-0.005515967,0.3663334,0.01763821,0.2261773,45.06396
L,-0.1457644,0.5781239,-0.02516374,-0.002083333,-0.01057757,-0.009383998,0.4012673,-0.8361912,-0.2747916,45.07804
L,-0.1457933,0.5779714,-0.02530254,-0.002238413,-0.0118227,-0.01075879,-0.01202044,-0.09651171,-0.1065623,45.09094
L,-0.1457574,0.5778312,-0.02548915,0.002347656,-0.0091875,-0.01222937,0.3005526,0.1727006,-0.09637585,45.1062
L,-0.1457124,0.5776675,-0.02571375,0.003045585,-0.01106972,-0.01519026,0.04720274,-0.1272997,-0.2002526,45.12098
L,-0.1456575,0.5774782,-0.02598046,0.002103804,-0.00725316,-0.01021574,-0.03607279,0.1461849,0.1905378,45.14709
L,-0.1456451,0.5774597,-0.02625506,0.0008659689,-0.001293737,-0.01922673,-0.08666965,0.4172615,-0.6309233,45.16137
L,-0.145637,0.577455,-0.02641736,0.0005985916,-0.0003477113,-0.0119849,-0.01974404,0.06985771,0.5347611,45.17492
L,-0.1457185,0.5774975,-0.02645997,-0.00547035,0.002852183,-0.002859933,-0.4073058,0.214755,0.6124052,45.18982
L,-0.1458051,0.5775456,-0.02649892,-0.00578571,0.003213398,-0.002601927,-0.02106771,0.02413113,0.01723618,45.20478
L,-0.1458957,0.5775986,-0.02653522,-0.003552783,0.002079906,-0.001423363,0.08754837,-0.04444186,0.04620903,45.23029
L,-0.1462403,0.5772356,-0.02664224,-0.0241014,-0.02538854,-0.007485242,-1.437219,-1.921208,-0.4239822,45.24459
L,-0.1465333,0.5769271,-0.02672558,-0.02101721,-0.02213328,-0.005978439,0.2212648,0.2335379,0.1081006,45.25853
L,-0.1467517,0.5769913,-0.02688371,-0.007848907,0.002304345,-0.005681824,0.4731347,0.8780395,0.01065729,45.28636
L,-0.1474364,0.5779371,-0.02714569,-0.02466908,0.03407822,-0.009438807,-0.6060069,1.144768,-0.1353588,45.31411
L,-0.1480486,0.579151,-0.02761985,-0.04227209,0.0838259,-0.03274417,-1.215628,3.435473,-1.609421,45.32859
L,-0.1483661,0.5798315,-0.02787557,-0.02210361,0.04736873,-0.01780022,1.403889,-2.537714,1.040219,45.34296
L,-0.1485973,0.5798821,-0.02779218,-0.008623987,0.001887539,0.003110535,0.5027891,-1.696446,0.7799702,45.36977
L,-0.1487636,0.5800228,-0.02767614,-0.005952178,0.005034817,0.004153124,0.09563062,0.1126488,0.03731683,45.39771
L,-0.1487203,0.5801451,-0.027554,0.002778308,0.007839242,0.007828617,0.5595708,0.1797465,0.2355766,45.41331
L,-0.1486971,0.5801343,-0.02747057,0.000894583,-0.0004142121,0.003221074,-0.07272567,-0.3186441,-0.1778851,45.43921
L,-0.1486947,0.5803086,-0.02747467,0.0001630939,0.01169874,-0.0002750334,-0.04911769,0.8133548,-0.234755,45.45411
L,-0.1487222,0.5805431,-0.02758187,-0.001030924,0.00877596,-0.004011141,-0.04467667,-0.1093618,-0.1397942,45.48083
L,-0.1484754,0.5811105,-0.02750654,0.01648907,0.03790377,0.005032383,1.170429,1.945892,0.6041554,45.4958
L,-0.148262,0.5815756,-0.02744128,0.007959235,0.01735024,0.002433972,-0.3181625,-0.7666453,-0.09692057,45.52261
L,-0.1485152,0.5818948,-0.02744626,-0.01709135,0.02154271,-0.0003360391,-1.690747,0.2829634,-0.1869572,45.53743
L,-0.1486756,0.5820888,-0.02744944,-0.006052832,0.00732211,-0.0001199966,0.4165969,-0.5366893,0.008153507,45.56392
L,-0.1487554,0.5821085,-0.0274575,-0.005418379,0.001335124,-0.0005470722,0.04306522,-0.4063833,-0.02898895,45.57866
L,-0.1489546,0.5819692,-0.02750668,-0.007373875,-0.005157574,-0.001820848,-0.07240415,-0.2403986,-0.0471628,45.60566
L,-0.1492298,0.5819098,-0.02743383,-0.01879947,-0.004058918,0.004976067,-0.7803934,0.07504071,0.4642445,45.6203
L,-0.1493273,0.5820128,-0.02728073,-0.00647214,0.006842372,0.01017088,0.8189393,0.7242036,0.3451059,45.63536
L,-0.1494188,0.5821114,-0.02713064,-0.003525838,0.003796085,0.005779047,0.1134482,-0.1172981,-0.1691087,45.66133
L,-0.1492952,0.5820966,-0.02697076,0.008000486,-0.0009524617,0.01034332,0.7456951,-0.3072071,0.2952855,45.67678
L,-0.1493331,0.5821362,-0.02678985,-0.001468156,0.001527481,0.006992818,-0.3659905,0.09585698,-0.1295066,45.70266
L,-0.1492433,0.5821347,-0.02650979,0.006039664,-0.0001001603,0.01882437,0.5046487,-0.1094042,0.7952743,45.71753
L,-0.1490802,0.5820839,-0.02638161,0.01112021,-0.003459125,0.008741428,0.3464711,-0.2290667,-0.6876125,45.7322
L,-0.148921,0.5820324,-0.02626074,0.005989434,-0.001937428,0.004547365,-0.1930256,0.05724793,-0.1577854,45.75878
L,-0.1488198,0.581972,-0.02619288,0.007067461,-0.004220498,0.004738305,0.0752793,-0.1594281,0.0133335,45.7731
L,-0.1487617,0.5819342,-0.02615695,0.003765363,-0.002447196,0.002327418,-0.2138403,0.1148371,-0.1561264,45.78854
L,-0.148878,0.5819774,-0.02608362,-0.004538691,0.001683408,0.002860369,-0.3239371,0.1611329,0.02079017,45.81417
L,-0.1490306,0.5820262,-0.02587398,-0.01035733,0.003317581,0.01422982,-0.3949562,0.1109241,0.7717331,45.82891
L,-0.1491235,0.5820549,-0.02574982,-0.003385779,0.001043115,0.004526686,0.2541794,-0.08292596,-0.3537717,45.85633
L,-0.1491602,0.5821319,-0.02583547,-0.00256634,0.005380464,-0.005983788,0.05725241,0.303041,-0.7343438,45.87065
L,-0.1491801,0.5821776,-0.02589503,-0.001329914,0.003049459,-0.003972969,0.08247368,-0.1554857,0.1341282,45.88564
L,-0.1493548,0.5821402,-0.02593775,-0.006795924,-0.001454405,-0.001662447,-0.21272,-0.1752763,0.08991829,45.91133
L,-0.1492801,0.5817653,-0.0259249,0.005003635,-0.02512302,0.000860733,0.7906911,-1.586039,0.1690789,45.92626
L,-0.1492245,0.5815315,-0.02591834,0.002069713,-0.008709672,0.0002446264,-0.1093107,0.6115208,-0.02295461,45.9531
L,-0.1491408,0.5812094,-0.02585965,0.005691212,-0.02189769,0.003990078,0.2462018,-0.8965665,0.2546286,45.96781
L,-0.1490847,0.5810154,-0.02582466,0.003909362,-0.01350488,0.002435572,-0.1240311,0.5842075,-0.1082062,45.98217
L,-0.1489504,0.5808689,-0.02588623,0.005067552,-0.005529262,-0.002323659,0.04371045,0.3010021,-0.1796147,46.00867
L,-0.1487252,0.5808091,-0.02591686,0.01482354,-0.003935679,-0.002016398,0.6422587,0.1049091,0.02022768,46.02386
L,-0.1486225,0.5809261,-0.02587229,0.00700361,0.007979156,0.00303931,-0.5332852,0.8125396,0.3447772,46.03852
L,-0.1485244,0.5810462,-0.02582804,0.003806831,0.004656518,0.001716499,-0.1240036,-0.1288857,-0.05131207,46.0643
L,-0.148662,0.5811512,-0.0257934,-0.009211009,0.007034442,0.002318588,-0.8714374,0.1591824,0.04030492,46.07924
L,-0.1487594,0.5812224,-0.02572409,-0.006060528,0.004427207,0.004311452,0.1959848,-0.1621906,0.1239718,46.09532
L,-0.1488545,0.581293,-0.02565542,-0.003752257,0.002783629,0.002708616,0.09104715,-0.06482906,-0.06322204,46.12067
L,-0.1487427,0.5812013,-0.02571963,0.007602802,-0.006232171,-0.004365026,0.7719555,-0.6129248,-0.4808903,46.13538
L,-0.1486711,0.5811442,-0.0257605,0.005001499,-0.003989539,-0.002855508,-0.1817473,0.1566878,0.1054667,46.14969
L,-0.1486804,0.5809762,-0.02568834,-0.0003536755,-0.006370679,0.0027359,-0.2030412,-0.09028082,0.211998,46.17607
L,-0.1485886,0.5806165,-0.02572899,0.006116287,-0.02394537,-0.002705634,0.4306912,-1.169909,-0.362231,46.19109
L,-0.1484348,0.5803444,-0.02590599,0.0057959,-0.01025489,-0.006672264,-0.01207759,0.5160883,-0.1495295,46.21762
L,-0.1488749,0.5797237,-0.02586125,-0.01569035,-0.02213258,0.001595083,-0.766117,-0.4235128,0.2947817,46.24566
L,-0.149147,0.5797212,-0.02560027,-0.01802718,-0.0001658034,0.01728526,-0.1547711,1.454891,1.039183,46.26076
L,-0.149299,0.5797529,-0.02543771,-0.005768282,0.001204012,0.006172401,0.4654686,0.05201172,-0.4219536,46.2871
L,-0.148973,0.5790402,-0.02518815,0.02202098,-0.04815561,0.01686093,1.877523,-3.334878,0.7221478,46.3019
L,-0.1486519,0.5783738,-0.02495367,0.02272986,-0.04716185,0.0165951,0.05016971,0.07033122,-0.01881346,46.31603
L,-0.1485926,0.578431,-0.0250145,0.004070971,0.003928759,-0.004176864,-1.28112,3.507883,-1.426204,46.33059
L,-0.1485308,0.5785005,-0.02508195,0.00235362,0.002645767,-0.002567696,-0.06537804,-0.04884238,0.06125963,46.35686
L,-0.1484425,0.5782598,-0.02530845,0.005807383,-0.01584474,-0.01491122,0.227369,-1.217271,-0.8126017,46.37205
L,-0.1483876,0.5781139,-0.02544708,0.00211804,-0.005626655,-0.005345739,-0.1422682,0.394029,0.3688633,46.39798
L,-0.1483715,0.5779936,-0.02538598,0.0010961,-0.008181243,0.004153936,-0.06947497,-0.1736696,0.6458202,46.41269
L,-0.14838,0.5780111,-0.02531841,-0.000583903,0.001196289,0.004612732,-0.1146882,0.6401729,0.03132045,46.42734
L,-0.1483901,0.5780391,-0.02524961,-0.000384715,0.001066064,0.002623677,0.007596149,-0.004966205,-0.07585377,46.45356
L,-0.1482691,0.5780336,-0.02520161,0.008038203,-0.000364293,0.003188801,0.5595585,-0.09502269,0.03754278,46.46862
L,-0.1481942,0.5780327,-0.02517325,0.002791764,-3.108127E-05,0.001056208,-0.1954138,0.01241112,-0.07943255,46.49546
L,-0.1482315,0.5781801,-0.02499189,-0.002533291,0.01001166,0.01232284,-0.3618277,0.682386,0.7655467,46.51018
L,-0.1482555,0.5782723,-0.02488188,-0.0008828671,0.003380682,0.00403334,0.06051032,-0.243115,-0.303922,46.53746
L,-0.1483456,0.5779817,-0.02480345,-0.005984106,-0.01930357,0.005210354,-0.3388898,-1.506979,0.07819244,46.55251
L,-0.1483968,0.5776198,-0.02479963,-0.001919026,-0.01357685,0.0001435217,0.1524951,0.2148291,-0.1900744,46.57917
L,-0.1480035,0.577147,-0.02481583,0.01407391,-0.01691749,-0.000579859,0.5722703,-0.1195371,-0.02588451,46.60711
L,-0.1476808,0.5767319,-0.02486533,0.02146653,-0.02761739,-0.003292924,0.4918606,-0.7119073,-0.1805111,46.62214
L,-0.1476639,0.5766549,-0.02490686,0.0006227434,-0.002832743,-0.001526803,-0.7661348,0.9109851,0.06491559,46.64935
L,-0.1478905,0.5764816,-0.02455573,-0.01504252,-0.01149525,0.02330325,-1.039634,-0.5748924,1.647861,46.66442
L,-0.1480454,0.5763732,-0.02431635,-0.005979647,-0.004189378,0.009244398,0.3499969,0.2821437,-0.5429353,46.69031
L,-0.1479108,0.5765629,-0.02425898,0.00863507,0.01217786,0.003682674,0.9380902,1.050581,-0.3569962,46.70589
L,-0.1478254,0.5766876,-0.0242283,0.003317479,0.004839724,0.001190845,-0.2063925,-0.2848161,-0.09671571,46.73166
L,-0.147796,0.5767797,-0.0243158,0.001937382,0.006080762,-0.005778077,-0.09112949,0.08194724,-0.4601665,46.7468
L,-0.1477626,0.5767278,-0.02425204,0.001228632,-0.001902821,0.002339636,-0.02600709,-0.2929519,0.2978737,46.77405
L,-0.1477664,0.5766004,-0.02413866,-0.0002371652,-0.007950149,0.007076707,-0.09148805,-0.3774454,0.2956654,46.79007
L,-0.1478139,0.5765162,-0.02408774,-0.001855905,-0.00329266,0.001989291,-0.06324039,0.1819572,-0.1987534,46.81567
L,-0.1477292,0.5763952,-0.02411458,0.006030274,-0.00861498,-0.00191186,0.5617703,-0.3791343,-0.2778977,46.82971
L,-0.1476759,0.5763247,-0.02413486,0.001925162,-0.002544655,-0.0007316152,-0.1481457,0.2190665,0.0425928,46.85742
L,-0.1478717,0.5761766,-0.02407578,-0.01294696,-0.009790248,0.00390465,-0.9830152,-0.478918,0.3064471,46.87255
L,-0.1479931,0.5760897,-0.0240413,-0.004760925,-0.003407008,0.001352602,0.3211495,0.2504233,-0.1001203,46.89804
L,-0.1479417,0.576119,-0.0238589,0.003502015,0.001994767,0.01243238,0.5632033,0.3681859,0.7551997,46.91271
L,-0.147884,0.5760545,-0.02384926,0.002068423,-0.002310228,0.0003455601,-0.05135386,-0.1542127,-0.4329719,46.94062
L,-0.1478124,0.5759146,-0.02398916,0.004608799,-0.009010289,-0.009011129,0.1636227,-0.4315431,-0.6026535,46.95615
L,-0.1477964,0.5758269,-0.02416335,0.0006186811,-0.003382353,-0.006715088,-0.1538214,0.2169602,0.08851374,46.98209
L,-0.1478934,0.5755786,-0.02432065,-0.006621297,-0.0169515,-0.01073825,-0.4942492,-0.9263203,-0.2746476,46.99674
L,-0.1479551,0.5754297,-0.02441543,-0.00229174,-0.005528506,-0.003519291,0.1607602,0.4241457,0.2680461,47.02367
L,-0.1478604,0.5752916,-0.02433485,0.006393968,-0.009326675,0.005444462,0.5868315,-0.2566153,0.605617,47.03847
L,-0.1478017,0.5752131,-0.02428175,0.002135706,-0.002854109,0.001930506,-0.1548236,0.2353321,-0.1277618,47.06598
L,-0.147657,0.5753587,-0.02429238,0.009763614,0.009818901,-0.0007168411,0.5145678,0.8549031,-0.1785862,47.0808
L,-0.1475904,0.5753014,-0.02434072,0.0024862,-0.002138978,-0.001805319,-0.2717565,-0.4465365,-0.04064644,47.10758
L,-0.1475341,0.5752146,-0.02437865,0.001990016,-0.003069347,-0.001341324,-0.01754879,-0.03290484,0.01641035,47.13585
L,-0.1475001,0.5751659,-0.0244161,0.002301177,-0.003300943,-0.002535859,0.02106635,-0.0156796,-0.08087299,47.15062
L,-0.1474491,0.5751348,-0.02448252,0.001951417,-0.001188958,-0.002537924,-0.01336552,0.08070615,-7.888304E-05,47.17679
L,-0.1474323,0.5751733,-0.02455598,0.001075801,0.002481437,-0.004727004,-0.05634203,0.2361738,-0.1408577,47.19233
L,-0.1474735,0.5752586,-0.02456644,-0.001567379,0.003247077,-0.0003980847,-0.1006235,0.02914726,0.1647982,47.2186
L,-0.1473631,0.575152,-0.02465392,0.007751824,-0.007486107,-0.00614183,0.654251,-0.753519,-0.4032374,47.23285
L,-0.1472952,0.5750856,-0.02470636,0.002467961,-0.002414851,-0.001907061,-0.1921661,0.1844339,0.1540121,47.26034
L,-0.1475549,0.5751954,-0.02481741,-0.01711833,0.007242675,-0.007321885,-1.291356,0.6367361,-0.357008,47.27551
L,-0.1477161,0.5752642,-0.02488352,-0.006063374,0.002584738,-0.002486452,0.4157807,-0.1751865,0.1818623,47.3021
L,-0.1477313,0.5749801,-0.02514866,-0.0005529147,-0.01035221,-0.009664126,0.2008529,-0.471544,-0.2616218,47.32953
L,-0.147872,0.5748562,-0.02544503,-0.004974752,-0.004381491,-0.01047901,-0.1563472,0.2111126,-0.02881278,47.35781
L,-0.1480438,0.5750324,-0.02580472,-0.01169644,0.01199052,-0.02447808,-0.4574378,1.114181,-0.9526922,47.37251
L,-0.1481576,0.5751614,-0.02603578,-0.003876303,0.004393516,-0.007870616,0.2663724,-0.2587721,0.5656894,47.40187
L,-0.1501891,0.5772566,-0.02843782,-0.1371846,0.1414823,-0.1622053,-9.002057,9.257343,-10.42193,47.41668
L,-0.1510108,0.5803748,-0.03554722,-0.02967631,0.1126257,-0.2567765,3.88298,-1.042241,-3.415717,47.44436
L,-0.1513454,0.58176,-0.03836722,-0.01247123,0.05162203,-0.1050964,0.6412007,-2.273493,5.652835,47.4712
L,-0.1518198,0.5957417,-0.03665255,-0.01753901,0.5169561,0.06339791,-0.1873747,17.20515,6.229869,47.49824
L,-0.1574407,0.6234918,-0.03441489,-0.2040288,1.007272,0.08122236,-6.769203,17.79746,0.6469914,47.52579
L,-0.1639259,0.659964,-0.03324351,-0.2368413,1.331984,0.04277937,-1.198328,11.85867,-1.403957,47.55317
L,-0.1674271,0.6956895,-0.03252686,-0.1260055,1.285725,0.02579176,3.988871,-1.664839,-0.6113673,47.58096
L,-0.1644984,0.7371408,-0.03470073,0.1071966,1.517202,-0.07956816,8.53568,8.472559,-3.856391,47.60828
L,-0.1590518,0.7754371,-0.03005673,0.3423973,2.407471,0.2919417,14.78572,55.96611,23.3547,47.62419
L,-0.1578286,0.7837043,-0.02348608,0.04823232,0.3259932,0.2590937,-11.59952,-82.07687,-1.295263,47.64955
L,-0.1579778,0.7843803,-0.02147045,-0.005342136,0.02421256,0.0722037,-1.919134,-10.81033,-6.694739,47.67746
L,-0.1593176,0.7868488,-0.01667892,-0.09218955,0.169845,0.3296775,-5.975467,10.02012,17.71528,47.692
L,-0.1608012,0.7868211,-0.01190656,-0.05482075,-0.00102199,0.1763524,1.380886,-6.314034,-5.665808,47.71906
L,-0.1611404,0.7869114,-0.01210554,-0.01199325,0.003190754,-0.007035327,1.514294,0.1489541,-6.48422,47.74734
L,-0.1583648,0.7909625,-0.01274468,0.1015636,0.148239,-0.0233874,4.155255,5.307584,-0.5983527,47.77467
L,-0.1470547,0.8013796,-0.012833,0.7684985,0.707823,-0.006001379,45.317,38.02271,1.181348,47.78939
L,-0.1396131,0.8078125,-0.01212963,0.229936,0.1987657,0.02173309,-16.64084,-15.72918,0.8569572,47.82175
L,-0.1408284,0.8043914,-0.01376604,-0.05460983,-0.153719,-0.07353006,-12.78574,-15.83849,-4.280539,47.84401
L,-0.1380374,0.8080264,-0.02407899,0.1804776,0.2350456,-0.666867,15.20147,25.13871,-38.36697,47.85947
L,-0.1346277,0.8136132,-0.03137936,0.1314846,0.2154379,-0.281516,-1.889267,-0.7561116,14.85988,47.8854
L,-0.1382059,0.8124324,-0.03171317,-0.2358018,-0.07781077,-0.02199794,-24.2036,-19.32463,17.10184,47.90058
L,-0.1393287,0.8125374,-0.03209001,-0.04216512,0.003944305,-0.0141526,7.272305,3.07043,0.2946431,47.9272
L,-0.1394914,0.7993504,-0.04035901,-0.005798838,-0.4699438,-0.2946804,1.295976,-16.88783,-9.997101,47.95527
L,-0.135782,0.7865395,-0.04627165,0.1360765,-0.4699548,-0.2168995,5.204556,-0.0004045095,2.853316,47.98252
L,-0.1362687,0.7783042,-0.04731487,-0.01718771,-0.2907925,-0.03683656,-5.41181,6.326282,6.358085,48.01085
L,-0.1382243,0.7753596,-0.04576086,-0.07111998,-0.107088,0.05651734,-1.961435,6.681053,3.395139,48.03834
L,-0.1376631,0.7761766,-0.04404638,0.02054437,0.02991009,0.06277101,3.356042,5.015815,0.2289612,48.06565
L,-0.1353442,0.777047,-0.04059347,0.1406503,0.05279674,0.2094304,7.284833,1.388153,8.895391,48.08214
L,-0.1341385,0.7771377,-0.03914215,0.04393527,0.003303534,0.05288492,-3.524224,-1.803495,-5.704401,48.10958
L,-0.1345491,0.7815889,-0.03835599,-0.01323619,0.1434898,0.02534295,-1.842985,4.519061,-0.8878457,48.14061
L,-0.1325912,0.7915618,-0.03555492,0.04482464,0.228327,0.06412945,1.329284,1.942318,0.8880042,48.18428
L,-0.1325396,0.7976609,-0.0332722,0.003122116,0.3689036,0.1380716,-2.522397,8.502842,4.472426,48.20082
L,-0.1367152,0.7951448,-0.03227014,-0.1554407,-0.09366347,0.03730241,-5.902626,-17.21942,-3.751213,48.22768
L,-0.1339975,0.7962599,-0.02967426,0.1651445,0.06776267,0.1577411,19.48064,9.8092,7.318563,48.24414
L,-0.1319347,0.7972329,-0.02766353,0.07821201,0.03688847,0.07623664,-3.296043,-1.170594,-3.090238,48.27051
L,-0.1314635,0.8014334,-0.0230351,0.0288732,0.2573998,0.2836172,-3.023346,13.51232,12.70771,48.28683
L,-0.1287887,0.8065701,-0.01726149,0.1035427,0.1988403,0.2234965,2.890457,-2.266834,-2.327274,48.31266
L,-0.127388,0.8114189,-0.01323725,0.09035029,0.3127653,0.2595796,-0.8509647,7.348608,2.327502,48.32817
L,-0.1277793,0.8124524,-0.01320797,-0.01446612,0.03820326,0.001082247,-3.874365,-10.14873,-9.554924,48.35522
L,-0.120621,0.8180175,-0.01348377,0.4741055,0.368581,-0.01826675,32.3588,21.88139,-1.281512,48.37032
L,-0.1168725,0.8211727,-0.01322189,0.1404597,0.1182283,0.009812632,-12.50189,-9.380856,1.05215,48.39701
L,-0.1167822,0.8197097,-0.01657566,0.003242016,-0.05250975,-0.1203684,-4.924809,-6.127868,-4.672259,48.42487
L,-0.1149267,0.8178283,-0.02093498,0.1139088,-0.1155006,-0.2676275,6.79406,-3.867135,-9.040537,48.44116
L,-0.1138133,0.8173215,-0.02265676,0.04342173,-0.01976253,-0.06714579,-2.748849,3.733585,7.81837,48.4668
L,-0.1145561,0.8160247,-0.02493017,-0.02603401,-0.04544828,-0.07967386,-2.434145,-0.9001823,-0.4390586,48.49533
L,-0.1168695,0.8147823,-0.02993516,-0.08434403,-0.04529946,-0.1824793,-2.125956,0.00542583,-3.748239,48.52276
L,-0.1130508,0.8232055,-0.03331169,0.2415663,0.5328411,-0.213595,20.61666,36.57242,-1.968337,48.53857
L,-0.1122995,0.823443,-0.03313048,0.02845208,0.008995323,0.006862461,-8.070878,-19.83864,8.348974,48.56498
L,-0.112175,0.82355,-0.03315496,0.004492564,0.003864294,-0.0008836398,-0.8648917,-0.1852201,-0.2796191,48.59268
L,-0.1123796,0.8271629,-0.03348666,-0.01259894,0.2225314,-0.02043049,-1.052734,13.46858,-1.203968,48.60891
L,-0.1121478,0.8312894,-0.03354283,0.009327266,0.1660606,-0.002260756,0.8823801,-2.272565,0.7312075,48.63376
L,-0.1123799,0.8338897,-0.03366846,-0.00817625,0.09159794,-0.004425237,-0.6165603,-2.622943,-0.07624374,48.66215
L,-0.1173379,0.8269716,-0.03222138,-0.178137,-0.2485673,0.05199352,-6.106659,-12.22208,2.027116,48.68998
L,-0.1216485,0.8220647,-0.02993314,-0.2711151,-0.3086163,0.1439174,-5.847807,-3.776746,5.781499,48.70588
L,-0.1232335,0.8204234,-0.02911068,-0.06110409,-0.06327435,0.03170611,8.096049,9.458075,-4.32581,48.73182
L,-0.1286709,0.8231268,-0.02584682,-0.1957922,0.09734719,0.1175278,-4.849956,5.783787,3.090336,48.75959
L,-0.1327134,0.8251562,-0.02338037,-0.1376278,0.06909091,0.0839696,1.980187,-0.9619757,-1.142479,48.78897
L,-0.1309345,0.8278849,-0.02179541,0.06910728,0.1060013,0.06157177,8.031176,1.433883,-0.8701031,48.81471
L,-0.1293241,0.8283623,-0.02037538,0.05524057,0.01637947,0.04871145,-0.4756705,-3.074304,-0.4411484,48.84386
L,-0.127991,0.8302636,-0.01901537,0.05031392,0.07175218,0.05132703,-0.1859334,2.089782,0.09871281,48.87036
L,-0.1263503,0.8320376,-0.01682515,0.05767035,0.06235753,0.07698509,0.2585741,-0.3302158,0.9018645,48.89881
L,-0.1235232,0.8340535,-0.01535814,0.1044682,0.07449076,0.05421026,1.729318,0.4483582,-0.8415963,48.92587
L,-0.1206964,0.8368516,-0.01504056,0.1819802,0.1801365,0.02044456,4.990005,6.801175,-2.173742,48.9414
L,-0.1200345,0.8368248,-0.01444304,0.02485157,-0.001007054,0.02243429,-5.899503,-6.801158,0.07470591,48.96804
L,-0.1195792,0.8392066,-0.01458204,0.0163688,0.0856268,-0.004996948,-0.3049515,3.114447,-0.9861403,48.99585
L,-0.1180679,0.8448102,-0.01320969,0.0360688,0.1337343,0.0327525,0.4701598,1.148133,0.9009277,49.03775
L,-0.1269038,0.8645217,-0.01147238,-0.3186071,0.7107634,0.06264467,-12.78902,20.8067,1.077862,49.06549
L,-0.1281652,0.8833808,-0.008188758,-0.0449309,0.6717137,0.1169539,9.747631,-1.39085,1.934355,49.09356
L,-0.1235749,0.8971112,-0.002439968,0.1592135,0.4762276,0.1993928,7.080609,-6.780299,2.859336,49.12239
L,-0.1159871,0.9051136,-0.003142545,0.2824601,0.2978979,-0.026154,4.58795,-6.638464,-8.396158,49.14926
L,-0.1087118,0.9072461,-0.005984185,0.2647403,0.07759795,-0.1034035,-0.644798,-8.016422,-2.811007,49.17674
L,-0.1066128,0.9081733,-0.006568763,0.1361971,0.06016399,-0.03793157,-8.340802,-1.13124,4.248287,49.19215
L,-0.1054628,0.9093648,-0.006723622,0.04365062,0.04522788,-0.005878288,-3.512961,-0.5669577,1.216706,49.21849
L,-0.0979974,0.9017494,0.00733542,0.2693399,-0.2747492,0.5072246,8.142455,-11.54419,18.51181,49.24621
L,-0.08235055,0.8927984,0.03117536,0.55339,-0.316577,0.8431595,10.04615,-1.479344,11.88118,49.27449
L,-0.0757859,0.9060743,0.07749093,0.2402799,0.4859283,1.695245,-11.46047,29.37336,31.1881,49.30181
L,-0.08589248,0.927065,0.1128009,-0.3696123,0.7676588,1.291337,-22.30463,10.30328,-14.77151,49.32915
L,-0.09965196,0.9567975,0.1943884,-0.4871641,1.052702,2.888666,-4.162007,10.09215,56.5546,49.3574
L,-0.1107501,0.9651467,0.2441418,-0.7417931,0.5580539,3.325484,-17.01924,-33.06195,29.19662,49.37236
L,-0.1153984,0.9699978,0.2691019,-0.1757838,0.1834495,0.9439015,21.40449,-14.16623,-90.0631,49.3988
L,-0.138996,0.9352786,0.285739,-1.495636,-2.200537,1.05448,-83.65359,-151.0996,7.008564,49.41458
L,-0.1490235,0.9265972,0.2792554,-0.3915204,-0.3389582,-0.2531487,43.1095,72.6842,-51.05555,49.44019
L,-0.1552361,0.9188451,0.269989,-0.2224839,-0.2776212,-0.3318477,6.05354,2.196602,-2.818368,49.46811
L,-0.1444883,0.9244121,0.241652,0.3801231,0.1968914,-1.00221,21.31271,16.78233,-23.70906,49.49639
L,-0.1292466,0.9282704,0.2182455,0.554162,0.1402826,-0.8510224,6.327772,-2.058207,5.496949,49.52389
L,-0.120743,0.9241962,0.2056456,0.5325298,-0.2551399,-0.7890531,-1.35469,-24.76293,3.880759,49.53986
L,-0.1176988,0.9227391,0.2008442,0.1184368,-0.05668874,-0.1868032,-16.11042,7.720804,23.43072,49.56556
L,-0.1161792,0.9041316,0.162103,0.05444883,-0.6667386,-1.388156,-2.292793,-21.85906,-43.0464,49.59347
L,-0.1140091,0.890802,0.1277554,0.01432079,-0.08796398,-0.2266646,-0.2648104,3.819411,7.664838,49.74501
L,-0.1120567,0.8621344,0.01901435,0.1082048,-1.588802,-6.0266,5.203197,-83.17876,-321.4415,49.76305
L,-0.1148899,0.8473419,0.03098574,-0.04882312,-0.2549149,0.2062995,-2.706017,22.98648,107.4098,49.82108
L,-0.1199136,0.8378909,0.0008933507,-0.1641655,-0.3088402,-0.9833633,-3.769173,-1.762177,-38.87596,49.85168
L,-0.1240344,0.8342981,-0.007258759,-0.1415422,-0.1234052,-0.2800087,0.7770648,6.369323,24.15883,49.88079
L,-0.1275426,0.8310059,-0.01073402,-0.1229484,-0.1153785,-0.1217941,0.6516367,0.2813017,5.544788,49.90933
L,-0.1307372,0.8285176,-0.01410245,-0.110509,-0.08607977,-0.1165232,0.4303133,1.013524,0.1823352,49.93824
L,-0.1338851,0.8274733,-0.01708178,-0.1131982,-0.03755144,-0.1071349,-0.09670059,1.745049,0.337597,49.96605
L,-0.1362671,0.8272283,-0.02039605,-0.04235719,-0.004356176,-0.05893474,1.259703,0.5902821,0.8571016,50.02228
L,-0.1357046,0.827163,-0.02510246,0.02083481,-0.002419469,-0.1743085,2.340407,0.07172877,-4.273036,50.04928
L,-0.1312982,0.8277417,-0.03316019,0.1554645,0.02041765,-0.2842917,4.749984,0.8057352,-3.880409,50.07763
L,-0.1350411,0.8370059,-0.05766733,-0.2357472,0.5835048,-1.543585,-24.64051,35.4661,-79.3167,50.0935
L,-0.1364522,0.8407388,-0.06676318,-0.03539095,0.09362443,-0.2281308,5.025084,-12.28657,32.99257,50.13337
L,-0.1321732,0.8377779,-0.07085347,0.1506062,-0.1042121,-0.143964,6.54646,-6.963167,2.96238,50.16179
L,-0.1271685,0.8416074,-0.07503029,0.3100078,0.2372105,-0.2587258,9.873863,21.14884,-7.108722,50.17793
L,-0.1262072,0.8390909,-0.07448368,0.03535189,-0.09254656,0.02010255,-10.10093,-12.12736,10.25438,50.20512
L,-0.1256217,0.8375206,-0.07457741,0.02190812,-0.05875767,-0.003507317,-0.5030265,1.264281,-0.8834123,50.23185
L,-0.1239363,0.839353,-0.07368673,0.05612555,0.06102126,0.02966036,1.139468,3.988736,1.104511,50.26188
L,-0.1238654,0.8392121,-0.07315607,0.00281438,-0.005593873,0.02105833,-2.115532,-2.643469,-0.3413517,50.28708
L,-0.124555,0.8357323,-0.07394501,-0.02471635,-0.1247201,-0.02827678,-0.98674,-4.269652,-1.76824,50.31498
L,-0.1289643,0.8428672,-0.07193353,-0.1622964,0.2626193,0.07403775,-5.063997,14.25705,3.765957,50.34214
L,-0.1338705,0.8464286,-0.07144289,-0.3078299,0.2234584,0.03078486,-9.131338,-2.457108,-2.713855,50.35808
L,-0.1361745,0.8451471,-0.07209805,-0.09101692,-0.05062349,-0.02588097,8.564831,-10.82715,-2.238488,50.3834
L,-0.1447234,0.8507489,-0.07010221,-0.3015418,0.1975873,0.07039791,-7.425704,8.754974,3.395981,50.41175
L,-0.1449125,0.8511037,-0.07049877,-0.006803501,0.01276635,-0.01426805,10.60443,-6.649698,-3.046209,50.43954
L,-0.1448821,0.8514653,-0.07067926,0.0008950728,0.01063047,-0.00530669,0.2263498,-0.06279819,0.2634777,50.47355
L,-0.1444758,0.8522002,-0.06997283,0.0198029,0.03582012,0.03443427,0.9216388,1.227839,1.937124,50.49407
L,-0.1438273,0.8525931,-0.06704159,0.0398705,0.02415572,0.1802078,1.233724,-0.7171089,8.961929,50.51033
L,-0.1435913,0.852896,-0.06535581,0.009143258,0.01173838,0.06531422,-1.190506,-0.4811014,-4.451474,50.53614
L,-0.1408678,0.8543796,-0.06138889,0.09601306,0.05230046,0.1398475,3.062453,1.42995,2.62755,50.56451
L,-0.1393926,0.856751,-0.05689535,0.05308993,0.0853433,0.1617182,-1.544761,1.189179,0.7871024,50.5923
L,-0.138099,0.86158,-0.05342287,0.02885546,0.1077184,0.07745823,-0.540582,0.4991055,-1.87953,50.63713
L,-0.1372839,0.869874,-0.04583452,0.03494797,0.3556131,0.3253582,0.2612225,10.62874,10.62897,50.66045
L,-0.1377901,0.8746703,-0.03965382,-0.01809757,0.171485,0.220981,-1.896559,-6.583208,-3.731844,50.68842
L,-0.1332054,0.8901637,-0.02586562,0.1619304,0.5472245,0.4869975,6.358564,13.27106,9.395665,50.71673
L,-0.1328582,0.8949506,-0.006831057,0.01258381,0.1734669,0.68977,-5.411988,-13.54414,7.348023,50.74433
L,-0.1279334,0.9018519,0.007837416,0.1790574,0.2509189,0.533322,6.052712,2.81603,-5.688196,50.77183
L,-0.1237149,0.9080724,0.02213877,0.1523198,0.2246083,0.5163929,-0.965441,-0.9500215,-0.6112754,50.79953
L,-0.1198896,0.9315842,0.05100845,0.1390068,0.8543782,1.049073,-0.4837718,22.88473,19.35666,50.82705
L,-0.1133813,0.9729494,0.09169839,0.4006828,2.546651,2.505078,16.1101,104.1849,89.63903,50.84329
L,-0.1104768,0.9918351,0.1112886,0.1132685,0.7365042,0.7639793,-11.20856,-70.59196,-67.89924,50.86893
L,-0.1171635,1.020297,0.1415281,-0.2416431,1.028545,1.092791,-12.82574,10.55371,11.88254,50.8966
L,-0.1199711,1.025183,0.1825598,-0.1010143,0.1757909,1.476285,5.059702,-30.68134,13.79781,50.9244
L,-0.1196213,1.025687,0.2320753,0.02160863,0.03112482,3.058479,7.574191,-8.935755,97.72914,50.94059
L,-0.1193085,1.028754,0.258541,0.01224495,0.120067,1.036115,-0.366582,3.482028,-79.17422,50.96613
L,-0.1286254,1.021609,0.2820151,-0.5862647,-0.4495919,1.477099,-37.661,-35.84558,27.74876,50.98202
L,-0.1350427,0.9994968,0.2968254,-0.2399102,-0.8266521,0.5536825,12.94848,-14.09641,-34.52197,51.00877
L,-0.1367959,0.9616575,0.3002398,-0.06444108,-1.390822,0.1255006,6.449546,-20.73665,-15.73827,51.03598
L,-0.125995,0.9385348,0.2736138,0.3893552,-0.8335353,-0.9598256,16.35863,20.0893,-39.12428,51.06372
L,-0.1105029,0.9222302,0.2313569,0.5615537,-0.591004,-1.531717,6.241815,8.791225,-20.7298,51.0913
L,-0.09929033,0.9030631,0.1986353,0.3946451,-0.6746169,-1.151688,-5.874609,-2.942889,13.37571,51.11972
L,-0.09167889,0.8842548,0.17667,0.2432098,-0.6009854,-0.7018608,-4.838841,2.352762,14.37342,51.15101
L,-0.08050336,0.8613002,0.1429845,0.4377761,-0.8991963,-1.319556,7.621696,-11.68174,-24.19681,51.17654
L,-0.07375144,0.8333937,0.124817,0.2471341,-1.021435,-0.6649679,-6.97789,-4.47418,23.95928,51.20386
L,-0.07894425,0.797108,0.1134198,-0.1933613,-1.351147,-0.4243913,-16.40245,-12.2773,8.958198,51.23072
L,-0.06616005,0.811531,-0.002673127,0.2982117,0.3364394,-2.708049,11.46671,39.36561,-53.2699,51.27359
L,-0.04743095,0.865692,-0.01944384,0.7301783,2.111536,-0.6538285,16.84079,69.20448,80.08648,51.29924
L,-0.04717532,0.8508912,-0.02643502,0.006976129,-0.4039061,-0.1907866,-19.7359,-68.64544,12.63623,51.33588
L,-0.04328829,0.8317823,-0.02847404,0.1803474,-0.8865985,-0.09460454,8.043937,-22.39556,4.462574,51.35743
L,-0.0359613,0.8221087,-0.03383449,0.2701443,-0.3566653,-0.1976385,3.310788,19.53851,-3.798836,51.38456
L,-0.04307735,0.833553,-0.03911201,-0.1721828,0.2769104,-0.1276971,-10.70273,15.33026,1.69233,51.42588
L,-0.04816423,0.8444384,-0.05150967,-0.1792815,0.3836444,-0.4369416,-0.2501859,3.761721,-10.89898,51.45426
L,-0.06228681,0.8786275,-0.05205481,-0.350052,0.8474346,-0.01351241,-4.232835,11.49582,10.49541,51.4946
L,-0.07418922,0.8951681,-0.04931331,-0.4274172,0.5939769,0.09844767,-2.778193,-9.101704,4.020502,51.52245
L,-0.08235321,0.90125,-0.04443787,-0.2692001,0.2005444,0.1607634,5.217065,-12.97308,2.054806,51.55278
L,-0.08562375,0.9034988,-0.042549,-0.1208559,0.08310059,0.06979916,5.481752,-4.339892,-3.361396,51.57984
L,-0.0852496,0.9029623,-0.04121796,0.009522337,-0.01365443,0.0338762,3.318239,-2.4625,-0.9142709,51.61913
L,-0.08565338,0.8977576,-0.04143537,-0.01475846,-0.1902363,-0.007946757,-0.8874881,-6.454251,-1.528672,51.64649
L,-0.08645914,0.8951715,-0.04148576,-0.02898279,-0.0930232,-0.001812563,-0.5116387,3.496685,0.2206424,51.67429
L,-0.08642559,0.8949147,-0.04073049,0.0006086451,-0.004657223,0.01370175,0.5368316,1.603087,0.2814521,51.72941
L,-0.08811397,0.8911259,-0.04412433,-0.06108165,-0.1370735,-0.1227815,-2.231816,-4.790523,-4.937657,51.75705
L,-0.09155095,0.8868057,-0.05278914,-0.1214592,-0.1526713,-0.3062047,-2.133677,-0.5512099,-6.481976,51.78535
L,-0.1198562,0.8764738,-0.05182241,-1.013669,-0.370003,0.03462034,-31.95182,-7.783087,12.20564,51.81327
L,-0.1222675,0.8829348,-0.06355006,-0.08750021,0.234455,-0.4255719,33.60873,21.93453,-16.69942,51.84083
L,-0.1114891,0.8972071,-0.08586164,0.3892932,0.5154872,-0.8058484,17.2208,10.1503,-13.73481,51.86852
L,-0.1073042,0.8993421,-0.1028965,0.1467802,0.07488042,-0.5974843,-8.505932,-15.4539,7.308189,51.89703
L,-0.1069379,0.8957662,-0.1107603,0.01339239,-0.1307379,-0.2875101,-4.876822,-7.517658,11.33304,51.92438
L,-0.1067254,0.8932912,-0.1149861,0.007423488,-0.0864371,-0.1475817,-0.2084614,1.547187,4.886942,51.95301
L,-0.1062632,0.893979,-0.1165804,0.0167207,0.02488226,-0.0576808,0.3363523,4.027285,3.252412,51.98066
L,-0.1066828,0.8949188,-0.1184879,-0.01555319,0.03483589,-0.07070743,-1.196325,0.3689597,-0.4828696,52.00763
L,-0.1070324,0.8957607,-0.1198113,-0.01203735,0.02898444,-0.04556035,0.1210479,-0.2014608,0.8657942,52.03668
L,-0.10637,0.8960733,-0.1216603,0.01644031,0.007760722,-0.0458927,0.7068024,-0.5267628,-0.008248911,52.07697
L,-0.1064327,0.8960872,-0.1243975,-0.002230401,0.0004919924,-0.09738454,-0.66428,-0.2586121,-1.832014,52.10508
L,-0.1049234,0.8986706,-0.1291886,0.05506041,0.09424141,-0.1747786,2.089958,3.419962,-2.823321,52.13249
L,-0.1036019,0.9011449,-0.1318507,0.04659887,0.08725324,-0.09387296,-0.2983778,-0.2464227,2.852963,52.16085
L,-0.1041974,0.900694,-0.1324371,-0.02069789,-0.01567472,-0.02038221,-2.339093,-3.577559,2.554383,52.18962
L,-0.1056764,0.8987266,-0.1321298,-0.03602501,-0.0479218,0.007485104,-0.3733425,-0.7854838,0.6788004,52.23067
L,-0.1081982,0.8964103,-0.131302,-0.08991814,-0.08258807,0.02951525,-1.921621,-1.236066,0.78551,52.25872
L,-0.1094669,0.8957224,-0.1314582,-0.0465177,-0.0252229,-0.005726071,1.591212,2.103208,-1.29207,52.28599
L,-0.1103107,0.8955034,-0.1312759,-0.03005159,-0.007799762,0.00649361,0.58648,0.6205667,0.4352331,52.31407
L,-0.1101121,0.8955082,-0.1313983,0.003533311,8.484931E-05,-0.002178506,0.597616,0.1403003,-0.1543133,52.37027
L,-0.108288,0.8924587,-0.133821,0.06300256,-0.1053236,-0.08367661,2.053954,-3.640606,-2.814788,52.39922
L,-0.1058804,0.8858774,-0.1376421,0.09553667,-0.2611641,-0.15163,1.291042,-6.184173,-2.696576,52.42442
L,-0.1058737,0.882146,-0.1383133,0.0002378907,-0.1317915,-0.02370802,-3.36594,4.569424,4.518188,52.45273
L,-0.1031586,0.8697274,-0.1375756,0.09482466,-0.4337134,0.02576324,3.303405,-10.5445,1.727764,52.48137
L,-0.09909382,0.8550264,-0.1362554,0.1501624,-0.5430943,0.04877253,2.044316,-4.040802,0.8500205,52.50843
L,-0.09909382,0.8550264,-0.1362554,0,0,0,-3.630712,13.13124,-1.17925,52.54979
L,-0.09909382,0.8550264,-0.1362554,0,0,0,0,0,0,52.5772
L,-0.06662507,1.005665,0.09911357,1.138508,5.28209,8.253152,39.9215,185.2151,289.3946,52.60572
L,-0.08251661,1.008217,0.1425668,-0.58757,0.09435825,1.606629,-63.81961,-191.81,-245.747,52.63276
L,-0.1073073,1.013137,0.2253948,-0.8727812,0.1732222,2.916046,-10.04115,2.776485,46.09938,52.66117
L,-0.1399106,0.9947718,0.2571064,-1.160614,-0.653759,1.128869,-10.24629,-29.43891,-63.62003,52.68926
L,-0.1700494,0.9695734,0.287489,-1.085558,-0.9076154,1.094343,2.703426,-9.143575,-1.243581,52.71702
L,-0.167636,0.9614054,0.2691171,0.08344135,-0.282404,-0.6351989,40.41759,21.61638,-59.79807,52.74594
L,-0.147942,0.9599591,0.2428091,0.7320851,-0.05376134,-0.9779468,24.11203,8.499334,-12.74097,52.77285
L,-0.1312488,0.9505229,0.1941797,0.3968088,-0.2243069,-1.155959,-7.969774,-4.053998,-4.231499,52.81491
L,-0.107798,0.9188272,0.1281421,0.5626491,-0.7604638,-1.584418,3.978951,-12.86384,-10.27987,52.85659
L,-0.1008492,0.8861398,0.09094384,0.2082758,-0.9797425,-1.114944,-10.62164,-6.572444,14.07155,52.88996
L,-0.09976024,0.8662953,0.06915428,0.05214851,-0.9503277,-1.043479,-7.476768,1.408645,3.422406,52.91084
L,-0.09784798,0.8457938,0.04412736,0.06744982,-0.7231377,-0.882758,0.5397131,8.013522,5.668993,52.93919
L,-0.09264187,0.8267953,0.02100901,0.1882416,-0.6869418,-0.8359088,4.367566,1.308763,1.693963,52.96685
L,-0.08895637,0.8131677,-0.003310776,0.1295082,-0.4788748,-0.8545958,-2.063892,7.311462,-0.6566626,52.9953
L,-0.08576422,0.7862747,-0.03109356,0.05758345,-0.4851244,-0.5011761,-1.297456,-0.1127367,6.37537,53.05074
L,-0.07504696,0.8296716,-0.04216348,0.3827609,1.549894,-0.395356,11.61353,72.67953,3.779304,53.07874
L,-0.06471943,0.8471246,-0.05560859,0.3751803,0.6340359,-0.4884361,-0.2753896,-33.27143,-3.381428,53.10627
L,-0.058725,0.8572804,-0.06628057,0.2175255,0.3685328,-0.3872642,-5.720965,-9.634556,3.671317,53.13382
L,-0.05768751,0.8691392,-0.07253735,0.03694277,0.4222655,-0.2227894,-6.430139,1.913298,5.856571,53.16191
L,-0.06371561,0.8717338,-0.0688823,-0.2091915,0.09003922,0.1268399,-8.541516,-11.52914,12.13307,53.19072
L,-0.07298069,0.8760209,-0.05937858,-0.3485624,0.1612864,0.3575406,-5.243293,2.6804,8.67922,53.2173
L,-0.07753306,0.8786302,-0.05594439,-0.1618358,0.09276046,0.1220846,6.63809,-2.436082,-8.370405,53.24543
L,-0.07904498,0.8764765,-0.05414446,-0.05357392,-0.07631496,0.06377964,3.836198,-5.991094,-2.066004,53.27365
L,-0.07991058,0.8758701,-0.05345764,-0.03136745,-0.02197522,0.02488898,0.8047129,1.969151,-1.409311,53.30125
L,-0.08102263,0.8718895,-0.05097935,-0.02474262,-0.08856598,0.05514072,0.1473993,-1.481613,0.6730871,53.3462
L,-0.0900111,0.8604931,-0.05126176,-0.2329254,-0.2953258,-0.007318426,-5.394807,-5.357933,-1.618554,53.38478
L,-0.1006986,0.8513496,-0.05562036,-0.3715743,-0.3178921,-0.1515359,-4.820419,-0.7845646,-5.014026,53.41355
L,-0.1009483,0.851877,-0.05654552,-0.009586274,0.02024751,-0.0355191,13.89762,12.98203,4.454177,53.43959
L,-0.0982416,0.857747,-0.06536422,0.06422401,0.1392814,-0.2092477,1.751351,2.824405,-4.122186,53.48174
L,-0.09442088,0.8673593,-0.07910061,0.1384545,0.3483312,-0.4977761,2.689948,7.575498,-10.45562,53.50933
L,-0.09371284,0.871002,-0.08459076,0.0164227,0.08449002,-0.1273413,-2.830465,-6.119659,8.592043,53.55245
L,-0.09448144,0.8717541,-0.08558996,-0.03010825,0.02945915,-0.0391413,-1.822745,-2.15571,3.455034,53.57798
L,-0.09587242,0.8728615,-0.08640957,-0.02491028,0.0198328,-0.01467793,0.09308749,-0.1723931,0.4381013,53.63382
L,-0.0968344,0.8727434,-0.08669516,-0.03570911,-0.004385266,-0.01060114,-0.4008564,-0.8989833,0.1513318,53.66076
L,-0.09720781,0.8726832,-0.08735927,-0.01342017,-0.002163593,-0.02386808,0.8010573,0.0798462,-0.4768095,53.68858
L,-0.0977167,0.8726034,-0.08789083,-0.01831947,-0.002873095,-0.01913537,-0.1763692,-0.02554126,0.1703723,53.71636
L,-0.09859453,0.8724092,-0.08798493,-0.03058468,-0.006763773,-0.003278571,-0.4273329,-0.1355553,0.5524673,53.74506
L,-0.09966701,0.8723767,-0.0890255,-0.04045245,-0.00122527,-0.0392491,-0.372198,0.2089044,-1.356757,53.77157
L,-0.1014303,0.8724328,-0.09017624,-0.06323316,0.002009234,-0.04126651,-0.8169393,0.1159926,-0.07234645,53.79946
L,-0.1031196,0.8730692,-0.09039824,-0.06238911,0.02350574,-0.008199108,0.03117254,0.793911,1.221249,53.82653
L,-0.1033643,0.8750189,-0.0913955,-0.007250585,0.05777682,-0.02955277,1.633985,1.015595,-0.6327985,53.86028
L,-0.1026763,0.8775811,-0.09254827,0.03195318,0.1190064,-0.05354206,1.820877,2.843897,-1.114218,53.88181
L,-0.1026518,0.8776761,-0.09252935,0.0005861155,0.002270397,0.0004520496,-0.7495614,-2.789575,1.290267,53.92366
L,-0.1029562,0.8777617,-0.09230725,-0.01102552,0.003099959,0.008043756,-0.4205473,0.03004486,0.2749544,53.95127
L,-0.1034007,0.8777041,-0.09184173,-0.01594544,-0.002065374,0.01669858,-0.1764816,-0.1852847,0.3104556,53.97915
L,-0.1035297,0.8775126,-0.09219256,-0.004709485,-0.006996204,-0.01281231,0.4103425,-0.1800763,-1.077752,54.00653
L,-0.1037005,0.8774339,-0.09249959,-0.006104048,-0.002811478,-0.01097142,-0.04983317,0.1495366,0.06578242,54.03451
L,-0.1033793,0.8783799,-0.09413397,0.01150865,0.03389617,-0.05856251,0.6310911,1.315294,-1.705265,54.06242
L,-0.1024521,0.8795334,-0.09599365,0.03315889,0.04125384,-0.06650804,0.7742814,0.2631335,-0.2841572,54.09038
L,-0.1018515,0.8785014,-0.09497442,0.02192303,-0.03766796,0.03720211,-0.4101108,-2.880656,3.785435,54.11778
L,-0.1028826,0.8805007,-0.1045251,-0.03727258,0.07226886,-0.3452356,-2.139792,3.973976,-13.82429,54.14544
L,-0.1041054,0.8815889,-0.1084587,-0.04355071,0.03875891,-0.1401057,-0.2236104,-1.193537,7.306193,54.17352
L,-0.1046979,0.8817681,-0.1082238,-0.02124899,0.006427411,0.008425958,0.7997624,-1.159441,5.326494,54.2014
L,-0.104914,0.8816669,-0.1083262,-0.007623285,-0.003569867,-0.003613754,0.4806103,-0.3526273,-0.4246688,54.22976
L,-0.1054343,0.8813276,-0.1089994,-0.01909245,-0.01244926,-0.02470195,-0.420853,-0.3258229,-0.7738162,54.25701
L,-0.1058919,0.8815677,-0.1093893,-0.01664112,0.008731618,-0.01418129,0.08915116,0.7703162,0.3826202,54.2845
L,-0.1063207,0.8819841,-0.1096591,-0.01018982,0.009894512,-0.006411391,0.1532969,0.02763286,0.1846295,54.32659
L,-0.1056196,0.8824834,-0.1093022,0.02155102,0.01534651,0.01097098,0.9756883,0.16759,0.5343205,54.35912
L,-0.1044731,0.8826483,-0.1085143,0.05183866,0.007459469,0.03562617,1.36939,-0.3565953,1.114731,54.38124
L,-0.1045236,0.8798375,-0.106958,-0.001826708,-0.1016919,0.05630046,-1.941492,-3.948851,0.7479492,54.40888
L,-0.104294,0.8781138,-0.1064351,0.008140046,-0.06110951,0.01853937,0.3533574,1.438791,-1.338767,54.43708
L,-0.1028622,0.8778502,-0.1077434,0.05217184,-0.00960653,-0.04767102,1.604486,1.87673,-2.412657,54.46453
L,-0.1008161,0.8765357,-0.1096794,0.04851509,-0.03116662,-0.04590533,-0.08670367,-0.5112019,0.04186561,54.5067
L,-0.0988354,0.8751583,-0.1106679,0.0712636,-0.04955994,-0.03556398,0.8184717,-0.661776,0.3720727,54.5345
L,-0.09783804,0.8724847,-0.1073254,0.03624219,-0.09715267,0.1214609,-1.272616,-1.729436,5.706006,54.56202
L,-0.09815656,0.8717003,-0.1067216,-0.01126829,-0.02774966,0.0213597,-1.680781,2.455274,-3.541285,54.59028
L,-0.09877779,0.8712893,-0.1061581,-0.01104528,-0.007308058,0.01001824,0.003965149,0.3634458,-0.2016478,54.64653
L,-0.09965787,0.8721482,-0.1105551,-0.03506186,0.03422065,-0.1751742,-0.9568089,1.654484,-7.377978,54.67163
L,-0.1019046,0.8729881,-0.1177996,-0.0791622,0.02959299,-0.2552545,-1.55385,-0.1630527,-2.821582,54.70001
L,-0.10262,0.8731529,-0.1183205,-0.02660267,0.006125886,-0.01937001,1.95435,-0.8725903,8.771023,54.7269
L,-0.1024678,0.8740795,-0.1178142,0.005400034,0.03286959,0.01796082,1.135226,0.948674,1.324229,54.75509
L,-0.1026774,0.8754076,-0.11654,-0.003730116,0.02364334,0.02268283,-0.1625298,-0.1642405,0.08405855,54.81127
L,-0.1025398,0.8776129,-0.1152953,0.002492286,0.03994675,0.02254623,0.1127118,0.2953179,-0.002474302,54.86647
L,-0.1024939,0.8785379,-0.1143072,0.001401462,0.02825318,0.03018218,-0.03332009,-0.3571895,0.233246,54.89921
L,-0.1047653,0.8790717,-0.1129804,-0.09641088,0.02265574,0.05631774,-4.151703,-0.2375863,1.109339,54.92277
L,-0.1097781,0.8801249,-0.1109063,-0.1814025,0.03811559,0.07505538,-3.075657,0.5594571,0.678073,54.95041
L,-0.1097781,0.8801249,-0.1109063,0,0,0,4.330139,-0.9098319,-1.791597,54.9923
L,-0.08719116,1.003228,0.04350416,0.5451141,2.970968,3.72655,13.15581,71.70148,89.93672,55.03373
L,-0.1007019,1.02176,0.09575424,-0.5188643,0.7117272,2.006599,-40.86076,-86.76333,-66.05257,55.05977
L,-0.1109067,1.040511,0.1668817,-0.6090877,1.119166,4.245365,-5.385139,24.31865,133.6246,55.07653
L,-0.1151828,1.048045,0.1968395,-0.1677093,0.2954911,1.174932,17.3107,-32.30421,-120.4213,55.10202
L,-0.09624843,0.9921466,0.1919278,0.6886156,-2.032954,-0.1786302,31.14323,-84.682,-49.22698,55.12952
L,-0.07349603,0.9555587,0.1829249,0.7963159,-1.280549,-0.3150941,3.769426,26.33356,-4.776127,55.15809
L,-0.04990677,0.9291368,0.1755336,0.8383654,-0.9390358,-0.2626879,1.494444,12.13742,1.862523,55.18623
L,-0.04312669,0.8889967,0.169513,0.2405082,-1.423884,-0.2135656,-21.20767,-17.19891,1.742504,55.21442
L,-0.02070955,0.8715934,0.03635183,0.3955122,-0.3070515,-2.349402,2.73478,19.70459,-37.68318,55.2711
L,0.03390992,0.8826259,-0.06504672,1.370947,0.2769159,-2.5451,24.48337,14.65756,-4.912007,55.31094
L,0.01544134,0.9306172,-0.08402379,-0.6716741,1.745372,-0.6901671,-74.28701,53.40551,67.46107,55.33844
L,0.006927072,0.9694931,-0.09510724,-0.312425,1.426523,-0.4066992,13.18239,-11.69994,10.40166,55.36569
L,-0.008104412,0.9777955,-0.06709347,-0.9293427,0.5133107,1.731991,-38.14181,-56.46062,132.2275,55.38186
L,-0.0128407,0.9832002,-0.05980809,-0.184267,0.2102696,0.2834401,28.98741,-11.78991,-56.35632,55.40757
L,-0.0395018,1.050619,-0.001413846,-0.8773596,2.218597,1.921629,-22.80819,66.08975,53.9093,55.43795
L,-0.05698431,1.090397,0.07152665,-0.7094324,1.614198,2.959893,6.814411,-24.52625,42.13231,55.4626
L,-0.06128593,1.072766,0.1132846,-0.1552802,-0.6364681,1.50738,20.00381,-81.24464,-52.43291,55.4903
L,-0.06621236,1.072034,0.1479957,-0.1802674,-0.0267745,1.270145,-0.9143286,22.30981,-8.680843,55.51763
L,-0.0659043,1.04997,0.1786726,0.01108701,-0.7940735,1.104031,6.886657,-27.61433,-5.978287,55.54541
L,-0.05990297,1.008937,0.2015733,0.2177153,-1.488579,0.830789,7.496038,-25.19518,-9.912642,55.57298
L,-0.04589326,0.9646772,0.1917632,0.4921685,-1.554868,-0.3446331,9.641685,-2.32877,-41.2932,55.60144
L,-0.02438345,0.9156721,0.1908725,0.7654993,-1.744012,-0.0316997,9.727399,-6.731333,11.13679,55.62954
L,-0.01289533,0.884793,0.1833042,0.3962557,-1.065101,-0.2610495,-12.73618,23.41743,-7.91088,55.65854
L,-0.002988037,0.8851987,-0.02868788,0.2415491,0.009890602,-5.16857,-3.771893,26.20931,-119.65,55.69955
L,-0.0007670746,0.863225,-0.003432302,0.08423206,-0.8333695,0.9578412,-5.966396,-31.98142,232.3498,55.72592
L,0.005601055,0.8589056,-0.01927798,0.2183892,-0.1481329,-0.5434132,4.600797,23.49956,-51.48415,55.75508
L,0.02108044,0.8654937,-0.03571142,0.5778736,0.245948,-0.6134899,13.42021,14.71176,-2.616091,55.78186
L,0.0188946,0.8737984,-0.05308723,-0.07575428,0.2878127,-0.60219,-22.65265,1.450898,0.3916186,55.81072
L,-0.0005495226,0.8900406,-0.0588045,-0.4744193,0.3962953,-0.1394964,-9.727069,2.646878,11.28931,55.8517
L,-0.04661535,0.9246607,-0.04863881,-1.605408,1.206521,0.3542773,-39.41531,28.23662,17.20816,55.8804
L,-0.06800686,0.9524064,-0.04423976,-0.6873813,0.8915635,0.1413564,29.49929,-10.12065,-6.841866,55.91152
L,-0.07817709,0.9483637,-0.03345494,-0.384381,-0.1527921,0.4076088,11.4518,-39.4711,10.06293,55.93798
L,-0.1060902,0.9289082,-0.01445781,-0.7029061,-0.4899271,0.4783848,-8.02108,-8.489714,1.782275,55.97769
L,-0.1069639,0.9005561,0.001775736,-0.0318985,-1.035143,0.5926916,24.49869,-19.90601,4.173378,56.00508
L,-0.1274205,0.8830428,0.0237908,-0.7591438,-0.6499195,0.8169756,-26.98796,14.29559,8.323146,56.03202
L,-0.1516066,0.874015,0.01452778,-0.8586439,-0.3205008,-0.3288519,-3.532416,11.6949,-40.67874,56.06019
L,-0.1644787,0.8703461,-0.002148208,-0.4654289,-0.1326573,-0.6029671,14.21779,6.792006,-9.911399,56.08785
L,-0.1664359,0.8612935,-0.01314544,-0.04483176,-0.2073658,-0.25191,9.634482,-1.711322,8.041551,56.1315
L,-0.1610748,0.8449081,-0.01924614,0.2062493,-0.6303704,-0.2347025,9.659436,-16.27357,0.661997,56.1575
L,-0.1541858,0.8332029,-0.02223846,0.248472,-0.4221846,-0.1079276,1.522898,7.508896,4.572549,56.18522
L,-0.149135,0.825912,-0.02659314,0.1187916,-0.1714755,-0.1024184,-3.049968,5.896455,0.12957,56.22774
L,-0.1457319,0.8192661,-0.03060784,0.1226436,-0.2395067,-0.1446834,0.1388206,-2.451744,-1.523167,56.25549
L,-0.1467975,0.8139201,-0.04035493,-0.03877674,-0.194536,-0.3546837,-5.873871,1.636424,-7.64163,56.28297
L,-0.1431044,0.8086445,-0.04831465,0.1318264,-0.1883127,-0.2841222,6.089676,0.2221398,2.51869,56.31099
L,-0.1373322,0.8052822,-0.05495157,0.2042036,-0.1189482,-0.2347949,2.560493,2.453913,1.745056,56.33925
L,-0.1336229,0.8006627,-0.06503804,0.1365657,-0.1700799,-0.3713633,-2.49029,-1.882565,-5.028171,56.36641
L,-0.1308182,0.7954484,-0.07630182,0.1743933,-0.3242151,-0.7003635,2.35206,-9.583873,-20.4567,56.3825
L,-0.1293205,0.7926377,-0.08140671,0.05738225,-0.1076896,-0.1955885,-4.483155,8.295942,19.33992,56.4086
L,-0.1359699,0.7912211,-0.07499045,-0.1594192,-0.0339623,0.1538306,-5.197842,1.767622,8.377368,56.45031
L,-0.1426255,0.787044,-0.06363112,-0.239527,-0.1503295,0.408811,-2.883001,-4.187941,9.176493,56.47809
L,-0.1439086,0.7835744,-0.05586805,-0.04540488,-0.122779,0.2747088,6.869324,0.9749181,-4.745421,56.50635
L,-0.145558,0.7837946,-0.05330163,-0.06145404,0.008203347,0.0956186,-0.5979519,4.880079,-6.67246,56.53319
L,-0.1471885,0.7886353,-0.0556974,-0.03843863,0.1141145,-0.05647824,0.5425677,2.49676,-3.585546,56.57561
L,-0.1478135,0.786965,-0.05895114,-0.02241204,-0.05989868,-0.1166823,0.5747295,-6.240288,-2.158977,56.6035
L,-0.1484528,0.7852764,-0.06109373,-0.02203918,-0.05821155,-0.0738648,0.01285418,0.05816301,1.47611,56.6325
L,-0.1491234,0.7876378,-0.05780119,-0.02580522,0.09087364,0.1267057,-0.1449272,5.737197,7.71849,56.65849
L,-0.1505723,0.7882493,-0.05144156,-0.05190167,0.02190446,0.2278137,-0.934822,-2.470601,3.621871,56.68641
L,-0.1523762,0.7879137,-0.04828263,-0.06487001,-0.01206704,0.1135932,-0.4663337,-1.221595,-4.107298,56.71421
L,-0.1547697,0.7912114,-0.04669084,-0.0844444,0.1163463,0.05616128,-0.6906202,4.530659,-2.026305,56.74256
L,-0.1592642,0.7892211,-0.04604264,-0.1633676,-0.07234254,0.02356099,-2.868724,-6.858521,-1.184965,56.77007
L,-0.1633162,0.7834286,-0.04304243,-0.1457885,-0.2084091,0.1079447,0.6324812,-4.895557,3.036054,56.79786
L,-0.1650751,0.778928,-0.040049,-0.1111032,-0.2842884,0.1890867,2.190975,-4.793086,5.125515,56.81369
L,-0.1651242,0.7788423,-0.03985012,-0.001913064,-0.003339588,0.007749215,4.254389,10.94665,-7.065479,56.83936
L,-0.1654496,0.7788228,-0.03972099,-0.01184346,-0.0007114103,0.00469886,-0.3613541,0.09563591,-0.1109984,56.86684
L,-0.1656878,0.7786689,-0.03958365,-0.008442233,-0.005456282,0.004869077,0.1205859,-0.1682228,0.006034804,56.89505
L,-0.1649041,0.7780514,-0.03931629,0.02840619,-0.02238316,0.009691087,1.335674,-0.6135619,0.1747872,56.92263
L,-0.1646967,0.7779264,-0.03938583,0.01300464,-0.007838666,-0.004360889,-0.9658914,0.9121415,-0.8812538,56.93858
L,-0.1646019,0.7778355,-0.03941,0.003681201,-0.003526733,-0.000938524,-0.361979,0.1674093,0.1328721,56.96434
L,-0.163785,0.7771681,-0.04046627,0.05337698,-0.04361136,-0.06901658,3.247121,-2.619128,-4.448219,56.97964
L,-0.1639041,0.7776567,-0.04121887,-0.004458548,0.01829388,-0.02817596,-2.165272,2.317636,1.529009,57.00635
L,-0.164547,0.7788886,-0.04225936,-0.02354007,0.04510082,-0.0380948,-0.6986181,0.9814634,-0.3631516,57.03366
L,-0.1734744,0.7842946,-0.0426092,-0.317279,0.1921307,-0.01243356,-10.43952,5.225462,0.9120039,57.0618
L,-0.1836301,0.7877554,-0.04171186,-0.362707,0.1235993,0.03204801,-1.622436,-2.447562,1.588635,57.0898
L,-0.1865679,0.787237,-0.04125798,-0.1066929,-0.01882663,0.01648426,9.297944,-5.172637,-0.5652458,57.11734
L,-0.1865906,0.7874049,-0.04166302,-0.0008135348,0.006022937,-0.01452924,3.79798,0.8913746,-1.11248,57.14521
L,-0.1872657,0.7866806,-0.04107226,-0.02413151,-0.02588969,0.02111607,-0.8334697,-1.140674,1.274094,57.17319
L,-0.1890729,0.7865666,-0.0402203,-0.06489619,-0.004094606,0.03059383,-1.463865,0.7826645,0.3403478,57.20104
L,-0.1910847,0.7883731,-0.03934127,-0.07165527,0.06434485,0.03130891,-0.240741,2.437635,0.02546931,57.22911
L,-0.1928439,0.7902499,-0.03811714,-0.06394508,0.06821746,0.04449493,0.2802526,0.1407629,0.4792896,57.25663
L,-0.196335,0.7934611,-0.03728612,-0.1272138,0.1170159,0.03028185,-2.305464,1.778179,-0.5179141,57.28407
L,-0.2011302,0.7979855,-0.03664552,-0.1705584,0.1609269,0.02278544,-1.541729,1.561872,-0.2666403,57.31218
L,-0.2034948,0.8005637,-0.03727958,-0.08408664,0.09167925,-0.02254665,3.074886,-2.462406,-1.611982,57.34031
L,-0.2061355,0.8038924,-0.03848985,-0.0890204,0.1122183,-0.04080062,-0.1663266,0.6924107,-0.6153768,57.36997
L,-0.2117803,0.8086406,-0.03998256,-0.1417936,0.1192701,-0.03749575,-1.32562,0.1771368,0.08301567,57.40978
L,-0.216445,0.8116105,-0.0405653,-0.1146262,0.07297818,-0.01431962,0.6675826,-1.137529,0.5695054,57.45047
L,-0.2189,0.8131515,-0.04083976,-0.1486974,0.09334204,-0.0166239,-2.063673,1.233425,-0.1395687,57.46698
L,-0.220954,0.8145177,-0.04106831,-0.07969826,0.05301075,-0.00886813,2.677283,-1.564921,0.3009368,57.49276
L,-0.2217157,0.8145985,-0.04146373,-0.02739628,0.002905032,-0.014223,1.881264,-1.802266,-0.1926107,57.52056
L,-0.2217565,0.8145379,-0.04134532,-0.00146954,-0.002183378,0.004265048,0.933847,-0.1832779,0.6659152,57.54832
L,-0.2219571,0.8149183,-0.04160806,-0.007204623,0.0136601,-0.009435065,-0.2059476,0.5689416,-0.4919729,57.57617
L,-0.2222525,0.8153217,-0.0418751,-0.01035485,0.01414357,-0.009361183,-0.1104324,0.01694815,0.002589954,57.60469
L,-0.2224683,0.8152685,-0.04184192,-0.007977739,-0.001969649,0.001226487,0.08786608,-0.5955984,0.3913556,57.63175
L,-0.2226622,0.8152555,-0.04180201,-0.006802479,-0.0004558686,0.00140028,0.04123224,0.05310873,0.006097279,57.66025
L,-0.2225791,0.815181,-0.04176537,0.003012575,-0.002697764,0.001327823,0.3556756,-0.08124128,-0.002625689,57.68785
L,-0.2223631,0.814922,-0.04169824,0.007834664,-0.009395326,0.002435325,0.1749352,-0.2429734,0.04017784,57.71541
L,-0.2225591,0.8148971,-0.04180567,-0.007229806,-0.0009191177,-0.003963145,-0.5557361,0.3126917,-0.2360428,57.74252
L,-0.2225031,0.8148727,-0.04203831,0.00201035,-0.0008770879,-0.008349717,0.3316335,0.001508468,-0.1574361,57.77038
L,-0.2224398,0.8148742,-0.04237278,0.00224414,5.492834E-05,-0.01185501,0.008286455,0.03303441,-0.1242419,57.7986
L,-0.2226756,0.8151141,-0.04298065,-0.008415342,0.00855675,-0.02168612,-0.380283,0.3033072,-0.3507302,57.82663
L,-0.2232599,0.8152292,-0.04401289,-0.02115634,0.004169544,-0.03737483,-0.4613226,-0.1588508,-0.5680526,57.85424
L,-0.2247792,0.8146355,-0.04485302,-0.05420161,-0.02118136,-0.02997215,-1.178909,-0.9044076,0.2640947,57.88227
L,-0.2229964,0.8151132,-0.04610302,0.06293502,0.01686431,-0.044126,4.135021,1.343044,-0.4996428,57.9106
L,-0.2215239,0.8155458,-0.04744194,0.05398601,0.01585883,-0.04908954,-0.3281021,-0.03686448,-0.1819808,57.93788
L,-0.2216967,0.8152706,-0.04773026,-0.006148315,-0.009791072,-0.01025802,-2.139502,-0.9125906,1.381576,57.96598
L,-0.221321,0.8143348,-0.04761158,0.01365779,-0.03401449,0.004313692,0.7199185,-0.8804802,0.5296569,57.9935
L,-0.2174762,0.8120461,-0.04681613,0.1310982,-0.07804167,0.02712324,4.004461,-1.501231,0.7777556,58.02282
L,-0.2132946,0.8095846,-0.04695796,0.1052819,-0.06197326,-0.003571037,-0.6499787,0.404556,-0.7727929,58.06254
L,-0.2129996,0.8084971,-0.04763287,0.0104441,-0.03850115,-0.02389558,-3.357802,0.8310473,-0.7196051,58.09079
L,-0.2134212,0.8078588,-0.04842176,-0.01504949,-0.02278433,-0.02815941,-0.9099934,0.5610116,-0.1521976,58.1188
L,-0.2140934,0.8073385,-0.05038941,-0.0243122,-0.01881769,-0.07116551,-0.3350117,0.1434645,-1.555435,58.14645
L,-0.2142747,0.8069906,-0.05160188,-0.006586925,-0.01263901,-0.04404695,0.6439267,0.22446,0.9851675,58.17398
L,-0.214121,0.8065526,-0.05163215,0.005343377,-0.01522919,-0.001052201,0.4147821,-0.09005308,1.494803,58.20274
L,-0.2153815,0.805393,-0.05195784,-0.04744658,-0.04365083,-0.0122599,-1.987158,-1.069868,-0.4218884,58.22931
L,-0.2172125,0.8047416,-0.05307561,-0.06439391,-0.02290926,-0.03930998,-0.5960076,0.7294443,-0.9513037,58.25774
L,-0.2170578,0.8045161,-0.05348933,0.005685204,-0.00828791,-0.01520696,2.57583,0.5374227,0.8859313,58.28495
L,-0.2168999,0.8043029,-0.05364119,0.005469266,-0.007383174,-0.005258731,-0.007477798,0.03133042,0.3445005,58.31382
L,-0.2165483,0.8041542,-0.05370708,0.00861617,-0.003644081,-0.001614459,0.0771118,0.09162281,0.08929931,58.35463
L,-0.2155229,0.8040671,-0.053611,0.03461942,-0.002940253,0.00324414,0.8779746,0.02376406,0.1640459,58.38425
L,-0.2071092,0.802569,-0.05154165,0.3290983,-0.05859725,0.08094118,11.51834,-2.176984,3.039065,58.40982
L,-0.2038508,0.8013203,-0.0503252,0.1138582,-0.0436342,0.04250664,-7.521183,0.5228571,-1.343027,58.43843
L,-0.2040084,0.800818,-0.04991414,-0.00587604,-0.01872467,0.0153235,-4.463539,0.9285955,-1.013353,58.46526
L,-0.2028283,0.7979071,-0.04678129,0.04220669,-0.1041034,0.1120408,1.71959,-3.053415,3.458915,58.49322
L,-0.2020622,0.7929981,-0.04232715,0.01817449,-0.1164564,0.1056674,-0.5701263,-0.2930561,-0.1511977,58.53537
L,-0.2018304,0.791019,-0.04106214,0.01545702,-0.1320134,0.08438096,-0.1812643,-1.037698,-1.419877,58.55037
L,-0.1955428,0.7836958,-0.0364757,0.236549,-0.2755095,0.1725469,8.317729,-5.398485,3.316901,58.57695
L,-0.1864622,0.7764226,-0.03083365,0.32761,-0.2624015,0.2035549,3.285314,0.4729111,1.118712,58.60466
L,-0.1794105,0.7723421,-0.02218219,0.4447908,-0.2573802,0.5456994,7.391304,0.3167277,21.58112,58.62052
L,-0.1764913,0.7701074,-0.01552634,0.1136083,-0.08696742,0.2590248,-12.88859,6.63193,-11.15648,58.64621
L,-0.1716782,0.7618542,-0.004538725,0.1712895,-0.2937207,0.3910316,2.052781,-7.358015,4.697909,58.67431
L,-0.1682986,0.7503268,0.009324296,0.1215945,-0.4147466,0.4987796,-1.787985,-4.354407,3.876678,58.70211
L,-0.1659574,0.7402648,0.02259876,0.1482479,-0.6371226,0.8405367,1.687685,-14.0808,21.64,58.7179
L,-0.1665275,0.7396673,0.02699406,-0.02253574,-0.02361656,0.1737334,-6.750587,24.25014,-26.35683,58.7432
L,-0.1647595,0.7418812,0.03037795,0.06119156,0.07662521,0.11712,2.897889,3.469471,-1.959447,58.77209
L,-0.1611816,0.7552271,0.03065872,0.1282392,0.4783378,0.01006311,2.403081,14.39794,-3.837069,58.79999
L,-0.1596944,0.7634162,0.03290782,0.03627237,0.1997319,0.05485573,-2.243073,-6.795203,1.092493,58.84099
L,-0.1588026,0.7625605,0.03485749,0.03150743,-0.0302329,0.06888056,-0.1683424,-8.124516,0.4954886,58.8693
L,-0.1569808,0.7626982,0.03418143,0.06576184,0.004972373,-0.02440451,1.236517,1.270842,-3.367409,58.897
L,-0.1554683,0.7623379,0.03276393,0.05424077,-0.01292108,-0.05083282,-0.4131574,-0.6416774,-0.9477456,58.92488
L,-0.1552923,0.7616261,0.03223501,0.006421762,-0.02598075,-0.01930581,-1.7454,-0.4766797,1.15074,58.95228
L,-0.1546835,0.761599,0.03190572,0.02172041,-0.0009675252,-0.01174759,0.5457878,0.8923607,0.2696436,58.98031
L,-0.1534413,0.7601678,0.03255046,0.04495369,-0.05179071,0.02333167,0.8407599,-1.839176,1.269439,59.00795
L,-0.1489759,0.7559682,0.03568447,0.2793733,-0.2627461,0.1960767,14.66628,-13.19826,10.80766,59.02393
L,-0.1454851,0.7538809,0.03774787,0.1386488,-0.08290483,0.08195594,-5.589407,7.143078,-4.53274,59.04911
L,-0.1399589,0.7515911,0.03973247,0.3356515,-0.1390755,0.1205399,11.96549,-3.41168,2.343499,59.06557
L,-0.1367158,0.7507423,0.04033013,0.1258,-0.03292857,0.0231836,-8.140177,4.117459,-3.776466,59.09135
L,-0.1348575,0.7446083,0.04739312,0.06724908,-0.2219725,0.2555935,-2.118825,-6.841073,8.410391,59.11898
L,-0.1238222,0.7375011,0.05082186,0.7301404,-0.4702486,0.2268607,43.85992,-16.42708,-1.901093,59.1341
L,-0.1189198,0.7345763,0.05245553,0.1855012,-0.1106696,0.06181536,-20.60824,13.60587,-6.245043,59.16053
L,-0.1103819,0.7185245,0.05306405,0.308542,-0.5800765,0.02199083,4.446432,-16.96336,-1.439173,59.1882
L,-0.09817135,0.705278,0.04394733,0.7454383,-0.8086829,-0.556566,26.67204,-13.95617,-35.32026,59.20458
L,-0.09232035,0.6995588,0.04099232,0.2348139,-0.2295263,-0.1185913,-20.49252,23.24287,17.57692,59.2295
L,-0.08005635,0.681603,0.01071276,0.4375247,-0.6405824,-1.08024,7.23182,-14.66466,-34.30736,59.25753
L,-0.07099946,0.6622031,-0.01119134,0.3311312,-0.7092857,-0.8008406,-3.889876,-2.511875,10.2152,59.28488
L,-0.06935352,0.6339506,-0.01964842,0.05759112,-0.9885503,-0.2959119,-9.571129,-9.771429,17.66738,59.31346
L,-0.07419731,0.6076111,-0.01402529,-0.1775405,-0.9654292,0.2061058,-8.618336,0.8474618,18.40058,59.34074
L,-0.07897851,0.5855533,-0.006000519,-0.1697864,-0.7832968,0.2849696,0.2753568,6.467751,2.80055,59.3689
L,-0.08730445,0.5782135,0.007626443,-0.2958249,-0.2607901,0.4841728,-4.478209,18.56492,7.077787,59.39705
L,-0.1043503,0.5757662,0.03987573,-0.6185577,-0.08880554,1.17026,-11.71131,6.240964,24.89668,59.4246
L,-0.1151551,0.5713296,0.08346339,-0.3843186,-0.1578061,1.550372,8.331667,-2.454287,13.52025,59.45272
L,-0.1222794,0.5689821,0.1168552,-0.2554832,-0.08418263,1.197464,4.620167,2.640214,-12.65563,59.4806
L,-0.1275048,0.563684,0.1350765,-0.1868245,-0.1894265,0.6514738,2.454783,-3.762827,-19.52103,59.50857
L,-0.1300801,0.5561512,0.1501936,-0.0932214,-0.2726716,0.5472035,3.388219,-3.013284,-3.774348,59.5362
L,-0.1319303,0.5530937,0.1581095,-0.06712252,-0.1109189,0.2871748,0.9468121,5.868045,-9.433291,59.56376
L,-0.1298225,0.5603343,0.1452332,0.0746685,0.2564971,-0.4561428,5.022928,13.01566,-26.33193,59.59199
L,-0.1277093,0.5621882,0.1397775,0.1350513,0.1184788,-0.3486542,3.858847,-8.820249,6.869208,59.60764
L,-0.1233,0.5675761,0.134695,0.1740761,0.2127094,-0.2006559,1.54068,3.72018,5.842902,59.63297
L,-0.1202612,0.5687269,0.1298078,0.108086,0.04093453,-0.1738302,-2.347206,-6.109872,0.9541649,59.66108
L,-0.1205246,0.5635371,0.1273424,-0.009344078,-0.184098,-0.08745666,-4.165574,-7.982535,3.063913,59.68927
L,-0.1193557,0.5614079,0.1246342,0.04166684,-0.07589832,-0.0965368,1.818358,3.856935,-0.3236748,59.71733
L,-0.1190193,0.5565758,0.1220675,0.01128972,-0.1621464,-0.08612976,-1.019352,-2.89419,0.3492246,59.74713
L,-0.1226273,0.542244,0.1218627,-0.1325768,-0.5266352,-0.007526403,-5.286479,-13.39341,2.888337,59.77434
L,-0.1220413,0.5411235,0.1199431,0.02199503,-0.04205595,-0.07205252,5.801843,18.18865,-2.421984,59.80098
L,-0.1215173,0.5404789,0.118677,0.01883566,-0.0231718,-0.04551301,-0.113578,0.6788765,0.9540832,59.8288
L,-0.120851,0.5417027,0.1181546,0.02483818,0.04561958,-0.01947653,0.2237666,2.564455,0.9706066,59.85563
L,-0.1194242,0.5439917,0.1168111,0.09469344,0.1519146,-0.08915892,4.635984,7.054327,-4.624511,59.87069
L,-0.1187668,0.5448493,0.1161465,0.02509089,0.03273105,-0.02536873,-2.656653,-4.549103,2.434802,59.89689
L,-0.119115,0.5479869,0.1156682,-0.02241489,0.201993,-0.03079385,-3.05829,10.89661,-0.3492545,59.91243
L,-0.1192776,0.5494161,0.1153876,-0.004075048,0.035818,-0.007032557,0.4596252,-4.164607,0.5954954,59.95233
L,-0.117422,0.5533341,0.1135403,0.06735361,0.1422152,-0.06705044,2.592716,3.862003,-2.178528,59.97988
L,-0.1146577,0.5592715,0.1097616,0.09953935,0.2137964,-0.136066,1.15897,2.577551,-2.485167,60.00765
L,-0.1087765,0.5720586,0.1112262,0.3769526,0.819579,0.09387034,17.7805,38.82697,14.73751,60.02325
L,-0.1063281,0.5775324,0.1116237,0.09528443,0.2130205,0.01546929,-10.96164,-23.60535,-3.051123,60.04895
L,-0.1016134,0.5866405,0.1115347,0.3068317,0.5927608,-0.005793915,13.76759,24.71367,-1.383819,60.06431
L,-0.09946298,0.5909629,0.1114204,0.0811576,0.163129,-0.004312565,-8.517003,-16.21443,0.05590657,60.09081
L,-0.09999349,0.5887691,0.1156855,-0.0342369,-0.141579,0.2752521,-7.447065,-19.66454,18.0419,60.1063
L,-0.09999079,0.5880928,0.1183732,0.0001046626,-0.02617084,0.1040075,1.328969,4.466127,-6.626919,60.13214
L,-0.09976836,0.5884385,0.1174873,0.01512937,0.02351048,-0.06025751,1.021961,3.379257,-11.17309,60.14685
L,-0.09946353,0.5894054,0.1145964,0.01079549,0.03424328,-0.1023802,-0.1534857,0.3801053,-1.491788,60.17508
L,-0.1010852,0.6081804,0.07953059,-0.05897879,0.6828198,-1.275291,-2.537584,23.58774,-42.65698,60.20258
L,-0.105901,0.6247848,0.05141839,-0.3145023,1.084388,-1.835935,-16.68758,26.2254,-36.61422,60.21789
L,-0.1095944,0.6340621,0.03831104,-0.1438652,0.3613647,-0.5105518,6.64658,-28.1629,51.62575,60.24356
L,-0.1207414,0.6533999,0.01153617,-0.7155066,1.241262,-1.718627,-36.69255,56.47887,-77.54399,60.25914
L,-0.1251001,0.6635967,4.497539E-05,-0.1672916,0.3913662,-0.4410464,21.04118,-32.62005,49.03515,60.2852
L,-0.128577,0.6786952,-0.01509484,-0.240743,1.045422,-1.048286,-5.085804,45.28708,-42.04548,60.29964
L,-0.1249868,0.6673304,-5.961835E-05,0.132036,-0.41796,0.552945,13.70956,-53.81831,58.88792,60.32683
L,-0.1381915,0.6940657,-0.03220341,-0.8012813,1.622342,-1.950533,-56.63507,123.8085,-151.9147,60.34331
L,-0.1369908,0.7229116,-0.041683,0.04738842,1.138477,-0.3741371,33.49498,-19.09698,62.21661,60.36865
L,-0.1362979,0.7643573,-0.05082382,0.04628966,2.768791,-0.610655,-0.07340321,108.9136,-15.80065,60.38362
L,-0.1365708,0.7933187,-0.05307499,-0.01035054,1.098389,-0.08537787,-2.148132,-63.35154,19.92162,60.40998
L,-0.1576332,0.8238047,-0.03033013,-0.4911371,0.7108819,0.5303709,-11.21111,-9.035988,14.3582,60.45287
L,-0.1644753,0.8511677,-0.004698491,-0.2477372,0.9907523,0.9280636,8.812959,10.13348,14.39955,60.48049
L,-0.1649831,0.8723205,0.011299,-0.03415413,1.42254,1.075846,14.36365,29.03814,9.938474,60.49536
L,-0.1659133,0.8841141,0.01768745,-0.03489297,0.4424214,0.2396528,-0.02771618,-36.76765,-31.36848,60.52201
L,-0.1743664,0.8927165,0.0506431,-0.5652922,0.5752711,2.203859,-35.46964,8.88412,131.3533,60.53697
L,-0.1780147,0.900018,0.06731056,-0.1404374,0.2810619,0.641597,16.35435,-11.32528,-60.13768,60.56295
L,-0.1870236,0.9153593,0.1061542,-0.5828285,0.9925037,2.512987,-28.62048,46.02671,121.0695,60.5784
L,-0.1952163,0.9230796,0.138081,-0.3049782,0.2873939,1.188499,10.3432,-26.24827,-49.30511,60.60527
L,-0.2030154,0.935599,0.1820206,-0.4917009,0.7892955,2.770206,-11.77206,31.64273,99.7198,60.62113
L,-0.2051508,0.943201,0.2125515,-0.08427843,0.3000343,1.204983,16.08,-19.30998,-61.77561,60.64647
L,-0.2197947,0.9337487,0.2444607,-0.9893847,-0.6386235,2.155879,-61.15159,-63.41843,64.24522,60.66127
L,-0.226167,0.9329214,0.2650074,-0.192316,-0.02497014,0.6200994,24.05558,18.5201,-46.34991,60.6944
L,-0.2542044,0.9145381,0.2681423,-0.7498319,-0.4916407,0.08383892,-14.91016,-12.48061,-14.34171,60.73179
L,-0.2762045,0.8998059,0.2638833,-0.8307686,-0.5563171,-0.1608281,-3.056335,-2.44231,-9.239123,60.75827
L,-0.2997327,0.8908797,0.259997,-1.5381,-0.5835295,-0.2540601,-46.24007,-1.778943,-6.094818,60.77357
L,-0.3079828,0.8881397,0.2618875,-0.3166476,-0.1051656,0.07256017,46.88088,18.36021,12.5361,60.79963
L,-0.3004163,0.8936417,0.2348673,0.4802701,0.349232,-1.715057,50.58286,28.84204,-113.4656,60.81538
L,-0.3002173,0.8963348,0.2270523,0.007687012,0.1040331,-0.3018911,-18.25594,-9.472062,54.59075,60.84127
L,-0.297536,0.8934082,0.2150994,0.06283733,-0.06858461,-0.2801175,1.292448,-4.045298,0.5102633,60.88394
L,-0.2946061,0.886735,0.2052768,0.1065559,-0.2426926,-0.3572333,1.589977,-6.332042,-2.804584,60.91143
L,-0.2972627,0.8745828,0.2066598,-0.1002346,-0.4584975,0.05218003,-7.802082,-8.142194,15.44693,60.93794
L,-0.3034462,0.8672189,0.2109475,-0.4555843,-0.5425494,0.3159078,-26.18122,-6.192719,19.43076,60.95151
L,-0.3078939,0.8641436,0.2148287,-0.1526076,-0.1055219,0.133173,10.39575,14.9953,-6.270006,60.98066
L,-0.3063302,0.86309,0.2147859,0.0590643,-0.03979647,-0.001619912,7.995463,2.482642,-5.091519,61.00713
L,-0.3056708,0.8622241,0.2140762,0.04759344,-0.0624957,-0.05122006,-0.8279234,-1.638344,-3.579951,61.02098
L,-0.3053074,0.8619631,0.2129554,0.01300519,-0.009342146,-0.04011693,-1.237999,1.902497,0.3974083,61.04892
L,-0.3056379,0.8611341,0.2136037,-0.02172337,-0.05449552,0.04261613,-2.28282,-2.968076,5.438309,61.06414
L,-0.3062046,0.859979,0.2143849,-0.02167188,-0.04417584,0.02987706,0.001969439,0.3946951,-0.4872296,61.09028
L,-0.3060214,0.8602054,0.213912,0.01272067,0.01572436,-0.0328481,2.388924,4.1607,-4.356922,61.10468
L,-0.3059593,0.8602883,0.2136265,0.002228176,0.002971613,-0.01023294,-0.3760658,-0.4570765,0.810559,61.13258
L,-0.3031102,0.8622896,0.209933,0.1067258,0.07496785,-0.1383548,3.914465,2.696968,-4.799426,61.15928
L,-0.2955307,0.864498,0.2005335,0.2705504,0.07882923,-0.3355152,5.847716,0.137832,-7.037636,61.18729
L,-0.2887705,0.8646584,0.1920118,0.2427579,0.005759846,-0.3060151,-0.9980308,-2.623932,1.059351,61.21514
L,-0.2881278,0.8643424,0.1898785,0.02277537,-0.01119813,-0.07559317,-7.794959,-0.6008964,8.164872,61.24336
L,-0.2857223,0.8643404,0.1703034,0.08661787,-7.29739E-05,-0.7048753,2.298892,0.4006034,-22.65969,61.27113
L,-0.2811019,0.8605531,0.147884,0.2968673,-0.2433326,-1.440474,13.50873,-15.62967,-47.26292,61.28669
L,-0.2784567,0.8572173,0.1393351,0.09919975,-0.1251051,-0.320607,-7.413072,4.433853,41.99804,61.31336
L,-0.2639591,0.8452089,0.09533679,0.5309422,-0.4397767,-1.611327,15.8115,-11.52407,-47.26943,61.34066
L,-0.2534714,0.8317593,0.07082119,0.32792,-0.4205313,-0.7665336,-6.347931,0.6017507,26.41431,61.37265
L,-0.2425804,0.8178307,0.04339434,0.4646803,-0.5942841,-1.170212,5.835108,-7.413451,-17.22363,61.39608
L,-0.2304453,0.8065745,0.01436464,0.7850849,-0.7282245,-1.878075,20.72856,-8.665274,-45.79519,61.41154
L,-0.2244337,0.8012204,0.0009257356,0.2246144,-0.2000472,-0.5021276,-20.94127,19.73468,51.41056,61.4383
L,-0.2082272,0.7805626,-0.01770396,0.5925285,-0.7552737,-0.6811247,13.45139,-20.29976,-6.544353,61.46566
L,-0.193988,0.763259,-0.0322292,0.4974331,-0.6044838,-0.507423,-3.322053,5.267678,6.068076,61.49428
L,-0.1881146,0.7500826,-0.04371259,0.136399,-0.3059984,-0.2666816,-8.384384,6.931802,5.590798,61.53734
L,-0.1695953,0.743752,-0.05231247,0.7452722,-0.2547638,-0.3460868,24.50299,2.061841,-3.195516,61.56219
L,-0.1506414,0.7395843,-0.05930422,1.225017,-0.2693617,-0.4518843,31.00644,-0.9434826,-6.837818,61.57766
L,-0.1416359,0.7364817,-0.06421342,0.3348576,-0.1153679,-0.1825415,-33.09927,5.726037,10.01512,61.60456
L,-0.1452733,0.7315752,-0.05491988,-0.2412791,-0.3254563,0.6164588,-38.21629,-13.93558,52.99928,61.61963
L,-0.1464245,0.7317858,-0.05350597,-0.0436117,0.00797733,0.05356177,7.488054,12.63116,-21.32371,61.64603
L,-0.1462758,0.7316279,-0.05282494,0.009517791,-0.01009639,0.04356474,3.398628,-1.156153,-0.6394976,61.66166
L,-0.1455564,0.7314652,-0.05258565,0.02699316,-0.006108198,0.008979175,0.6557491,0.1496536,-1.297796,61.68831
L,-0.1465148,0.7309854,-0.05119794,-0.0342831,-0.01716234,0.0496425,-2.192031,-0.395439,1.454646,61.71627
L,-0.1470506,0.7321145,-0.05052494,-0.03827167,0.0806497,0.04807162,-0.2848989,6.986604,-0.1122062,61.73027
L,-0.1470511,0.7324666,-0.05044451,-1.941059E-05,0.0123976,0.002831454,1.34671,-2.402885,-1.592726,61.75867
L,-0.1460134,0.7404076,-0.04805268,0.06539213,0.5004019,0.1507223,4.121933,30.75178,9.3194,61.77454
L,-0.1450615,0.743853,-0.0473556,0.03588425,0.1298803,0.02627773,-1.112355,-13.9675,-4.691171,61.80107
L,-0.1533868,0.7444719,-0.04595179,-0.3146514,0.02339244,0.05305637,-13.24839,-4.024675,1.012091,61.82753
L,-0.1624437,0.7420723,-0.04446737,-0.592368,-0.1569439,0.09708902,-18.16411,-11.79493,2.879964,61.84282
L,-0.1654769,0.7412377,-0.04407202,-0.1140471,-0.03138223,0.01486484,17.98465,4.721062,-3.091591,61.86941
L,-0.1715427,0.7421744,-0.04364064,-0.4226808,0.0652703,0.0300598,-21.50624,6.73495,1.058816,61.88376
L,-0.1728733,0.7437695,-0.04478379,-0.04866137,0.05833653,-0.04180676,13.67842,-0.253578,-2.628263,61.91111
L,-0.1795913,0.7454892,-0.0425645,-0.4305815,0.1102231,0.1422429,-24.47874,3.325613,11.79646,61.92671
L,-0.1852469,0.7460636,-0.03918186,-0.2146803,0.02180396,0.1284014,8.195366,-3.356292,-0.5254065,61.95305
L,-0.1847852,0.7462149,-0.04003093,0.03176161,0.01040436,-0.05841945,16.95624,-0.7843399,-12.85406,61.96759
L,-0.1847649,0.7462789,-0.040291,0.0007627391,0.002395268,-0.009731196,-1.159887,-0.2996769,1.821772,61.99431
L,-0.188839,0.7446132,-0.03983922,-0.2656746,-0.108621,0.02946036,-17.37436,-7.239362,2.55568,62.00965
L,-0.1919111,0.7435103,-0.03945877,-0.115145,-0.04133677,0.01425985,5.642039,2.521897,-0.5697345,62.03633
L,-0.1908416,0.7442257,-0.04002973,0.06834318,0.04571703,-0.03648825,11.72607,5.563294,-3.243128,62.05198
L,-0.1895218,0.7441883,-0.04058013,0.05095671,-0.001442839,-0.02124922,-0.6712458,-1.820718,0.5883386,62.07788
L,-0.1934437,0.74205,-0.04459476,-0.2677378,-0.1459758,-0.2740654,-21.75622,-9.86678,-17.25892,62.09253
L,-0.2001079,0.7393101,-0.04899926,-0.2425015,-0.09969939,-0.1602739,0.9183185,1.683936,4.140721,62.12001
L,-0.2012344,0.7304049,-0.05172351,-0.07401218,-0.585076,-0.1789841,11.06979,-31.88936,-1.229263,62.13523
L,-0.2022099,0.7269569,-0.0529216,-0.03712526,-0.1312246,-0.04559716,1.403845,17.27271,5.076448,62.1615
L,-0.2008896,0.7280517,-0.05578915,0.08466759,0.07020166,-0.1838821,7.809996,12.91651,-8.867555,62.1771
L,-0.2004683,0.7283124,-0.05746401,0.01600374,0.009904891,-0.06363098,-2.608669,-2.290788,4.568566,62.20342
L,-0.1950159,0.7331326,-0.05680945,0.1949949,0.1723866,0.02340912,6.401289,5.81086,3.112829,62.23138
L,-0.1937837,0.73551,-0.05577116,0.04525406,0.08730999,0.03813136,-5.499252,-3.12445,0.5406761,62.25861
L,-0.1940087,0.7356356,-0.05555326,-0.007961159,0.004445007,0.007708386,-1.882598,-2.931519,-1.076275,62.28688
L,-0.1942371,0.736042,-0.05541414,-0.008281056,0.01473869,0.005045618,-0.01160198,0.3733297,-0.09657287,62.31445
L,-0.1944045,0.7363594,-0.05541387,-0.005873486,0.01113234,9.538275E-06,0.08444339,-0.1264895,-0.1766361,62.34296
L,-0.1942772,0.7372123,-0.05591796,0.004757783,0.03187598,-0.01883997,0.3973373,0.7752809,-0.704489,62.36972
L,-0.1939026,0.7398629,-0.05735302,0.02414135,0.1708072,-0.09247576,1.249087,8.9528,-4.745128,62.38523
L,-0.1937949,0.7423128,-0.05763387,0.002659872,0.06051964,-0.006937901,-0.5306485,-2.72439,2.113008,62.42572
L,-0.1940535,0.7419302,-0.05763113,-0.009238084,-0.01367028,9.781595E-05,-0.4250447,-2.650374,0.2513452,62.45371
L,-0.193726,0.7423502,-0.0575244,0.01173423,0.01504835,0.003824558,0.7514718,1.029035,0.1335351,62.48162
L,-0.1928145,0.74282,-0.05681533,0.06126703,0.03158253,0.04766101,3.329417,1.111368,2.946529,62.49649
L,-0.1919954,0.7428406,-0.05593038,0.03051237,0.0007681515,0.03296155,-1.145517,-1.147742,-0.5475098,62.52334
L,-0.1910714,0.7419679,-0.05327099,0.03329818,-0.03145192,0.0958406,0.1003961,-1.161163,2.266066,62.55109
L,-0.1871363,0.7476178,-0.04656826,0.1272263,0.1826707,0.2167094,3.036839,6.92291,3.907874,62.58202
L,-0.185417,0.7489293,-0.04301531,0.0692762,0.05284065,0.1431578,-2.334963,-5.231196,-2.963589,62.60684
L,-0.1852711,0.7486489,-0.0417718,0.009584508,-0.01841714,0.08169912,-3.921759,-4.681654,-4.037852,62.62206
L,-0.1850269,0.7501267,-0.04073988,0.009482723,0.05737189,0.04006365,-0.003951773,2.942482,-1.616482,62.64782
L,-0.1843656,0.7514998,-0.0390745,0.04144903,0.08607201,0.1043925,2.003772,1.799035,4.032381,62.66377
L,-0.1839692,0.7512957,-0.03849053,0.01563852,-0.008049955,0.0230343,-1.018067,-3.712535,-3.209082,62.68912
L,-0.1789527,0.7563819,-0.03506314,0.1758074,0.1782503,0.1201163,5.613276,6.529078,3.402334,62.71766
L,-0.1718885,0.7639511,-0.03016573,0.2534689,0.2715876,0.1757221,2.786546,3.349,1.995173,62.74553
L,-0.1672772,0.770559,-0.02652213,0.1642871,0.2354198,0.1298108,-3.177288,-1.288552,-1.635687,62.77359
L,-0.1633916,0.7694336,-0.02327104,0.09391279,-0.02719897,0.07857785,-1.700921,-6.347403,-1.238281,62.81497
L,-0.153603,0.7691619,-0.01482185,0.6555993,-0.0181959,0.5658922,37.61951,0.6029893,32.63836,62.8299
L,-0.148508,0.7716662,-0.009888974,0.1889172,0.09285272,0.1829031,-17.30381,4.1175,-14.20061,62.85687
L,-0.1409534,0.7852275,-0.009423162,0.2743672,0.492523,0.01691741,3.103383,14.51526,-6.028285,62.8844
L,-0.1302403,0.8042414,-0.007329384,0.7208375,1.279353,0.1408807,30.04094,52.94218,8.340924,62.89927
L,-0.1251497,0.8126016,-0.005946091,0.1918983,0.3151536,0.05214579,-19.93935,-36.34729,-3.345029,62.92579
L,-0.1219195,0.8177325,0.001087799,0.2135111,0.3391405,0.4649249,1.428561,1.585482,27.28381,62.94092
L,-0.1204756,0.8189102,0.002899001,0.05538398,0.04517852,0.06947552,-6.065567,-11.27603,-15.16896,62.96699
L,-0.1169427,0.8226031,0.006091841,0.2207157,0.2307108,0.1994718,10.32905,11.59108,8.121484,62.983
L,-0.1143412,0.8255386,0.008170782,0.09869471,0.1113626,0.07886859,-4.629098,-4.5277,-4.575312,63.00936
L,-0.09716297,0.859265,0.01642588,0.6118438,1.201248,0.2940251,18.27703,38.81889,7.663314,63.03743
L,-0.08421135,0.8881785,0.02537537,0.4814506,1.074799,0.3326793,-4.847106,-4.700489,1.436893,63.06433
L,-0.07856555,0.9060305,0.03851505,0.2039145,0.6447778,0.4745783,-10.02403,-15.53149,5.125098,63.09202
L,-0.0765323,0.9179997,0.05491912,0.1254722,0.7386233,1.012295,-4.840676,5.791207,33.18248,63.10823
L,-0.07447065,0.9252743,0.06256244,0.08122141,0.2865898,0.3011197,-1.743324,-17.80852,-28.01778,63.13361
L,-0.07802036,0.9571358,0.1473245,-0.1265343,1.135751,3.021465,-7.405754,30.26958,96.97066,63.16166
L,-0.09583435,0.9635839,0.2478204,-1.125261,0.407308,6.348048,-63.08678,-46.01373,210.131,63.17749
L,-0.1019646,0.9685225,0.2984421,-0.2336435,0.1882292,1.929366,33.98257,-8.349837,-168.411,63.20373
L,-0.09906556,0.971402,0.3104612,0.1076734,0.1069465,0.4464061,12.67699,-3.018956,-55.07919,63.23066
L,-0.107412,0.9523275,0.3537528,-0.5029818,-1.149483,2.608883,-36.79991,-75.71618,130.3173,63.24725
L,-0.1110801,0.9467197,0.3807837,-0.1416991,-0.2166317,1.044208,13.95639,36.03615,-60.4436,63.27314
L,-0.114488,0.9223496,0.3201696,-0.1235287,-0.8833634,-2.197127,0.658639,-24.16755,-117.4912,63.30072
L,-0.1114192,0.920928,0.2902593,0.1096012,-0.05077061,-1.068231,8.326102,29.73559,40.31792,63.32872
L,-0.104078,0.9250901,0.252233,0.2618309,0.1484439,-1.356238,5.429403,7.105154,-10.27204,63.35676
L,-0.09696151,0.923054,0.2146045,0.2415245,-0.06910279,-1.27707,-0.689177,-7.383293,2.686881,63.38623
L,-0.09828237,0.9098566,0.176968,-0.03340304,-0.3337458,-0.9517838,-6.952595,-6.692513,8.22611,63.42577
L,-0.1037707,0.8871434,0.1336366,-0.1187262,-0.4913468,-0.9373707,-1.845764,-3.409321,0.3117934,63.472
L,-0.1098781,0.8670011,0.09597944,-0.2594855,-0.8557841,-1.599935,-5.980419,-15.4838,-28.15029,63.49553
L,-0.1155063,0.8585837,0.06948993,-0.2031683,-0.3038505,-0.9562196,2.03294,19.92372,23.23687,63.52324
L,-0.1199933,0.8434766,0.04810063,-0.1581795,-0.5325759,-0.7540448,1.586007,-8.063338,7.127339,63.5516
L,-0.1229228,0.8239329,0.02930763,-0.07170431,-0.4783628,-0.4599882,2.116616,1.326951,7.197496,63.59246
L,-0.1230837,0.8042946,0.01012229,-0.005783349,-0.7055985,-0.6893259,2.368528,-8.16454,-8.240064,63.62029
L,-0.1232397,0.7861311,0.0033837,-0.005621746,-0.6545852,-0.2428485,0.005823932,1.838442,16.09037,63.64804
L,-0.128971,0.7759209,0.001301948,-0.1373587,-0.2447017,-0.04989203,-3.157255,9.823415,4.624463,63.68976
L,-0.1350079,0.7728336,-0.002700982,-0.21584,-0.110383,-0.1431184,-2.805974,4.802351,-3.33316,63.71773
L,-0.1452982,0.7626067,-0.005577382,-0.3710502,-0.3687651,-0.1037182,-5.59662,-9.316823,1.420706,63.74546
L,-0.1575631,0.7495654,-0.005716926,-0.4280027,-0.4550989,-0.004869618,-1.987452,-3.012767,3.449488,63.77412
L,-0.1641596,0.7489619,-0.009756118,-0.2502516,-0.02289481,-0.1532344,6.743327,16.39649,-5.628501,63.80048
L,-0.1658255,0.7470322,-0.01332095,-0.05987049,-0.06935281,-0.128119,6.842235,-1.669685,0.9026405,63.8283
L,-0.1637749,0.7465204,-0.01644112,0.07184378,-0.01793053,-0.1093202,4.614823,1.801663,0.6586451,63.85685
L,-0.1638283,0.7546855,-0.0193751,-0.00187218,0.2861527,-0.1028239,-2.583449,10.6569,0.2276696,63.88538
L,-0.1637593,0.7669586,-0.02134057,0.001736069,0.3087647,-0.049447,0.09077553,0.5688685,1.342845,63.92513
L,-0.1661687,0.7747376,-0.02277676,-0.08574659,0.2768421,-0.05111177,-3.113366,-1.136074,-0.05924616,63.95323
L,-0.1689795,0.7793729,-0.02425088,-0.1008254,0.1662711,-0.05287776,-0.5408895,-3.966272,-0.06334761,63.98111
L,-0.1689186,0.7792088,-0.02436388,0.002195856,-0.005913613,-0.004072456,3.713241,-6.206131,1.759111,64.00885
L,-0.1674504,0.7790521,-0.02457485,0.05171871,-0.00551977,-0.007431428,1.743971,0.01386939,-0.1182878,64.03725
L,-0.1660574,0.7786304,-0.02517004,0.03296229,-0.009978956,-0.01408417,-0.4439223,-0.1055389,-0.1574554,64.0795
L,-0.1659932,0.777875,-0.02600029,0.002416312,-0.02842602,-0.03124404,-1.149174,-0.6939992,-0.6455737,64.10608
L,-0.1668806,0.7766514,-0.02972442,-0.03178097,-0.04381831,-0.1333684,-1.224674,-0.5512291,-3.657278,64.134
L,-0.1669448,0.778199,-0.03710216,-0.002226676,0.05370292,-0.2560274,1.025885,3.385144,-4.257725,64.16281
L,-0.1682548,0.778781,-0.04360222,-0.04884868,0.02170386,-0.2423828,-1.738009,-1.192884,0.5086541,64.18964
L,-0.1721719,0.7756935,-0.04875115,-0.2418388,-0.1906206,-0.31789,-11.92064,-13.11489,-4.663937,64.20583
L,-0.1738436,0.7745209,-0.05118558,-0.06670115,-0.04678463,-0.09713423,6.985893,5.73733,8.805507,64.2309
L,-0.1735648,0.7736907,-0.05224808,0.01699673,-0.0506141,-0.06477425,5.102534,-0.2334588,1.972784,64.2473
L,-0.1737221,0.7723727,-0.05312574,-0.006053139,-0.05070673,-0.03376464,-0.8870206,-0.003564482,1.193333,64.27328
L,-0.1741684,0.7711986,-0.05407306,-0.02813571,-0.07402147,-0.05972462,-1.391542,-1.469187,-1.635878,64.28915
L,-0.1744293,0.7713427,-0.05400813,-0.008896779,0.004914314,0.00221416,0.6560055,2.691538,2.111977,64.31848
L,-0.1765175,0.7699761,-0.05253314,-0.07871931,-0.05151486,0.05560227,-2.632848,-2.127815,2.013143,64.345
L,-0.1790271,0.7698893,-0.05002116,-0.06349994,-0.002197454,0.06356187,0.3851029,1.247902,0.2014056,64.38452
L,-0.1817803,0.767635,-0.04783604,-0.1001585,-0.08200631,0.07949173,-1.333216,-2.902527,0.5793446,64.41202
L,-0.1793979,0.7745242,-0.04671494,0.08378681,0.2422797,0.03942684,6.470767,11.40763,-1.409389,64.44044
L,-0.1774896,0.7794707,-0.04668063,0.06928562,0.1795966,0.001245861,-0.5265095,-2.275901,-1.386276,64.46799
L,-0.1763894,0.7836829,-0.04868152,0.03988913,0.1527252,-0.07254779,-1.065558,-0.9740292,-2.674856,64.49557
L,-0.1736512,0.7874347,-0.04975007,0.06498287,0.08903817,-0.02535889,0.5956331,-1.511696,1.120091,64.5377
L,-0.1692079,0.7858551,-0.04908007,0.2864724,-0.1018392,0.04319596,14.2729,-12.30023,4.417709,64.55322
L,-0.1662688,0.7856424,-0.0494088,0.1146166,-0.008293662,-0.01281982,-6.704011,3.649166,-2.185149,64.57886
L,-0.1668494,0.7845242,-0.05026305,-0.02122614,-0.04088433,-0.03123216,-4.965194,-1.191222,-0.67299,64.60622
L,-0.1682973,0.7824745,-0.05264435,-0.05070298,-0.07177565,-0.08338834,-1.032493,-1.082038,-1.826888,64.63477
L,-0.1672205,0.7829092,-0.05987202,0.03894717,0.01571985,-0.2614086,3.242446,3.164517,-6.438596,64.66241
L,-0.1627431,0.7867741,-0.06897148,0.2869737,0.2477193,-0.5832201,15.88922,14.86248,-20.61607,64.67802
L,-0.1629075,0.7848195,-0.06902657,-0.006456017,-0.07672582,-0.002162535,-11.522,-12.73986,22.81617,64.70349
L,-0.1616908,0.7832539,-0.06981327,0.07466314,-0.09607254,-0.04827401,4.977739,-1.187179,-2.829552,64.71979
L,-0.1593035,0.7840124,-0.07118858,0.09133168,0.02901753,-0.05261665,0.6377056,4.785699,-0.166141,64.74593
L,-0.1588047,0.7843295,-0.07115208,0.01812216,0.01152171,0.001325722,-2.659567,-0.6355911,1.959627,64.77345
L,-0.1575738,0.7846817,-0.0709092,0.07679007,0.02197242,0.01515229,3.658288,0.6516634,0.8621674,64.78949
L,-0.156078,0.7849935,-0.07053809,0.05861068,0.01221506,0.01454188,-0.7125625,-0.3824513,-0.02392585,64.815
L,-0.1550129,0.789443,-0.06902292,0.03689569,0.1541234,0.05248301,-0.7521743,4.91549,1.314223,64.84387
L,-0.1559125,0.791824,-0.06729457,-0.03317071,0.08779009,0.06372407,-2.582605,-2.445007,0.4143388,64.871
L,-0.1577985,0.7918098,-0.06631741,-0.06821062,-0.0005152283,0.03534165,-1.267316,-3.193806,-1.026529,64.89865
L,-0.1587722,0.7888864,-0.0677103,-0.03518802,-0.1056465,-0.05033618,1.193695,-3.800265,-3.097067,64.92632
L,-0.1598066,0.782168,-0.07019659,-0.0321728,-0.2089686,-0.07733337,0.09378534,-3.213726,-0.8397188,64.95847
L,-0.1596509,0.7796218,-0.07118466,0.004074764,-0.06665356,-0.02586555,0.9486902,3.724744,1.347043,64.99667
L,-0.1608023,0.7799553,-0.06803457,-0.03893653,0.01127733,0.1065247,-1.454483,2.635335,4.476948,65.02625
L,-0.1606061,0.7819489,-0.06031327,0.007951966,0.08077666,0.3128428,1.900361,2.816764,8.361944,65.05092
L,-0.1589958,0.7836581,-0.05350831,0.05672303,0.06020727,0.2397041,1.717496,-0.7243609,-2.575613,65.07932
L,-0.1552784,0.7858136,-0.04843397,0.134226,0.07783015,0.1832241,2.798475,0.6363268,-2.039379,65.10701
L,-0.1506187,0.7873923,-0.04625609,0.1662378,0.05631847,0.07769719,1.142041,-0.7674412,-3.764732,65.13504
L,-0.1473732,0.7882594,-0.0454162,0.07608524,0.02032843,0.01968993,-2.113861,-0.8438795,-1.36013,65.17769
L,-0.1464426,0.7900258,-0.04360029,0.03078563,0.05843797,0.06007437,-1.498615,1.260751,1.336009,65.20792
L,-0.1380557,0.7967273,-0.04082102,0.2637445,0.2107426,0.08740024,7.325909,4.789556,0.8593224,65.23972
L,-0.1325636,0.8000649,-0.03961774,0.1974928,0.1200189,0.04326935,-2.381717,-3.261475,-1.586485,65.26753
L,-0.1332411,0.8032525,-0.03906252,-0.02332361,0.1097444,0.01911569,-7.604533,-0.3538351,-0.83181,65.29657
L,-0.1358914,0.8077573,-0.03227844,-0.09268641,0.1575382,0.2372472,-2.425699,1.671406,7.628318,65.32516
L,-0.1419902,0.8039375,-0.02070158,-0.2139665,-0.1340107,0.406157,-4.254932,-10.22856,5.925946,65.35367
L,-0.1467068,0.7978837,-0.007727095,-0.1094172,-0.1404383,0.3009898,2.425397,-0.1491116,-2.43973,65.39677
L,-0.1510499,0.8043507,0.0013016,-0.1573426,0.2342822,0.3270893,-1.736231,13.57528,0.9455263,65.42438
L,-0.1427377,0.8297696,0.009692795,0.2962202,0.9058464,0.299035,16.16351,23.93237,-0.9997642,65.45244
L,-0.1251404,0.860488,0.02315058,0.621201,1.084387,0.4750711,11.469,6.300929,6.212548,65.48077
L,-0.0977578,0.9066215,0.03505164,1.022823,1.723227,0.4445415,15.0061,23.86947,-1.140697,65.50754
L,-0.07335132,0.9552148,0.03884362,0.8462981,1.684981,0.1314872,-6.121024,-1.326211,-10.8552,65.53638
L,-0.0797517,0.9611498,0.05605528,-0.2321281,0.2152501,0.6242299,-39.1122,-53.30396,17.87072,65.56395
L,-0.09110995,0.9888502,0.1080994,-0.4055432,0.9890357,1.858219,-6.190048,27.62027,44.04723,65.59196
L,-0.1059164,1.032682,0.1672236,-0.5308285,1.571432,2.119675,-4.491629,20.87962,9.373512,65.61986
L,-0.1190077,1.06452,0.2009656,-0.4704978,1.144232,1.212675,2.168861,-15.35764,-32.60624,65.64767
L,-0.1246837,1.077479,0.2456607,-0.2071166,0.4728955,1.630925,9.610771,-24.49707,15.26192,65.67508
L,-0.1360967,1.071873,0.3021317,-0.4071638,-0.2000034,2.014635,-7.136796,-24.00604,13.68909,65.70311
L,-0.1506402,1.064109,0.3163898,-0.5087393,-0.2716006,0.4987563,-3.552214,-2.503839,-53.01208,65.7317
L,-0.1481853,1.056064,0.2751156,0.09015568,-0.2954434,-1.5158,22.00066,-0.8758758,-74.00558,65.75893
L,-0.1271361,1.048954,0.2099563,0.7233768,-0.244367,-2.239266,21.76129,1.755294,-24.86264,65.78802
L,-0.10713,1.02492,0.1637312,0.371264,-0.4460038,-0.8578262,-6.533427,-3.741357,25.63251,65.84192
L,-0.09157232,0.9609634,0.09375829,0.5380416,-2.211853,-2.419916,5.767778,-61.06949,-54.02277,65.87083
L,-0.08400162,0.9356942,0.0695563,0.2385928,-0.7963659,-0.7627321,-9.439478,44.62017,52.23917,65.90256
L,-0.0771246,0.9089002,0.0404403,0.2830979,-1.102995,-1.198584,1.832089,-12.62266,-17.94222,65.92685
L,-0.07539191,0.8880784,0.02340638,0.04285854,-0.5150323,-0.421338,-5.941256,14.54066,19.22174,65.96729
L,-0.08096098,0.8753431,0.01112027,-0.1322611,-0.3024523,-0.2917857,-4.159711,5.049525,3.077324,66.00938
L,-0.08656583,0.8681815,0.002235591,-0.1294746,-0.1654366,-0.2052401,0.0643712,3.165125,1.999244,66.05267
L,-0.09596282,0.85195,-0.009573033,-0.3733503,-0.6448924,-0.4691664,-9.686448,-19.0434,-10.48284,66.07785
L,-0.1044366,0.844009,-0.01635989,-0.3073248,-0.2880011,-0.2461445,2.394602,12.94368,8.088524,66.10542
L,-0.1157684,0.8422828,-0.02401476,-0.4040493,-0.06155,-0.2729433,-3.448821,8.074373,-0.9555409,66.13347
L,-0.1207867,0.8422495,-0.03353756,-0.1762003,-0.00117198,-0.3343616,8.002309,2.120543,-2.157079,66.16194
L,-0.1212741,0.8408031,-0.04196905,-0.01776057,-0.05270234,-0.3072375,5.771822,-1.877206,0.9881076,66.18939
L,-0.1215206,0.8485715,-0.04742659,-0.008883309,0.2799612,-0.1966815,0.3200111,11.99199,3.985368,66.21713
L,-0.1329348,0.8454861,-0.05057091,-0.4075413,-0.1101646,-0.1122668,-14.23009,-13.92553,3.013182,66.24515
L,-0.1461445,0.8434497,-0.05097783,-0.3220662,-0.04965065,-0.00992121,2.083965,1.475387,2.495282,66.28616
L,-0.1155108,0.9059161,-0.01110147,0.7260797,1.480579,0.9451489,24.84314,36.26949,22.63706,66.32835
L,-0.07449362,0.9955146,0.03632572,1.467707,3.206077,1.697073,26.54465,61.75982,26.9132,66.35629
L,-0.1086638,1.012159,0.06038528,-1.231102,0.5996856,0.8668323,-97.23426,-93.90459,-29.91239,66.38405
L,-0.1205087,1.046448,0.1042359,-0.4377068,1.267074,1.620408,29.31001,24.65501,27.83899,66.41112
L,-0.1373779,1.088066,0.1689182,-0.5804878,1.432098,2.225791,-4.914549,5.680127,20.83737,66.44017
L,-0.1666274,1.078634,0.213269,-1.095053,-0.3531179,1.660425,-19.25903,-66.8166,-21.16039,66.46689
L,-0.1870987,1.047572,0.2527236,-0.7761714,-1.177715,1.495919,12.09389,-31.2736,-6.239018,66.49326
L,-0.2005152,1.0266,0.2796444,-0.3669707,-0.573622,0.7363452,11.19256,16.52329,-20.77606,66.52982
L,-0.1441958,-2.598007,1.659811,0.1964942,-12.64599,4.815299,1.965888,-42.1196,14.23117,66.81644
L,-0.1092685,0.7192702,-0.01798029,0.0292662,2.779603,-1.405849,-0.1401232,12.92536,-5.212805,68.00987
L,-0.1092685,0.7192702,-0.01798029,0,0,0,-0.5304176,-50.37723,25.47947,68.06505
L,-0.1092685,0.7192702,-0.01798029,0,0,0,0,0,0,68.16917
L,-0.1092685,0.7192702,-0.01798029,0,0,0,0,0,0,68.20586
L,-0.1092685,0.7192702,-0.01798029,0,0,0,0,0,0,68.2599
L,-0.1092685,0.7192702,-0.01798029,0,0,0,0,0,0,68.29953
L,-0.1092685,0.7192702,-0.01798029,0,0,0,0,0,0,68.32629
L,-0.1092685,0.7192702,-0.01798029,0,0,0,0,0,0,68.35326
L,-0.1092685,0.7192702,-0.01798029,0,0,0,0,0,0,68.38017
L,-0.1092685,0.7192702,-0.01798029,0,0,0,0,0,0,68.40659
L,-0.1092685,0.7192702,-0.01798029,0,0,0,0,0,0,68.4489
L,-0.1092685,0.7192702,-0.01798029,0,0,0,0,0,0,68.47675
L,-0.1092685,0.7192702,-0.01798029,0,0,0,0,0,0,68.50478
L,-0.1092685,0.7192702,-0.01798029,0,0,0,0,0,0,68.5318
L,-0.1092685,0.7192702,-0.01798029,0,0,0,0,0,0,68.5748
L,-0.1092685,0.7192702,-0.01798029,0,0,0,0,0,0,68.60158
L,-0.1092685,0.7192702,-0.01798029,0,0,0,0,0,0,68.62787
L,-0.1092685,0.7192702,-0.01798029,0,0,0,0,0,0,68.65625
L,-0.1092685,0.7192702,-0.01798029,0,0,0,0,0,0,68.72108
L,-0.1092685,0.7192702,-0.01798029,0,0,0,0,0,0,68.73892
L,-0.1092685,0.7192702,-0.01798029,0,0,0,0,0,0,68.76855
L,-0.1087048,0.6949692,-0.05216493,0.01259741,-0.5430813,-0.763964,0.2814809,-12.1348,-17.07028,68.81331
L,-0.1251954,0.7102686,-0.06300276,-0.3086908,0.2863925,-0.2028758,-6.014266,15.52711,10.50314,68.86673
L,-0.2019528,0.7780239,-0.0514015,-2.80791,2.478599,0.4243931,-91.45106,80.21689,22.95293,68.89406
L,-0.2048652,0.7692978,-0.0331964,-0.1070194,-0.3206454,0.6689593,99.21838,-102.8314,8.984241,68.92128
L,-0.2048043,0.7596337,-0.02494509,0.002241867,-0.3560155,0.3039675,4.025041,-1.302987,-13.44581,68.94843
L,-0.2017578,0.76017,-0.026182,0.09847507,0.01733778,-0.03998132,3.111366,12.07108,-11.12039,68.97935
L,-0.1960595,0.7656795,-0.03221788,0.2378601,0.2299786,-0.2519538,5.818306,8.876197,-8.848296,69.00331
L,-0.1846643,0.7716148,-0.04237178,0.2654344,0.1382536,-0.2365189,0.6421853,-2.136208,0.3594673,69.04625
L,-0.1732533,0.7752773,-0.05612402,0.4121406,0.1322808,-0.4967027,5.300184,-0.2157869,-9.399896,69.07393
L,-0.1650504,0.7827042,-0.06173761,0.2994074,0.2710857,-0.2048969,-4.113633,5.06499,10.64799,69.10133
L,-0.1565173,0.7925329,-0.0628885,0.5765212,0.6640504,-0.07775753,18.72261,26.54983,8.5899,69.11613
L,-0.1564087,0.7922622,-0.06281673,0.003782168,-0.00943024,0.002500592,-19.95483,-23.46477,2.796277,69.14484
L,-0.1615367,0.7837189,-0.06437855,-0.174943,-0.2914599,-0.05328239,-6.097309,-9.621603,-1.903068,69.17415
L,-0.1672447,0.7776039,-0.06898049,-0.2313426,-0.2478379,-0.1865135,-2.285844,1.767974,-5.399772,69.19882
L,-0.1690015,0.7769301,-0.07412854,-0.06366367,-0.02441595,-0.1865539,6.077992,8.098552,-0.001467004,69.22641
L,-0.1708326,0.7779129,-0.08118106,-0.06523353,0.03501291,-0.2512606,-0.05591431,2.116701,-2.304682,69.25449
L,-0.1740375,0.7790455,-0.0886634,-0.1105484,0.03906661,-0.2580857,-1.56303,0.1398228,-0.2354153,69.28348
L,-0.1770835,0.7764333,-0.09012697,-0.1869959,-0.160363,-0.08985153,-4.695468,-12.24913,10.33308,69.29976
L,-0.1769818,0.7762349,-0.08950876,0.003425875,-0.006684095,0.0208248,6.41289,5.175488,3.727278,69.32945
L,-0.1742227,0.773343,-0.08967387,0.1177222,-0.1233877,-0.007044474,4.876643,-4.979352,-1.189089,69.35289
L,-0.1743811,0.7738046,-0.08800905,-0.00578859,0.01686646,0.06083383,-4.514446,5.126433,2.481022,69.38025
L,-0.1762326,0.7770653,-0.0854253,-0.1196046,0.210641,0.1669084,-7.348814,12.51154,6.848971,69.39574
L,-0.1782219,0.7806737,-0.08345077,-0.07797606,0.1414357,0.07739404,1.631679,-2.712584,-3.508622,69.42125
L,-0.1821312,0.7829859,-0.08095159,-0.2792319,0.1651567,0.1785135,-14.38332,1.695288,7.226788,69.43524
L,-0.1838218,0.7840909,-0.07998122,-0.1109614,0.07252285,0.06369026,11.03882,-6.076928,-7.532588,69.45049
L,-0.1853713,0.7860886,-0.07962103,-0.05641602,0.07273438,0.01311388,1.985935,0.007701552,-1.84143,69.47795
L,-0.1875971,0.788505,-0.07998039,-0.08192813,0.08894315,-0.01322706,-0.9393046,0.5967743,-0.9698201,69.50511
L,-0.1880246,0.7890614,-0.08032836,-0.01513791,0.0197054,-0.01232353,2.364757,-2.451413,0.03199024,69.53336
L,-0.1825009,0.788336,-0.07874684,0.1985199,-0.02607023,0.05683931,7.680898,-1.645613,2.486372,69.56117
L,-0.1750769,0.7901955,-0.07932782,0.2667408,0.06680886,-0.02087456,2.451165,3.33713,-2.792246,69.589
L,-0.1702502,0.7938406,-0.08111608,0.1721013,0.1299731,-0.06376241,-3.374477,2.252195,-1.529216,69.61705
L,-0.170132,0.7929215,-0.08064709,0.0041728,-0.03242766,0.01654689,-5.923232,-5.728255,2.832697,69.6454
L,-0.1686548,0.7919408,-0.08119527,0.05378092,-0.03570747,-0.0199585,1.806177,-0.1194142,-1.32912,69.67287
L,-0.162999,0.7924973,-0.08383859,0.2036019,0.02003227,-0.09515677,5.394871,2.007121,-2.707799,69.70064
L,-0.1595558,0.7934021,-0.0847384,0.1216465,0.03196808,-0.03178961,-2.895432,0.4216846,2.238723,69.72894
L,-0.1596364,0.793561,-0.08446539,-0.004945477,0.009751903,0.01676028,-7.768102,-1.363258,2.979181,69.74524
L,-0.1596386,0.7936752,-0.08432624,-8.933086E-05,0.004657358,0.005674636,0.1980413,-0.2077636,-0.4520902,69.76976
L,-0.1684958,0.7893285,-0.08404745,-0.3074491,-0.150883,0.009677434,-10.66903,-5.399097,0.1389446,69.79857
L,-0.160305,0.8044303,-0.0850648,0.5444138,1.003768,-0.06761952,56.62037,76.74563,-5.137661,69.81361
L,-0.1570649,0.810539,-0.0855105,0.123061,0.2320138,-0.01692812,-16.00799,-29.32038,1.925862,69.83994
L,-0.1639184,0.8023422,-0.08352759,-0.4396979,-0.5258811,0.1272165,-36.08705,-48.60019,9.243309,69.85553
L,-0.1597739,0.8043576,-0.08432508,0.1358052,0.06604102,-0.02613184,18.85808,19.3961,-5.024919,69.88605
L,-0.1557996,0.8052085,-0.08518088,0.1689105,0.03616448,-0.0363722,1.406997,-1.269772,-0.4352222,69.90958
L,-0.1557122,0.7970756,-0.07528706,0.003173558,-0.2951252,0.3590262,-6.014249,-12.02182,14.34819,69.93713
L,-0.1526924,0.7914546,-0.05973615,0.2000073,-0.3722879,1.029959,13.04317,-5.113183,44.45928,69.95222
L,-0.1492787,0.7907928,-0.06069477,0.1308662,-0.02537063,-0.03674977,-2.649842,13.29566,-40.88175,69.97832
L,-0.14448,0.7974174,-0.05871686,0.172228,0.2377593,0.07098823,1.484493,9.443857,3.866768,70.00618
L,-0.1453594,0.7963382,-0.04922427,-0.03234798,-0.03970057,0.3492036,-7.527844,-10.20977,10.23757,70.03336
L,-0.1498898,0.7836843,-0.03777577,-0.3136865,-0.8761597,0.7926981,-19.4697,-57.88615,30.69151,70.04781
L,-0.151144,0.7792222,-0.03254149,-0.07428494,-0.26428,0.3100171,14.18573,36.25692,-28.60125,70.06468
L,-0.1526135,0.7761704,-0.02782999,-0.05786037,-0.1201609,0.1855047,0.6464867,5.672665,-4.900928,70.09009
L,-0.1565826,0.8109685,-0.001874218,-0.1458061,1.278325,0.9534964,-3.230726,51.37397,28.2125,70.11731
L,-0.159144,0.8446756,0.0190223,-0.08634892,1.136331,0.7044621,2.004418,-4.786884,-8.395428,70.14697
L,-0.1624631,0.884298,0.04354643,-0.1249389,1.491494,0.9231552,-1.452631,13.36931,8.232207,70.17354
L,-0.1660542,0.9181138,0.07207543,-0.231299,2.178037,1.83752,-6.853899,44.24115,58.92214,70.18906
L,-0.1272882,0.9832618,0.0994826,1.486147,2.497537,1.050691,65.82137,12.24488,-30.15536,70.21515
L,-0.08790012,1.040111,0.142127,1.367232,1.973341,1.480266,-4.127748,-18.1958,14.91136,70.24396
L,-0.07372598,1.045657,0.2014441,0.5337064,0.2088166,2.233502,-31.39423,-66.4597,28.37016,70.27051
L,-0.07985972,1.022668,0.2692633,-0.218112,-0.8174596,2.41161,-26.73422,-36.49378,6.333424,70.29863
L,-0.09043673,1.000369,0.2594605,-0.6980617,-1.471669,-0.6469643,-31.67571,-43.17649,-201.8598,70.31378
L,-0.09417664,0.9927336,0.2407372,-0.1425406,-0.2910275,-0.7136085,21.16665,44.98518,-2.539299,70.34003
L,-0.08983346,0.9582009,0.2899048,0.1546088,-1.229298,1.75027,10.57794,-33.40058,87.70926,70.36812
L,-0.07692473,0.9406958,0.2954602,0.934792,-1.267636,0.4022941,56.49734,-2.77633,-97.61431,70.38193
L,-0.07162406,0.9340099,0.2999945,0.3570239,-0.4503268,0.3054081,-38.91532,55.04954,-6.525714,70.39677
L,-0.0586267,0.9316589,0.2582752,0.4794794,-0.08673128,-1.539046,4.518717,13.417,-68.06202,70.42387
L,-0.05404247,0.9135908,0.1939782,0.1607877,-0.6337198,-2.255164,-11.17484,-19.18001,-25.11048,70.45239
L,-0.05055947,0.9001883,0.1385212,0.228834,-0.8805529,-3.643538,4.472902,-16.22513,-91.26225,70.46761
L,-0.04920349,0.8939496,0.1172375,0.05270788,-0.2425003,-0.8273129,-6.846148,24.80156,109.4686,70.49333
L,-0.05214603,0.8620573,0.07983801,-0.1078837,-1.169283,-1.371195,-5.886201,-33.9696,-19.93504,70.52061
L,-0.05753473,0.840524,0.04685235,-0.3972484,-1.587414,-2.431662,-21.33162,-30.82408,-78.17638,70.53418
L,-0.05885113,0.8305581,0.03188837,-0.08830294,-0.6685005,-1.003766,20.72369,61.63962,95.78159,70.54909
L,-0.06144933,0.8233711,0.02001815,-0.09536552,-0.263796,-0.4356913,-0.2593017,14.85866,20.85678,70.57632
L,-0.06053308,0.8123237,0.01225397,0.03138898,-0.3784631,-0.2659872,4.342385,-3.928293,5.813763,70.60551
L,-0.05102023,0.7985317,0.007266103,0.35686,-0.517387,-0.1871121,12.20954,-5.211512,2.958875,70.63217
L,-0.03947993,0.7818092,-0.00759212,0.7268668,-1.053268,-0.9358467,23.29373,-33.73634,-47.13647,70.64806
L,-0.03466863,0.7734147,-0.01604905,0.1897764,-0.3311108,-0.333574,-21.19131,28.49327,23.76312,70.6734
L,-0.05395986,0.796011,-0.03146285,-1.329411,1.557177,-1.062207,-104.6914,130.127,-50.2121,70.68791
L,-0.05950471,0.8024296,-0.04002141,-0.199171,0.2305555,-0.3074234,40.58708,-47.63915,27.10439,70.71576
L,-0.06098845,0.812168,-0.04309337,-0.05323749,0.3494196,-0.1102239,5.237621,4.266088,7.077583,70.74362
L,-0.0582412,0.8214925,-0.04078926,0.09994099,0.3392117,0.0838204,5.570868,-0.3712455,7.057096,70.77112
L,-0.05316532,0.8420242,-0.03573664,0.3378904,1.366751,0.336342,15.84782,68.43579,16.81835,70.78613
L,-0.05111961,0.8506763,-0.03562143,0.1458049,0.6166649,0.008210772,-13.68317,-53.43222,-23.37436,70.80017
L,-0.04959819,0.8566375,-0.03660701,0.1087323,0.4260368,-0.07043684,-2.6495,-13.62378,-5.620774,70.81416
L,-0.05523845,0.8583903,-0.03673619,-0.3750788,0.1165612,-0.008590628,-32.18989,-20.59065,4.114876,70.82919
L,-0.05917621,0.8604093,-0.03750094,-0.1606378,0.08236072,-0.03119727,8.74524,-1.394751,-0.9219344,70.85371
L,-0.06586944,0.8612986,-0.03867517,-0.4519809,0.06005281,-0.0792935,-19.68398,-1.507187,-3.249521,70.86852
L,-0.06943692,0.8606396,-0.03916326,-0.1294923,-0.02391997,-0.01771686,11.70244,-3.047198,2.234489,70.89607
L,-0.07212439,0.834936,-0.03286589,-0.09650765,-0.9230201,0.2261395,1.184483,-32.28681,8.756915,70.92392
L,-0.05940908,0.7896451,-0.03199758,0.8804126,-3.135953,0.06012179,67.67806,-153.3053,-11.5012,70.93835
L,-0.0545654,0.7753633,-0.03209596,0.1576145,-0.4647351,-0.003201103,-23.52001,86.92202,-2.060541,70.96909
L,-0.05898078,0.779254,-0.0221856,-0.1777435,0.1566219,0.3989466,-13.50001,25.01306,16.18867,70.99393
L,-0.06231894,0.7817624,-0.01732668,-0.1153846,0.08670392,0.1679508,2.15546,-2.416743,-7.984461,71.02286
L,-0.07209449,0.796901,-0.01748222,-0.3584061,0.5550371,-0.005702647,-8.907525,17.16593,-6.364962,71.05014
L,-0.07640083,0.8004798,-0.01860341,-0.1568326,0.1303357,-0.04083288,7.343147,-15.4715,-1.279764,71.07759
L,-0.07802238,0.799118,-0.02027109,-0.1082726,-0.09093225,-0.1113529,3.240762,-14.76682,-4.706312,71.09258
L,-0.0791143,0.7983122,-0.02107412,-0.0390082,-0.02878637,-0.02868756,2.475087,2.220716,2.953956,71.12056
L,-0.08595715,0.7887569,-0.02764327,-0.2630224,-0.3672814,-0.2525019,-8.610553,-13.01092,-8.602873,71.14658
L,-0.0974187,0.7778886,-0.0338953,-0.4074551,-0.386366,-0.2222583,-5.13316,-0.6782661,1.074862,71.17471
L,-0.09413002,0.7862892,-0.04307914,0.1182911,0.3021619,-0.3303359,18.91071,24.76584,-3.887474,71.20251
L,-0.09870745,0.7862403,-0.05580692,-0.2716037,-0.002900068,-0.7552086,-23.14506,-18.10919,-25.22143,71.21936
L,-0.1035484,0.7832576,-0.06321657,-0.198223,-0.1221322,-0.3034046,3.003799,-4.880699,18.49433,71.24379
L,-0.1033475,0.7874818,-0.06343113,0.006971384,0.1465516,-0.007443639,7.118908,9.321579,10.26792,71.27261
L,-0.1185686,0.8137305,-0.0738648,-0.5561936,0.9591494,-0.3812552,-20.58426,29.70129,-13.6632,71.29997
L,-0.1386847,0.859683,-0.08847715,-1.362616,3.11271,-0.9898034,-54.5968,145.8014,-41.20022,71.31474
L,-0.1467693,0.8795532,-0.0947406,-0.5571274,1.369307,-0.4316314,55.50842,-120.1427,38.46515,71.32925
L,-0.1092308,0.6929486,-0.1094385,1.417935,-7.048597,-0.5551842,74.60387,-317.9687,-4.666951,71.35573
L,-0.1015173,0.7984082,-0.0909584,0.282804,3.866514,0.6775467,-41.62953,400.2981,45.20887,71.383
L,-0.1105671,0.774909,-0.0891199,-0.3196362,-0.8299881,0.06493548,-21.27237,-165.8351,-21.63151,71.41132
L,-0.1268357,0.7474083,-0.09138701,-0.5996514,-1.013659,-0.0835642,-10.32119,-6.769984,-5.473608,71.43845
L,-0.1276219,0.7489017,-0.08974888,-0.02498248,0.04745455,0.05205161,18.26455,33.72508,4.310241,71.46991
L,-0.123151,0.7669261,-0.08800372,0.1780679,0.7178622,0.06950508,8.084515,26.69249,0.6949153,71.49503
L,-0.1061406,0.7698918,-0.07947463,0.6164167,0.1074721,0.3090754,15.88917,-22.12529,8.683894,71.52261
L,-0.09940659,0.8304428,-0.04376993,0.2372698,2.133478,1.258034,-13.35902,71.38512,33.436,71.55099
L,-0.1179189,0.9830573,0.003933905,-0.6760789,5.573554,1.742167,-33.34664,125.5982,17.67584,71.57838
L,-0.08498348,1.019428,0.0193804,1.207866,1.333843,0.566481,69.09133,-155.4861,-43.11682,71.60565
L,-0.07343152,0.9678763,0.03938907,0.7678183,-3.426447,1.329907,-29.24844,-316.4,50.74228,71.6207
L,-0.07525724,0.9503981,0.05580214,-0.1433797,-1.372622,1.288972,-71.60225,161.3902,-3.216717,71.63342
L,-0.07557528,0.9301306,0.0678551,-0.0229425,-1.462025,0.8694588,8.683141,-6.445682,-30.24553,71.64729
L,-0.08919034,0.9849859,0.1586147,-0.8596112,3.463387,5.730269,-52.82458,310.9748,306.8961,71.66313
L,-0.0979968,1.025743,0.2295893,-0.3440478,1.592295,2.772813,20.14786,-73.12102,-115.5753,71.68872
L,-0.09891808,0.95768,0.2898737,-0.03277793,-2.421603,2.144842,11.07458,-142.8093,-22.3424,71.71683
L,-0.08225697,0.9149245,0.2933437,0.5713775,-1.46626,0.1189975,20.71896,32.76262,-69.47449,71.74599
L,-0.04519869,0.8804033,0.2479548,1.411186,-1.314572,-1.728416,31.98007,5.776307,-70.34984,71.77225
L,-0.006114485,0.8390555,0.1775256,2.398336,-2.537241,-4.321768,60.57477,-75.02698,-159.1367,71.78854
L,0.02303928,0.8198154,0.1573885,1.125882,-0.7430277,-0.77767,-49.14058,69.29025,136.8686,71.81444
L,0.03903988,0.8532946,0.03543128,0.5385799,1.126908,-4.105079,-19.76857,62.94201,-112.0005,71.84415
L,0.03048089,0.8963828,-0.05300095,-0.3357809,1.690411,-3.469318,-34.29211,22.10039,24.93431,71.86964
L,0.01617865,0.9300317,-0.09121107,-0.8587366,2.020349,-2.294218,-31.41378,19.81925,70.58785,71.88629
L,0.007496346,0.9509863,-0.1047371,-0.3461094,0.8353316,-0.5392,20.43524,-47.23923,69.96159,71.91138
L,-0.004932607,0.9900183,-0.04712879,-0.8693104,2.729989,4.029265,-36.59392,132.5168,319.5293,71.92567
L,-0.008843851,1.010881,-0.02453417,-0.1294909,0.6907067,0.748048,24.48727,-67.49819,-108.605,71.95589
L,-0.0315866,1.038042,0.02447295,-0.8610449,1.028312,1.855419,-27.69678,12.7818,41.92528,71.9823
L,-0.0673439,1.112819,0.1213511,-1.130434,2.364014,3.062715,-8.516501,42.22701,38.16756,72.01393
L,-0.07874562,1.116816,0.2034249,-0.4976511,0.1744714,3.582276,27.62831,-95.59885,22.68484,72.03683
L,-0.0764062,1.040716,0.2556012,0.08428609,-2.741788,1.879837,20.96638,-105.0687,-61.33646,72.06459
L,-0.06451187,0.9801996,0.2396424,0.4145208,-2.109011,-0.5561691,11.50572,22.0466,-84.873,72.09329
L,-0.04850689,0.9365053,0.2388752,1.075797,-2.936979,-0.05156651,44.44864,-55.65301,33.91758,72.10817
L,-0.04327861,0.9189655,0.2426184,0.2034079,-0.6823891,0.1456287,-33.95066,87.74158,7.674219,72.13387
L,-0.0180985,0.8644303,0.2078149,0.8801087,-1.906144,-1.216469,23.65241,-42.77333,-47.60875,72.16248
L,-0.01141462,0.8139314,0.08624031,0.2431499,-1.837078,-4.42271,-23.16522,2.511814,-116.6061,72.18997
L,0.001152249,0.8228217,-0.0106215,0.4670159,0.3303843,-3.599623,8.321771,80.57108,30.59662,72.21687
L,0.01881164,0.8802868,-0.07617524,0.6267672,2.039551,-2.326634,5.668359,60.64535,45.16871,72.24506
L,0.0216889,0.8963668,-0.06404308,0.1756539,0.9816714,0.7406551,-27.5528,-64.6125,187.3419,72.26143
L,0.02394876,0.9007931,-0.07014127,0.08951476,0.1753268,-0.2415539,-3.411005,-31.93027,-38.89429,72.28668
L,-0.008837542,0.9140082,-0.06880256,-2.053209,0.8275838,0.08383553,-134.25,40.86646,20.38692,72.30264
L,-0.01838519,0.9202043,-0.07378066,-0.3832861,0.2487414,-0.1998436,67.0178,-23.23026,-11.38469,72.32756
L,-0.03007988,0.9351301,-0.05785238,-0.7227,0.9223686,0.9843239,-20.98475,41.64795,73.21283,72.34373
L,-0.03494304,0.9425602,-0.05540705,-0.1896533,0.2897598,0.09536274,20.78153,-24.66309,-34.65732,72.36938
L,-0.0463694,1.002237,-0.0135691,-0.7641203,3.990816,2.797849,-38.4166,247.5025,180.7247,72.38434
L,-0.06024672,1.051036,0.01111282,-1.090484,3.834589,1.939513,-25.64579,-12.27643,-67.44831,72.39706
L,-0.07208831,1.080027,0.02463983,-0.827787,2.026658,0.9456066,18.37367,-126.4509,-69.5162,72.41136
L,-0.08226173,1.104662,0.03491993,-0.3604894,0.8729218,0.3642696,16.55396,-40.87096,-20.59379,72.43959
L,-0.08226173,1.104662,0.03491993,0,0,0,24.1318,-58.43493,-24.38485,72.45453
L,-0.08226173,1.104662,0.03491993,0,0,0,0,0,0,72.48044
L,-0.08226173,1.104662,0.03491993,0,0,0,0,0,0,72.49361
L,-0.08226173,1.104662,0.03491993,0,0,0,0,0,0,72.50845
L,-0.08226173,1.104662,0.03491993,0,0,0,0,0,0,72.5365
L,-0.08226173,1.104662,0.03491993,0,0,0,0,0,0,72.56519
L,-0.08226173,1.104662,0.03491993,0,0,0,0,0,0,72.59225
L,-0.08226173,1.104662,0.03491993,0,0,0,0,0,0,72.60663
L,-0.08226173,1.104662,0.03491993,0,0,0,0,0,0,72.62021
L,-0.08226173,1.104662,0.03491993,0,0,0,0,0,0,72.63469
L,-0.08226173,1.104662,0.03491993,0,0,0,0,0,0,72.66164
L,-0.08226173,1.104662,0.03491993,0,0,0,0,0,0,72.67496
L,-0.08226173,1.104662,0.03491993,0,0,0,0,0,0,72.68889
L,-0.08226173,1.104662,0.03491993,0,0,0,0,0,0,72.70424
L,-0.08226173,1.104662,0.03491993,0,0,0,0,0,0,72.7177
L,-0.08226173,1.104662,0.03491993,0,0,0,0,0,0,72.74586
L,-0.08226173,1.104662,0.03491993,0,0,0,0,0,0,72.75958
L,-0.08226173,1.104662,0.03491993,0,0,0,0,0,0,72.78677
L,-0.08226173,1.104662,0.03491993,0,0,0,0,0,0,72.80238
L,-0.08226173,1.104662,0.03491993,0,0,0,0,0,0,72.81552
L,-0.08226173,1.104662,0.03491993,0,0,0,0,0,0,72.82854
L,-0.08226173,1.104662,0.03491993,0,0,0,0,0,0,72.84238
L,-0.08226173,1.104662,0.03491993,0,0,0,0,0,0,72.85748
L,-0.08226173,1.104662,0.03491993,0,0,0,0,0,0,72.88397
L,-0.08226173,1.104662,0.03491993,0,0,0,0,0,0,72.89778
L,-0.08226173,1.104662,0.03491993,0,0,0,0,0,0,72.9257
L,-0.08226173,1.104662,0.03491993,0,0,0,0,0,0,72.93994
L,-0.08226173,1.104662,0.03491993,0,0,0,0,0,0,72.95264
L,-0.08226173,1.104662,0.03491993,0,0,0,0,0,0,72.98233
L,-0.08226173,1.104662,0.03491993,0,0,0,0,0,0,72.99503
L,-0.08226173,1.104662,0.03491993,0,0,0,0,0,0,73.02344
L,-0.08226173,1.104662,0.03491993,0,0,0,0,0,0,73.03888
L,-0.08226173,1.104662,0.03491993,0,0,0,0,0,0,73.05194
L,-0.08226173,1.104662,0.03491993,0,0,0,0,0,0,73.07883
L,-0.08226173,1.104662,0.03491993,0,0,0,0,0,0,73.09286
L,-0.08226173,1.104662,0.03491993,0,0,0,0,0,0,73.1058
L,-0.08226173,1.104662,0.03491993,0,0,0,0,0,0,73.1228
L,-0.08226173,1.104662,0.03491993,0,0,0,0,0,0,73.1485
L,-0.08226173,1.104662,0.03491993,0,0,0,0,0,0,73.16235
L,-0.08226173,1.104662,0.03491993,0,0,0,0,0,0,73.17711
L,-0.08226173,1.104662,0.03491993,0,0,0,0,0,0,73.19145
L,-0.08226173,1.104662,0.03491993,0,0,0,0,0,0,73.21843
L,-0.08226173,1.104662,0.03491993,0,0,0,0,0,0,73.24532
L,-0.08226173,1.104662,0.03491993,0,0,0,0,0,0,73.25935
L,-0.08226173,1.104662,0.03491993,0,0,0,0,0,0,73.27283
L,-0.08226173,1.104662,0.03491993,0,0,0,0,0,0,73.30083
L,-0.08226173,1.104662,0.03491993,0,0,0,0,0,0,73.31436
L,-0.08226173,1.104662,0.03491993,0,0,0,0,0,0,73.32916
L,-0.08226173,1.104662,0.03491993,0,0,0,0,0,0,73.35693
L,-0.08226173,1.104662,0.03491993,0,0,0,0,0,0,73.37045
L,-0.08226173,1.104662,0.03491993,0,0,0,0,0,0,73.38521
L,-0.08226173,1.104662,0.03491993,0,0,0,0,0,0,73.3988
L,-0.08226173,1.104662,0.03491993,0,0,0,0,0,0,73.41293
L,-0.08226173,1.104662,0.03491993,0,0,0,0,0,0,73.43991
L,-0.08226173,1.104662,0.03491993,0,0,0,0,0,0,73.45387
L,-0.08226173,1.104662,0.03491993,0,0,0,0,0,0,73.46797
L,-0.08226173,1.104662,0.03491993,0,0,0,0,0,0,73.48203
L,-0.08226173,1.104662,0.03491993,0,0,0,0,0,0,73.5098
L,-0.08226173,1.104662,0.03491993,0,0,0,0,0,0,73.52428
L,-0.08226173,1.104662,0.03491993,0,0,0,0,0,0,73.53714
L,-0.08226173,1.104662,0.03491993,0,0,0,0,0,0,73.55147
L,-0.08226173,1.104662,0.03491993,0,0,0,0,0,0,73.56528
L,-0.08226173,1.104662,0.03491993,0,0,0,0,0,0,73.59351
L,-0.08226173,1.104662,0.03491993,0,0,0,0,0,0,73.62135
L,-0.08226173,1.104662,0.03491993,0,0,0,0,0,0,73.63461
L,-0.08226173,1.104662,0.03491993,0,0,0,0,0,0,73.65149
L,-0.08226173,1.104662,0.03491993,0,0,0,0,0,0,73.67731
L,-0.08226173,1.104662,0.03491993,0,0,0,0,0,0,73.70491
L,-0.08226173,1.104662,0.03491993,0,0,0,0,0,0,73.73415
L,-0.08226173,1.104662,0.03491993,0,0,0,0,0,0,73.76331
L,-0.08226173,1.104662,0.03491993,0,0,0,0,0,0,73.80325
L,-0.08226173,1.104662,0.03491993,0,0,0,0,0,0,73.83221
L,-0.08226173,1.104662,0.03491993,0,0,0,0,0,0,73.85779
L,-0.08226173,1.104662,0.03491993,0,0,0,0,0,0,73.88554
L,-0.08226173,1.104662,0.03491993,0,0,0,0,0,0,73.91377
L,-0.08226173,1.104662,0.03491993,0,0,0,0,0,0,73.92685
L,-0.08226173,1.104662,0.03491993,0,0,0,0,0,0,73.93999
L,-0.08226173,1.104662,0.03491993,0,0,0,0,0,0,73.96819
L,-0.08226173,1.104662,0.03491993,0,0,0,0,0,0,73.9969
L,-0.08226173,1.104662,0.03491993,0,0,0,0,0,0,74.02368
L,-0.08226173,1.104662,0.03491993,0,0,0,0,0,0,74.0379
L,-0.08226173,1.104662,0.03491993,0,0,0,0,0,0,74.06554
L,-0.08226173,1.104662,0.03491993,0,0,0,0,0,0,74.08128
L,-0.1376988,0.9605826,-0.005698517,-2.011141,-5.226898,-1.473552,-72.98016,-189.6733,-53.47213,74.10884
L,-0.1068459,0.9469513,0.01175915,1.134348,-0.5011724,0.6418545,115.6157,173.6989,77.75393,74.13605
L,-0.0728757,0.993061,0.08899476,2.507065,3.402977,5.700127,101.3089,288.1333,373.3096,74.1496
L,-0.06201699,1.016479,0.1333939,0.3981184,0.8585817,1.627827,-77.34297,-93.31254,-149.3465,74.17686
L,-0.04959262,1.042549,0.1719975,0.8845664,1.856082,2.74843,34.61439,70.97956,79.73923,74.19092
L,-0.04364261,1.056888,0.1901215,0.3940773,0.94973,1.200372,-32.50222,-60.05934,-102.5819,74.20601
L,-0.03679537,1.060148,0.2209071,0.2521726,0.1200434,1.133782,-5.224641,-30.54738,-2.45172,74.23317
L,-0.03420785,1.058698,0.2690566,0.09426081,-0.0528158,1.754047,-5.75259,-6.297109,22.59572,74.26062
L,-0.03608955,1.048968,0.304919,-0.06879726,-0.3557619,1.311172,-5.963267,-11.07917,-16.19659,74.28796
L,-0.04029989,1.03971,0.2809074,-0.1485884,-0.3267241,-0.8474007,-2.815937,1.024783,-76.17889,74.3163
L,-0.03412431,1.030739,0.2677639,0.4069612,-0.5911419,-0.8661368,36.59146,-17.41597,-1.234061,74.33148
L,-0.02374611,1.026533,0.2706681,0.378279,-0.1533084,0.1058576,-1.045448,15.95876,35.4286,74.35892
L,0.009023835,1.023309,0.2082968,1.210604,-0.1191032,-2.304153,30.74817,1.263625,-89.03182,74.38599
L,0.02077171,1.013989,0.1430811,0.6771406,-0.5371798,-3.758995,-30.74851,-24.09769,-83.85624,74.40334
L,0.00950106,0.9842911,0.09355179,-0.3660225,-0.964476,-1.6085,-33.87747,-13.87675,69.83889,74.43413
L,-0.004576473,0.943846,0.06089251,-0.9804305,-2.816797,-2.274558,-42.79048,-129.005,-46.38763,74.44849
L,-0.01079873,0.9255205,0.04596952,-0.4408451,-1.298357,-1.05729,38.22948,107.581,86.24306,74.4626
L,-0.01485589,0.9084696,0.03134933,-0.1427215,-0.5998138,-0.5143042,10.4873,24.57313,19.10098,74.49103
L,-0.007195671,0.902149,-0.004160745,0.2683882,-0.2214502,-1.244153,14.40775,13.26013,-25.57827,74.51956
L,-0.005231696,0.9002921,-0.01419454,0.06875592,-0.06500818,-0.3512685,-6.988835,5.476809,31.25859,74.54813
L,-0.009227757,0.9146043,0.004832107,-0.2576349,0.9227396,1.22669,-21.03279,63.65097,101.6844,74.56364
L,-0.01037289,0.9172814,0.007218071,-0.08844738,0.2067757,0.1842859,13.07532,-55.33185,-80.56012,74.57658
L,-0.01073525,0.9174227,0.006573457,-0.01282249,0.004998819,-0.0228107,2.676108,-7.140201,-7.328446,74.60484
L,-0.005408376,0.9678619,0.06776419,0.3323197,3.146675,3.817416,21.52164,195.9019,239.4606,74.62088
L,-0.003565878,0.9913248,0.09739123,0.06907889,0.8796728,1.110777,-9.869423,-84.99442,-101.4773,74.64755
L,-0.00471374,0.9982122,0.1561243,-0.04201412,0.25209,2.149751,-4.06737,-22.97724,38.03925,74.67487
L,-0.01416088,1.005982,0.2123064,-0.3366655,0.2769062,2.002146,-10.50042,0.8843673,-5.260162,74.70293
L,-0.02946556,1.008185,0.2540354,-0.5485411,0.07894107,1.495629,-7.591842,-7.093407,-18.14933,74.73083
L,-0.05117885,0.993643,0.2814316,-1.435926,-0.9616746,1.811741,-58.68378,-68.81715,20.90487,74.74596
L,-0.0615107,0.9840404,0.2933975,-0.3860364,-0.3587871,0.4470908,39.22779,22.52613,-50.98845,74.77272
L,-0.05505112,0.9789113,0.2553618,0.417079,-0.331173,-2.455873,51.85515,1.782968,-187.4371,74.78821
L,-0.05411772,0.9767497,0.2469273,0.03411664,-0.07900952,-0.3082871,-13.99767,9.216837,78.49647,74.81557
L,-0.05578026,0.9778906,0.1757503,-0.06131474,0.04207407,-2.625019,-3.519522,4.465579,-85.4414,74.84268
L,-0.0742005,0.9568487,0.1349752,-0.6755391,-0.7716822,-1.495376,-22.52591,-29.8435,41.42825,74.86995
L,-0.08729471,0.9363188,0.1041985,-0.4691865,-0.7356223,-1.102778,7.393946,1.292085,14.06742,74.89786
L,-0.1003555,0.9106519,0.08635042,-0.4649398,-0.9136891,-0.6353565,0.1511746,-6.33883,16.63929,74.92595
L,-0.1060656,0.8875337,0.076913,-0.2033782,-0.823412,-0.3361363,9.316143,3.215434,10.65745,74.95403
L,-0.1038169,0.8758517,0.07768962,0.08092812,-0.4204228,0.02794974,10.2319,14.50319,13.1031,74.98181
L,-0.1025129,0.8693829,0.08219949,0.04846125,-0.2403977,0.167598,-1.206891,6.69207,5.191145,75.00871
L,-0.1044181,0.8707163,0.09375314,-0.1284541,0.08990403,0.7789915,-11.92832,22.27022,41.22251,75.02354
L,-0.105755,0.8696465,0.09753274,-0.04883956,-0.03907992,0.1380715,2.908373,-4.711868,-23.41323,75.05092
L,-0.109244,0.8730767,0.09867762,-0.2306145,0.226728,0.07567399,-12.00887,17.56047,-4.122259,75.06606
L,-0.1111004,0.8737583,0.0989559,-0.0683698,0.02510361,0.01024856,5.97688,-7.427574,-2.410186,75.0932
L,-0.1154806,0.882849,0.09646732,-0.1619072,0.3360234,-0.09198635,-3.457456,11.49263,-3.778944,75.12025
L,-0.1213984,0.8883889,0.09503163,-0.4541319,0.4251317,-0.1101749,-22.42533,6.838177,-1.395789,75.13329
L,-0.1239564,0.8899875,0.09437145,-0.1681426,0.1050809,-0.04339581,18.79899,-21.03797,4.389602,75.1485
L,-0.126366,0.8901173,0.09441572,-0.08864326,0.004773453,0.001628883,2.92372,-3.688971,1.655858,75.17569
L,-0.1300496,0.8910546,0.09341587,-0.2774762,0.07060884,-0.07531767,-14.22455,4.959296,-5.796286,75.18896
L,-0.1317618,0.8919622,0.09235723,-0.06078758,0.03221916,-0.03758337,7.692798,-1.362896,1.339629,75.21713
L,-0.1350629,0.8920803,0.09219792,-0.2230278,0.007981637,-0.01076333,-10.96141,-1.637557,1.81204,75.23193
L,-0.137147,0.8921635,0.09200816,-0.145613,0.005813566,-0.01325855,5.408801,-0.1514783,-0.1743359,75.24625
L,-0.1393535,0.8912008,0.09297053,-0.16139,-0.07041713,0.07039043,-1.15398,-5.575731,6.118325,75.25992
L,-0.1417049,0.8903168,0.09380651,-0.08768447,-0.03296364,0.03117304,2.749213,1.397013,-1.462806,75.28673
L,-0.1442696,0.8897969,0.09335446,-0.09265392,-0.01878187,-0.01633158,-0.1795357,0.5123574,-1.716242,75.31441
L,-0.1465966,0.8887485,0.09382485,-0.1577073,-0.07105174,0.03187967,-4.408828,-3.542459,3.267396,75.32916
L,-0.1480709,0.8881737,0.09406399,-0.1099205,-0.04285765,0.01782976,3.56286,2.102079,-1.047525,75.34258
L,-0.148584,0.8884637,0.09281924,-0.03577232,0.02021692,-0.08678264,5.169548,4.397506,-7.293488,75.35692
L,-0.1493277,0.8887798,0.09136815,-0.05221026,0.02219051,-0.1018737,-1.153402,0.1384811,-1.058896,75.37117
L,-0.1502547,0.8890809,0.08986393,-0.0354773,0.01152372,-0.05756529,0.640544,-0.4083287,1.696143,75.39729
L,-0.1526558,0.889478,0.08645754,-0.08476026,0.01401958,-0.1202482,-1.739261,0.08808202,-2.212162,75.42563
L,-0.1555432,0.890025,0.08175722,-0.1040289,0.01970734,-0.1693461,-0.694221,0.2049222,-1.768928,75.45338
L,-0.1589373,0.8896075,0.07734568,-0.1201715,-0.01478086,-0.1561936,-0.5715426,-1.22108,0.4656747,75.48163
L,-0.1623854,0.8886275,0.07408078,-0.2318898,-0.0659072,-0.2195677,-7.517008,-3.440057,-4.264158,75.49649
L,-0.1641287,0.8881826,0.07244841,-0.1239795,-0.03163999,-0.1160922,7.670292,2.435722,7.355065,75.51056
L,-0.1663808,0.887366,0.07063427,-0.1568498,-0.05687517,-0.126346,-2.28926,-1.757505,-0.7141251,75.52492
L,-0.168547,0.8866268,0.06886613,-0.08651058,-0.02952182,-0.07061362,2.809113,1.0924,2.225764,75.54996
L,-0.1767225,0.8828979,0.06365904,-0.5808011,-0.2649052,-0.3699203,-35.1343,-16.73111,-21.2748,75.56403
L,-0.1802652,0.881344,0.06126782,-0.1263177,-0.05540584,-0.08526167,16.20513,7.469939,10.14983,75.59207
L,-0.1882451,0.8701035,0.05614106,-0.5820487,-0.8198777,-0.373943,-33.22223,-55.72906,-21.04452,75.60579
L,-0.1919255,0.8657736,0.0536692,-0.248661,-0.2925379,-0.1670058,22.52463,35.6286,13.98128,75.62059
L,-0.1915409,0.8645225,0.04353506,0.02686197,-0.08736931,-0.7076725,19.25019,14.33468,-37.7752,75.6349
L,-0.1919659,0.8630551,0.03574467,-0.03112561,-0.1074459,-0.5704481,-4.246117,-1.470099,10.0482,75.64856
L,-0.1889552,0.8557635,0.02560076,0.2101315,-0.5089066,-0.7079783,16.83815,-28.01931,-9.598701,75.66289
L,-0.1872931,0.8499507,0.01740767,0.0627272,-0.2193754,-0.3092095,-5.561479,10.92385,15.04532,75.68939
L,-0.1802773,0.8405032,0.006265827,0.2514538,-0.3386122,-0.3993393,6.766074,-4.274783,-3.231263,75.71729
L,-0.174035,0.8334699,-0.005299698,0.2165673,-0.2440114,-0.4012484,-1.210332,3.282031,-0.06623358,75.74611
L,-0.1758512,0.8295996,-0.01128514,-0.1253528,-0.2671307,-0.4131247,-23.58745,-1.594894,-0.8192907,75.7606
L,-0.176485,0.8272312,-0.01494226,-0.024469,-0.09143962,-0.1411918,3.896004,6.784969,10.50171,75.7865
L,-0.1732424,0.8278288,-0.02335899,0.192313,0.03544259,-0.4991843,12.85704,7.525206,-21.23203,75.80336
L,-0.1717471,0.8271959,-0.02825916,0.06049021,-0.02560282,-0.1982333,-5.332802,-2.469551,12.17477,75.82808
L,-0.1788133,0.8265604,-0.03161506,-0.2408775,-0.02166165,-0.1143988,-10.27064,0.1343151,2.857085,75.85742
L,-0.1854177,0.8287262,-0.03469562,-0.2493974,0.08178478,-0.1163283,-0.321821,3.907473,-0.07287998,75.8839
L,-0.1918012,0.8306562,-0.03571267,-0.4716423,0.1425935,-0.07514467,-16.42057,4.492855,3.04285,75.89743
L,-0.1944741,0.8311931,-0.03694148,-0.1832332,0.03681109,-0.08423771,19.77111,-7.251629,-0.6233487,75.91202
L,-0.194955,0.8315591,-0.03693838,-0.03333223,0.02536687,0.0002148334,10.38468,-0.7928211,5.850615,75.92645
L,-0.1954222,0.8317877,-0.03714752,-0.01542915,0.007548737,-0.006906676,0.5913793,-0.5885732,-0.2352395,75.95673
L,-0.1959675,0.8311369,-0.0359276,-0.02163871,-0.02582643,0.04840962,-0.2463377,-1.324016,2.194436,75.98193
L,-0.1976277,0.8298857,-0.03353794,-0.05790459,-0.04364023,0.08334693,-1.264886,-0.6213122,1.218548,76.0106
L,-0.198847,0.8288057,-0.03178089,-0.08367351,-0.07410831,0.1205756,-1.768369,-2.090844,2.55478,76.02518
L,-0.1991598,0.8283349,-0.03101399,-0.02336627,-0.03516293,0.05727609,4.506608,2.91029,-4.73021,76.03856
L,-0.1994862,0.8279364,-0.03046367,-0.02208735,-0.02697067,0.03723869,0.08649683,0.5540637,-1.355181,76.05334
L,-0.2011287,0.8296812,-0.02917814,-0.06247336,0.06636544,0.04889649,-1.536121,3.550131,0.4434159,76.07964
L,-0.2001729,0.8288455,-0.02578914,0.03508241,-0.03067243,0.1243919,3.581745,-3.562731,2.771804,76.10687
L,-0.2013748,0.8297076,-0.02357636,-0.04268036,0.03061289,0.07857836,-2.760705,2.175729,-1.626456,76.13504
L,-0.2029208,0.8318956,-0.02265994,-0.04883942,0.06912246,0.02895105,-0.1946194,1.216858,-1.568166,76.16669
L,-0.2020044,0.8329835,-0.02307761,0.01737414,0.0206269,-0.007919226,1.255242,-0.9193534,-0.6989675,76.21944
L,-0.2017675,0.8351415,-0.02547308,0.008130094,0.0740643,-0.08221504,-0.3173482,1.834507,-2.550577,76.24857
L,-0.1977421,0.8435563,-0.03290629,0.1525804,0.3189547,-0.2817484,5.475244,9.282323,-7.56311,76.27495
L,-0.1955875,0.8439248,-0.03842876,0.05329425,0.009114337,-0.1365996,-2.455403,-7.662527,3.589612,76.31538
L,-0.1930921,0.8489009,-0.0487209,0.07651088,0.1525694,-0.3155582,0.711991,4.399379,-5.488175,76.34799
L,-0.193132,0.8538941,-0.05652791,-0.00102992,0.1286299,-0.2011163,-1.997529,-0.6167077,2.948138,76.38681
L,-0.1935471,0.854222,-0.05663455,-0.01014365,0.008013531,-0.0026062,-0.2226985,-2.94732,4.850693,76.42773
L,-0.1937208,0.854276,-0.05771025,-0.006013582,0.001869059,-0.03723135,0.1429836,-0.2127227,-1.198729,76.45662
L,-0.1957163,0.850548,-0.05904882,-0.0715005,-0.1335814,-0.04796289,-2.346501,-4.853405,-0.3845283,76.48453
L,-0.1979971,0.8515353,-0.06054764,-0.06001909,0.02597997,-0.0394407,0.3020658,4.197917,0.2242114,76.52254
L,-0.203512,0.8483917,-0.0639041,-0.1900236,-0.1083173,-0.1156513,-4.479481,-4.627396,-2.62594,76.55156
L,-0.2107287,0.8398335,-0.06002681,-0.161775,-0.1918478,0.08691715,0.6333551,-1.872821,4.541747,76.59616
L,-0.2135066,0.8306567,-0.05248094,-0.07538577,-0.2490311,0.2047727,2.34435,-1.551786,3.198254,76.63301
L,-0.2149472,0.8249274,-0.04525524,-0.04472157,-0.1778648,0.2243216,0.9519703,2.209358,0.6068959,76.66522
L,-0.2157932,0.8231395,-0.04190143,-0.02104586,-0.04447594,0.08342965,0.5888467,3.317561,-3.504174,76.70543
L,-0.2144857,0.8252725,-0.03903436,0.04893799,0.07983162,0.1073081,2.619339,4.652553,0.8937167,76.73215
L,-0.2104178,0.8297629,-0.03066382,0.09465462,0.1044861,0.1947706,1.063951,0.5737776,2.035491,76.77512
L,-0.2041027,0.8366569,-0.016536,0.2495425,0.2724177,0.5582643,6.118584,6.633852,14.3592,76.80043
L,-0.2007655,0.8456682,-0.003213707,0.1132297,0.3057533,0.4520267,-4.626306,1.131374,-3.605584,76.8299
L,-0.19634,0.8567021,0.01250167,0.1629841,0.4063619,0.5787711,1.831858,3.704207,4.66647,76.85706
L,-0.1935586,0.8717124,0.02783979,0.06970528,0.3761816,0.3843974,-2.337714,-0.7563673,-4.87131,76.89696
L,-0.1844926,0.9042996,0.0453587,0.2880724,1.035458,0.5566638,6.940306,20.95362,5.475097,76.92842
L,-0.175815,0.9309026,0.05829372,0.3712117,1.138024,0.553335,3.556536,4.38757,-0.1423971,76.9518
L,-0.1607406,0.9592953,0.08005945,0.3586549,0.6755295,0.5178578,-0.2986998,-11.00183,-0.8439315,76.99384
L,-0.1362193,1.00295,0.1260778,0.758929,1.351086,1.424253,12.39129,20.91323,28.0593,77.02614
L,-0.1111207,1.03662,0.169936,0.680961,0.913524,1.189937,-2.114947,-11.86925,-6.356035,77.063
L,-0.08461498,1.062386,0.2397902,0.9631706,0.9362784,2.538377,10.25784,0.8270851,49.01353,77.09052
L,-0.07046109,1.079497,0.3028806,0.9836574,1.189232,4.384617,1.423776,17.57957,128.3088,77.1049
L,-0.06269769,1.089711,0.3332946,0.2365881,0.3112576,0.9268593,-22.76147,-26.74984,-105.3499,77.13773
L,-0.06471133,1.081537,0.3295071,-0.08519452,-0.3458481,-0.1602407,-13.61417,-27.80121,-45.99366,77.16136
L,-0.06323373,1.068069,0.3199305,0.1102915,-1.005232,-0.7148237,14.59154,-49.21798,-41.39539,77.17476
L,-0.06116517,1.066213,0.3215782,0.07199426,-0.06462012,0.05734698,-1.332899,32.73709,26.87466,77.20349
L,-0.0454861,1.050713,0.2759082,0.5745281,-0.5679515,-1.673486,18.4195,-18.44873,-63.44063,77.23077
L,-0.02030165,1.03478,0.2214338,0.891674,-0.5641376,-1.928705,11.22878,0.1350326,-9.036226,77.25902
L,-0.01011719,1.006028,0.1731278,0.3580731,-1.010872,-1.698383,-18.76077,-15.70665,8.097845,77.28746
L,-0.01959148,0.9992505,0.1670412,-0.3205507,-0.2293072,-0.2059297,-22.9604,26.44328,50.49532,77.31702
L,-0.02433442,0.9736413,0.1365878,-0.1791029,-0.9670551,-1.149984,5.339821,-27.85084,-35.63913,77.34351
L,-0.02092394,0.9340836,0.09515545,0.2417617,-2.804163,-2.937058,29.85041,-130.2995,-126.7508,77.3576
L,-0.0179681,0.9177261,0.07836975,0.2183926,-1.208577,-1.240211,-1.726624,117.8899,125.3716,77.37114
L,-0.01560378,0.9031944,0.06308831,0.08806365,-0.5412604,-0.5691872,-4.852976,24.84845,24.9865,77.39799
L,-0.0129334,0.8935773,0.02940775,0.1983069,-0.714182,-2.501177,8.1915,-12.84875,-143.5543,77.41145
L,-0.01125669,0.8866221,0.01483542,0.1093926,-0.4537783,-0.9507338,-5.798097,16.98091,101.1043,77.42679
L,-0.01704082,0.8877116,0.009732307,-0.4133788,0.07786941,-0.3647082,-37.36134,37.9957,41.88198,77.44078
L,-0.02075739,0.8861752,0.002390197,-0.2903088,-0.1200183,-0.5735072,9.613249,-15.45741,-16.30972,77.45358
L,-0.02516498,0.8880136,0.005167013,-0.1626443,0.0678403,0.102467,4.710934,6.93215,24.94406,77.48068
L,-0.03106223,0.8893463,0.005522756,-0.4315822,0.09753193,0.02603454,-19.69286,2.174157,-5.596737,77.49434
L,-0.03402279,0.8898374,0.004662011,-0.1916277,0.03179012,-0.05571334,15.52384,-4.253164,-5.288677,77.5098
L,-0.0364088,0.8891507,0.002225807,-0.1865986,-0.05370861,-0.190524,0.3933041,-6.68645,-10.5429,77.52258
L,-0.03663747,0.8991427,0.002114235,-0.01688628,0.7378433,-0.008238869,12.5392,58.48382,13.46813,77.53612
L,-0.03435463,0.9139963,0.007820278,0.1256156,0.8173377,0.3139809,7.841311,4.374259,17.73047,77.55429
L,-0.03285873,0.9244726,0.01052696,0.06252273,0.4378637,0.1131283,-2.637024,-15.86046,-8.394817,77.57822
L,-0.03223418,0.9468452,0.02344212,0.04661779,1.669944,0.964018,-1.187182,91.9654,63.51242,77.59161
L,-0.0325635,0.9645509,0.03590634,-0.0207724,1.116804,0.7861933,-4.250706,-34.88989,-11.21648,77.60747
L,-0.03203113,0.9869932,0.06443986,0.02005729,0.8455195,1.075006,1.537824,-10.21776,10.87794,77.63402
L,-0.03143637,1.017144,0.09955468,0.03961231,2.008106,2.338704,1.302397,77.43016,84.16438,77.64903
L,-0.03122609,1.033028,0.1167425,0.007924533,0.5986064,0.6477409,-1.194187,-53.11845,-63.7257,77.67557
L,-0.02727612,1.062298,0.1688499,0.2574493,1.907757,3.396233,16.2715,85.36967,179.229,77.6909
L,-0.02575628,1.078716,0.1977504,0.0558945,0.6037853,1.062864,-7.41251,-47.95573,-85.81348,77.71809
L,-0.04305274,1.089788,0.2416925,-0.4125718,0.2641009,1.048148,-11.17227,-8.101003,-0.3509626,77.76003
L,-0.09223964,1.073571,0.2963634,-1.171547,-0.3862552,1.302165,-18.08078,-15.49318,6.051353,77.802
L,-0.09581964,1.056188,0.2891535,-0.1268552,-0.615952,-0.2554787,37.00808,-8.136975,-55.17933,77.83023
L,-0.08082539,1.03872,0.2318296,0.5551769,-0.6467912,-2.122471,25.25291,-1.141852,-69.12724,77.85724
L,-0.063843,1.022733,0.1898125,1.272679,-1.198042,-3.148813,53.80114,-41.33497,-76.95921,77.87057
L,-0.06939884,1.003314,0.1504485,-0.388588,-1.358233,-2.753211,-116.1929,-11.20413,27.66932,77.88487
L,-0.0739524,0.9888791,0.1226506,-0.1414324,-0.4483486,-0.8633935,7.676582,28.26074,58.69719,77.91707
L,-0.08484893,0.9394714,0.08878283,-0.4457645,-2.021214,-1.385493,-12.44988,-64.34412,-21.35851,77.94151
L,-0.09567534,0.8954741,0.06478978,-0.6969745,-2.832419,-1.544606,-16.1722,-52.22313,-10.24322,77.95705
L,-0.1000018,0.8775268,0.05195352,-0.1661535,-0.6892465,-0.4929606,20.37954,82.28175,40.37528,77.98309
L,-0.1045168,0.8444168,0.03001305,-0.1676926,-1.22975,-0.8148997,-0.05717818,-20.08076,-11.96066,78.01001
L,-0.1076718,0.8142957,0.008317959,-0.1164543,-1.111808,-0.8007938,1.890738,4.35217,0.5205232,78.03711
L,-0.1115439,0.7849101,-0.0151227,-0.2014809,-1.529029,-1.219696,-4.425972,-21.71803,-21.80552,78.05632
L,-0.1147394,0.7638795,-0.01059984,-0.1262311,-0.8307786,0.1786679,2.972613,27.58322,55.24,78.08163
L,-0.1210539,0.7447713,-0.003504409,-0.230287,-0.6968711,0.258768,-3.794882,4.883563,2.921223,78.10905
L,-0.1248323,0.7278618,-0.007221862,-0.1342848,-0.6009672,-0.1321188,3.411931,3.408436,-13.89217,78.13719
L,-0.1313084,0.712881,-0.01303294,-0.2207082,-0.5105447,-0.1980421,-2.945318,3.081609,-2.246674,78.16653
L,-0.1320656,0.7099053,-0.02263239,-0.0187084,-0.07352144,-0.2371759,4.989921,10.79561,-0.9667063,78.20702
L,-0.1363858,0.7336717,-0.02900367,-0.3144065,1.729651,-0.4636853,-21.53208,131.303,-16.49391,78.22075
L,-0.1388628,0.7411236,-0.03284382,-0.1840532,0.5537043,-0.2853381,9.685748,-87.37737,13.25188,78.23421
L,-0.1410845,0.7450325,-0.03657289,-0.08630972,0.1518529,-0.1448654,3.797107,-15.61099,5.457035,78.25995
L,-0.1491546,0.7699421,-0.03913014,-0.5831112,1.799864,-0.184776,-35.89678,119.0783,-2.883769,78.27379
L,-0.1544139,0.7819001,-0.04051175,-0.1836296,0.4175172,-0.0482393,13.94801,-48.26504,4.767217,78.30243
L,-0.1585736,0.7974519,-0.04351611,-0.1573968,0.5884522,-0.11368,0.9926059,6.467899,-2.476168,78.32886
L,-0.1602217,0.8119711,-0.04724161,-0.1167021,1.028131,-0.2638085,2.880096,31.11747,-10.62508,78.34299
L,-0.1577995,0.813961,-0.04870001,0.08996606,0.0739055,-0.05416698,7.678121,-35.45131,7.788588,78.3699
L,-0.1546449,0.8184391,-0.05451895,0.1096168,0.15561,-0.2022005,0.6828375,2.839123,-5.143968,78.39868
L,-0.1616641,0.8237823,-0.0653238,-0.2663652,0.2027608,-0.4100211,-14.26772,1.789275,-7.886353,78.42503
L,-0.1691705,0.8269101,-0.07423722,-0.259325,0.1080592,-0.3079335,0.2432202,-3.271675,3.526837,78.45398
L,-0.1720191,0.8255712,-0.07869659,-0.1024895,-0.04817244,-0.1604442,5.641257,-5.619537,5.305085,78.48178
L,-0.1767141,0.8217744,-0.08259571,-0.1735923,-0.1403848,-0.1441651,-2.629682,-3.4104,0.6020662,78.50882
L,-0.1774974,0.8204675,-0.08482974,-0.02862859,-0.04776605,-0.08165625,5.298574,3.38531,2.284764,78.53618
L,-0.1789277,0.8161526,-0.08547737,-0.09594202,-0.2894423,-0.04344204,-4.515305,-16.21136,2.563364,78.55109
L,-0.1801463,0.8117064,-0.08487744,-0.04544197,-0.1657939,0.02237092,1.882578,4.609455,2.453423,78.57791
L,-0.1853621,0.8037906,-0.08502643,-0.3731684,-0.5663465,-0.01065956,-23.44747,-28.65788,-2.363194,78.59189
L,-0.1877139,0.8007511,-0.08552457,-0.07579489,-0.09795688,-0.01605433,9.586164,15.09906,-0.1739063,78.62291
L,-0.1877139,0.8007511,-0.08552457,0,0,0,2.927103,3.782971,0.619998,78.6488
L,-0.1877139,0.8007511,-0.08552457,0,0,0,0,0,0,78.67647
L,-0.1877139,0.8007511,-0.08552457,0,0,0,0,0,0,78.6908
L,-0.1877139,0.8007511,-0.08552457,0,0,0,0,0,0,78.70514
L,-0.1877139,0.8007511,-0.08552457,0,0,0,0,0,0,78.73067
L,-0.1877139,0.8007511,-0.08552457,0,0,0,0,0,0,78.74777
L,-0.1877139,0.8007511,-0.08552457,0,0,0,0,0,0,78.77513
L,-0.1877139,0.8007511,-0.08552457,0,0,0,0,0,0,78.80046
L,-0.1877139,0.8007511,-0.08552457,0,0,0,0,0,0,78.82805
L,-0.1877139,0.8007511,-0.08552457,0,0,0,0,0,0,78.85634
L,-0.1877139,0.8007511,-0.08552457,0,0,0,0,0,0,78.87318
L,-0.1877139,0.8007511,-0.08552457,0,0,0,0,0,0,78.89769
L,-0.1877139,0.8007511,-0.08552457,0,0,0,0,0,0,78.92569
L,-0.1877139,0.8007511,-0.08552457,0,0,0,0,0,0,78.94122
L,-0.1877139,0.8007511,-0.08552457,0,0,0,0,0,0,78.95598
L,-0.1877139,0.8007511,-0.08552457,0,0,0,0,0,0,78.98067
L,-0.1877139,0.8007511,-0.08552457,0,0,0,0,0,0,79.01086
L,-0.1877139,0.8007511,-0.08552457,0,0,0,0,0,0,79.03619
L,-0.1877139,0.8007511,-0.08552457,0,0,0,0,0,0,79.05144
L,-0.1877139,0.8007511,-0.08552457,0,0,0,0,0,0,79.06432
L,-0.1877139,0.8007511,-0.08552457,0,0,0,0,0,0,79.09262
L,-0.1877139,0.8007511,-0.08552457,0,0,0,0,0,0,79.12286
L,-0.1877139,0.8007511,-0.08552457,0,0,0,0,0,0,79.14894
L,-0.1877139,0.8007511,-0.08552457,0,0,0,0,0,0,79.17902
L,-0.1877139,0.8007511,-0.08552457,0,0,0,0,0,0,79.20404
L,-0.1877139,0.8007511,-0.08552457,0,0,0,0,0,0,79.2307
L,-0.1877139,0.8007511,-0.08552457,0,0,0,0,0,0,79.24687
L,-0.1877139,0.8007511,-0.08552457,0,0,0,0,0,0,79.27396
L,-0.1877139,0.8007511,-0.08552457,0,0,0,0,0,0,79.28731
L,-0.1877139,0.8007511,-0.08552457,0,0,0,0,0,0,79.31526
L,-0.1877139,0.8007511,-0.08552457,0,0,0,0,0,0,79.34315
L,-0.1877139,0.8007511,-0.08552457,0,0,0,0,0,0,79.37253
L,-0.1682077,0.8420141,-0.04404023,0.7084264,1.498595,1.506632,25.72157,54.41104,54.70285,79.40007
L,-0.1682077,0.8420141,-0.04404023,0,0,0,-53.18148,-112.4993,-113.1027,79.41339
L,-0.1505971,0.8410696,-0.01221958,1.24569,-0.0668131,2.250835,88.06639,-4.723477,159.127,79.42754
L,-0.1372082,0.8403708,0.01230779,0.5232273,-0.02730648,0.9585124,-28.23335,1.543891,-50.50306,79.45313
L,-0.1242314,0.8918968,0.06509877,0.8165652,3.242255,3.321853,18.46704,205.8348,148.7837,79.46901
L,-0.1177881,0.9185936,0.09463572,0.4609897,1.910045,2.113246,-25.43995,-95.31407,-86.47082,79.48299
L,-0.1347138,0.9226183,0.1091902,-1.237305,0.2942084,1.06396,-124.0796,-118.0552,-76.6622,79.49667
L,-0.1456155,0.9272981,0.1228993,-0.406864,0.1746556,0.5116411,30.99303,-4.46185,-20.6132,79.52347
L,-0.1262806,1.001273,0.1690409,0.695462,2.660838,1.659681,39.64986,89.42616,41.29414,79.55127
L,-0.1176476,1.047487,0.2273197,0.3174919,1.699565,2.143296,-13.90048,-35.35241,17.78577,79.57846
L,-0.114103,1.065122,0.2815437,0.1283067,0.6383553,1.962788,-6.849966,-38.424,-6.535817,79.60608
L,-0.122586,1.070544,0.3263853,-0.5322574,0.3402121,2.813536,-41.42654,-18.69771,53.35372,79.62202
L,-0.1301948,1.069483,0.3485114,-0.2930623,-0.0408509,0.8522237,9.215693,-14.68157,-75.56529,79.64798
L,-0.1421181,1.050929,0.341222,-0.7889047,-1.227615,-0.4822986,-32.79065,-78.48215,-88.25354,79.6631
L,-0.1465366,1.047317,0.3453709,-0.1595407,-0.1304451,0.1498063,22.72507,39.61662,22.82404,79.6908
L,-0.1327981,1.039077,0.296359,0.5028552,-0.3016092,-1.793935,24.25183,-6.26671,-71.16483,79.71811
L,-0.1110767,1.038636,0.2645861,1.566046,-0.0317313,-2.29073,76.65269,19.45733,-35.8173,79.73198
L,-0.10235,1.039327,0.2539979,0.6106936,0.04831821,-0.7409591,-66.81963,5.598852,108.3946,79.74628
L,-0.08606758,1.029027,0.2210404,0.5906903,-0.3736593,-1.195627,-0.7258769,-15.31269,-16.49894,79.77383
L,-0.07530914,1.005739,0.1603869,0.7730981,-1.673477,-4.358543,13.10776,-93.40443,-227.286,79.78775
L,-0.0758118,0.9940384,0.1384896,-0.01089364,-0.2535717,-0.4745561,-16.99063,30.77213,84.1736,79.83389
L,-0.0909687,0.9264336,0.08835767,-0.6263069,-2.793538,-2.07153,-25.42984,-104.9554,-65.98947,79.85809
L,-0.09372734,0.8987938,0.05972269,-0.1551184,-1.554185,-1.610143,26.48354,69.65886,25.93264,79.87589
L,-0.09406938,0.8853603,0.04514203,-0.009266646,-0.3639417,-0.3950221,3.951444,32.24629,32.92029,79.9128
L,-0.1057485,0.8431854,0.01051178,-0.7503959,-2.709781,-2.225027,-47.61828,-150.7225,-117.5796,79.92836
L,-0.1087477,0.8316097,-0.0008788324,-0.2346933,-0.9058163,-0.8913378,40.37883,141.2481,104.4261,79.94113
L,-0.1109169,0.8192386,-0.01304024,-0.1689354,-0.9634628,-0.9471304,5.118181,-4.486843,-4.342544,79.95398
L,-0.1195839,0.807398,-0.01232649,-0.6013784,-0.8215863,0.04952513,-30.0218,9.849593,69.19154,79.96838
L,-0.1261636,0.7956015,-0.01529237,-0.2324561,-0.4167621,-0.1047825,13.0338,14.30219,-5.451594,79.99669
L,-0.1305579,0.7871259,-0.0104334,-0.1516117,-0.2924228,0.1676428,2.788537,4.288792,9.396666,80.02568
L,-0.1338231,0.7873869,-0.01712987,-0.1203878,0.00962333,-0.2468974,1.151541,11.1395,-15.2883,80.0528
L,-0.1400745,0.7801688,-0.03073214,-0.4303461,-0.4968939,-0.9363847,-21.33764,-34.86882,-47.46454,80.06732
L,-0.1431165,0.7749709,-0.03797495,-0.2306077,-0.3940455,-0.5490628,15.13301,7.792222,29.34512,80.08052
L,-0.1428516,0.7864782,-0.037977,0.009181547,0.3988052,-7.126686E-05,8.310327,27.47766,19.02629,80.10938
L,-0.1417795,0.7987585,-0.03987269,0.07498062,0.8589164,-0.1325889,4.602143,32.18127,-9.2686,80.12367
L,-0.1410037,0.8018599,-0.04116477,0.02977901,0.1190337,-0.04959165,-1.735403,-28.40595,3.186474,80.14972
L,-0.1382809,0.8334363,-0.04135065,0.1013268,1.175122,-0.006917456,2.662667,39.30257,1.588129,80.17659
L,-0.1415702,0.8496816,-0.04503494,-0.2166506,1.070006,-0.2426669,-20.94369,-6.923516,-15.52772,80.19177
L,-0.1450244,0.8529415,-0.04767989,-0.125447,0.1183932,-0.09605976,3.311424,-34.5512,5.323019,80.21931
L,-0.1457475,0.8574293,-0.04448614,-0.04447827,0.2760294,0.1964394,4.982505,9.700325,17.99927,80.23557
L,-0.1463529,0.8602539,-0.04397818,-0.02366759,0.1104165,0.01985658,0.8132673,-6.472039,-6.900733,80.26115
L,-0.1454184,0.8597838,-0.04374024,0.06413101,-0.03226031,0.01632853,6.025099,-9.791066,-0.2421086,80.27573
L,-0.1448162,0.8597346,-0.04375435,0.02257658,-0.001843625,-0.0005290644,-1.557958,1.140382,-0.6320249,80.3024
L,-0.1421327,0.8533853,-0.04625036,0.09891293,-0.2340323,-0.09200161,2.813711,-8.558332,-3.371622,80.32953
L,-0.1430511,0.8458311,-0.04948074,-0.05846285,-0.4808842,-0.2056399,-10.02311,-15.72176,-7.237513,80.34523
L,-0.1435627,0.8434322,-0.05098119,-0.03743653,-0.1755566,-0.1098079,1.537925,22.33253,7.009426,80.3589
L,-0.1455365,0.8457149,-0.05438563,-0.1564177,0.1808872,-0.2697866,-9.428717,28.24656,-12.67758,80.37152
L,-0.1477048,0.8480543,-0.05819698,-0.1630551,0.1759224,-0.2866102,-0.4994158,-0.3735626,-1.265843,80.38481
L,-0.1474156,0.83701,-0.06156157,0.01996322,-0.7622968,-0.2322293,12.62557,-64.7233,3.751478,80.39931
L,-0.1474035,0.8291378,-0.06444842,0.0003750482,-0.2449134,-0.08981362,-0.6095587,16.1003,4.431792,80.43144
L,-0.1602143,0.8240741,-0.07004147,-0.5053069,-0.1997325,-0.2206117,-19.94005,1.781577,-5.157632,80.4568
L,-0.1684331,0.8177765,-0.07692674,-0.2911492,-0.2230912,-0.2439097,7.586509,-0.827481,-0.8253273,80.48503
L,-0.1810398,0.8189349,-0.0830194,-0.4726523,0.04343133,-0.228426,-6.804915,9.992461,0.5805156,80.5117
L,-0.1853276,0.8219656,-0.08442999,-0.1489957,0.1053113,-0.04901608,11.24664,2.150248,6.234255,80.54048
L,-0.1837328,0.8250877,-0.08116807,0.06160892,0.1206091,0.1260082,8.13808,0.5911272,6.763204,80.56636
L,-0.1823719,0.8231543,-0.0779911,0.09427854,-0.1339398,0.220091,2.263252,-17.63437,6.517766,80.5808
L,-0.1821925,0.8221558,-0.07684409,0.01418933,-0.0789831,0.09073073,-6.331395,4.344561,-10.22648,80.59344
L,-0.1835342,0.8188534,-0.07756858,-0.04670692,-0.1149693,-0.02522203,-2.120562,-1.25313,-4.037768,80.62216
L,-0.1809526,0.818271,-0.08232675,0.1581201,-0.03566735,-0.2914313,12.54537,4.857132,-16.30495,80.63849
L,-0.1796755,0.8177775,-0.08527721,0.05385862,-0.02081574,-0.1244278,-4.396962,0.6263289,7.042949,80.6622
L,-0.1705436,0.81411,-0.0890028,0.5813198,-0.2334606,-0.2371643,33.56087,-13.52999,-7.173105,80.67792
L,-0.1669572,0.8125533,-0.09075283,0.1340001,-0.05816393,-0.06538765,-16.71354,6.549738,6.418218,80.70468
L,-0.1590277,0.8167142,-0.08801994,0.272578,0.1430284,0.09394311,4.764869,6.917806,5.478437,80.73376
L,-0.1547574,0.8300691,-0.08368784,0.1564739,0.4893656,0.1587412,-4.253213,12.68729,2.373734,80.76106
L,-0.1471295,0.8365924,-0.08449109,0.285497,0.2441529,-0.03006374,4.829046,-9.177763,-7.066546,80.78778
L,-0.1365084,0.839444,-0.08842923,0.7102649,0.1906967,-0.263357,28.4057,-3.574798,-15.60113,80.80273
L,-0.1318955,0.8410232,-0.08993179,0.1689857,0.05784918,-0.05504286,-19.82855,-4.866572,7.63112,80.83003
L,-0.137032,0.8184473,-0.09402356,-0.1697564,-0.7461095,-0.1352285,-11.19506,-26.56996,-2.65005,80.86029
L,-0.1510398,0.8112575,-0.1018975,-0.5345069,-0.2743472,-0.300454,-13.92212,18.00665,-6.306475,80.88649
L,-0.1645767,0.7987075,-0.1022045,-0.5157862,-0.478184,-0.0116949,0.7133017,-7.766656,11.00239,80.91273
L,-0.1697354,0.7932189,-0.09821843,-0.3775344,-0.4016785,0.2917141,10.11214,5.595832,22.1922,80.92641
L,-0.1705118,0.7921411,-0.09419393,-0.0488525,-0.06781835,0.25324,20.69212,21.01812,-2.422128,80.94229
L,-0.1713966,0.7908465,-0.09166882,-0.03091988,-0.04523585,0.08823533,0.6264565,0.7888948,-5.764259,80.97092
L,-0.1784994,0.8002858,-0.08723814,-0.2813474,0.373895,0.1755027,-9.922623,16.60711,3.45777,80.99615
L,-0.1756508,0.8131018,-0.08677711,0.09940709,0.4472386,0.01608858,13.28707,2.559448,-5.563025,81.02481
L,-0.1708992,0.8212527,-0.08675951,0.3049984,0.5231888,0.001129599,13.1965,4.875098,-0.9601879,81.04039
L,-0.1695467,0.824188,-0.0866513,0.09718938,0.2109289,0.007776093,-14.93308,-22.43889,0.4776148,81.05431
L,-0.1598078,0.8332105,-0.08612684,0.3654446,0.3385611,0.0196797,10.06318,4.787921,0.4465456,81.08096
L,-0.1512135,0.8349043,-0.08427884,0.3210233,0.06326812,0.06902841,-1.659748,-10.28597,1.843852,81.10773
L,-0.1498859,0.8264577,-0.08405905,0.07565472,-0.4813519,0.01252548,-13.98302,-31.03671,-3.21998,81.12527
L,-0.1498816,0.8226259,-0.08511802,0.0001070205,-0.09555449,-0.02640806,-1.883978,9.62086,-0.9709088,81.16537
L,-0.147971,0.8229563,-0.08660826,0.04757329,0.00822509,-0.03710659,1.181896,2.58408,-0.2663901,81.20554
L,-0.1454716,0.8244611,-0.0872201,0.1833303,0.1103762,-0.04487652,9.951873,7.488336,-0.5695858,81.21918
L,-0.1432547,0.8258047,-0.08760055,0.07448711,0.04514467,-0.01278318,-3.658026,-2.192313,1.078599,81.24893
L,-0.1382446,0.827572,-0.08795614,0.3695462,0.1303549,-0.02622815,21.7514,6.281593,-0.9911468,81.2625
L,-0.1347671,0.8283105,-0.08802354,0.129086,0.02741566,-0.002502113,-8.928498,-3.822224,0.8809686,81.28943
L,-0.1326837,0.8222318,-0.08920039,0.0494159,-0.144182,-0.02791385,-1.889707,-4.070151,-0.6027448,81.33159
L,-0.1349828,0.810645,-0.08450024,-0.1212202,-0.6109023,0.2478112,-8.99663,-24.60739,14.53734,81.35056
L,-0.1372199,0.8046787,-0.08044549,-0.06247836,-0.1666345,0.1132461,1.640267,12.40543,-3.757503,81.38637
L,-0.1356195,0.8282616,-0.06740853,0.05737465,0.8454745,0.4673907,4.296875,36.28532,12.69651,81.41426
L,-0.1342913,0.8496531,-0.05518416,0.0489583,0.7884781,0.4505831,-0.3102216,-2.100853,-0.6195174,81.44139
L,-0.1306532,0.8594508,-0.04415805,0.08536548,0.2298953,0.2587208,0.8542718,-13.1068,-4.501929,81.48401
L,-0.1375963,0.8570894,-0.02499238,-0.1671662,-0.05685301,0.4614405,-6.080057,-6.903872,4.880764,81.52554
L,-0.1439111,0.8558704,0.0008785443,-0.2101268,-0.04056391,0.8608666,-1.429897,0.5421649,13.29446,81.55559
L,-0.1456762,0.8573885,0.01998204,-0.06995755,0.06017066,0.7571617,5.553889,3.991379,-4.109073,81.58083
L,-0.1378895,0.8725213,0.04319626,0.5030149,0.9775674,1.499623,37.03188,59.29242,47.98611,81.5963
L,-0.1290724,0.8886164,0.06111686,0.300175,0.5479525,0.6101009,-6.905617,-14.6261,-30.28348,81.62567
L,-0.1214909,0.9401722,0.08655243,0.2895434,1.968975,0.9714134,-0.4060338,54.27048,13.79893,81.65186
L,-0.1126382,0.9826251,0.1166503,0.3339136,1.601261,1.13525,1.673098,-13.86565,6.177898,81.67838
L,-0.1043977,1.012971,0.1518347,0.3128893,1.152228,1.335945,-0.7982895,-17.04972,7.620351,81.70471
L,-0.09749541,1.040085,0.1829911,0.4914173,1.930405,2.21822,12.7174,55.43322,62.84867,81.71875
L,-0.09391563,1.055367,0.2004367,0.2211164,0.9439356,1.077578,-16.69598,-60.93237,-70.45529,81.73494
L,-0.09236454,1.064191,0.2348663,0.05551713,0.3158452,1.23232,-5.927206,-22.4809,5.538585,81.76288
L,-0.1024111,1.056283,0.3016028,-0.3758071,-0.2958226,2.496372,-16.13428,-22.88028,47.28363,81.78961
L,-0.1323364,1.017748,0.3253543,-1.045127,-1.345827,0.8295114,-23.3695,-36.66122,-58.19892,81.81825
L,-0.1481517,0.9965647,0.3236347,-0.5915934,-0.7923734,-0.06432492,16.96506,20.70272,-33.43519,81.84499
L,-0.1483994,0.9910304,0.303698,-0.008911032,-0.199119,-0.7173046,20.97017,21.35064,-23.5001,81.87277
L,-0.1259386,0.9896461,0.2563945,1.578542,-0.09728971,-3.324485,111.5062,7.152719,-183.1341,81.88701
L,-0.1172803,0.9886497,0.2429678,0.6214959,-0.07151903,-0.9637794,-68.69765,1.849844,169.4537,81.90094
L,-0.1117544,0.9876776,0.2325386,0.419396,-0.07377768,-0.7915359,-15.34742,-0.1715214,13.08013,81.91411
L,-0.1072507,0.9866775,0.224214,0.1602801,-0.03559428,-0.2962567,-9.219012,1.358516,17.6214,81.94221
L,-0.1138827,0.9557905,0.1600197,-0.2344314,-1.091807,-2.269169,-13.95243,-37.33548,-69.73936,81.9705
L,-0.1181931,0.9221004,0.1089308,-0.1413845,-1.105062,-1.675758,3.05201,-0.4347668,19.46434,82.00099
L,-0.1246388,0.8951647,0.07267584,-0.2530259,-1.057357,-1.423182,-4.38378,1.873212,9.917826,82.02646
L,-0.1315836,0.8682458,0.04467259,-0.2523622,-0.9781848,-1.017589,0.02411092,2.876189,14.73445,82.05399
L,-0.1369128,0.8410006,0.01752089,-0.3928582,-2.008485,-2.00159,-10.3572,-75.95248,-72.53936,82.06755
L,-0.1392015,0.8284652,0.00376658,-0.08367928,-0.4583072,-0.5028746,11.30712,56.69221,54.81015,82.09489
L,-0.1401143,0.8076724,-0.01565493,-0.06609979,-1.505719,-1.406418,1.273027,-75.84882,-65.43051,82.1087
L,-0.143927,0.7935647,-0.01787332,-0.275339,-1.018802,-0.1602033,-15.10209,35.14385,89.94704,82.12256
L,-0.147046,0.7806595,-0.02272469,-0.2172182,-0.8987862,-0.337874,4.047823,8.358486,-12.37389,82.13692
L,-0.1497601,0.7682493,-0.02936434,-0.1813211,-0.8290647,-0.4435636,2.39812,4.657763,-7.060623,82.15189
L,-0.1374813,0.7609624,-0.03040506,0.8699525,-0.5162753,-0.07373483,74.48245,22.16104,26.20227,82.166
L,-0.1287491,0.7524804,-0.03394073,0.3309864,-0.3215031,-0.1340158,-20.42897,7.382644,-2.284888,82.19238
L,-0.1382417,0.7444069,-0.02986272,-0.30676,-0.2608982,0.1317832,-20.60915,1.958484,8.589449,82.22333
L,-0.137706,0.7517177,-0.03200797,0.02192281,0.2991702,-0.08778742,13.45444,22.92607,-8.987995,82.24776
L,-0.1406285,0.7582507,-0.03670513,-0.1065235,0.2381227,-0.1712084,-4.68179,-2.225147,-3.040645,82.27519
L,-0.1444006,0.7669532,-0.04294695,-0.2450078,0.5652371,-0.4054152,-8.994754,21.24656,-15.21207,82.29059
L,-0.1459223,0.769183,-0.04646663,-0.05672673,0.08312669,-0.1312091,7.018879,-17.97246,10.22206,82.31741
L,-0.1437356,0.7893538,-0.04771028,0.07922087,0.7307408,-0.04505481,4.925076,23.46161,3.121175,82.34502
L,-0.1437493,0.8061796,-0.05086901,-0.0004789312,0.5865421,-0.110112,-2.778301,-5.026706,-2.267865,82.3737
L,-0.1429089,0.8160406,-0.05394829,0.0298435,0.350174,-0.1093491,1.076495,-8.391454,0.027084,82.40187
L,-0.1424505,0.8210206,-0.05815042,0.01729092,0.1878395,-0.1584982,-0.4736015,-6.124786,-1.854368,82.42838
L,-0.1485441,0.8223345,-0.06488383,-0.2213076,0.04771924,-0.2445446,-8.663044,-5.08749,-3.124176,82.45592
L,-0.1618524,0.8192114,-0.06907649,-0.4767274,-0.1118774,-0.1501888,-9.152101,-5.718603,3.380918,82.48383
L,-0.1736134,0.816491,-0.07100616,-0.5868029,-0.1357299,-0.09627932,-5.490035,-1.18965,2.688748,82.50388
L,-0.1785839,0.8159773,-0.07247197,-0.2232714,-0.02307338,-0.06584167,16.32927,5.060356,1.367212,82.52614
L,-0.1781731,0.8037943,-0.06534036,0.01479952,-0.4388182,0.2568714,8.577358,-14.9787,11.62689,82.55389
L,-0.1768809,0.7868277,-0.05371603,0.04642634,-0.6096041,0.41766,1.136346,-6.136309,5.777106,82.58173
L,-0.1769257,0.769773,-0.04346823,-0.002914187,-1.108829,0.66627,-3.207917,-32.45751,16.1636,82.59711
L,-0.1775701,0.7626281,-0.03917252,-0.02455917,-0.2723153,0.163724,-0.8247242,31.8731,-19.14817,82.62335
L,-0.1855379,0.766715,-0.03339832,-0.5552118,0.2847845,0.4023583,-36.99665,38.84053,16.63738,82.6377
L,-0.1889392,0.7668425,-0.03030442,-0.1265423,0.004741165,0.1151076,15.94398,-10.41596,-10.68403,82.66458
L,-0.1927297,0.7883639,-0.01733268,-0.1359343,0.7717788,0.4651795,-0.336898,27.51427,12.55737,82.69246
L,-0.1952868,0.8067916,-0.002953574,-0.1823473,1.314124,1.025407,-3.309817,38.67586,39.95114,82.70648
L,-0.1968911,0.8136621,0.003788718,-0.05645292,0.2417513,0.2372418,4.42867,-37.72356,-27.72583,82.73491
L,-0.2198508,0.8173465,-0.002574421,-0.7847111,0.1259269,-0.2174783,-24.89678,-3.959658,-15.5454,82.76416
L,-0.234733,0.8276309,-0.005097776,-1.084899,0.7497176,-0.1839495,-21.88333,45.47358,2.444211,82.77788
L,-0.235834,0.8323452,-0.002627954,-0.03848021,0.1647771,0.08632653,36.57499,-20.44515,9.446833,82.80649
L,-0.2315865,0.8442477,0.0008645244,0.1557718,0.4365098,0.1280823,7.123951,9.965458,1.531341,82.83376
L,-0.2273076,0.8528129,0.002973492,0.1723004,0.3449045,0.08492368,0.6653678,-3.68762,-1.737373,82.8586
L,-0.2261222,0.8558948,0.004188108,0.04366755,0.1135316,0.04474483,-4.738665,-8.523472,-1.480136,82.88574
L,-0.2233596,0.8610151,0.005405233,0.09765362,0.1809938,0.04302348,1.908323,2.384684,-0.06084711,82.91403
L,-0.2220576,0.8630771,0.00586524,0.09418438,0.1491575,0.03327487,-0.2509491,-2.302894,-0.7051711,82.92786
L,-0.2214721,0.864736,0.006334348,0.03738336,0.1059121,0.02994977,-3.628179,-2.762313,-0.2123916,82.94351
L,-0.2239244,0.8686326,0.004533452,-0.1928216,0.3063793,-0.1415999,-18.08958,15.75278,-13.48043,82.95624
L,-0.2263942,0.8729961,0.002933234,-0.1706498,0.3014917,-0.110566,1.532754,-0.3378886,2.145399,82.9707
L,-0.2284593,0.877055,0.001781651,-0.1549375,0.304531,-0.08639976,1.178172,0.2278989,1.812082,82.98404
L,-0.2278693,0.8767111,0.001938338,0.0365263,-0.0212934,0.009701109,11.8599,-20.18263,5.952804,83.00018
L,-0.2271709,0.8763929,0.002150174,0.02766779,-0.0126053,0.008390992,-0.350786,0.3440382,-0.05187903,83.02544
L,-0.2242505,0.8712437,0.001741524,0.07059672,-0.1244784,-0.009878755,1.037768,-2.704432,-0.4416548,83.0668
L,-0.2227497,0.8684706,0.001570449,0.09965093,-0.184128,-0.01135923,1.929176,-3.960688,-0.0983026,83.08186
L,-0.2214993,0.8671812,0.0007502454,0.04640331,-0.04784824,-0.03043762,-1.976012,5.057323,-0.7079961,83.10881
L,-0.2185679,0.8650694,-0.0009704192,0.1021874,-0.07361619,-0.05998163,1.94461,-0.8982597,-1.029892,83.1375
L,-0.2158499,0.8634446,-0.002898422,0.1010936,-0.06043603,-0.07171033,-0.04068198,0.4902243,-0.4362384,83.16438
L,-0.2150195,0.8627422,-0.004031646,0.02935429,-0.02482807,-0.04005769,-2.535873,1.258686,1.118871,83.19267
L,-0.2143455,0.8622486,-0.004903765,0.0234676,-0.01718792,-0.03036938,-0.2049895,0.2660497,0.3373713,83.22139
L,-0.2130409,0.8616623,-0.006389915,0.1019047,-0.0457995,-0.1160862,6.126882,-2.234909,-6.695516,83.23419
L,-0.2122835,0.8613573,-0.007238512,0.05227875,-0.02105138,-0.05857151,-3.427067,1.709055,3.971848,83.24867
L,-0.2134431,0.8617238,-0.007687745,-0.04085601,0.01291373,-0.01582845,-3.281548,1.19674,1.506026,83.27705
L,-0.2168244,0.8628209,-0.01012451,-0.1234549,0.04005701,-0.08896706,-3.015711,0.9910098,-2.670313,83.30444
L,-0.2197038,0.864437,-0.01340493,-0.1105143,0.06202644,-0.1259067,0.4965323,0.8429676,-1.417376,83.33051
L,-0.2221602,0.8664389,-0.01620863,-0.1633471,0.1331296,-0.1864469,-3.515176,4.730778,-4.02798,83.34554
L,-0.2232447,0.8673399,-0.0175095,-0.04063985,0.03376036,-0.04874423,4.597907,-3.72342,5.159795,83.37222
L,-0.2237835,0.8677083,-0.01918898,-0.01880013,0.01285651,-0.05860818,0.7621343,-0.7294753,-0.3442193,83.40088
L,-0.2245294,0.8680934,-0.020794,-0.02529764,0.01305991,-0.05443028,-0.2202903,0.006895994,0.1416465,83.43037
L,-0.2249059,0.8686821,-0.02184944,-0.01408905,0.02203205,-0.03950296,0.4195126,0.3358071,0.5586964,83.45709
L,-0.2250172,0.8690245,-0.023489,-0.006797275,0.02090126,-0.1000934,0.4453621,-0.06906597,-3.700707,83.47346
L,-0.2251162,0.8692504,-0.02451094,-0.004202351,0.009594165,-0.04339068,0.1101431,-0.4799363,2.406783,83.49702
L,-0.2260742,0.8698536,-0.02553011,-0.03409245,0.02146475,-0.03627083,-1.064029,0.4225698,0.2534527,83.52512
L,-0.2269014,0.8695402,-0.02627491,-0.02807453,-0.01063447,-0.02527759,0.2042416,-1.089412,0.3730981,83.55458
L,-0.2271975,0.8699969,-0.027784,-0.01135532,0.01751298,-0.05787004,0.6411409,1.079386,-1.249841,83.58066
L,-0.2274633,0.870343,-0.02791316,-0.01719078,0.02238144,-0.008351609,-0.3771521,0.3146543,3.200434,83.59613
L,-0.2276004,0.8705223,-0.02795538,-0.004678037,0.006119351,-0.001441314,0.4273241,-0.5553687,0.2359943,83.62541
L,-0.2275032,0.8703256,-0.02825331,0.003766947,-0.007629846,-0.01155705,0.3274855,-0.5331759,-0.392275,83.6512
L,-0.2274455,0.8699985,-0.02850541,0.002185291,-0.01237017,-0.0095336,-0.05981271,-0.1792624,0.07651977,83.67764
L,-0.2273224,0.8696119,-0.02885532,0.004261974,-0.01339463,-0.01212339,0.07197116,-0.03550452,-0.08975389,83.7065
L,-0.2271263,0.8694102,-0.02939967,0.01341411,-0.013787,-0.03721903,0.6254371,-0.02681416,-1.714982,83.72113
L,-0.2270274,0.8695031,-0.02977337,0.003904484,0.003669543,-0.01476701,-0.3758883,0.6900074,0.887464,83.74643
L,-0.2239847,0.8693923,-0.03199237,0.1954992,-0.007119332,-0.1425726,12.31015,-0.6931958,-8.211637,83.76199
L,-0.2202125,0.8691323,-0.03417039,0.2927328,-0.02017188,-0.1690213,7.541188,-1.012322,-2.051293,83.77489
L,-0.2173356,0.8689426,-0.03585593,0.189684,-0.01251258,-0.1111309,-6.794173,0.5049904,3.816809,83.79005
L,-0.2178866,0.8686923,-0.03595282,-0.02068768,-0.009396931,-0.003637563,-7.900813,0.1170125,4.037068,83.81668
L,-0.219074,0.8699331,-0.03687482,-0.06957648,0.07270479,-0.05402242,-2.863249,4.808417,-2.950868,83.83376
L,-0.2199132,0.8709952,-0.03770845,-0.03453321,0.04370585,-0.03430663,1.442585,-1.193766,0.8116168,83.85805
L,-0.222883,0.8714663,-0.03843191,-0.2036973,0.03231701,-0.04962046,-11.59659,-0.7807308,-1.049799,83.87263
L,-0.2242547,0.8717299,-0.03886065,-0.09862156,0.01895056,-0.03082627,7.558997,-0.9615628,1.352027,83.88654
L,-0.2222959,0.8738297,-0.04157268,0.1457084,0.1562012,-0.2017427,18.17527,10.20983,-12.71417,83.89998
L,-0.2199892,0.8763102,-0.04479184,0.1454284,0.1563815,-0.2029545,-0.01764479,0.01136099,-0.07635874,83.91585
L,-0.2154074,0.8727201,-0.0445884,0.3391016,-0.2657044,0.01505704,14.34188,-31.2563,16.14418,83.92935
L,-0.2108112,0.8692797,-0.04454608,0.1838907,-0.1376464,0.001693036,-6.209952,5.12357,-0.5346906,83.95435
L,-0.1973184,0.865667,-0.04940983,0.7583779,-0.203058,-0.2733709,32.28953,-3.676512,-15.4602,83.97214
L,-0.1912987,0.8642187,-0.05143657,0.1564882,-0.03764937,-0.05268731,-15.64674,4.299969,5.736898,84.0106
L,-0.1960507,0.8679529,-0.05177218,-0.3158526,0.2482014,-0.02230643,-31.39486,18.99951,2.019312,84.02565
L,-0.1971394,0.868971,-0.0519496,-0.0394928,0.03693261,-0.006436447,10.02297,-7.662264,0.5755702,84.05322
L,-0.2077013,0.8726897,-0.0559956,-0.7690983,0.2707899,-0.2946208,-53.12825,17.02897,-20.98494,84.06696
L,-0.2109924,0.8739857,-0.05772978,-0.1225812,0.04827144,-0.06459285,24.08763,-8.29049,8.570273,84.0938
L,-0.2116164,0.8760065,-0.05730027,-0.02036775,0.06595299,0.01401802,3.335987,0.5770807,2.565659,84.12444
L,-0.2117085,0.8764786,-0.0571462,-0.003276774,0.01680016,0.005483121,0.6080749,-1.748794,-0.3036609,84.15254
L,-0.2113848,0.876618,-0.05700569,0.007987517,0.0034415,0.003467054,0.277943,-0.329621,-0.04974584,84.19307
L,-0.211797,0.8772354,-0.05649016,-0.01594197,0.0238778,0.01993841,-0.9257632,0.7906219,0.6372297,84.21892
L,-0.2109539,0.8772047,-0.05692134,0.02961672,-0.001078381,-0.01514771,1.600072,-0.876489,-1.232264,84.24739
L,-0.2100349,0.8772945,-0.05753676,0.03343188,0.003267676,-0.02238803,0.1388286,0.1581472,-0.2634655,84.27487
L,-0.2099705,0.8774872,-0.05784034,0.004015945,0.01201809,-0.01893908,-1.834256,0.5456393,0.2150619,84.29091
L,-0.2097628,0.877443,-0.05826353,0.01562164,-0.003325803,-0.03182345,0.8732384,-1.154509,-0.9694484,84.3042
L,-0.2097242,0.8774595,-0.0582607,0.002879109,0.001236127,0.0002114866,-0.9500505,0.3401259,2.388443,84.31761
L,-0.2094708,0.8774054,-0.05831991,0.009266444,-0.001979283,-0.002165386,0.233594,-0.1175921,-0.08692562,84.34496
L,-0.2085556,0.8775607,-0.05821606,0.0628407,0.01066085,0.007130083,3.680338,0.8683268,0.6385617,84.35951
L,-0.2077015,0.8779031,-0.05794047,0.03172942,0.01272189,0.01023882,-1.155844,0.07657147,0.1154956,84.38643
L,-0.204184,0.8771082,-0.05623863,0.1260067,-0.02847645,0.06096283,3.376261,-1.475396,1.816529,84.41435
L,-0.2017534,0.8755571,-0.05454845,0.1597654,-0.1019543,0.1111011,2.219067,-4.829935,3.295751,84.42957
L,-0.2010922,0.8743584,-0.05367392,0.02431871,-0.04408451,0.03216217,-4.981277,2.128258,-2.903111,84.45676
L,-0.2017891,0.8732483,-0.05315679,-0.02513748,-0.04004068,0.0186521,-1.783798,0.1458539,-0.4872845,84.48448
L,-0.2019175,0.8726471,-0.05295068,-0.007860872,-0.03682097,0.01262412,1.058168,0.1972024,-0.3692052,84.50081
L,-0.2016321,0.8726909,-0.05308324,0.01098188,0.00168361,-0.005101579,0.7251197,1.481759,-0.6821325,84.52679
L,-0.2016729,0.8725668,-0.05284978,-0.001468737,-0.004472264,0.008413554,-0.448825,-0.2219094,0.487199,84.55453
L,-0.202031,0.8724468,-0.05260942,-0.01365256,-0.004572062,0.009163866,-0.464502,-0.003804756,0.02860525,84.58076
L,-0.2080785,0.8724258,-0.05231817,-0.2165168,-0.0007532949,0.01042716,-7.261011,0.1366831,0.04521635,84.6087
L,-0.2141355,0.8725198,-0.05215874,-0.4345356,0.006743466,0.0114384,-15.64959,0.5381246,0.07258758,84.62263
L,-0.2141668,0.8725343,-0.05215151,-0.002412751,0.001118691,0.0005559071,33.23897,-0.4326587,-0.837083,84.63564
L,-0.2142145,0.8725426,-0.05214514,-0.003155808,0.0005450582,0.0004221238,-0.04923857,-0.03801175,-0.008865137,84.65073
L,-0.2142984,0.8725502,-0.05213681,-0.005667083,0.0005154639,0.0005627819,-0.169669,-0.001999472,0.009503264,84.66553
L,-0.2135031,0.8723484,-0.05194682,0.03111416,-0.007894123,0.007433536,1.439102,-0.3290332,0.2688249,84.69109
L,-0.2074446,0.8726454,-0.0523174,0.2150289,0.01054148,-0.01315265,6.525735,0.6541396,-0.7304475,84.71927
L,-0.2051404,0.8722413,-0.05014537,0.1436146,-0.02519095,0.1353746,-4.453097,-2.228126,9.261546,84.73531
L,-0.2046786,0.8726383,-0.04889294,0.01769231,0.01521165,0.0479853,-4.823169,1.547531,-3.347252,84.76141
L,-0.2040539,0.873381,-0.04684987,0.04063566,0.04830955,0.1328978,1.493164,2.154026,5.526142,84.77678
L,-0.2037307,0.873781,-0.04574299,0.01218919,0.01508768,0.04175008,-1.072652,-1.252721,-3.436971,84.8033
L,-0.2036583,0.8746993,-0.04520116,0.002701166,0.03422439,0.02019294,-0.3537013,0.7133923,-0.803623,84.83012
L,-0.2036138,0.8756449,-0.04450131,0.002925765,0.06221762,0.04604968,0.01477847,1.841932,1.701353,84.84532
L,-0.2035975,0.8761999,-0.0440367,0.000891644,0.03041388,0.0254586,-0.1114617,-1.742717,-1.128308,84.86357
L,-0.2035534,0.8769547,-0.04282441,0.001224273,0.02096578,0.03367175,0.009236934,-0.262369,0.2280749,84.89958
L,-0.2030736,0.8770183,-0.04186238,0.01629915,0.002160129,0.03267575,0.5121552,-0.6389046,-0.03383822,84.92902
L,-0.2030426,0.8767551,-0.03981176,0.001120301,-0.009509372,0.07408443,-0.54838,-0.4215945,1.496009,84.9567
L,-0.2027346,0.8761488,-0.03652282,0.02580648,-0.05081622,0.2756323,2.06884,-3.461746,16.89084,84.96863
L,-0.2025985,0.875849,-0.03486175,0.004830468,-0.01063591,0.05893862,-0.7442791,1.425694,-7.688811,84.99681
L,-0.2011843,0.8775058,-0.03453857,0.04916746,0.05760113,0.01123617,1.541469,2.372405,-1.658476,85.02557
L,-0.1996261,0.879225,-0.03407687,0.05206226,0.05744169,0.01542585,0.09669387,-0.005325675,0.1399466,85.05551
L,-0.1999412,0.8786141,-0.0325396,-0.01203753,-0.02333959,0.05872724,-2.449471,-3.086928,1.654694,85.08168
L,-0.2007957,0.8770905,-0.03109376,-0.03043584,-0.05426503,0.05149695,-0.6552998,-1.101484,-0.257524,85.10976
L,-0.2010352,0.876706,-0.0289863,-0.009030324,-0.01449481,0.07944485,0.8066889,1.498782,1.053245,85.13629
L,-0.1985988,0.8764585,-0.0278734,0.08699095,-0.008838276,0.03973567,3.429346,0.2020198,-1.418191,85.16429
L,-0.1898436,0.8765316,-0.0262772,0.310152,0.002590794,0.05654508,7.905451,0.4048733,0.5954711,85.19252
L,-0.1830535,0.8784665,-0.0228944,0.2358866,0.0672169,0.1175169,-2.579259,2.244482,2.117566,85.22131
L,-0.1813509,0.8787578,-0.0206358,0.06565235,0.01123492,0.08709586,-6.566491,-2.159409,-1.173438,85.24724
L,-0.179403,0.8784888,-0.01753156,0.1106257,-0.01527973,0.1762908,2.554052,-1.505775,5.065407,85.26485
L,-0.1781766,0.8783773,-0.01580353,0.05064341,-0.004602828,0.07135975,-2.477002,0.4409084,-4.333182,85.28906
L,-0.1800021,0.8783834,-0.0152475,-0.06525046,0.0002173098,0.01987466,-4.141342,0.1722424,-1.839764,85.31705
L,-0.1806942,0.8782318,-0.01463184,-0.04213144,-0.009231305,0.03748075,1.408112,-0.5754874,1.072335,85.33347
L,-0.1809165,0.8779945,-0.01299881,-0.008786413,-0.009376413,0.06452927,1.317239,-0.005732264,1.068506,85.35878
L,-0.1832157,0.88097,-0.00502848,-0.1662203,0.2151174,0.5762203,-11.38807,16.23888,37.01345,85.3726
L,-0.1823845,0.8810384,-0.004221247,0.05779903,0.004753813,0.05613033,15.56875,-14.61971,-36.14487,85.38699
L,-0.1817429,0.8810009,-0.003935211,0.02341194,-0.001365882,0.01043742,-1.254784,-0.2233075,-1.667333,85.4144
L,-0.1862229,0.8831837,0.002937705,-0.3402104,0.1657599,0.5219275,-27.61339,12.69149,38.84242,85.42757
L,-0.1884041,0.8843793,0.006837241,-0.07304408,0.04003657,0.1305876,8.946862,-4.210222,-13.10519,85.45743
L,-0.1898195,0.8824316,0.01054838,-0.05314391,-0.07312778,0.1393373,0.7473798,-4.250051,0.328608,85.48405
L,-0.2009601,0.8820252,0.02055837,-0.4071983,-0.01485377,0.3658755,-12.94105,2.129975,8.280205,85.51141
L,-0.2111517,0.8846796,0.03430391,-0.6394628,0.1665457,0.8624483,-14.56621,11.37627,31.142,85.52736
L,-0.2156399,0.8857897,0.04061693,-0.1751868,0.04333169,0.2464148,18.12197,-4.809384,-24.04549,85.55298
L,-0.2160216,0.8861907,0.04152635,-0.01367721,0.01436706,0.03258577,5.787148,-1.037849,-7.661837,85.58089
L,-0.2200126,0.8883306,0.04923682,-0.2985739,0.1600938,0.5768419,-21.31392,10.90222,40.71732,85.59425
L,-0.2226961,0.8895488,0.05418121,-0.1882988,0.08548163,0.3469335,7.737677,-5.235315,-16.13199,85.60851
L,-0.2263832,0.8941525,0.06760522,-0.2659722,0.3320936,0.9683606,-5.60617,17.79952,44.85225,85.62236
L,-0.2297627,0.897808,0.078746,-0.1118871,0.1210237,0.3688416,5.100062,-6.9862,-19.84347,85.65257
L,-0.2435335,0.9163499,0.1017956,-0.3477108,0.4681811,0.5819982,-5.955663,8.767364,5.383208,85.69217
L,-0.2556717,0.9353398,0.1520858,-0.861381,1.347612,3.56884,-36.43278,62.37486,211.846,85.70627
L,-0.2554466,0.9481729,0.1747411,0.01610475,0.9181564,1.62089,62.78046,-30.72575,-139.3677,85.72025
L,-0.255872,0.9577516,0.1895579,-0.01530234,0.344539,0.5329502,-1.12969,-20.6326,-39.1324,85.74805
L,-0.2700485,0.9653962,0.2463447,-0.5130151,0.2766406,2.054986,-18.0111,-2.457088,55.07903,85.77568
L,-0.2669183,0.9620044,0.2851898,0.2187,-0.2369778,2.714021,51.12333,-35.88539,46.04536,85.78999
L,-0.266784,0.962208,0.3052938,0.004399167,0.006668541,0.6584374,-7.018701,7.979813,-67.32372,85.82053
L,-0.2685858,0.9533063,0.3039908,-0.07122192,-0.3518617,-0.05150219,-2.989085,-14.17168,-28.06188,85.84583
L,-0.2681584,0.9507965,0.301348,0.02815444,-0.165307,-0.1740676,6.545457,12.28749,-8.072811,85.86101
L,-0.2682277,0.9501088,0.3020771,-0.002740504,-0.02719995,0.02883364,-1.221926,5.462272,8.024946,85.88629
L,-0.2628478,0.9485213,0.2849623,0.1924542,-0.05678775,-0.6122439,6.982687,-1.058442,-22.93322,85.91425
L,-0.2604057,0.9474809,0.2809481,0.1668832,-0.07109864,-0.2743234,-1.747468,-0.9779757,23.09276,85.92888
L,-0.2598766,0.9473003,0.2806914,0.0355649,-0.01213942,-0.01725361,-8.826747,3.963027,17.27931,85.94376
L,-0.2573605,0.9483278,0.2767531,0.09677138,0.0395164,-0.1514692,2.354007,1.986688,-5.161944,85.96976
L,-0.2535279,0.9530085,0.2701823,0.1374015,0.1678106,-0.2355685,1.456638,4.599503,-3.01506,85.99765
L,-0.2508862,0.9571026,0.2622632,0.2068422,0.3205599,-0.62006,5.437119,11.96006,-30.10518,86.01042
L,-0.2497769,0.9576825,0.2580632,0.05774672,0.03018889,-0.2186274,-7.76102,-15.11497,20.89618,86.02963
L,-0.2488956,0.9582357,0.2551734,0.03379455,0.02121352,-0.110815,-0.9185078,-0.3441837,4.134346,86.05571
L,-0.2483338,0.9581794,0.2552858,0.02231297,-0.002239583,0.004463778,-0.4560343,-0.9315289,4.578733,86.08089
L,-0.248674,0.957036,0.2551612,-0.0289921,-0.09743783,-0.01061901,-4.37234,-8.11302,-1.28539,86.09262
L,-0.2488752,0.9562301,0.2549679,-0.01391937,-0.05577234,-0.01337901,1.04309,2.88341,-0.1910027,86.10707
L,-0.2490259,0.9555076,0.2547246,-0.01026151,-0.04916683,-0.0165539,0.2489317,0.4495316,-0.2160641,86.12177
L,-0.2514764,0.9509758,0.257241,-0.08911864,-0.1648169,0.09151724,-2.867914,-4.206016,3.930383,86.14926
L,-0.2504711,0.9509314,0.2572025,0.03668199,-0.001618179,-0.00140612,4.590463,5.955117,-3.390771,86.17667
L,-0.2497274,0.9508751,0.2567946,0.05163057,-0.003910388,-0.02831617,1.037786,-0.1591337,-1.868196,86.19107
L,-0.2491351,0.9508309,0.2564285,0.03676166,-0.002744732,-0.02272357,-0.9227737,0.07234129,0.3470801,86.20718
L,-0.2485129,0.9507856,0.2560236,0.02408354,-0.001753544,-0.01567115,-0.4907697,0.03836889,0.2729994,86.23302
L,-0.2472409,0.9512602,0.2549918,0.04182706,0.01560736,-0.03392832,0.5834618,0.5708802,-0.6003523,86.26343
L,-0.2449718,0.9525433,0.2522933,0.08706615,0.04923293,-0.1035442,1.735825,1.290214,-2.671164,86.28949
L,-0.2456346,0.9522535,0.2517798,-0.02489367,-0.01088377,-0.01928277,-4.204813,-2.25777,3.16456,86.31612
L,-0.2467708,0.9523396,0.2531875,-0.03768217,0.002856544,0.04668819,-0.4241433,0.4557113,2.187992,86.34627
L,-0.2463648,0.9533073,0.2533575,0.01594272,0.03799525,0.00667269,2.105668,1.379778,-1.571274,86.37173
L,-0.2388042,0.9570607,0.2512154,0.2649675,0.1315424,-0.07507102,8.727321,3.278454,-2.864789,86.40027
L,-0.2290217,0.9576328,0.2492188,0.3482382,0.02036512,-0.07107423,2.964272,-3.957695,0.1422779,86.42836
L,-0.2256005,0.9526073,0.2418734,0.1269609,-0.1864958,-0.2725892,-8.211568,-7.676578,-7.478192,86.45531
L,-0.2225718,0.9476942,0.2302638,0.1861991,-0.3020455,-0.7137371,3.641876,-7.103812,-27.12108,86.47157
L,-0.2209231,0.9458472,0.2257311,0.05897915,-0.06607576,-0.1621472,-4.551031,8.441327,19.73199,86.49953
L,-0.2191908,0.9347456,0.1775271,0.06573673,-0.4212824,-1.829239,0.256436,-13.47934,-63.26263,86.52588
L,-0.2142051,0.9206588,0.1385541,0.1812203,-0.5120286,-1.416604,4.197633,-3.298471,14.99861,86.55339
L,-0.2138961,0.900585,0.1054757,0.009487522,-0.6161867,-1.015375,-5.271513,-3.197239,12.31613,86.58597
L,-0.2143614,0.8780196,0.08062069,-0.01328891,-0.6443781,-0.7097597,-0.6504036,-0.805033,8.727143,86.62099
L,-0.2126515,0.8486101,0.04723049,0.121806,-2.094977,-2.378544,9.623457,-103.3331,-118.8755,86.63503
L,-0.2118217,0.8396137,0.03635277,0.05911175,-0.6408543,-0.7748718,-4.466012,103.5841,114.2372,86.64906
L,-0.2077719,0.8287039,0.02708536,0.2596959,-0.6995933,-0.5942748,12.8625,-3.766653,11.58083,86.66466
L,-0.204555,0.8186391,0.01725771,0.2716782,-0.8500121,-0.8299811,1.01195,-12.70341,-19.90624,86.6765
L,-0.2019,0.8090029,0.007054425,0.1684386,-0.6113414,-0.6473207,-6.549767,15.14184,11.58841,86.69226
L,-0.1932314,0.8011598,-0.002846163,0.3189812,-0.2886063,-0.364315,5.539561,11.87578,10.41385,86.71944
L,-0.1910501,0.7859578,-0.01834704,0.1697769,-1.183232,-1.206491,-11.61312,-69.63204,-65.54972,86.73228
L,-0.1895487,0.7775555,-0.02759126,0.09713375,-0.5435857,-0.5980543,-4.699646,41.38188,39.36281,86.74774
L,-0.1878155,0.7732735,-0.03020408,0.1302625,-0.3218177,-0.1963693,2.48982,16.66719,30.18902,86.76105
L,-0.1860816,0.7678635,-0.03482947,0.1228452,-0.3832939,-0.3277077,-0.5255094,-4.355577,-9.305292,86.77516
L,-0.1843478,0.7617842,-0.0406759,0.1294157,-0.4537746,-0.4363911,0.4904329,-5.260842,-8.112385,86.78856
L,-0.1828189,0.7643169,-0.03912257,0.1013137,0.1678266,0.1029313,-1.862176,41.19034,35.73815,86.80365
L,-0.1813233,0.7654215,-0.03895527,0.05623106,0.0415322,0.006290508,-1.695085,-4.74861,-3.63365,86.83025
L,-0.1786009,0.7650683,-0.02966164,0.09644267,-0.01251056,0.3292255,1.424491,-1.914457,11.43993,86.85847
L,-0.1758295,0.7614936,-0.02216395,0.1751437,-0.2259146,0.4738365,4.973723,-13.48664,9.139075,86.8743
L,-0.174508,0.7590036,-0.02096147,0.1061353,-0.1999751,0.09657557,-5.542318,2.083297,-30.29923,86.88675
L,-0.1758909,0.754254,-0.01576186,-0.1056281,-0.3627895,0.397158,-16.17498,-12.43614,22.95918,86.89984
L,-0.176614,0.7495729,-0.01223017,-0.02499299,-0.1618024,0.1220745,2.787184,6.947201,-9.508373,86.92877
L,-0.1794067,0.7503049,-0.01174055,-0.101344,0.02656293,0.01776711,-2.770621,6.835388,-3.785099,86.95633
L,-0.1827813,0.7491628,-0.0123776,-0.232309,-0.07862559,-0.04385478,-9.015675,-7.241213,-4.242072,86.97086
L,-0.1843962,0.7478805,-0.01286963,-0.1134309,-0.09006984,-0.03456081,8.350265,-0.8038695,0.6528292,86.98509
L,-0.1847971,0.7498122,-0.01334472,-0.02834244,0.1365671,-0.03358764,6.01549,16.02252,0.06880052,86.99924
L,-0.1852904,0.7518625,-0.01401295,-0.01729754,0.07189256,-0.02343136,0.3872864,-2.267794,0.3561272,87.02776
L,-0.1874791,0.7643967,-0.01541933,-0.08017693,0.4591623,-0.05151954,-2.303445,14.18676,-1.028947,87.05505
L,-0.1889603,0.7801323,-0.01755608,-0.1119645,1.189442,-0.1615154,-2.402805,55.20139,-8.314516,87.06828
L,-0.1895826,0.7862111,-0.01855937,-0.02268254,0.2215678,-0.03656949,3.254274,-35.27842,4.5542,87.09572
L,-0.1915729,0.7922107,-0.02226427,-0.06338119,0.1910551,-0.1179807,-1.296028,-0.9716616,-2.592499,87.12712
L,-0.1914524,0.7943501,-0.02442229,0.004960055,0.08801446,-0.08878083,2.811558,-4.239091,1.201281,87.15143
L,-0.1913847,0.7957028,-0.02602827,0.005641947,0.1127843,-0.1339055,0.05685561,2.065286,-3.76246,87.16342
L,-0.1913992,0.7968403,-0.02708881,-0.001064048,0.08348352,-0.07783151,-0.4921435,-2.150341,4.115193,87.17705
L,-0.191445,0.7981487,-0.02820266,-0.003060095,0.08740682,-0.07441112,-0.1333465,0.2620975,0.2285002,87.19202
L,-0.1908424,0.7985359,-0.02863959,0.04442535,0.02854331,-0.03220967,3.50057,-4.339347,3.11104,87.20558
L,-0.190306,0.7990389,-0.02912116,0.03565047,0.0334329,-0.03200842,-0.5832359,0.3249946,0.01337648,87.22063
L,-0.1889114,0.7992135,-0.03084514,0.04866692,0.006092336,-0.06016104,0.4542312,-0.9540956,-0.9824333,87.24928
L,-0.1897167,0.7978863,-0.03317761,-0.03045432,-0.05019069,-0.08820591,-2.992089,-2.128427,-1.060559,87.27573
L,-0.1904552,0.7947081,-0.03696797,-0.04888731,-0.210389,-0.2509142,-1.220227,-10.60481,-10.77096,87.29083
L,-0.1907509,0.7920941,-0.03957218,-0.01004088,-0.08876093,-0.08842988,1.319088,4.130063,5.517394,87.32028
L,-0.1896267,0.7898516,-0.0425321,0.04478712,-0.08934033,-0.1179217,2.184321,-0.02308309,-1.17494,87.34538
L,-0.1894459,0.7889866,-0.04383925,0.01087478,-0.05200688,-0.07859223,-2.038971,2.244665,2.364676,87.36201
L,-0.1897708,0.7890539,-0.04372626,-0.01299382,0.00269076,0.004518017,-0.9543948,2.187105,3.323193,87.38702
L,-0.1883503,0.7899656,-0.04317567,0.09012358,0.05784124,0.03493078,6.542016,3.498879,1.929459,87.40279
L,-0.1867995,0.7909079,-0.04272179,0.1166796,0.07089552,0.03415054,1.998135,0.9822338,-0.05870727,87.41608
L,-0.1858865,0.7899591,-0.04351247,0.06925569,-0.07196271,-0.0599741,-3.597192,-10.83606,-7.139529,87.42926
L,-0.1847461,0.7887717,-0.04456575,0.08650038,-0.09006529,-0.0798936,1.308042,-1.373114,-1.510931,87.44244
L,-0.1835303,0.787533,-0.04573195,0.08164103,-0.08317591,-0.07830711,-0.3262934,0.4626045,0.1065294,87.45734
L,-0.178546,0.7909304,-0.04507724,0.1817754,0.1239023,0.02387687,3.651867,7.552073,3.726616,87.48476
L,-0.1752425,0.7955633,-0.04406996,0.1206117,0.1691482,0.03677601,-2.233104,1.651945,0.4709515,87.51215
L,-0.1730491,0.7964216,-0.04366401,0.141063,0.05519734,0.02610867,1.315302,-7.328641,-0.6860596,87.52769
L,-0.172017,0.7950442,-0.04353973,0.08052804,-0.1074591,0.009696161,-4.722878,-12.6903,-1.280488,87.54051
L,-0.1708772,0.793688,-0.04344797,0.08555941,-0.1018131,0.006888234,0.3777037,0.4238449,-0.2107908,87.55383
L,-0.1705697,0.7900606,-0.04511318,0.02319701,-0.2735634,-0.1255827,-4.703086,-12.95262,-9.99035,87.56709
L,-0.1701365,0.7867391,-0.04668607,0.02785935,-0.2136171,-0.1011586,0.2998534,3.855388,1.570814,87.58264
L,-0.1705813,0.7869452,-0.04676993,-0.01687921,0.007821548,-0.00318231,-1.697734,8.403127,3.717991,87.60899
L,-0.1714216,0.7878869,-0.04698673,-0.05310353,0.05951287,-0.01370154,-2.289293,3.266772,-0.6647909,87.62482
L,-0.1725567,0.7894496,-0.04733478,-0.08424649,0.1159842,-0.02583218,-2.311421,4.191287,-0.9003326,87.63829
L,-0.1735971,0.7909314,-0.04771646,-0.03989678,0.05682234,-0.01463658,1.700704,-2.268714,0.429324,87.66437
L,-0.1769327,0.8058557,-0.0451315,-0.2210339,0.9889566,0.1712922,-12.00304,61.7678,12.32055,87.67946
L,-0.1780995,0.812007,-0.04422673,-0.0914733,0.4822116,0.07092723,10.15656,-39.72493,-7.867843,87.69221
L,-0.166903,0.8157414,-0.04084368,0.7572471,0.2525679,0.2288044,57.40118,-15.53141,10.67764,87.707
L,-0.1586405,0.8189896,-0.038319,0.5937457,0.2334199,0.1814227,-11.74916,-1.375971,-3.404828,87.72092
L,-0.1579135,0.818107,-0.03673581,0.05482685,-0.06656358,0.1193971,-40.64279,-22.62338,-4.677687,87.73418
L,-0.1573192,0.8179512,-0.03573149,0.01947363,-0.005105469,0.03290942,-1.158454,2.013859,-2.834029,87.76469
L,-0.1537942,0.814572,-0.03714487,0.142248,-0.1363652,-0.05703615,4.95452,-5.296943,-3.629725,87.78947
L,-0.1484707,0.8076654,-0.03775091,0.3703629,-0.4805019,-0.04216298,15.87021,-23.94198,1.034743,87.80385
L,-0.1459737,0.8052793,-0.03781442,0.08186319,-0.07822857,-0.00208234,-9.458286,13.18829,1.314019,87.83435
L,-0.152957,0.8018036,-0.0391963,-0.4837783,-0.2407836,-0.09573229,-39.18592,-11.26131,-6.487783,87.84879
L,-0.1559885,0.7999336,-0.03981695,-0.1222626,-0.07541586,-0.0250308,14.57987,6.669254,2.85138,87.87358
L,-0.1556533,0.8002204,-0.03966814,0.02540191,0.02172597,0.01127506,11.18768,7.35987,2.750683,87.88678
L,-0.155395,0.8003548,-0.03932475,0.01697377,0.008839017,0.02257187,-0.5540087,-0.847101,0.7425749,87.90199
L,-0.154874,0.8005532,-0.03865004,0.01945557,0.007407407,0.02519531,0.09267648,-0.05345981,0.09796591,87.92877
L,-0.1514861,0.8045766,-0.03646559,0.2044496,0.242799,0.1318236,11.16369,14.20499,6.434613,87.94534
L,-0.1497061,0.8065189,-0.03534659,0.07074304,0.07719167,0.04447209,-5.313882,-6.58171,-3.471599,87.9705
L,-0.1438289,0.8077073,-0.02969044,0.3867129,0.07819559,0.3721698,20.79056,0.06605769,21.56225,87.9857
L,-0.1425236,0.8100553,-0.02836005,0.04581789,0.08241832,0.0466999,-11.9662,0.1482272,-11.42474,88.01419
L,-0.1404614,0.8131397,-0.02324303,0.07945292,0.1188363,0.1971481,1.295888,1.403111,5.796456,88.04015
L,-0.1369434,0.822364,-0.01014578,0.2219043,0.581832,0.8261228,8.98527,29.20393,39.67323,88.056
L,-0.1346909,0.8305031,-0.001016731,0.08855143,0.3199798,0.358897,-5.2426,-10.29439,-18.36839,88.08144
L,-0.1372619,0.8450917,0.01583089,-0.19592,1.111719,1.283868,-21.67805,60.33419,70.48706,88.09456
L,-0.140551,0.8552762,0.02804055,-0.228585,0.7077976,0.8485385,-2.270131,-28.07145,-30.25422,88.10895
L,-0.142602,0.8625692,0.03677147,-0.1377193,0.4897061,0.5862602,6.101407,-14.64431,-17.61134,88.12384
L,-0.1421142,0.8737737,0.03962745,0.01688788,0.3879012,0.0988745,5.352529,-3.524504,-16.87338,88.15273
L,-0.1393662,0.914747,0.06437486,0.1059387,1.579545,0.9540271,3.43296,45.93857,32.96663,88.17867
L,-0.1369101,0.9494777,0.09807497,0.1829135,2.586488,2.509739,5.732526,74.98979,115.8581,88.19209
L,-0.1355316,0.9678415,0.1266508,0.1013882,1.350721,2.101845,-5.996452,-90.89478,-30.00196,88.20569
L,-0.1344851,0.9817821,0.1459769,0.07078315,0.9428374,1.307077,-2.069902,-27.58622,-53.75222,88.22047
L,-0.1329688,0.9987903,0.1857773,0.1159511,1.300645,3.043591,3.454059,27.36202,132.7937,88.23355
L,-0.1316779,1.01443,0.2191132,0.08019198,0.9715011,2.070811,-2.221338,-20.44621,-60.42857,88.24965
L,-0.1305323,1.029166,0.2476292,0.04359824,0.5608259,1.085261,-1.392687,-15.62951,-37.50812,88.27592
L,-0.1449705,0.9929027,0.29379,-0.9462207,-2.376527,3.0252,-64.86877,-192.5024,127.1358,88.29118
L,-0.1549517,0.9799241,0.3252037,-0.8095679,-1.052676,2.547924,11.08376,107.3761,-38.71134,88.30351
L,-0.1625493,0.9707723,0.3487928,-0.2647076,-0.3188588,0.821869,18.9835,25.56697,-60.13756,88.33221
L,-0.1636416,0.960268,0.3205284,-0.03914046,-0.3763882,-1.012758,8.082433,-2.06137,-65.73761,88.36012
L,-0.1535739,0.9598637,0.2799581,0.3357745,-0.01348402,-1.353085,12.50403,12.10345,-11.35048,88.39011
L,-0.1387811,0.9686941,0.2522672,0.5229023,0.3121418,-0.9788327,6.614676,11.51037,13.22924,88.4184
L,-0.1208759,0.9753383,0.1896449,0.6834231,0.2536037,-2.390224,6.126902,-2.234338,-53.87123,88.4446
L,-0.1166434,0.9617113,0.1583687,0.2258818,-0.7272464,-1.66915,-24.4181,-52.34608,38.48228,88.46333
L,-0.119385,0.9511647,0.1407913,-0.07781541,-0.299345,-0.4988953,-8.619791,12.14506,33.21518,88.49857
L,-0.1239234,0.9080166,0.08651437,-0.3150728,-2.995498,-3.768109,-16.47129,-187.177,-226.961,88.51297
L,-0.1243384,0.8987607,0.07367186,-0.0159981,-0.3568222,-0.4950865,11.5295,101.7225,126.1769,88.53891
L,-0.1245581,0.8833996,0.06378259,-0.01268456,-0.8869631,-0.5710159,0.1913274,-30.61086,-4.384239,88.55623
L,-0.124432,0.8709063,0.05312141,0.003331176,-0.3300128,-0.2816166,0.4230581,14.71193,7.644528,88.59409
L,-0.1336793,0.8505744,0.01055248,-0.3295455,-0.7245637,-1.517019,-11.86265,-14.06052,-44.02573,88.62215
L,-0.1428175,0.8480088,-0.005013764,-0.3424144,-0.09613529,-0.5832757,-0.4822052,23.54756,34.98787,88.64883
L,-0.1528026,0.8322963,-0.01461796,-0.3589566,-0.564857,-0.3452663,-0.5946853,-16.85033,8.556327,88.67665
L,-0.1628267,0.8126608,-0.0215531,-0.6543241,-1.281705,-0.452691,-19.28008,-46.7922,-7.012131,88.69197
L,-0.1671184,0.8038341,-0.02775281,-0.1673198,-0.3441195,-0.2417036,18.9865,36.55302,8.225621,88.71762
L,-0.1758056,0.790027,-0.03212307,-0.3085763,-0.4904408,-0.1552354,-5.017551,-5.19746,3.071424,88.74577
L,-0.1883502,0.776083,-0.02952726,-0.8545957,-0.9499294,0.1768384,-37.19743,-31.30254,22.62244,88.76045
L,-0.1953776,0.7683172,-0.02869482,-0.511153,-0.5648585,0.06054918,24.98098,28.00888,-8.458523,88.7742
L,-0.201295,0.7610328,-0.02976652,-0.2193443,-0.2700195,-0.03972567,10.81673,10.92905,-3.716975,88.80118
L,-0.1932585,0.7829953,-0.03738063,0.5626899,1.537756,-0.5331177,54.75576,126.5752,-34.54588,88.81546
L,-0.1910541,0.7916403,-0.04213398,0.05074523,0.199002,-0.1094188,-11.78462,-30.81721,9.75326,88.8589
L,-0.1891201,0.788467,-0.0404006,0.1402026,-0.2300496,0.1256622,6.485264,-31.10434,17.04233,88.8727
L,-0.1865728,0.7911372,-0.03980515,0.09621871,0.1008601,0.02249189,-1.6614,12.49942,-3.897043,88.89917
L,-0.1823953,0.7961185,-0.0402538,0.301518,0.3595299,-0.03238143,14.81772,18.66981,-3.960549,88.91302
L,-0.1809494,0.7980037,-0.04112972,0.04874524,0.06355493,-0.02952896,-8.521458,-9.977889,0.09616246,88.94269
L,-0.1818262,0.8018118,-0.04299148,-0.03505913,0.1522675,-0.07444323,-3.350948,3.547203,-1.795913,88.9677
L,-0.1856738,0.806474,-0.0499604,-0.267399,0.3240075,-0.4843217,-16.147,11.93547,-28.48546,88.98209
L,-0.1888951,0.8094914,-0.05549285,-0.07569392,0.07090355,-0.1300017,4.50469,-5.947443,8.32582,89.02464
L,-0.18709,0.8348894,-0.07187016,0.06725179,0.9462674,-0.6101782,5.325804,32.6139,-17.89019,89.05148
L,-0.1987384,0.8389352,-0.08282449,-0.7734435,0.2686368,-0.7273585,-55.82148,-44.99412,-7.780676,89.06654
L,-0.2076993,0.8358595,-0.08858694,-0.6797033,-0.2332945,-0.4370925,7.110365,-38.07242,22.01721,89.07973
L,-0.2076364,0.8312186,-0.08946659,0.005029297,-0.3709127,-0.07030357,54.72517,-10.99872,29.31449,89.09224
L,-0.2081149,0.8289495,-0.09088395,-0.03438742,-0.1630602,-0.1018505,-2.832472,14.93621,-2.266954,89.10616
L,-0.2088598,0.8276457,-0.09261806,-0.04915856,-0.08604765,-0.1144481,-0.9748656,5.082675,-0.8314142,89.12131
L,-0.2085386,0.8280123,-0.0923204,0.007735696,0.008831771,0.007169174,1.370313,2.285196,2.929184,89.16283
L,-0.2103525,0.8268728,-0.08979809,-0.1418556,-0.08912123,0.1972586,-11.69883,-7.660439,14.86599,89.17561
L,-0.2135976,0.8250115,-0.08805109,-0.1137886,-0.0652651,0.061258,0.9841623,0.8365091,-4.768827,89.20413
L,-0.2158826,0.8244918,-0.08657446,-0.1642017,-0.03734495,0.1061102,-3.622668,2.006332,3.22306,89.21805
L,-0.2154911,0.8254569,-0.0859657,0.01306525,0.03220468,0.0203134,5.915156,2.320776,-2.862921,89.24802
L,-0.2160875,0.8255755,-0.08616236,-0.02291258,0.004556528,-0.007554621,-1.382089,-1.062104,-1.07055,89.27405
L,-0.2175536,0.8290299,-0.08627423,-0.04828145,0.1137602,-0.003684192,-0.8354642,3.596368,0.1274635,89.30441
L,-0.21458,0.8348741,-0.08481321,0.1121277,0.2203727,0.05509178,6.048661,4.020114,2.216307,89.33093
L,-0.2079844,0.8398349,-0.08320002,0.261335,0.1965618,0.06391908,5.912001,-0.9434527,0.3497618,89.35617
L,-0.204762,0.8412225,-0.08349195,0.2026742,0.08727207,-0.01836115,-3.689436,-6.873718,-5.174969,89.37207
L,-0.2033485,0.8419965,-0.08364784,0.052843,0.02893477,-0.0058279,-5.601448,-2.180943,0.4685564,89.39882
L,-0.204238,0.8406388,-0.0833137,-0.03242264,-0.04948858,0.01217906,-3.10788,-2.858483,0.6563427,89.42625
L,-0.2090688,0.8342801,-0.08262508,-0.3263833,-0.429611,0.04652515,-19.86083,-25.68217,2.320521,89.44106
L,-0.2093717,0.834929,-0.0828243,-0.01101981,0.02361318,-0.007249119,11.47566,16.49223,-1.956774,89.46854
L,-0.210465,0.8364694,-0.08507134,-0.03976159,0.05602282,-0.08172154,-1.045295,1.178689,-2.708449,89.49603
L,-0.216648,0.8349538,-0.091199,-0.4118007,-0.1009432,-0.4081123,-24.77841,-10.45419,-21.73816,89.51105
L,-0.2214008,0.8335133,-0.09486131,-0.3102376,-0.09403013,-0.239057,6.629525,0.4512511,11.03507,89.52637
L,-0.2248377,0.8324641,-0.09750365,-0.1337543,-0.04083005,-0.1028316,6.868176,2.07038,5.301463,89.55206
L,-0.2235491,0.8346887,-0.09967244,0.08353232,0.1442028,-0.1405868,14.08516,11.99438,-2.447404,89.56749
L,-0.2232148,0.8356864,-0.1009664,0.01178547,0.03517306,-0.04561713,-2.529318,-3.843666,3.348001,89.59586
L,-0.2230085,0.8358512,-0.1005835,0.008110682,0.006479173,0.015055,-0.1444694,-1.128064,2.385248,89.62129
L,-0.2225652,0.8357871,-0.1003514,0.03293961,-0.004765448,0.01724043,1.844885,-0.8355187,0.1623858,89.63475
L,-0.2223371,0.835734,-0.1002732,0.01289332,-0.002999623,0.004422758,-1.133523,0.0998491,-0.7247788,89.65244
L,-0.2179264,0.8372105,-0.1011637,0.1861336,0.06230632,-0.03757628,7.310671,2.755886,-1.772343,89.67613
L,-0.2037151,0.8491586,-0.09669798,0.9484212,0.7973881,0.2980281,50.87299,49.05735,22.39732,89.69112
L,-0.1977744,0.8541966,-0.09510137,0.3885549,0.329509,0.1044264,-36.61816,-30.60173,-12.66255,89.70641
L,-0.1936513,0.8577793,-0.09404847,0.1555613,0.1351715,0.03972535,-8.790715,-7.332238,-2.441133,89.73291
L,-0.1936513,0.8577793,-0.09404847,0,0,0,-10.82257,-9.404037,-2.763737,89.74728
L,-0.1936513,0.8577793,-0.09404847,0,0,0,0,0,0,89.76071
L,-0.1936513,0.8577793,-0.09404847,0,0,0,0,0,0,89.77396
L,-0.1936513,0.8577793,-0.09404847,0,0,0,0,0,0,89.78908
L,-0.1936513,0.8577793,-0.09404847,0,0,0,0,0,0,89.81598
L,-0.1936513,0.8577793,-0.09404847,0,0,0,0,0,0,89.83075
L,-0.1936513,0.8577793,-0.09404847,0,0,0,0,0,0,89.85904
L,-0.1936513,0.8577793,-0.09404847,0,0,0,0,0,0,89.87123
L,-0.1936513,0.8577793,-0.09404847,0,0,0,0,0,0,89.88466
L,-0.1936513,0.8577793,-0.09404847,0,0,0,0,0,0,89.899
L,-0.1936513,0.8577793,-0.09404847,0,0,0,0,0,0,89.91246
L,-0.1936513,0.8577793,-0.09404847,0,0,0,0,0,0,89.94164
L,-0.1936513,0.8577793,-0.09404847,0,0,0,0,0,0,89.95567
L,-0.1936513,0.8577793,-0.09404847,0,0,0,0,0,0,89.96931
L,-0.1936513,0.8577793,-0.09404847,0,0,0,0,0,0,89.98424
L,-0.1936513,0.8577793,-0.09404847,0,0,0,0,0,0,89.99704
L,-0.1936513,0.8577793,-0.09404847,0,0,0,0,0,0,90.00987
L,-0.1936513,0.8577793,-0.09404847,0,0,0,0,0,0,90.02403
L,-0.1936513,0.8577793,-0.09404847,0,0,0,0,0,0,90.05177
L,-0.1936513,0.8577793,-0.09404847,0,0,0,0,0,0,90.06613
L,-0.1936513,0.8577793,-0.09404847,0,0,0,0,0,0,90.09692
L,-0.1936513,0.8577793,-0.09404847,0,0,0,0,0,0,90.11084
L,-0.1936513,0.8577793,-0.09404847,0,0,0,0,0,0,90.12321
L,-0.1936513,0.8577793,-0.09404847,0,0,0,0,0,0,90.14888
L,-0.1936513,0.8577793,-0.09404847,0,0,0,0,0,0,90.17711
L,-0.1936513,0.8577793,-0.09404847,0,0,0,0,0,0,90.19182
L,-0.1936513,0.8577793,-0.09404847,0,0,0,0,0,0,90.22116
L,-0.1936513,0.8577793,-0.09404847,0,0,0,0,0,0,90.24643
L,-0.1936513,0.8577793,-0.09404847,0,0,0,0,0,0,90.26024
L,-0.1936513,0.8577793,-0.09404847,0,0,0,0,0,0,90.27498
L,-0.1936513,0.8577793,-0.09404847,0,0,0,0,0,0,90.2908
L,-0.1936513,0.8577793,-0.09404847,0,0,0,0,0,0,90.31625
L,-0.1492983,0.7455951,-0.0806305,2.703921,-6.839164,0.8180096,164.8411,-416.9409,49.86891,90.33266
L,-0.1492983,0.7455951,-0.0806305,0,0,0,-187.5176,474.2979,-56.72918,90.34708
L,-0.1296353,0.7987757,-0.08452195,0.7734914,2.091982,-0.1530794,30.42709,82.293,-6.021735,90.3725
L,-0.1272048,0.8332777,-0.07188915,0.08908675,1.264611,0.4630332,-25.08565,-30.32583,22.58253,90.39978
L,-0.1488552,0.8143713,-0.05187009,-0.7519252,-0.6566226,0.6952671,-29.20856,-66.72495,8.065544,90.42857
L,-0.1665052,0.7971174,-0.04416937,-0.6643962,-0.6494876,0.289876,3.294829,0.2685822,-15.26003,90.45514
L,-0.1790666,0.7876318,-0.03527059,-0.7330558,-0.5535605,0.5193147,-4.006835,5.598108,13.38958,90.47227
L,-0.1845524,0.784498,-0.03074031,-0.230163,-0.1314821,0.1900746,21.0996,17.70892,-13.81375,90.49611
L,-0.1763043,0.7855576,-0.02735563,0.4398282,0.05650236,0.1804871,35.72705,10.02421,-0.5112507,90.51486
L,-0.1709661,0.7820217,-0.02887741,0.1401052,-0.09280199,-0.03994041,-7.866498,-3.918627,-5.785316,90.55296
L,-0.151582,0.7810844,-0.03176868,0.4779362,-0.02310978,-0.07128768,8.329606,1.71834,-0.7729025,90.59352
L,-0.1418077,0.77968,-0.03183843,0.3367862,-0.04839273,-0.002403155,-4.863516,-0.8711586,2.37351,90.62254
L,-0.1413568,0.7702781,-0.03545088,0.01552139,-0.3236135,-0.1243413,-11.05799,-9.473146,-4.197132,90.6516
L,-0.1379661,0.7590441,-0.0393696,0.1303313,-0.431809,-0.1506258,4.41301,-4.158768,-1.010309,90.67761
L,-0.1340321,0.7527778,-0.03995941,0.1230623,-0.196021,-0.01845062,-0.2273906,7.375943,4.134716,90.70958
L,-0.1332874,0.759099,-0.03847541,0.005474951,0.0464736,0.01091043,-0.8645055,1.782828,0.2158634,90.8456
L,-0.1317795,0.7569536,-0.0383577,0.03727736,-0.05303718,0.002909887,0.7861948,-2.460029,-0.1977834,90.88605
L,-0.1315245,0.7610053,-0.03755672,0.008576113,0.1362397,0.02693338,-0.9650921,6.364522,0.8078008,90.91579
L,-0.1325284,0.7619779,-0.03725774,-0.02389864,0.02315372,0.007117325,-0.7730714,-2.692047,-0.4717273,90.95779
L,-0.1327444,0.7618913,-0.03706075,-0.005595356,-0.002243392,0.005102732,0.4741203,-0.6578755,-0.05218511,90.9964
L,-0.132227,0.761237,-0.03664417,0.0178256,-0.02254411,0.01435372,0.8070011,-0.699489,0.3187555,91.02542
L,-0.1304964,0.7592221,-0.03568483,0.1340696,-0.1560884,0.074316,9.004922,-10.3451,4.645021,91.03833
L,-0.1295129,0.7581022,-0.03516876,0.06616963,-0.07535373,0.03472387,-4.568676,5.432266,-2.663974,91.05319
L,-0.13247,0.7567546,-0.03455198,-0.2162857,-0.09856742,0.04511315,-20.65959,-1.697916,0.7599021,91.06686
L,-0.136051,0.7550302,-0.03377904,-0.2631004,-0.1266904,0.05678842,-3.439514,-2.066217,0.8577919,91.08047
L,-0.1389318,0.744872,-0.03369471,-0.2074691,-0.731572,0.006073199,4.006432,-43.56211,-3.652388,91.09436
L,-0.1410894,0.737388,-0.03359183,-0.07773631,-0.2696386,0.003706804,4.674089,16.64281,-0.0852579,91.12212
L,-0.125711,0.7192916,-0.02950032,0.9340481,-1.099133,0.248509,61.45348,-50.38161,14.86873,91.13858
L,-0.1194969,0.7121582,-0.0278288,0.495435,-0.5687253,0.1332657,-34.96952,42.2881,-9.188058,91.15112
L,-0.1271228,0.6995457,-0.02989612,-0.6192889,-1.024251,-0.1678857,-90.52608,-36.99296,-24.45634,91.16344
L,-0.1322267,0.6893731,-0.03123571,-0.1779214,-0.3546127,-0.04669742,15.38588,23.3433,4.224572,91.19212
L,-0.139135,0.673203,-0.03458706,-0.2364179,-0.553382,-0.1146913,-2.001894,-6.802374,-2.326919,91.22134
L,-0.1374879,0.6643432,-0.04035904,0.1182314,-0.6359658,-0.4143181,25.45706,-5.927938,-21.50749,91.23528
L,-0.1368912,0.6592818,-0.04260005,0.02272196,-0.1927363,-0.08533843,-3.637019,16.87826,12.52761,91.26154
L,-0.1406345,0.6477425,-0.04963587,-0.2325348,-0.716821,-0.437061,-15.85641,-32.55584,-21.84881,91.27763
L,-0.1419622,0.6417519,-0.05264331,-0.0334668,-0.1509976,-0.07580604,5.017739,14.26223,9.105849,91.31731
L,-0.1388593,0.6633865,-0.05522553,0.1151498,0.802856,-0.09582561,5.515139,35.39737,-0.7429235,91.34425
L,-0.1351094,0.6743704,-0.05551668,0.09018599,0.2641614,-0.007002222,-0.6003765,-12.95556,2.136194,91.38583
L,-0.1320683,0.6775905,-0.05474111,0.1810144,0.1916723,0.04616497,5.406477,-4.314844,3.164728,91.40263
L,-0.1306553,0.6787485,-0.05483129,0.05667409,0.04644708,-0.003616688,-4.987006,-5.824653,-1.996629,91.42757
L,-0.1277687,0.6779674,-0.05249074,0.2113663,-0.05720147,0.1713859,11.32727,-7.589622,12.81449,91.44122
L,-0.1261256,0.6775624,-0.05139755,0.05746086,-0.0141638,0.03823002,-5.382256,1.505078,-4.656619,91.46982
L,-0.1266165,0.6779473,-0.05074022,-0.03481488,0.0273057,0.04662214,-6.544786,2.941283,0.5952225,91.48392
L,-0.1286499,0.6791739,-0.0494886,-0.07474072,0.04508509,0.04600469,-1.467515,0.6534998,-0.02269481,91.51112
L,-0.1306908,0.685748,-0.04734109,-0.07281052,0.2345345,0.07661337,0.06886068,6.758713,1.091982,91.53915
L,-0.1311442,0.6926365,-0.04596461,-0.03218742,0.4891023,0.09773454,2.884372,18.07514,1.499671,91.55324
L,-0.1316264,0.6937886,-0.04548375,-0.02837203,0.06777729,0.02828875,0.224457,-24.78631,-4.085457,91.57024
L,-0.1319509,0.6946942,-0.04512733,-0.01347693,0.03761189,0.01480269,0.6186091,-1.252801,-0.5600905,91.59431
L,-0.132019,0.6945215,-0.04515127,-0.004578325,-0.01161058,-0.001609325,0.5981325,-3.308558,-1.103157,91.60919
L,-0.1320576,0.6944699,-0.04515541,-0.002664194,-0.003560491,-0.0002855596,0.132186,0.5559225,0.09141653,91.62367
L,-0.132095,0.6929471,-0.04501219,-0.001326771,-0.05406326,0.005084367,0.04748071,-1.79293,0.1906411,91.65184
L,-0.131966,0.6909599,-0.04527342,0.004777984,-0.07357653,-0.009672383,0.2260346,-0.7224982,-0.5463833,91.67885
L,-0.1324106,0.689923,-0.04538029,-0.01083992,-0.02528018,-0.002605438,-0.3807793,1.177511,0.1722988,91.71986
L,-0.1336761,0.6896436,-0.04533766,-0.08908641,-0.01967391,0.003000491,-5.508016,0.3946432,0.3946189,91.73407
L,-0.1346361,0.6895146,-0.04529449,-0.03473888,-0.004667656,0.001562177,1.966715,0.5430423,-0.05204935,91.7617
L,-0.1354002,0.6920494,-0.04561613,-0.02628619,0.08720268,-0.01106489,0.2907902,3.160532,-0.4343975,91.79077
L,-0.1366077,0.695192,-0.04616101,-0.07341159,0.1910548,-0.03312567,-2.864944,6.31359,-1.341164,91.80722
L,-0.1382395,0.6973416,-0.04623155,-0.05459129,0.07191169,-0.002359901,0.6296107,-3.985789,1.029232,91.83711
L,-0.1402925,0.6986697,-0.04588519,-0.1330762,0.08609205,0.02245224,-5.087624,0.9192124,1.608396,91.85254
L,-0.1474242,0.703303,-0.04587577,-0.2570884,0.1670212,0.0003397556,-4.470441,2.917367,-0.79712,91.88028
L,-0.1524642,0.710933,-0.04594703,-0.3391199,0.5133911,-0.004795333,-5.519521,23.30565,-0.3455166,91.89514
L,-0.1524191,0.714927,-0.04600514,0.002663112,0.2358073,-0.003430946,20.17936,-16.38895,0.08055539,91.91208
L,-0.1526459,0.7178614,-0.04604757,-0.008412143,0.1088334,-0.001573581,-0.4107685,-4.709316,0.06888752,91.93904
L,-0.1537132,0.7199343,-0.04590606,-0.0391845,0.07610732,0.005195613,-1.129802,-1.201533,0.2485299,91.96628
L,-0.1547435,0.7231161,-0.04566969,-0.0360125,0.1112125,0.008261719,0.1108695,1.227015,0.1071681,91.99489
L,-0.1546539,0.7229939,-0.04579628,0.006069215,-0.008276569,-0.008570648,2.849036,-8.089706,-1.139593,92.00966
L,-0.1546409,0.7229998,-0.04586974,0.0007881349,0.0003623608,-0.004465871,-0.3210583,0.5251957,0.2495461,92.02611
L,-0.1545762,0.7231494,-0.04629095,0.002566357,0.005929087,-0.01669934,0.07050063,0.2207024,-0.4850166,92.05133
L,-0.1534865,0.7230965,-0.04885995,0.07597033,-0.003681848,-0.1791088,5.117662,-0.6700663,-11.32305,92.06567
L,-0.1529073,0.7232304,-0.05036015,0.01402843,0.003242216,-0.03633301,-1.500157,0.1676923,3.457855,92.10696
L,-0.1526733,0.7247031,-0.05280027,0.01663546,0.1046807,-0.1734442,0.185308,7.210276,-9.745896,92.12103
L,-0.1539596,0.7252033,-0.05399857,-0.09656223,0.03754564,-0.08995645,-8.497736,-5.039822,6.267412,92.13435
L,-0.1551681,0.7256646,-0.05502682,-0.04271855,0.01630554,-0.03634693,1.90329,-0.7508044,1.895013,92.16264
L,-0.1568784,0.7253881,-0.0578388,-0.06104898,-0.009869876,-0.1003736,-0.6543046,-0.9343311,-2.285431,92.19066
L,-0.1598856,0.7224662,-0.06059125,-0.2337842,-0.227151,-0.2139798,-13.42868,-16.89174,-8.831909,92.20352
L,-0.1595482,0.722838,-0.0609764,0.02344579,0.02584421,-0.02676693,17.8768,17.58249,13.0108,92.21791
L,-0.1590183,0.7234328,-0.0613397,0.03701984,0.041557,-0.02538256,0.9483892,1.097818,0.09672289,92.23222
L,-0.1583462,0.7242298,-0.0618795,0.02401683,0.02847899,-0.01928924,-0.4646482,-0.4673285,0.2177381,92.26021
L,-0.1596213,0.723512,-0.06194416,-0.04556351,-0.02565047,-0.002310417,-2.486378,-1.934258,0.6067197,92.28819
L,-0.1626813,0.731524,-0.06286611,-0.2208569,0.5782756,-0.06654338,-12.65201,43.5891,-4.636092,92.30205
L,-0.1641531,0.7355702,-0.0633916,-0.1101085,0.3027076,-0.03931333,8.285395,-20.616,2.037156,92.31541
L,-0.1639375,0.7350457,-0.06325882,0.01554335,-0.03781198,0.009573321,9.059101,-24.55038,3.524572,92.32928
L,-0.1645825,0.7340274,-0.0644122,-0.04313716,-0.06810029,-0.0771305,-3.924169,-2.025484,-5.798185,92.34424
L,-0.1648269,0.7347338,-0.064934,-0.01734747,0.05015489,-0.0370496,1.831151,8.396502,2.845875,92.35832
L,-0.1652169,0.7359133,-0.0656905,-0.02276095,0.06883766,-0.0441475,-0.3159195,1.090288,-0.414219,92.37546
L,-0.1657207,0.7374539,-0.06659061,-0.01901878,0.05815947,-0.03398055,0.1412712,-0.4031139,0.3838139,92.40195
L,-0.166621,0.7414805,-0.07254958,-0.03655575,0.1634986,-0.2419621,-0.7120835,4.277264,-8.445031,92.42657
L,-0.1666563,0.7478688,-0.07686227,-0.001220446,0.2205796,-0.1489127,1.220092,1.970951,3.212903,92.45554
L,-0.1745493,0.7477769,-0.08402242,-0.4898432,-0.005700313,-0.4443632,-30.32422,-14.04307,-18.33584,92.47165
L,-0.179725,0.7513368,-0.09025052,-0.2182712,0.1501292,-0.2626545,11.45286,6.571714,7.663105,92.49536
L,-0.1873571,0.7505783,-0.09693676,-0.2582224,-0.02566388,-0.2262207,-1.3517,-5.947742,1.232692,92.52492
L,-0.1903264,0.7442272,-0.09956092,-0.1101283,-0.2355555,-0.09732686,5.49264,-7.784639,4.780524,92.55188
L,-0.1903114,0.7385378,-0.1013382,0.001040633,-0.394556,-0.123252,7.709594,-11.02673,-1.797916,92.5663
L,-0.1907267,0.736238,-0.1025462,-0.01551093,-0.08588186,-0.04511246,-0.6180758,11.52665,2.917922,92.59308
L,-0.1910966,0.7368605,-0.1011117,-0.02084369,0.03507564,0.08083972,-0.3005055,6.816053,7.097508,92.61082
L,-0.1900518,0.7358324,-0.09633886,0.04417528,-0.04346774,0.2017997,2.749086,-3.320915,5.114344,92.63448
L,-0.1885846,0.7366706,-0.08987144,0.1111667,0.06350253,0.489999,5.075548,8.104512,21.83518,92.64767
L,-0.1880587,0.7384666,-0.08760297,0.03429046,0.1171214,0.1479264,-5.013094,3.496485,-22.30654,92.66301
L,-0.1877729,0.7396278,-0.08608659,0.01031007,0.04188308,0.05469341,-0.8649306,-2.713715,-3.36275,92.69073
L,-0.1883131,0.7395499,-0.08416766,-0.0199793,-0.002883394,0.07096997,-1.120228,-1.655652,0.6019754,92.71777
L,-0.1851339,0.7391676,-0.08186702,0.2209403,-0.02656499,0.159888,16.74327,-1.645808,6.179569,92.73216
L,-0.1805879,0.7387346,-0.08001377,0.1636093,-0.01558424,0.06669664,-2.063284,0.3951862,-3.353866,92.75995
L,-0.1773601,0.7400509,-0.07987492,0.1960456,0.07994599,0.008433825,1.970105,5.802289,-3.538751,92.77641
L,-0.1775603,0.7409287,-0.07959987,-0.004987152,0.021875,0.006853761,-5.009461,-1.447049,-0.03937305,92.81654
L,-0.177338,0.7410339,-0.07925545,0.008035499,0.00380283,0.01245023,0.4707405,-0.6532695,0.2023001,92.84421
L,-0.1769765,0.7410912,-0.07886921,0.02145518,0.003400277,0.02292799,0.7966236,-0.02389648,0.6219841,92.86105
L,-0.1766579,0.7411227,-0.07855126,0.01284426,0.001270853,0.01281513,-0.3470637,-0.08582656,-0.4075992,92.88586
L,-0.1757751,0.740714,-0.07749626,0.0342126,-0.01584214,0.04088713,0.8281466,-0.6632272,1.087952,92.91167
L,-0.1747306,0.7402321,-0.07567613,0.07571816,-0.03493588,0.1319515,3.00897,-1.384211,6.601766,92.92546
L,-0.1741413,0.7399634,-0.07465988,0.02045816,-0.009326999,0.03527573,-1.918178,0.8889319,-3.355797,92.95427
L,-0.1737214,0.739784,-0.07427435,0.03256634,-0.01390995,0.0299013,0.9390788,-0.3554416,-0.4168269,92.96716
L,-0.1735201,0.7396983,-0.07408497,0.01403445,-0.005975731,0.01320333,-1.292027,0.5531668,-1.164168,92.98151
L,-0.1725666,0.7390958,-0.07359508,0.07403478,-0.04678243,0.03803908,4.658983,-3.168612,1.928478,92.99438
L,-0.1714105,0.7383687,-0.07298833,0.07739382,-0.04867451,0.04061712,0.2248603,-0.1266589,0.1725787,93.00932
L,-0.1693674,0.7386174,-0.07130006,0.07513722,0.009147464,0.06208899,-0.08299027,2.126499,0.7896636,93.03651
L,-0.1621848,0.7390555,-0.0669504,0.5189821,0.03165484,0.3142878,32.07036,1.626288,18.22283,93.05035
L,-0.1566865,0.7392516,-0.0641446,0.1918753,0.006841138,0.09791313,-11.41495,-0.8659163,-7.550763,93.07901
L,-0.1584485,0.7438297,-0.06321974,-0.1168821,0.3036793,0.06134799,-20.48049,19.68987,-2.425438,93.09409
L,-0.1590969,0.746318,-0.06254941,-0.04684916,0.1797952,0.04843513,5.060284,-8.951346,-0.9330288,93.10793
L,-0.159229,0.7459323,-0.06181261,-0.004759333,-0.01389843,0.02654596,1.516437,-6.978507,-0.7886358,93.13568
L,-0.1576133,0.7463058,-0.05928494,0.06265371,0.01448317,0.09801986,2.61419,1.100602,2.771665,93.16147
L,-0.1533794,0.7482378,-0.05487979,0.3003004,0.1370358,0.3124413,16.85542,8.692219,15.20815,93.17557
L,-0.1536753,0.7488426,-0.05412873,-0.01008454,0.02060989,0.02559617,-10.57794,-3.967805,-9.775707,93.20491
L,-0.1532875,0.7492184,-0.05274098,0.01472425,0.01426935,0.05269265,0.9419869,-0.2407492,1.02885,93.23125
L,-0.1522534,0.7511485,-0.05002818,0.07334153,0.1368921,0.1924095,4.157513,8.697189,9.909614,93.24535
L,-0.1521755,0.7536494,-0.04825217,0.002653714,0.08514407,0.06046368,-2.406544,-1.761744,-4.492053,93.27472
L,-0.1463394,0.7603334,-0.04681949,0.2228867,0.2552698,0.05471567,8.41095,6.497296,-0.219523,93.3009
L,-0.1414818,0.7645528,-0.04366704,0.1696949,0.1474006,0.1101272,-1.858197,-3.768293,1.935741,93.32953
L,-0.1359494,0.7688581,-0.03818592,0.3680907,0.2864491,0.3646812,13.20007,9.251455,16.93649,93.34456
L,-0.1323791,0.7722006,-0.03491084,0.1365956,0.1278778,0.1252982,-8.856545,-6.066624,-9.158321,93.3707
L,-0.1287157,0.7761016,-0.03239846,0.129704,0.1381179,0.08895239,-0.244004,0.3625579,-1.286848,93.39894
L,-0.1277034,0.7786435,-0.03193881,0.03442902,0.08644631,0.0156326,-3.240238,-1.757317,-2.493558,93.42834
L,-0.1274893,0.7813259,-0.03120751,0.01618255,0.2027601,0.05527828,-1.379239,8.792085,2.996793,93.44157
L,-0.1261651,0.7831333,-0.03114996,0.03190415,0.04354751,0.00138662,0.3787981,-3.836086,-1.298472,93.48308
L,-0.1247501,0.7935517,-0.02245256,0.1050219,0.7732561,0.6455186,5.426781,54.15876,47.80729,93.49655
L,-0.1237326,0.7989945,-0.01798571,0.07311958,0.3911133,0.320986,-2.292492,-27.46065,-23.3208,93.51047
L,-0.1220839,0.7994627,-0.0182965,0.0993996,0.02822778,-0.01873774,1.584441,-21.87862,-20.48219,93.52705
L,-0.1208854,0.8000692,-0.01826031,0.04577096,0.02316434,0.001382041,-2.048139,-0.1933786,0.7683973,93.55324
L,-0.1161344,0.8073952,-0.01218107,0.1707038,0.26322,0.218426,4.488816,8.625158,7.798351,93.58107
L,-0.1114791,0.8176565,-0.003938289,0.3702535,0.8161265,0.6555815,15.87098,43.97486,34.76871,93.59364
L,-0.1093435,0.82248,-0.000104559,0.1508216,0.3406393,0.2707407,-15.49643,-33.57924,-27.17772,93.6078
L,-0.1075567,0.8264746,0.003078763,0.06455056,0.1443159,0.1150067,-3.116789,-7.092752,-5.62634,93.63548
L,-0.1152296,0.8499325,0.03347556,-0.5378045,1.64421,2.130572,-42.22026,105.1305,141.2749,93.64975
L,-0.1181875,0.8685924,0.05527421,-0.2161121,1.363316,1.592638,23.50327,-20.52244,-39.30218,93.66344
L,-0.120042,0.8814687,0.06980158,-0.1116021,0.7748938,0.8742573,6.28941,-35.41124,-43.23212,93.68005
L,-0.1174329,0.8995987,0.08620217,0.1014186,0.704726,0.6375024,8.280262,-2.727473,-9.202826,93.70578
L,-0.1154704,0.9183841,0.1218149,0.06779774,0.6489832,1.230319,-1.161505,-1.925757,20.48013,93.73473
L,-0.1136259,0.9369122,0.164185,0.06923358,0.6954535,1.590358,0.05389439,1.744259,13.51405,93.76137
L,-0.1107849,0.9622944,0.2053844,0.1015734,0.9074988,1.47302,1.15626,7.581343,-4.195249,93.78934
L,-0.1085873,0.984009,0.2590121,0.1433113,1.41601,3.497063,2.721723,33.15998,131.9878,93.80467
L,-0.1075264,0.9961393,0.2880195,0.03786866,0.4329917,1.035417,-3.763773,-35.08882,-87.86845,93.83269
L,-0.1335102,0.9707286,0.3477398,-2.104912,-2.058487,4.837862,-173.5838,-201.8314,308.0309,93.84503
L,-0.1518367,0.9510204,0.3574265,-0.6867071,-0.7384778,0.3629675,53.14093,49.46149,-167.6768,93.87172
L,-0.1760098,0.9201084,0.3490937,-1.57163,-2.009769,-0.5417674,-57.53404,-82.65414,-58.82212,93.8871
L,-0.1857329,0.9075342,0.3437248,-0.6630737,-0.8575052,-0.3661368,61.95958,78.57938,11.97724,93.90176
L,-0.1941727,0.8976116,0.3434612,-0.3317993,-0.3900978,-0.01036082,13.02364,18.37553,13.98688,93.9272
L,-0.1845235,0.9111565,0.3222953,0.3206725,0.4501418,-0.7034132,21.68377,27.92391,-23.03239,93.95729
L,-0.1729551,0.9253656,0.3053769,0.9670248,1.187764,-1.414242,54.02977,61.6592,-59.41948,93.96925
L,-0.1700266,0.9302484,0.3007633,0.1073394,0.1789709,-0.1691004,-31.51026,-36.97554,45.63847,93.99654
L,-0.1400942,0.9486912,0.2497582,1.811311,1.11604,-3.086493,103.1131,56.70525,-176.5413,94.01306
L,-0.1265557,0.9541383,0.20381,0.4918297,0.1978827,-1.669215,-47.93435,-33.35498,51.48709,94.04059
L,-0.1251135,0.9456512,0.1510063,0.05294719,-0.3116028,-1.938678,-16.1135,-18.70568,-9.893291,94.06783
L,-0.1350769,0.9193915,0.1169262,-0.6635792,-1.748944,-2.269788,-47.72182,-95.72926,-22.05246,94.08284
L,-0.1389017,0.9068989,0.101799,-0.1467577,-0.4793412,-0.5804321,19.83045,48.71469,64.82064,94.1089
L,-0.1515117,0.883338,0.07695379,-0.464013,-0.8669769,-0.9142366,-11.67414,-14.26395,-12.28311,94.13608
L,-0.1593353,0.8625544,0.05406172,-0.5335344,-1.417347,-1.561139,-4.741054,-37.53282,-44.11594,94.15074
L,-0.1597161,0.8534535,0.04195866,-0.02635069,-0.6298178,-0.8375779,35.09904,54.5,50.0732,94.16519
L,-0.1604066,0.8452846,0.02983771,-0.02421499,-0.2864395,-0.4250177,0.07488775,12.04047,14.46632,94.19371
L,-0.1521501,0.8319991,0.002473571,0.321509,-0.5173379,-1.065559,13.46249,-8.99118,-24.94268,94.21939
L,-0.146481,0.8239546,-0.02329773,0.2025792,-0.2874629,-0.9209093,-4.249826,8.214333,5.168914,94.24738
L,-0.1509016,0.8087932,-0.02217822,-0.1553384,-0.5327685,0.0393393,-12.5772,-8.620024,33.74308,94.27583
L,-0.1556963,0.7905964,-0.02402694,-0.1684877,-0.6394374,-0.06496399,-0.4620659,-3.748341,-3.665212,94.30429
L,-0.1618233,0.7757207,-0.03070591,-0.2318327,-0.5628721,-0.2527209,-2.396869,2.897105,-7.104408,94.33072
L,-0.1611006,0.7710113,-0.04082684,0.02395764,-0.1561117,-0.3355011,8.479249,13.48379,-2.744099,94.36089
L,-0.1569515,0.7711706,-0.04457608,0.1643967,0.00631046,-0.1485551,5.564579,6.435609,7.407309,94.38612
L,-0.155802,0.7709421,-0.04490484,0.04037139,-0.008023932,-0.01154631,-4.355906,-0.5034398,4.811903,94.4146
L,-0.1553719,0.7723156,-0.04596841,0.01534325,0.0489993,-0.03794347,-0.8928928,2.034336,-0.9417335,94.44263
L,-0.158555,0.7717888,-0.04908365,-0.2269907,-0.03756206,-0.2221552,-17.28139,-6.172889,-13.13656,94.45665
L,-0.163151,0.7698342,-0.05203142,-0.1641455,-0.06980798,-0.1052777,2.244482,-1.151645,4.174215,94.48465
L,-0.1653565,0.7770717,-0.05836285,-0.08432794,0.2767307,-0.2420868,3.051882,13.25015,-5.230993,94.5108
L,-0.1641428,0.784171,-0.06278461,0.04242344,0.2481375,-0.1545518,4.430282,-0.9994042,3.059569,94.53941
L,-0.1582217,0.7934277,-0.06316509,0.216301,0.3381541,-0.01389914,6.351861,3.288365,5.138134,94.56679
L,-0.154791,0.7986729,-0.06596888,0.1177753,0.180066,-0.09625407,-3.382389,-5.427165,-2.827246,94.59592
L,-0.1560144,0.8030314,-0.06834281,-0.04550216,0.1621116,-0.08829632,-6.072957,-0.6677997,0.2959813,94.6228
L,-0.1582693,0.8110834,-0.06670655,-0.1615064,0.5767205,0.1171955,-8.30869,29.69596,14.71816,94.63676
L,-0.1591302,0.8149649,-0.06645905,-0.03035066,0.1368343,0.008725236,4.623679,-15.50747,-3.823942,94.66513
L,-0.1593051,0.807825,-0.07218397,-0.00616685,-0.2518417,-0.2019311,0.8530195,-13.70951,-7.430341,94.69348
L,-0.1706817,0.8034673,-0.08166434,-0.4236234,-0.1622625,-0.3530146,-15.54456,3.335603,-5.6258,94.72034
L,-0.1832919,0.8059661,-0.09139989,-0.4666408,0.0924685,-0.3602647,-1.591864,9.426341,-0.2682917,94.74736
L,-0.1846104,0.8026819,-0.09094115,-0.08737519,-0.2176283,0.03039785,25.13201,-20.54854,25.88722,94.76245
L,-0.1855939,0.8015565,-0.09117296,-0.03641585,-0.04166887,-0.008582992,1.88682,6.515071,-1.443304,94.78946
L,-0.1849714,0.783614,-0.09248352,0.02138303,-0.6162908,-0.04501503,1.985277,-19.73712,-1.251368,94.81857
L,-0.1861319,0.7702953,-0.09204107,-0.03886339,-0.4460151,0.01481685,-2.017532,5.702191,2.003649,94.84843
L,-0.1917511,0.7589633,-0.09230191,-0.224548,-0.4528368,-0.01042361,-7.42014,-0.2726003,-1.008634,94.87346
L,-0.1972481,0.7514836,-0.09237754,-0.3861179,-0.5253927,-0.005311956,-11.34903,-5.09649,0.3590543,94.8877
L,-0.1987138,0.749281,-0.09240219,-0.03588329,-0.05392288,-0.0006035572,8.574142,11.54212,0.1152669,94.92854
L,-0.2012618,0.7519349,-0.09264985,-0.08751751,0.09115811,-0.008506535,-1.773532,4.983243,-0.2714515,94.95766
L,-0.2069728,0.756878,-0.09491116,-0.2105047,0.1821965,-0.08335055,-4.533233,3.355618,-2.758705,94.98479
L,-0.2079712,0.7603137,-0.09446457,-0.03728132,0.1283008,0.01667668,6.468585,-2.012595,3.735262,95.01157
L,-0.2073465,0.7633463,-0.0939579,0.0216486,0.105099,0.01755953,2.042322,-0.8041016,0.03059679,95.04042
L,-0.2059376,0.7652879,-0.09317029,0.08726943,0.1202667,0.04878751,4.06477,0.9395394,1.934364,95.05656
L,-0.2058547,0.7650464,-0.09284395,0.003546967,-0.01032239,0.01395089,-3.579149,-5.582706,-1.489271,95.07996
L,-0.2054361,0.7669501,-0.09073081,0.02700061,0.1227931,0.1363059,1.512852,8.586474,7.892382,95.09546
L,-0.2050136,0.7701362,-0.08831239,0.01601416,0.1207662,0.09166782,-0.4164304,-0.07683016,-1.691963,95.12184
L,-0.2008237,0.775852,-0.08052235,0.279624,0.38146,0.5198858,17.5926,17.398,28.5781,95.13683
L,-0.1993116,0.7782155,-0.07738744,0.05453594,0.0852474,0.1130706,-8.118533,-10.68387,-14.67311,95.16455
L,-0.1990268,0.7798081,-0.07898371,0.01050588,0.05873444,-0.05887045,-1.623834,-0.9778019,-6.341208,95.19167
L,-0.1968047,0.7868028,-0.08287669,0.1130614,0.3559024,-0.1980826,5.218227,15.1205,-7.08339,95.21132
L,-0.1956645,0.7904063,-0.08432293,0.02925826,0.09246831,-0.03711071,-2.1504,-6.759757,4.130561,95.25029
L,-0.1941952,0.7847474,-0.08718966,0.05496397,-0.21168,-0.107234,0.9615579,-11.37709,-2.62306,95.27702
L,-0.1894386,0.7824649,-0.08896898,0.1091084,-0.05235906,-0.04081532,1.242005,3.654622,1.523562,95.32062
L,-0.1848276,0.7861262,-0.08720646,0.1165405,0.0925373,0.0445462,0.1878401,3.662139,2.157444,95.36018
L,-0.179565,0.7914297,-0.0848788,0.1928902,0.1943906,0.08531623,2.798465,3.733252,1.494354,95.38747
L,-0.1742804,0.7983956,-0.08243961,0.1944604,0.2563276,0.08975574,0.05777894,2.279118,0.1633623,95.41464
L,-0.1717501,0.8008101,-0.08166052,0.09061646,0.08646687,0.0279006,-3.718862,-6.083057,-2.215158,95.44257
L,-0.1715466,0.8004345,-0.08177289,0.00783891,-0.01447219,-0.00432937,-3.189247,-3.888973,-1.241754,95.46852
L,-0.1717148,0.8002205,-0.0818129,-0.0113771,-0.01447207,-0.002705955,-1.299629,7.684509E-06,0.1097958,95.48331
L,-0.1715306,0.798679,-0.08208883,0.006506907,-0.05446007,-0.009748252,0.631831,-1.412751,-0.2488,95.51161
L,-0.1778537,0.7909542,-0.08108769,-0.2150449,-0.2627161,0.03404792,-7.534832,-7.08265,1.489479,95.54102
L,-0.182491,0.7857739,-0.07548327,-0.1488997,-0.1663381,0.1799566,2.123907,3.094672,4.685092,95.57216
L,-0.1778981,0.7902727,-0.06762805,0.194822,0.1908298,0.3332038,14.58003,15.15039,6.500455,95.59573
L,-0.1712537,0.7988724,-0.06089468,0.4657179,0.6027741,0.4719552,18.98763,28.87399,9.725359,95.61
L,-0.1688747,0.80198,-0.05805489,0.09181873,0.1199412,0.1096046,-14.43101,-18.63542,-13.98528,95.63591
L,-0.1673504,0.8030208,-0.04188742,0.055041,0.03757963,0.5837748,-1.32797,-2.97391,17.12133,95.6636
L,-0.1629889,0.8174208,-0.03386392,0.2424343,0.8004433,0.4459946,10.41646,42.40461,-7.658662,95.68159
L,-0.1609544,0.823566,-0.02990431,0.08444266,0.2550516,0.164343,-6.557405,-22.63634,-11.68988,95.70569
L,-0.1665745,0.820248,-0.02211943,-0.4157092,-0.2454236,0.5758352,-36.99543,-37.01935,30.43742,95.71921
L,-0.1643401,0.8253678,-0.007256289,0.1438425,0.3295985,0.9568473,36.02237,37.01832,24.5285,95.73474
L,-0.1623659,0.8299152,0.004411594,0.07522484,0.1732649,0.4445735,-2.614491,-5.956674,-19.51882,95.76099
L,-0.1733092,0.8204991,0.01167648,-0.7959873,-0.6848944,0.5284258,-63.36932,-62.4199,6.099163,95.77473
L,-0.1769215,0.8181055,0.01638957,-0.1329985,-0.08812983,0.1735264,24.40991,21.97166,-13.06668,95.8019
L,-0.1670568,0.8297738,0.06091072,0.3532782,0.4178684,1.594392,17.41455,18.12082,50.88408,95.82982
L,-0.1607489,0.8499861,0.0850945,0.2175756,0.6971731,0.8341621,-4.68074,9.633953,-26.22235,95.85881
L,-0.1517722,0.8683443,0.1189952,0.3159479,0.6461466,1.193189,3.462367,-1.795958,12.63651,95.88722
L,-0.1408357,0.8866088,0.1521267,0.415017,0.6931004,1.257271,3.759465,1.781797,2.431773,95.91357
L,-0.1308188,0.9166253,0.1713268,0.6852492,2.053403,1.313464,18.48636,93.0572,3.84415,95.92819
L,-0.1249154,0.9446726,0.1766678,0.4605748,2.188221,0.4166992,-17.52888,10.51834,-69.96475,95.94101
L,-0.1179688,0.9713297,0.1896933,0.2430619,0.9327282,0.4557601,-7.610745,-43.9295,1.366734,95.96959
L,-0.1144193,0.9932353,0.2516137,0.2130234,1.314661,3.716128,-1.802747,22.92154,195.6698,95.98625
L,-0.111805,1.006438,0.2895799,0.09352078,0.4723023,1.358162,-4.274959,-30.13362,-84.35134,96.01421
L,-0.1192739,1.025471,0.3426356,-0.3159999,0.8052574,2.244712,-17.32624,14.08686,37.50868,96.03784
L,-0.1486039,1.047203,0.3706547,-1.02243,0.7575632,0.9767349,-24.62584,-1.662602,-44.20114,96.06653
L,-0.1679663,1.063161,0.3614769,-1.081786,0.8916041,-0.5127677,-3.316236,7.488921,-83.21914,96.08443
L,-0.1725078,1.068607,0.3581345,-0.1827101,0.2191001,-0.1344671,36.17054,-27.05538,15.21935,96.10928
L,-0.1614165,1.077804,0.3415965,0.7548057,0.6258599,-1.125477,63.8017,27.68163,-67.44216,96.12398
L,-0.144974,1.083011,0.3322544,0.6221594,0.197013,-0.3534919,-5.019116,-16.22685,29.21062,96.15041
L,-0.09693788,1.090376,0.2659613,1.766606,0.2708772,-2.438037,42.08894,2.716477,-76.6626,96.1776
L,-0.07021053,1.079492,0.2099981,0.9376892,-0.3818506,-1.963386,-29.08133,-22.89998,16.65242,96.2061
L,-0.0808428,1.039143,0.1528612,-0.3897071,-1.478926,-2.094251,-48.65339,-40.21138,-4.796617,96.23338
L,-0.08745787,1.008229,0.1132279,-0.2154696,-1.006947,-1.29096,5.675363,15.37359,26.16526,96.26408
L,-0.09503515,0.9785939,0.08733115,-0.2752688,-1.076588,-0.9407808,-2.172395,-2.529933,12.72135,96.29161
L,-0.1003434,0.9541698,0.06474569,-0.2116067,-0.9736376,-0.9003407,2.537812,4.103977,1.612091,96.3167
L,-0.09944555,0.935625,0.05155329,0.0315503,-0.6516631,-0.4635803,8.544523,11.31417,15.34774,96.34515
L,-0.0957916,0.9192733,0.04135614,0.2104265,-0.941674,-0.5872412,10.30126,-16.70137,-7.121481,96.36252
L,-0.09444378,0.9105676,0.03338486,0.05662247,-0.3657302,-0.3348756,-6.461346,24.19555,10.60194,96.38632
L,-0.09616268,0.9058237,0.03867254,-0.06169244,-0.1702599,0.1897775,-4.246378,7.015521,18.83005,96.41418
L,-0.09885337,0.9007207,0.0427889,-0.09516294,-0.1804801,0.1455853,-1.183768,-0.3614652,-1.562968,96.44246
L,-0.09984541,0.8961282,0.04213877,-0.03487884,-0.1614681,-0.02285793,2.119516,0.6684397,-5.922261,96.4709
L,-0.09946898,0.8956329,0.04152063,0.02413839,-0.03176217,-0.03963845,3.784495,8.317426,-1.076055,96.4865
L,-0.09861789,0.8971738,0.04179979,0.02222205,0.04023438,0.007289008,-0.05003555,1.879827,1.225274,96.5248
L,-0.09586423,0.9018272,0.03762041,0.1889674,0.3193349,-0.2868064,11.44275,19.15302,-20.18203,96.53937
L,-0.09422314,0.9064312,0.03365533,0.05766772,0.1617837,-0.1393326,-4.613864,-5.536342,5.182224,96.56783
L,-0.08767503,0.9148309,0.02338701,0.2546808,0.326697,-0.3993735,7.662583,6.414099,-10.11397,96.59354
L,-0.08441464,0.9257572,0.01497038,0.1143247,0.3831281,-0.2951272,-4.921552,1.978743,3.655371,96.62206
L,-0.08669762,0.9351329,0.009909586,-0.1479893,0.6077561,-0.3280555,-17.00397,14.56105,-2.134513,96.63748
L,-0.08721176,0.9388424,0.007176749,-0.01911221,0.1378931,-0.1015878,4.790748,-17.46622,8.418486,96.66438
L,-0.08818001,0.9463652,0.0005535278,-0.0358506,0.2785421,-0.2452313,-0.6197556,5.20767,-5.318545,96.69139
L,-0.09153898,0.9509338,-0.0004551779,-0.1225004,0.1666145,-0.03678717,-3.160091,-4.081963,7.60189,96.71881
L,-0.09573863,0.956969,-0.002637489,-0.3088984,0.4439096,-0.1605162,-13.71019,20.39597,-9.100682,96.73241
L,-0.09756278,0.9602137,-0.004178236,-0.1236266,0.2198972,-0.1044202,12.55634,-15.18188,3.801766,96.74716
L,-0.09709035,0.9607109,-0.006521623,0.03133698,0.03298567,-0.1554415,10.27904,-12.39822,-3.384345,96.76224
L,-0.09681242,0.9615594,-0.008911762,0.02046557,0.06247367,-0.1760002,-0.800527,2.171376,-1.513856,96.77582
L,-0.09452544,0.964282,-0.01231841,0.08141195,0.09691998,-0.12127,2.169572,1.226222,1.948288,96.80391
L,-0.09361074,0.9684358,-0.01638631,0.07292677,0.3311711,-0.3243236,-0.6765024,18.67626,-16.18895,96.81645
L,-0.09451196,0.9700923,-0.0174197,-0.06002237,0.1103277,-0.0688252,-8.85463,-14.70853,17.01661,96.83147
L,-0.09531044,0.971796,-0.0185963,-0.05814399,0.1240582,-0.08567722,0.1367795,0.9998183,-1.227127,96.8452
L,-0.0951312,0.9728996,-0.01921428,0.01155023,0.07111526,-0.03982325,4.491131,-3.411667,2.954854,96.86072
L,-0.09500583,0.9741513,-0.01999755,0.003035208,0.03030482,-0.01896279,-0.2061471,-0.9880137,0.5050281,96.90202
L,-0.08941055,0.9751429,-0.01782816,0.1445378,0.02561465,0.05603994,3.655307,-0.1211569,1.937477,96.94073
L,-0.08941055,0.9751429,-0.01782816,0,0,0,-5.145263,-0.9118316,-1.994912,96.96883
L,-0.08941055,0.9751429,-0.01782816,0,0,0,0,0,0,96.99806
L,-0.08941055,0.9751429,-0.01782816,0,0,0,0,0,0,97.02444
L,-0.08941055,0.9751429,-0.01782816,0,0,0,0,0,0,97.05396
L,-0.08941055,0.9751429,-0.01782816,0,0,0,0,0,0,97.0946
L,-0.08941055,0.9751429,-0.01782816,0,0,0,0,0,0,97.11073
L,-0.08941055,0.9751429,-0.01782816,0,0,0,0,0,0,97.13864
L,-0.07608941,0.9575495,-0.02527814,0.5055091,-0.667634,-0.282711,19.183,-25.3353,-10.72829,97.16499
L,-0.07608941,0.9575495,-0.02527814,0,0,0,-34.65381,45.76785,19.38049,97.17958
L,-0.07608941,0.9575495,-0.02527814,0,0,0,0,0,0,97.19318
L,-0.07608941,0.9575495,-0.02527814,0,0,0,0,0,0,97.22298
L,-0.05532415,1.03007,0.05033539,0.5301411,1.851456,1.930428,13.5346,47.26802,49.28419,97.26215
L,-0.05653777,1.052071,0.1014498,-0.04232858,0.7673505,1.782776,-19.96667,-37.81157,-5.149801,97.29082
L,-0.05655774,1.071376,0.1680575,-0.0005164032,0.4990909,1.721971,1.080948,-6.935173,-1.571974,97.3295
L,-0.06684395,1.075193,0.2202223,-0.3375648,0.1252504,1.711905,-11.06099,-12.26841,-0.3303275,97.35997
L,-0.07534057,1.07675,0.2635731,-0.6363823,0.1166786,3.246902,-22.38091,-0.6420128,114.9686,97.37332
L,-0.07897901,1.078478,0.285298,-0.1269019,0.06024232,0.7577252,17.76972,-1.968391,-86.81781,97.40199
L,-0.09313811,1.058755,0.29789,-0.3627563,-0.5052928,0.3226069,-6.042593,-14.48902,-11.14774,97.44102
L,-0.1014956,1.024577,0.2827299,-0.2824734,-1.15517,-0.5123966,2.713473,-21.96512,-28.22217,97.47061
L,-0.09805614,1.004858,0.2526562,0.258199,-1.480303,-2.257625,40.5882,-24.40769,-131.0141,97.48393
L,-0.09256634,0.9951869,0.2377046,0.3013227,-0.5308378,-0.8206601,2.366965,52.11404,78.87178,97.50215
L,-0.08951052,0.9869055,0.226335,0.1198484,-0.3247938,-0.4459115,-7.117356,8.080968,14.6975,97.52765
L,-0.08032436,0.9665732,0.1589164,0.3779183,-0.8364721,-2.773601,10.617,-21.05044,-95.76112,97.55196
L,-0.07757708,0.9360599,0.1182079,0.0819508,-0.9102042,-1.214324,-8.828643,-2.199413,46.51288,97.58548
L,-0.07689002,0.9087353,0.08679391,0.02890042,-1.149388,-1.321406,-2.231521,-10.06106,-4.504307,97.60925
L,-0.07709295,0.8966132,0.07071386,-0.01347448,-0.8048972,-1.067702,-2.813659,22.87389,16.84572,97.62431
L,-0.07754022,0.8942041,0.06587638,-0.017895,-0.09638517,-0.1935466,-0.1768639,28.3474,34.97475,97.64931
L,-0.06086778,0.8562808,0.03865425,1.108159,-2.520633,-1.809361,74.84492,-161.1313,-107.3976,97.66435
L,-0.05359345,0.8413126,0.02605065,0.2652924,-0.5458859,-0.4596491,-30.73908,72.01836,49.22353,97.69177
L,-0.04823588,0.8598551,0.004146424,0.3104454,1.07445,-1.269244,2.6164,93.89066,-46.91214,97.70903
L,-0.04514873,0.8632718,-0.007329887,0.0807663,0.08938685,-0.3002441,-6.008883,-25.7713,25.35106,97.74725
L,-0.03262851,0.8731458,-0.03314606,0.4355229,0.3434742,-0.89803,12.34041,8.838573,-20.79432,97.776
L,-0.02693269,0.8841285,-0.0396472,0.2130598,0.4108207,-0.2431843,-8.321543,2.519187,24.49542,97.80273
L,-0.03237798,0.8926366,-0.03473815,-0.1967267,0.3073814,0.1773538,-14.80472,-3.737043,15.19315,97.83041
L,-0.04070516,0.8915676,-0.03141575,-0.5887052,-0.07557561,0.2348833,-27.71165,-27.07386,4.067157,97.84456
L,-0.03958517,0.8954729,-0.03061236,0.03984754,0.1389454,0.02858347,22.3631,7.632384,-7.339883,97.87267
L,-0.04441973,0.902702,-0.02377087,-0.3612741,0.5402161,0.511247,-29.97481,29.98594,36.06823,97.88605
L,-0.04946309,0.905978,-0.01768233,-0.268063,0.1741212,0.3236159,4.954324,-19.45855,-9.972906,97.90486
L,-0.05295638,0.9083987,-0.01456274,-0.1553163,0.1076312,0.1387015,5.012868,-2.956231,-8.221541,97.92735
L,-0.06280946,0.9244144,-0.01670839,-0.3475412,0.5649093,-0.07568212,-6.780218,16.12927,-7.56181,97.9557
L,-0.05884145,0.9403718,-0.02127057,0.13523,0.543828,-0.1554797,16.45288,-0.7184534,-2.719508,97.98505
L,-0.04824245,0.9569547,-0.02310545,0.3948925,0.6178404,-0.06836298,9.674384,2.757519,3.245754,98.01189
L,-0.06876405,0.9412686,-0.03100691,-1.408275,-1.076448,-0.5422302,-123.7408,-116.269,-32.5187,98.02646
L,-0.07661156,0.9361919,-0.03468782,-0.5210683,-0.3370892,-0.2444095,58.90984,49.09282,19.77505,98.04152
L,-0.08267444,0.9331262,-0.03772979,-0.2521176,-0.1274811,-0.1264968,11.18398,8.716293,4.903255,98.06557
L,-0.08736794,0.9234941,-0.03724123,-0.1658185,-0.3402965,0.01726054,3.048896,-7.518638,5.078857,98.09387
L,-0.0853687,0.9193073,-0.03712007,0.1240743,-0.2598359,0.007519346,17.99092,4.993434,-0.6045446,98.10999
L,-0.08519952,0.9176493,-0.03747791,0.006062002,-0.05940746,-0.01282199,-4.22857,7.181672,-0.7288626,98.13789
L,-0.08778326,0.911004,-0.03037656,-0.1894051,-0.4871452,0.520575,-14.329,-31.35595,39.10146,98.15154
L,-0.09097854,0.9051443,-0.0251133,-0.1194557,-0.2190642,0.1967674,2.615063,10.02222,-12.10556,98.17828
L,-0.08848844,0.9024788,-0.01867706,0.1480866,-0.1585186,0.3827635,15.91075,3.60065,11.0612,98.1951
L,-0.0833306,0.9038048,-0.01508014,0.1358617,0.03492859,0.09474579,-0.3220132,5.095561,-7.586628,98.23306
L,-0.08676551,0.9037331,-0.01261818,-0.1118281,-0.002334435,0.0801525,-8.063883,-1.213149,-0.4751047,98.26378
L,-0.09159081,0.9055706,-0.01624453,-0.1905009,0.07254095,-0.1431666,-3.105965,2.956044,-8.816531,98.28911
L,-0.09685647,0.9057962,-0.01941389,-0.4031429,0.01727238,-0.2426484,-16.28003,-4.231403,-7.616402,98.30217
L,-0.09911504,0.9056903,-0.02059819,-0.1374351,-0.006445131,-0.07206512,16.16846,-1.443223,10.38008,98.3186
L,-0.1051571,0.9056241,-0.02179639,-0.218045,-0.002387631,-0.04324099,-2.909059,0.1464275,1.040208,98.34631
L,-0.1198298,0.9107601,-0.02667144,-0.4755649,0.1664657,-0.1580075,-8.346601,5.472786,-3.71975,98.37717
L,-0.1280248,0.9098986,-0.03495162,-0.2227573,-0.02341644,-0.2250725,6.871838,-5.161393,-1.822969,98.41396
L,-0.1356706,0.910859,-0.04152972,-0.1801136,0.02262452,-0.1549612,1.004563,1.084594,1.651624,98.45641
L,-0.1438807,0.9143801,-0.04225111,-0.4363785,0.1871483,-0.03834315,-13.6209,8.744715,6.198443,98.47522
L,-0.150282,0.9116886,-0.04232068,-0.2302511,-0.09680939,-0.002502642,7.41425,-10.21375,1.289157,98.50302
L,-0.153038,0.9077689,-0.0422308,-0.06682029,-0.09503619,0.002179292,3.962487,0.0429926,0.1135165,98.54427
L,-0.1579327,0.9014663,-0.047908,-0.1110735,-0.1430218,-0.1288299,-1.004217,-1.088914,-2.972929,98.58833
L,-0.1636431,0.884991,-0.05337587,-0.195118,-0.562944,-0.1868314,-2.87171,-14.34829,-1.981847,98.6176
L,-0.1668162,0.8726197,-0.05509564,-0.108875,-0.4244826,-0.05900892,2.959175,4.750894,4.385849,98.64674
L,-0.1694383,0.8692621,-0.05728896,-0.08940831,-0.1144885,-0.07478744,0.6637703,10.57012,-0.538013,98.67607
L,-0.1730036,0.8801556,-0.06368983,-0.1339755,0.4093566,-0.2405316,-1.674746,19.68504,-6.22833,98.70268
L,-0.1777776,0.8951678,-0.06770806,-0.1608592,0.5058283,-0.1353927,-0.9058338,3.250573,3.542611,98.73236
L,-0.1826733,0.8979723,-0.06895485,-0.1783483,0.1021683,-0.04541938,-0.6371145,-14.70498,3.277651,98.75981
L,-0.1861829,0.8939601,-0.06999435,-0.1310547,-0.1498286,-0.03881766,1.76606,-9.410183,0.2465244,98.78659
L,-0.1867269,0.8939021,-0.06956036,-0.01954463,-0.00208162,0.01559341,4.006536,5.308524,1.95498,98.81442
L,-0.1896575,0.8864454,-0.07033575,-0.1444086,-0.3674313,-0.03820746,-6.152697,-18.00267,-2.651048,98.83472
L,-0.1925018,0.8792397,-0.07148594,-0.0789184,-0.1999282,-0.03191338,1.81709,4.647536,0.1746354,98.87076
L,-0.2029098,0.8864496,-0.06706282,-0.3588099,0.2485555,0.1524848,-9.649117,15.46124,6.357031,98.89977
L,-0.2055486,0.8918618,-0.0657477,-0.09910402,0.2032638,0.0493914,9.753631,-1.700994,-3.87182,98.92639
L,-0.2046183,0.8911489,-0.0650379,0.03364883,-0.02578297,0.02567195,4.801374,-8.284111,-0.8578793,98.95404
L,-0.2017754,0.8919626,-0.06306721,0.1006545,0.02880833,0.06977384,2.372385,1.932845,1.561459,98.98228
L,-0.1999441,0.892234,-0.06190227,0.06579643,0.009750634,0.0418558,-1.252445,-0.6847396,-1.00309,99.01012
L,-0.1992532,0.890816,-0.0622794,0.0254532,-0.05223704,-0.01389296,-1.486191,-2.283544,-2.05371,99.03726
L,-0.1990592,0.8887056,-0.06299836,0.006536693,-0.07110982,-0.02422503,-0.6373844,-0.6359107,-0.3481349,99.06694
L,-0.2001339,0.8868856,-0.06316555,-0.03819609,-0.06467979,-0.005941726,-1.589809,0.2285241,0.6497909,99.09508
L,-0.2024748,0.8842261,-0.06396215,-0.08726458,-0.09914276,-0.02969628,-1.829211,-1.284736,-0.8855394,99.1219
L,-0.2044188,0.8831726,-0.06493686,-0.1464384,-0.07935973,-0.07342403,-4.457486,1.49023,-3.293957,99.13518
L,-0.2053957,0.8826597,-0.06540737,-0.06499643,-0.03412516,-0.03130503,5.418658,3.009638,2.802346,99.15021
L,-0.2066161,0.8823659,-0.06565428,-0.04740988,-0.01141542,-0.009591673,0.6831962,0.8822203,0.843513,99.17595
L,-0.2081373,0.8827425,-0.06555316,-0.09623382,0.02382209,0.006396673,-3.088538,2.229079,1.011402,99.19176
L,-0.2086209,0.8836942,-0.06506629,-0.03150045,0.0619991,0.03171741,4.217064,2.487046,1.649523,99.20711
L,-0.2091688,0.8846713,-0.06456958,-0.02134852,0.03807084,0.0193533,0.3955513,-0.9323199,-0.4817448,99.23277
L,-0.2092456,0.8842012,-0.06511238,-0.006038744,-0.03698511,-0.04270497,1.204491,-5.905002,-4.882414,99.24548
L,-0.2093772,0.8836455,-0.06575143,-0.004691642,-0.01980101,-0.02277371,0.04800633,0.6123854,0.7102855,99.27354
L,-0.2092546,0.8818412,-0.06494763,0.004369839,-0.06430125,0.02864477,0.3229218,-1.585844,1.832388,99.30161
L,-0.2066526,0.8828003,-0.06274419,0.0615393,0.02268473,0.05211288,1.352096,2.057276,0.5550364,99.34389
L,-0.2074832,0.8827178,-0.06044897,-0.03030987,-0.003010161,0.08375274,-3.351574,-0.9376058,1.154538,99.37129
L,-0.2130118,0.8777721,-0.05725357,-0.3921205,-0.3507846,0.2266381,-25.66193,-24.66639,10.13434,99.38539
L,-0.2122144,0.8679483,-0.05452577,0.02899827,-0.3572766,0.0992059,15.31545,-0.2361048,-4.634514,99.41289
L,-0.2094921,0.8447981,-0.04656827,0.1904026,-1.619176,0.5565667,11.289,-88.26023,31.98889,99.42719
L,-0.2075866,0.8327642,-0.04053259,0.06790906,-0.4288506,0.2150921,-4.365272,42.41934,-12.16905,99.45525
L,-0.192018,0.8407551,-0.02132492,0.5770932,0.2962056,0.7119873,18.87437,26.87629,18.41885,99.48222
L,-0.1879023,0.8391788,-0.00453244,0.2546993,-0.09754928,1.039199,-19.95128,-24.36744,20.24945,99.49838
L,-0.1860487,0.8374997,0.003222461,0.1391506,-0.126047,0.5821595,-8.674222,-2.139322,-34.30993,99.5117
L,-0.1844729,0.8356798,0.009420456,0.1206408,-0.1393336,0.4745231,-1.417125,-1.017227,-8.240718,99.52477
L,-0.1757987,0.8384418,0.007993312,0.5008561,0.1594817,-0.08240472,21.954,17.25388,-32.15755,99.54208
L,-0.1697612,0.8501225,0.01853612,0.160322,0.3101718,0.2799567,-9.042642,4.001468,9.622252,99.57974
L,-0.1673048,0.8565333,0.02754031,0.0886977,0.2314803,0.3251234,-2.586211,-2.841391,1.63088,99.60744
L,-0.1750677,0.8496279,0.0296464,-0.4595754,-0.4088083,0.1246834,-32.45856,-37.90601,-11.86634,99.62433
L,-0.1774912,0.8470372,0.03185808,-0.1020097,-0.1090463,0.09309245,15.05037,12.61734,-1.329702,99.64809
L,-0.1979202,0.8416849,0.02272408,-0.7013284,-0.1837452,-0.3135705,-20.57462,-2.564412,-13.96074,99.67722
L,-0.2198073,0.8362579,0.01050391,-0.7846765,-0.1945646,-0.4381076,-2.98813,-0.3878887,-4.464805,99.70511
L,-0.2348433,0.8321618,0.004469215,-0.9261318,-0.2522909,-0.3717012,-8.712799,-3.555593,4.090237,99.72134
L,-0.236337,0.8350172,0.005604847,-0.05758042,0.1100758,0.0437793,33.48317,13.96945,16.01702,99.74728
L,-0.2360895,0.8366905,0.007609284,0.006151196,0.04158519,0.04981523,1.583889,-1.702162,0.1500079,99.78752
L,-0.2391206,0.8415334,0.00746565,-0.1966826,0.3142404,-0.009320008,-13.1613,17.69181,-3.837116,99.80293
L,-0.2377673,0.8477064,0.006815438,0.03345472,0.1526046,-0.01607404,5.689279,-3.995838,-0.166968,99.84338
L,-0.2371663,0.8528823,0.006049143,0.03850406,0.3315845,-0.04909085,0.3234732,11.46591,-2.115142,99.85899
L,-0.2374284,0.8537542,0.005704805,-0.01964969,0.06537382,-0.02581983,-4.3606,-19.96154,1.744954,99.87233
L,-0.2386384,0.8543171,0.005500462,-0.08563694,0.03984291,-0.01446197,-4.67013,-1.806905,0.803832,99.88646
L,-0.2401293,0.8550105,0.005250632,-0.03640533,0.01693048,-0.006100173,1.202102,-0.5594593,0.2041724,99.92741
L,-0.240234,0.8536664,0.00416274,-0.002531708,-0.03251604,-0.02631824,0.8194692,-1.196208,-0.4891145,99.96875
L,-0.2430035,0.8549985,0.002264246,-0.1663665,0.08001905,-0.1140419,-9.8415,6.759944,-5.269529,99.9854
L,-0.2470491,0.8570513,-0.0001381473,-0.1545953,0.0784416,-0.09180365,0.4498195,-0.06027982,0.8497987,100.0116
L,-0.2462349,0.8546417,-0.003264027,0.05390132,-0.1595092,-0.2069269,13.80205,-15.75186,-7.620928,100.0267
L,-0.246001,0.8535579,-0.004860644,0.008738954,-0.04049449,-0.05965558,-1.687435,4.446833,5.502608,100.0534
L,-0.2480889,0.8536699,-0.007381315,-0.07805648,0.004187019,-0.09423543,-3.244852,1.670421,-1.29277,100.0802
L,-0.2525776,0.8544708,-0.01038464,-0.1428019,0.02548165,-0.0955467,-2.059784,0.6774586,-0.04171629,100.1116
L,-0.2557527,0.8536842,-0.01319891,-0.140977,-0.03492865,-0.1249564,0.08102756,-2.682283,-1.305822,100.1341
L,-0.259423,0.8563547,-0.01562786,-0.1321654,0.09616029,-0.08746371,0.3172948,4.720355,1.350065,100.1619
L,-0.2626825,0.8599075,-0.01722142,-0.2188661,0.2385654,-0.1070033,-5.821737,9.562154,-1.312032,100.1768
L,-0.2634127,0.8599537,-0.01753559,-0.02611878,0.00165248,-0.01123873,6.895134,-8.475069,3.425777,100.2048
L,-0.264105,0.8592206,-0.01776924,-0.02572279,-0.02723524,-0.008680694,0.01471196,-1.073235,0.09503603,100.2317
L,-0.265525,0.8586295,-0.01863279,-0.04887736,-0.02034574,-0.02972342,-0.7969843,0.237138,-0.724294,100.2607
L,-0.2660717,0.8579682,-0.02030429,-0.01315688,-0.01591621,-0.04022909,0.8597054,0.1066079,-0.2528462,100.3023
L,-0.2653696,0.856948,-0.02206537,0.02569161,-0.03733075,-0.064441,1.421538,-0.7835975,-0.8859583,100.3296
L,-0.2662229,0.8560323,-0.02384999,-0.03006447,-0.03226437,-0.06288026,-1.964533,0.178511,0.05499176,100.358
L,-0.2668886,0.8557787,-0.02557357,-0.02296464,-0.008747944,-0.05945081,0.2448921,0.8111433,0.1182905,100.387
L,-0.2673616,0.8560044,-0.02722833,-0.01821042,0.008689226,-0.06371683,0.1830624,0.6714232,-0.1642642,100.4129
L,-0.2686638,0.8555312,-0.02930624,-0.07325476,-0.0266195,-0.1168908,-3.096468,-1.98626,-2.99125,100.4307
L,-0.2693954,0.85527,-0.03044151,-0.03027097,-0.01080384,-0.04697064,1.7784,0.6543531,2.892857,100.4549
L,-0.2685317,0.8547455,-0.03128067,0.02957444,-0.01795977,-0.02873315,2.049127,-0.2450215,0.6244578,100.4841
L,-0.2664911,0.8554694,-0.03208617,0.08214402,0.02914091,-0.03242556,2.116216,1.896063,-0.1486402,100.5089
L,-0.265717,0.854864,-0.032807,0.05114155,-0.03999575,-0.04762145,-2.048163,-4.56748,-1.003909,100.5241
L,-0.2653601,0.8545155,-0.03320354,0.02774457,-0.02709353,-0.03082775,-1.818914,1.003037,1.305566,100.5369
L,-0.2650282,0.8541886,-0.03359368,0.01149784,-0.01132441,-0.01351393,-0.5627621,0.5462183,0.5997243,100.5658
L,-0.2647576,0.8544578,-0.03400681,0.00947751,0.009430535,-0.01447071,-0.07076649,0.7269888,-0.03351346,100.5944
L,-0.2646702,0.8547376,-0.0341781,0.003058923,0.00978647,-0.005990174,-0.2244656,0.01244746,0.2965745,100.623
L,-0.2648408,0.8551814,-0.03453102,-0.006319778,0.01643981,-0.01307457,-0.347452,0.2464859,-0.2624549,100.6499
L,-0.2654065,0.8565449,-0.03543154,-0.02005307,0.04832849,-0.03191799,-0.4867631,1.130263,-0.6678866,100.6782
L,-0.2673768,0.8559057,-0.03610586,-0.07382566,-0.02395119,-0.02526709,-2.014889,-2.708359,0.2492128,100.7048
L,-0.2689477,0.8562879,-0.03698483,-0.0574836,0.01398486,-0.03216345,0.5979864,1.38815,-0.2523505,100.7322
L,-0.269335,0.8583321,-0.03789314,-0.02894277,0.152758,-0.06787555,2.132784,10.37017,-2.668675,100.7456
L,-0.2694387,0.8593051,-0.0382538,-0.006840855,0.06421907,-0.0238026,1.458682,-5.84339,2.908726,100.7607
L,-0.2695452,0.8601421,-0.03857264,-0.003787622,0.02974597,-0.01133162,0.1085123,-1.225178,0.4432204,100.7888
L,-0.2688389,0.8614401,-0.03906317,0.0251445,0.04620451,-0.01746196,1.029927,0.5858919,-0.2182279,100.8169
L,-0.2688271,0.8626513,-0.0397888,0.0007615838,0.07836022,-0.04694489,-1.577452,2.080313,-1.907398,100.8324
L,-0.2688522,0.8633109,-0.0401922,-0.001001572,0.02636004,-0.01612013,-0.07045743,-2.077978,1.231788,100.8574
L,-0.2697667,0.8639295,-0.04131828,-0.06210937,0.04200939,-0.07647496,-4.150012,1.062793,-4.098875,100.8721
L,-0.2703474,0.8643252,-0.04202209,-0.02173312,0.0148085,-0.02634223,1.511193,-1.018068,1.876356,100.8989
L,-0.2701703,0.8644084,-0.04149004,0.01244097,0.005844721,0.03737235,2.400464,-0.6296359,4.475455,100.9131
L,-0.2703837,0.8645198,-0.04107972,-0.007837666,0.004092262,0.01506478,-0.7445269,-0.06434126,-0.8190193,100.9403
L,-0.2706738,0.8647845,-0.04031199,-0.02159979,0.01970881,0.05717524,-1.024903,1.163007,3.136081,100.9538
L,-0.2706552,0.8648991,-0.04007272,0.001293118,0.007957329,0.01661061,1.589311,-0.8158314,-2.816147,100.9682
L,-0.2706458,0.8650022,-0.03987621,0.000586872,0.006463068,0.01232431,-0.04429141,-0.0937109,-0.2688107,100.9841
L,-0.2715613,0.8656619,-0.03964886,-0.02267574,0.016341,0.005631012,-0.5761672,0.2446561,-0.1657793,101.0245
L,-0.2722259,0.8666666,-0.03951473,-0.02426445,0.03668176,0.004897094,-0.05800435,0.7426473,-0.02679559,101.0519
L,-0.2734187,0.8682538,-0.03928932,-0.07508931,0.09991895,0.01419064,-3.199671,3.981088,0.5850741,101.0678
L,-0.2740196,0.8690522,-0.03919632,-0.03994002,0.05307112,0.006181017,2.336251,-3.113813,-0.5323722,101.0828
L,-0.2750741,0.8691784,-0.03882944,-0.04330284,0.00518141,0.01506528,-0.1380863,-1.966479,0.3648115,101.1072
L,-0.2758593,0.8694986,-0.03855915,-0.05623506,0.02292947,0.01935915,-0.9262578,1.271188,0.3075443,101.1211
L,-0.2753183,0.869855,-0.03873714,0.03520474,0.02320088,-0.01158395,5.950942,0.01766286,-2.013791,101.1365
L,-0.2744638,0.8704208,-0.039027,0.030686,0.02031464,-0.01040882,-0.1622684,-0.1036451,0.04219917,101.1643
L,-0.2745695,0.8702546,-0.03902176,-0.008344315,-0.01311653,0.0004135683,-3.081796,-2.639693,0.8545253,101.177
L,-0.2743603,0.8705299,-0.03893374,0.01563168,0.02056906,0.006578156,1.791666,2.517239,0.4606641,101.1904
L,-0.2739324,0.8711032,-0.03876086,0.02870114,0.03845877,0.01159655,0.8766839,1.200021,0.3366282,101.2053
L,-0.2733729,0.8718632,-0.03853671,0.04274111,0.05804742,0.01712086,1.072405,1.496226,0.421959,101.2184
L,-0.2719062,0.8716806,-0.03818532,0.05142811,-0.006401735,0.0123212,0.3046074,-2.259893,-0.1682988,101.2469
L,-0.270431,0.8699645,-0.03632321,0.1089919,-0.1267968,0.1375822,4.253098,-8.895389,9.254909,101.2604
L,-0.2695959,0.8689902,-0.03523531,0.03057568,-0.03566908,0.03983065,-2.870996,3.336394,-3.578907,101.2878
L,-0.2691248,0.8691831,-0.03442191,0.03239564,0.01325994,0.05593561,0.1251552,3.364756,1.107507,101.3023
L,-0.2689001,0.8692638,-0.03402669,0.008237425,0.002958089,0.01448636,-0.885477,-0.3775961,-1.51925,101.3296
L,-0.2674975,0.8696885,-0.03190904,0.09275471,0.02808479,0.1400426,5.589228,1.661659,8.303183,101.3447
L,-0.266662,0.8699218,-0.03063372,0.06329931,0.01767973,0.09662366,-2.231664,-0.7883308,-3.2896,101.3579
L,-0.2659515,0.8701099,-0.02954582,0.0490648,0.01298653,0.07512791,-0.9830061,-0.3241028,-1.484453,101.3724
L,-0.2652983,0.8702744,-0.02854128,0.04539825,0.01143707,0.06981309,-0.254816,-0.1076835,-0.3693659,101.3868
L,-0.2649464,0.8708522,-0.02840689,0.01234505,0.02026942,0.004714868,-1.159622,0.3098699,-2.283874,101.4153
L,-0.2590248,0.8722711,-0.01927338,0.2127643,0.05098042,0.3281653,7.201028,1.103441,11.62152,101.4431
L,-0.2512151,0.8750591,-0.01066274,0.6188785,0.2209417,0.682354,32.18271,13.46866,28.06785,101.4557
L,-0.2460122,0.8771504,-0.006106894,0.4209623,0.1691985,0.3686075,-16.01313,-4.186469,-25.3848,101.4681
L,-0.2422443,0.8786111,-0.002605715,0.1359772,0.05271501,0.1263509,-10.28457,-4.203668,-8.742582,101.4958
L,-0.2483627,0.8743898,0.0101249,-0.4288498,-0.2958765,0.8923137,-39.58984,-24.43347,53.68785,101.5101
L,-0.2498918,0.8730237,0.01628572,-0.05515294,-0.04927206,0.2222103,13.47859,8.894589,-24.16945,101.5378
L,-0.2453266,0.8875049,0.03475264,0.3365395,1.067531,1.361359,28.87509,82.32938,83.97665,101.5513
L,-0.2396219,0.8846946,0.04342221,0.3814932,-0.1879345,0.5797637,3.006208,-83.95734,-52.26798,101.5663
L,-0.235571,0.8827541,0.05011363,0.09721034,-0.04656605,0.1605746,-6.821955,3.392428,-10.05931,101.608
L,-0.2734993,0.8986056,0.1039059,-2.43932,1.019474,3.459601,-163.1345,68.56132,212.1737,101.6235
L,-0.2834505,0.9044235,0.1372069,-0.3858959,0.2256125,1.291369,79.6291,-30.78491,-84.08119,101.6493
L,-0.3108149,0.9115545,0.1920955,-1.645278,0.428745,3.300161,-75.72009,12.21329,120.7782,101.6659
L,-0.3212841,0.9150845,0.2256361,-0.4155732,0.1401258,1.331384,48.81282,-11.45666,-78.1501,101.6911
L,-0.3278234,0.910952,0.2645569,-0.4333232,-0.2738404,2.579086,-1.176204,-27.43143,82.67888,101.7062
L,-0.3325634,0.9102397,0.2896805,-0.1783241,-0.02679885,0.9451791,9.593353,9.29398,-61.46941,101.7328
L,-0.3402312,0.8993938,0.2939941,-0.2260529,-0.3197467,0.1271693,-1.407087,-8.63636,-24.11565,101.7667
L,-0.3420373,0.8946858,0.2748598,-0.05047641,-0.1315748,-0.534749,4.906857,5.258862,-18.49871,101.8025
L,-0.3382962,0.8942188,0.2558045,0.2760988,-0.03446562,-1.406318,24.10184,7.166834,-64.32338,101.8161
L,-0.3340324,0.8953666,0.251401,0.2758495,0.07425731,-0.2848825,-0.01613208,7.033826,72.55125,101.8315
L,-0.3321702,0.8959894,0.2496495,0.07128336,0.02384136,-0.06704912,-7.830868,-1.929942,8.338741,101.8576
L,-0.3203855,0.900434,0.2436452,0.70275,0.2650385,-0.3580475,37.65587,14.38316,-17.35293,101.8744
L,-0.3160723,0.9021183,0.242269,0.1566049,0.06115391,-0.04996808,-19.82945,-7.402649,11.18576,101.9019
L,-0.3175299,0.9038165,0.2356445,-0.05914764,0.06891205,-0.2688201,-8.755145,0.314822,-8.880921,101.9266
L,-0.3201929,0.9029661,0.2326341,-0.1748771,-0.05583824,-0.1976844,-7.599645,-8.192019,4.671292,101.9418
L,-0.3211719,0.9027146,0.2314323,-0.06811057,-0.01749934,-0.08360702,7.427867,2.66728,7.936494,101.9562
L,-0.3229856,0.9016656,0.2319787,-0.06110922,-0.03534704,0.01840858,0.2359079,-0.6013714,3.437375,101.9859
L,-0.324452,0.9017893,0.2317162,-0.0633954,0.005349192,-0.01134835,-0.09883057,1.75928,-1.286379,102.009
L,-0.3263469,0.9021886,0.2307645,-0.1171543,0.02468676,-0.05883789,-3.323722,1.195573,-2.936108,102.0252
L,-0.3278598,0.9025931,0.2297607,-0.1176161,0.03144925,-0.07803696,-0.03590054,0.5257252,-1.492562,102.038
L,-0.3291731,0.902972,0.2288623,-0.1147578,0.03310417,-0.0785,0.249763,0.1446087,-0.04046159,102.0495
L,-0.3302772,0.9028323,0.229609,-0.05940354,-0.007517447,0.04017376,2.978405,-2.185696,6.385389,102.0681
L,-0.33138,0.902721,0.230305,-0.04505947,-0.004544303,0.02843842,0.5860679,0.1214763,-0.4794807,102.0925
L,-0.3316007,0.9027718,0.2300507,-0.007691988,0.001770279,-0.00886594,1.302615,0.2201237,-1.300414,102.1212
L,-0.3317493,0.9029139,0.2296304,-0.005534224,0.005288974,-0.01564941,0.08034728,0.1310234,-0.2525919,102.1481
L,-0.3306879,0.9049253,0.2278504,0.07560504,0.1432872,-0.126796,5.779938,9.830274,-7.917504,102.1621
L,-0.3299775,0.9063218,0.226657,0.02621432,0.05153127,-0.04403879,-1.822562,-3.385876,3.053817,102.1892
L,-0.3302483,0.9062536,0.22694,-0.01836665,-0.004630079,0.01919865,-3.024492,-3.810134,4.290196,102.204
L,-0.3304161,0.9062209,0.2271061,-0.005560185,-0.001082217,0.00550489,0.4243097,0.1175494,-0.453708,102.2341
L,-0.3304654,0.9066637,0.2270578,-0.001969788,0.01768167,-0.001929916,0.1433884,0.7493665,-0.296921,102.2592
L,-0.3301791,0.908325,0.2263726,0.01952719,0.1132934,-0.0467307,1.466,6.520305,-3.055218,102.2738
L,-0.3299689,0.9094692,0.2258817,0.007668952,0.04175294,-0.01791144,-0.4327067,-2.610512,1.051614,102.3013
L,-0.3291986,0.91408,0.2252214,0.05776021,0.3457389,-0.04951418,3.756042,22.79408,-2.369699,102.3146
L,-0.3288012,0.9164165,0.2248549,0.01396406,0.08210246,-0.01287911,-1.538994,-9.26417,1.287354,102.343
L,-0.321643,0.9270325,0.2212662,0.4033732,0.5982239,-0.2022265,21.94352,29.08386,-10.66988,102.3608
L,-0.3167558,0.9321231,0.218477,0.1267444,0.1320195,-0.07233518,-7.174177,-12.09069,3.368643,102.3994
L,-0.3117231,0.934568,0.2091534,0.1762844,0.08563895,-0.3265816,1.735249,-1.624584,-8.905555,102.4279
L,-0.3077634,0.9362134,0.204344,0.1404231,0.05835067,-0.1705544,-1.271755,-0.9677299,5.533224,102.4561
L,-0.3080575,0.9361273,0.2042969,-0.01092311,-0.003195822,-0.00175062,-5.619619,-2.285275,6.267833,102.483
L,-0.3056191,0.9360293,0.1991703,0.2067356,-0.00830773,-0.4346411,18.45341,-0.4333946,-36.70105,102.4948
L,-0.3037567,0.9362148,0.1957535,0.06618806,0.006592326,-0.1214316,-4.995079,0.52955,11.1315,102.523
L,-0.2995798,0.9328086,0.1886555,0.2597156,-0.2117936,-0.4413442,12.03323,-13.57888,-19.89164,102.539
L,-0.2974983,0.9316542,0.1854312,0.0800552,-0.04439691,-0.1240062,-6.909755,6.438093,12.20485,102.565
L,-0.2959724,0.9230458,0.1758106,0.05040323,-0.2843569,-0.3177889,-0.9794716,-7.92642,-6.401079,102.5953
L,-0.2946443,0.9169629,0.1613196,0.03336183,-0.1527974,-0.3640044,-0.4280663,3.30467,-1.160897,102.6351
L,-0.2960383,0.9099324,0.1415177,-0.04870007,-0.2456003,-0.6917576,-2.866742,-3.241966,-11.4497,102.6638
L,-0.3003118,0.9021225,0.1291132,-0.1613275,-0.2948341,-0.4682814,-4.251813,-1.858634,8.436484,102.6902
L,-0.305256,0.8939839,0.118912,-0.3624445,-0.596612,-0.7478186,-14.74319,-22.12228,-20.49189,102.7039
L,-0.3071109,0.8902911,0.1135339,-0.06507733,-0.1295566,-0.1886812,10.43268,16.38594,19.6165,102.7324
L,-0.2877198,0.8799226,0.08193407,1.242243,-0.6642343,-2.024366,83.75027,-34.25283,-117.5987,102.748
L,-0.2799418,0.8752018,0.06987952,0.4290743,-0.2604232,-0.6649889,-44.85843,22.27623,74.99003,102.7661
L,-0.2807411,0.8656027,0.06725169,-0.02112983,-0.253766,-0.06947067,-11.90181,0.175994,15.7434,102.804
L,-0.2760776,0.8471231,0.03649261,0.1862431,-0.7380099,-1.228414,8.281776,-19.33907,-46.28427,102.829
L,-0.2685029,0.8395231,0.01673568,0.5044918,-0.506173,-1.315844,21.19588,15.44071,-5.822972,102.844
L,-0.2650132,0.8354636,0.006977519,0.2207503,-0.2567982,-0.6172887,-17.94912,15.77512,44.18966,102.8598
L,-0.2569058,0.8297341,0.001865197,0.6811874,-0.4813952,-0.4295398,38.68616,-18.87076,15.77476,102.8717
L,-0.25732,0.8188947,-0.003380135,-0.03081326,-0.8063236,-0.3901908,-52.96444,-24.17083,2.9271,102.8852
L,-0.256947,0.8099426,-0.009524734,0.02579238,-0.6188686,-0.424781,3.913193,12.95891,-2.391247,102.8996
L,-0.2559997,0.8020536,-0.01622579,0.06732985,-0.5607545,-0.4763131,2.952495,4.13077,-3.662916,102.9137
L,-0.2546952,0.7948202,-0.02327911,0.09065773,-0.5027008,-0.4901865,1.621225,4.034576,-0.9641603,102.9281
L,-0.261628,0.7922689,-0.02568995,-0.4626738,-0.170268,-0.1608929,-36.92784,22.18566,21.97615,102.9431
L,-0.2641275,0.792652,-0.0302891,-0.1945424,0.02982111,-0.3579695,20.86967,15.57368,-15.3392,102.9559
L,-0.2655899,0.7914621,-0.03562253,-0.1114462,-0.0906795,-0.406432,6.332314,-9.182708,-3.693069,102.969
L,-0.2664059,0.7892632,-0.04143655,-0.06022136,-0.1622765,-0.4290854,3.780488,-5.28399,-1.671864,102.9826
L,-0.2668158,0.7864442,-0.04753011,-0.02981713,-0.2050499,-0.4432271,2.211511,-3.111208,-1.028627,102.9963
L,-0.2643141,0.7853785,-0.05258316,0.0884321,-0.03767193,-0.1786173,4.179925,5.916551,9.353543,103.0246
L,-0.2601804,0.7784255,-0.05262928,0.294788,-0.4958345,-0.003288859,14.71571,-32.67262,12.50307,103.0387
L,-0.2578696,0.776554,-0.05209531,0.1699613,-0.1376482,0.03927568,-9.181413,26.34579,3.130762,103.0522
L,-0.2558326,0.7743161,-0.05267854,0.1455813,-0.1599433,-0.04168255,-1.742389,-1.59338,-5.785909,103.0662
L,-0.2538159,0.7716597,-0.05407305,0.1418069,-0.1867875,-0.09805835,-0.2654039,-1.887622,-3.964211,103.0805
L,-0.2514524,0.771634,-0.05203297,0.1555186,-0.001690355,0.1342357,0.9022143,12.17924,15.28476,103.0957
L,-0.2491662,0.7710772,-0.05085577,0.08561607,-0.02085491,0.04408496,-2.617788,-0.7176961,-3.376067,103.1224
L,-0.249175,0.774259,-0.05086102,-0.0006166655,0.224702,-0.0003706834,-6.089815,17.3414,-3.139488,103.1365
L,-0.2512424,0.7760726,-0.05001008,-0.07146212,0.06268954,0.02941315,-2.448802,-5.600025,1.02949,103.1655
L,-0.2619804,0.7813163,-0.05481869,-0.3942457,0.1925223,-0.1765475,-11.85095,4.76679,-7.561812,103.1927
L,-0.268043,0.7892978,-0.06440327,-0.4893083,0.6441801,-0.773565,-7.672448,36.45301,-48.1849,103.2051
L,-0.2675382,0.7937514,-0.06901614,0.03538185,0.3121574,-0.3233258,36.77657,-23.27212,31.55816,103.2193
L,-0.2674535,0.7966774,-0.0727491,0.005202847,0.1795485,-0.2290665,-1.851883,-8.13732,5.784056,103.2356
L,-0.2675744,0.7990065,-0.07609005,-0.004800594,0.0924558,-0.1326182,-0.3970839,-3.457122,3.828491,103.2608
L,-0.271448,0.8031127,-0.0739096,-0.2833252,0.3003409,0.1594849,-20.37209,15.20531,21.36525,103.2745
L,-0.2715181,0.8032765,-0.07373288,-0.004944833,0.01155476,0.01246615,19.63825,-20.37233,-10.37139,103.2887
L,-0.2715738,0.8034076,-0.07374609,-0.004004763,0.009418689,-0.0009492573,0.0675531,-0.1534975,-0.9640265,103.3026
L,-0.2716531,0.8035904,-0.07384173,-0.005901497,0.01359872,-0.007114164,-0.1410946,0.3109447,-0.4585963,103.316
L,-0.2718072,0.8039418,-0.07410317,-0.009832188,0.02242575,-0.01668334,-0.2508293,0.5632802,-0.6106382,103.3317
L,-0.2738192,0.8046851,-0.07486157,-0.06910869,0.02552984,-0.0260496,-2.03603,0.1066192,-0.3217124,103.3608
L,-0.2785691,0.801174,-0.0773561,-0.1869592,-0.1381991,-0.09818705,-4.63871,-6.44453,-2.8394,103.3862
L,-0.278372,0.8018815,-0.08100348,0.006935009,0.02488636,-0.1283063,6.820747,5.736968,-1.059525,103.4147
L,-0.2734196,0.8093445,-0.08806633,0.1833653,0.2763242,-0.2615091,6.532507,9.309732,-4.931964,103.4417
L,-0.2699878,0.8149949,-0.09372842,0.251573,0.4142111,-0.415068,5.000064,10.10801,-11.25686,103.4553
L,-0.2704823,0.8186581,-0.0998781,-0.0333741,0.2472443,-0.4150617,-19.23202,-11.26914,0.0004264289,103.4701
L,-0.2707405,0.8216505,-0.104822,-0.01956512,0.226716,-0.3745738,1.046226,-1.555306,3.067528,103.4833
L,-0.2685825,0.8225353,-0.1051396,0.1574963,0.06457058,-0.02317596,12.92193,-11.83337,25.645,103.497
L,-0.2668321,0.8235295,-0.1058397,0.1154014,0.06555348,-0.0461583,-2.775381,0.06480435,-1.515262,103.5122
L,-0.2651828,0.8247217,-0.1068771,0.1261304,0.09116559,-0.07932947,0.8204623,1.958594,-2.536646,103.5253
L,-0.2648553,0.8254433,-0.1064589,0.02219332,0.0489069,0.02834404,-7.044075,-2.863977,7.297302,103.54
L,-0.2626408,0.8259426,-0.103849,0.08331054,0.01878229,0.09818462,2.299299,-1.133322,2.627481,103.5666
L,-0.2582007,0.8263506,-0.09595407,0.2833401,0.02603533,0.5038012,12.76449,0.4628384,25.88363,103.5823
L,-0.2560545,0.8262807,-0.09054946,0.07100166,-0.002312989,0.1787967,-7.024639,-0.9378269,-10.75189,103.6125
L,-0.249919,0.8227869,-0.08018855,0.533277,-0.3036721,0.9005473,40.17994,-26.19346,62.73296,103.624
L,-0.2471221,0.8217792,-0.07597336,0.2257411,-0.08132889,0.3402052,-24.82102,17.94518,-45.22486,103.6364
L,-0.2450116,0.8212161,-0.07309268,0.1577132,-0.04207793,0.2152663,-5.083555,2.933125,-9.336364,103.6498
L,-0.2430858,0.8208271,-0.0706072,0.1238528,-0.0250207,0.159851,-2.177694,1.097019,-3.563982,103.6653
L,-0.2348496,0.8225343,-0.06670176,0.3141837,0.06512614,0.1489795,7.26049,3.438803,-0.4147122,103.6915
L,-0.2313431,0.8212929,-0.06653623,0.248166,-0.0878611,0.01171506,-4.672281,-10.8274,-9.714646,103.7057
L,-0.2217471,0.8228869,-0.06100101,0.3480286,0.05781337,0.2007506,3.6218,5.283299,6.855912,103.7332
L,-0.2062996,0.8251599,-0.05515406,1.080429,0.1589765,0.4089496,51.22584,7.075586,14.56193,103.7475
L,-0.1973563,0.8262134,-0.05333386,0.5608711,0.06606983,0.1141517,-32.58351,-5.826534,-18.48792,103.7635
L,-0.1905553,0.8270094,-0.0515201,0.2226314,0.02605793,0.05937397,-11.07237,-1.3098,-1.793165,103.794
L,-0.1827929,0.8233495,-0.04393477,0.3384676,-0.1595871,0.3307466,5.05086,-8.094765,11.83278,103.817
L,-0.1754751,0.8219667,-0.0341163,0.5412879,-0.1022811,0.7262566,15.00229,4.238827,29.25525,103.8305
L,-0.1710276,0.8214926,-0.02934955,0.2983353,-0.03180175,0.3197475,-16.29697,4.727674,-27.26815,103.8454
L,-0.1674545,0.8343815,-0.01589242,0.132,0.4761463,0.4971402,-6.144845,18.76487,6.553331,103.8725
L,-0.1600791,0.7707326,0.006733809,0.572016,-4.936437,1.754831,34.1265,-419.7858,97.54325,103.8854
L,-0.1555986,0.7512017,0.01818036,0.2993199,-1.304771,0.76469,-18.21754,242.6145,-66.1467,103.9003
L,-0.1515169,0.7337883,0.02700036,0.1419088,-0.6054149,0.3066461,-5.472729,24.31459,-15.92486,103.9291
L,-0.1600319,0.7857859,0.003236786,-0.5648189,3.449104,-1.576285,-46.87865,268.9443,-124.8986,103.9442
L,-0.138091,0.8212726,0.002694225,1.815555,2.936435,-0.0448955,196.97,-42.42209,126.7186,103.9563
L,-0.1205119,0.8431679,0.003359016,1.062792,1.32374,0.04019165,-45.51023,-97.49963,5.144162,103.9728
L,-0.1062606,0.8594468,0.004584746,0.5539571,0.6327708,0.04764497,-19.77878,-26.85844,0.2897159,103.9985
L,-0.1004101,0.8578641,0.01623448,0.2239568,-0.06058338,0.4459563,-12.63253,-26.54185,15.24751,104.0246
L,-0.09883748,0.8456445,0.03087309,0.1030659,-0.8008281,0.9593556,-7.922706,-48.51268,33.64614,104.0399
L,-0.1201148,0.8618736,0.05133793,-0.7991001,0.6095093,0.7685866,-33.88215,52.96726,-7.164604,104.0665
L,-0.1184948,0.9014454,0.08065048,0.09987579,2.439679,1.807175,55.4236,112.8335,64.03099,104.0827
L,-0.1006395,0.9399286,0.09794207,1.460877,3.148603,1.414759,111.354,58.00256,-32.10664,104.095
L,-0.08913509,0.9638391,0.1106505,0.418399,0.8695872,0.4621867,-37.91334,-82.88435,-34.6436,104.1225
L,-0.06765884,0.9963934,0.1421021,1.653898,2.507028,2.422106,95.1465,126.1002,150.9345,104.1355
L,-0.05658334,1.015757,0.1599985,0.7222331,1.262675,1.167023,-60.75383,-81.14418,-81.84385,104.1508
L,-0.03775121,1.026752,0.1966769,0.6953142,0.4059507,1.354229,-0.9938908,-31.63171,6.911937,104.1779
L,-0.0005281172,1.048968,0.2535598,2.800749,1.671606,4.279999,158.4177,95.23075,220.1415,104.1912
L,0.01990674,1.063592,0.2882724,1.186199,0.8488845,2.01499,-93.72114,-47.75719,-131.4788,104.2084
L,0.03272109,1.070062,0.3114401,0.4826445,0.2437141,0.8725945,-26.49893,-22.79336,-43.0276,104.2349
L,0.0331324,1.068897,0.3379041,0.01590299,-0.045059,1.023213,-18.04624,-11.16521,5.82355,104.2608
L,0.02035543,1.056133,0.3369485,-0.4220522,-0.421623,-0.03156502,-14.46665,-12.43876,-34.84169,104.2911
L,0.02052524,1.045345,0.3216081,0.0065044,-0.4132269,-0.5875801,16.41489,0.3215933,-21.29691,104.3172
L,0.0300012,1.041913,0.2805499,0.3436727,-0.1244423,-1.489093,12.22837,10.4736,-32.69593,104.3448
L,0.04018049,1.044042,0.2464222,0.3580836,0.07489181,-1.20053,0.5069413,7.012109,10.15098,104.3732
L,0.03424414,1.034079,0.2000756,-0.2135262,-0.3583674,-1.667057,-20.56038,-15.58401,-16.78063,104.401
L,0.006626312,1.001411,0.160401,-2.049787,-2.424609,-2.944634,-136.2867,-153.3558,-94.82146,104.4145
L,-0.006443083,0.9858559,0.1441491,-0.5799024,-0.6902029,-0.7211137,65.22028,76.95737,98.65989,104.437
L,-0.01689358,0.9723894,0.1287505,-0.3079512,-0.3968269,-0.4537604,8.013755,8.645095,7.878269,104.4709
L,-0.04213107,0.9255671,0.07710899,-0.92763,-1.721002,-1.898136,-22.77693,-48.67143,-53.08951,104.4981
L,-0.05419097,0.900668,0.04994789,-0.9320253,-1.924275,-2.099092,-0.3396779,-15.70953,-15.53045,104.5111
L,-0.06091788,0.8837994,0.03580329,-0.4909295,-1.231069,-1.032272,32.19115,50.59013,77.85641,104.5248
L,-0.06696952,0.8689955,0.0218639,-0.4063531,-0.9940486,-0.9359954,5.679103,15.91534,6.464768,104.5397
L,-0.07280804,0.8552049,0.007997557,-0.3861083,-0.9119852,-0.9169979,1.338811,5.426948,1.256326,104.5548
L,-0.07536582,0.848896,-0.0001813681,-0.09235618,-0.2278022,-0.2953245,10.6068,24.70447,22.44738,104.5825
L,-0.0765488,0.8374057,0.002732948,-0.046175,-0.4484999,0.1137538,1.802579,-8.614439,15.96745,104.6081
L,-0.08164338,0.8223118,-0.002896519,-0.3518213,-1.042351,-0.3887595,-21.10731,-41.01017,-34.70254,104.6226
L,-0.08514203,0.8139841,-0.007202988,-0.2632464,-0.6265966,-0.3240283,6.664576,31.28233,4.870515,104.6359
L,-0.08856277,0.8055694,-0.01243521,-0.2359807,-0.5804893,-0.360946,1.880932,3.18072,-2.546772,104.6504
L,-0.08409099,0.8101599,-0.01713765,0.3326481,0.3414798,-0.3498061,42.29927,68.58363,0.828677,104.6638
L,-0.08134314,0.8115388,-0.02293985,0.1711811,0.08589666,-0.3614574,-10.05884,-15.92196,-0.7258366,104.6799
L,-0.07378409,0.8174931,-0.0186938,0.1856785,0.1462618,0.1042988,0.3561093,1.482793,11.4407,104.7206
L,-0.08825845,0.7898564,-0.01220034,-0.8783253,-1.677036,0.3940329,-64.56532,-110.6404,17.5815,104.7371
L,-0.09321158,0.7845177,-0.01340784,-0.1387808,-0.1495848,-0.03383276,20.72116,42.79737,-11.98829,104.7728
L,-0.09388277,0.8004873,-0.0144972,-0.01808689,0.430338,-0.02935538,3.252385,15.62739,0.1206537,104.8099
L,-0.09569236,0.8023508,-0.01420445,-0.1075188,0.1107208,0.01739369,-5.3137,-18.99042,2.777649,104.8267
L,-0.09748432,0.7918499,-0.01545171,-0.06590235,-0.3861861,-0.0458697,1.530515,-18.27457,-2.326616,104.8539
L,-0.1071248,0.7875357,-0.02435478,-0.6742799,-0.3017443,-0.6227022,-42.55137,5.906063,-40.34503,104.8682
L,-0.1112537,0.7847824,-0.02812072,-0.293484,-0.1957107,-0.2676838,27.06707,7.536889,25.2348,104.8822
L,-0.1149727,0.7850145,-0.02710057,-0.2502291,0.01562099,0.06864124,2.910427,14.21955,22.62977,104.8971
L,-0.118328,0.7845719,-0.02679946,-0.1196377,-0.01578227,0.01073614,4.656387,-1.119719,-2.064672,104.9252
L,-0.1265289,0.7937366,-0.03218073,-0.3031337,0.3387598,-0.1989096,-6.782626,13.10506,-7.749205,104.9522
L,-0.1299234,0.8045542,-0.03799381,-0.205034,0.6533986,-0.351121,5.925401,19.00477,-9.193852,104.9688
L,-0.1319651,0.8081484,-0.04062009,-0.05152354,0.09070262,-0.06627473,3.873879,-14.19979,7.188173,105.0084
L,-0.1387582,0.8296935,-0.03721856,-0.2363022,0.7494568,0.118324,-6.427629,22.91513,6.42137,105.0371
L,-0.1425272,0.8158169,-0.03491438,-0.2735338,-1.007103,0.1672282,-2.702112,-127.4838,3.549268,105.0509
L,-0.1431949,0.8124114,-0.03610165,-0.05094269,-0.2598179,-0.090581,16.98222,57.0129,-19.66913,105.064
L,-0.1440208,0.8101725,-0.03705662,-0.05562994,-0.1508021,-0.06432164,-0.315708,7.342713,1.768688,105.0789
L,-0.1440125,0.8104247,-0.037131,0.0005924973,0.01790611,-0.005280897,3.991976,11.97883,4.192085,105.093
L,-0.1440713,0.8105505,-0.03720734,-0.003996316,0.008545175,-0.005184636,-0.3116399,-0.635729,0.00653734,105.1077
L,-0.1441937,0.8106535,-0.03731983,-0.004585209,0.003859348,-0.00421502,-0.02206615,-0.1755805,0.03633204,105.1344
L,-0.145966,0.8131398,-0.04079474,-0.06319337,0.08865147,-0.123902,-2.089741,3.02336,-4.267578,105.1624
L,-0.1498889,0.8168442,-0.04571126,-0.2853427,0.2694446,-0.3576124,-16.15846,13.15034,-16.99938,105.1762
L,-0.1517758,0.818276,-0.04784806,-0.06820748,0.05175943,-0.07724068,7.848964,-7.868843,10.13483,105.2038
L,-0.1640161,0.8122094,-0.06024925,-0.8127404,-0.4028187,-0.8234292,-49.43638,-30.18362,-49.54631,105.2189
L,-0.1717625,0.8082212,-0.06689255,-0.5524188,-0.2844124,-0.4737489,18.56414,8.443823,24.9365,105.2329
L,-0.1778733,0.805384,-0.072095,-0.4667525,-0.2167058,-0.397375,6.543386,5.171585,5.833611,105.246
L,-0.1870211,0.8000595,-0.07812793,-0.678952,-0.395186,-0.4477622,-15.74939,-13.24675,-3.739721,105.2595
L,-0.1945689,0.7958881,-0.08331633,-0.5459739,-0.3017427,-0.3753056,9.619046,6.759268,5.241187,105.2733
L,-0.201174,0.7924234,-0.08799101,-0.4629596,-0.2428434,-0.3276576,5.818639,4.128369,3.339741,105.2876
L,-0.2077727,0.7893946,-0.08745262,-0.2268904,-0.1041448,0.0185119,8.117013,4.76902,11.90271,105.3167
L,-0.2114806,0.7926077,-0.07994053,-0.1251297,0.1084336,0.253508,3.434082,7.173811,7.930331,105.3463
L,-0.2149213,0.7946709,-0.0736988,-0.1360846,0.08159984,0.2468664,-0.4332755,-1.061304,-0.2626812,105.3716
L,-0.2155292,0.7967677,-0.06788878,-0.04137056,0.1426978,0.3953952,6.44567,4.157959,10.10798,105.3863
L,-0.2152959,0.7976202,-0.06607185,0.00879187,0.03212604,0.06847281,1.890423,-4.16701,-12.32041,105.4128
L,-0.2146772,0.8003172,-0.06208539,0.04277715,0.1864451,0.2755871,2.349429,10.6682,14.31798,105.4273
L,-0.2149597,0.8014528,-0.06028576,-0.0171759,0.06904061,0.1094069,-3.644789,-7.137499,-10.10277,105.4437
L,-0.2154799,0.8022907,-0.0588993,-0.02112497,0.03402116,0.05629695,-0.1603507,-1.421955,-2.156515,105.4683
L,-0.2157929,0.802956,-0.05373267,-0.02076184,0.04413509,0.3427126,0.02408727,0.6708769,18.99852,105.4834
L,-0.212545,0.8079582,-0.04975015,0.2313689,0.3563307,0.2836943,17.96048,22.23918,-4.204157,105.4975
L,-0.2101887,0.8120809,-0.04651303,0.09009501,0.1576334,0.1237733,-5.401706,-7.597332,-6.114693,105.5236
L,-0.20822,0.8130195,-0.0426725,0.1204628,0.05743391,0.2350078,1.858246,-6.131346,6.806595,105.5399
L,-0.2075732,0.8136122,-0.04084301,0.04940518,0.04527244,0.1397406,-5.427541,-0.9289212,-7.276725,105.553
L,-0.2050614,0.8207671,-0.04140494,0.1992885,0.5676784,-0.04458433,11.89195,41.44843,-14.6246,105.5656
L,-0.2029186,0.8272132,-0.04150642,0.07840854,0.2358734,-0.003713636,-4.423221,-12.14136,1.495534,105.593
L,-0.1980235,0.8273615,-0.03441917,0.3445881,0.01043904,0.4988939,18.73721,-15.86903,35.38012,105.6072
L,-0.1958384,0.8279788,-0.03102418,0.1539776,0.04350219,0.2392409,-13.43209,2.329921,-18.29744,105.6214
L,-0.1919712,0.8289055,-0.03385289,0.2618227,0.06273809,-0.1915108,7.301375,1.302318,-29.16296,105.6361
L,-0.1881873,0.830086,-0.03609368,0.2698362,0.08418628,-0.1597957,0.5714644,1.529519,2.261673,105.6502
L,-0.1839641,0.8323586,-0.03634549,0.3075249,0.1654861,-0.01833632,2.74441,5.920073,10.30076,105.6639
L,-0.1804265,0.8344086,-0.03628959,0.2503649,0.1450881,0.003956344,-4.045401,-1.443635,1.577723,105.678
L,-0.1774238,0.8362556,-0.03604861,0.1056838,0.06500487,0.008481723,-5.092278,-2.818654,0.1592778,105.7064
L,-0.1755267,0.8366299,-0.03603514,0.1338301,0.02640608,0.0009502826,1.98557,-2.722939,-0.531303,105.7206
L,-0.1753676,0.8370007,-0.03537314,0.01186207,0.02765038,0.04935696,-9.093622,0.09277205,3.609078,105.734
L,-0.1750271,0.8375499,-0.03457267,0.02341905,0.03776725,0.05504692,0.7947519,0.6957174,0.3912883,105.7486
L,-0.1753997,0.8375507,-0.03410436,-0.0150166,3.123078E-05,0.0188751,-1.549151,-1.520952,-1.457907,105.7734
L,-0.1757443,0.837491,-0.03291344,-0.01215108,-0.002105467,0.04198418,0.1010191,-0.07532576,0.8146726,105.8017
L,-0.1755302,0.8373702,-0.03128434,0.01585783,-0.008946857,0.1206377,2.074116,-0.5066185,5.824452,105.8152
L,-0.1744263,0.8370212,-0.03083696,0.03940185,-0.0124549,0.01596927,0.8404036,-0.1252194,-3.73614,105.8433
L,-0.1714932,0.8348688,-0.03072155,0.1899453,-0.1393898,0.007473791,9.749025,-8.220165,-0.5501578,105.8587
L,-0.1695206,0.8328483,-0.03108992,0.07357734,-0.07536373,-0.01374038,-4.340517,2.38817,-0.7912873,105.8855
L,-0.168597,0.8331832,-0.0307597,0.06351653,0.02303171,0.02270879,-0.6918633,6.766467,2.50654,105.9001
L,-0.1680905,0.8333539,-0.03058069,0.01933162,0.00651345,0.006832525,-1.686489,-0.6304838,-0.6059796,105.9263
L,-0.169441,0.8342295,-0.03097936,-0.09693426,0.06285512,-0.02861686,-8.345675,4.044258,-2.54459,105.9402
L,-0.1707888,0.8351808,-0.03138011,-0.08940489,0.06310096,-0.02658254,0.4994381,0.01630751,0.1349407,105.9553
L,-0.1653337,0.8383244,-0.02356728,0.2035888,0.1173232,0.2915843,10.93487,2.023638,11.87436,105.9821
L,-0.1709639,0.8336655,-0.01926532,-0.4108849,-0.340009,0.3139568,-44.84426,-33.37609,1.632743,105.9958
L,-0.1735613,0.8314736,-0.01701991,-0.1690413,-0.1426499,0.1461319,15.73928,12.84422,-10.92212,106.0111
L,-0.1754617,0.8298502,-0.01529146,-0.07141561,-0.0610038,0.0649519,3.668577,3.068095,-3.050579,106.0377
L,-0.1747625,0.8000241,-0.01696125,0.02362073,-1.007569,-0.05640794,3.210465,-31.97633,-4.09971,106.0673
L,-0.1780238,0.8021159,-0.02329234,-0.1223431,0.07847158,-0.2375011,-5.475607,40.74112,-6.793429,106.094
L,-0.1814953,0.8144563,-0.03258231,-0.2073918,0.7372308,-0.5549934,-5.080903,39.35501,-18.96734,106.1107
L,-0.1830556,0.8186951,-0.03599239,-0.06061229,0.1646645,-0.1324736,5.70204,-22.24286,16.4139,106.1365
L,-0.1852098,0.8223926,-0.04289528,-0.08227198,0.1412123,-0.2636292,-0.8272083,-0.8956677,-5.008983,106.1627
L,-0.1883955,0.8238198,-0.04592422,-0.2348452,0.1052095,-0.2232898,-11.24751,-2.654082,2.973771,106.1762
L,-0.1900189,0.8246378,-0.04762136,-0.1133021,0.05709198,-0.118449,8.482906,-3.358285,7.317194,106.1906
L,-0.1952201,0.818174,-0.05628766,-0.3252568,-0.4042074,-0.5419416,-13.25445,-28.84706,-26.48284,106.2065
L,-0.1948574,0.816749,-0.05327718,0.01417384,-0.0556891,0.1176475,13.26472,13.61985,25.77629,106.2321
L,-0.1947857,0.8141973,-0.04849507,0.004408273,-0.1568729,0.2939966,-0.6003717,-6.220623,10.84166,106.2484
L,-0.1950434,0.8129978,-0.04642977,-0.009966818,-0.04640459,0.07990057,-0.556131,4.273704,-8.282762,106.2742
L,-0.1736518,0.8133276,-0.04196095,1.326315,0.02044776,0.2770749,82.85201,4.144972,12.22518,106.2904
L,-0.1596561,0.813739,-0.03818383,0.5508851,0.01619275,0.1486711,-30.52167,-0.167481,-5.054098,106.3158
R,0.05472712,1.324878,0.1329769,-0.00429376,0.01264313,0.008430705,0.1033124,-0.1998018,-0.106224,-0.02777481
R,0.05465044,1.32491,0.1329008,-0.00276069,0.001150254,-0.002742047,0.0551964,-0.4137877,-0.4022621,0
R,0.05439315,1.324935,0.1326102,-0.01699401,0.001598325,-0.01919367,-0.9400804,0.0295941,-1.086595,0.01514053
R,0.05423415,1.324945,0.1324335,-0.005995212,0.0003775892,-0.006661752,0.4147394,-0.04603113,0.4725501,0.04166031
R,0.0536447,1.324739,0.1319694,-0.03924878,-0.01371603,-0.03090075,-2.21418,-0.9384193,-1.613947,0.05667877
R,0.05355132,1.324639,0.1317378,-0.00630377,-0.006695854,-0.01563908,2.224141,0.4739367,1.030326,0.07149124
R,0.05346702,1.324542,0.1315129,-0.00330783,-0.003821471,-0.008823412,0.1175524,0.1127828,0.2674281,0.09697723
R,0.05372155,1.324575,0.1312134,0.008978961,0.001152268,-0.01056491,0.4334421,0.175459,-0.0614348,0.1253242
R,0.05460322,1.32493,0.1305639,0.03156139,0.01271251,-0.02325187,0.808391,0.4138262,-0.4541597,0.1532593
R,0.05555936,1.325544,0.1285517,0.03470116,0.02228125,-0.07302735,0.1139517,0.3472778,-1.806499,0.1808128
R,0.05657072,1.326435,0.1267618,0.07105925,0.06259213,-0.1257632,2.554558,2.832285,-3.705279,0.1950455
R,0.05711873,1.327045,0.1260122,0.03932582,0.04379962,-0.05378927,-2.277232,-1.348575,5.164945,0.2089806
R,0.05709444,1.327025,0.1260444,-0.001693851,-0.001413275,0.002247731,-2.860618,-3.153043,3.907891,0.22332
R,0.05775054,1.327176,0.1245828,0.04716044,0.01084796,-0.1050601,3.511615,0.8813294,-7.71322,0.2372322
R,0.058592,1.327377,0.1227214,0.05910558,0.01415126,-0.1307505,0.8390532,0.2320313,-1.80455,0.2514687
R,0.05930668,1.326776,0.1206718,0.02704266,-0.02275639,-0.07755214,-1.213207,-1.396524,2.012938,0.2778969
R,0.06111559,1.3262,0.1173956,0.1172873,-0.0372944,-0.2124254,5.851367,-0.9426299,-8.745046,0.2933197
R,0.06236648,1.326145,0.1158775,0.04771741,-0.002100917,-0.05791277,-2.653859,1.342515,5.894145,0.3195343
R,0.0638699,1.325322,0.1139631,0.1045393,-0.05723641,-0.1331109,3.951068,-3.833803,-5.228844,0.3339157
R,0.06465646,1.32492,0.1129513,0.0556522,-0.0284666,-0.07159402,-3.458966,2.035582,4.352573,0.3480492
R,0.06535599,1.324573,0.1120277,0.04945494,-0.02449939,-0.06529327,-0.4381271,0.280469,0.4454437,0.3621941
R,0.06656945,1.323396,0.1100663,0.08430998,-0.08180659,-0.1362793,2.421691,-3.981642,-4.93203,0.3765869
R,0.06777707,1.322273,0.1081276,0.04678148,-0.04349693,-0.07510252,-1.453801,1.484062,2.3699,0.402401
R,0.06879523,1.318797,0.1018854,0.06930779,-0.2366512,-0.424914,1.533403,-13.14833,-23.81225,0.4170914
R,0.06936677,1.317286,0.09913054,0.04105898,-0.10854,-0.1979095,-2.029393,9.203502,16.30799,0.4310112
R,0.07048097,1.315657,0.09684484,0.07735223,-0.1130744,-0.1586821,2.519613,-0.3147909,2.723315,0.4454155
R,0.07146411,1.314247,0.09477586,0.03681226,-0.05281388,-0.07747024,-1.51797,2.256381,3.04088,0.4721222
R,0.07132348,1.31087,0.08993754,-0.009450201,-0.2268809,-0.3251315,-3.1088,-11.69716,-16.64263,0.4870033
R,0.07143217,1.311021,0.0897254,0.007610093,0.01053352,-0.01485293,1.194512,16.62307,21.7248,0.5012856
R,0.07150283,1.311124,0.08965301,0.002676693,0.003910201,-0.002742164,-0.1868605,-0.2508689,0.4587148,0.5276871
R,0.07261483,1.311494,0.08783852,0.07794222,0.0259609,-0.1271808,5.27551,1.545577,-8.722151,0.541954
R,0.07349608,1.311632,0.08630073,0.06145615,0.009601955,-0.1072421,-1.149701,-1.140835,1.39048,0.5562935
R,0.07370673,1.311291,0.08435064,0.01532631,-0.02480572,-0.1418832,-3.356275,-2.503404,-2.520386,0.5700378
R,0.07395865,1.310888,0.08233579,0.01717084,-0.02745547,-0.1373327,0.1257235,-0.1806078,0.3101599,0.5847092
R,0.07424147,1.310452,0.08034571,0.01988698,-0.03069675,-0.1399376,0.1909925,-0.227919,-0.1831715,0.5989304
R,0.07511369,1.310792,0.07905266,0.03357539,0.01309196,-0.04977429,0.5269213,1.685602,3.470746,0.6249084
R,0.07860157,1.308871,0.07170434,0.2289249,-0.1260641,-0.4823031,12.82166,-9.133431,-28.38879,0.6401443
R,0.08025721,1.307907,0.06826089,0.1149411,-0.06693591,-0.2390571,-7.913183,4.104899,16.88704,0.6545486
R,0.08146422,1.309991,0.06824854,0.04638056,0.08009931,-0.0004746821,-2.634526,5.650015,9.167833,0.6805725
R,0.0833186,1.313993,0.06771738,0.1250296,0.2697643,-0.03581282,5.302825,12.78795,-2.382634,0.6954041
R,0.08415498,1.316367,0.06720054,0.05865488,0.1664911,-0.03624567,-4.654827,-7.242498,-0.03035599,0.7096634
R,0.08491151,1.318159,0.06656357,0.05306939,0.1257359,-0.0446825,-0.3918124,-2.858908,-0.5918288,0.7239189
R,0.08522989,1.319608,0.0667828,0.02309378,0.1051207,0.01590224,-2.174301,-1.495336,4.394557,0.7377052
R,0.08558363,1.320861,0.06681302,0.0137361,0.04865946,0.001173437,-0.3633625,-2.192413,-0.5719253,0.7634583
R,0.08630019,1.323076,0.06729007,0.04828838,0.1492609,0.03214774,2.32845,6.779452,2.087333,0.7782974
R,0.08676422,1.32428,0.06736881,0.03315362,0.08598222,0.005626214,-1.081354,-4.521159,-1.894919,0.7922935
R,0.08700538,1.324696,0.06761303,0.01714227,0.0296231,0.01735887,-1.138091,-4.006021,0.8339606,0.8063622
R,0.08724202,1.325079,0.06776915,0.01635465,0.02644674,0.01079033,-0.05443441,-0.2195263,-0.4539689,0.8208313
R,0.08787882,1.326612,0.06848007,0.04530084,0.1090231,0.05057348,2.059178,5.874325,2.830099,0.8348885
R,0.08861987,1.328322,0.06916849,0.05233291,0.1208075,0.04861661,0.4966097,0.8322259,-0.138196,0.8490486
R,0.08936136,1.329971,0.06973954,0.02839721,0.06313459,0.02186958,-0.9166692,-2.208709,-1.024335,0.8751602
R,0.09061921,1.332952,0.07117681,0.08224951,0.1949676,0.09398142,3.521341,8.620411,4.715312,0.8904533
R,0.09148591,1.334672,0.07175247,0.03324542,0.06597527,0.0220814,-1.879738,-4.947989,-2.757998,0.916523
R,0.09296748,1.338399,0.07349683,0.1069047,0.2688808,0.1258666,5.314984,14.64092,7.488762,0.9303818
R,0.09384558,1.341056,0.07492098,0.06273901,0.1898337,0.1017536,-3.155566,-5.647779,-1.722835,0.9443779
R,0.09459644,1.343208,0.07600691,0.05413422,0.1551929,0.07829206,-0.620378,-2.497497,-1.691503,0.9582481
R,0.09447925,1.346405,0.07599637,-0.008203125,0.223765,-0.0007379631,-4.363514,4.799941,-5.531975,0.9725342
R,0.09448034,1.349326,0.07604489,7.263076E-05,0.1936978,0.003217987,0.5488084,-1.993912,0.2623396,0.9876137
R,0.09457199,1.351945,0.07614169,0.006449769,0.1843121,0.006811556,0.4487862,-0.6605149,0.2528947,1.001823
R,0.09490784,1.353867,0.07578708,0.01275402,0.07299363,-0.01346618,0.2394064,-4.22736,-0.7700545,1.028156
R,0.09519335,1.360572,0.07447927,0.01965951,0.4617153,-0.09005409,0.4755009,26.76676,-5.273723,1.042679
R,0.09541866,1.364065,0.07397109,0.01598497,0.2477673,-0.03605326,-0.2606925,-15.17867,3.831122,1.056774
R,0.09517627,1.366942,0.07397426,-0.01746112,0.2072685,0.0002286428,-2.409368,-2.917426,2.613653,1.070656
R,0.09503687,1.369626,0.07397822,-0.00954623,0.1838019,0.0002709272,0.5420169,-1.607005,0.002895663,1.085258
R,0.09496968,1.372199,0.07397959,-0.002586385,0.09905929,5.277166E-05,0.2679121,-3.262081,-0.008397675,1.111237
R,0.09496634,1.375923,0.07348837,-0.0002268015,0.2530456,-0.03337727,0.1603294,10.46309,-2.27151,1.125954
R,0.09512589,1.377954,0.07333753,0.01103541,0.1404189,-0.0104335,0.7789768,-7.790086,1.586959,1.140411
R,0.09447611,1.380796,0.07255863,-0.04511015,0.1973318,-0.05407353,-3.897834,3.95111,-3.029653,1.154816
R,0.09390515,1.383734,0.0718401,-0.02186296,0.1124836,-0.02751379,0.8901711,-3.248972,1.017014,1.180931
R,0.09281726,1.388913,0.07101332,-0.07502857,0.357184,-0.05702036,-3.666678,16.87628,-2.034983,1.195431
R,0.09219426,1.391721,0.07077231,-0.04260799,0.1920901,-0.0164836,2.217287,-11.29099,2.772363,1.210052
R,0.09199083,1.393919,0.07144456,-0.007751181,0.0837391,0.02561461,1.328125,-4.128424,1.60404,1.236298
R,0.09161346,1.398186,0.07240861,-0.02614957,0.2956731,0.06680379,-1.274921,14.68602,2.854215,1.250729
R,0.09139695,1.400759,0.0728433,-0.01483477,0.1762693,0.02978337,0.7752505,-8.181126,-2.536509,1.265324
R,0.09014451,1.40249,0.07208177,-0.04743142,0.06556992,-0.02884006,-1.234473,-4.19231,-2.220136,1.291729
R,0.08657842,1.404525,0.06931086,-0.2352361,0.1342476,-0.1827823,-12.38849,4.530308,-10.15477,1.306889
R,0.08548252,1.404667,0.06796522,-0.0723453,0.009372639,-0.08883153,10.75317,-8.243572,6.202125,1.322037
R,0.08462755,1.4049,0.06690089,-0.03373374,0.009209437,-0.04199395,1.523448,-0.006439264,1.848012,1.347382
R,0.08459339,1.404823,0.06673714,-0.002343035,-0.005330978,-0.01123175,2.153031,-0.9973005,2.109923,1.361961
R,0.08455668,1.404862,0.06664648,-0.002606459,0.002759345,-0.00643706,-0.01870399,0.5744392,0.3404383,1.376045
R,0.08451261,1.405025,0.0665098,-0.003144457,0.01169536,-0.009752335,-0.03838674,0.6375946,-0.2365486,1.39006
R,0.08445311,1.405245,0.06635095,-0.004058719,0.0149704,-0.01083545,-0.06236489,0.2234016,-0.07388274,1.40472
R,0.0843452,1.40564,0.0660919,-0.004166609,0.01525906,-0.01000268,-0.00416598,0.011146,0.03215565,1.430618
R,0.08793072,1.406878,0.06585611,0.2342193,0.08087777,-0.01540258,15.57225,4.286457,-0.3527413,1.445927
R,0.09158156,1.407898,0.06557628,0.1348333,0.03764705,-0.01033494,-3.670531,-1.596601,0.1871584,1.473003
R,0.09896062,1.409719,0.06574125,0.4965028,0.1225616,0.01110013,24.33508,5.713511,1.442268,1.487865
R,0.1037564,1.410746,0.06610371,0.1796747,0.03847631,0.01357976,-11.87003,-3.150272,0.09289996,1.514557
R,0.1139872,1.413428,0.06700811,0.7301763,0.1914392,0.06454725,39.2896,10.91704,3.637577,1.528568
R,0.1185324,1.414641,0.06734944,0.3164664,0.08440405,0.02376587,-28.80519,-7.45249,-2.839467,1.542931
R,0.1258041,1.414736,0.06841164,0.5222566,0.006849315,0.07628746,14.7799,-5.570002,3.772115,1.556854
R,0.1319289,1.415011,0.06923955,0.4403713,0.01974767,0.05952585,-5.887473,0.9273796,-1.205144,1.570763
R,0.137282,1.415405,0.06991498,0.3691843,0.02717213,0.04658262,-4.909561,0.5120434,-0.8926573,1.585262
R,0.1458021,1.415854,0.06881091,0.3237414,0.01705863,-0.04195185,-1.726711,-0.3842864,-3.364079,1.61158
R,0.1636374,1.417367,0.06787343,1.163617,0.0987276,-0.06116373,54.79552,5.32828,-1.253429,1.626907
R,0.1728194,1.418183,0.06759375,0.3497558,0.03110015,-0.01065336,-31.001,-2.576014,1.924003,1.65316
R,0.1859087,1.419298,0.06523179,0.9223832,0.07857023,-0.1664446,40.35238,3.34516,-10.97842,1.667351
R,0.1934096,1.419971,0.06433124,0.4959184,0.04444357,-0.05953903,-28.19551,-2.256267,7.068007,1.682476
R,0.1974705,1.418206,0.06161074,0.1553425,-0.06750693,-0.104066,-13.02786,-4.28238,-1.703264,1.708618
R,0.2059611,1.416953,0.06088666,0.56036,-0.08270393,-0.04778739,26.73034,-1.002971,3.714272,1.72377
R,0.2115686,1.41659,0.06044421,0.3873446,-0.02506588,-0.03056267,-11.95124,3.981415,1.189817,1.738247
R,0.2168861,1.416391,0.06001515,0.1993053,-0.007452817,-0.016082,-7.04795,0.6601599,0.5427539,1.764927
R,0.2259827,1.415408,0.05595588,0.3306463,-0.03571305,-0.1475475,4.774023,-1.027212,-4.778547,1.792439
R,0.2359577,1.413922,0.05226735,0.3569822,-0.05317833,-0.1320035,0.9424978,-0.6250401,0.5562804,1.820381
R,0.2445476,1.413164,0.04991436,0.5823091,-0.05143684,-0.1595095,15.27491,0.1180557,-1.864631,1.835133
R,0.2497724,1.412788,0.04865842,0.194358,-0.01395984,-0.04672021,-14.43154,1.394121,4.195691,1.862015
R,0.2620862,1.40746,0.04206305,0.7656509,-0.3312826,-0.4100893,35.52206,-19.73061,-22.5937,1.878098
R,0.2678789,1.409958,0.03939789,0.2264087,0.09760325,-0.1041679,-21.07635,16.76306,11.95698,1.903683
R,0.2785688,1.41171,0.03660322,0.6681681,0.1095315,-0.1746794,27.61196,0.745568,-4.407287,1.919682
R,0.2856086,1.41163,0.03562851,0.2727954,-0.003104213,-0.03777023,-15.32071,-4.364637,5.305236,1.945488
R,0.2962946,1.408929,0.03268889,0.3827901,-0.09676909,-0.1053026,3.940208,-3.355246,-2.419132,1.973404
R,0.3075256,1.407096,0.02945293,0.7219551,-0.1178274,-0.2080151,21.80237,-1.353678,-6.602616,1.98896
R,0.3138016,1.406298,0.02764145,0.2391329,-0.03039153,-0.06902175,-18.39665,3.331508,5.29597,2.015205
R,0.3250883,1.403117,0.02332922,0.4144455,-0.1167968,-0.158345,6.437478,-3.172801,-3.279948,2.042439
R,0.3361608,1.39969,0.01932614,0.7133414,-0.2207699,-0.257897,19.25627,-6.698429,-6.413606,2.057961
R,0.3420137,1.397689,0.01724963,0.2198785,-0.07518271,-0.0780087,-18.53802,5.469303,6.757901,2.084579
R,0.3506071,1.389483,0.01138193,0.5486388,-0.5239132,-0.3746184,20.98941,-28.64881,-18.93679,2.100243
R,0.3560613,1.386009,0.008539466,0.208513,-0.1328159,-0.1086677,-13.00306,14.9517,10.16733,2.1264
R,0.3669117,1.379461,0.006635711,0.3949413,-0.2383322,-0.06929438,6.785763,-3.840665,1.433141,2.153873
R,0.3797302,1.374858,0.004093972,0.8438717,-0.3030512,-0.1673284,29.55409,-4.260598,-6.453799,2.169064
R,0.3866448,1.37241,0.002493585,0.2601356,-0.0920996,-0.06020835,-21.96081,7.936237,4.029976,2.195644
R,0.3995369,1.366074,-0.001755283,0.4641013,-0.2280881,-0.1529546,7.342542,-4.895437,-3.338763,2.223423
R,0.4157931,1.362808,-0.003432484,1.04371,-0.2096498,-0.1076826,37.21308,1.18381,2.906631,2.238998
R,0.4243514,1.360835,-0.004613746,0.3347508,-0.07716913,-0.04620421,-27.73045,5.181887,2.404685,2.264565
R,0.4392607,1.355043,-0.008369611,0.9688585,-0.3764099,-0.2440698,41.20662,-19.44576,-12.85802,2.279953
R,0.4431535,1.350348,-0.01381272,0.1470004,-0.1773084,-0.205543,-31.03503,7.518476,1.454847,2.306435
R,0.4500221,1.343077,-0.02089563,0.4446931,-0.4707026,-0.4585681,19.27349,-18.99519,-16.38158,2.32188
R,0.4545575,1.339458,-0.0239098,0.1712426,-0.1366439,-0.1138046,-10.32456,12.61292,13.01709,2.348366
R,0.4646459,1.32369,-0.02871147,0.6520221,-1.019107,-0.3103378,31.07333,-57.03465,-12.70216,2.363838
R,0.4708193,1.317011,-0.03133854,0.2347104,-0.2539249,-0.0998794,-15.86595,29.09181,8.001508,2.390141
R,0.479827,1.310365,-0.03684838,0.5839052,-0.4308157,-0.3571647,22.63583,-11.46658,-16.67799,2.405567
R,0.4854873,1.306352,-0.03974997,0.2190141,-0.1552675,-0.1122705,-14.11867,10.66174,9.475651,2.431412
R,0.4975492,1.295004,-0.04989815,0.7669078,-0.7215468,-0.6452305,34.83557,-36.00454,-33.88607,2.44714
R,0.5041136,1.293159,-0.05201341,0.2513213,-0.07062399,-0.0809848,-19.73973,24.92121,21.60269,2.473259
R,0.5124062,1.283618,-0.05556646,0.5363619,-0.61712,-0.2298076,18.43615,-35.34682,-9.62571,2.48872
R,0.5163621,1.2767,-0.05755518,0.1504011,-0.2630212,-0.07561001,-14.67401,13.46264,5.862504,2.515022
R,0.5289375,1.266836,-0.06045736,0.8498445,-0.6666022,-0.1961302,47.2686,-27.27413,-8.144791,2.529819
R,0.5360308,1.261611,-0.0624487,0.2646199,-0.1949356,-0.07428754,-21.83195,17.59564,4.545371,2.556625
R,0.5347983,1.249949,-0.07025892,-0.08114249,-0.7677047,-0.5141643,-22.76232,-37.70667,-28.95808,2.571815
R,0.5362415,1.244064,-0.07395061,0.0543653,-0.2216779,-0.1390651,5.104549,20.56871,14.12991,2.598362
R,0.5399246,1.234151,-0.07803232,0.2401183,-0.64631,-0.266102,12.10993,-27.68335,-8.28201,2.613701
R,0.545163,1.227756,-0.0789565,0.2015563,-0.2460553,-0.0355596,-1.48375,15.40061,8.870586,2.63969
R,0.5535085,1.21658,-0.07939813,0.553997,-0.7418888,-0.02931616,23.39585,-32.9146,0.4144542,2.654755
R,0.5580971,1.210728,-0.07925659,0.3157111,-0.4026083,0.009737943,-16.39507,23.34392,2.687087,2.669289
R,0.5621171,1.205232,-0.07969302,0.1533733,-0.2096993,-0.0166506,-6.193549,7.35991,-1.006782,2.695499
R,0.5629891,1.194287,-0.08110721,0.05656861,-0.7100192,-0.09173984,-6.279826,-32.45629,-4.87112,2.710915
R,0.5646951,1.188449,-0.08217897,0.06536146,-0.2236645,-0.04106358,0.3368889,18.63416,1.941607,2.737015
R,0.5655476,1.18356,-0.08204854,0.05577739,-0.3198465,0.008532919,-0.6270046,-6.292373,3.244678,2.7523
R,0.565469,1.181517,-0.08226576,-0.002973078,-0.07726396,-0.008214283,-2.221737,9.173624,-0.6333206,2.778744
R,0.5670907,1.178007,-0.08275669,0.1086958,-0.2352579,-0.03290598,7.484872,-10.58992,-1.65502,2.793663
R,0.568887,1.176385,-0.08301263,0.06665119,-0.06019993,-0.009496639,-1.56005,6.495457,0.8685944,2.820614
R,0.5726408,1.174251,-0.08303623,0.2590279,-0.1472345,-0.001628204,13.27465,-6.005681,0.5429489,2.835106
R,0.5751292,1.172274,-0.08322291,0.1701833,-0.1352074,-0.01276741,-6.076201,0.8225464,-0.7618255,2.849728
R,0.5746691,1.171767,-0.08346651,-0.0175177,-0.01931282,-0.009275145,-7.14665,4.412647,0.132967,2.875992
R,0.5742524,1.171248,-0.08364555,-0.02936828,-0.03656754,-0.01261656,-0.8350962,-1.21592,-0.2354654,2.890182
R,0.5741379,1.171362,-0.08355976,-0.007594937,0.007587025,0.00569373,1.445,2.930343,1.215173,2.905251
R,0.5740789,1.1714,-0.08348849,-0.00402099,0.002566935,0.004856666,0.2435374,-0.3420812,-0.05703961,2.919926
R,0.574116,1.171632,-0.08345304,0.0005473194,0.003422946,0.0005233411,0.06744128,0.01263716,-0.06397224,2.987663
R,0.5738416,1.173446,-0.08262612,-0.01972083,0.1303897,0.0594383,-1.456862,9.126288,4.234769,3.001575
R,0.5732626,1.176281,-0.08140102,-0.02249278,0.1101345,0.04759223,-0.1076835,-0.786868,-0.4601922,3.027317
R,0.5721108,1.179743,-0.07997996,-0.04037886,0.121356,0.04981592,-0.6270032,0.3933737,0.07795236,3.055843
R,0.5714862,1.181241,-0.07931539,-0.04373998,0.1049125,0.04654313,-0.2353988,-1.151632,-0.2292125,3.070122
R,0.5710472,1.182283,-0.07883772,-0.01640458,0.03895225,0.01785014,1.021498,-2.464873,-1.07223,3.096882
R,0.5712145,1.182874,-0.077879,0.006036589,0.02132814,0.03460309,0.8099708,-0.6361083,0.6046655,3.124588
R,0.5714653,1.183225,-0.07725737,0.009237145,0.01292059,0.02289365,0.1178711,-0.3096359,-0.431239,3.151741
R,0.5717904,1.183825,-0.07671921,0.01170426,0.02162306,0.01937593,0.08882578,0.3133225,-0.1266515,3.179516
R,0.5725231,1.184303,-0.07584827,0.02640612,0.01723175,0.03138747,0.5298327,-0.1582562,0.4328778,3.207264
R,0.5731221,1.184162,-0.07519135,0.02200242,-0.005201765,0.02412877,-0.1617492,-0.8239893,-0.2666142,3.234489
R,0.5737759,1.184089,-0.0744719,0.02360537,-0.00261708,0.02597791,0.05787949,0.09332779,0.06676862,3.262184
R,0.5746948,1.183332,-0.07365571,0.03262121,-0.02687822,0.02897603,0.3200768,-0.8613098,0.1064381,3.290352
R,0.5751907,1.182136,-0.0729886,0.01817638,-0.04383213,0.02444833,-0.5293759,-0.6213292,-0.1659316,3.317638
R,0.5753006,1.181957,-0.07107454,0.003935596,-0.006419888,0.06853706,-0.5099215,1.339625,1.578691,3.345566
R,0.5752351,1.182125,-0.06978724,-0.002375933,0.006108308,0.04664875,-0.2287157,0.4539938,-0.7931834,3.373161
R,0.5731055,1.186185,-0.07019999,-0.07690454,0.1465853,-0.01490553,-2.691449,5.073039,-2.222907,3.400852
R,0.5676097,1.195127,-0.07151564,-0.1974919,0.3213545,-0.04727767,-4.333275,6.28029,-1.163285,3.42868
R,0.5625604,1.202662,-0.07322869,-0.1778848,0.2654339,-0.06035028,0.6907511,-1.970066,-0.4605435,3.457066
R,0.5586534,1.208875,-0.0749443,-0.1431651,0.2276698,-0.06286502,1.272233,-1.383789,-0.09214769,3.484356
R,0.5521148,1.219754,-0.07500158,-0.2353146,0.3915217,-0.002061185,-3.316369,5.896866,2.18827,3.512142
R,0.5445964,1.230693,-0.07375811,-0.2706545,0.3937921,0.04476336,-1.2722,0.08173192,1.685632,3.539921
R,0.5345325,1.242766,-0.07037145,-0.3626396,0.4350472,0.1220334,-3.314548,1.48657,2.784313,3.567673
R,0.5213544,1.253967,-0.06339011,-0.4748518,0.4036126,0.2515625,-4.043403,-1.132703,4.667393,3.595425
R,0.5075278,1.265566,-0.05673492,-0.4951609,0.4153859,0.2383358,-0.7273107,0.4216284,-0.4736744,3.623348
R,0.4955079,1.277319,-0.05316687,-0.4277087,0.4182079,0.1269636,2.400192,0.1004151,-3.963019,3.651451
R,0.4877238,1.294026,-0.04661575,-0.2833721,0.6081924,0.238486,5.254404,6.916166,4.059844,3.678921
R,0.4772798,1.307249,-0.0382798,-0.3683838,0.4664121,0.2940285,-2.99856,-5.000923,1.959113,3.707272
R,0.4640046,1.320899,-0.02969097,-0.4927118,0.5066234,0.3187754,-4.614449,1.492447,0.9184847,3.734215
R,0.4450451,1.333506,-0.02806385,-0.6683859,0.4444384,0.05736116,-6.193101,-2.192233,-9.215732,3.762581
R,0.4238883,1.345264,-0.0270738,-0.7635095,0.4243229,0.0357293,-3.43283,-0.7259301,-0.7806531,3.790291
R,0.404831,1.359546,-0.02291417,-0.688879,0.5162628,0.1503613,2.69773,3.323427,4.143696,3.817955
R,0.3845864,1.37342,-0.0213351,-1.294075,0.8868416,0.1009376,-38.6853,23.68813,-3.159255,3.833599
R,0.3739502,1.381284,-0.02138573,-0.4042654,0.2988935,-0.001924594,33.82024,-22.34697,-3.90963,3.859909
R,0.352583,1.387794,-0.02197353,-0.7815367,0.2381357,-0.02149964,-13.79927,-2.22231,-0.7159871,3.887249
R,0.3319625,1.407537,-0.02471954,-1.312982,1.257059,-0.1748477,-33.839,64.87847,-9.764218,3.902954
R,0.3217783,1.418006,-0.02536928,-0.3967482,0.4078662,-0.02531226,35.69404,-33.08231,5.825506,3.928623
R,0.3052147,1.412186,-0.02876707,-0.5866849,-0.2061461,-0.1203499,-6.727571,-21.74836,-3.36624,3.956856
R,0.2854105,1.421443,-0.03217937,-1.316987,0.6155505,-0.2269191,-48.56527,54.64303,-7.086881,3.971893
R,0.2753373,1.427133,-0.03345885,-0.3909697,0.2208737,-0.04966068,35.94164,-15.31865,6.879958,3.997658
R,0.2622422,1.433743,-0.02447523,-0.8677484,0.4379977,0.595299,-31.5937,14.3877,42.7382,4.012749
R,0.2542256,1.43839,-0.02108315,-0.2986805,0.173123,0.1263803,21.20207,-9.868575,-17.47075,4.039589
R,0.2368826,1.457471,-0.01230845,-0.6271684,0.6900477,0.3173178,-11.87904,18.69343,6.904832,4.067242
R,0.2044399,1.478262,-0.008963019,-1.144024,0.7331265,0.1179693,-18.2258,1.51908,-7.029598,4.0956
R,0.1808155,1.473729,-0.002453367,-0.8459211,-0.1622857,0.2330919,10.67421,-32.06214,4.122212,4.123528
R,0.1609173,1.470091,0.008345148,-1.32022,-0.2413867,0.7164682,-31.46912,-5.248251,32.07142,4.138599
R,0.150286,1.470292,0.01318224,-0.4051942,0.00764212,0.184358,34.87473,9.491335,-20.28053,4.164837
R,0.1279403,1.461435,0.009012638,-1.497008,-0.5933188,-0.2793344,-73.144,-40.26023,-31.06419,4.179764
R,0.1166377,1.459129,0.008548183,-0.4237588,-0.08646936,-0.01741332,40.23825,19.00279,9.819943,4.206436
R,0.09616312,1.449977,0.009544049,-1.286501,-0.5750914,0.06257438,-54.20964,-30.70214,5.025958,4.222351
R,0.08749179,1.44989,0.01192598,-0.3341868,-0.00334001,0.09179784,36.70147,22.03487,1.126251,4.248299
R,0.07159834,1.44721,0.01505033,-0.5660833,-0.09543988,0.1112811,-8.259548,-3.280357,0.6939424,4.276375
R,0.05738143,1.442155,0.01803062,-0.9224943,-0.3280167,0.1933829,-23.12649,-15.09124,5.327354,4.291786
R,0.04986801,1.439664,0.01992483,-0.2845417,-0.09434141,0.07173587,24.15999,8.849548,-4.606913,4.318192
R,0.03926275,1.432528,0.02004204,-0.6941587,-0.4670802,0.007671685,-26.81114,-24.39731,-4.193269,4.333469
R,0.03437354,1.427902,0.01911696,-0.1881775,-0.1780438,-0.03560496,19.47437,11.12453,-1.665646,4.359451
R,0.02988002,1.422764,0.01697936,-0.306678,-0.3506736,-0.1458887,-8.08753,-11.7818,-7.526742,4.374104
R,0.02543142,1.420049,0.01644582,-0.1602328,-0.09779902,-0.01921727,5.274764,9.108212,4.562538,4.401867
R,0.02171375,1.417456,0.01601814,-0.1363026,-0.0950743,-0.01568038,0.8773628,0.09989756,0.1296746,4.429142
R,0.01411828,1.409961,0.01335534,-0.4494596,-0.4435031,-0.1575701,-18.53098,-20.61818,-8.396285,4.446041
R,0.009203762,1.40622,0.01232937,-0.2009847,-0.1529934,-0.04195844,10.16166,11.88072,4.728067,4.470493
R,0.006571962,1.4093,0.01369767,-0.1674947,0.1960579,0.08708204,2.13139,22.21454,8.212476,4.486206
R,0.003836976,1.410347,0.01439257,-0.1041185,0.03985441,0.02645448,2.412676,-5.94653,-2.308038,4.512474
R,0.003357179,1.409227,0.01450725,-0.03110956,-0.07266417,0.007435692,4.733827,-7.29559,-1.233159,4.527897
R,0.004246635,1.409184,0.01529471,0.03420859,-0.001641359,0.03028576,2.512142,2.731544,0.8788157,4.553898
R,0.01295155,1.411795,0.01837792,0.5254298,0.1576028,0.1861031,29.65017,9.611994,9.40515,4.570465
R,0.01586598,1.412575,0.0196398,0.1147146,0.03070571,0.04966883,-16.16615,-4.99479,-5.370183,4.595871
R,0.02354568,1.414079,0.02499845,0.4927037,0.0965033,0.3437929,24.25051,4.221352,18.87001,4.611458
R,0.02586364,1.413244,0.02668379,0.08848698,-0.031878,0.06433694,-15.43076,-4.900887,-10.66808,4.637653
R,0.02756049,1.413093,0.027938,0.06140514,-0.00546573,0.04538704,-0.9800308,0.9558004,-0.6857542,4.665287
R,0.02845359,1.413752,0.0280693,0.05731238,0.04229651,0.00842581,-0.2626418,3.065015,-2.371888,4.68087
R,0.02933974,1.414094,0.02816335,0.03450153,0.01331594,0.003661783,-0.8881223,-1.128335,-0.1854836,4.706554
R,0.0310283,1.414636,0.02849438,0.1074381,0.03444326,0.02106234,4.640749,1.344272,1.107149,4.722271
R,0.03201004,1.414901,0.02875146,0.03710994,0.01005317,0.009717677,-2.658415,-0.9219489,-0.4288301,4.748726
R,0.03287165,1.414814,0.02883833,0.05487517,-0.005565173,0.005532905,1.13145,-0.9947171,-0.266524,4.764427
R,0.03335735,1.414759,0.02892366,0.01863344,-0.002126628,0.003273335,-1.390393,0.1319177,-0.08668705,4.790493
R,0.0342017,1.414074,0.0288245,0.05551587,-0.04498997,-0.006519234,2.425009,-2.818251,-0.6438584,4.805702
R,0.03478556,1.413616,0.02879031,0.0223568,-0.01756957,-0.001309216,-1.269712,1.04997,0.1994997,4.831818
R,0.03524996,1.413757,0.02891172,0.0299779,0.009149532,0.007837028,0.4919535,1.72476,0.5904046,4.847309
R,0.03553516,1.413838,0.02899727,0.01070193,0.003032851,0.003210173,-0.7233151,-0.2295235,-0.173619,4.873959
R,0.03660666,1.41333,0.02932033,0.06918392,-0.03278941,0.02085899,3.776036,-2.312953,1.13954,4.889446
R,0.03737794,1.41302,0.02960182,0.02780356,-0.0111687,0.01014721,-1.491696,0.7793922,-0.3861425,4.917187
R,0.03830951,1.412458,0.02987205,0.06165214,-0.03719863,0.01788421,2.240142,-1.722694,0.5120443,4.932297
R,0.03846734,1.411673,0.03009977,0.006099952,-0.03037004,0.008800796,-2.146937,0.2639056,-0.3510486,4.958172
R,0.03839977,1.41096,0.03048455,-0.002460053,-0.0259339,0.01400739,-0.311617,0.1614927,0.1895398,4.985641
R,0.03848555,1.409289,0.03111043,0.003103409,-0.06045577,0.02264301,0.2012736,-1.248924,0.3124177,5.013283
R,0.03881959,1.407316,0.03160812,0.01200705,-0.07091132,0.01788945,0.3200377,-0.3758206,-0.170865,5.041103
R,0.03920007,1.4074,0.03244361,0.01374387,0.003035862,0.03018032,0.06273913,2.671188,0.4439819,5.068787
R,0.03950978,1.406864,0.0333416,0.01139835,-0.01975555,0.0330482,-0.08632097,-0.8387801,0.1055453,5.095959
R,0.03963874,1.404927,0.03422661,0.008837827,-0.1327451,0.06065334,-0.1754837,-7.74367,1.891901,5.11055
R,0.03971399,1.403822,0.03474832,0.002751264,-0.04037221,0.01907429,-0.2225322,3.377266,-1.520181,5.137901
R,0.04223024,1.404613,0.03570873,0.0920356,0.0289129,0.03512845,3.265711,2.534209,0.5872054,5.165241
R,0.04762052,1.404883,0.03559121,0.3483802,0.01746641,-0.007594844,16.56785,-0.7398002,-2.761256,5.180714
R,0.05060051,1.405293,0.03543051,0.112628,0.01548082,-0.006073948,-8.910186,-0.07504448,0.05748178,5.207172
R,0.0584987,1.404931,0.0367658,0.5092132,-0.02331069,0.08608929,25.56873,-2.500974,5.941968,5.222683
R,0.06465564,1.404308,0.03819386,0.2375285,-0.02403422,0.05509321,-10.48131,-0.02791309,-1.195796,5.248604
R,0.06998926,1.40957,0.03857349,0.1878009,0.185267,0.0133669,-1.750944,7.36965,-1.469214,5.277004
R,0.09006132,1.425683,0.04629488,0.7333477,0.5886977,0.2821067,19.93196,14.73965,9.818608,5.304375
R,0.1008732,1.420187,0.04098129,0.3882566,-0.1973673,-0.1908116,-12.39227,-28.2277,-16.98256,5.332222
R,0.1062529,1.411645,0.03710489,0.3474378,-0.5516522,-0.250351,-2.636219,-22.88092,-3.845256,5.347706
R,0.1093178,1.411631,0.03936363,0.1181717,-0.0005469554,0.08708858,-8.839643,21.24856,13.01041,5.373642
R,0.1166303,1.415491,0.04417431,0.4893862,0.2583291,0.3219535,24.84341,17.3252,15.71826,5.388584
R,0.1219005,1.419467,0.04743224,0.1945295,0.1467808,0.1202541,-10.88354,-4.117389,-7.444983,5.415676
R,0.1263588,1.419682,0.04708374,0.1607378,0.007744808,-0.01256463,-1.218306,-5.012716,-4.788563,5.443413
R,0.1358795,1.417363,0.04467739,0.3397927,-0.0827774,-0.08588272,6.390492,-3.23075,-2.616732,5.471432
R,0.1474177,1.419932,0.04454434,0.7462826,0.1661578,-0.008605701,26.29136,16.10088,4.9982,5.486893
R,0.1545693,1.4232,0.04522235,0.2764716,0.1263272,0.02621093,-18.16224,-1.539793,1.345963,5.51276
R,0.1654998,1.424313,0.04430081,0.3910136,0.0398429,-0.03296632,4.097503,-3.093798,-2.116943,5.540714
R,0.1759203,1.424924,0.04327398,0.6651297,0.0389807,-0.06554073,17.49644,-0.05503252,-2.079179,5.556381
R,0.1814138,1.425038,0.04261174,0.2157086,0.004479666,-0.02600398,-17.64725,-1.354739,1.552475,5.581848
R,0.1931986,1.422984,0.04243993,0.800344,-0.1395321,-0.0116684,39.70432,-9.780261,0.973571,5.596573
R,0.199821,1.422368,0.0423272,0.2471548,-0.0229748,-0.004206977,-20.64568,4.350055,0.2784693,5.623367
R,0.2107705,1.420741,0.04186201,0.7486541,-0.1112497,-0.0318068,34.28926,-6.035662,-1.887096,5.637993
R,0.2171354,1.420143,0.04163909,0.2308757,-0.02169382,-0.008085862,-18.78131,3.248447,0.8604263,5.665562
R,0.228848,1.420016,0.03795271,0.834799,-0.009040239,-0.2627415,43.04374,0.9018654,-18.15021,5.679592
R,0.2365455,1.420151,0.03607071,0.2769877,0.004877316,-0.06772196,-20.07232,0.5008104,7.017598,5.707382
R,0.2491826,1.419268,0.03491507,0.8921978,-0.06238217,-0.08159018,43.43486,-4.748632,-0.979119,5.721546
R,0.256864,1.418408,0.03493666,0.2773196,-0.03105203,0.000779394,-22.19896,1.131113,2.97379,5.749245
R,0.2653072,1.416452,0.02741797,0.6035843,-0.1398026,-0.5374913,23.3238,-7.77429,-38.47953,5.763233
R,0.2708559,1.415604,0.02436844,0.1999388,-0.03055842,-0.1098854,-14.54478,3.936456,15.40815,5.790985
R,0.2869733,1.410303,0.02273723,1.122795,-0.3693197,-0.1136355,64.28947,-23.59932,-0.2612469,5.80534
R,0.2957842,1.408137,0.0215679,0.3207975,-0.07885417,-0.04257406,-29.19984,10.57553,2.587268,5.832806
R,0.3089313,1.406106,0.01851881,0.8841533,-0.1365604,-0.2050543,37.88618,-3.880797,-10.92694,5.847675
R,0.3170264,1.404826,0.01713608,0.3038062,-0.04804492,-0.05189294,-21.78018,3.321948,5.74808,5.874321
R,0.3305105,1.401568,0.01473973,0.8661537,-0.2092854,-0.1539306,36.12253,-10.35732,-6.554412,5.889889
R,0.3388355,1.39943,0.0134049,0.319195,-0.08196212,-0.05117994,-20.97147,4.881825,3.939661,5.91597
R,0.3500635,1.394856,0.007506639,0.7649083,-0.3115904,-0.4018174,30.36411,-15.64337,-23.88709,5.930649
R,0.3571208,1.392652,0.004812114,0.2625264,-0.08201185,-0.1002346,-18.68829,8.54018,11.21869,5.957531
R,0.3657971,1.384363,-0.002516758,0.575368,-0.5496696,-0.4860157,20.74615,-31.01282,-25.58315,5.97261
R,0.3716654,1.380724,-0.005881004,0.2183918,-0.1354211,-0.1252012,-13.28495,15.41635,13.42779,5.999481
R,0.3838906,1.376474,-0.006242855,0.8612625,-0.2994323,-0.02549236,45.29016,-11.55457,7.024473,6.013676
R,0.385731,1.370133,-0.01207834,0.06689697,-0.2304666,-0.2121098,-28.87384,2.506786,-6.78323,6.041187
R,0.395464,1.365871,-0.01707527,0.6710798,-0.2938914,-0.3445335,41.65778,-4.373074,-9.130477,6.055691
R,0.4043586,1.365859,-0.01799236,0.3275729,-0.000425857,-0.03377503,-12.65078,10.80784,11.44471,6.082844
R,0.4170024,1.356178,-0.02368531,0.8535926,-0.6535781,-0.3843344,35.51195,-44.09476,-23.66651,6.097656
R,0.424322,1.351784,-0.02659993,0.2705176,-0.1624225,-0.1077192,-21.54936,18.15219,10.22318,6.124714
R,0.4402812,1.354284,-0.02477982,1.117117,0.1750083,0.1274052,59.26057,23.61962,16.45833,6.139
R,0.4492058,1.354174,-0.02492162,0.330864,-0.004074742,-0.005257017,-29.14883,-6.639168,-4.9182,6.165974
R,0.4466123,1.340957,-0.04269996,-0.1731724,-0.8824742,-1.187083,-33.65515,-58.65184,-78.91199,6.18095
R,0.450757,1.339805,-0.04589261,0.1541376,-0.04286069,-0.118731,12.17227,31.22424,39.73073,6.20784
R,0.4611044,1.334374,-0.05005906,0.6654789,-0.3492855,-0.267961,32.88643,-19.70741,-9.597586,6.223389
R,0.4683014,1.330245,-0.05197957,0.2770839,-0.1589578,-0.07393894,-14.95307,7.327544,7.469778,6.249363
R,0.4751529,1.321243,-0.0572201,0.4905977,-0.6445643,-0.3752454,15.28855,-34.7716,-21.57489,6.263329
R,0.47977,1.316924,-0.06012078,0.1683594,-0.1574932,-0.1057721,-11.75029,17.76085,9.826238,6.290752
R,0.4927523,1.308774,-0.06619974,0.8357686,-0.5246884,-0.3913466,42.96594,-23.639,-18.38449,6.306286
R,0.4998707,1.304585,-0.06941203,0.2706758,-0.1593097,-0.1221471,-21.48763,13.89351,10.2363,6.332584
R,0.5080372,1.300937,-0.07343615,0.5541799,-0.2475165,-0.2730775,19.23865,-5.98573,-10.24217,6.347321
R,0.5126408,1.299438,-0.07412107,0.167846,-0.05467229,-0.02497175,-14.08555,7.031009,9.045819,6.374748
R,0.5220978,1.294164,-0.07718547,0.6430853,-0.3586252,-0.2083825,32.31677,-20.66911,-12.47212,6.389454
R,0.5284256,1.290415,-0.07956233,0.2352236,-0.1393443,-0.08835509,-15.16144,8.151327,4.461778,6.416355
R,0.5356786,1.277899,-0.07775023,0.4857722,-0.8383048,0.1213672,16.78074,-46.81356,14.04636,6.431286
R,0.5403956,1.27227,-0.07779652,0.1758935,-0.2098729,-0.00172614,-11.55517,23.43381,-4.590069,6.458103
R,0.5445679,1.265698,-0.08094724,0.2733009,-0.4305035,-0.2063826,6.380499,-14.45202,-13.40567,6.47337
R,0.5478221,1.26188,-0.08259688,0.1258227,-0.1476171,-0.06378192,-5.702139,10.93761,5.513558,6.499233
R,0.5509024,1.2488,-0.0895564,0.2176508,-0.9242672,-0.4917511,6.488455,-54.87713,-30.23977,6.513386
R,0.553565,1.242799,-0.09260746,0.09511916,-0.2143593,-0.1089968,-4.377341,25.36087,13.67358,6.541378
R,0.5570425,1.234703,-0.09712271,0.2384539,-0.5551677,-0.3096119,9.828499,-23.36931,-13.75623,6.555962
R,0.5597116,1.22997,-0.09951881,0.09795429,-0.1736928,-0.08793547,-5.156256,13.99991,8.135399,6.58321
R,0.5645888,1.223037,-0.1004085,0.3342565,-0.4751389,-0.0609758,16.19483,-20.65942,1.847664,6.597801
R,0.5676878,1.218787,-0.1014292,0.1147422,-0.1573667,-0.03779159,-8.127734,11.76583,0.8584182,6.624809
R,0.5720445,1.216657,-0.1007362,0.2934425,-0.1434513,0.04667577,12.03628,0.9372662,5.689263,6.639656
R,0.5749415,1.214501,-0.1008447,0.1073236,-0.0798827,-0.004019971,-6.895131,2.355021,-1.878121,6.666649
R,0.5765625,1.212327,-0.1025031,0.1063407,-0.1426114,-0.1087939,-0.06447951,-4.1151,-6.873335,6.681892
R,0.5767149,1.212136,-0.1028902,0.005827198,-0.007317029,-0.0147921,-3.841524,5.170811,3.592651,6.708057
R,0.577347,1.21098,-0.103566,0.04388324,-0.08021881,-0.04691586,2.641993,-5.061114,-2.230152,6.722462
R,0.5782142,1.209385,-0.1041659,0.03141627,-0.05777536,-0.02173648,-0.4516503,0.8130758,0.9121925,6.750065
R,0.5791034,1.207666,-0.1049166,0.06153066,-0.1189612,-0.05194859,2.08403,-4.234292,-2.090793,6.764515
R,0.5798935,1.206329,-0.1054674,0.02927976,-0.04957414,-0.0204098,-1.195134,2.571303,1.168745,6.7915
R,0.5799048,1.206232,-0.1054099,0.0007965522,-0.00681681,0.004045123,-2.003408,3.0074,1.720073,6.805717
R,0.5799725,1.206098,-0.1054057,0.00252849,-0.004994658,0.0001552484,0.0646748,0.06804361,-0.1452574,6.832497
R,0.5796804,1.206721,-0.1050967,-0.01895967,0.04044163,0.02005689,-1.394651,2.94896,1.29168,6.847904
R,0.5794783,1.207214,-0.1048394,-0.007750768,0.01891736,0.009867654,0.4299602,-0.8256451,-0.3908467,6.873974
R,0.5796325,1.208201,-0.1045331,0.01022684,0.06548184,0.02032713,1.192792,3.089496,0.6939735,6.889046
R,0.5796006,1.209232,-0.104153,-0.001180497,0.03823129,0.01409494,-0.4230851,-1.010692,-0.2311448,6.916008
R,0.5793111,1.211331,-0.1033728,-0.01949313,0.1413473,0.05252321,-1.232806,6.941765,2.586991,6.930862
R,0.5792099,1.212318,-0.1030041,-0.003760548,0.03668363,0.01371038,0.5849103,-3.891213,-1.442994,6.95776
R,0.5787997,1.213877,-0.1028779,-0.03180457,0.1208407,0.009782378,-2.174378,6.525075,-0.3045554,6.970657
R,0.578617,1.21464,-0.1028228,-0.01086802,0.04536496,0.00327884,1.245098,-4.488548,-0.3867658,6.987473
R,0.5780402,1.216146,-0.1016577,-0.02236502,0.05843658,0.04518017,-0.4458383,0.5069003,1.624879,7.01326
R,0.5775116,1.217814,-0.0998988,-0.03851532,0.1214824,0.1281485,-1.176683,4.59341,6.044924,7.026985
R,0.577551,1.217957,-0.09935955,0.001395504,0.005054215,0.0191003,1.413645,-4.123897,-3.862494,7.055218
R,0.5773864,1.217989,-0.09945897,-0.01188877,0.002332989,-0.007179752,-0.9593371,-0.196516,-1.89784,7.069065
R,0.5772845,1.218015,-0.09951908,-0.003648607,0.0009430902,-0.002151825,0.2949761,-0.04975469,0.1799865,7.097
R,0.5770276,1.218133,-0.09944981,-0.01850691,0.008521166,0.00499126,-1.070647,0.5460547,0.5147105,7.110878
R,0.5768721,1.218211,-0.09940299,-0.00554182,0.002752855,0.001668759,0.4620337,-0.2055639,-0.1184032,7.138939
R,0.5767772,1.217989,-0.09946261,-0.007018905,-0.01641859,-0.004409962,-0.1092576,-1.418081,-0.4496332,7.152458
R,0.5767822,1.217948,-0.09953554,0.0001751824,-0.001443672,-0.002582621,0.2547463,0.5302697,0.0647071,7.180698
R,0.5768359,1.217778,-0.09964318,0.003850751,-0.01217555,-0.007709507,0.2632591,-0.7686602,-0.3672084,7.19466
R,0.5768893,1.217603,-0.09968556,0.001913309,-0.006267957,-0.001520226,-0.06948815,0.2118811,0.2219843,7.222542
R,0.576926,1.217258,-0.09984847,0.002679566,-0.02518618,-0.01188894,0.05592138,-1.380651,-0.7567084,7.236244
R,0.5769492,1.217053,-0.09994543,0.0008483077,-0.007519191,-0.003547518,-0.06699976,0.6463774,0.3051855,7.263577
R,0.5775107,1.216274,-0.1009494,0.0398774,-0.05532037,-0.07130308,2.771943,-3.394959,-4.812169,7.277657
R,0.5779003,1.215756,-0.1016305,0.0139842,-0.01856431,-0.02444588,-0.9293191,1.319192,1.681727,7.305519
R,0.5780742,1.215189,-0.1016284,0.01216158,-0.03966891,0.0001474351,-0.1274449,-1.475712,1.719656,7.31982
R,0.5782641,1.215197,-0.1016389,0.006872756,0.0002848363,-0.0003811305,-0.1914698,1.446435,-0.01913552,7.347443
R,0.578638,1.215164,-0.1016568,0.0253967,-0.002210168,-0.00121286,1.258016,-0.1694431,-0.05648522,7.362167
R,0.5788653,1.215077,-0.1016645,0.008437633,-0.003252903,-0.0002854589,-0.6296157,-0.03871218,0.03443035,7.389103
R,0.5790244,1.215003,-0.1016173,0.01082917,-0.005031161,0.003208887,0.1627958,-0.1210489,0.2378659,7.403793
R,0.5791141,1.214962,-0.1015883,0.003335077,-0.00153347,0.001078637,-0.2786174,0.1300381,-0.07919901,7.430691
R,0.5791693,1.214931,-0.1015879,0.003686306,-0.002046178,2.786624E-05,0.02345799,-0.03424288,-0.07017916,7.445663
R,0.5791959,1.214916,-0.1015884,0.001004577,-0.0005676085,-1.717466E-05,-0.1013405,0.05587404,-0.001702062,7.472126
R,0.5789711,1.215161,-0.1013288,-0.01506168,0.01640405,0.01739734,-1.076879,1.137566,1.167249,7.487045
R,0.5791422,1.215275,-0.101143,0.006414497,0.004295702,0.006967105,0.8053001,-0.4540312,-0.3911064,7.513714
R,0.5793939,1.215323,-0.1009211,0.01777118,0.003383383,0.01566603,0.8018004,-0.06441124,0.6141586,7.527878
R,0.5794218,1.215224,-0.100913,0.0009449463,-0.003383191,0.0002756936,-0.5712115,-0.2297095,-0.5224662,7.557335
R,0.5795872,1.215383,-0.1005136,0.006425515,0.006191649,0.01551675,0.2129073,0.3719601,0.5920793,7.583076
R,0.5795851,1.215553,-0.1001607,-0.0001515729,0.01235969,0.02563747,-0.477867,0.4481469,0.7353344,7.59684
R,0.579433,1.215615,-0.1000891,-0.005446014,0.002224518,0.002565828,-0.1896306,-0.3630105,-0.8263551,7.62476
R,0.5789588,1.215811,-0.09992477,-0.03322975,0.01371625,0.01151305,-1.946897,0.8052631,0.6269607,7.63903
R,0.5785732,1.215968,-0.09980032,-0.01408754,0.005722996,0.004546766,0.6993749,-0.2920396,-0.2545183,7.666401
R,0.5785094,1.216015,-0.09959832,-0.004527146,0.003350934,0.01433878,0.6786355,-0.1683785,0.6950768,7.680489
R,0.5784738,1.21604,-0.09948051,-0.001273164,0.0009197438,0.004208041,0.11623,-0.08684044,-0.3618631,7.708485
R,0.5783095,1.216079,-0.09985149,-0.01133337,0.002630887,-0.02558537,-0.6938231,0.1180126,-2.054766,7.722984
R,0.5782069,1.21615,-0.1000465,-0.00376989,0.002611103,-0.007166022,0.2779644,-0.0007270568,0.6769272,7.750195
R,0.5781053,1.216319,-0.1003736,-0.007126606,0.01190277,-0.02295131,-0.2355308,0.6519686,-1.107607,7.764446
R,0.578102,1.216445,-0.1005457,-0.0001219852,0.004578802,-0.006291225,0.2559904,-0.2676612,0.6088585,7.791809
R,0.5779324,1.216664,-0.1007292,-0.0114847,0.01483406,-0.01242242,-0.7692838,0.6943067,-0.4150971,7.80658
R,0.5778309,1.216795,-0.1008343,-0.003788284,0.004892272,-0.003925447,0.287403,-0.3712509,0.3172978,7.833359
R,0.5776752,1.216995,-0.1011875,-0.01072731,0.01382685,-0.02432836,-0.4779356,0.6153827,-1.405282,7.847878
R,0.577572,1.217129,-0.1014236,-0.003761655,0.004861884,-0.008612123,0.2541057,-0.3270405,0.5733256,7.87529
R,0.5774173,1.217493,-0.1015073,-0.0102032,0.02398164,-0.005517075,-0.4245945,1.260279,0.2040102,7.890461
R,0.5773209,1.217724,-0.1015535,-0.0036754,0.008833697,-0.001763214,0.2490864,-0.5780121,0.143239,7.916668
R,0.5772885,1.217998,-0.1015562,-0.002377622,0.02009615,-0.0001923077,0.09516216,0.825842,0.1151899,7.930305
R,0.5773706,1.218044,-0.1015027,0.002885453,0.001624899,0.00187722,0.1848946,-0.6489049,0.07270359,7.958771
R,0.5773226,1.21811,-0.1013218,-0.003459821,0.004747596,0.01302906,-0.4569713,0.2248891,0.8031286,7.972656
R,0.5772946,1.218142,-0.1012069,-0.001002423,0.001138923,0.0041102,0.08793233,-0.129128,-0.3191408,8.000603
R,0.5772092,1.218396,-0.1009299,-0.005824824,0.01731595,0.01889461,-0.3288667,1.103202,1.008232,8.015266
R,0.577215,1.218583,-0.100699,0.0002153794,0.006954313,0.008600467,0.2250111,-0.3859941,-0.3834797,8.04211
R,0.5767881,1.218764,-0.1005375,-0.02923716,0.01240365,0.01106192,-2.017457,0.3732715,0.1686063,8.056709
R,0.5764573,1.218889,-0.1004237,-0.01253523,0.004734027,0.004313645,0.6328868,-0.2906251,-0.2557128,8.083099
R,0.5760703,1.220253,-0.0997982,-0.02722843,0.09598094,0.04400507,-1.033745,6.419708,2.792504,8.097313
R,0.5758251,1.221161,-0.09939079,-0.008865156,0.03282737,0.01472911,0.6638838,-2.283179,-1.058408,8.124973
R,0.5756807,1.221606,-0.09853805,-0.0102502,0.03157164,0.0605474,-0.09834284,-0.08916079,3.253248,8.139057
R,0.5755969,1.22166,-0.09829146,-0.002996692,0.001939538,0.008817436,0.2593731,-1.059593,-1.849775,8.167023
R,0.575472,1.22171,-0.09795642,-0.008837021,0.003541554,0.02369943,-0.4131158,0.1133187,1.052678,8.18116
R,0.5753976,1.221739,-0.09775414,-0.002698883,0.001037201,0.007333064,0.2225247,-0.09078982,-0.5933264,8.208744
R,0.5748366,1.222278,-0.097311,-0.03883351,0.03731516,0.03067495,-2.501314,2.511235,1.615773,8.22319
R,0.5747389,1.222372,-0.09722592,-0.003649099,0.003540004,0.003178211,1.314247,-1.261606,-1.027088,8.249962
R,0.5745163,1.22254,-0.0971652,-0.01596272,0.0120554,0.004354587,-0.883158,0.6107417,0.08437203,8.263905
R,0.5743224,1.22267,-0.09716523,-0.006933314,0.004646365,-1.06568E-06,0.3228762,-0.2649345,-0.1557507,8.29187
R,0.5739685,1.22293,-0.09692104,-0.0253778,0.0186423,0.01750921,-1.322514,1.003542,1.255529,8.305817
R,0.573738,1.223099,-0.09675901,-0.008272436,0.006036932,0.00581552,0.6139197,-0.4524126,-0.419692,8.333679
R,0.5736432,1.223199,-0.09632565,-0.00655854,0.006921528,0.02998985,0.1186081,0.06121746,1.672956,8.348129
R,0.5736685,1.223046,-0.09615485,0.0009353381,-0.005656148,0.006321529,0.2773507,-0.4655037,-0.875972,8.375149
R,0.5728492,1.223595,-0.095385,-0.06241373,0.0418483,0.05864881,-4.82609,3.619008,3.986423,8.388275
R,0.5721776,1.224051,-0.09476621,-0.02343542,0.01592452,0.02159384,1.360214,-0.9046543,-1.293096,8.416931
R,0.5715001,1.224304,-0.09446031,-0.04951474,0.0184869,0.02235558,-1.905921,0.1872627,0.05566937,8.430614
R,0.5711714,1.224426,-0.09432293,-0.0116986,0.004331557,0.004888911,1.345815,-0.5037656,-0.6216103,8.458714
R,0.5710986,1.224402,-0.0939144,-0.005246977,-0.001751855,0.02942945,0.4647578,-0.438233,1.767836,8.472595
R,0.5710528,1.224383,-0.09363829,-0.001641362,-0.0006753522,0.009900535,0.1292833,0.0385992,-0.7002307,8.500484
R,0.5712092,1.224287,-0.09314283,0.01099785,-0.006781451,0.03483929,0.8887593,-0.4293662,1.753633,8.514706
R,0.5705423,1.22506,-0.09175226,-0.02298048,0.02666952,0.04792025,-1.170924,1.15275,0.4507815,8.543724
R,0.568519,1.227308,-0.08894832,-0.1462786,0.1625069,0.2027129,-8.913918,9.820451,11.19084,8.557556
R,0.5675659,1.228383,-0.08762708,-0.0353658,0.03988411,0.04902413,4.115376,-4.549869,-5.702562,8.584507
R,0.5668194,1.229218,-0.08661391,-0.05375601,0.06010474,0.07296585,-1.324418,1.456241,1.724225,8.598392
R,0.5664441,1.229919,-0.0860613,-0.01398985,0.02614016,0.02059765,1.482221,-1.265976,-1.951942,8.625221
R,0.5650393,1.231387,-0.08468664,-0.09394531,0.09819834,0.09192792,-5.346899,4.81878,4.770102,8.640175
R,0.5642742,1.232198,-0.08392119,-0.02963832,0.03139777,0.02965246,2.491162,-2.587759,-2.412463,8.665989
R,0.562238,1.233449,-0.08260089,-0.1344837,0.08264834,0.08720317,-6.924811,3.38499,3.801102,8.681129
R,0.5615695,1.233826,-0.08187968,-0.02538978,0.01429632,0.02738845,4.14288,-2.595693,-2.271486,8.707462
R,0.5609335,1.234031,-0.08066074,-0.04546462,0.01466628,0.08713856,-1.435097,0.02644748,4.271375,8.721451
R,0.5605572,1.23417,-0.07994568,-0.01297903,0.004790296,0.02466437,1.120513,-0.3406487,-2.154899,8.750443
R,0.5601219,1.234494,-0.07932524,-0.01579587,0.01177499,0.0225142,-0.1022174,0.2534599,-0.07802524,8.778
R,0.559622,1.235061,-0.07882901,-0.03405178,0.03863208,0.03380561,-1.243679,1.829633,0.7692243,8.792679
R,0.5592998,1.235433,-0.07851011,-0.01236417,0.01424155,0.0122344,0.8320323,-0.9357283,-0.8275666,8.818745
R,0.5586542,1.23585,-0.07711617,-0.04616322,0.02982645,0.0996765,-2.416863,1.114426,6.252707,8.832729
R,0.5582481,1.236119,-0.07623805,-0.01503788,0.009976692,0.03251778,1.15261,-0.7350606,-2.48697,8.859734
R,0.5578035,1.236169,-0.07642903,-0.02903899,0.003269806,-0.01247246,-0.9143765,-0.4380094,-2.938197,8.875046
R,0.5574988,1.236208,-0.07655336,-0.01179607,0.001500185,-0.00481415,0.6676703,-0.06852223,0.2965406,8.900871
R,0.5573077,1.236871,-0.07600662,-0.01265313,0.04393471,0.03620213,-0.05675027,2.809789,2.71588,8.915974
R,0.5570472,1.237639,-0.07553422,-0.009906712,0.02919658,0.01796314,0.1044325,-0.5604163,-0.6935365,8.942272
R,0.5569843,1.239824,-0.0749897,-0.004102632,0.1425072,0.03552568,0.3786722,7.392654,1.145822,8.9576
R,0.5569519,1.241075,-0.07469035,-0.001217068,0.04696449,0.01123606,0.1083095,-3.586188,-0.9117092,8.984241
R,0.5566301,1.244585,-0.07449299,-0.02108594,0.2300391,0.01293408,-1.302126,11.99797,0.1112814,8.9995
R,0.5564673,1.246433,-0.07439333,-0.006129739,0.06958555,0.003751436,0.5629922,-6.039909,-0.3456599,9.026066
R,0.5525854,1.250926,-0.07169997,-0.2629482,0.3043039,0.1824416,-17.39623,15.89923,12.10402,9.040829
R,0.5508209,1.253187,-0.07043115,-0.06307957,0.08084174,0.04535842,7.145009,-7.988446,-4.900521,9.068802
R,0.5449241,1.259461,-0.06917252,-0.397275,0.422642,0.08479655,-22.51537,23.02773,2.657021,9.083645
R,0.5413574,1.263236,-0.06784724,-0.138724,0.1468379,0.05154511,10.05602,-10.72706,-1.293274,9.109356
R,0.5328043,1.27204,-0.0615478,-0.5491443,0.5652553,0.4044478,-26.35053,26.86398,22.65768,9.124931
R,0.5291588,1.276231,-0.05876234,-0.1404321,0.1614622,0.107302,15.74452,-15.55503,-11.44673,9.15089
R,0.5217893,1.284912,-0.0509933,-0.5099987,0.6007375,0.5376471,-25.57541,30.39952,29.78152,9.16534
R,0.5182742,1.28934,-0.04733298,-0.1315047,0.1656558,0.1369391,14.16012,-16.27716,-14.99118,9.19207
R,0.5079158,1.29628,-0.04090676,-0.6844947,0.4585723,0.4246521,-36.54223,19.35627,19.01241,9.207203
R,0.5032101,1.300164,-0.03756491,-0.1812197,0.1495749,0.1286976,19.3816,-11.89978,-11.39748,9.23317
R,0.4894777,1.310493,-0.02731135,-0.9592014,0.7214728,0.716203,-54.34139,39.94661,41.03677,9.247486
R,0.482374,1.317473,-0.02013014,-0.2584207,0.2539507,0.2612421,25.4934,-17.00779,-16.55083,9.274975
R,0.4690479,1.325015,-0.01184251,-0.9385705,0.5311996,0.5837059,-47.90359,19.52691,22.71143,9.289173
R,0.4619149,1.328075,-0.008126605,-0.2584842,0.1108654,0.134656,24.64481,-15.23198,-16.27257,9.316769
R,0.44319,1.341227,0.005749713,-1.279287,0.8985617,0.9480307,-69.7413,53.81545,55.5698,9.331406
R,0.4347966,1.348126,0.01290593,-0.3098529,0.254678,0.2641824,35.78811,-23.76993,-25.24528,9.358494
R,0.4142451,1.360432,0.02238185,-1.433214,0.8582153,0.6608287,-78.34064,42.08929,27.6612,9.372833
R,0.4049185,1.367229,0.0279357,-0.3397151,0.2475641,0.2022939,39.82969,-22.2424,-16.7017,9.400288
R,0.3776378,1.372146,0.03160665,-1.785635,0.3218477,0.2402791,-94.64151,4.862171,2.486292,9.415565
R,0.3636688,1.376329,0.03457223,-0.5356774,0.16041,0.1137228,47.93285,-6.190744,-4.853127,9.441643
R,0.3407222,1.388194,0.04038665,-1.541198,0.796895,0.3905242,-67.53555,42.74936,18.59129,9.456532
R,0.3301729,1.39738,0.0439626,-0.3984803,0.3469831,0.1350738,43.16378,-16.99448,-9.649104,9.483006
R,0.3085114,1.408137,0.05076702,-1.536372,0.7629448,0.4826132,-80.70655,29.50267,24.64972,9.497105
R,0.2976157,1.414471,0.05485674,-0.3968635,0.2307081,0.1489644,41.50552,-19.38622,-12.15285,9.524559
R,0.2773575,1.431024,0.06535318,-1.424511,1.164012,0.7380845,-72.26173,65.6277,41.42551,9.53878
R,0.2667668,1.439986,0.07097935,-0.3838343,0.3247874,0.2039078,37.71703,-30.41583,-19.36005,9.566372
R,0.2393928,1.436053,0.07992849,-1.94207,-0.2790426,0.634902,-110.55,-42.83909,30.57714,9.580467
R,0.2238899,1.435369,0.08200894,-0.5603945,-0.02469577,0.07520366,49.94457,9.194084,-20.23188,9.608131
R,0.1968975,1.431632,0.08380321,-1.693203,-0.234461,0.1125526,-71.05981,-13.15834,2.342859,9.624073
R,0.1842069,1.42872,0.08418103,-0.499665,-0.1146318,0.01487578,46.99291,4.718008,-3.845809,9.649471
R,0.1469743,1.417039,0.0833417,-2.598593,-0.8153039,-0.05857971,-146.4913,-48.90228,-5.126708,9.663799
R,0.1310642,1.413472,0.08398395,-0.5810441,-0.1302417,0.02345546,73.68185,25.0188,2.995964,9.691181
R,0.1049481,1.411248,0.08064538,-1.711114,-0.145737,-0.2187417,-74.04176,-1.015246,-15.86867,9.706444
R,0.09134497,1.41034,0.08004738,-0.517634,-0.03454783,-0.02275565,45.41496,4.231031,7.457768,9.732723
R,0.06931784,1.406617,0.07547126,-1.429277,-0.2415842,-0.2969311,-59.1539,-13.43399,-17.79046,9.748135
R,0.05799881,1.403835,0.07407699,-0.4234644,-0.1040656,-0.05216212,37.62919,5.144808,9.15723,9.774864
R,0.04196263,1.403818,0.07443719,-1.058356,-0.001117195,0.02377236,-41.90156,6.794386,5.011523,9.790016
R,0.03479594,1.405449,0.07553313,-0.271293,0.06174188,0.04148663,29.79405,2.379513,0.6705688,9.816433
R,0.02389182,1.401315,0.07081673,-0.7432272,-0.2818106,-0.3214704,-32.16711,-23.4166,-24.73921,9.831104
R,0.01606462,1.399535,0.06909609,-0.2907132,-0.06610407,-0.06390715,16.807,8.011644,9.566257,9.858028
R,0.01075401,1.394995,0.06396569,-0.1942707,-0.1660838,-0.1876782,3.528022,-3.657421,-4.52775,9.885365
R,0.07316858,0.8720569,0.268189,0.001999217,-0.01675036,0.006541531,0.006286773,0.004783337,0.006221104,41.10487
R,0.07222527,0.8712685,0.2674466,-0.03498631,-0.02924271,-0.02753497,-1.371751,-0.4633269,-1.263858,41.13183
R,0.07158645,0.8708343,0.267681,-0.04140973,-0.02814355,0.01519226,-0.4163851,0.07125127,2.769705,41.14726
R,0.07121456,0.870588,0.2678451,-0.01429028,-0.009463867,0.006306572,1.042099,0.7177903,-0.3414438,41.17328
R,0.07143629,0.8704349,0.2679129,0.008016972,-0.005534483,0.002451509,0.806581,0.1420779,-0.1393906,41.20094
R,0.07168081,0.8702954,0.2682441,0.01292852,-0.007377597,0.01751116,0.259688,-0.09745086,0.7962477,41.21985
R,0.07181428,0.8702558,0.2684158,0.006424942,-0.001907937,0.008262945,-0.3130507,0.2632829,-0.4451639,41.24063
R,0.07216229,0.8701715,0.2689056,0.02405815,-0.005826411,0.03386241,1.218998,-0.2708872,1.769711,41.25509
R,0.07252742,0.8702229,0.2690101,0.02456797,0.003457071,0.007032453,0.03430301,0.624643,-1.805265,41.26995
R,0.07253059,0.8702233,0.269011,0.0001192298,1.571028E-05,3.254273E-05,-0.9205816,-0.1295795,-0.2635715,41.29651
R,0.07347162,0.8699446,0.2684883,0.06420758,-0.01901272,-0.03566055,4.372821,-1.298331,-2.43538,41.31117
R,0.07414084,0.8697473,0.2681049,0.04648427,-0.01370396,-0.02663164,-1.23107,0.3687493,0.6271525,41.32557
R,0.07476231,0.8695517,0.2676936,0.04282755,-0.01348498,-0.02834393,-0.2519945,0.01509038,-0.1179986,41.34008
R,0.07643407,0.868846,0.267592,0.06621943,-0.0279517,-0.00402666,0.9265701,-0.5730378,0.9632255,41.36532
R,0.07949944,0.8675371,0.2674107,0.2122473,-0.09062995,-0.01255241,10.11102,-4.339864,-0.5903262,41.37976
R,0.08098578,0.8669136,0.2673244,0.09601694,-0.04027923,-0.005573481,-7.508403,3.252622,0.4508342,41.39524
R,0.08338068,0.867548,0.2667483,0.09098675,0.02410326,-0.02188632,-0.1911062,2.446012,-0.6197556,41.42157
R,0.08792169,0.8699313,0.2681076,0.3041381,0.1596273,0.09103937,14.27602,9.076856,7.563309,41.4365
R,0.09012912,0.8709869,0.2687285,0.08423086,0.0402793,0.02369109,-8.391173,-4.554056,-2.569861,41.4627
R,0.09408505,0.8801462,0.2520263,0.2500057,0.5788445,-1.055543,10.47658,34.03608,-68.20507,41.47853
R,0.09646071,0.8867767,0.2432396,0.09171806,0.2559877,-0.3392299,-6.111067,-12.46465,27.65494,41.50443
R,0.101216,0.9024332,0.2203346,0.2806318,0.9239609,-1.351736,11.14872,39.42035,-59.75288,41.52137
R,0.1043156,0.9150149,0.2082814,0.1308877,0.5312852,-0.5089678,-6.323215,-16.58144,35.5874,41.54506
R,0.1138239,0.9285593,0.1781805,0.6566246,0.9353514,-2.078707,36.30631,27.90398,-108.403,41.55954
R,0.1183154,0.9356711,0.1665728,0.3209946,0.5082641,-0.8295744,-23.98674,-30.523,89.27283,41.57353
R,0.1218423,0.9414874,0.1560129,0.2199263,0.3626792,-0.6584707,-6.302198,-9.078071,10.66931,41.58957
R,0.1251146,0.9470644,0.1461401,0.1254459,0.2138029,-0.3784881,-3.622037,-5.707372,10.73351,41.61565
R,0.1298509,0.9514619,0.1153952,0.3258797,0.3025672,-2.115381,13.79069,6.107358,-119.5055,41.63018
R,0.1327255,0.9551255,0.1025869,0.1067067,0.1359919,-0.4754463,-8.13578,-6.183336,60.87497,41.65712
R,0.1395831,0.9620561,0.08095553,0.4574199,0.4622972,-1.442887,23.39373,21.76564,-64.53148,41.67212
R,0.1406855,0.9635205,0.06762158,0.04126325,0.05480797,-0.4990597,-15.57581,-15.25141,35.32533,41.69883
R,0.1434179,0.9676198,0.04380782,0.1820696,0.2731595,-1.586842,9.382698,14.54996,-72.48489,41.71384
R,0.145439,0.9706849,0.03218317,0.08281152,0.1255861,-0.4762942,-4.066881,-6.046494,45.50225,41.73825
R,0.1493725,0.973451,0.02363225,0.2768948,0.1947167,-0.6019266,13.66213,4.866318,-8.843662,41.75245
R,0.1518496,0.9742957,0.02254226,0.1686577,0.05751218,-0.07421634,-7.369796,-9.342167,35.93145,41.76714
R,0.154227,0.9756842,0.01933193,0.1601332,0.09352518,-0.2162304,-0.5741646,2.425641,-9.565298,41.78199
R,0.1604204,0.9741859,0.01858355,0.2224657,-0.05381826,-0.02688176,2.238983,-5.292572,6.8014,41.80983
R,0.1578253,0.9722844,0.01849044,-0.0967419,-0.07088577,-0.003471019,-11.89965,-0.6362552,0.8727227,41.83665
R,0.1553016,0.9810066,0.01392604,-0.1698978,0.5871774,-0.3072752,-4.924853,44.3008,-20.45209,41.85151
R,0.1551037,0.9922519,0.009812264,-0.01290423,0.7333022,-0.2682593,10.23754,9.528793,2.544228,41.86684
R,0.1553033,1.000037,0.005654444,0.007927286,0.3091393,-0.1650935,0.8271518,-16.84213,4.096378,41.89202
R,0.1579466,1.013308,0.006477308,0.177944,0.8933937,0.05539513,11.44552,39.33199,14.84329,41.90688
R,0.1592914,1.020187,0.005062749,0.09365971,0.4790781,-0.098517,-5.869987,-28.85503,-10.71922,41.92124
R,0.1604434,1.02579,0.00304469,0.07329623,0.3564927,-0.1284035,-1.295671,-7.799763,-1.901591,41.93695
R,0.1674544,1.01386,-0.009222346,0.2767931,-0.4710043,-0.4842967,8.033959,-32.66919,-14.05049,41.96228
R,0.171434,1.002328,-0.01781796,0.2684547,-0.7778805,-0.5798478,-0.5625,-20.70143,-6.445739,41.97711
R,0.1760893,0.9969181,-0.01589429,0.3345305,-0.388779,0.138234,4.748184,27.9607,51.60111,41.99102
R,0.1795491,0.993649,-0.01558721,0.1148338,-0.1085065,0.01019258,-7.291995,9.302576,-4.249849,42.02115
R,0.1735731,1.015877,-0.02153757,-0.04781925,0.1778646,-0.04761457,-1.301542,2.291528,-0.4625701,42.14612
R,0.1658946,1.039576,-0.03568343,-0.3038743,0.9378915,-0.5598204,-10.13335,30.07797,-20.27048,42.17139
R,0.1658946,1.039576,-0.03568343,0,0,0,10.69533,-33.01056,19.70375,42.1998
R,0.1658946,1.039576,-0.03568343,0,0,0,0,0,0,42.22692
R,0.1658946,1.039576,-0.03568343,0,0,0,0,0,0,42.25347
R,0.1658946,1.039576,-0.03568343,0,0,0,0,0,0,42.28016
R,0.1658946,1.039576,-0.03568343,0,0,0,0,0,0,42.29378
R,0.1658946,1.039576,-0.03568343,0,0,0,0,0,0,42.311
R,0.1658946,1.039576,-0.03568343,0,0,0,0,0,0,42.33623
R,0.1658946,1.039576,-0.03568343,0,0,0,0,0,0,42.35187
R,0.1658946,1.039576,-0.03568343,0,0,0,0,0,0,42.37858
R,0.1658946,1.039576,-0.03568343,0,0,0,0,0,0,42.39243
R,0.1658946,1.039576,-0.03568343,0,0,0,0,0,0,42.42069
R,0.1658946,1.039576,-0.03568343,0,0,0,0,0,0,42.43877
R,0.1658946,1.039576,-0.03568343,0,0,0,0,0,0,42.46147
R,0.1658946,1.039576,-0.03568343,0,0,0,0,0,0,42.4773
R,0.1658946,1.039576,-0.03568343,0,0,0,0,0,0,42.50313
R,0.1658946,1.039576,-0.03568343,0,0,0,0,0,0,42.51857
R,0.1658946,1.039576,-0.03568343,0,0,0,0,0,0,42.54464
R,0.1658946,1.039576,-0.03568343,0,0,0,0,0,0,42.55849
R,0.1658946,1.039576,-0.03568343,0,0,0,0,0,0,42.57436
R,0.1658946,1.039576,-0.03568343,0,0,0,0,0,0,42.60056
R,0.1658946,1.039576,-0.03568343,0,0,0,0,0,0,42.61669
R,0.1658946,1.039576,-0.03568343,0,0,0,0,0,0,42.64231
R,0.1658946,1.039576,-0.03568343,0,0,0,0,0,0,42.65852
R,0.1658946,1.039576,-0.03568343,0,0,0,0,0,0,42.68415
R,0.1658946,1.039576,-0.03568343,0,0,0,0,0,0,42.69877
R,0.1658946,1.039576,-0.03568343,0,0,0,0,0,0,42.71395
R,0.1658946,1.039576,-0.03568343,0,0,0,0,0,0,42.73788
R,0.1658946,1.039576,-0.03568343,0,0,0,0,0,0,42.75215
R,0.1658946,1.039576,-0.03568343,0,0,0,0,0,0,42.76854
R,0.1658946,1.039576,-0.03568343,0,0,0,0,0,0,42.79468
R,0.1658946,1.039576,-0.03568343,0,0,0,0,0,0,42.8093
R,0.1658946,1.039576,-0.03568343,0,0,0,0,0,0,42.83715
R,0.1658946,1.039576,-0.03568343,0,0,0,0,0,0,42.85257
R,0.1658946,1.039576,-0.03568343,0,0,0,0,0,0,42.87857
R,0.1658946,1.039576,-0.03568343,0,0,0,0,0,0,42.89187
R,0.1658946,1.039576,-0.03568343,0,0,0,0,0,0,42.90739
R,0.1658946,1.039576,-0.03568343,0,0,0,0,0,0,42.92337
R,0.1658946,1.039576,-0.03568343,0,0,0,0,0,0,42.94804
R,0.1658946,1.039576,-0.03568343,0,0,0,0,0,0,42.96215
R,0.1658946,1.039576,-0.03568343,0,0,0,0,0,0,42.97703
R,0.1658946,1.039576,-0.03568343,0,0,0,0,0,0,43.00444
R,0.1658946,1.039576,-0.03568343,0,0,0,0,0,0,43.0193
R,0.1658946,1.039576,-0.03568343,0,0,0,0,0,0,43.03384
R,0.1658946,1.039576,-0.03568343,0,0,0,0,0,0,43.05991
R,0.1658946,1.039576,-0.03568343,0,0,0,0,0,0,43.07467
R,0.1658946,1.039576,-0.03568343,0,0,0,0,0,0,43.08866
R,0.1658946,1.039576,-0.03568343,0,0,0,0,0,0,43.10389
R,0.1658946,1.039576,-0.03568343,0,0,0,0,0,0,43.12933
R,0.1658946,1.039576,-0.03568343,0,0,0,0,0,0,43.14359
R,0.1658946,1.039576,-0.03568343,0,0,0,0,0,0,43.15735
R,0.1658946,1.039576,-0.03568343,0,0,0,0,0,0,43.17131
R,0.1658946,1.039576,-0.03568343,0,0,0,0,0,0,43.18503
R,0.1658946,1.039576,-0.03568343,0,0,0,0,0,0,43.19889
R,0.1658946,1.039576,-0.03568343,0,0,0,0,0,0,43.21375
R,0.1658946,1.039576,-0.03568343,0,0,0,0,0,0,43.22831
R,0.1658946,1.039576,-0.03568343,0,0,0,0,0,0,43.25557
R,0.1658946,1.039576,-0.03568343,0,0,0,0,0,0,43.28279
R,0.1658946,1.039576,-0.03568343,0,0,0,0,0,0,43.29671
R,0.1658946,1.039576,-0.03568343,0,0,0,0,0,0,43.31021
R,0.1658946,1.039576,-0.03568343,0,0,0,0,0,0,43.32478
R,0.1658946,1.039576,-0.03568343,0,0,0,0,0,0,43.34026
R,0.1658946,1.039576,-0.03568343,0,0,0,0,0,0,43.35463
R,0.1658946,1.039576,-0.03568343,0,0,0,0,0,0,43.38042
R,0.1658946,1.039576,-0.03568343,0,0,0,0,0,0,43.39366
R,0.1658946,1.039576,-0.03568343,0,0,0,0,0,0,43.40787
R,0.1658946,1.039576,-0.03568343,0,0,0,0,0,0,43.42179
R,0.1658946,1.039576,-0.03568343,0,0,0,0,0,0,43.43642
R,0.1658946,1.039576,-0.03568343,0,0,0,0,0,0,43.44953
R,0.1658946,1.039576,-0.03568343,0,0,0,0,0,0,43.46468
R,0.1658946,1.039576,-0.03568343,0,0,0,0,0,0,43.49247
R,0.1658946,1.039576,-0.03568343,0,0,0,0,0,0,43.50669
R,0.1658946,1.039576,-0.03568343,0,0,0,0,0,0,43.5332
R,0.1658946,1.039576,-0.03568343,0,0,0,0,0,0,43.54714
R,0.1658946,1.039576,-0.03568343,0,0,0,0,0,0,43.56073
R,0.1658946,1.039576,-0.03568343,0,0,0,0,0,0,43.57519
R,0.1658946,1.039576,-0.03568343,0,0,0,0,0,0,43.59053
R,0.1658946,1.039576,-0.03568343,0,0,0,0,0,0,43.60387
R,0.1658946,1.039576,-0.03568343,0,0,0,0,0,0,43.61747
R,0.1658946,1.039576,-0.03568343,0,0,0,0,0,0,43.64496
R,0.1658946,1.039576,-0.03568343,0,0,0,0,0,0,43.65993
R,0.1658946,1.039576,-0.03568343,0,0,0,0,0,0,43.67395
R,0.1658946,1.039576,-0.03568343,0,0,0,0,0,0,43.70031
R,0.1658946,1.039576,-0.03568343,0,0,0,0,0,0,43.71517
R,0.1658946,1.039576,-0.03568343,0,0,0,0,0,0,43.7296
R,0.1658946,1.039576,-0.03568343,0,0,0,0,0,0,43.7436
R,0.1658946,1.039576,-0.03568343,0,0,0,0,0,0,43.76943
R,0.1658946,1.039576,-0.03568343,0,0,0,0,0,0,43.78428
R,0.1658946,1.039576,-0.03568343,0,0,0,0,0,0,43.79826
R,0.1658946,1.039576,-0.03568343,0,0,0,0,0,0,43.81163
R,0.1658946,1.039576,-0.03568343,0,0,0,0,0,0,43.82618
R,0.1658946,1.039576,-0.03568343,0,0,0,0,0,0,43.84079
R,0.1658946,1.039576,-0.03568343,0,0,0,0,0,0,43.85474
R,0.1658946,1.039576,-0.03568343,0,0,0,0,0,0,43.8805
R,0.1658946,1.039576,-0.03568343,0,0,0,0,0,0,43.8949
R,0.1658946,1.039576,-0.03568343,0,0,0,0,0,0,43.90935
R,0.1658946,1.039576,-0.03568343,0,0,0,0,0,0,43.92368
R,0.1658946,1.039576,-0.03568343,0,0,0,0,0,0,43.93821
R,0.1658946,1.039576,-0.03568343,0,0,0,0,0,0,43.95205
R,0.1658946,1.039576,-0.03568343,0,0,0,0,0,0,43.96547
R,0.1658946,1.039576,-0.03568343,0,0,0,0,0,0,43.97998
R,0.1658946,1.039576,-0.03568343,0,0,0,0,0,0,44.00607
R,0.1658946,1.039576,-0.03568343,0,0,0,0,0,0,44.02029
R,0.1658946,1.039576,-0.03568343,0,0,0,0,0,0,44.03471
R,0.1658946,1.039576,-0.03568343,0,0,0,0,0,0,44.04842
R,0.1658946,1.039576,-0.03568343,0,0,0,0,0,0,44.06209
R,0.1658946,1.039576,-0.03568343,0,0,0,0,0,0,44.07614
R,0.1658946,1.039576,-0.03568343,0,0,0,0,0,0,44.09039
R,0.1658946,1.039576,-0.03568343,0,0,0,0,0,0,44.10441
R,0.1658946,1.039576,-0.03568343,0,0,0,0,0,0,44.12003
R,0.1658946,1.039576,-0.03568343,0,0,0,0,0,0,44.14531
R,0.1658946,1.039576,-0.03568343,0,0,0,0,0,0,44.15985
R,0.1658946,1.039576,-0.03568343,0,0,0,0,0,0,44.17315
R,0.1658946,1.039576,-0.03568343,0,0,0,0,0,0,44.18742
R,0.1658946,1.039576,-0.03568343,0,0,0,0,0,0,44.20121
R,0.1658946,1.039576,-0.03568343,0,0,0,0,0,0,44.2164
R,0.1658946,1.039576,-0.03568343,0,0,0,0,0,0,44.23062
R,0.1658946,1.039576,-0.03568343,0,0,0,0,0,0,44.24508
R,0.1658946,1.039576,-0.03568343,0,0,0,0,0,0,44.27051
R,0.1658946,1.039576,-0.03568343,0,0,0,0,0,0,44.28553
R,0.1658946,1.039576,-0.03568343,0,0,0,0,0,0,44.29969
R,0.1658946,1.039576,-0.03568343,0,0,0,0,0,0,44.31377
R,0.1658946,1.039576,-0.03568343,0,0,0,0,0,0,44.32798
R,0.1658946,1.039576,-0.03568343,0,0,0,0,0,0,44.35353
R,0.1658946,1.039576,-0.03568343,0,0,0,0,0,0,44.36763
R,0.1658946,1.039576,-0.03568343,0,0,0,0,0,0,44.38147
R,0.1658946,1.039576,-0.03568343,0,0,0,0,0,0,44.39535
R,0.1658946,1.039576,-0.03568343,0,0,0,0,0,0,44.4104
R,0.1658946,1.039576,-0.03568343,0,0,0,0,0,0,44.42492
R,0.1658946,1.039576,-0.03568343,0,0,0,0,0,0,44.43935
R,0.1658946,1.039576,-0.03568343,0,0,0,0,0,0,44.45349
R,0.1658946,1.039576,-0.03568343,0,0,0,0,0,0,44.47933
R,0.1658946,1.039576,-0.03568343,0,0,0,0,0,0,44.4949
R,0.1658946,1.039576,-0.03568343,0,0,0,0,0,0,44.52121
R,0.1658946,1.039576,-0.03568343,0,0,0,0,0,0,44.53628
R,0.1658946,1.039576,-0.03568343,0,0,0,0,0,0,44.56265
R,0.1658946,1.039576,-0.03568343,0,0,0,0,0,0,44.57739
R,0.1658946,1.039576,-0.03568343,0,0,0,0,0,0,44.59121
R,0.1658946,1.039576,-0.03568343,0,0,0,0,0,0,44.60561
R,0.1658946,1.039576,-0.03568343,0,0,0,0,0,0,44.6201
R,0.1658946,1.039576,-0.03568343,0,0,0,0,0,0,44.64611
R,0.1658946,1.039576,-0.03568343,0,0,0,0,0,0,44.66133
R,0.1658946,1.039576,-0.03568343,0,0,0,0,0,0,44.68743
R,0.1658946,1.039576,-0.03568343,0,0,0,0,0,0,44.70166
R,0.1658946,1.039576,-0.03568343,0,0,0,0,0,0,44.71579
R,0.1658946,1.039576,-0.03568343,0,0,0,0,0,0,44.72964
R,0.1658946,1.039576,-0.03568343,0,0,0,0,0,0,44.74401
R,0.1658946,1.039576,-0.03568343,0,0,0,0,0,0,44.75928
R,0.1658946,1.039576,-0.03568343,0,0,0,0,0,0,44.77279
R,0.1658946,1.039576,-0.03568343,0,0,0,0,0,0,44.79994
R,0.1658946,1.039576,-0.03568343,0,0,0,0,0,0,44.8148
R,0.1658946,1.039576,-0.03568343,0,0,0,0,0,0,44.84072
R,0.1658946,1.039576,-0.03568343,0,0,0,0,0,0,44.85512
R,0.1658946,1.039576,-0.03568343,0,0,0,0,0,0,44.86835
R,0.1658946,1.039576,-0.03568343,0,0,0,0,0,0,44.88272
R,0.1658946,1.039576,-0.03568343,0,0,0,0,0,0,44.8964
R,0.1658946,1.039576,-0.03568343,0,0,0,0,0,0,44.90992
R,0.1658946,1.039576,-0.03568343,0,0,0,0,0,0,44.92468
R,0.1658946,1.039576,-0.03568343,0,0,0,0,0,0,44.93895
R,0.1658946,1.039576,-0.03568343,0,0,0,0,0,0,44.9534
R,0.1658946,1.039576,-0.03568343,0,0,0,0,0,0,44.96708
R,0.1658946,1.039576,-0.03568343,0,0,0,0,0,0,44.98216
R,0.1658946,1.039576,-0.03568343,0,0,0,0,0,0,45.0077
R,0.1658946,1.039576,-0.03568343,0,0,0,0,0,0,45.03592
R,0.1658946,1.039576,-0.03568343,0,0,0,0,0,0,45.05032
R,0.1658946,1.039576,-0.03568343,0,0,0,0,0,0,45.06396
R,0.1658946,1.039576,-0.03568343,0,0,0,0,0,0,45.07804
R,0.1658946,1.039576,-0.03568343,0,0,0,0,0,0,45.09095
R,0.1658946,1.039576,-0.03568343,0,0,0,0,0,0,45.1062
R,0.1658946,1.039576,-0.03568343,0,0,0,0,0,0,45.12098
R,0.1658946,1.039576,-0.03568343,0,0,0,0,0,0,45.14709
R,0.2103266,1.076367,-0.1306894,3.111,2.576005,-6.652045,217.8232,180.3644,-465.7569,45.16137
R,0.2103281,1.076364,-0.130687,0.0001056338,-0.000193662,0.0001804577,-229.7189,-190.2352,491.2228,45.17492
R,0.2321864,1.028909,-0.09403178,1.466979,-3.184884,2.460047,98.4465,-213.7346,165.0894,45.18982
R,0.2489729,1.000801,-0.06550389,1.121427,-1.877771,1.905815,-23.08469,87.32204,-37.0257,45.20478
R,0.2619376,0.976688,-0.04349726,0.5083219,-0.9454083,0.8628337,-24.03857,36.55599,-40.89308,45.23029
R,0.2192642,0.935568,-0.02071387,-2.984683,-2.876034,1.593524,-244.309,-135.0325,51.10622,45.24459
R,0.2078262,0.9192799,-0.007650542,-0.8205787,-1.168531,0.9371847,155.2564,122.4991,-47.08687,45.25853
R,0.1943854,0.9004149,0.002749749,-0.4829257,-0.6778157,0.3736807,12.13181,17.63132,-20.2466,45.28636
R,0.1647823,0.8551498,0.02429769,-1.066559,-1.630839,0.776342,-21.02748,-34.33608,14.50732,45.31411
R,0.1444471,0.8171809,0.0509382,-1.404309,-2.622057,1.839739,-23.32436,-68.45148,73.43602,45.32859
R,0.1356192,0.7995806,0.06553047,-0.6144886,-1.225119,1.01574,54.97789,97.23818,-57.35699,45.34296
R,0.1176673,0.7853325,0.0757261,-0.6696045,-0.5314546,0.3802963,-2.055819,25.87363,-23.70201,45.36977
R,0.08629493,0.7441218,0.07133666,-1.122896,-1.475031,-0.1571087,-16.22442,-33.77292,-19.23505,45.39771
R,0.07305088,0.6825917,0.05071963,-0.848863,-3.943708,-1.321426,17.56384,-158.2271,-74.62562,45.41331
R,0.07125719,0.6569712,0.04268205,-0.06924964,-0.9891384,-0.3103099,30.09882,114.0681,39.03653,45.43921
R,0.07773483,0.6125491,0.02741282,0.4349575,-2.982838,-1.025291,33.85627,-133.872,-48.00924,45.45411
R,0.08646522,0.5944756,0.0198214,0.3266659,-0.6762552,-0.2840485,-4.051957,86.30558,27.73513,45.48083
R,0.09734707,0.5790676,0.01205233,0.7269652,-1.029339,-0.519015,26.74212,-23.58785,-15.69701,45.4958
R,0.1005081,0.5663959,0.008887023,0.1179051,-0.472654,-0.1180659,-22.71791,20.76431,14.95538,45.52261
R,0.09681335,0.547738,0.007882729,-0.2493689,-1.259285,-0.06778309,-24.78853,-53.09232,3.393754,45.53743
R,0.09505714,0.5352585,0.006908112,-0.06627972,-0.470977,-0.03678232,6.909838,29.75096,1.169978,45.56392
R,0.09928285,0.522517,-0.01069716,0.2868312,-0.8648652,-1.195006,23.96839,-26.73626,-78.61769,45.57866
R,0.101498,0.5199275,-0.01750611,0.08201994,-0.09587968,-0.2521081,-7.583341,28.47245,34.91175,45.60566
R,0.1044034,0.5290821,-0.01762104,0.1984437,0.6252769,-0.007850412,7.952004,49.25661,16.68335,45.6203
R,0.1059059,0.5424376,-0.01331001,0.09981281,0.8872474,0.2863939,-6.552331,17.40345,19.54748,45.63536
R,0.106931,0.5482078,-0.011232,0.03947246,0.2221835,0.08001454,-2.323422,-25.60848,-7.946695,45.66133
R,0.0931562,0.5655353,-0.000645644,-0.89116,1.121001,0.684884,-60.20724,58.14899,39.13201,45.67678
R,0.08758963,0.5751221,0.003367783,-0.2151643,0.3705581,0.1551306,26.1292,-29.00681,-20.47651,45.70266
R,0.08184732,0.5822713,0.006987962,-0.3859776,0.4805449,0.2433354,-11.48146,7.392917,5.928813,45.71753
R,0.08027482,0.5837293,0.00799001,-0.1072374,0.09942849,0.0683353,19.00886,-25.99047,-11.93424,45.7322
R,0.07900156,0.5846773,0.008707135,-0.04790146,0.03566303,0.02697905,2.232286,-2.398928,-1.555869,45.75878
R,0.08082955,0.5876228,0.007914633,0.1276493,0.2056889,-0.0553409,12.25881,11.87301,-5.74845,45.7731
R,0.08149555,0.589444,0.007636481,0.04310812,0.1178819,-0.01800389,-5.472087,-5.683475,2.41671,45.78855
R,0.08156635,0.5888929,0.007860177,0.002761986,-0.02149833,0.008726284,-1.573884,-5.437158,1.042732,45.81418
R,0.0824593,0.5876552,0.007599948,0.06064301,-0.08405926,-0.01767297,3.930871,-4.248698,-1.792851,45.82891
R,0.08296988,0.5869414,0.007451949,0.01861554,-0.02602356,-0.005395966,-1.532302,2.115954,0.4476137,45.85633
R,0.08448771,0.583651,0.007530594,0.1060476,-0.2298941,0.005494758,6.108687,-14.24398,0.760911,45.87065
R,0.0851144,0.582215,0.007605924,0.04180184,-0.09578563,0.005024793,-4.285405,8.945476,-0.03134825,45.88564
R,0.08532041,0.5822334,0.007414087,0.008017497,0.0007144448,-0.007465698,-1.314781,3.75548,-0.4860907,45.91133
R,0.08575301,0.5813512,0.006787636,0.02898833,-0.05911298,-0.04197865,1.40526,-4.009049,-2.312721,45.92626
R,0.08598109,0.5808324,0.006429887,0.008497593,-0.01933138,-0.01332884,-0.7634342,1.482164,1.067421,45.9531
R,0.08606508,0.5807511,0.006607327,0.005707499,-0.005524235,0.01205674,-0.1895818,0.9381704,1.724903,45.96782
R,0.08610488,0.5807068,0.006724826,0.002771424,-0.003084318,0.008183187,-0.2044831,0.1699281,-0.2697736,45.98217
R,0.08621576,0.5804154,0.006559383,0.004184625,-0.01099554,-0.006243845,0.0533346,-0.2985716,-0.5444803,46.00867
R,0.08656196,0.5797989,0.006292861,0.02279104,-0.0405889,-0.01754572,1.224902,-1.948198,-0.7440279,46.02386
R,0.08673365,0.5797363,0.006363702,0.01170859,-0.004268015,0.004831018,-0.7557744,2.476926,1.525996,46.03852
R,0.0868938,0.579684,0.006438388,0.006212255,-0.002027689,0.002897066,-0.2132037,0.08690263,-0.07501837,46.0643
R,0.08702673,0.579759,0.00647314,0.008898789,0.005019472,0.002326412,0.1798413,0.4717495,-0.03820056,46.07924
R,0.08714078,0.5796689,0.006479336,0.007095025,-0.005606312,0.0003854166,-0.1122083,-0.6610075,-0.1207452,46.09532
R,0.08724732,0.5795786,0.006485817,0.004200923,-0.003558401,0.0002555801,-0.1141203,0.08075326,-0.005119713,46.12068
R,0.08730907,0.5797037,0.006424488,0.004200181,0.008505773,-0.004171517,-5.042448E-05,0.8205892,-0.3011253,46.13538
R,0.08733916,0.5797827,0.00638714,0.002102525,0.005517891,-0.002609481,-0.1465587,-0.2087568,0.109136,46.14969
R,0.08733568,0.5798485,0.006411541,-0.0001322046,0.002497198,0.0009251849,-0.08472965,-0.1145294,0.1340167,46.17607
R,0.08737025,0.5797615,0.00652157,0.002301295,-0.005792915,0.007324405,0.1619927,-0.5518546,0.425982,46.19109
R,0.08742033,0.5795663,0.006626248,0.001887422,-0.007356509,0.003944893,-0.01559724,-0.05892562,-0.1273604,46.21762
R,0.08744642,0.579699,0.006787359,0.000930591,0.004732143,0.00574614,-0.03412618,0.431152,0.06424301,46.24566
R,0.08743592,0.5795692,0.006809793,-0.0006957822,-0.008594145,0.001485847,-0.107717,-0.8826191,-0.2821653,46.26076
R,0.08742468,0.5794841,0.006814245,-0.0004266096,-0.003231822,0.0001690313,0.01022045,0.2036067,-0.04999931,46.2871
R,0.08746003,0.5792692,0.006688234,0.002388551,-0.01452158,-0.008513649,0.1902004,-0.7627689,-0.5866269,46.3019
R,0.0874794,0.5791385,0.006607296,0.001369717,-0.00924177,-0.00572515,-0.07206725,0.3734678,0.1972445,46.31604
R,0.08751098,0.5790772,0.00658485,0.002169627,-0.004209251,-0.001541937,0.05495062,0.345714,0.2873701,46.33059
R,0.08754288,0.5790154,0.006560999,0.001214534,-0.002355322,-0.0009079755,-0.03635955,0.07057743,0.02413438,46.35686
R,0.08765694,0.5789281,0.006648262,0.007508397,-0.005748525,0.005744723,0.4143391,-0.2233821,0.4379621,46.37205
R,0.08772479,0.5788782,0.00670182,0.002616521,-0.00192382,0.002065283,-0.1886402,0.147488,-0.1418863,46.39798
R,0.08781642,0.5786245,0.006671411,0.006229131,-0.01724585,-0.002067313,0.2455976,-1.041644,-0.2809479,46.41269
R,0.08784582,0.5784147,0.00662474,0.002007548,-0.01432292,-0.003186067,-0.2881934,0.199539,-0.07637362,46.42734
R,0.08787127,0.5782125,0.006578115,0.0009703116,-0.007710212,-0.001778064,-0.03955562,0.2521794,0.05369501,46.45356
R,0.08797807,0.5781496,0.006703983,0.007094803,-0.00417749,0.008361723,0.4068674,0.2346888,0.6736149,46.46862
R,0.0880404,0.5781195,0.006782217,0.00232166,-0.001123366,0.002914008,-0.177785,0.1137568,-0.2029108,46.49546
R,0.08791874,0.5780163,0.006971748,-0.008266103,-0.007006545,0.01287826,-0.719419,-0.3997512,0.6770526,46.51018
R,0.08784059,0.5779591,0.00708668,-0.002865221,-0.002100087,0.004213816,0.1980152,0.1798879,-0.3176688,46.53746
R,0.08793537,0.5777329,0.007115614,0.006296427,-0.01502708,0.001922128,0.6086344,-0.8587772,-0.1522434,46.55251
R,0.08796671,0.5778142,0.007106905,0.001175564,0.003049871,-0.0003266796,-0.1921013,0.678129,-0.08436053,46.57917
R,0.0879216,0.577871,0.00728038,-0.001614274,0.002034705,0.00620739,-0.09982793,-0.03632537,0.2338066,46.60711
R,0.08792188,0.5779461,0.007373203,1.883725E-05,0.004996827,0.00617589,0.1086574,0.1970819,-0.002095829,46.62214
R,0.08796066,0.5779898,0.007354699,0.001425409,0.001603688,-0.0006801329,0.05169998,-0.1247183,-0.2520002,46.64935
R,0.08780123,0.5781897,0.007419074,-0.0105805,0.01327136,0.004272276,-0.7967789,0.7743317,0.3286694,46.66442
R,0.08769932,0.5783169,0.007457437,-0.003935599,0.004912161,0.00148155,0.2566177,-0.3228217,-0.1077743,46.69031
R,0.08785696,0.5783344,0.007562106,0.01011809,0.00112099,0.00671847,0.9020787,-0.2433479,0.3361477,46.70589
R,0.08795442,0.5783447,0.00762461,0.00378277,0.0004002258,0.002425989,-0.2458936,-0.02797515,-0.1666047,46.73166
R,0.08802319,0.5781407,0.007537386,0.004541385,-0.01347214,-0.005759536,0.05009226,-0.9160091,-0.5405003,46.7468
R,0.08795307,0.5781477,0.007658276,-0.002572462,0.0002580115,0.004434726,-0.2609645,0.503677,0.3739665,46.77406
R,0.08797596,0.578227,0.00771952,0.001429252,0.004953996,0.003824366,0.2498869,0.2932406,-0.03811391,46.79007
R,0.08810409,0.5783023,0.007628477,0.005005938,0.002938711,-0.003556831,0.1397328,-0.07873247,-0.288366,46.81567
R,0.08813287,0.577983,0.007815263,0.002050251,-0.02274117,0.0133057,-0.2105478,-1.829301,1.201199,46.82971
R,0.0881474,0.5777836,0.007931403,0.0005243108,-0.007197309,0.00419126,-0.05506827,0.5609484,-0.3289228,46.85742
R,0.08835398,0.5782987,0.007638869,0.01365415,0.03404721,-0.01933586,0.8678537,2.726173,-1.555092,46.87255
R,0.08857521,0.5788673,0.007315278,0.008679159,0.02230807,-0.01269493,-0.1951756,-0.4605428,0.260533,46.89804
R,0.08833015,0.5787409,0.007487258,-0.01670313,-0.008616908,0.01172221,-1.730061,-2.107851,1.664276,46.91271
R,0.08839881,0.5787519,0.007466498,0.002459422,0.000395002,-0.0007436481,0.6864372,0.3228229,-0.4465496,46.94062
R,0.08848297,0.5787061,0.007502248,0.005420762,-0.002952242,0.0023026,0.1907365,-0.2155921,0.1962053,46.95615
R,0.08847901,0.5786241,0.007588076,-0.0001525161,-0.003159467,0.003308734,-0.2148531,-0.00798864,0.03878704,46.98209
R,0.08833637,0.5786281,0.007721812,-0.009737651,0.0002726237,0.009129715,-0.6543452,0.2342974,0.397379,46.99674
R,0.08824682,0.5786338,0.007801625,-0.003325016,0.0002102514,0.002963508,0.2381068,-0.002315938,-0.2289567,47.02367
R,0.08835907,0.5790079,0.007602198,0.007583461,0.02527384,-0.01347389,0.7370082,1.693368,-1.110558,47.03847
R,0.08842943,0.5792406,0.007475691,0.002558296,0.008462639,-0.004599579,-0.1827069,-0.6112283,0.3226556,47.06598
R,0.08825529,0.5791008,0.007567986,-0.0117474,-0.009428879,0.00622612,-0.9650416,-1.206936,0.7302862,47.0808
R,0.08831185,0.5789316,0.007579356,0.002112268,-0.006321225,0.0004245508,0.5175539,0.1160474,-0.2166448,47.10758
R,0.08838234,0.5788056,0.007621965,0.002493054,-0.004454348,0.001506989,0.01346743,0.0660268,0.03828313,47.13585
R,0.08837368,0.5788604,0.007685641,-0.0005861393,0.003708516,0.004311018,-0.208469,0.5526461,0.1898397,47.15062
R,0.08836281,0.5788572,0.007707561,-0.000415395,-0.0001207179,0.0008376586,0.006524723,-0.1463281,-0.1327289,47.17679
R,0.08836968,0.579064,0.007886183,0.000442018,0.01330465,0.01149349,0.05517076,0.8638631,0.6856557,47.19233
R,0.08839574,0.5793744,0.008119573,0.0009921625,0.01181746,0.008884967,0.02094352,-0.05661602,-0.09930404,47.2186
R,0.08908746,0.5816755,0.007206358,0.04856189,0.1615476,-0.06411189,3.339614,10.51175,-5.124715,47.23285
R,0.08956102,0.5832551,0.006565485,0.01722262,0.05744485,-0.02330757,-1.139762,-3.786059,1.483991,47.26034
R,0.08989006,0.5891405,0.007940022,0.02169364,0.3880392,0.09062542,0.2947815,21.79661,7.511783,47.27551
R,0.09005897,0.5919939,0.008537411,0.006351298,0.1072863,0.02246153,-0.576865,-10.55618,-2.562931,47.3021
R,0.09448529,0.6302199,0.02010438,0.1613814,1.393702,0.4217262,5.652323,46.90211,14.557,47.32953
R,0.09835175,0.6682512,0.03032463,0.1367103,1.344707,0.3613674,-0.8723182,-1.732377,-2.134166,47.35781
R,0.09881101,0.7015789,0.0391476,0.03125406,2.268087,0.600438,-7.17672,62.83973,16.26971,47.37251
R,0.09925812,0.7176194,0.04317354,0.0152296,0.5463776,0.1371333,-0.5458308,-58.6455,-15.78126,47.40187
R,0.106402,0.7597483,0.04178284,0.4824158,2.844881,-0.09391151,31.54819,155.2135,-15.60201,47.41668
R,0.1154504,0.7871552,0.0481883,0.3268072,0.9898797,0.2313519,-5.620262,-66.99883,11.74784,47.44436
R,0.1195334,0.8032511,0.05158512,0.1521647,0.5998654,0.1265933,-6.508602,-14.5351,-3.90416,47.4712
R,0.1110508,0.8332373,0.03554478,-0.3136319,1.108703,-0.5930719,-17.22225,18.81364,-26.60873,47.49824
R,0.1019115,0.8533633,0.0192931,-0.3317389,0.7305347,-0.5899032,-0.6572463,-13.72674,0.1150175,47.52579
R,0.09295093,0.8694509,0.007002565,-0.3272437,0.5875266,-0.4488561,0.164167,-5.222727,5.151108,47.55317
R,0.08653687,0.8849649,-0.001223982,-0.2308356,0.5583342,-0.2960653,3.469634,-1.050605,5.49879,47.58096
R,0.08344442,0.8967689,-0.001473367,-0.1131899,0.4320502,-0.009128015,4.306075,-4.622253,10.5025,47.60828
R,0.08378297,0.9043008,0.007822195,0.02128251,0.4734862,0.5843588,8.453509,2.604843,37.30911,47.62419
R,0.08433145,0.9099407,0.01428765,0.02162774,0.2223907,0.2549457,0.01361348,-9.901201,-12.98942,47.64955
R,0.06163877,0.9680071,0.06039821,-0.8128932,2.080045,1.651764,-29.89405,66.54453,50.03655,47.67746
R,0.04586779,1.024894,0.1164821,-1.08511,3.914058,3.858809,-18.72963,126.1879,151.854,47.692
R,0.03871177,1.059098,0.1683859,-0.2644356,1.263925,1.917996,30.3263,-97.93018,-71.71871,47.71906
R,0.03670516,1.106798,0.2249667,-0.07094976,1.68659,2.000581,6.841268,14.94458,2.920012,47.74734
R,0.03170085,1.156276,0.2730939,-0.1830658,1.809984,1.760574,-4.101389,4.513959,-8.779833,47.77468
R,0.04005747,1.186391,0.3174469,0.5681112,2.047329,3.015268,51.06757,16.13554,85.29839,47.78939
R,0.05159635,1.191483,0.3515395,0.3565359,0.1573256,1.053413,-6.537386,-58.39852,-60.61864,47.82175
R,0.0656781,1.139341,0.3475692,0.6327471,-2.342931,-0.1783992,12.41123,-112.3461,-55.35005,47.84401
R,0.05745709,1.118546,0.317473,-0.5315962,-1.344683,-1.946116,-75.28999,64.54975,-114.306,47.85947
R,0.04764356,1.112061,0.3023542,-0.3784283,-0.2500552,-0.5830081,5.906449,42.21095,52.56407,47.8854
R,0.008628121,1.103848,0.2536101,-2.571057,-0.5412189,-3.212159,-144.4908,-19.18723,-173.257,47.90058
R,-0.004167377,1.101357,0.2402543,-0.4805534,-0.09355748,-0.5015972,78.51188,16.81257,101.7991,47.9272
R,-0.012026,1.063731,0.1839519,-0.2800557,-1.34087,-2.006436,7.145088,-44.45016,-53.62758,47.95527
R,-0.01457415,1.034551,0.1493773,-0.09347662,-1.070441,-1.268336,6.844471,9.920393,27.07647,47.98252
R,-0.01468658,1.001553,0.1044126,-0.003969883,-1.165191,-1.587716,3.160513,-3.345623,-11.27741,48.01085
R,-0.01016778,0.9656896,0.07383332,0.1642961,-1.30392,-1.111815,6.11788,-5.043993,17.303,48.03835
R,-0.0006859662,0.9354575,0.04731146,0.3472481,-1.107177,-0.9712974,6.700162,7.205242,5.146108,48.06565
R,0.009848362,0.9090982,0.01918276,0.6386473,-1.598039,-1.705312,17.66618,-29.7587,-44.4999,48.08215
R,0.01350763,0.8962407,0.005305707,0.1333779,-0.4686479,-0.5058102,-18.41676,41.16563,43.72112,48.10958
R,0.0315764,0.8776227,-0.009873344,0.5824668,-0.6001733,-0.4893135,14.47688,-4.239866,0.5317899,48.14061
R,0.04366473,0.861331,-0.02969753,0.2767585,-0.3729913,-0.4538682,-6.999091,5.201258,0.8115079,48.18428
R,0.05286987,0.8644718,-0.0385541,0.5565203,0.189882,-0.5354467,16.91372,34.02995,-4.932037,48.20082
R,0.05850228,0.8692073,-0.04210864,0.2096708,0.1762838,-0.1323206,-12.91175,-0.5062011,15.00669,48.22769
R,0.03640086,0.8581975,-0.07536774,-1.343635,-0.6693313,-2.021956,-94.43177,-51.40838,-114.8786,48.24414
R,0.03640086,0.8581975,-0.07536774,0,0,0,50.94386,25.37766,76.66237,48.27051
R,0.03640086,0.8581975,-0.07536774,0,0,0,0,0,0,48.28683
R,0.03640086,0.8581975,-0.07536774,0,0,0,0,0,0,48.31266
R,0.03640086,0.8581975,-0.07536774,0,0,0,0,0,0,48.32817
R,0.03640086,0.8581975,-0.07536774,0,0,0,0,0,0,48.35522
R,0.03640086,0.8581975,-0.07536774,0,0,0,0,0,0,48.37032
R,0.03640086,0.8581975,-0.07536774,0,0,0,0,0,0,48.39701
R,0.03640086,0.8581975,-0.07536774,0,0,0,0,0,0,48.42487
R,0.03640086,0.8581975,-0.07536774,0,0,0,0,0,0,48.44116
R,0.03640086,0.8581975,-0.07536774,0,0,0,0,0,0,48.4668
R,0.07768786,0.9635123,0.1021435,1.446944,3.690861,6.221058,50.70957,129.3499,218.0231,48.49533
R,0.07768786,0.9635123,0.1021435,0,0,0,-52.75488,-134.567,-226.8168,48.52276
R,0.0977614,1.011686,0.2049162,1.269826,3.047388,6.501266,80.32751,192.7738,411.2616,48.53857
R,0.101116,1.030314,0.254632,0.1270434,0.7054635,1.882791,-43.27847,-88.69133,-174.9069,48.56498
R,0.1253856,1.023441,0.2874867,0.8760836,-0.2481023,1.185992,27.03889,-34.42186,-25.15309,48.59268
R,0.1576545,0.9974833,0.3021615,1.987573,-1.59882,0.903882,68.46104,-83.19609,-17.37626,48.60891
R,0.1630383,0.9867688,0.3031587,0.2166584,-0.4311867,0.04012991,-71.2672,46.98927,-34.76012,48.63376
R,0.1432814,0.9742474,0.2873346,-0.6959335,-0.4410651,-0.5574043,-32.14599,-0.3479659,-21.04811,48.66215
R,0.1027326,0.9683971,0.2502519,-1.456911,-0.2101987,-1.332374,-27.34179,8.29499,-27.84452,48.68998
R,0.07178477,0.9644068,0.2224121,-1.946447,-0.2509672,-1.750968,-30.78912,-2.564115,-26.32725,48.70588
R,0.05978847,0.962003,0.2123991,-0.4624647,-0.09267004,-0.3860076,57.20841,6.102449,52.62003,48.73182
R,0.04973451,0.9455585,0.1675422,-0.3620308,-0.5921445,-1.615242,3.616503,-17.98547,-44.26324,48.75959
R,0.0456745,0.9258271,0.1379629,-0.1382218,-0.6717492,-1.007017,7.619505,-2.710114,20.7068,48.78897
R,0.04333851,0.9020585,0.1095799,-0.09074781,-0.9233546,-1.102613,1.844252,-9.774282,-3.713656,48.81471
R,0.03946033,0.8842032,0.08657015,-0.1330333,-0.612493,-0.7893063,-1.450522,10.6635,10.74737,48.84386
R,0.03785703,0.8714731,0.06947444,-0.06050906,-0.4804361,-0.6451971,2.737086,4.983864,5.438724,48.87036
R,0.03878595,0.8586733,0.05381332,0.03265081,-0.4499049,-0.5504783,3.274511,1.073154,3.329307,48.89881
R,0.04039427,0.8511643,0.03470929,0.05943224,-0.2774792,-0.7059497,0.9896518,6.371632,-5.745121,48.92587
R,0.04416859,0.8502711,0.01600066,0.2429804,-0.05750399,-1.204409,11.81632,14.16139,-32.08944,48.9414
R,0.04649233,0.8496149,0.006837848,0.08724653,-0.02463925,-0.3440242,-5.847134,1.233929,32.30375,48.96804
R,0.04903095,0.8474771,-0.006417094,0.09126199,-0.07685006,-0.476509,0.1443539,-1.876954,-4.762766,48.99585
R,0.05057441,0.8460526,-0.01361759,0.03683625,-0.03399689,-0.1718469,-1.298924,1.022733,7.271062,49.03775
R,0.05247238,0.8452088,-0.01935444,0.06843742,-0.03042899,-0.2068612,1.139485,0.1286527,-1.262558,49.06549
R,0.05371822,0.8492881,-0.02453174,0.04436157,0.145256,-0.1843518,-0.8572862,6.255743,0.8015103,49.09357
R,0.05265431,0.8581963,-0.02723416,-0.03691047,0.309057,-0.09375627,-2.81961,5.682826,3.143074,49.12239
R,0.05183358,0.8572925,-0.02610029,-0.03055259,-0.03364634,0.04220922,0.236677,-12.7574,5.061422,49.14926
R,0.05041157,0.8523631,-0.01284672,-0.0517448,-0.179373,0.4822796,-0.7711563,-5.302801,16.01358,49.17674
R,0.04966629,0.8566165,-0.002467633,-0.04835918,0.2759901,0.6734692,0.2196831,29.5472,12.40575,49.19215
R,0.04939982,0.858287,0.00066777,-0.01011518,0.06341179,0.1190164,1.451699,-8.069233,-21.04641,49.21849
R,0.04948081,0.8533871,-0.002733055,0.002922295,-0.1767823,-0.1226956,0.4703685,-8.665764,-8.720527,49.24621
R,0.0507102,0.8487083,-0.004964909,0.04348035,-0.1654749,-0.07893512,1.434438,0.3999137,1.547698,49.27449
R,0.05555977,0.859372,-0.01481994,0.1775041,0.3903109,-0.3607147,4.905545,20.34291,-10.31371,49.30181
R,0.06175739,0.8621671,-0.01769129,0.2265927,0.1021945,-0.10498,1.794742,-10.53389,9.349974,49.32916
R,0.06514782,0.8609255,-0.02621351,0.120073,-0.04397249,-0.3018168,-3.772428,-5.176546,-6.971033,49.3574
R,0.0596471,0.8537499,-0.03648869,-0.3676646,-0.4796142,-0.6867864,-32.60007,-29.11802,-25.73112,49.37236
R,0.05793785,0.8512848,-0.04050786,-0.06463768,-0.0932203,-0.1519911,11.45942,14.61207,20.22408,49.3988
R,0.05794933,0.8882186,-0.03673385,0.0007271119,2.339774,0.2390853,4.140886,154.1312,24.77485,49.41459
R,0.05903359,0.889606,-0.03679635,0.04234676,0.05418467,-0.002441261,1.625498,-89.26601,-9.433066,49.44019
R,0.06207583,0.8983974,-0.03509553,0.1089488,0.3148395,0.06091002,2.385152,9.334576,2.268737,49.46811
R,0.06787017,0.9097429,-0.03226952,0.2049315,0.4012602,0.09994891,3.39467,3.056486,1.380708,49.49639
R,0.07560173,0.9093935,-0.02983532,0.2811072,-0.01270371,0.08850338,2.769628,-15.05106,-0.4161408,49.52389
R,0.08475713,0.9056075,-0.02738735,0.5733472,-0.2370961,0.1533017,18.30123,-14.05235,4.057926,49.53986
R,0.08870705,0.9047654,-0.02652205,0.1536731,-0.03276195,0.03366503,-16.32755,7.949686,-4.6545,49.56556
R,0.09831665,0.9017282,-0.02306774,0.3443274,-0.1088283,0.1237733,6.831451,-2.725578,3.228723,49.59347
R,0.1030764,0.8983592,-0.02233638,0.0314088,-0.02223119,0.004826125,-2.064888,0.5714368,-0.7849088,49.74501
R,0.1025558,0.8845567,-0.02685055,-0.02886643,-0.7652813,-0.2502881,-3.34196,-41.19842,-14.14481,49.76305
R,0.1033437,0.882844,-0.02542932,0.01357828,-0.02951412,0.02449168,0.7314373,12.67926,4.735201,49.82108
R,0.1006299,0.8657984,-0.02587896,-0.08868191,-0.557019,-0.01469366,-3.341672,-17.23787,-1.280504,49.85168
R,0.09900605,0.8598108,-0.0269063,-0.05577718,-0.2056596,-0.03528709,1.130212,12.0685,-0.7073431,49.88079
R,0.09902015,0.8598949,-0.02842085,0.0004940258,0.002947443,-0.05307891,1.97208,7.310839,-0.6235322,49.90933
R,0.09868129,0.8608931,-0.02935928,-0.01172184,0.03453047,-0.03246259,-0.4225807,1.092544,0.7131758,49.93824
R,0.09993904,0.8666438,-0.03041168,0.04522784,0.2067923,-0.03784367,2.047876,6.19443,-0.1935006,49.96605
R,0.1013048,0.8687286,-0.02537386,0.02428568,0.03707095,0.08958302,-0.3723959,-3.018004,2.265917,50.02228
R,0.09708416,0.8663442,0.002007182,-0.1563165,-0.0883084,1.014097,-6.688864,-4.643606,34.24071,50.04928
R,0.09425107,0.8670994,0.02067022,-0.09995662,0.02664451,0.6584662,1.98848,4.055749,-12.5473,50.07763
R,0.1018621,0.9048618,0.005811721,0.4791479,2.377326,-0.9354147,36.45744,147.9868,-100.3425,50.09351
R,0.1047752,0.9230577,0.001514872,0.07306448,0.456366,-0.1077682,-10.18488,-48.17913,20.758,50.13338
R,0.06239922,1.025098,0.1128565,-1.49189,3.59242,3.919895,-55.09582,110.408,141.798,50.16179
R,0.05461453,1.068287,0.1898412,-0.4822091,2.675294,4.768684,62.54297,-56.80978,52.57675,50.17793
R,0.04712079,1.064006,0.2434042,-0.2755948,-0.1574249,1.969867,7.598585,-104.1779,-102.9311,50.20512
R,0.04404341,1.064531,0.2775915,-0.1151464,0.01961265,1.27919,6.003507,6.624228,-25.84309,50.23185
R,0.05739936,1.03628,0.3064555,0.4447638,-0.9407671,0.9611945,18.64547,-31.98143,-10.58952,50.26188
R,0.06766346,1.006959,0.3001494,0.4073074,-1.163535,-0.2502436,-1.486371,-8.840034,-48.07315,50.28708
R,0.06709419,0.9849321,0.2933792,-0.0204034,-0.7894791,-0.2426521,-15.32975,13.40669,0.2720895,50.31498
R,0.04591327,0.96619,0.2754363,-0.7794008,-0.6896582,-0.6602495,-27.92906,3.673138,-15.36646,50.34215
R,0.02693842,0.9586247,0.2567595,-1.191126,-0.4749012,-1.172419,-25.84563,13.48114,-32.15093,50.35808
R,0.01735007,0.9574786,0.2468028,-0.3787718,-0.04527389,-0.3933239,32.09069,16.9717,30.77686,50.3834
R,0.007457541,0.9519868,0.219871,-0.3489325,-0.1937084,-0.9499472,1.052499,-5.235631,-19.63341,50.41175
R,0.006925669,0.9467882,0.1674335,-0.01913631,-0.1870432,-1.886655,11.86578,0.2398065,-33.70194,50.43954
R,0.007737885,0.9308192,0.1419741,0.02388039,-0.4695141,-0.7485446,1.264757,-8.305074,33.46218,50.47355
R,0.007252206,0.9039495,0.1307241,-0.02366503,-1.309241,-0.5481638,-2.316682,-40.91626,9.763685,50.49408
R,0.003073012,0.8788973,0.1214451,-0.2570508,-1.540892,-0.5707259,-14.35492,-14.24819,-1.387732,50.51033
R,0.0008022398,0.8681521,0.1151513,-0.0879535,-0.4161934,-0.2437793,6.549623,43.56279,12.66358,50.53615
R,0.003714409,0.8650979,0.08251867,0.1026914,-0.1076998,-1.150718,6.722682,10.87836,-31.98123,50.56451
R,0.01116389,0.8620048,0.05471849,0.2680259,-0.1112858,-1.000227,5.948594,-0.1290186,5.414536,50.5923
R,0.0146622,0.8465249,0.04080236,0.07804766,-0.3453591,-0.3104706,-4.238439,-5.222205,15.38855,50.63713
R,0.0144573,0.8327118,0.01716875,-0.008785229,-0.5922499,-1.013315,-3.723049,-10.5857,-30.13518,50.66045
R,0.0143046,0.8306481,0.007517856,-0.005459666,-0.07378614,-0.3450525,0.1189002,18.53685,23.89267,50.68842
R,0.01384096,0.8264996,0.004370837,-0.01637548,-0.1465217,-0.1111523,-0.385545,-2.569011,8.261322,50.71673
R,0.01518968,0.8192905,0.009898331,0.04887456,-0.2612425,0.200304,2.364516,-4.157223,11.28648,50.74433
R,0.01630498,0.815291,0.008588376,0.04055034,-0.1454144,-0.04762787,-0.3026555,4.211324,-9.014406,50.77183
R,0.02247769,0.814648,0.001973063,0.2228843,-0.02322013,-0.2388656,6.583713,4.412188,-6.905211,50.79953
R,0.04114142,0.8415911,-0.007275518,0.6782068,0.9790642,-0.3360771,16.54561,36.42124,-3.532491,50.82705
R,0.06332149,0.8974003,-0.01832779,1.365517,3.4359,-0.6804338,42.3143,151.2552,-21.20034,50.84329
R,0.07290806,0.9213185,-0.02356614,0.3738564,0.9327604,-0.2042847,-38.67271,-97.61723,18.56882,50.86893
R,0.05912841,0.91662,-0.03076697,-0.4979668,-0.1697964,-0.2602224,-31.50582,-39.84404,-2.021469,50.8966
R,0.04840082,0.9120076,-0.03629316,-0.3859695,-0.1659497,-0.1988276,4.029564,0.1384017,2.208933,50.9244
R,0.0424375,0.9121504,-0.03890021,-0.3683433,0.008824958,-0.1610327,1.088737,10.79551,2.334518,50.94059
R,0.04065564,0.9136041,-0.040861,-0.06975888,0.05691131,-0.07676385,11.68938,1.882549,3.299071,50.96613
R,0.04112369,0.8881065,-0.03996782,0.02945206,-1.604432,0.05620321,6.242812,-104.5394,8.366903,50.98202
R,0.04112369,0.8881065,-0.03996782,0,0,0,-1.101067,59.98177,-2.10116,51.00877
R,0.04112369,0.8881065,-0.03996782,0,0,0,0,0,0,51.03598
R,0.04112369,0.8881065,-0.03996782,0,0,0,0,0,0,51.06372
R,0.04112369,0.8881065,-0.03996782,0,0,0,0,0,0,51.0913
R,0.04112369,0.8881065,-0.03996782,0,0,0,0,0,0,51.11972
R,0.04112369,0.8881065,-0.03996782,0,0,0,0,0,0,51.15101
R,0.04112369,0.8881065,-0.03996782,0,0,0,0,0,0,51.17654
R,0.06587139,1.002171,0.005860537,0.9058169,4.17499,1.677413,33.15477,152.8133,61.39677,51.20386
R,0.0701514,1.015826,0.03105743,0.1593719,0.5084828,0.9382408,-27.7949,-136.5274,-27.52407,51.23072
R,0.07696006,1.036222,0.08441657,0.1588227,0.4757575,1.244686,-0.01281158,-0.7633684,7.148307,51.27359
R,0.08410132,1.0472,0.1449711,0.2784115,0.4279865,2.360797,4.662327,-1.862414,43.51308,51.29924
R,0.08606034,1.05233,0.1955854,0.05346085,0.1400101,1.381244,-6.138816,-7.858763,-26.73161,51.33588
R,0.0890742,1.044844,0.2511209,0.1397853,-0.3472388,2.575779,4.003791,-22.59897,55.40342,51.35744
R,0.09479371,1.03279,0.2947873,0.2109361,-0.4445299,1.610422,2.624053,-3.588109,-35.60249,51.38456
R,0.09676093,1.001453,0.3047453,0.04759971,-0.7582437,0.2409486,-3.952156,-7.590751,-33.13636,51.42588
R,0.09660618,0.9672381,0.3080224,-0.00545394,-1.205873,0.1154975,-1.869817,-15.77618,-4.421386,51.45426
R,0.0617342,0.9491152,0.2627198,-0.8643609,-0.4492069,-1.122903,-21.28946,18.75524,-30.69584,51.4946
R,0.02207112,0.9138129,0.2073821,-1.424307,-1.26771,-1.987184,-20.10772,-29.39255,-31.03645,51.52245
R,0.002335415,0.8929815,0.1839788,-0.6507668,-0.6868966,-0.771703,25.50677,19.15178,40.07937,51.55278
R,-0.005965965,0.8738154,0.1355772,-0.3067602,-0.7082416,-1.78858,12.71205,-0.7887585,-37.57658,51.57984
R,-0.00260859,0.851365,0.09544168,0.08544813,-0.5713835,-1.021483,9.982045,3.483158,19.52329,51.61913
R,0.008167228,0.8215151,0.03468571,0.3938673,-1.091044,-2.220693,11.27304,-18.99413,-43.83236,51.64649
R,0.002920758,0.8120929,0.003060636,-0.1887116,-0.338909,-1.137531,-20.95494,27.05375,38.96055,51.67429
R,-0.007087909,0.8121901,-0.008813325,-0.1815718,0.001763625,-0.2154109,0.129528,6.180296,16.7286,51.72941
R,-0.01259659,0.8114366,-0.01563245,-0.1992917,-0.02726073,-0.2467006,-0.6410692,-1.050036,-1.131992,51.75705
R,-0.01578664,0.8072077,-0.0322374,-0.1127327,-0.1494443,-0.5868007,3.0589,-4.317835,-12.01876,51.78535
R,-0.01578664,0.8072077,-0.0322374,0,0,0,4.037187,5.351904,21.01452,51.81327
R,-0.01578664,0.8072077,-0.0322374,0,0,0,0,0,0,51.84083
R,-0.01578664,0.8072077,-0.0322374,0,0,0,0,0,0,51.86852
R,-0.0001120269,0.9398845,0.06972809,0.5496261,4.652277,3.575393,19.2725,163.1309,125.3702,51.89704
R,0.00401529,0.9615691,0.09621974,0.1509419,0.7930363,0.9688374,-14.58045,-141.1379,-95.32548,51.92438
R,0.01047637,1.001687,0.1475297,0.2256504,1.401092,1.791981,2.609166,21.23608,28.74795,51.95301
R,0.0195385,1.044337,0.2093292,0.3278476,1.543007,2.235764,3.697265,5.134164,16.05509,51.98066
R,0.03369751,1.068312,0.2492433,0.5248445,0.8886719,1.479534,7.302254,-24.2548,-28.03184,52.00763
R,0.04691812,1.06899,0.2675253,0.4551751,0.02336157,0.6294316,-2.398661,-29.79195,-29.26836,52.03668
R,0.04984702,1.038476,0.2696068,0.0726939,-0.7573406,0.05166221,-9.493009,-19.37667,-14.33997,52.07697
R,0.05378829,1.003759,0.2702745,0.1402255,-1.235194,0.02375772,2.402688,-17.0014,-0.9928061,52.10508
R,0.04648069,0.9714224,0.2477013,-0.2665802,-1.179635,-0.8234653,-14.8402,2.026758,-30.90655,52.13249
R,0.02091785,0.9407624,0.1995047,-0.9014182,-1.081158,-1.69955,-22.38619,3.472592,-30.89325,52.16085
R,-0.00194802,0.9178115,0.1644123,-0.7947695,-0.7977265,-1.219738,3.706885,9.85148,16.67725,52.18962
R,-0.005861641,0.8784647,0.09473129,-0.09532914,-0.95842,-1.697311,17.03717,-3.914221,-11.63286,52.23067
R,-0.00984815,0.831512,0.02862807,-0.1421436,-1.674151,-2.356986,-1.669222,-25.52022,-23.52148,52.25872
R,-0.01490088,0.838441,-0.01234227,-0.1852507,0.2540385,-1.502116,-1.580458,70.69418,31.34255,52.28599
R,-0.01776886,0.8378669,-0.03176849,-0.1021499,-0.02044625,-0.6919114,2.959835,-9.776429,28.85736,52.31407
R,-0.01570863,0.8306176,-0.0480236,0.03666007,-0.1289953,-0.2892464,2.47001,-1.931543,7.165097,52.37027
R,-0.02963207,0.798815,-0.08716276,-0.4808887,-1.0984,-1.351792,-17.87514,-33.48139,-36.69826,52.39922
R,-0.02963207,0.798815,-0.08716276,0,0,0,19.08297,43.58751,53.64275,52.42442
R,-0.02963207,0.798815,-0.08716276,0,0,0,0,0,0,52.45273
R,-0.02963207,0.798815,-0.08716276,0,0,0,0,0,0,52.48137
R,-0.02963207,0.798815,-0.08716276,0,0,0,0,0,0,52.50843
R,-0.02963207,0.798815,-0.08716276,0,0,0,0,0,0,52.54979
R,-0.02963207,0.798815,-0.08716276,0,0,0,0,0,0,52.5772
R,-0.02963207,0.798815,-0.08716276,0,0,0,0,0,0,52.60572
R,-0.02963207,0.798815,-0.08716276,0,0,0,0,0,0,52.63276
R,-0.02963207,0.798815,-0.08716276,0,0,0,0,0,0,52.66117
R,-0.02963207,0.798815,-0.08716276,0,0,0,0,0,0,52.68926
R,-0.02963207,0.798815,-0.08716276,0,0,0,0,0,0,52.71702
R,-0.02963207,0.798815,-0.08716276,0,0,0,0,0,0,52.74594
R,-0.02963207,0.798815,-0.08716276,0,0,0,0,0,0,52.77285
R,-0.02963207,0.798815,-0.08716276,0,0,0,0,0,0,52.81491
R,-0.02963207,0.798815,-0.08716276,0,0,0,0,0,0,52.85659
R,-0.02963207,0.798815,-0.08716276,0,0,0,0,0,0,52.88996
R,-0.02963207,0.798815,-0.08716276,0,0,0,0,0,0,52.91084
R,-0.02963207,0.798815,-0.08716276,0,0,0,0,0,0,52.93919
R,-0.02963207,0.798815,-0.08716276,0,0,0,0,0,0,52.96685
R,-0.02963207,0.798815,-0.08716276,0,0,0,0,0,0,52.9953
R,0.06026241,1.011522,0.04273345,1.621614,3.837045,2.343209,29.25244,69.21678,42.26934,53.05074
R,0.06333219,1.037416,0.1303449,0.1096352,0.9247658,3.128993,-53.99948,-104.0104,28.06383,53.07874
R,0.07068991,1.054312,0.2091851,0.2672926,0.6138226,2.86412,5.7274,-11.296,-9.622324,53.10627
R,0.0775288,1.052324,0.2518057,0.2481693,-0.07213368,1.546615,-0.6939418,-24.89193,-47.80954,53.13382
R,0.09027051,1.033348,0.2939234,0.4537031,-0.6756995,1.499716,7.318586,-21.4916,-1.669978,53.16191
R,0.1014269,1.013029,0.2893775,0.3871549,-0.7051314,-0.1577548,-2.309398,-1.021365,-57.51865,53.19072
R,0.09007978,0.9931372,0.2622802,-0.4268898,-0.7483496,-1.019431,-30.62528,-1.625917,-32.41725,53.2173
R,0.07354026,0.9758884,0.245468,-0.5879759,-0.6131912,-0.5976695,-5.726573,4.804851,14.99354,53.24543
R,0.02873635,0.9588388,0.2084252,-1.587602,-0.6041455,-1.312592,-35.42118,0.3205279,-25.33289,53.27365
R,0.007795133,0.9430283,0.1724943,-0.758863,-0.5729347,-1.302055,30.03164,1.131011,0.381847,53.30125
R,-0.002005781,0.9260272,0.1082365,-0.2180658,-0.3782677,-1.429707,12.03249,4.331249,-2.840196,53.3462
R,-0.005038192,0.8894777,0.04765381,-0.07858128,-0.9471351,-1.569927,3.614573,-14.74152,-3.633622,53.38478
R,-0.009356026,0.863973,0.01389288,-0.1501186,-0.886727,-1.17377,-2.487146,2.100214,13.77322,53.41355
R,-0.01461573,0.8485555,-0.007859702,-0.2019332,-0.5919147,-0.8351361,-1.989292,11.31858,13.001,53.43959
R,-0.01750978,0.8426645,-0.01731267,-0.06866933,-0.1397807,-0.2242976,3.162049,10.72812,14.49381,53.48174
R,-0.01777675,0.8563035,-0.00653222,-0.009674232,0.4942459,0.3906595,2.137851,22.97571,22.28467,53.50933
R,-0.01431454,0.8925637,0.0255688,0.08030418,0.8410375,0.7445663,2.087002,8.043651,8.208685,53.55245
R,-0.01120434,0.9450435,0.07136982,0.121835,2.055778,1.794152,1.626875,47.58471,41.11514,53.57798
R,-0.004438108,0.9724246,0.1147162,0.1211728,0.4903537,0.7762666,-0.01185885,-28.03433,-18.22875,53.63382
R,0.03709654,1.02195,0.2104598,1.541345,1.837897,3.553031,52.70237,50.00714,103.0453,53.66076
R,0.0634641,1.040176,0.2655372,0.9479014,0.6551829,1.980007,-21.33401,-42.51803,-56.54949,53.68858
R,0.0818519,1.052364,0.2770678,0.6619407,0.4387831,0.4150871,-10.29427,-7.790154,-56.3354,53.71636
R,0.09951133,1.063394,0.2789297,0.6152731,0.3842745,0.06487054,-1.625949,-1.899138,-12.20191,53.74506
R,0.08970533,1.057586,0.2639206,-0.3698685,-0.2190558,-0.5661185,-37.15812,-22.75675,-23.8,53.77157
R,0.05456745,1.023454,0.2269226,-1.26008,-1.224017,-1.326787,-31.92388,-36.03892,-27.27834,53.79946
R,0.02076486,0.9847777,0.1800037,-1.2484,-1.428389,-1.732813,0.4313539,-7.547883,-14.99539,53.82653
R,0.0002215607,0.9424711,0.130161,-0.6087841,-1.253722,-1.477046,18.9545,5.176114,7.579436,53.86028
R,-0.01248231,0.9076532,0.09066954,-0.5900503,-1.617171,-1.834242,0.8701193,-16.88094,-16.59049,53.88181
R,-0.005477867,0.8779142,0.04290089,0.1673508,-0.7105274,-1.141293,18.09589,21.66161,16.55602,53.92366
R,-0.005204654,0.8670301,-0.01329727,0.009897885,-0.3943045,-2.035933,-5.704165,11.45604,-32.41082,53.95127
R,-0.009994416,0.8617315,-0.04450122,-0.1718127,-0.1900678,-1.119311,-6.51811,7.326139,32.87999,53.97915
R,-0.01914691,0.8881541,-0.02131569,-0.3342535,0.9649667,0.8467466,-5.932415,42.18242,71.80137,54.00653
R,-0.01882821,0.9084908,0.0003235221,0.01138841,0.7267116,0.7732537,12.35114,-8.513789,-2.626186,54.03451
R,-0.01274738,0.9283869,0.04508473,0.2178858,0.7129067,1.603866,7.399133,-0.4946521,29.76215,54.06242
R,-0.002522254,0.9505727,0.107739,0.365683,0.7934366,2.240715,5.285693,2.880007,22.77573,54.09038
R,0.01534326,0.991079,0.1781003,0.6520936,1.478486,2.568198,10.45403,25.00439,11.95321,54.11778
R,0.03238884,1.04453,0.2485926,0.6161607,1.932142,2.548141,-1.298898,16.39867,-0.7250414,54.14544
R,0.0588496,1.068331,0.2749285,0.9424632,0.8477242,0.938017,11.62204,-38.62411,-57.34841,54.17352
R,0.08452469,1.065688,0.2804403,0.9207348,-0.09479309,0.1976584,-0.7792044,-33.79963,-26.55001,54.2014
R,0.08689055,1.060988,0.2884975,0.08344932,-0.1657528,0.2841986,-29.53301,-2.502916,3.052476,54.22976
R,0.07284164,1.046007,0.2483341,-0.5155146,-0.5497489,-1.473768,-21.97855,-14.09046,-64.50733,54.25701
R,0.03841498,1.015221,0.2098057,-1.252045,-1.119615,-1.401221,-26.7865,-20.72518,2.638405,54.2845
R,0.01354256,0.9849321,0.1675771,-0.5910223,-0.7197344,-1.003442,15.70733,9.502029,9.4521,54.32659
R,-0.0002591905,0.9371182,0.09565661,-0.4242549,-1.469763,-2.210779,5.126297,-23.05529,-37.11259,54.35912
R,-0.007291357,0.9122019,0.06334582,-0.3179442,-1.126536,-1.460862,4.806609,15.51827,33.90584,54.38124
R,-0.001734487,0.8842614,0.02910675,0.2010351,-1.010823,-1.238693,18.7755,4.186249,8.037607,54.40888
R,-0.004078846,0.8751376,0.003847745,-0.08311598,-0.3234738,-0.8955229,-10.07418,24.369,12.1666,54.43708
R,-0.01000275,0.8859535,-0.0178207,-0.2158627,0.3941262,-0.789582,-4.837193,26.14881,3.860407,54.46453
R,-0.009064469,0.9114741,-0.01647339,0.0222472,0.6051069,0.03194555,5.645721,5.002473,19.47888,54.5067
R,-0.00408278,0.9558918,0.03217268,0.1792369,1.59811,1.750244,5.648353,35.72739,61.82288,54.5345
R,0.003837839,0.9905933,0.09093827,0.2878213,1.260992,2.135437,3.945765,-12.25026,13.99727,54.56202
R,0.01732243,1.022686,0.164778,0.4770452,1.135341,2.612234,6.694187,-4.445171,16.86765,54.59028
R,0.04198789,1.050754,0.2283749,0.4385447,0.4990484,1.130733,-0.684529,-11.31309,-26.34065,54.64653
R,0.08322319,1.081119,0.2760437,1.642794,1.209731,1.899101,47.97671,28.31326,30.61142,54.67163
R,0.09982517,1.086808,0.2994288,0.5849612,0.2004368,0.8239604,-37.27211,-35.56189,-37.88195,54.70001
R,0.09919021,1.077322,0.2731656,-0.02361009,-0.3527216,-0.9765558,-22.62884,-20.56839,-66.94958,54.7269
R,0.0804842,1.055661,0.2355094,-0.6635545,-0.7683948,-1.335774,-22.70062,-14.74509,-12.74246,54.75509
R,0.06015054,1.026954,0.1959266,-0.3619685,-0.5110137,-0.7046306,5.368667,4.581754,11.23525,54.81127
R,0.04568916,0.9544074,0.1481537,-0.2619516,-1.314106,-0.8653526,1.811692,-14.5471,-2.911298,54.86647
R,0.03694937,0.9002948,0.08102923,-0.2669639,-1.652913,-2.050369,-0.153103,-10.34914,-36.19727,54.89921
R,0.03633923,0.8749608,0.05392195,-0.02589756,-1.075314,-1.150584,10.2322,24.51652,38.19189,54.92277
R,0.03811431,0.8481528,0.02424181,0.06423595,-0.970124,-1.074057,3.261728,3.806594,2.769348,54.95041
R,0.02943258,0.8286471,0.02516659,-0.2072358,-0.4656056,0.0220747,-6.480122,12.04302,26.16503,54.9923
R,0.01203443,0.8274905,0.01067976,-0.4198877,-0.02791412,-0.3496258,-5.132151,10.56327,-8.970636,55.03373
R,0.01203443,0.8274905,0.01067976,0,0,0,16.12526,1.072007,13.42694,55.05977
R,0.01203443,0.8274905,0.01067976,0,0,0,0,0,0,55.07653
R,0.01203443,0.8274905,0.01067976,0,0,0,0,0,0,55.10202
R,0.01203443,0.8274905,0.01067976,0,0,0,0,0,0,55.12952
R,0.01203443,0.8274905,0.01067976,0,0,0,0,0,0,55.15809
R,0.01203443,0.8274905,0.01067976,0,0,0,0,0,0,55.18623
R,0.04594517,1.041776,0.0538993,1.202909,7.601322,1.533118,42.67054,269.6402,54.384,55.21442
R,0.0571059,1.053434,0.09591224,0.1969121,0.205672,0.7412464,-17.74909,-130.4836,-13.97122,55.2711
R,0.09280563,1.034979,0.2257881,0.8960618,-0.4632235,3.259879,17.54863,-16.78925,63.21757,55.31094
R,0.09157159,1.005616,0.2644945,-0.04488015,-1.067854,1.407694,-34.22063,-21.9895,-67.36115,55.33844
R,0.08734009,0.9964573,0.2634405,-0.1552721,-0.3360862,-0.03867428,-4.050753,26.85171,-53.07344,55.36569
R,0.07053199,0.9405111,0.2122297,-1.038695,-3.457324,-3.16469,-54.5931,-192.884,-193.1792,55.38187
R,0.06528517,0.9223763,0.200058,-0.2041291,-0.7055413,-0.4735427,32.46903,107.059,104.7,55.40757
R,0.0470537,0.8937488,0.1356926,-0.6001092,-0.9423068,-2.118659,-13.03413,-7.793402,-54.15087,55.43795
R,0.04908675,0.9057419,-0.06089653,0.08250003,0.4866752,-7.977503,27.69999,57.98747,-237.7493,55.4626
R,0.04908675,0.9057419,-0.06089653,0,0,0,-2.97809,-17.56802,287.9723,55.4903
R,0.04908675,0.9057419,-0.06089653,0,0,0,0,0,0,55.51763
R,0.04908675,0.9057419,-0.06089653,0,0,0,0,0,0,55.54541
R,0.04908675,0.9057419,-0.06089653,0,0,0,0,0,0,55.57298
R,0.04908675,0.9057419,-0.06089653,0,0,0,0,0,0,55.60144
R,0.02809107,1.015355,0.02834751,-0.7469991,3.899899,3.175189,-26.57727,138.7534,112.9691,55.62955
R,0.03657641,1.028702,0.06516344,0.2927585,0.4604871,1.270213,35.87342,-118.6656,-65.72492,55.65854
R,0.05750544,1.056615,0.1341715,0.5102697,0.6805507,1.682483,5.303131,5.365359,10.05155,55.69955
R,0.07989042,1.064947,0.1875656,0.8489711,0.3159858,2.025018,12.84556,-13.82646,12.99095,55.72592
R,0.0927945,1.051699,0.2365445,0.4425338,-0.4543146,1.679688,-13.93839,-26.41675,-11.8428,55.75508
R,0.1064989,1.038694,0.2788368,0.5116083,-0.4855143,1.578848,2.578676,-1.164739,-3.764535,55.78186
R,0.1173862,1.017559,0.2864455,0.3773203,-0.7324498,0.2636925,-4.653992,-8.557993,-45.57906,55.81072
R,0.1134731,0.9892231,0.2527092,-0.0954768,-0.6913801,-0.823136,-11.53583,1.002064,-26.51765,55.8517
R,0.1024545,0.9631094,0.186469,-0.3840002,-0.9100701,-2.308489,-10.05513,-7.621413,-51.765,55.8804
R,0.09998446,0.9496689,0.1648169,-0.0793709,-0.4318882,-0.695754,9.788764,15.36559,51.8226,55.91152
R,0.1003143,0.9279606,0.1399586,0.0124675,-0.8204589,-0.9395117,3.471004,-14.68591,-9.212749,55.93798
R,0.09622423,0.9091292,0.1088141,-0.1029967,-0.474212,-0.7842799,-2.907612,8.719171,3.909039,55.97769
R,0.09269454,0.8913374,0.06975433,-0.1288703,-0.6495844,-1.426085,-0.9446555,-6.402899,-23.43248,56.00508
R,0.09533134,0.877333,0.05105278,0.09782375,-0.5195522,-0.6938153,8.410203,4.824107,27.16671,56.03203
R,0.1004804,0.8710253,0.02715006,0.1828482,-0.2239971,-0.8488156,3.019323,10.49553,-5.504252,56.06019
R,0.1056395,0.8669085,0.004799167,0.1865426,-0.1488535,-0.8081588,0.1335814,2.71703,1.470058,56.08785
R,0.108737,0.853717,-0.007896196,0.07095353,-0.3021739,-0.2908086,-2.647761,-3.512062,11.85077,56.1315
R,0.1067606,0.8283655,-0.02097218,-0.07603572,-0.9753059,-0.5030512,-5.65488,-25.89632,-8.165269,56.1575
R,0.1005778,0.8150545,-0.02725399,-0.2230032,-0.4801033,-0.2265738,-5.300858,17.86109,9.972056,56.18522
R,0.09497461,0.8102027,-0.02755924,-0.1317809,-0.1141104,-0.007179303,2.145467,8.607826,5.159963,56.22774
R,0.09186036,0.8086892,-0.02743348,-0.112233,-0.05454358,0.00453241,0.7044772,2.1467,0.4220725,56.25549
R,0.07588893,0.8186532,-0.03178373,-0.5811791,0.3625763,-0.1582999,-17.06433,15.17844,-5.925252,56.28297
R,0.07064166,0.8201553,-0.03377859,-0.1873013,0.0536152,-0.07120662,14.05946,-11.02837,3.108794,56.31099
R,0.0780804,0.8066796,-0.02782922,0.2631608,-0.4767291,0.2104714,15.93602,-18.76202,9.964938,56.33925
R,0.0835399,0.7957506,-0.03458009,0.2010078,-0.4023832,-0.2485533,-2.288347,2.737264,-16.90036,56.36641
R,0.08798252,0.7862288,-0.04646828,0.2762347,-0.5920489,-0.7391883,4.677483,-11.7931,-30.50689,56.3825
R,0.08965038,0.7816567,-0.05123485,0.06390218,-0.1751749,-0.182626,-8.135296,15.97208,21.3241,56.4086
R,0.09368368,0.7893012,-0.04109652,0.09669898,0.1832758,0.2430677,0.7863072,8.5939,10.20606,56.45031
R,0.09739396,0.7950254,-0.03280792,0.1335292,0.2060102,0.2982985,1.325485,0.8181883,1.987704,56.47809
R,0.1006529,0.7995734,-0.02847437,0.115324,0.1609367,0.1533496,-0.6442209,-1.594999,-5.129252,56.50635
R,0.1011022,0.8032792,-0.02433704,0.01673869,0.1380712,0.1541465,-3.673046,-0.8519117,0.02969105,56.53319
R,0.1010434,0.8057559,-0.02109662,-0.001386332,0.05838579,0.0763902,-0.4272811,-1.878511,-1.833035,56.57561
R,0.1015732,0.8079669,-0.01839263,0.01900035,0.07928993,0.09696771,0.7310871,0.7496434,0.7379304,56.6035
R,0.1042027,0.8146347,-0.01382921,0.09062593,0.2298062,0.1572802,2.468606,5.187608,2.078695,56.63251
R,0.1069751,0.8179808,-0.0113654,0.1067209,0.1288041,0.09484168,0.6195608,-3.887973,-2.403507,56.65849
R,0.1116413,0.8086823,-0.01075308,0.1671499,-0.3330892,0.02193466,2.164675,-16.54585,-2.611661,56.68641
R,0.1175045,0.8017876,-0.006733711,0.2108389,-0.2479274,0.1445339,1.571029,3.062368,4.408596,56.71421
R,0.1214166,0.7990651,-0.001319445,0.1380242,-0.09605695,0.1910252,-2.569037,5.358267,1.640297,56.74256
R,0.1238191,0.798543,0.0002083771,0.08732706,-0.01897445,0.05553375,-1.842754,2.801818,-4.924885,56.77007
R,0.1252299,0.7984049,0.0007159579,0.05076168,-0.004971006,0.01826232,-1.315591,0.503832,-1.340994,56.79786
R,0.1267675,0.7945925,-0.004724144,0.09712161,-0.240817,-0.3436362,2.928428,-14.89774,-22.86012,56.81369
R,0.1285781,0.7898462,-0.009834649,0.07054706,-0.1849314,-0.1991213,-1.035428,2.177478,5.630752,56.83936
R,0.1302319,0.7923405,-0.02049002,0.06017924,0.09076338,-0.3877349,-0.3772711,10.03217,-6.8634,56.86684
R,0.1338869,0.7983399,-0.02648738,0.1295862,0.212702,-0.2126281,2.460726,4.323165,6.208171,56.89505
R,0.1364565,0.8022014,-0.02401002,0.09311444,0.1399338,0.08977423,-1.321654,-2.636957,10.95838,56.92264
R,0.1358083,0.8096712,-0.01843312,-0.04067156,0.468679,0.3499164,-8.394255,20.62675,16.32233,56.93858
R,0.1358584,0.8127455,-0.01652714,0.001946761,0.1193582,0.07399898,1.654641,-13.56226,-10.7124,56.96434
R,0.1413917,0.8183237,-0.007690641,0.3613651,0.3642992,0.5770889,23.47269,15.99647,32.85551,56.97965
R,0.1449275,0.823673,-0.001707548,0.1323757,0.2002709,0.2239977,-8.573009,-6.140964,-13.21918,57.00636
R,0.1472419,0.8281055,0.001880739,0.08475657,0.1623293,0.1314121,-1.743932,-1.389517,-3.390718,57.03366
R,0.1473617,0.8286893,0.001856905,0.004256743,0.02074368,-0.0008468235,-2.860199,-5.030607,-4.699225,57.06181
R,0.1496783,0.826782,0.00290532,0.08276001,-0.06813633,0.03745378,2.804465,-3.175165,1.368257,57.0898
R,0.1589468,0.817088,0.0063286,0.3366123,-0.3520691,0.124327,9.219433,-10.3119,3.15507,57.11734
R,0.1693129,0.807304,0.009938127,0.3718421,-0.3509596,0.1294767,1.26372,0.039798,0.1847243,57.14521
R,0.1812341,0.8013642,0.0189599,0.4261088,-0.2123095,0.3224713,1.939691,4.95586,6.898332,57.17319
R,0.1897603,0.7975032,0.02663419,0.3060928,-0.1386136,0.2755094,-4.30861,2.645708,-1.685945,57.20105
R,0.1927206,0.8014941,0.02692291,0.105465,0.1421837,0.01028602,-7.147781,10.00398,-9.449132,57.22911
R,0.1986503,0.8024876,0.02262856,0.215537,0.03611169,-0.1560923,4.000931,-3.855537,-6.047571,57.25663
R,0.2130388,0.7920713,0.01420408,0.5243036,-0.3795589,-0.3069817,11.25122,-15.14673,-5.498298,57.28407
R,0.2254354,0.7867033,0.002430563,0.4409356,-0.1909367,-0.418773,-2.965321,6.709117,-3.976309,57.31218
R,0.2133346,0.8037346,-0.003004857,-0.4302969,0.6056235,-0.1932803,-30.98051,28.32521,8.018386,57.34031
R,0.2070782,0.8181316,-0.01095795,-0.2109159,0.4853496,-0.2681141,7.395757,-4.054667,-2.52279,57.36997
R,0.2041223,0.8249451,-0.01393489,-0.07424832,0.1711503,-0.0747785,3.432981,-7.892434,4.856436,57.40978
R,0.2062897,0.8209983,-0.008932012,0.05325872,-0.09698397,0.1229354,3.133221,-6.588845,4.85841,57.45047
R,0.2115411,0.8155854,-0.002109901,0.3180751,-0.3278579,0.4132106,16.03975,-13.98387,17.58177,57.46698
R,0.2138442,0.8139608,9.665237E-05,0.08936443,-0.06303656,0.08561794,-8.874352,10.27551,-12.71114,57.49276
R,0.2153173,0.8142208,-0.0006134087,0.05298521,0.009351846,-0.02554038,-1.308534,2.603758,-3.998283,57.52056
R,0.215393,0.8145204,-0.0009176102,0.002726002,0.01079237,-0.01095694,-1.810271,0.05188582,0.5252764,57.54832
R,0.2156875,0.8155515,-0.002394181,0.01057234,0.03701469,-0.05300933,0.2816859,0.9413891,-1.509694,57.57618
R,0.2181538,0.8154337,-0.004868428,0.08648091,-0.004127792,-0.08675882,2.661714,-1.44265,-1.183417,57.60469
R,0.2178221,0.818112,-0.01390068,-0.01226018,0.09899799,-0.3338621,-3.649801,3.811873,-9.133762,57.63175
R,0.2156096,0.8212326,-0.01987078,-0.07762313,0.1094796,-0.2094522,-2.293162,0.3677301,4.364736,57.66025
R,0.2159754,0.8208672,-0.01975009,0.01325609,-0.01323827,0.004373607,3.29326,-4.44702,7.748569,57.68785
R,0.2161754,0.8207026,-0.02001708,0.007255159,-0.005972357,-0.009685889,-0.217701,0.2635919,-0.5100487,57.71541
R,0.217077,0.8196837,-0.01969352,0.03326029,-0.03758707,0.01193616,0.9593428,-1.166283,0.7976486,57.74252
R,0.2199294,0.818966,-0.02079415,0.1023743,-0.02575857,-0.03950185,2.480536,0.4245304,-1.846134,57.77038
R,0.2239957,0.817389,-0.02192299,0.1441272,-0.05589592,-0.04001087,1.47989,-1.068189,-0.01804198,57.7986
R,0.2255572,0.8159097,-0.02274608,0.05570659,-0.05277371,-0.02936426,-3.154455,0.1113866,0.379824,57.82663
R,0.2258321,0.8162904,-0.02427015,0.009954463,0.0137841,-0.05518313,-1.656581,2.409908,-0.934843,57.85424
R,0.2258135,0.8169863,-0.0238404,-0.0006653912,0.0248193,0.01532771,-0.3787661,0.39358,2.514829,57.88228
R,0.227646,0.8091157,-0.02039873,0.06470674,-0.2779141,0.1215265,2.308312,-10.68962,3.749917,57.9106
R,0.2284318,0.8051513,-0.01827856,0.02880368,-0.1453068,0.07771086,-1.315964,4.860487,-1.605986,57.93789
R,0.2278546,0.8051153,-0.01854099,-0.02054414,-0.001281225,-0.009339323,-1.756209,5.125638,-3.097975,57.96598
R,0.2259697,0.8052058,-0.01965463,-0.0685132,0.003288789,-0.04047893,-1.743594,0.1661123,-1.131872,57.9935
R,0.2243104,0.8062059,-0.02058859,-0.05657559,0.03409941,-0.03184612,0.4070464,1.050575,0.2943599,58.02282
R,0.2241784,0.80596,-0.0210666,-0.003323614,-0.006190273,-0.01203488,1.34073,-1.014377,0.4987898,58.06254
R,0.2239152,0.8065309,-0.01995588,-0.009318232,0.02021289,0.03932583,-0.2122438,0.9348233,1.818463,58.09079
R,0.2231186,0.8066886,-0.01875168,-0.0284368,0.005629595,0.04298411,-0.682437,-0.5205506,0.1305821,58.1188
R,0.2228715,0.8070115,-0.01828101,-0.008936194,0.01167995,0.01702288,0.7052934,0.2188277,-0.9389598,58.14645
R,0.2225776,0.8073927,-0.0172314,-0.01067777,0.0138451,0.0381306,-0.06326821,0.07865608,0.7668045,58.17398
R,0.2224344,0.8070966,-0.01414389,-0.004977853,-0.01029029,0.1073154,0.198117,-0.8388953,2.404718,58.20275
R,0.2227866,0.8063555,-0.01158662,0.01326285,-0.02790595,0.09629005,0.6868271,-0.6632922,-0.4151437,58.22931
R,0.2221261,0.8049696,-0.01103106,-0.0232305,-0.04873851,0.01953823,-1.283406,-0.7326443,-2.699226,58.25774
R,0.2207614,0.8026549,-0.009906958,-0.05015906,-0.08507869,0.04131741,-0.9897867,-1.335721,0.8005164,58.28495
R,0.2207255,0.8025063,-0.009223794,-0.001242569,-0.005145723,0.02365752,1.693945,2.768025,-0.6115502,58.31382
R,0.2203997,0.8011773,-0.008661195,-0.00798375,-0.03256596,0.01378594,-0.165186,-0.671906,-0.2418935,58.35463
R,0.2195592,0.797814,-0.00811768,-0.02837767,-0.113559,0.01835127,-0.6885811,-2.734651,0.1541441,58.38425
R,0.2192115,0.7958215,-0.009578051,-0.01360018,-0.07793616,-0.0571214,0.5780109,1.393361,-2.95206,58.40982
R,0.2182659,0.7940988,-0.01103824,-0.03304431,-0.06019645,-0.05102354,-0.6794403,0.6198825,0.2130791,58.43843
R,0.2169625,0.7939786,-0.01144411,-0.04858648,-0.004479522,-0.01513057,-0.5793924,2.077056,1.338044,58.46526
R,0.2144562,0.797586,-0.008862383,-0.08963645,0.1290118,0.09233082,-1.468077,4.774071,3.843159,58.49322
R,0.2133251,0.7962832,-0.005078361,-0.02683152,-0.03090639,0.08977,1.489949,-3.793809,-0.06075155,58.53537
R,0.2143136,0.7892606,0.001069022,0.06593511,-0.4684319,0.4100508,6.187841,-29.1844,21.36379,58.55037
R,0.2138921,0.7903129,0.00180162,-0.01585933,0.03958722,0.02756114,-3.077199,19.11225,-14.38969,58.57695
R,0.1975934,0.7848543,-0.005699511,-0.5880277,-0.1969361,-0.2706271,-20.64279,-8.533328,-10.75809,58.60466
R,0.1888988,0.7811075,-0.01103256,-0.5484174,-0.2363338,-0.3363874,2.498462,-2.48505,-4.147898,58.62052
R,0.1920801,0.783224,-0.01013627,0.1238037,0.0823676,0.03488076,26.16074,12.40286,14.44859,58.64621
R,0.2033504,0.7806999,-0.003847044,0.4010943,-0.08982784,0.2238233,9.868326,-6.128156,6.724157,58.67431
R,0.2164643,0.7653748,0.01135877,0.4718242,-0.5513849,0.547092,2.544798,-16.60643,11.63093,58.70211
R,0.2261774,0.7499908,0.02864855,0.6150324,-0.974113,1.094786,9.06792,-26.76706,34.67987,58.7179
R,0.2277951,0.7454599,0.03609327,0.06394541,-0.1790914,0.2942685,-21.78289,31.42493,-31.64216,58.7432
R,0.2257497,0.7474084,0.04073388,-0.07079317,0.06743877,0.1606162,-4.663442,8.532666,-4.625845,58.77209
R,0.2218674,0.7543091,0.04212647,-0.1391483,0.2473296,0.04991244,-2.449943,6.44754,-3.967776,58.79999
R,0.2217649,0.7528368,0.04428203,-0.002499011,-0.0359093,0.05257419,3.332879,-6.908205,0.06492014,58.84099
R,0.2201806,0.7550627,0.04220995,-0.05597256,0.07864092,-0.07320547,-1.889187,4.046988,-4.443717,58.8693
R,0.2194012,0.7570949,0.04046772,-0.02813554,0.07335918,-0.06289106,1.004862,-0.1906604,0.3723301,58.897
R,0.2195331,0.7565022,0.04051621,0.00473025,-0.02125727,0.001738842,1.178601,-3.393042,2.317693,58.92488
R,0.219879,0.7552296,0.04056384,0.01262488,-0.04644859,0.001738695,0.288155,-0.9194867,-5.392204E-06,58.95228
R,0.2191489,0.7516558,0.04247975,-0.02604716,-0.1274986,0.068351,-1.379647,-2.891503,2.376431,58.98031
R,0.217991,0.7494761,0.04381641,-0.0419016,-0.07887562,0.04837085,-0.5737362,1.759554,-0.7230365,59.00795
R,0.2159993,0.7497529,0.0446534,-0.1246084,0.01731429,0.05236566,-5.174488,6.018045,0.2499319,59.02393
R,0.2143644,0.7504182,0.04560184,-0.06493726,0.02642756,0.0376709,2.370067,0.3619679,-0.583658,59.04911
R,0.2121179,0.74987,0.04897694,-0.1364463,-0.03329906,0.2049955,-4.343297,-3.627659,10.16292,59.06557
R,0.2111862,0.7486313,0.0519563,-0.03614004,-0.04804954,0.1155699,3.890898,-0.5721734,-3.468836,59.09135
R,0.2103455,0.742218,0.06306501,-0.03042443,-0.2320822,0.4019992,0.2068352,-6.659725,10.36523,59.11898
R,0.2076345,0.7368493,0.07199561,-0.1792795,-0.3550391,0.5905912,-9.843964,-8.131287,12.47181,59.13411
R,0.2065581,0.734752,0.07568768,-0.04074265,-0.07938159,0.1397423,5.243519,10.43343,-17.0643,59.16053
R,0.2107718,0.7276203,0.07974207,0.1522329,-0.2576531,0.1464766,6.971799,-6.440576,0.2432933,59.18821
R,0.209658,0.7280586,0.08132048,-0.06802991,0.02677219,0.09640483,-13.45307,17.37195,-3.058249,59.20458
R,0.2089148,0.7281193,0.08247184,-0.02982373,0.002432735,0.04620672,1.533301,-0.9767977,-2.014564,59.2295
R,0.2085143,0.7133593,0.08056199,-0.01428465,-0.5264264,-0.06811649,0.5542144,-18.86221,-4.077435,59.25753
R,0.2072403,0.7000659,0.07622292,-0.04659217,-0.4861603,-0.158686,-1.181532,1.472591,-3.312254,59.28488
R,0.2062919,0.6881738,0.07430896,-0.03318487,-0.4161022,-0.06696909,0.4691193,2.451323,3.20916,59.31346
R,0.2037498,0.679826,0.07449228,-0.09317543,-0.3059743,0.006719056,-2.198848,4.036543,2.700909,59.34074
R,0.2010298,0.6733848,0.07524059,-0.09659053,-0.2287342,0.02657356,-0.1212745,2.742893,0.7050581,59.3689
R,0.1973747,0.6640809,0.08320418,-0.1298688,-0.330571,0.2829503,-1.182393,-3.618314,9.109193,59.39705
R,0.1935927,0.6552703,0.09866025,-0.1372416,-0.3197177,0.5608686,-0.2675457,0.3938445,10.08508,59.4246
R,0.1925047,0.6427085,0.1139253,-0.03869732,-0.4468135,0.5429645,3.505129,-4.520679,-0.6368322,59.45272
R,0.1914959,0.626406,0.1281059,-0.03617797,-0.5846229,0.5085312,0.09034646,-4.941985,-1.234813,59.4806
R,0.191315,0.6098074,0.1368247,-0.006465131,-0.5934581,0.3117253,1.062335,-0.3158863,-7.036481,59.50857
R,0.1925302,0.5939893,0.1414251,0.04398765,-0.5725801,0.1665227,1.826277,0.7557348,-5.256009,59.5362
R,0.1934362,0.5852934,0.1436825,0.03286688,-0.3154667,0.0818934,-0.403438,9.327529,-3.07017,59.56376
R,0.1937224,0.5836308,0.1436329,0.01013725,-0.0588978,-0.001756229,-0.8051943,9.08892,-2.963277,59.59199
R,0.1930929,0.5840263,0.144005,-0.04022999,0.0252773,0.02377937,-3.218789,5.379327,1.631888,59.60764
R,0.191397,0.5860618,0.1451143,-0.06695101,0.0803605,0.04379765,-1.054933,2.174658,0.7903122,59.63297
R,0.1885891,0.5892614,0.1468863,-0.09987544,0.113806,0.06302578,-1.171091,1.189624,0.6839265,59.66108
R,0.1867951,0.5914493,0.1473197,-0.06363646,0.0776091,0.01537445,1.285498,-1.284004,-1.690326,59.68927
R,0.1852838,0.5917317,0.1471688,-0.05387374,0.01006893,-0.005378132,0.3480062,-2.407568,-0.7397559,59.71733
R,0.1833641,0.591291,0.1459189,-0.06441912,-0.01479095,-0.04194218,-0.3538668,-0.8342122,-1.226964,59.74713
R,0.1815588,0.591305,0.1436949,-0.06633507,0.0005147007,-0.08172188,-0.07040285,0.5624171,-1.461734,59.77434
R,0.180833,0.5915357,0.1429651,-0.02724531,0.008662658,-0.02739521,1.467232,0.305833,2.039148,59.80098
R,0.1800751,0.5917296,0.1425478,-0.02724625,0.006970396,-0.01500092,-3.388238E-05,-0.06083603,0.4455688,59.8288
R,0.1796339,0.591911,0.1425949,-0.01644602,0.006759279,0.00175759,0.4026188,-0.007870167,0.624736,59.85563
R,0.1789562,0.5922599,0.1425459,-0.04498022,0.0231606,-0.003252571,-1.893688,1.088483,-0.3325022,59.87069
R,0.1785167,0.5924543,0.1425206,-0.01677503,0.007418917,-0.0009680311,1.076561,-0.6008427,0.08719838,59.89689
R,0.178677,0.5929011,0.141947,0.01032394,0.02876351,-0.03692327,1.744556,1.374105,-2.314698,59.91243
R,0.1788079,0.5932578,0.1414691,0.003280354,0.008940308,-0.01197792,-0.1765232,-0.4968004,0.6251695,59.95233
R,0.1800022,0.5942193,0.1406096,0.04333807,0.03488805,-0.03118782,1.453612,0.9415897,-0.6970872,59.97989
R,0.1808112,0.5951312,0.1398186,0.02914015,0.03284513,-0.02849072,-0.5113904,-0.07358314,0.09714583,60.00765
R,0.181895,0.5970343,0.1388906,0.06946249,0.1219781,-0.05948101,2.584415,5.712882,-1.986288,60.02325
R,0.1824348,0.598038,0.1384233,0.02100943,0.03906018,-0.01818471,-1.885641,-3.226907,1.607123,60.04895
R,0.184123,0.5992692,0.1377556,0.1098667,0.08012661,-0.04345946,5.782868,2.672621,-1.644892,60.06431
R,0.1849905,0.5999118,0.1374152,0.03273917,0.02425407,-0.01284462,-2.910814,-2.108646,1.155412,60.09081
R,0.1886656,0.6006237,0.1343224,0.2371782,0.04594412,-0.1995986,13.19362,1.399783,-12.0523,60.1063
R,0.1905582,0.6010122,0.1327955,0.07321855,0.01503007,-0.05906877,-6.34313,-1.195976,5.436697,60.13215
R,0.1944681,0.6136,0.1183835,0.2660823,0.8566492,-0.9807978,13.12515,57.27554,-62.72734,60.14685
R,0.1950853,0.6218294,0.110729,0.02185801,0.2914457,-0.2710859,-8.649277,-20.01685,25.13465,60.17508
R,0.1932945,0.6423029,0.08550701,-0.06512837,0.7445893,-0.9172856,-3.163562,16.48014,-23.5013,60.20258
R,0.1922131,0.6663432,0.05434071,-0.07062391,1.570013,-2.035391,-0.3588996,53.90628,-73.02055,60.21789
R,0.1917192,0.6838977,0.0385951,-0.01923581,0.683776,-0.6133161,2.001647,-34.52031,55.39202,60.24356
R,0.1933378,0.708673,0.006786475,0.1038906,1.590276,-2.041734,7.903242,58.18647,-91.68733,60.25914
R,0.1939921,0.7222837,-0.006525099,0.02511439,0.5223966,-0.510915,-3.023529,-40.98656,58.75474,60.2852
R,0.1976018,0.7138129,-0.00619676,0.2499381,-0.5865194,0.02273436,15.56687,-76.78175,36.95007,60.29964
R,0.197008,0.70265,0.008620099,-0.02183839,-0.4105377,0.5449145,-9.99503,6.472021,19.20404,60.32683
R,0.1985962,0.7197882,-0.008631794,0.09632675,1.039493,-1.046386,7.167118,87.94927,-96.51778,60.34332
R,0.1925114,0.7410575,-0.01806746,-0.2402256,0.8397025,-0.3725157,-13.28692,-7.88762,26.60408,60.36865
R,0.1848537,0.7705908,-0.02353906,-0.5115724,1.972979,-0.3655315,-18.12741,75.70886,0.4665799,60.38362
R,0.1818725,0.7887944,-0.02262828,-0.1130659,0.690389,0.03454194,15.11373,-48.64341,15.17316,60.40998
R,0.1758951,0.8111258,-0.003475816,-0.1393814,0.5207286,0.4466025,-0.6136315,-3.956186,9.60854,60.45287
R,0.1614531,0.8524505,0.02752666,-0.5229114,1.496277,1.122529,-13.88675,35.3224,24.47378,60.48049
R,0.1524381,0.8831413,0.04974309,-0.6062694,2.063979,1.494075,-5.6059,38.17847,24.98679,60.49536
R,0.1481367,0.8986351,0.0590665,-0.161362,0.5812286,0.3497533,16.69001,-55.6231,-42.92746,60.52201
R,0.1430141,0.9046757,0.1048917,-0.3425632,0.4039541,3.064491,-12.11755,-11.85496,181.5439,60.53697
R,0.1398314,0.9114914,0.129955,-0.1225157,0.2623623,0.9647869,8.470503,-5.45043,-80.82597,60.56295
R,0.1068465,0.9302554,0.1480376,-2.133952,1.213938,1.169852,-130.1298,61.56212,13.26665,60.5784
R,0.0992507,0.9437387,0.1810861,-0.2827616,0.5019259,1.230257,68.91203,-26.50519,2.248633,60.60527
R,0.08133961,0.9650877,0.2257131,-1.129217,1.345963,2.81354,-53.36539,53.21292,99.81919,60.62113
R,0.07146984,0.9784451,0.2524104,-0.3895364,0.5271826,1.053678,29.19345,-32.31534,-69.4576,60.64647
R,0.06498927,0.9802674,0.2899182,-0.4378458,0.1231234,2.534139,-3.263924,-27.2994,100.0243,60.66127
R,0.06015193,0.9845832,0.3139478,-0.1459913,0.1302509,0.7252125,8.808188,0.2151086,-54.59352,60.6944
R,0.06724644,0.9580257,0.3048182,0.1897353,-0.710252,-0.2441617,8.978647,-22.47835,-25.92488,60.73179
R,0.07202091,0.9465739,0.2970584,0.1802935,-0.4324447,-0.2930239,-0.3565396,10.49057,-1.845134,60.75827
R,0.07363489,0.9461961,0.292623,0.1055102,-0.02469607,-0.2899548,-4.888782,26.65558,0.2006332,60.77357
R,0.07359471,0.9462985,0.2928524,-0.001542197,0.003932558,0.008805363,-4.108804,1.098803,11.46679,60.79963
R,0.06681919,0.9534358,0.2775488,-0.4298553,0.4528036,-0.9708979,-27.17321,28.47746,-62.15472,60.81539
R,0.06293163,0.9581013,0.2711118,-0.1502213,0.1802817,-0.2487367,10.80548,-10.53066,27.9054,60.84127
R,0.06139869,0.9579803,0.2615668,-0.03592442,-0.002834179,-0.223685,2.678549,-4.291323,0.587086,60.88394
R,0.06214666,0.9548309,0.2550498,0.02720244,-0.1145407,-0.2370164,2.295828,-4.062596,-0.484841,60.91143
R,0.06126973,0.9467596,0.2480009,-0.03308591,-0.3045256,-0.2659488,-2.274644,-7.168019,-1.091605,60.93794
R,0.06097051,0.9406793,0.2469138,-0.02204594,-0.4479781,-0.08009459,0.8133953,-10.5692,13.69325,60.95151
R,0.06115254,0.9372505,0.2482558,0.00624591,-0.1176497,0.04604773,0.9707511,11.33424,4.328201,60.98066
R,0.06086444,0.9369347,0.2403995,-0.01088248,-0.01192813,-0.296759,-0.6469891,3.993412,-12.94881,61.00713
R,0.06100082,0.9355097,0.2379735,0.009843331,-0.1028531,-0.1750972,1.495911,-6.562621,8.781089,61.02098
R,0.0619974,0.9331594,0.2418396,0.03567013,-0.08412411,0.1383785,0.9244048,0.6703571,11.22007,61.04892
R,0.06191796,0.9335929,0.241625,-0.00522172,0.02849956,-0.01410677,-2.687952,7.403114,-10.02335,61.06414
R,0.06184433,0.9338234,0.2414026,-0.002816273,0.008815564,-0.008505526,0.0920008,-0.7528511,0.2142301,61.09028
R,0.06253611,0.9326044,0.2423466,0.04805133,-0.08467475,0.06557097,3.53329,-6.493886,5.145392,61.10468
R,0.06324384,0.9312163,0.2432526,0.02536632,-0.04975048,0.03247197,-0.8130623,1.251735,-1.186315,61.13258
R,0.06425343,0.9318044,0.2420473,0.03781912,0.02203085,-0.04515185,0.4664798,2.688917,-2.907776,61.15928
R,0.06546455,0.9338075,0.2380907,0.04323071,0.07149969,-0.1412298,0.1931666,1.76579,-3.4295,61.18729
R,0.06634903,0.9372044,0.2321531,0.03176183,0.1219842,-0.2132208,-0.4118492,1.812904,-2.585208,61.21514
R,0.06763328,0.9377721,0.2183446,0.04549435,0.0201098,-0.4891633,0.4864729,-3.608886,-9.775226,61.24337
R,0.07078321,0.9364195,0.2090336,0.1134562,-0.04871917,-0.3353713,2.447897,-2.479129,5.539388,61.27113
R,0.0760704,0.9345291,0.1828149,0.3397073,-0.1214614,-1.684576,14.53685,-4.673759,-86.68773,61.28669
R,0.0788653,0.9339763,0.1676141,0.1047863,-0.02072458,-0.5699069,-8.807655,3.776824,41.79116,61.31337
R,0.07614402,0.9355219,0.1472612,-0.09968771,0.05661988,-0.7455844,-7.490447,2.833341,-6.435552,61.34066
R,0.07873436,0.932062,0.1369382,0.08099249,-0.1081804,-0.3227721,5.64936,-5.152839,13.22015,61.37265
R,0.08280394,0.9250553,0.1224629,0.1736355,-0.2989527,-0.6176122,3.952768,-8.13962,-12.57984,61.39608
R,0.08486924,0.9192854,0.1027866,0.1335482,-0.3730999,-1.272326,-2.592168,-4.79458,-42.33582,61.41155
R,0.08596481,0.9168379,0.09358123,0.04093489,-0.09144723,-0.3439476,-3.460378,10.5236,34.68771,61.43831
R,0.07741968,0.9149714,0.08148916,-0.3125079,-0.06826128,-0.4422242,-12.92591,0.8479432,-3.594115,61.46566
R,0.06937608,0.9109689,0.06343085,-0.2809941,-0.1398233,-0.6308474,1.100898,-2.499942,-6.589343,61.49428
R,0.05985834,0.9052055,0.05269286,-0.2210327,-0.1338451,-0.2493709,1.392498,0.1388338,8.859123,61.53734
R,0.04810119,0.889864,0.04370483,-0.4731453,-0.6173914,-0.3617068,-10.14581,-19.45943,-4.520755,61.56219
R,0.04035627,0.8776658,0.03444499,-0.5005627,-0.7883845,-0.5984744,-1.772018,-11.05148,-15.30256,61.57766
R,0.03678801,0.8723093,0.02919565,-0.1326809,-0.1991733,-0.1951891,13.67915,21.90896,14.99557,61.60456
R,0.0284897,0.8706453,0.01836972,-0.5504434,-0.1103713,-0.7181054,-27.71101,5.890412,-34.68608,61.61963
R,0.02546476,0.8699795,0.01368065,-0.1145907,-0.02522354,-0.1776314,16.51101,3.225575,20.47428,61.64603
R,0.02141745,0.8625532,0.007849657,-0.2589015,-0.4750526,-0.3730017,-9.231385,-28.77501,-12.49759,61.66166
R,0.01950105,0.8565588,0.005344553,-0.07191147,-0.2249343,-0.094002,7.016651,9.385489,10.46924,61.68831
R,0.01954907,0.8568939,1.70776E-05,0.001717713,0.01198741,-0.1905794,2.633931,8.475381,-3.454855,61.71627
R,0.02013481,0.8572071,5.127555E-05,0.04183878,0.02237313,0.002442721,2.865803,0.7418401,13.78735,61.73027
R,0.02033264,0.8572186,-5.40069E-05,0.006964926,0.0004029009,-0.003706576,-1.22777,-0.7734841,-0.2164922,61.75867
R,0.01888542,0.8561658,0.001038633,-0.09119685,-0.06633864,0.06885315,-6.185702,-4.205744,4.572379,61.77454
R,0.01704947,0.8546878,0.001749654,-0.0692099,-0.05571659,0.02680324,0.8288389,0.4004183,-1.58515,61.80107
R,0.01704947,0.8546878,0.001749654,0,0,0,2.615767,2.105791,-1.01302,61.82753
R,0.01704947,0.8546878,0.001749654,0,0,0,0,0,0,61.84282
R,0.01704947,0.8546878,0.001749654,0,0,0,0,0,0,61.86941
R,0.01704947,0.8546878,0.001749654,0,0,0,0,0,0,61.88376
R,0.01704947,0.8546878,0.001749654,0,0,0,0,0,0,61.91111
R,0.01704947,0.8546878,0.001749654,0,0,0,0,0,0,61.92671
R,0.01704947,0.8546878,0.001749654,0,0,0,0,0,0,61.95305
R,0.01704947,0.8546878,0.001749654,0,0,0,0,0,0,61.96759
R,0.01704947,0.8546878,0.001749654,0,0,0,0,0,0,61.99431
R,0.01704947,0.8546878,0.001749654,0,0,0,0,0,0,62.00965
R,0.01704947,0.8546878,0.001749654,0,0,0,0,0,0,62.03633
R,0.01704947,0.8546878,0.001749654,0,0,0,0,0,0,62.05198
R,0.01704947,0.8546878,0.001749654,0,0,0,0,0,0,62.07788
R,0.01704947,0.8546878,0.001749654,0,0,0,0,0,0,62.09253
R,0.01704947,0.8546878,0.001749654,0,0,0,0,0,0,62.12001
R,0.01704947,0.8546878,0.001749654,0,0,0,0,0,0,62.13523
R,-0.01419175,0.8938316,0.04647349,-1.18898,1.489738,1.702103,-45.2503,56.69654,64.77876,62.1615
R,-0.01419175,0.8938316,0.04647349,0,0,0,76.24365,-95.52979,-109.1478,62.1771
R,-0.01419174,0.8938316,0.04647356,2.476789E-07,0,2.547554E-06,9.409788E-06,0,9.67864E-05,62.20342
R,0.005230127,0.945776,0.1380535,0.6945875,1.857695,3.275189,24.84064,66.43706,117.131,62.23138
R,0.03300558,0.9960144,0.2271588,1.020057,1.845013,3.272404,11.95292,-0.4657555,-0.1022871,62.25861
R,0.06117884,1.018895,0.2967033,0.9966869,0.8094361,2.460279,-0.8267755,-36.63566,-28.73058,62.28688
R,0.08742866,1.033797,0.3613095,0.9520244,0.5404806,2.343127,-1.619814,-9.754438,-4.248833,62.31445
R,0.120984,1.038217,0.4006348,1.176926,0.1550375,1.379302,7.888223,-13.51908,-33.80532,62.34296
R,0.1553488,1.017562,0.3975112,1.284363,-0.7719917,-0.116742,4.015384,-34.64716,-55.91375,62.36972
R,0.1734023,0.9988084,0.3935067,1.163376,-1.208475,-0.2580545,-7.796445,-28.12724,-9.106253,62.38523
R,0.1475057,0.9990802,0.363981,-0.6397125,0.006712625,-0.7293615,-44.54097,30.01831,-11.64251,62.42572
R,0.08343951,1.003927,0.2916149,-2.288713,0.1731483,-2.585218,-58.90919,5.945778,-66.29893,62.45371
R,0.04985324,1.000903,0.2653167,-1.20345,-0.108337,-0.9423075,38.88671,-10.08607,58.86811,62.48162
R,0.02812184,0.9909666,0.2313269,-1.460707,-0.6679247,-2.284672,-17.29185,-37.61347,-90.22896,62.49649
R,0.01894453,0.9839529,0.2149288,-0.3418265,-0.2612381,-0.6107814,41.67486,15.14783,62.34733,62.52334
R,0.007589043,0.9674594,0.1758664,-0.4092348,-0.5944009,-1.407748,-2.429293,-12.00668,-28.72147,62.55109
R,0.01609518,0.9506008,0.1393901,0.2750163,-0.5450635,-1.179336,22.12288,1.595153,7.38489,62.58202
R,0.01998804,0.9322599,0.1118916,0.1568537,-0.7390029,-1.107988,-4.761084,-7.814335,2.874813,62.60684
R,0.02449831,0.9097522,0.09115459,0.2963261,-1.478763,-1.362424,9.163373,-48.60244,-16.71649,62.62206
R,0.02675515,0.8986756,0.08123296,0.0876211,-0.4300462,-0.3852036,-8.102899,40.71607,37.94022,62.64782
R,0.03166417,0.8868572,0.06122137,0.307716,-0.7408237,-1.254405,13.7964,-19.48074,-54.48489,62.66377
R,0.03516044,0.8829966,0.05051614,0.1379065,-0.1522767,-0.4222559,-6.697945,23.21457,32.82317,62.68912
R,0.04780901,0.8751941,0.02959925,0.4432817,-0.2734458,-0.733053,10.70218,-4.246491,-10.89219,62.71766
R,0.05786889,0.8643343,0.01350511,0.3609552,-0.389654,-0.577468,-2.953927,-4.169625,5.58249,62.74553
R,0.06791914,0.8593948,0.002319203,0.3580609,-0.1759819,-0.3985213,-0.1031148,7.612512,6.375347,62.77359
R,0.07566928,0.8612745,-0.002767743,0.1872836,0.04542312,-0.122927,-4.126867,5.350296,6.659788,62.81498
R,0.08073065,0.8597022,-0.007080167,0.3391638,-0.1053569,-0.2889765,10.17752,-10.1038,-11.12701,62.8299
R,0.08416892,0.8558945,-0.01248695,0.1274852,-0.1411841,-0.2004748,-7.848694,-1.328415,3.281498,62.85687
R,0.088971,0.8474737,-0.009504779,0.1744026,-0.3058262,0.1083069,1.703951,-5.979485,11.21436,62.8844
R,0.09415513,0.8349638,-0.00692358,0.3488158,-0.8417367,0.1736771,11.73547,-36.05897,4.398461,62.89927
R,0.0969652,0.8292677,-0.007411581,0.1059311,-0.2147258,-0.01839609,-9.155993,23.63635,-7.240556,62.92579
R,0.1043321,0.8136442,-0.01376381,0.4869373,-1.03268,-0.4198683,25.18369,-54.06501,-26.53644,62.94092
R,0.1082921,0.8080259,-0.01717131,0.1519002,-0.2155102,-0.1307078,-12.85162,31.34565,11.09185,62.96699
R,0.1144629,0.7980095,-0.02292393,0.3855169,-0.6257708,-0.3593934,14.59514,-25.63092,-14.28707,62.983
R,0.1179444,0.7926468,-0.02601271,0.1320793,-0.2034438,-0.1171786,-9.614638,16.02178,9.188879,63.00936
R,0.1139111,0.7917377,-0.02655297,-0.1436558,-0.03238154,-0.01924273,-9.820964,6.092793,3.48822,63.03743
R,0.1120076,0.7867085,-0.0246616,-0.07076117,-0.1869483,0.07030793,2.709712,-5.74571,3.328867,63.06433
R,0.1100172,0.7741945,-0.02941748,-0.07188565,-0.4519819,-0.1717725,-0.04061386,-9.572466,-8.743445,63.09202
R,0.1084997,0.7597678,-0.03772666,-0.09364839,-0.8902719,-0.5127596,-1.342978,-27.04687,-21.04231,63.10823
R,0.1083442,0.753148,-0.04137233,-0.006127071,-0.2607947,-0.1436266,3.448029,24.79917,14.54253,63.13361
R,0.104647,0.7498826,-0.04084402,-0.1317908,-0.1164014,0.01883249,-4.479465,5.14711,5.79109,63.16166
R,0.104183,0.7377594,-0.03826815,-0.02930911,-0.7657869,0.1627106,6.473484,-41.01988,9.088382,63.17749
R,0.1041276,0.7316115,-0.03794981,-0.002112668,-0.2342501,0.01212953,1.036248,20.25279,-5.737489,63.20374
R,0.1074303,0.7340118,-0.03985822,0.1227028,0.08917721,-0.07090113,4.637136,12.01595,-3.084749,63.23066
R,0.1127718,0.7350385,-0.0421216,0.3218948,0.06186781,-0.1363982,12.0039,-1.645746,-3.947047,63.24725
R,0.115221,0.7343778,-0.04329856,0.09461316,-0.02552129,-0.04546628,-8.779916,-3.375852,3.51271,63.27314
R,0.1218375,0.752307,-0.04547163,0.2397678,0.6497141,-0.0787472,5.260081,24.46902,-1.206026,63.30073
R,0.1297413,0.7603902,-0.04859249,0.2823554,0.2887644,-0.1114898,1.521406,-12.89463,-1.169703,63.32872
R,0.1440409,0.7648879,-0.05481787,0.510008,0.1604167,-0.2220336,8.119423,-4.577631,-3.942639,63.35676
R,0.1533016,0.7613676,-0.05583511,0.3142963,-0.1194754,-0.03452396,-6.642236,-9.499228,6.363871,63.38623
R,0.155838,0.7575038,-0.052035,0.06414261,-0.09771127,0.0961004,-6.326095,0.5503899,3.303337,63.42577
R,0.1541313,0.7547217,-0.04571264,-0.03691983,-0.06018423,0.136769,-2.186245,0.8118078,0.879769,63.472
R,0.1535302,0.7496409,-0.03579469,-0.02553877,-0.2158681,0.4213829,0.4835457,-6.614522,12.09235,63.49553
R,0.1522914,0.7466645,-0.02769512,-0.0447164,-0.1074429,0.2923783,-0.6922747,3.91394,-4.656814,63.52324
R,0.1494762,0.7480436,-0.02356001,-0.09924638,0.04861905,0.1457767,-1.922365,5.501707,-5.1682,63.5516
R,0.1469689,0.7499985,-0.02040003,-0.0613708,0.04784956,0.07734535,0.9270642,-0.01883453,-1.674964,63.59246
R,0.1416609,0.7527487,-0.02052147,-0.1907135,0.09881271,-0.00436301,-4.647259,1.831097,-2.935767,63.62029
R,0.1347957,0.7579618,-0.01980963,-0.2474143,0.1878716,0.02565343,-2.043412,3.209549,1.081747,63.64804
R,0.1327755,0.7597095,-0.01898146,-0.048416,0.04188808,0.0198482,4.769263,-3.498693,-0.1391302,63.68976
R,0.1322455,0.7607251,-0.0188126,-0.01895,0.03631129,0.006037452,1.05351,-0.1993894,-0.4937813,63.71773
R,0.1288282,0.7669961,-0.01859096,-0.1232199,0.2261198,0.007991827,-3.759797,6.844174,0.07047148,63.74546
R,0.1246884,0.7739564,-0.01895304,-0.1444675,0.2428926,-0.01263545,-0.741473,0.5853177,-0.7198238,63.77412
R,0.1178123,0.7848963,-0.01667154,-0.2608575,0.4150235,0.08655333,-4.415475,6.530113,3.762915,63.80048
R,0.1132326,0.797106,-0.01448136,-0.1645919,0.4388131,0.07871427,3.459756,0.8549921,-0.2817333,63.8283
R,0.1125245,0.8140454,-0.01247587,-0.02480954,0.5934994,0.07026551,4.897501,5.419684,-0.2960159,63.85685
R,0.1150842,0.8349966,-0.008016294,0.08970771,0.7342559,0.1562903,4.013371,4.93295,3.014824,63.88538
R,0.1150632,0.8542325,-0.0003621299,-0.0005280185,0.4839341,0.1925617,-2.27013,-6.297539,0.9125082,63.92513
R,0.1161992,0.8763054,0.01204098,0.04041601,0.7853238,0.4412868,1.456736,10.72306,8.849319,63.95324
R,0.1159365,0.8908583,0.03251281,-0.009422733,0.5220242,0.7343413,-1.787757,-9.444774,10.51211,63.98111
R,0.1136175,0.9015632,0.0611596,-0.08359654,0.3858937,1.032671,-2.674215,-4.907964,10.7558,64.00885
R,0.07791031,0.9741377,0.1199577,-1.257783,2.556434,2.071158,-41.34955,76.43663,36.57082,64.03725
R,0.0741405,1.011125,0.1753972,-0.08920676,0.8752468,1.311892,27.65758,-39.78993,-17.97012,64.0795
R,0.08471831,1.017205,0.2444376,0.3980632,0.2287898,2.598124,18.33164,-24.32044,48.38949,64.10608
R,0.08747464,1.022054,0.2998846,0.09870966,0.1736638,1.98567,-10.72046,-1.974176,-21.93321,64.134
R,0.09840111,1.004421,0.3430566,0.3790776,-0.6117406,1.497785,9.726943,-27.24842,-16.92642,64.16283
R,0.1111285,0.9814945,0.3428811,0.4747325,-0.8551642,-0.006545248,3.567921,-9.079683,-56.11145,64.18964
R,0.1158716,0.9671127,0.3358187,0.2928321,-0.887924,-0.436028,-11.23565,-2.023511,-26.52835,64.20583
R,0.1181909,0.9622097,0.3379842,0.09253918,-0.1956288,0.08640363,-7.989287,27.61427,20.83876,64.2309
R,0.06122195,0.9636528,0.2633287,-3.471423,0.08793512,-4.549161,-217.2724,17.28711,-282.6013,64.2473
R,0.04395616,0.9619499,0.2445705,-0.664434,-0.06553004,-0.7218649,108.0205,-5.90575,147.2846,64.27328
R,0.02259888,0.9595574,0.1988222,-1.346485,-0.1508387,-2.884234,-42.97969,-5.375761,-136.2625,64.28915
R,0.01595816,0.9584193,0.1811848,-0.2264339,-0.03880845,-0.6013953,38.19128,3.819988,77.83981,64.31848
R,0.02522934,0.9425831,0.1428881,0.3494944,-0.596972,-1.443665,21.71694,-21.04707,-31.76006,64.345
R,0.02140986,0.9113268,0.1124054,-0.09664613,-0.7908934,-0.7713183,-11.28891,-4.906885,17.01271,64.38452
R,0.01135233,0.8780798,0.08109204,-0.3658789,-1.209478,-1.139137,-9.791586,-15.22329,-13.377,64.41202
R,0.008484068,0.8701358,0.04938131,-0.1008715,-0.2793781,-1.115211,9.322341,32.71876,0.8416658,64.44044
R,0.01026563,0.8669183,0.01538522,0.06466721,-0.1167894,-1.233989,6.007059,5.900008,-4.310233,64.468
R,0.01574214,0.8650363,-0.004019798,0.198621,-0.06825453,-0.7037783,4.858217,1.760256,19.22961,64.49557
R,0.02197515,0.8627772,-0.0101972,0.147922,-0.05361245,-0.1466024,-1.203409,0.3475492,13.22531,64.5377
R,0.02890553,0.86084,-0.01358767,0.4468167,-0.1249001,-0.218591,19.26093,-4.593812,-4.638985,64.55322
R,0.03286113,0.8580333,-0.01585941,0.1542603,-0.109454,-0.08859298,-11.41249,0.6025434,5.071161,64.57886
R,0.03187514,0.8599784,-0.01353873,-0.03604878,0.07111445,0.084847,-6.955992,6.599965,6.33941,64.60622
R,0.02849308,0.8738312,-0.001811373,-0.1184327,0.4850951,0.4106673,-2.885684,14.50061,11.41259,64.63477
R,0.02971819,0.907468,0.03148989,0.0443093,1.216568,1.204433,5.886016,26.45576,28.70872,64.66241
R,0.03499152,0.9456435,0.07404713,0.3379883,2.446821,2.727659,18.81383,78.81316,97.58178,64.67802
R,0.03566134,0.9702919,0.1060106,0.02629392,0.9675684,1.254722,-12.23919,-58.08528,-57.83727,64.70349
R,0.04156551,1.004114,0.1505344,0.362299,2.075444,2.732127,20.61838,67.98289,90.65844,64.71979
R,0.04707152,1.026068,0.182618,0.210649,0.839919,1.227454,-5.801827,-47.26875,-57.56583,64.74593
R,0.05897097,1.034601,0.2166131,0.4322851,0.3099709,1.234982,8.051629,-19.25204,0.2734851,64.77345
R,0.06535745,1.03282,0.2626539,0.3984245,-0.1111078,2.872277,-2.111406,-26.25672,102.095,64.78949
R,0.06695015,1.028046,0.3011197,0.06240891,-0.1870656,1.507264,-13.17052,-2.977254,-53.50331,64.815
R,0.07894059,0.9976174,0.3186289,0.4153304,-1.053992,0.6064907,12.22466,-30.029,-31.2014,64.84387
R,0.07579965,0.9716997,0.3149054,-0.1158055,-0.9555819,-0.1372846,-19.57735,3.627324,-27.41511,64.871
R,0.05018179,0.943696,0.2505388,-0.926541,-1.012831,-2.327998,-29.3225,-2.070575,-79.23322,64.89865
R,0.02411634,0.9177718,0.1906193,-0.9419492,-0.9368452,-2.16536,-0.5569735,2.746725,5.878999,64.92632
R,0.006742725,0.8929935,0.1325714,-0.5402597,-0.7705182,-1.805091,12.4882,5.170969,11.20047,64.95848
R,0.004292358,0.8678804,0.08231387,-0.0641579,-0.657536,-1.315891,12.46576,2.958213,12.80871,64.99667
R,0.01348326,0.8500176,0.01968151,0.3108025,-0.6040538,-2.117995,12.67978,1.80857,-27.12419,65.02625
R,0.01958707,0.8327217,-0.005057445,0.2473069,-0.7007776,-1.002344,-2.573436,-3.920157,45.21663,65.05092
R,0.02408294,0.8108113,-0.0297793,0.1583668,-0.7717893,-0.8708258,-3.13207,-2.50071,4.63149,65.07932
R,0.02450264,0.8044528,-0.02781,0.01515461,-0.229595,0.07110747,-5.171103,19.57755,34.01131,65.10701
R,0.01337263,0.8000504,-0.05320402,-0.3970695,-0.1570559,-0.905946,-14.70633,2.587871,-34.85693,65.13504
R,0.01337263,0.8000504,-0.05320402,0,0,0,9.310321,3.682582,21.24225,65.17769
R,0.01337263,0.8000504,-0.05320402,0,0,0,0,0,0,65.20792
R,0.01337263,0.8000504,-0.05320402,0,0,0,0,0,0,65.23972
R,0.01337263,0.8000504,-0.05320402,0,0,0,0,0,0,65.26753
R,0.01337263,0.8000504,-0.05320402,0,0,0,0,0,0,65.29657
R,0.01337263,0.8000504,-0.05320402,0,0,0,0,0,0,65.32516
R,0.01337263,0.8000504,-0.05320402,0,0,0,0,0,0,65.35367
R,0.01337263,0.8000504,-0.05320402,0,0,0,0,0,0,65.39677
R,0.01337263,0.8000504,-0.05320402,0,0,0,0,0,0,65.42438
R,0.01337263,0.8000504,-0.05320402,0,0,0,0,0,0,65.45244
R,0.01337263,0.8000504,-0.05320402,0,0,0,0,0,0,65.48077
R,0.01337263,0.8000504,-0.05320402,0,0,0,0,0,0,65.50754
R,0.01337263,0.8000504,-0.05320402,0,0,0,0,0,0,65.53638
R,0.01337263,0.8000504,-0.05320402,0,0,0,0,0,0,65.56395
R,0.01337263,0.8000504,-0.05320402,0,0,0,0,0,0,65.59196
R,0.01337263,0.8000504,-0.05320402,0,0,0,0,0,0,65.61986
R,0.01337263,0.8000504,-0.05320402,0,0,0,0,0,0,65.64767
R,0.01337263,0.8000504,-0.05320402,0,0,0,0,0,0,65.67508
R,0.01337263,0.8000504,-0.05320402,0,0,0,0,0,0,65.70311
R,0.01337263,0.8000504,-0.05320402,0,0,0,0,0,0,65.7317
R,0.01337263,0.8000504,-0.05320402,0,0,0,0,0,0,65.75894
R,0.01337263,0.8000504,-0.05320402,0,0,0,0,0,0,65.78802
R,0.01337263,0.8000504,-0.05320402,0,0,0,0,0,0,65.84192
R,0.01337263,0.8000504,-0.05320402,0,0,0,0,0,0,65.87083
R,0.01337263,0.8000504,-0.05320402,0,0,0,0,0,0,65.90256
R,0.01337263,0.8000504,-0.05320402,0,0,0,0,0,0,65.92685
R,0.01337263,0.8000504,-0.05320402,0,0,0,0,0,0,65.96729
R,0.01337263,0.8000504,-0.05320402,0,0,0,0,0,0,66.00938
R,0.01337263,0.8000504,-0.05320402,0,0,0,0,0,0,66.05267
R,0.01337263,0.8000504,-0.05320402,0,0,0,0,0,0,66.07785
R,0.01337263,0.8000504,-0.05320402,0,0,0,0,0,0,66.10542
R,0.01337263,0.8000504,-0.05320402,0,0,0,0,0,0,66.13347
R,0.01337263,0.8000504,-0.05320402,0,0,0,0,0,0,66.16194
R,0.01337263,0.8000504,-0.05320402,0,0,0,0,0,0,66.18939
R,0.01337263,0.8000504,-0.05320402,0,0,0,0,0,0,66.21713
R,0.01337263,0.8000504,-0.05320402,0,0,0,0,0,0,66.24515
R,0.01337263,0.8000504,-0.05320402,0,0,0,0,0,0,66.28616
R,0.01337263,0.8000504,-0.05320402,0,0,0,0,0,0,66.32835
R,0.01337263,0.8000504,-0.05320402,0,0,0,0,0,0,66.35629
R,0.01337263,0.8000504,-0.05320402,0,0,0,0,0,0,66.38406
R,0.01337263,0.8000504,-0.05320402,0,0,0,0,0,0,66.41112
R,0.01337263,0.8000504,-0.05320402,0,0,0,0,0,0,66.44017
R,0.01337263,0.8000504,-0.05320402,0,0,0,0,0,0,66.46689
R,0.01337263,0.8000504,-0.05320402,0,0,0,0,0,0,66.49326
R,0.01337263,0.8000504,-0.05320402,0,0,0,0,0,0,66.52982
R,0.01337263,0.8000504,-0.05320402,0,0,0,0,0,0,66.81644
R,0.01337263,0.8000504,-0.05320402,0,0,0,0,0,0,68.00987
R,0.01337263,0.8000504,-0.05320402,0,0,0,0,0,0,68.06505
R,0.01337263,0.8000504,-0.05320402,0,0,0,0,0,0,68.16917
R,0.01337263,0.8000504,-0.05320402,0,0,0,0,0,0,68.20586
R,0.01337263,0.8000504,-0.05320402,0,0,0,0,0,0,68.2599
R,0.01337263,0.8000504,-0.05320402,0,0,0,0,0,0,68.29953
R,0.01337263,0.8000504,-0.05320402,0,0,0,0,0,0,68.32629
R,0.01337263,0.8000504,-0.05320402,0,0,0,0,0,0,68.35326
R,0.01337263,0.8000504,-0.05320402,0,0,0,0,0,0,68.38017
R,0.01337263,0.8000504,-0.05320402,0,0,0,0,0,0,68.40659
R,0.01337263,0.8000504,-0.05320402,0,0,0,0,0,0,68.4489
R,0.01337263,0.8000504,-0.05320402,0,0,0,0,0,0,68.47675
R,0.01337263,0.8000504,-0.05320402,0,0,0,0,0,0,68.50478
R,0.01337263,0.8000504,-0.05320402,0,0,0,0,0,0,68.53181
R,0.01337263,0.8000504,-0.05320402,0,0,0,0,0,0,68.5748
R,0.01337263,0.8000504,-0.05320402,0,0,0,0,0,0,68.60158
R,0.01337263,0.8000504,-0.05320402,0,0,0,0,0,0,68.62787
R,0.01337263,0.8000504,-0.05320402,0,0,0,0,0,0,68.65625
R,0.01337263,0.8000504,-0.05320402,0,0,0,0,0,0,68.72108
R,0.01337263,0.8000504,-0.05320402,0,0,0,0,0,0,68.73892
R,0.01337263,0.8000504,-0.05320402,0,0,0,0,0,0,68.76855
R,0.01337263,0.8000504,-0.05320402,0,0,0,0,0,0,68.81331
R,0.01337263,0.8000504,-0.05320402,0,0,0,0,0,0,68.86673
R,0.01337263,0.8000504,-0.05320402,0,0,0,0,0,0,68.89406
R,0.01337263,0.8000504,-0.05320402,0,0,0,0,0,0,68.92128
R,0.01337263,0.8000504,-0.05320402,0,0,0,0,0,0,68.94843
R,0.01337263,0.8000504,-0.05320402,0,0,0,0,0,0,68.97935
R,0.01337263,0.8000504,-0.05320402,0,0,0,0,0,0,69.00331
R,0.08297452,0.8837841,0.05791818,1.621265,1.950443,2.588415,37.75808,45.42438,60.28228,69.04625
R,0.08690773,0.9443217,0.1173626,0.1420593,2.186492,2.147011,-53.4406,8.527981,-15.94697,69.07393
R,0.09066176,1.021989,0.2001663,0.1370225,2.834884,3.022344,-0.1837922,23.65981,31.94088,69.10133
R,0.09349748,1.054841,0.2494013,0.19159,2.219515,3.326461,3.686736,-41.57613,20.54699,69.11613
R,0.09294294,1.05394,0.3085802,-0.01932099,-0.03139121,2.061854,-7.348358,-78.42392,-44.06021,69.14484
R,0.1133028,1.028215,0.3729877,0.6945871,-0.8776028,2.197299,24.35538,-28.86899,4.620787,69.17415
R,0.1400708,0.9978743,0.3812916,1.08489,-1.229696,0.3365523,15.81872,-14.2701,-75.41491,69.19882
R,0.1270085,0.9730042,0.3437926,-0.4733485,-0.9012389,-1.358881,-56.48269,11.90583,-61.45572,69.22641
R,0.08449366,0.9568553,0.2874988,-1.514678,-0.5753368,-2.005584,-37.08943,11.60778,-23.03385,69.25449
R,0.04978256,0.946866,0.2497473,-1.197277,-0.3445559,-1.302146,10.94798,7.96024,24.2634,69.28348
R,0.02980501,0.9222853,0.2061389,-1.226463,-1.50906,-2.677209,-1.792599,-71.5248,-84.45747,69.29976
R,0.04098555,0.9294309,0.2185232,0.376627,0.2407057,0.4171746,53.98772,58.92737,104.2105,69.32945
R,0.02916593,0.8828254,0.1311733,-0.5043035,-1.9885,-3.726928,-37.58637,-95.11277,-176.815,69.35289
R,0.02445372,0.8528824,0.07910143,-0.1721882,-1.094144,-1.90275,12.13915,32.68962,66.67558,69.38025
R,0.0257892,0.8201901,0.03906814,0.08627068,-2.111901,-2.586123,16.68804,-65.71399,-44.12365,69.39574
R,0.02912748,0.8042565,0.02139812,0.1308481,-0.6245351,-0.6925974,1.747263,58.29904,74.21893,69.42125
R,0.02057655,0.8041352,-0.008056342,-0.6107835,-0.008663999,-2.103899,-53.0028,44.01497,-100.8627,69.43524
R,0.01659951,0.8000551,-0.02346173,-0.2610312,-0.2677923,-1.011124,22.94431,-16.99923,71.6878,69.45049
R,0.02171328,0.8035007,-0.03603871,0.1861868,0.125447,-0.457914,16.28271,14.31741,20.14176,69.47795
R,0.03086489,0.8125777,-0.04929115,0.336849,0.3341056,-0.4877909,5.547078,7.682385,-1.100009,69.50511
R,0.038812,0.826409,-0.04584741,0.2814493,0.4898401,0.1219608,-1.961467,5.513896,21.5887,69.53336
R,0.03810205,0.8313008,-0.02730151,-0.02551514,0.175808,0.6665338,-11.03523,-11.28931,19.57715,69.56117
R,0.02899657,0.8177794,-0.000483396,-0.3271585,-0.4858206,0.9635701,-10.83799,-23.7722,10.67246,69.589
R,0.01938744,0.8003453,0.0194183,-0.3426245,-0.6216336,0.709618,-0.5514603,-4.842569,-9.054954,69.61705
R,0.02891302,0.8353127,-0.003190698,0.33608,1.233713,-0.797687,23.93949,65.4424,-53.16616,69.6454
R,0.03056283,0.9074221,0.04341594,0.06005093,2.624694,1.696425,-10.04991,50.64409,90.80783,69.67287
R,0.04021008,1.039215,0.1823314,0.347386,4.745716,5.002177,10.34659,76.37543,119.0362,69.70064
R,0.07110943,1.057627,0.2941252,1.091655,0.6504843,3.949605,26.29455,-144.682,-37.18673,69.72894
R,0.1079879,1.050679,0.3378171,2.264047,-0.4265954,2.682337,71.94185,-66.09316,-77.76374,69.74524
R,0.12421,1.050652,0.3599273,0.6615603,-0.001079263,0.9016899,-65.35194,17.35322,-72.6176,69.76976
R,0.1147719,0.9960858,0.3358688,-0.3276142,-1.894101,-0.8351161,-34.33609,-65.71031,-60.28777,69.79857
R,0.1010668,0.9641899,0.3247564,-0.9109318,-2.120008,-0.7386041,-38.77109,-15.01528,6.414815,69.81361
R,0.09790488,0.9521472,0.3245989,-0.1200909,-0.4573901,-0.005981056,30.04553,63.166,27.83373,69.83994
R,0.05672697,0.9238178,0.2138307,-2.641836,-1.817521,-7.106513,-161.7075,-87.21873,-455.3233,69.85553
R,0.04630868,0.9099501,0.1903239,-0.3413863,-0.454418,-0.7702734,75.38113,44.66616,207.6259,69.88605
R,0.03657814,0.8844704,0.116405,-0.4135541,-1.082903,-3.141602,-3.067176,-26.71101,-100.783,69.90958
R,0.04184831,0.8650992,0.05999118,0.1912434,-0.7029412,-2.047139,21.94685,13.78802,39.71578,69.93713
R,0.05189717,0.8481542,0.01154997,0.6655503,-1.122288,-3.208331,31.42991,-27.78798,-76.94627,69.95222
R,0.06010722,0.8342447,0.001118928,0.3147433,-0.5332425,-0.3998883,-13.44473,22.57525,107.634,69.97832
R,0.06421368,0.820036,-0.0174118,0.1473425,-0.5098164,-0.6648946,-6.008094,0.8407743,-9.511203,70.00618
R,0.07232924,0.8204488,-0.03059463,0.2986307,0.01518854,-0.4850925,5.566998,19.31877,6.616234,70.03336
R,0.08736205,0.8223352,-0.04730633,1.040877,0.130621,-1.157124,51.36629,7.988368,-46.50714,70.04781
R,0.09357123,0.8203374,-0.05789739,0.3677585,-0.1183278,-0.6272896,-39.88564,-14.75146,31.39533,70.06468
R,0.09192625,0.820941,-0.05579017,-0.0647676,0.02376371,0.08296733,-17.02464,5.592857,27.9564,70.09009
R,0.050188,0.8106223,-0.06552462,-1.533272,-0.3790617,-0.3575991,-53.94614,-14.79796,-16.1844,70.11731
R,0.050188,0.8106223,-0.06552462,0,0,0,51.68957,12.7789,12.05536,70.14697
R,0.050188,0.8106223,-0.06552462,0,0,0,0,0,0,70.17354
R,0.050188,0.8106223,-0.06552462,0,0,0,0,0,0,70.18907
R,0.050188,0.8106223,-0.06552462,0,0,0,0,0,0,70.21515
R,0.050188,0.8106223,-0.06552462,0,0,0,0,0,0,70.24396
R,0.050188,0.8106223,-0.06552462,0,0,0,0,0,0,70.27051
R,0.050188,0.8106223,-0.06552462,0,0,0,0,0,0,70.29863
R,0.050188,0.8106223,-0.06552462,0,0,0,0,0,0,70.31378
R,0.050188,0.8106223,-0.06552462,0,0,0,0,0,0,70.34003
R,0.050188,0.8106223,-0.06552462,0,0,0,0,0,0,70.36812
R,0.050188,0.8106223,-0.06552462,0,0,0,0,0,0,70.38193
R,0.050188,0.8106223,-0.06552462,0,0,0,0,0,0,70.39677
R,0.050188,0.8106223,-0.06552462,0,0,0,0,0,0,70.42387
R,0.050188,0.8106223,-0.06552462,0,0,0,0,0,0,70.45239
R,0.050188,0.8106223,-0.06552462,0,0,0,0,0,0,70.46761
R,0.050188,0.8106223,-0.06552462,0,0,0,0,0,0,70.49333
R,0.050188,0.8106223,-0.06552462,0,0,0,0,0,0,70.52061
R,0.050188,0.8106223,-0.06552462,0,0,0,0,0,0,70.53418
R,0.050188,0.8106223,-0.06552462,0,0,0,0,0,0,70.54909
R,0.050188,0.8106223,-0.06552462,0,0,0,0,0,0,70.57632
R,0.1580198,0.9733206,0.01509897,3.694128,5.573757,2.762022,126.5543,190.9471,94.62199,70.60551
R,0.1569593,0.9874125,0.03845824,-0.0397864,0.5286339,0.8762867,-140.072,-189.26,-70.74043,70.63217
R,0.1554049,1.011252,0.08160319,-0.09790215,1.501532,2.717489,-3.658669,61.24864,115.9126,70.64806
R,0.1547947,1.021099,0.1002865,-0.02406875,0.3883915,0.7369415,2.913152,-43.91978,-78.144,70.6734
R,0.1501957,1.033342,0.1586175,-0.31693,0.8436925,4.019752,-20.18186,31.37603,226.2274,70.68791
R,0.148407,1.040008,0.1923084,-0.06424812,0.239462,1.210176,9.07384,-21.698,-100.8922,70.71576
R,0.1549721,1.040605,0.2443281,0.2355582,0.02142075,1.8665,10.76019,-7.825603,23.55578,70.74362
R,0.1668587,1.03719,0.3145273,0.4324185,-0.1242194,2.553746,7.15951,-5.296711,24.99409,70.77112
R,0.1837071,1.006462,0.3441847,1.121564,-2.045526,1.974223,45.8982,-127.9621,-38.59717,70.78613
R,0.1910955,0.9968435,0.3598268,0.5265971,-0.6855416,1.114868,-42.38233,96.8782,-61.21601,70.80017
R,0.1965678,0.9894063,0.3745469,0.3910925,-0.5315226,1.052017,-9.684222,11.0074,-4.491847,70.81416
R,0.197768,0.9717035,0.3477625,0.07981157,-1.177242,-1.781169,-20.71077,-42.9623,-188.5032,70.82919
R,0.1996021,0.9582437,0.3339351,0.07482056,-0.5490804,-0.5640805,-0.2035413,25.61742,49.63478,70.85371
R,0.1685958,0.9474136,0.3125017,-2.093796,-0.7313402,-1.447353,-146.518,-12.314,-59.67645,70.86852
R,0.1527218,0.9458754,0.3045453,-0.576194,-0.05583201,-0.2888029,55.07064,24.51279,42.04139,70.89607
R,0.09106518,0.934849,0.2450958,-2.214097,-0.3959589,-2.134838,-58.81733,-12.214,-66.29137,70.92392
R,0.0731078,0.9299141,0.1630139,-1.243376,-0.3416989,-5.683382,67.24864,3.758971,-245.8323,70.93835
R,0.06369317,0.9262365,0.1388465,-0.306354,-0.1196701,-0.7864131,30.49088,7.224864,159.3484,70.96909
R,0.06292836,0.8696436,0.09442987,-0.03078781,-2.278174,-1.788015,11.09306,-86.89171,-40.32,70.99393
R,0.06473057,0.8292745,0.06144785,0.06229397,-1.395376,-1.140037,3.217409,30.51427,22.39761,71.02286
R,0.0625883,0.7965816,0.02953813,-0.07854294,-1.198636,-1.169922,-5.162129,7.211143,-1.095389,71.05014
R,0.05951051,0.7936456,0.005765264,-0.1120901,-0.1069242,-0.8657841,-1.222092,39.77012,11.07947,71.07759
R,0.05614458,0.8048033,-0.01617833,-0.2247477,0.7450092,-1.465202,-7.518462,56.85572,-40.00351,71.09258
R,0.0536851,0.8044839,-0.02854887,-0.08786295,-0.01140893,-0.4419273,4.891427,-27.02978,36.56561,71.12056
R,0.05585294,0.8625932,0.01463387,0.08332656,2.233578,1.659838,6.580103,86.29176,80.78669,71.14658
R,0.0555881,0.930424,0.05059009,-0.009415206,2.411369,1.278236,-3.296054,6.318737,-13.56221,71.17471
R,0.06153294,0.9742188,0.1200059,0.2138318,1.575267,2.496837,8.030031,-30.07398,43.8322,71.20251
R,0.0741484,1.011891,0.1817247,0.7485438,2.235291,3.662109,31.74174,39.18055,69.17323,71.21936
R,0.08548613,1.036235,0.2197891,0.4642482,0.9968418,1.558632,-11.63747,-50.69519,-86.10459,71.24379
R,0.103793,1.038713,0.2736416,0.6351296,0.08595818,1.868331,5.92847,-31.60173,10.74454,71.27261
R,0.1210943,1.041018,0.3234651,0.6322027,0.08420599,1.820593,-0.1069807,-0.06404436,-1.744859,71.29997
R,0.1377697,1.042942,0.3630221,1.129554,0.1303618,2.679488,33.67194,3.12486,58.14927,71.31474
R,0.1459801,1.046966,0.3871032,0.5657963,0.2773232,1.659495,-38.8501,10.12751,-70.29047,71.32925
R,0.1559015,1.018794,0.3634049,0.3747608,-1.064144,-0.8951538,-7.215966,-50.6711,-96.49652,71.35573
R,0.1120574,0.9629675,0.2844458,-1.607479,-2.046803,-2.894918,-72.69618,-36.03781,-73.33886,71.383
R,0.07736246,0.9266199,0.2311407,-1.225419,-1.283789,-1.882729,13.49068,26.94229,35.74075,71.41132
R,0.05261927,0.8988581,0.1927224,-0.9120189,-1.023286,-1.416073,11.55173,9.601984,17.20066,71.43845
R,0.0442758,0.880158,0.1322714,-0.2651142,-0.5941951,-1.920834,20.5604,13.63768,-16.04269,71.46991
R,0.04999958,0.859342,0.07567302,0.2279633,-0.8290461,-2.254166,19.63203,-9.350665,-13.27172,71.49503
R,0.05435194,0.838279,0.03439662,0.1577198,-0.7632772,-1.495764,-2.546169,2.383977,27.49037,71.52261
R,0.05096371,0.8267751,-0.002278422,-0.119382,-0.4053322,-1.292223,-9.763519,12.61198,7.171648,71.55099
R,0.04547017,0.8183091,-0.03860366,-0.2006269,-0.3091826,-1.326615,-2.966274,3.510453,-1.255645,71.57838
R,0.05004948,0.8294752,-0.04299537,0.1679406,0.4095027,-0.1610605,13.51675,26.35689,42.74526,71.60565
R,0.04753399,0.8221781,-0.05571016,-0.1671965,-0.4850168,-0.8451084,-22.2754,-59.4556,-45.46629,71.6207
R,0.04420623,0.8137862,-0.06334935,-0.2613393,-0.6590399,-0.5999303,-7.397776,-13.67479,19.26618,71.63342
R,0.0415491,0.8067338,-0.07201429,-0.1916761,-0.5087326,-0.6250586,5.022499,10.83667,-1.811671,71.64729
R,0.0227505,0.7944947,-0.0917549,-1.186884,-0.7727413,-1.246359,-62.83422,-16.66866,-39.2269,71.66313
R,0.009094301,0.7843919,-0.1087341,-0.5335158,-0.3946908,-0.6633363,25.53316,14.77395,22.78411,71.68872
R,0.009094301,0.7843919,-0.1087341,0,0,0,18.98181,14.04259,23.60065,71.71683
R,0.009094301,0.7843919,-0.1087341,0,0,0,0,0,0,71.74599
R,0.08143729,0.9879631,0.04454218,2.754835,7.752027,5.836788,104.9046,295.1986,222.266,71.77225
R,0.1032634,1.010236,0.09198829,1.339321,1.366741,2.91145,-86.8606,-391.8222,-179.5084,71.78854
R,0.1305528,1.038274,0.1808787,1.053882,1.082779,3.432836,-11.02327,-10.96625,20.13527,71.81444
R,0.1474917,1.06542,0.2367632,0.570165,0.9137335,1.881072,-16.28192,-5.690084,-52.23235,71.84415
R,0.175967,1.028219,0.298979,1.117123,-1.459425,2.440812,21.45148,-93.07438,21.95281,71.86964
R,0.1807855,0.9852892,0.3214287,0.2893148,-2.57761,1.347925,-49.72614,-67.16899,-65.64939,71.88629
R,0.175453,0.9676384,0.3171602,-0.2125752,-0.7036263,-0.1701583,-20.00722,74.70399,-60.51648,71.91138
R,0.1338767,0.8865426,0.2925783,-2.906393,-5.669013,-1.718396,-188.2111,-346.9207,-108.172,71.92569
R,0.1220682,0.8615643,0.289013,-0.3910469,-0.8271716,-0.1180688,83.29748,160.341,52.99597,71.95589
R,0.1015288,0.8551109,0.04447669,-0.7776256,-0.2443268,-9.258193,-14.63594,22.06662,-346.0469,71.9823
R,0.08300311,0.8529399,0.006424509,-0.5856723,-0.06863543,-1.202985,6.068428,5.554322,254.6581,72.01393
R,0.06645192,0.8337944,-0.007415676,-0.7224101,-0.8356462,-0.6040828,-5.970187,-33.48888,26.14899,72.03683
R,0.03413126,0.8461729,-0.02683429,-1.164468,0.4459825,-0.6996251,-15.92672,46.17527,-3.442252,72.06459
R,0.02839749,0.8785378,-0.02254668,-0.1998238,1.127925,0.1494246,33.6092,23.75958,29.58178,72.09329
R,0.04111733,0.8815911,-0.01388891,0.8549822,0.2052324,0.581944,70.90028,-62.02007,29.07241,72.10817
R,0.04292336,0.8820758,-0.0150763,0.07026438,0.0188576,-0.04619588,-30.53876,-7.253122,-24.44524,72.13387
R,0.05169146,0.8807195,-0.03308408,0.3064672,-0.04740625,-0.6294174,8.255886,-2.316089,-20.38507,72.16248
R,0.01420062,0.8760998,-0.01937394,-1.363863,-0.1680566,0.4987551,-60.74739,-4.387868,41.02991,72.18997
R,0.03464499,0.9212024,0.03448925,0.7597633,1.676123,2.001689,78.94157,68.55371,55.86856,72.21687
R,0.114732,1.029505,0.2028773,2.842451,3.843885,5.976429,73.89876,76.9174,141.0333,72.24506
R,0.1513208,0.9777995,0.2906696,2.232662,-3.155108,5.357134,-37.2096,-427.082,-37.78969,72.26144
R,0.1644013,0.9595399,0.3188525,0.5182849,-0.723497,1.116681,-67.92831,96.34708,-168.0184,72.28668
R,0.1196711,0.9028839,0.2319903,-2.801182,-3.548025,-5.439658,-207.9776,-176.9677,-410.7803,72.30264
R,0.1077795,0.8847023,0.210889,-0.4773826,-0.7298909,-0.8471029,93.25935,113.0981,184.3096,72.32756
R,0.0753107,0.8484687,0.1534875,-2.006483,-2.239138,-3.547254,-94.53878,-93.31132,-166.9407,72.34373
R,0.06439614,0.8333795,0.1365323,-0.425645,-0.5884479,-0.6612185,61.63105,64.35432,112.5159,72.36938
R,0.07463303,0.81945,0.06946005,0.6845763,-0.9315131,-4.485352,74.24435,-22.94196,-255.733,72.38434
R,0.08156179,0.8091763,0.05092551,0.5444641,-0.8073104,-1.45645,-11.01007,9.759888,238.0121,72.39706
R,0.08496618,0.7986755,0.03409274,0.2379839,-0.7340583,-1.176696,-21.43595,5.123424,19.56672,72.41136
R,0.08496618,0.7986755,0.03409274,0,0,0,-8.430546,26.00392,41.68428,72.43959
R,0.08496618,0.7986755,0.03409274,0,0,0,0,0,0,72.45453
R,0.08496618,0.7986755,0.03409274,0,0,0,0,0,0,72.48044
R,0.08496618,0.7986755,0.03409274,0,0,0,0,0,0,72.49361
R,0.08496618,0.7986755,0.03409274,0,0,0,0,0,0,72.50845
R,0.08496618,0.7986755,0.03409274,0,0,0,0,0,0,72.5365
R,0.08496618,0.7986755,0.03409274,0,0,0,0,0,0,72.56519
R,0.08496618,0.7986755,0.03409274,0,0,0,0,0,0,72.59225
R,0.08496618,0.7986755,0.03409274,0,0,0,0,0,0,72.60664
R,0.08496618,0.7986755,0.03409274,0,0,0,0,0,0,72.62021
R,0.08496618,0.7986755,0.03409274,0,0,0,0,0,0,72.63469
R,0.08496618,0.7986755,0.03409274,0,0,0,0,0,0,72.66164
R,0.08496618,0.7986755,0.03409274,0,0,0,0,0,0,72.67496
R,0.08496618,0.7986755,0.03409274,0,0,0,0,0,0,72.68889
R,0.08496618,0.7986755,0.03409274,0,0,0,0,0,0,72.70424
R,0.08496618,0.7986755,0.03409274,0,0,0,0,0,0,72.7177
R,0.08496618,0.7986755,0.03409274,0,0,0,0,0,0,72.74586
R,0.09300816,0.8864152,0.03093486,0.5865771,6.399676,-0.2303343,42.76075,466.5286,-16.79108,72.75958
R,0.09300786,0.8864164,0.03093552,-1.095722E-05,4.382889E-05,2.451679E-05,-21.57275,-235.3571,8.471825,72.78677
R,0.07883804,0.9389297,0.06083222,-0.9077554,3.364137,1.915259,-58.15244,215.5124,122.6948,72.80238
R,0.07370889,0.9658549,0.07440107,-0.3904106,2.049438,1.032808,39.37829,-100.0698,-67.16872,72.81552
R,0.06985332,0.9723293,0.1015045,-0.2962236,0.4974264,2.082361,7.236392,-119.2411,80.6371,72.82854
R,0.06649273,0.978917,0.1232159,-0.2429561,0.4762652,1.569635,3.848881,-1.529019,-37.04736,72.84238
R,0.06343897,0.985933,0.14098,-0.2021529,0.4644452,1.175952,2.701094,-0.7824554,-26.06105,72.85748
R,0.06016513,1.001061,0.1693457,-0.1235911,0.5710843,1.070836,2.965797,4.025748,-3.96826,72.88397
R,0.06633276,1.034176,0.2146409,0.4466317,2.398083,3.280076,41.29295,132.303,159.9832,72.89778
R,0.06793556,1.052579,0.2409814,0.05739946,0.659025,0.943305,-13.93919,-62.2792,-83.68449,72.9257
R,0.07601217,1.066629,0.2859109,0.5670156,0.9864087,3.154259,35.79658,22.99616,155.3024,72.93994
R,0.07890499,1.0764,0.3132608,0.2280018,0.7701255,2.155627,-26.70386,-17.03646,-78.66145,72.95264
R,0.08602819,1.076665,0.3523024,0.2398285,0.008918251,1.314478,0.398291,-25.6354,-28.32764,72.98233
R,0.1073851,1.033413,0.3672889,1.682264,-3.406945,1.180476,113.6196,-269.0649,-10.55519,72.99503
R,0.1169525,1.022424,0.3797579,0.336742,-0.3867607,0.4388647,-47.35777,106.3001,-26.10218,73.02344
R,0.07891982,1.010415,0.3339523,-2.464174,-0.7780833,-2.967788,-181.3842,-25.34162,-220.6111,73.03888
R,0.0679251,1.006248,0.3246406,-0.8412724,-0.318885,-0.7124927,124.2505,35.15656,172.6671,73.05194
R,0.03671523,1.002035,0.2613761,-1.160823,-0.1566757,-2.353065,-11.8854,6.03323,-61.01959,73.07883
R,0.00142376,0.9806042,0.2015988,-2.515347,-1.527461,-4.260543,-96.48921,-97.64756,-135.8788,73.09286
R,-0.01082106,0.9678645,0.1816513,-0.9463169,-0.9845592,-1.541603,121.2594,41.95705,210.1279,73.1058
R,-0.02183294,0.9573028,0.1631577,-0.6478227,-0.6213392,-1.087968,17.56025,21.36803,26.68711,73.1228
R,-0.02754426,0.9442503,0.1336777,-0.2222665,-0.507961,-1.147268,16.56132,4.412325,-2.307773,73.1485
R,-0.02121438,0.9094382,0.09553551,0.4568666,-2.512609,-2.75296,49.01725,-144.6879,-115.8928,73.16235
R,-0.02157007,0.8959273,0.07910886,-0.02410592,-0.9156702,-1.113275,-32.5967,108.2285,111.1256,73.17711
R,-0.02345823,0.8837667,0.06342421,-0.1315713,-0.8473718,-1.092939,-7.492394,4.761711,1.417819,73.19145
R,-0.02105872,0.8771321,0.04830374,0.08896995,-0.2459998,-0.5606421,8.174994,22.29158,19.73112,73.21843
R,-0.0148647,0.8648036,0.02363555,0.2303159,-0.4584198,-0.9172508,5.257235,-7.900768,-13.26374,73.24532
R,-0.01279654,0.859264,0.0005984188,0.1473246,-0.3946077,-1.641045,-5.911866,4.545641,-51.55934,73.25935
R,-0.01237513,0.8589191,-0.01085164,0.03127716,-0.02560076,-0.8498199,-8.613007,27.38758,58.72451,73.27283
R,-0.01260587,0.8565558,-0.02255325,-0.008240744,-0.0844048,-0.4179166,-1.41136,-2.100154,15.42518,73.30083
R,-0.00570316,0.8781829,0.01214504,0.5100065,1.597921,2.563684,38.29071,124.2986,220.2955,73.31436
R,-0.003644075,0.885208,0.0242749,0.1391895,0.4748823,0.8199508,-25.05347,-75.8757,-117.8116,73.32916
R,0.005290511,0.8778017,-0.008529916,0.3217236,-0.2666917,-1.181262,6.572834,-26.70319,-72.06125,73.35693
R,0.01749768,0.8803836,-0.0358218,0.9029444,0.1909786,-2.018737,42.99198,33.85314,-61.94669,73.37045
R,0.02251354,0.8808122,-0.04680167,0.3397617,0.02902939,-0.7437485,-38.1683,-10.9757,86.40914,73.38521
R,0.02237092,0.8874811,-0.04006172,-0.01048969,0.4905215,0.4957455,-25.76215,33.94427,91.16888,73.3988
R,0.02266267,0.8917358,-0.0371291,0.02064808,0.3011187,0.2075509,2.20372,-13.40464,-20.39646,73.41293
R,0.02324835,0.8949373,-0.03609812,0.02170994,0.1186722,0.03821616,0.03936119,-6.762904,-6.276879,73.43991
R,0.02549044,0.907846,-0.01736513,0.1606751,0.9250786,1.342466,9.953245,57.75808,93.41566,73.45387
R,0.02639342,0.9160006,-0.004696858,0.06401026,0.5780659,0.8980291,-6.856089,-24.61236,-31.52232,73.46797
R,0.02735888,0.9216314,0.002605969,0.06873745,0.4008903,0.5199327,0.3363749,-12.60736,-26.90437,73.48203
R,0.02840516,0.9264214,0.007997641,0.03767506,0.1724824,0.1941476,-1.118519,-8.224693,-11.73113,73.5098
R,0.02139934,0.951593,0.05789042,-0.4832982,1.736468,3.441867,-35.93948,107.892,224.0448,73.52429
R,0.02033979,0.9751572,0.107042,-0.08241956,1.833003,3.823379,31.20188,7.513649,29.69452,73.53714
R,0.01980315,0.9906549,0.1358885,-0.03745387,1.08164,2.013295,3.138308,-52.44013,-126.3319,73.55147
R,0.02504087,1.009107,0.1929523,0.379292,1.336222,4.1323,30.17885,18.43569,153.4487,73.56528
R,0.02898618,1.024886,0.2398464,0.139724,0.5588228,1.660768,-8.482079,-27.5244,-87.50636,73.59352
R,0.05987851,1.032522,0.3019025,1.109956,0.2743669,2.229665,34.86027,-10.22045,20.44036,73.62135
R,0.09377358,1.03792,0.3634163,2.556211,0.4070771,4.639092,109.0699,10.00839,181.7079,73.63461
R,0.1088572,1.042899,0.3988204,0.8937816,0.2950031,2.097866,-98.50722,-6.640941,-150.5803,73.65149
R,0.123222,1.027815,0.3832552,0.5562258,-0.5840611,-0.6027061,-13.0745,-34.04867,-104.6009,73.67731
R,0.1132622,1.004141,0.3442813,-0.3609215,-0.8579062,-1.412327,-33.22618,-9.920794,-29.33074,73.70491
R,0.06706189,0.9876403,0.2662278,-1.579851,-0.5642447,-2.669093,-41.693,10.04457,-42.98717,73.73415
R,0.03159524,0.9688013,0.2047497,-1.216296,-0.6460643,-2.108333,12.46778,-2.80593,19.23076,73.76331
R,0.01043659,0.9369043,0.1654225,-0.5295601,-0.7983205,-0.9842855,17.1844,-3.809951,28.12736,73.80327
R,0.004573872,0.8844205,0.1040938,-0.2025404,-1.813169,-2.118733,11.29761,-35.06016,-39.19197,73.83221
R,0.01091289,0.8601856,0.06704476,0.2478722,-0.9476455,-1.448714,17.61231,33.84425,26.1995,73.85779
R,0.01956898,0.8373314,0.02942323,0.3118666,-0.823407,-1.355451,2.305631,4.47614,3.360157,73.88554
R,0.03233987,0.8283348,-0.008280883,0.4522851,-0.3186153,-1.335302,4.974305,17.88218,0.71375,73.91377
R,0.04114858,0.8254675,-0.03095179,0.6740077,-0.2193976,-1.734688,16.95544,7.587317,-30.5416,73.92685
R,0.04528386,0.8269046,-0.03994133,0.3147611,0.1093886,-0.6842496,-27.34447,25.02594,79.95533,73.93999
R,0.04840798,0.8255917,-0.05046246,0.1107915,-0.04655793,-0.3731129,-7.233415,-5.530365,11.03391,73.96819
R,0.05573598,0.8292173,-0.0543556,0.2551792,0.1262495,-0.135569,5.027946,6.017592,8.27188,73.9969
R,0.06221895,0.8403969,-0.04695956,0.242021,0.417358,0.2761077,-0.4913595,10.8707,15.37302,74.02368
R,0.07000434,0.8500345,-0.04134394,0.5474505,0.6776883,0.394877,21.47707,18.30581,8.351575,74.0379
R,0.073567,0.8526673,-0.04215097,0.1289602,0.09530128,-0.02921287,-15.14422,-21.07527,-15.34686,74.06554
R,0.07858527,0.8600606,-0.02925206,0.3186797,0.469507,0.8191308,12.04792,23.76352,53.87312,74.08128
R,0.08157375,0.8629281,-0.02586582,0.1084157,0.1040254,0.1228458,-7.630044,-13.26257,-25.26674,74.10884
R,0.09365503,0.8511038,-0.02549181,0.4441842,-0.4347344,0.01375104,12.34152,-19.80267,-4.009892,74.13605
R,0.111096,0.855405,-0.02218816,1.287178,0.3174356,0.243815,62.21447,55.5115,16.97913,74.1496
R,0.1189355,0.8573604,-0.02128004,0.2874233,0.07168925,0.03329484,-36.66477,-9.012442,-7.720563,74.17686
R,0.1181425,0.8474919,-0.02700564,-0.05645762,-0.7025988,-0.4076402,-24.46968,-55.09636,-31.3758,74.19092
R,0.1135421,0.8387039,-0.0323621,-0.3046944,-0.5820372,-0.3547658,-16.44939,7.989008,3.503717,74.20601
R,0.1123836,0.834709,-0.03362123,-0.04266445,-0.147127,-0.04637177,9.647414,16.01251,11.35445,74.23317
R,0.1039957,0.8067993,-0.03972076,-0.3055642,-1.016726,-0.2222004,-9.577209,-31.67873,-6.405284,74.26062
R,0.09750575,0.7895215,-0.04359528,-0.2372813,-0.6316989,-0.1416574,2.497204,14.08099,2.945572,74.28796
R,0.09718509,0.7883311,-0.04310909,-0.01131645,-0.04200954,0.01715847,7.974599,20.81092,5.604824,74.3163
R,0.102103,0.7973328,-0.04307585,0.3240852,0.5931962,0.002190269,22.09134,41.83803,-0.9858855,74.33148
R,0.1073823,0.7996934,-0.04516099,0.1924249,0.08604395,-0.07600214,-4.798937,-18.48539,-2.850066,74.35892
R,0.1222429,0.7972015,-0.03945882,0.5489905,-0.09205671,0.2106524,13.17243,-6.579484,10.58974,74.38599
R,0.1365236,0.7919353,-0.03976737,0.8231258,-0.3035434,-0.01778447,15.80099,-12.18997,-13.16696,74.40334
R,0.1495714,0.7862269,-0.04103632,0.4237376,-0.1853843,-0.04121004,-12.97042,3.837304,-0.7607621,74.43413
R,0.1583791,0.7829576,-0.04132553,0.6134151,-0.2276916,-0.02014225,13.2101,-2.946498,1.467268,74.44849
R,0.1622785,0.7816606,-0.0420145,0.276269,-0.09188767,-0.04881308,-23.88671,9.621674,-2.031321,74.4626
R,0.165868,0.7803327,-0.04254843,0.1262706,-0.04671145,-0.01878232,-5.276593,1.589194,1.056412,74.49103
R,0.1663793,0.7816809,-0.04408113,0.01791383,0.04723628,-0.05370089,-3.797472,3.292491,-1.223756,74.51956
R,0.1671729,0.7834619,-0.0450559,0.02778247,0.06234976,-0.0341253,0.345487,0.5291008,0.6853127,74.54813
R,0.1678038,0.7862117,-0.04542642,0.04067842,0.1772857,-0.02388831,0.8310211,7.406532,0.6596767,74.56364
R,0.168613,0.7873842,-0.04566861,0.0624977,0.09055503,-0.01870575,1.68626,-6.702809,0.4005245,74.57658
R,0.1695933,0.7882707,-0.04591268,0.03468959,0.03137023,-0.008636672,-0.9840348,-2.094349,0.3563104,74.60484
R,0.1607604,0.7805914,-0.0471788,-0.5510471,-0.4790762,-0.07898792,-36.52411,-31.82932,-4.386812,74.62088
R,0.1565831,0.7762543,-0.04790844,-0.1566148,-0.1626055,-0.02735562,14.78805,11.86512,1.935798,74.64755
R,0.1453589,0.7750332,-0.04706715,-0.4108282,-0.04469335,0.03079294,-9.307335,4.317033,2.128952,74.67487
R,0.1332461,0.7733189,-0.04709541,-0.4316619,-0.06109383,-0.001007229,-0.7424445,-0.5844602,-1.133255,74.70293
R,0.1273213,0.7742729,-0.04777153,-0.2123523,0.03419384,-0.02423288,7.858214,3.41431,-0.8322121,74.73083
R,0.1251978,0.7783322,-0.04936901,-0.140426,0.2684473,-0.1056434,4.756573,15.49146,-5.383775,74.74596
R,0.1245468,0.7809131,-0.05046086,-0.02432693,0.09643137,-0.0407957,4.337893,-6.427157,2.422953,74.77272
R,0.1252365,0.7803687,-0.051232,0.04453366,-0.0351524,-0.0497905,4.446155,-8.496034,-0.5807713,74.78821
R,0.1255314,0.7799582,-0.05179605,0.01077868,-0.01500192,-0.02061633,-1.233779,0.736521,1.066346,74.81557
R,0.1321495,0.7814187,-0.05196699,0.2440785,0.05386097,-0.006304379,8.60413,2.539673,0.5278268,74.84268
R,0.142297,0.7713432,-0.05394139,0.3721452,-0.3695068,-0.0724088,4.696685,-15.52648,-2.424298,74.86995
R,0.1492885,0.7692653,-0.05447007,0.2505184,-0.07445368,-0.01894339,-4.358081,10.57222,1.915751,74.89786
R,0.1532238,0.773084,-0.05450051,0.1400882,0.1359379,-0.001083714,-3.931101,7.48953,0.6357695,74.92595
R,0.154783,0.7757302,-0.05353282,0.05553297,0.09425102,0.03446668,-3.011636,-1.484779,1.266212,74.95403
R,0.1543582,0.7766417,-0.048331,-0.01528715,0.03280521,0.1872083,-2.548746,-2.211375,5.497019,74.98181
R,0.1521609,0.7784446,-0.04060454,-0.08165856,0.06700099,0.2871343,-2.467225,1.27116,3.71455,75.00871
R,0.1469927,0.7854609,-0.03102543,-0.348456,0.4730662,0.6458611,-17.98851,27.37848,24.18675,75.02354
R,0.1452139,0.7882149,-0.02700617,-0.06498114,0.1006023,0.1468262,10.35552,-13.60635,-18.23007,75.05092
R,0.1388748,0.7975817,-0.02122029,-0.4190019,0.6191258,0.3824337,-23.38821,34.25601,15.5653,75.06606
R,0.1363161,0.8017678,-0.01814225,-0.09423129,0.1541668,0.1133594,11.96412,-17.12847,-9.91234,75.0932
R,0.1323996,0.7993461,-0.01774555,-0.1447659,-0.08951327,0.0146631,-1.867928,-9.00723,-3.648144,75.12025
R,0.1272326,0.7971319,-0.01884783,-0.3962901,-0.1698179,-0.08453951,-19.2794,-6.155372,-7.603909,75.1333
R,0.1246277,0.7965471,-0.01887533,-0.171311,-0.03845882,-0.001808699,14.80344,8.64332,5.443621,75.1485
R,0.1246689,0.7967978,-0.01878032,0.001515686,0.009220197,0.003495123,6.355989,1.753475,0.1950568,75.17569
R,0.1244109,0.7955621,-0.01822622,-0.01943864,-0.09307651,0.04173963,-1.578463,-7.705882,2.88091,75.18896
R,0.1237932,0.7930764,-0.01723903,-0.02192769,-0.08824824,0.03504707,-0.08836515,0.1714116,-0.2375966,75.21713
R,0.1139657,0.79409,-0.01921578,-0.6639754,0.06848422,-0.1335547,-43.3786,10.5893,-11.39122,75.23193
R,0.1090476,0.7946917,-0.01995111,-0.3436162,0.04203591,-0.05137638,22.38279,-1.847885,5.741622,75.24625
R,0.1079227,0.7943048,-0.02066283,-0.08228248,-0.02829416,-0.05205699,19.1147,-5.144142,-0.04978234,75.25992
R,0.1068096,0.7940791,-0.02113038,-0.04150543,-0.008419274,-0.01743477,1.520981,0.741332,1.291407,75.28673
R,0.1061626,0.7953427,-0.02140472,-0.02337263,0.04565403,-0.009911316,0.6551,1.953555,0.2718064,75.31441
R,0.1045013,0.7956394,-0.02158152,-0.112595,0.02010487,-0.0119822,-6.046824,-1.73153,-0.1403493,75.32916
R,0.1031545,0.7958331,-0.02167802,-0.1004137,0.0144429,-0.007194788,0.9082065,-0.4221415,0.3569376,75.34258
R,0.1027132,0.7963362,-0.02166506,-0.0307638,0.03507729,0.0009039696,4.855934,1.438612,0.5646385,75.35692
R,0.1021872,0.7968233,-0.02164628,-0.03692892,0.03419172,0.001318516,-0.4325882,-0.06213823,0.02908751,75.37117
R,0.1015311,0.7973373,-0.0216213,-0.02510977,0.01967153,0.0009556769,0.4524413,-0.555838,-0.01388963,75.39729
R,0.09909648,0.8003275,-0.02143045,-0.08594302,0.1055561,0.006737374,-2.146886,3.03098,0.2040438,75.42563
R,0.09701627,0.804249,-0.02097182,-0.07494728,0.1412886,0.01652365,0.3961609,1.287391,0.3525857,75.45338
R,0.09567615,0.8137811,-0.01750394,-0.04744796,0.3374907,0.1227829,0.9736336,6.94668,3.762185,75.48163
R,0.0949799,0.8251648,-0.01271966,-0.04682339,0.7655609,0.3217468,0.04202427,28.80288,13.38737,75.49649
R,0.09452802,0.8298113,-0.01082671,-0.03213701,0.3304522,0.1346244,1.043911,-30.92764,-13.30071,75.51056
R,0.0952998,0.8430672,-0.00174849,0.05375037,0.9232075,0.6322535,5.981632,41.28248,34.65741,75.52492
R,0.09573165,0.8538032,0.005370361,0.01724665,0.4287591,0.2843029,-1.457835,-19.7466,-13.89598,75.54996
R,0.09849325,0.8653222,0.02129772,0.196189,0.8183308,1.131507,12.71927,27.69085,60.21952,75.56403
R,0.09947293,0.8717272,0.02897265,0.034922,0.2283175,0.2735838,-5.747034,-21.02616,-30.57362,75.59209
R,0.1036461,0.9112358,0.08981018,0.3045554,2.883334,4.43992,19.67783,193.763,304.0591,75.60579
R,0.10534,0.9317093,0.1234075,0.1144456,1.383251,2.269933,-12.84437,-101.3499,-146.6106,75.62059
R,0.1125554,0.9496529,0.1469385,0.5038542,1.253009,1.643185,27.20713,-9.09973,-43.78946,75.6349
R,0.118081,0.9653288,0.1672854,0.4046095,1.147861,1.489887,-7.267155,-7.699415,-11.22517,75.64856
R,0.1143982,0.9785134,0.2046719,-0.2570335,0.9201943,2.609334,-46.17831,-15.88966,78.12995,75.66289
R,0.1121281,0.9910607,0.2367672,-0.08567403,0.4735414,1.211286,6.465295,-16.85195,-52.74751,75.68939
R,0.1048307,0.9986126,0.2908825,-0.2615473,0.2706688,1.939567,-6.305269,-7.273227,26.10974,75.71729
R,0.1050204,1.000897,0.3410449,0.006580362,0.07922276,1.73985,9.297361,-6.638418,-6.925194,75.74612
R,0.1177707,0.9786242,0.3506121,0.8805085,-1.538091,0.6606872,60.35169,-111.6884,-74.5248,75.7606
R,0.1232158,0.9729856,0.3592578,0.2102187,-0.2176938,0.3337882,-25.88575,50.99208,-12.62443,75.7865
R,0.1077405,0.9645472,0.3420296,-0.9178172,-0.5004666,-1.02178,-66.90222,-16.77086,-80.39682,75.80336
R,0.1029504,0.9620162,0.3411921,-0.1937813,-0.102392,-0.0338819,29.29038,16.10384,39.96473,75.82808
R,0.06928886,0.9654567,0.2800526,-1.147485,0.117285,-2.084179,-32.50231,7.48661,-69.87429,75.85742
R,0.04776947,0.963448,0.2433647,-0.8126158,-0.07585395,-1.385412,12.649,-7.295422,26.39445,75.8839
R,0.03265115,0.957543,0.2171905,-1.117017,-0.4362889,-1.933876,-22.4907,-26.63074,-40.52322,75.89743
R,0.0254842,0.9553095,0.2067659,-0.4913105,-0.1531119,-0.7146313,42.89363,19.41244,83.582,75.91202
R,0.02291336,0.9485002,0.1833178,-0.1781944,-0.4719766,-1.625276,21.69173,-22.08998,-63.08668,75.92645
R,0.01940771,0.9432564,0.165045,-0.1157705,-0.1731722,-0.6034389,2.062002,9.870186,33.75358,75.95673
R,0.01621347,0.9182612,0.1266773,-0.1267561,-0.9918777,-1.522533,-0.4358079,-32.47862,-36.4611,75.98193
R,0.01214309,0.899808,0.09482849,-0.1419672,-0.6436124,-1.110828,-0.5305328,12.14684,14.35949,76.0106
R,0.004202406,0.8792183,0.06955069,-0.5449219,-1.41295,-1.734665,-27.6524,-52.79508,-42.81026,76.02518
R,-0.000921083,0.8681485,0.05774201,-0.3826473,-0.826745,-0.8819302,12.12638,43.80561,63.72275,76.03856
R,-0.005500956,0.8584245,0.04590002,-0.3097488,-0.6576569,-0.8009045,4.930315,11.43587,5.479985,76.05334
R,-0.01145787,0.8579135,0.03670362,-0.2266429,-0.01944394,-0.3498958,3.161014,24.27506,17.15456,76.07964
R,-0.01043076,0.8647678,0.01870289,0.03769952,0.2515839,-0.6607089,9.705292,9.950747,-11.41145,76.10687
R,-0.008976358,0.8645638,0.006491952,0.05164778,-0.007243125,-0.4336256,0.4951858,-9.188782,8.061825,76.13504
R,-0.005851502,0.8649132,0.004456922,0.09871805,0.01103805,-0.06428909,1.487366,0.577664,11.67061,76.16669
R,-0.002986293,0.8802238,0.0186643,0.05432498,0.2902921,0.269375,-0.8415806,5.293951,6.325429,76.21944
R,-0.00301188,0.9082848,0.03756747,-0.0008781615,0.9630834,0.6487763,-1.895125,23.09694,13.02485,76.24857
R,-0.01374899,0.9464311,0.07458429,-0.4069792,1.445895,1.403085,-15.39285,18.3005,28.59131,76.27495
R,-0.02369606,0.9721013,0.104573,-0.246043,0.6349591,0.7417777,3.980043,-20.05491,-16.35451,76.31538
R,-0.04315584,1.005862,0.1659832,-0.5966393,1.035091,1.882843,-10.75184,12.27097,34.99337,76.34799
R,-0.0534828,1.023261,0.2142109,-0.2660329,0.4482238,1.242396,8.516755,-15.1183,-16.49855,76.38681
R,-0.05464737,1.012564,0.272168,-0.02846207,-0.2614325,1.416474,5.805161,-17.3408,4.253685,76.42773
R,-0.06048505,0.9901124,0.2929291,-0.2020484,-0.7770704,0.7185622,-6.009589,-17.85148,-24.16183,76.45662
R,-0.06591232,0.9777912,0.2989659,-0.1944145,-0.4413689,0.2162497,0.2733831,12.02215,-17.98882,76.48454
R,-0.07223183,0.9576415,0.2304201,-0.1663274,-0.5303338,-1.804105,0.7392441,-2.341529,-53.17508,76.52254
R,-0.07596461,0.9384791,0.1728853,-0.128618,-0.6602672,-1.982439,1.299331,-4.477031,-6.144761,76.55156
R,-0.06209233,0.9071164,0.1423889,0.3109744,-0.7030555,-0.6836358,9.856011,-0.9593486,29.12021,76.59616
R,-0.03987599,0.8692387,0.100612,0.6028862,-1.027889,-1.133704,7.921629,-8.815023,-12.21352,76.63301
R,-0.01666129,0.8351779,0.05880866,0.7207002,-1.057419,-1.297784,3.657536,-0.916753,-5.093868,76.66522
R,-0.003645526,0.8292866,0.03520972,0.3237811,-0.146553,-0.5870488,-9.871912,22.65446,17.67694,76.70543
R,0.01080575,0.8273289,0.01343929,0.5408787,-0.07327286,-0.8148182,8.125475,2.742709,-8.524897,76.73215
R,0.02417014,0.8200499,0.006546075,0.3109705,-0.1693716,-0.1603955,-5.35059,-2.23648,15.2302,76.77512
R,0.0386946,0.8053985,0.006814131,0.5739375,-0.578954,0.01059226,10.38807,-16.17986,6.754582,76.80043
R,0.04863829,0.8000457,0.008639314,0.3373031,-0.1815739,0.06191265,-8.026953,13.47966,1.740856,76.82991
R,0.05802092,0.8019577,0.01484459,0.3456434,0.07043546,0.2285942,0.3072456,9.28369,6.140328,76.85706
R,0.06931288,0.7973065,0.02131977,0.2829943,-0.1165661,0.162278,-1.570086,-4.686552,-1.661989,76.89696
R,0.08636952,0.7726637,0.02054877,0.5419754,-0.7830246,-0.02449828,8.231128,-21.18188,-5.936261,76.92842
R,0.09885444,0.7571194,0.01838405,0.5340809,-0.6649575,-0.09260252,-0.3377121,5.050684,-2.913368,76.9518
R,0.1014514,0.7440784,0.01273603,0.06178739,-0.310275,-0.1343797,-11.23493,8.437195,-0.9937968,76.99384
R,0.100166,0.7343546,0.007240311,-0.03977394,-0.300879,-0.1700507,-3.142551,0.2907335,-1.103747,77.02615
R,0.09981282,0.7315539,0.003784545,-0.009583455,-0.07600123,-0.09377933,0.819281,6.102522,2.069781,77.063
R,0.09969322,0.7322458,0.003123721,-0.004346204,0.02514208,-0.02401317,0.1903652,3.676389,2.535882,77.09052
R,0.101205,0.7307718,0.0008343902,0.105068,-0.1024365,-0.1591024,7.603996,-8.866377,-9.388343,77.1049
R,0.10253,0.7292096,-0.0008861558,0.04037647,-0.04760884,-0.05243325,-1.971001,1.670473,3.249962,77.13773
R,0.1033293,0.7349471,-0.0003043431,0.03381813,0.2427473,0.02461567,-0.2774741,12.28456,3.259831,77.16136
R,0.1062441,0.7385488,-5.043055E-05,0.2175727,0.2688327,0.01895263,13.71587,1.947077,-0.4227028,77.17476
R,0.1076935,0.7396586,-0.0001149206,0.05044492,0.03862686,-0.002244514,-5.81672,-8.012094,-0.7377462,77.20349
R,0.1180725,0.7409601,-0.001453249,0.380315,0.04769185,-0.04904036,12.09081,0.3322615,-1.715219,77.23077
R,0.1275085,0.7401888,-0.001882118,0.3340881,-0.02730787,-0.01518442,-1.636698,-2.65542,1.198694,77.25902
R,0.1352318,0.7398521,-0.002227857,0.2715441,-0.0118403,-0.01215575,-2.19897,0.5438215,0.1064843,77.28746
R,0.1387732,0.7404788,-0.003519713,0.1198197,0.02120305,-0.04370837,-5.133407,1.117981,-1.067544,77.31702
R,0.1419176,0.7344074,-0.006586091,0.118703,-0.2291997,-0.1157593,-0.04215898,-9.452991,-2.720006,77.34351
R,0.148441,0.729082,-0.009516273,0.4626824,-0.3777099,-0.2078273,24.39723,-10.53329,-6.530049,77.3576
R,0.1493005,0.7301341,-0.008890907,0.06350408,0.07773305,0.04620513,-29.49329,33.6504,18.76918,77.37114
R,0.1504052,0.7310929,-0.008329181,0.04114494,0.03571238,0.02092259,-0.8325731,-1.564697,-0.9414297,77.39799
R,0.1507866,0.7287353,-0.008584379,0.02832529,-0.1750797,-0.01895147,-0.9525496,-15.66266,-2.962796,77.41145
R,0.1514554,0.7265254,-0.008912724,0.04363761,-0.1441832,-0.02142197,0.9985158,2.014757,-0.1611015,77.42679
R,0.1529066,0.7293643,-0.00886323,0.1036529,0.2027801,0.003535249,4.289165,24.79672,1.783638,77.44078
R,0.155548,0.7338517,-0.008863672,0.2064478,0.3507286,-3.450288E-05,8.029514,11.55656,-0.2788406,77.45358
R,0.158072,0.7338833,-0.008270748,0.09313965,0.001167916,0.02187942,-4.181171,-12.8991,0.8086435,77.48068
R,0.1607168,0.732372,-0.01009199,0.1935578,-0.1106007,-0.133285,7.35308,-8.184214,-11.36185,77.49434
R,0.1615047,0.7303841,-0.01311304,0.05099441,-0.1286767,-0.1955433,-9.223136,-1.169423,-4.027802,77.5098
R,0.1624338,0.7286373,-0.0157794,0.07265951,-0.1366022,-0.2085233,1.694325,-0.6198165,-1.015099,77.52258
R,0.1611909,0.7291797,-0.01555047,-0.09177817,0.04005282,0.01690471,-12.14948,13.05216,16.65575,77.53612
R,0.1593509,0.7283185,-0.01451645,-0.1012452,-0.04739321,0.05689793,-0.5209321,-4.811808,2.200668,77.55429
R,0.1573809,0.727186,-0.01340709,-0.0823383,-0.04733089,0.04636698,0.7902306,0.002604582,-0.4401508,77.57822
R,0.1537728,0.7272803,-0.01332533,-0.2693188,0.007038368,0.006102751,-13.95667,4.05825,-3.005418,77.59161
R,0.1516405,0.7285552,-0.014283,-0.1345006,0.08041461,-0.0604066,8.5038,4.628282,-4.195146,77.60747
R,0.1469127,0.7298337,-0.01578696,-0.1781201,0.04816623,-0.05666199,-1.6429,-1.214615,0.1410381,77.63402
R,0.1404436,0.7313837,-0.01805647,-0.4308487,0.1032377,-0.1511531,-16.83213,3.667852,-6.29326,77.64903
R,0.1379467,0.7319255,-0.01903933,-0.09410154,0.02041628,-0.03703981,12.69066,-3.121212,4.300475,77.67557
R,0.1351664,0.7314589,-0.0163803,-0.1812123,-0.03041087,0.1733085,-5.68049,-3.314435,13.7168,77.6909
R,0.1335927,0.7312535,-0.01524279,-0.05787311,-0.007553837,0.04183409,4.536004,0.8406051,-4.83519,77.71809
R,0.1309146,0.7319675,-0.01439214,-0.06388194,0.01703111,0.02029048,-0.1433023,0.5863169,-0.5137851,77.76003
R,0.129916,0.7347471,-0.01536674,-0.02378426,0.06620537,-0.02321343,0.9552315,1.171459,-1.036377,77.802
R,0.1329492,0.7371096,-0.01914662,0.107481,0.0837135,-0.1339378,4.650054,0.6202233,-3.922397,77.83023
R,0.1386185,0.7370185,-0.02333668,0.2099113,-0.003372175,-0.1551412,3.792582,-3.224433,-0.7850768,77.85724
R,0.1428658,0.7386116,-0.02563234,0.3182957,0.1193852,-0.1720392,8.127096,9.204836,-1.267073,77.87057
R,0.1470179,0.7419605,-0.02547208,0.290407,0.2342291,0.01120897,-1.950605,8.032454,12.81681,77.88487
R,0.150562,0.7448099,-0.0254217,0.1100794,0.08850156,0.001564756,-5.600923,-4.526256,-0.2995466,77.91707
R,0.1562594,0.7458759,-0.02240545,0.2330723,0.04361004,0.1233914,5.031499,-1.836461,4.983788,77.94151
R,0.1619553,0.7443737,-0.01721652,0.3666848,-0.09670847,0.3340493,8.601601,-9.033315,13.56157,77.95705
R,0.1646856,0.7440278,-0.01523911,0.1048564,-0.01328331,0.07593997,-10.05225,3.2029,-9.909461,77.98309
R,0.1671024,0.7510141,-0.009559918,0.08976129,0.2594817,0.210933,-0.5608137,10.13375,5.015251,78.01001
R,0.1686473,0.7628984,-0.002366582,0.05702509,0.4386638,0.2655153,-1.207995,6.611982,2.014137,78.03711
R,0.1708848,0.7705526,0.00253484,0.1164238,0.3982731,0.2550374,3.09194,-2.102499,-0.5454183,78.05632
R,0.1711074,0.7759802,0.003067304,0.008796127,0.2144082,0.02103407,-4.251649,-7.263275,-9.243907,78.08163
R,0.1751124,0.8098465,0.01548851,0.1460182,1.234751,0.4528714,5.001662,37.19087,15.74021,78.10907
R,0.1762287,0.8384314,0.03238646,0.03968599,1.016184,0.600718,-3.781112,-7.772098,5.257337,78.13719
R,0.1760318,0.859339,0.04220081,-0.006710503,0.7125341,0.3344741,-1.581197,-10.34843,-9.073614,78.16653
R,0.1659157,0.894384,0.0552374,-0.2499418,0.8658665,0.3220984,-6.008446,3.787709,-0.3057115,78.20702
R,0.1653568,0.9174036,0.08786978,-0.04067293,1.675306,2.374898,15.2385,58.9416,149.4803,78.22075
R,0.1650814,0.9270637,0.1032829,-0.02046463,0.7177801,1.145258,1.501555,-71.14788,-91.367,78.23421
R,0.1647799,0.9359236,0.1150902,-0.01171122,0.3441853,0.4586854,0.3400493,-14.51328,-26.67172,78.25995
R,0.1375823,0.965655,0.1530274,-1.965188,2.148265,2.741178,-141.15,130.3552,164.9233,78.27379
R,0.1222197,1.00019,0.1711397,-0.5363906,1.205801,0.6323984,49.88689,-32.90639,-73.62865,78.30243
R,0.1087249,1.044029,0.2102401,-0.5106182,1.658776,1.479493,0.9751868,17.1398,32.05264,78.32886
R,0.1027644,1.083736,0.2671876,-0.4220765,2.811774,4.032533,6.266376,81.60139,180.6869,78.34299
R,0.1025939,1.102417,0.3010505,-0.006330227,0.6936437,1.257361,15.43703,-78.64803,-103.0446,78.36992
R,0.1099371,1.106747,0.3433941,0.2552335,0.1504989,1.471775,9.093813,-18.88358,7.454543,78.39868
R,0.1209997,1.082237,0.3733969,0.4196839,-0.929839,1.138211,6.236934,-40.97281,-12.65071,78.42505
R,0.1079526,1.063292,0.3544933,-0.4508591,-0.6546723,-0.6532366,-30.09067,9.511249,-61.92211,78.45398
R,0.07474813,1.055481,0.3092764,-1.19467,-0.281027,-1.626867,-26.75433,13.43975,-35.02076,78.48178
R,0.04552541,1.05322,0.2779183,-1.080169,-0.08357128,-1.159099,4.23233,7.298621,17.29027,78.50883
R,0.01587842,1.037402,0.2416791,-1.08393,-0.5783255,-1.324951,-0.1375514,-18.09387,-6.065452,78.53618
R,-0.0003149135,1.016633,0.1967435,-1.08623,-1.393168,-3.014222,-0.1542429,-54.65866,-113.3143,78.55109
R,-0.006027915,1.00509,0.1767451,-0.213034,-0.430441,-0.7457281,32.55162,35.88923,84.56655,78.57791
R,-0.01201209,0.9739,0.1362852,-0.4281431,-2.231518,-2.894741,-15.39016,-128.8596,-153.753,78.59189
R,-0.01733724,0.9620077,0.1196132,-0.1716198,-0.3832659,-0.5373073,8.269312,59.58044,75.99449,78.62291
R,-0.02003274,0.9292094,0.07395983,-0.1040968,-1.266629,-1.763076,2.607653,-34.11436,-47.33763,78.6488
R,-0.02827127,0.903228,0.03402007,-0.297805,-0.939172,-1.443735,-7.00213,11.83684,11.54346,78.67647
R,-0.02429556,0.8846357,0.01213233,0.2774782,-1.297616,-1.527619,40.15097,-25.01699,-5.854549,78.6908
R,-0.02451313,0.8746504,-0.001266321,-0.01516892,-0.6961685,-0.9341426,-20.40311,41.93237,41.37669,78.70514
R,-0.02574245,0.8649128,-0.01499892,-0.04817022,-0.381563,-0.5381044,-1.292751,12.32396,15.5139,78.73067
R,-0.01104931,0.8767666,-0.03092921,0.8586085,0.6926898,-0.9309028,53.01218,62.80305,-22.96382,78.74777
R,-0.002457737,0.8825887,-0.0352404,0.314031,0.2128046,-0.1575785,-19.90487,-17.5403,28.2658,78.77513
R,0.003664309,0.8975688,-0.02883089,0.2417683,0.5915844,0.2531208,-2.852898,14.95405,16.21421,78.80046
R,0.005508321,0.9111717,-0.02003003,0.06684136,0.4930755,0.3190117,-6.340714,-3.570732,2.388401,78.82805
R,0.003198953,0.9412816,0.008937221,-0.08163255,1.064337,1.023947,-5.248321,20.19321,24.91836,78.85634
R,0.0006225797,0.980948,0.04407459,-0.1528703,2.353621,2.084891,-4.228836,76.53486,62.98012,78.87318
R,-0.0002237245,0.9984103,0.05776415,-0.03453511,0.7125866,0.5586298,4.8289,-66.96564,-62.28212,78.89769
R,-0.009415422,1.041686,0.1308905,-0.3282763,1.545559,2.611668,-10.4908,29.74916,73.32312,78.92569
R,-0.01638035,1.082248,0.2101302,-0.4486031,2.612546,5.103734,-7.746299,68.68962,160.4323,78.94122
R,-0.006439757,1.100363,0.2591758,0.6733507,1.227116,3.322225,76.0376,-93.89407,-120.7373,78.95598
R,0.0008199766,1.114358,0.2932386,0.2940506,0.5668263,1.379691,-15.36329,-26.74457,-78.68105,78.98067
R,0.02275646,1.128314,0.3477971,0.7264423,0.462181,1.806742,14.31896,-3.465404,14.14211,79.01086
R,0.0569669,1.10501,0.3730265,1.350612,-0.9200348,0.9960479,24.6419,-54.56922,-32.00583,79.03619
R,0.06372578,1.081842,0.3582351,0.4433931,-1.519848,-0.9703434,-59.51499,-39.34871,-128.9984,79.05144
R,0.0582839,1.070642,0.346087,-0.422558,-0.8696868,-0.9432876,-67.24049,50.48455,2.100864,79.06432
R,0.05576783,1.062462,0.3386349,-0.08891524,-0.289073,-0.2633501,11.78739,20.51272,24.02177,79.09262
R,0.00510233,1.025448,0.2224782,-1.674862,-1.223597,-3.839823,-52.44027,-30.90059,-118.2582,79.12286
R,-0.0124703,0.9857359,0.1677355,-0.6740648,-1.523293,-2.099861,38.37814,-11.49263,66.7233,79.14894
R,-0.0191661,0.9517497,0.1243672,-0.2226362,-1.130046,-1.442002,15.01006,13.07554,21.87391,79.17902
R,-0.01366462,0.909386,0.0732142,0.2198442,-1.692893,-2.044124,17.68195,-22.49191,-24.06139,79.20404
R,-0.001546806,0.8771645,0.0336595,0.4544511,-1.208394,-1.483409,8.800912,18.17522,21.03435,79.2307
R,0.01563942,0.8477083,-0.003026198,1.063064,-1.822031,-2.269216,37.62837,-37.93896,-48.58361,79.24687
R,0.03197053,0.8444661,-0.01830779,0.6029723,-0.1197095,-0.5642222,-16.98737,62.85257,62.95124,79.27396
R,0.04941526,0.8368825,-0.04052421,1.30658,-0.568,-1.663972,52.69899,-33.57619,-82.36938,79.28731
R,0.05609443,0.8324662,-0.05010863,0.2388684,-0.1579404,-0.342769,-38.19516,14.66903,47.26329,79.31526
R,0.05492966,0.8485112,-0.05109929,-0.04176975,0.575389,-0.0355263,-10.06121,26.29074,11.01502,79.34315
R,0.05762194,0.8376014,-0.04576748,0.09163382,-0.371324,0.1814726,4.541681,-32.23054,7.387658,79.37253
R,0.03954608,0.8292865,-0.03681056,-0.6564807,-0.3019816,0.3252983,-27.16257,2.517686,5.222026,79.40007
R,0.01651808,0.830089,-0.040756,-1.72772,0.06021036,-0.2960142,-80.41779,27.18971,-46.64185,79.41339
R,0.0386329,0.8128504,-0.03131381,1.564292,-1.219374,0.6678934,232.735,-90.46261,68.14525,79.42754
R,0.05501353,0.7995393,-0.02541034,0.6401439,-0.5201858,0.2307035,-36.11509,27.32379,-17.08508,79.45313
R,0.08035452,0.8229328,-0.0155121,1.594572,1.472028,0.6228433,60.0859,125.4195,24.6871,79.46901
R,0.09216151,0.8308631,-0.01242083,0.8447409,0.5673743,0.2211679,-53.64732,-64.72422,-28.73821,79.48299
R,0.09177432,0.8091134,-0.01245946,-0.0282882,-1.589056,-0.002822383,-63.78466,-157.5516,-16.36502,79.49667
R,0.0927076,0.7935475,-0.01262188,0.03484083,-0.5811045,-0.006063393,2.35605,37.61793,-0.1209584,79.52347
R,0.09392462,0.7817147,-0.01196472,0.04377541,-0.4256183,0.02363732,0.32137,5.592722,1.068313,79.55127
R,0.09280348,0.7671398,-0.01423951,-0.04123182,-0.5360155,-0.08365896,-3.126281,-4.06004,-3.945998,79.57846
R,0.08610656,0.7670805,-0.02368167,-0.2424132,-0.002146765,-0.341785,-7.284323,19.33018,-9.346157,79.60608
R,0.08621155,0.7665634,-0.02654607,0.006587239,-0.03244675,-0.1797236,15.61578,-1.900229,10.1635,79.62202
R,0.09158233,0.7685574,-0.02468294,0.2068642,0.07680494,0.07176135,7.716257,4.20924,9.689194,79.64798
R,0.09598961,0.7626271,-0.0286256,0.2916057,-0.3923799,-0.260864,5.604053,-31.02775,-21.9969,79.6631
R,0.09851188,0.7588477,-0.03096169,0.09107427,-0.1364669,-0.08435173,-7.240787,9.240504,6.373502,79.6908
R,0.1155877,0.7680253,-0.0289548,0.6248342,0.3358285,0.07343596,19.53126,17.28216,5.773743,79.71812
R,0.124965,0.7673246,-0.02823141,0.6764498,-0.05055122,0.05218294,3.725418,-27.88742,-1.533962,79.73198
R,0.128951,0.7664741,-0.02829291,0.2789366,-0.05951765,-0.004303809,-27.80302,-0.6271337,-3.950817,79.74628
R,0.1364854,0.7644891,-0.02819218,0.273257,-0.07199217,0.003653192,-0.2059871,-0.4524238,0.2885833,79.77385
R,0.1448563,0.759128,-0.02683579,0.6018614,-0.3854524,0.09752326,23.63932,-22.54987,6.752875,79.78775
R,0.1476046,0.7557935,-0.02564065,0.05955998,-0.07226563,0.02590107,-11.75273,6.78737,-1.552193,79.83389
R,0.1527295,0.7488014,-0.02096893,0.2117706,-0.288927,0.1930428,6.289581,-8.952788,6.906559,79.85809
R,0.1553225,0.7474683,-0.01868903,0.1458057,-0.07495777,0.1281983,-3.707613,12.02632,-3.644638,79.87589
R,0.1571548,0.7465003,-0.01756492,0.04963957,-0.0262263,0.03045465,-2.60535,1.320242,-2.64809,79.9128
R,0.1645683,0.7617726,-0.007051951,0.4763241,0.9812615,0.6754686,27.4149,64.73208,41.44278,79.92836
R,0.1682266,0.767643,-0.002783844,0.2862675,0.4593703,0.3339877,-14.88118,-40.86339,-26.73751,79.94113
R,0.1711084,0.771492,0.0002086244,0.2244399,0.2997623,0.2330534,-4.812268,-12.42289,-7.856091,79.95398
R,0.1730054,0.7699524,0.004377672,0.1316235,-0.1068315,0.2892776,-6.443666,-28.22726,3.903292,79.96838
R,0.1748972,0.7692522,0.007798361,0.06683689,-0.02473467,0.1208508,-2.28887,2.90043,-5.950411,79.99669
R,0.1716609,0.7997693,0.01315744,-0.1116561,1.052892,0.1848972,-6.156694,37.17019,2.209129,80.02568
R,0.1690337,0.8192799,0.02495443,-0.09686676,0.7193499,0.4349523,0.5454341,-12.30108,9.222063,80.0528
R,0.1667798,0.83442,0.03886888,-0.1551606,1.042247,0.9578757,-4.012968,22.22832,35.99823,80.06732
R,0.1662257,0.8420168,0.04543408,-0.0419984,0.5758974,0.4976944,8.57364,-35.33255,-34.86525,80.08052
R,0.1600409,0.863785,0.05561873,-0.2143464,0.7544186,0.3529672,-5.973031,6.186971,-5.015783,80.10938
R,0.1513258,0.8998274,0.07303423,-0.6095553,2.52089,1.218081,-27.64184,123.5512,60.50814,80.12367
R,0.1474438,0.9239486,0.08345066,-0.1489974,0.925803,0.3997958,17.68197,-61.23939,-31.41603,80.14972
R,0.1440415,0.956833,0.126267,-0.1266165,1.223799,1.593418,0.8329102,11.08997,44.42091,80.17659
R,0.1427479,0.9881144,0.1750844,-0.08520434,2.06036,3.215374,2.727626,55.10041,106.8307,80.19177
R,0.1427965,1.005238,0.2135724,0.001765876,0.6219109,1.397812,3.157717,-52.22727,-65.99207,80.21931
R,0.136207,1.034455,0.2701898,-0.4053014,1.797051,3.482383,-25.04935,72.31359,128.2765,80.23557
R,0.1333045,1.052592,0.3055844,-0.113463,0.7089733,1.383609,11.40484,-42.52132,-82.01863,80.26115
R,0.1308638,1.061944,0.3502998,-0.1674015,0.6414181,3.066946,-3.701482,-4.635913,115.5174,80.27573
R,0.1292854,1.070843,0.3801711,-0.05919394,0.3337402,1.120253,4.056918,-11.53546,-72.98538,80.3024
R,0.1204994,1.037006,0.3302883,-0.3238477,-1.247205,-1.838647,-9.754978,-58.27269,-109.0633,80.32953
R,0.103543,1.026598,0.3050943,-1.079413,-0.6625562,-1.603801,-48.12119,37.23573,14.95713,80.34523
R,0.0965388,1.025081,0.2984838,-0.5125906,-0.1110326,-0.4837861,41.45898,40.34001,81.9211,80.3589
R,0.06379287,1.020006,0.2474908,-2.594967,-0.402169,-4.040961,-165.0189,-23.07124,-281.89,80.37152
R,0.04080652,1.017255,0.2194676,-1.728553,-0.2068542,-2.107318,65.19096,14.69592,145.4917,80.38481
R,0.02839994,1.000981,0.1753412,-0.8563218,-1.123247,-3.045678,60.17107,-63.21762,-64.73302,80.39931
R,0.01661087,0.9900837,0.1473865,-0.3667734,-0.3390287,-0.8697062,15.23411,24.40387,67.71343,80.43144
R,0.02314972,0.9358511,0.08134806,0.2579176,-2.139144,-2.604812,24.63282,-70.98216,-68.41872,80.4568
R,0.02448819,0.9039556,0.03398453,0.04741501,-1.129892,-1.677847,-7.457024,35.7526,32.83763,80.48503
R,0.02747937,0.8707616,0.0003557209,0.1121455,-1.244509,-1.260811,2.426873,-4.297219,15.63549,80.5117
R,0.03217282,0.8560979,-0.03033918,0.163091,-0.509544,-1.066607,1.770291,25.53907,6.748331,80.54048
R,0.0415063,0.8532404,-0.05699871,0.3605535,-0.1103881,-1.029861,7.630246,15.42399,1.419931,80.56636
R,0.04850964,0.848632,-0.08435361,0.4851701,-0.3192513,-1.895064,8.633062,-14.46941,-59.93866,80.5808
R,0.05078676,0.8441519,-0.0987417,0.1801245,-0.3543914,-1.138126,-24.11516,-2.777975,59.8392,80.59344
R,0.05290769,0.8516766,-0.08894845,0.07383656,0.2619605,0.340935,-3.701215,21.46293,51.50465,80.62216
R,0.04295197,0.862613,-0.04113702,-0.6097741,0.6698416,2.928383,-41.87019,24.98215,158.4776,80.63849
R,0.03945951,0.8650012,-0.02279356,-0.1472856,0.1007154,0.7735891,19.50427,-24.00145,-90.87295,80.6622
R,0.02859477,0.9138029,0.009149878,-0.6916283,3.10662,2.033458,-34.635,191.2573,80.16191,80.67792
R,0.02434433,0.9378158,0.02265654,-0.1588123,0.8972148,0.5046593,19.908,-82.55165,-57.12164,80.70468
R,0.02833737,0.8993775,-0.002778985,0.1372248,-1.320972,-0.8741177,10.17362,-76.23026,-47.38308,80.73378
R,0.02958267,0.8800502,-0.01423628,0.04564419,-0.7084076,-0.4199469,-3.356725,22.45247,16.64683,80.76106
R,0.02812182,0.8713046,-0.01858135,-0.05467614,-0.3273286,-0.1626262,-3.754765,14.26293,9.630938,80.78778
R,0.0256698,0.8674409,-0.02031855,-0.1639753,-0.2583785,-0.1161724,-7.309215,4.610931,3.106524,80.80273
R,0.02454304,0.8657618,-0.02117233,-0.04127628,-0.06151088,-0.03127654,4.494804,7.211803,3.109971,80.83003
R,0.02242824,0.8627164,-0.01853014,-0.06989181,-0.1006465,0.08732145,-0.9457123,-1.29339,3.919535,80.86029
R,0.01087913,0.8516799,-0.01797913,-0.4406886,-0.4211313,0.02102545,-14.1529,-12.23255,-2.530446,80.88649
R,0.01063453,0.8596423,-0.016993,-0.00931982,0.3033884,0.03757381,16.43615,27.60589,0.6305311,80.91273
R,0.007850918,0.8644414,-0.01651988,-0.2037149,0.3512135,0.03462489,-14.21861,3.498064,-0.2156923,80.92641
R,0.005272797,0.8642198,-0.01658693,-0.1622273,-0.01394473,-0.004218956,2.611845,-22.98849,-2.445409,80.94229
R,0.002769801,0.8639307,-0.0166731,-0.08746271,-0.01010147,-0.003011371,2.61182,0.13426,0.04218566,80.97092
R,-0.001856502,0.8837807,0.03271114,-0.1831407,0.7857992,1.954966,-3.788733,31.51671,77.53354,80.99617
R,-0.008981708,0.8997431,0.07476773,-0.2487786,0.5573305,1.468418,-2.291768,-7.977052,-16.98797,81.02481
R,-0.005928094,0.8836589,0.01863999,0.1960055,-1.032409,-3.60273,28.54983,-102.0423,-325.5071,81.04039
R,-0.00561303,0.8788266,0.00342966,0.02264043,-0.3472536,-1.093009,-12.45795,49.23504,180.3477,81.05431
R,-0.004235574,0.8882864,0.005799271,0.05168792,0.3549733,0.08891772,1.089672,26.34296,44.33815,81.08096
R,-0.02196431,0.9194603,0.0316311,-0.6620343,1.164109,0.9646238,-26.65213,30.21512,32.70101,81.10774
R,-0.03205341,0.9787251,0.09952208,-0.5752063,3.37884,3.870642,4.952445,126.3225,165.7518,81.12527
R,-0.03072892,1.020928,0.1611528,0.03302959,1.052428,1.536922,15.16794,-58.01511,-58.19735,81.16537
R,-0.00168723,1.051408,0.2532074,0.7231293,0.7589553,2.292131,17.18327,-7.307384,18.80447,81.20554
R,0.0315962,1.052645,0.3326403,2.441257,0.09075965,5.82621,125.9499,-48.98308,259.0709,81.21918
R,0.04329222,1.055197,0.3650463,0.3929817,0.08574724,1.088825,-68.83884,-0.168458,-159.215,81.24893
R,0.05055613,1.037727,0.3742651,0.5357874,-1.288662,0.6799821,10.52746,-101.3198,-30.13943,81.2625
R,0.05186198,1.025241,0.3703882,0.0484737,-0.4634532,-0.1439128,-18.09439,30.64075,-30.59194,81.28943
R,0.01954072,0.9627851,0.2066105,-0.7666327,-1.481409,-3.884665,-19.33363,-24.14504,-88.72745,81.33159
R,0.003394142,0.8969024,0.1149603,-0.8513129,-3.473605,-4.832175,-4.46468,-105.0367,-49.95658,81.35056
R,0.0008379213,0.8833059,0.1044623,-0.07139334,-0.3797394,-0.293201,21.77793,86.39097,126.7432,81.38637
R,0.01910404,0.8353153,0.04092459,0.6548623,-1.720519,-2.277902,26.03714,-48.06857,-71.15393,81.41426
R,0.03039259,0.8109775,0.006343871,0.4160891,-0.8970798,-1.274624,-8.801033,30.35148,36.98023,81.44139
R,0.04087725,0.8076007,-0.02184405,0.246016,-0.07923408,-0.661412,-3.990661,19.19024,14.38864,81.48401
R,0.04621774,0.8112064,-0.03242021,0.1285799,0.08681289,-0.2546361,-2.82744,3.997816,9.793706,81.52554
R,0.03947442,0.8137587,-0.03447279,-0.2243871,0.08492796,-0.06830025,-11.74812,-0.06273782,6.201983,81.55559
R,0.03241887,0.8245458,-0.04349494,-0.2796446,0.4275448,-0.3575903,-2.189452,13.57542,-11.46246,81.58083
R,0.03241887,0.8245458,-0.04349494,0,0,0,18.07376,-27.63272,23.11148,81.5963
R,0.03241887,0.8245458,-0.04349494,0,0,0,0,0,0,81.62567
R,0.03241887,0.8245458,-0.04349494,0,0,0,0,0,0,81.65186
R,0.03241887,0.8245458,-0.04349494,0,0,0,0,0,0,81.67838
R,0.03241887,0.8245458,-0.04349494,0,0,0,0,0,0,81.70471
R,0.03241887,0.8245458,-0.04349494,0,0,0,0,0,0,81.71875
R,0.03241887,0.8245458,-0.04349494,0,0,0,0,0,0,81.73494
R,0.03241887,0.8245458,-0.04349494,0,0,0,0,0,0,81.76288
R,0.03241887,0.8245458,-0.04349494,0,0,0,0,0,0,81.78961
R,0.03241887,0.8245458,-0.04349494,0,0,0,0,0,0,81.81825
R,0.03241887,0.8245458,-0.04349494,0,0,0,0,0,0,81.84499
R,0.03241887,0.8245458,-0.04349494,0,0,0,0,0,0,81.87277
R,0.03241887,0.8245458,-0.04349494,0,0,0,0,0,0,81.88701
R,0.03241887,0.8245458,-0.04349494,0,0,0,0,0,0,81.90094
R,0.03241887,0.8245458,-0.04349494,0,0,0,0,0,0,81.91411
R,0.03241887,0.8245458,-0.04349494,0,0,0,0,0,0,81.94221
R,0.03241887,0.8245458,-0.04349494,0,0,0,0,0,0,81.9705
R,0.03241887,0.8245458,-0.04349494,0,0,0,0,0,0,82.00099
R,0.03241887,0.8245458,-0.04349494,0,0,0,0,0,0,82.02646
R,0.03241887,0.8245458,-0.04349494,0,0,0,0,0,0,82.05399
R,0.03241887,0.8245458,-0.04349494,0,0,0,0,0,0,82.06755
R,0.03241887,0.8245458,-0.04349494,0,0,0,0,0,0,82.09489
R,0.03241887,0.8245458,-0.04349494,0,0,0,0,0,0,82.1087
R,0.03241887,0.8245458,-0.04349494,0,0,0,0,0,0,82.12256
R,0.03241887,0.8245458,-0.04349494,0,0,0,0,0,0,82.13692
R,0.03241887,0.8245458,-0.04349494,0,0,0,0,0,0,82.15189
R,0.1256895,0.8393973,0.03034095,6.608202,1.052225,5.231253,468.1893,74.54989,370.6329,82.166
R,0.1256895,0.8393978,0.03034112,-1.129627E-06,1.807403E-05,6.424753E-06,-250.4772,-39.88286,-198.2851,82.19238
R,0.1121915,0.8888879,0.07841481,-0.4361945,1.599301,1.553529,-14.09584,51.68176,50.20298,82.22333
R,0.1010462,0.9180444,0.1501459,-0.4560837,1.193134,2.935352,-0.8141494,-16.62621,56.56413,82.24776
R,0.09522264,0.9452782,0.2133969,-0.2122668,0.9926524,2.30546,8.886974,-7.307442,-22.95917,82.27519
R,0.07829024,0.9769195,0.2642999,-1.099784,2.055148,3.306227,-57.64552,69.01062,65.00125,82.29059
R,0.07132988,0.9935725,0.292218,-0.2594731,0.6208026,1.040751,31.32572,-53.47057,-84.45406,82.31741
R,0.06930447,0.9644572,0.3321435,-0.07337634,-1.054783,1.446408,6.741869,-60.70268,14.69605,82.34502
R,0.06873304,0.9406371,0.3574762,-0.0199198,-0.8303565,0.8830888,1.863472,7.823394,-19.63708,82.3737
R,0.06238363,0.9291119,0.3638485,-0.2254755,-0.4092747,0.2262895,-7.297561,14.94909,-23.31745,82.40187
R,0.04074663,0.9281927,0.3114766,-0.8161162,-0.03467176,-1.975395,-22.28453,14.13355,-83.06826,82.42838
R,0.01725222,0.9300711,0.2453502,-0.8532721,0.06821921,-2.401586,-1.349059,3.735769,-15.47417,82.45592
R,0.01029551,0.9191402,0.2040929,-0.249202,-0.3915623,-1.477909,21.6448,-16.47471,33.09684,82.48383
R,0.01084192,0.9039738,0.1733408,0.02726252,-0.7567181,-1.534353,13.78872,-18.21221,-2.815181,82.50388
R,0.009254612,0.8976816,0.1598518,-0.0712994,-0.2826342,-0.6059025,-4.427248,21.29511,41.70456,82.52614
R,0.01562559,0.8767939,0.1226105,0.2294743,-0.7523465,-1.341382,10.83645,-16.92307,-26.49828,82.55389
R,0.02326741,0.866708,0.09502457,0.2745691,-0.3623861,-0.9911593,1.620248,14.01121,12.58343,82.58173
R,0.03127737,0.8606429,0.0720822,0.5207751,-0.3943297,-1.491618,16.0073,-2.076844,-32.53778,82.59711
R,0.03414558,0.8567756,0.06000101,0.1093172,-0.1473948,-0.4604552,-15.6775,9.408796,39.28971,82.62335
R,0.04457491,0.8581622,0.0433773,0.7267372,0.09661999,-1.158375,43.04599,17.0125,-48.65835,82.6377
R,0.04917955,0.8571841,0.03329516,0.171314,-0.03639033,-0.3751027,-20.65847,-4.947198,29.13309,82.66458
R,0.06104859,0.8587277,0.03968089,0.4256358,0.05535653,0.2289987,9.122734,3.291036,21.66962,82.69246
R,0.07413156,0.8628799,0.03098436,0.9324693,0.2959446,-0.6198322,36.10418,17.13824,-60.46628,82.7065
R,0.08020615,0.8637129,0.02470276,0.2138048,0.02931785,-0.2210907,-25.29452,-9.384346,14.03433,82.73491
R,0.09624128,0.8645906,0.03372227,0.5480461,0.02999715,0.3082674,11.42663,0.02322284,18.09703,82.76416
R,0.1075778,0.8673743,0.03246393,0.8264217,0.2029295,-0.09173115,20.29324,12.60655,-29.1594,82.77788
R,0.1130975,0.8704454,0.03735643,0.1929266,0.1073437,0.1710051,-22.14226,-3.340963,9.183297,82.80649
R,0.1188453,0.8732707,0.04712115,0.210794,0.1036129,0.3581091,0.655268,-0.1368242,6.861806,82.83376
R,0.1263097,0.8730496,0.05850342,0.3005745,-0.00890457,0.4583401,3.614161,-4.52945,4.034852,82.8586
R,0.1337938,0.8741177,0.06076989,0.2757041,0.03935014,0.08349349,-0.9161957,1.77764,-13.80885,82.88574
R,0.1359295,0.8772741,0.05786004,0.07549344,0.1115725,-0.1028585,-7.077132,2.552948,-6.587252,82.91403
R,0.1373944,0.879913,0.05672343,0.1059624,0.1908846,-0.08221719,2.20399,5.737079,1.493103,82.92786
R,0.1388406,0.8814513,0.05611397,0.09233439,0.09821374,-0.03891028,-0.8704937,-5.919371,2.766239,82.94351
R,0.1417068,0.8796104,0.05394494,0.2253604,-0.1447445,-0.1705458,10.45323,-19.09174,-10.34396,82.95624
R,0.1451577,0.8778477,0.05165514,0.2384408,-0.1217959,-0.1582119,0.9042618,1.586452,0.8526524,82.9707
R,0.1485848,0.8764758,0.04964152,0.2571194,-0.1029264,-0.1510759,1.400589,1.414909,0.5350803,82.98404
R,0.1482332,0.877062,0.04908092,-0.02176576,0.03629473,-0.03470879,-17.27506,8.623817,7.208164,83.00018
R,0.1481799,0.8774622,0.04865516,-0.002112492,0.01585165,-0.01686481,0.7782459,-0.809521,0.7066001,83.02544
R,0.1481622,0.8770706,0.04907532,-0.000427944,-0.009466641,0.01015701,0.04072243,-0.6120471,0.6532283,83.0668
R,0.1485958,0.8764577,0.04945968,0.02879128,-0.04069703,0.02552098,1.940133,-2.073673,1.020156,83.08186
R,0.1495963,0.8758141,0.04985638,0.03712928,-0.0238821,0.01472171,0.3094221,0.6239997,-0.4007595,83.10881
R,0.1508175,0.8745035,0.05062312,0.04257137,-0.04568858,0.02672794,0.1897089,-0.7601647,0.4185323,83.1375
R,0.1511054,0.8738195,0.05099209,0.01070505,-0.02544161,0.01372356,-1.185239,0.7530676,-0.4836864,83.16438
R,0.1516081,0.8737613,0.05091022,0.01777144,-0.002056365,-0.002894001,0.2497856,0.826632,-0.5874047,83.19267
R,0.1542068,0.8727421,0.05126934,0.09049289,-0.03549249,0.01250566,2.532345,-1.164331,0.536255,83.22139
R,0.1589343,0.8709536,0.05200051,0.3692721,-0.1396985,0.05711319,21.77602,-8.139743,3.484385,83.23419
R,0.1612456,0.8701285,0.05232056,0.159535,-0.0569502,0.02209016,-14.48402,5.714427,-2.418619,83.24867
R,0.1669243,0.8719689,0.05000816,0.2000851,0.06484375,-0.08147603,1.428756,4.291338,-3.649093,83.27705
R,0.1729368,0.873234,0.04899344,0.2195155,0.04619168,-0.03704776,0.7094104,-0.680993,1.62209,83.30444
R,0.1744738,0.8733572,0.04934139,0.05899295,0.004728679,0.01335489,-6.159253,-1.590936,1.933951,83.33051
R,0.1757689,0.8739931,0.04848823,0.08612677,0.04228501,-0.05673526,1.805322,2.498773,-4.663378,83.34554
R,0.1768062,0.8743998,0.04792446,0.03886596,0.01524085,-0.0211248,-1.770889,-1.013359,1.334344,83.37222
R,0.1785032,0.8728874,0.0478126,0.05922243,-0.05277805,-0.00390378,0.7103737,-2.373635,0.6009566,83.40088
R,0.1795577,0.8708439,0.04826501,0.03576114,-0.06929981,0.01534264,-0.7954264,-0.5601499,0.6525264,83.43037
R,0.1803444,0.8705658,0.04876704,0.029443,-0.01041146,0.01878963,-0.2364738,2.204059,0.1290128,83.45709
R,0.1807133,0.8701646,0.0485824,0.02252052,-0.02448911,-0.01127209,-0.4228064,-0.8598257,-1.83609,83.47346
R,0.1810176,0.869877,0.04843501,0.01292024,-0.01221099,-0.006257814,-0.40749,0.5211524,0.2128338,83.49702
R,0.182357,0.8686917,0.04632658,0.04766569,-0.04218496,-0.07503569,1.23687,-1.067015,-2.448358,83.52512
R,0.1842211,0.8679327,0.04478511,0.06326769,-0.02575981,-0.05231576,0.5295147,0.5574514,0.7710894,83.55458
R,0.1875329,0.866016,0.04398143,0.1269988,-0.07349876,-0.03081943,2.443935,-1.830673,0.8243318,83.58066
R,0.1878362,0.8657922,0.04451872,0.01961219,-0.01447644,0.03474313,-6.940524,3.814681,4.237385,83.59613
R,0.1879324,0.8657132,0.04478223,0.003286073,-0.002696422,0.008996763,-0.5575551,0.4023009,-0.8792672,83.62541
R,0.1890883,0.8653005,0.04486241,0.04483402,-0.01600649,0.003110318,1.611175,-0.5161472,-0.2282687,83.6512
R,0.1892504,0.8653367,0.04468035,0.006133241,0.001365948,-0.006884963,-1.463528,0.656965,-0.3779866,83.67764
R,0.1899615,0.8651065,0.04435651,0.02463736,-0.007975647,-0.01122014,0.6412934,-0.3237498,-0.1502435,83.7065
R,0.1909736,0.8646164,0.04340309,0.06920196,-0.03350776,-0.06518924,3.045449,-1.74481,-3.688132,83.72113
R,0.1908632,0.864558,0.04263238,-0.004364943,-0.00230583,-0.03045465,-2.907889,1.233323,1.372959,83.74643
R,0.1911554,0.8642712,0.04118589,0.01877872,-0.01843214,-0.09293811,1.487003,-1.036131,-4.014624,83.76199
R,0.1916651,0.8639932,0.04041354,0.03955396,-0.02157342,-0.05993688,1.611274,-0.2436294,2.559489,83.77489
R,0.1921317,0.8637378,0.03969879,0.03076172,-0.01683539,-0.04712454,-0.5796866,0.3123858,0.8447381,83.79005
R,0.1922496,0.8638846,0.03974016,0.004424323,0.005509703,0.001553101,-0.989139,0.8392023,1.828159,83.81668
R,0.1930561,0.8640322,0.03964908,0.04726004,0.008650676,-0.005336388,2.508741,0.183956,-0.4034938,83.83376
R,0.1936854,0.8641327,0.03955782,0.02589408,0.004135597,-0.003755856,-0.8795473,-0.185867,0.0650639,83.85805
R,0.1939847,0.8649437,0.03953899,0.02052876,0.05562369,-0.001291096,-0.367805,3.529627,0.168965,83.87263
R,0.1941822,0.865481,0.03951311,0.01420328,0.03863395,-0.001860718,-0.455046,-1.222217,-0.04097778,83.88654
R,0.1952959,0.8660121,0.0385135,0.0828493,0.03950589,-0.07435925,5.106453,0.06486215,-5.393035,83.89998
R,0.1965823,0.8666138,0.03734666,0.08110025,0.03793516,-0.07356466,-0.1102173,-0.09898024,0.05007136,83.91585
R,0.1969051,0.8667247,0.03739456,0.02389187,0.008209522,0.003545622,-4.236394,-2.201242,5.710168,83.92935
R,0.1971045,0.8667914,0.03742033,0.007977645,0.002666171,0.001030965,-0.6367244,-0.2217882,-0.1006108,83.95435
R,0.1965919,0.866953,0.03669924,-0.02881362,0.009082199,-0.04052965,-2.067884,0.3606182,-2.335949,83.97214
R,0.1960793,0.8671159,0.03595539,-0.01332479,0.004234741,-0.01933718,0.4026481,-0.1260147,0.5509201,84.0106
R,0.1992277,0.8658887,0.03564725,0.2092627,-0.08156773,-0.02048058,14.79462,-5.702992,-0.07599768,84.02565
R,0.2034517,0.8646937,0.0350625,0.1532368,-0.0433504,-0.02121354,-2.031939,1.38606,-0.02658316,84.05322
R,0.2047174,0.8647988,0.03581525,0.09216797,0.00765191,0.05481364,-4.446896,3.713875,5.53613,84.06696
R,0.2052084,0.8648416,0.03606535,0.01828225,0.001593572,0.009312578,-2.751235,-0.2255905,-1.694294,84.09381
R,0.2101159,0.8648844,0.02727689,0.1602093,0.00139905,-0.2869042,4.634444,-0.006351864,-9.672578,84.12444
R,0.214408,0.8653172,0.01875842,0.1527478,0.01540227,-0.3031588,-0.2654681,0.4982166,-0.5783159,84.15254
R,0.2023895,0.8651344,0.01758913,-0.2965529,-0.004512189,-0.02885175,-11.08636,-0.4913833,6.768443,84.19307
R,0.1886175,0.8761498,0.01015898,-0.5326435,0.4260291,-0.2873663,-9.133668,16.65641,-10.00119,84.21892
R,0.1936427,0.873933,0.003906521,0.1765382,-0.07787582,-0.2196523,24.90725,-17.6977,2.378193,84.24739
R,0.1956403,0.8724999,0.001261764,0.07267002,-0.05213321,-0.09621249,-3.779626,0.9367396,4.49181,84.27487
R,0.1952441,0.8702398,0.004399316,-0.02471201,-0.1410006,0.1957379,-6.072339,-5.5414,18.20482,84.29091
R,0.1948755,0.8685603,0.00717198,-0.02772138,-0.1262998,0.2085017,-0.2264319,1.106116,0.9603791,84.3042
R,0.1953872,0.8679891,0.008560376,0.03817098,-0.04261081,0.1035742,4.912766,6.239641,-7.823127,84.31761
R,0.1928,0.8705304,0.009089218,-0.09461702,0.0929391,0.01934048,-4.856247,4.957253,-3.080549,84.34496
R,0.1897042,0.8734647,0.009615252,-0.2124438,0.2013662,0.03609862,-8.085752,7.440708,1.150012,84.35953
R,0.1898495,0.8731996,0.00963298,0.00539809,-0.009852566,0.0006588059,8.097836,-7.851635,-1.317404,84.38643
R,0.1902002,0.8732435,0.009688406,0.01256267,0.001573603,0.001985486,0.256578,0.4091942,0.04751109,84.41435
R,0.19076,0.8732369,0.00974525,0.03679496,-0.0004348985,0.003736551,1.592866,-0.1320252,0.1151031,84.42957
R,0.1913504,0.8731496,0.009800856,0.02171454,-0.003209175,0.002044986,-0.5546072,-0.1020286,-0.06221012,84.45676
R,0.1921846,0.8730183,0.01136932,0.03008801,-0.004736086,0.0565716,0.3020165,-0.05507301,1.966679,84.48448
R,0.1930785,0.8725772,0.01358199,0.05475321,-0.02701884,0.1355235,1.510709,-1.364787,4.835692,84.50081
R,0.1935488,0.8721403,0.01504272,0.01809594,-0.01681087,0.05621273,-1.41067,0.3928301,-3.05209,84.52679
R,0.1937557,0.8714528,0.01621487,0.007455922,-0.02477789,0.04224234,-0.3835556,-0.2871985,-0.5036106,84.55453
R,0.1938165,0.8700629,0.01789421,0.002317845,-0.05299002,0.06402414,-0.1958866,-1.075573,0.83042,84.58076
R,0.1937042,0.8694557,0.01885834,-0.004019351,-0.02173885,0.03451786,-0.2268238,1.118556,-1.056102,84.6087
R,0.1935245,0.8692975,0.01929609,-0.01289576,-0.01134886,0.03140474,-0.6371568,0.7458031,-0.2234625,84.62263
R,0.1934642,0.8687676,0.01994547,-0.004632941,-0.04075888,0.04995054,0.6355773,-2.262224,1.426546,84.63564
R,0.1933961,0.8681526,0.02069468,-0.00451549,-0.04075692,0.04964658,0.007782846,0.0001298463,-0.02014222,84.65073
R,0.1933239,0.8675001,0.0214889,-0.004875765,-0.04408425,0.05365959,-0.0243412,-0.2248039,0.271131,84.66553
R,0.1926661,0.86895,0.02106639,-0.02573694,0.05673041,-0.01653109,-0.8162137,3.944471,-2.746279,84.69109
R,0.1918421,0.8686733,0.0210509,-0.02924452,-0.009820099,-0.0005496304,-0.1244572,-2.361372,0.5670605,84.71927
R,0.1919657,0.8684427,0.02092796,0.007701052,-0.01437307,-0.00766251,2.303772,-0.2839043,-0.4435296,84.73531
R,0.1916803,0.868416,0.02092063,-0.01093225,-0.001022794,-0.0002807403,-0.7137066,0.5113522,0.2827421,84.76141
R,0.1907338,0.8683339,0.0209561,-0.06159811,-0.005341515,0.002308305,-3.297357,-0.2810643,0.1684962,84.77678
R,0.1899969,0.8682504,0.02100637,-0.02779564,-0.00314973,0.001896288,1.274614,0.0826472,-0.01553622,84.8033
R,0.1892197,0.869139,0.02084097,-0.02896534,0.03311594,-0.006164395,-0.04360486,1.351938,-0.300492,84.83012
R,0.1883246,0.8701074,0.02065525,-0.05889182,0.06371972,-0.0122199,-1.969138,2.013704,-0.3984474,84.84532
R,0.1878436,0.8706073,0.02055772,-0.02635821,0.02738948,-0.005344557,1.782711,-1.990752,0.3767412,84.86357
R,0.1879352,0.8706906,0.02073351,0.002544567,0.002314447,0.004882606,0.8026153,-0.6963208,0.2840031,84.89958
R,0.1870906,0.8714945,0.02072481,-0.02868852,0.02730427,-0.0002954488,-1.061115,0.8490064,-0.1759196,84.92902
R,0.1856061,0.8720909,0.0208789,-0.05363126,0.02154682,0.005567119,-0.9011288,-0.2080045,0.2118022,84.9567
R,0.1841447,0.8716977,0.02119961,-0.1223929,-0.03293231,0.02685984,-5.755254,-4.559827,1.78217,84.96864
R,0.1833191,0.8714441,0.02137819,-0.02930269,-0.008999289,0.006338203,3.304854,0.8496611,-0.7285513,84.99681
R,0.1817756,0.8722079,0.02258008,-0.05366276,0.02655628,0.04178619,-0.8469291,1.236164,1.232424,85.02557
R,0.1780098,0.8732067,0.02308328,-0.125821,0.0333709,0.01681247,-2.410276,0.2276264,-0.8341885,85.05551
R,0.1767562,0.8742363,0.02424026,-0.04789056,0.03933119,0.04419927,2.977987,0.2277628,1.046543,85.08168
R,0.1768518,0.8740051,0.02470179,0.003405231,-0.008234969,0.01643863,1.827022,-1.694183,-0.9887618,85.10976
R,0.1773609,0.8733865,0.02676811,0.0191914,-0.02331841,0.07789371,0.5949182,-0.5684351,2.315998,85.13629
R,0.1773997,0.8732463,0.0294989,0.001387565,-0.005005448,0.09750202,-0.6358542,0.6540373,0.7002999,85.16429
R,0.1765076,0.873584,0.03014524,-0.03160262,0.01196368,0.02289643,-1.168673,0.6011291,-2.642893,85.19252
R,0.1746337,0.8744824,0.03147963,-0.0651002,0.03120859,0.04635631,-1.16338,0.6683806,0.8147675,85.22131
R,0.1728475,0.875456,0.03392036,-0.06887883,0.03754321,0.09411905,-0.1457541,0.2443472,1.842366,85.24724
R,0.1731244,0.8746355,0.03587063,0.01571974,-0.04657725,0.1107083,4.800218,-4.77309,0.9412934,85.26486
R,0.1732687,0.8741747,0.03700864,0.005959093,-0.01903266,0.04700965,-0.4033251,1.138186,-2.632128,85.28906
R,0.1714931,0.8771504,0.03770389,-0.06346724,0.1063625,0.02485095,-2.480875,4.48086,-0.7918172,85.31705
R,0.1709985,0.8771963,0.03874061,-0.03010969,0.002790438,0.06311415,2.03171,-6.30827,2.330499,85.33347
R,0.1702115,0.8770663,0.04073022,-0.03109808,-0.005136889,0.07861976,-0.03904469,-0.3131557,0.6125228,85.35878
R,0.1668638,0.8847928,0.05035459,-0.2420205,0.5585959,0.6957997,-15.25719,40.77792,44.64404,85.3726
R,0.1690181,0.8856883,0.05835205,0.1497979,0.0622679,0.5560971,27.23034,-34.49348,-9.708958,85.38699
R,0.1706463,0.8861893,0.06424293,0.05940991,0.01828064,0.2149582,-3.298257,-1.605094,-12.44815,85.4144
R,0.1669667,0.8868279,0.07500271,-0.2792596,0.04847188,0.8166217,-25.71847,2.292715,45.69017,85.42757
R,0.165657,0.8872775,0.08001188,-0.04387219,0.01505998,0.1677901,7.88265,-1.118898,-21.72807,85.45743
R,0.1605073,0.8930363,0.09239127,-0.1933471,0.2162167,0.4647928,-5.613745,7.554732,11.15437,85.48405
R,0.1561035,0.897968,0.09357141,-0.1609661,0.1802583,0.04313514,1.183556,-1.314317,-15.41202,85.51141
R,0.1579019,0.8926951,0.09465575,0.1128428,-0.3308439,0.06803588,17.17162,-32.0532,1.561622,85.52736
R,0.1587189,0.8899016,0.09588636,0.0318898,-0.1090377,0.0480339,-3.159817,8.657708,-0.7807322,85.55298
R,0.1528554,0.8993858,0.1033419,-0.2100982,0.3398331,0.2671424,-8.670816,16.08376,7.85101,85.58089
R,0.1456994,0.9104495,0.1043806,-0.5353636,0.8277103,0.0777142,-24.33401,36.49945,-14.17165,85.59425
R,0.142773,0.9149978,0.1052728,-0.2053395,0.3191373,0.06259724,23.15681,-35.68505,-1.060712,85.60851
R,0.1513557,0.9154286,0.119034,0.6191288,0.03107801,0.9926873,59.507,-20.79103,67.13038,85.62236
R,0.1573519,0.9163741,0.129808,0.1985192,0.03130328,0.3566986,-13.92175,0.007456092,-21.05058,85.65257
R,0.1473825,0.9318748,0.151225,-0.2516774,0.3913141,0.5406722,-11.36521,9.088471,4.644411,85.69218
R,0.13269,0.9529318,0.1913635,-1.043214,1.495116,2.849963,-56.20169,78.37353,163.9671,85.70627
R,0.129595,0.9581879,0.2155396,-0.2214355,0.3760533,1.729699,58.79485,-80.0643,-80.15022,85.72025
R,0.1269444,0.9619022,0.2325836,-0.09534187,0.1336015,0.6130593,4.535497,-8.720815,-40.16471,85.74805
R,0.1150293,0.9727452,0.2782597,-0.4311812,0.3923829,1.652918,-12.15327,9.364716,37.63012,85.77568
R,0.10619,0.9758209,0.3073591,-0.6175795,0.2148937,2.033107,-13.02324,-12.40078,26.56302,85.78999
R,0.1018108,0.9783924,0.3227206,-0.1434246,0.08422156,0.5031137,15.52934,-4.279726,-50.10977,85.82053
R,0.1098268,0.9595893,0.3247561,0.3168465,-0.7432336,0.08045744,18.1932,-32.70694,-16.70639,85.84583
R,0.1146601,0.9448854,0.3324949,0.318351,-0.9684752,0.5097224,0.09909508,-14.83561,28.27368,85.86101
R,0.1157737,0.939575,0.3393086,0.04404256,-0.2100346,0.2694888,-10.84917,29.99708,-9.501478,85.88629
R,0.1178807,0.9390358,0.3391651,0.07537362,-0.01928604,-0.005135482,1.120804,6.823635,-9.824114,85.91425
R,0.1142918,0.9480456,0.3291175,-0.2452552,0.6157089,-0.6866283,-21.91108,43.39419,-46.57176,85.92888
R,0.1129009,0.9510202,0.3274746,-0.09349259,0.1999399,-0.1104287,10.20094,-27.9465,38.73007,85.94376
R,0.1109639,0.9552007,0.3157833,-0.07449613,0.1607821,-0.4496497,0.7306057,-1.506014,-13.04647,85.96976
R,0.1104433,0.9582841,0.3081809,-0.01866634,0.110546,-0.272555,2.001565,-1.801023,6.34906,85.99765
R,0.1113818,0.9582664,0.3080517,0.07348779,-0.001390756,-0.01011331,7.215547,-8.764503,20.54884,86.01042
R,0.1118117,0.9582226,0.3078708,0.02237755,-0.002277353,-0.009419679,-2.660493,-0.04615095,0.03610649,86.02963
R,0.1121551,0.9582285,0.3077218,0.01316588,0.0002262836,-0.005711948,-0.3532453,0.09600839,0.1421825,86.05571
R,0.1159342,0.9563504,0.3055249,0.1501033,-0.07459517,-0.08725734,5.438988,-2.971817,-3.238884,86.08089
R,0.1200315,0.9533901,0.3030078,0.3491846,-0.2522909,-0.2145187,16.96618,-15.14365,-10.84551,86.09262
R,0.1216925,0.9522228,0.3019828,0.114942,-0.08077729,-0.07093329,-16.21048,11.8694,9.936652,86.10707
R,0.1229299,0.9513386,0.3011898,0.08421203,-0.06017166,-0.05396547,-2.091298,1.402295,1.154728,86.12177
R,0.1236598,0.9519417,0.2999462,0.02654413,0.02193093,-0.04522969,-2.097294,2.985946,0.317707,86.14926
R,0.1254257,0.9536175,0.2988221,0.06443736,0.06115152,-0.04101563,1.382723,1.431158,0.1537712,86.17667
R,0.1267058,0.9544258,0.2977512,0.08887132,0.0561151,-0.07434496,1.696297,-0.3496466,-2.313846,86.19107
R,0.1273877,0.9547647,0.2971854,0.04232233,0.02103308,-0.03511741,-2.888859,-2.177212,2.434485,86.20718
R,0.1280357,0.9550472,0.2966515,0.0250826,0.01093427,-0.02066644,-0.6673498,-0.3909249,0.5593968,86.23302
R,0.128734,0.9580985,0.2937648,0.02296171,0.1003375,-0.09492305,-0.06974135,2.939855,-2.441787,86.26343
R,0.1293472,0.9601462,0.2920973,0.0235307,0.07856868,-0.06398428,0.02183193,-0.8352705,1.187121,86.28949
R,0.1268979,0.9643081,0.2822274,-0.09198715,0.156306,-0.3706762,-4.33844,2.919536,-11.51826,86.31612
R,0.1235705,0.9691104,0.2713459,-0.1103572,0.1592726,-0.3608982,-0.6092626,0.09839115,0.3242998,86.34627
R,0.1204803,0.9719948,0.2618295,-0.1213421,0.1132602,-0.3736741,-0.4313393,-1.806752,-0.5016688,86.37173
R,0.1204358,0.973493,0.2543835,-0.001560411,0.05250878,-0.2609521,4.197869,-2.129093,3.950454,86.40027
R,0.1222672,0.9724291,0.2377772,0.06519576,-0.03787429,-0.5911513,2.376389,-3.21746,-11.75445,86.42836
R,0.1241585,0.9697764,0.2169965,0.07018531,-0.09844148,-0.7711697,0.1851614,-2.24764,-6.680457,86.45531
R,0.1259385,0.9677031,0.1996594,0.109429,-0.1274625,-1.065858,2.412643,-1.784165,-18.11699,86.47157
R,0.1266079,0.9669977,0.1915683,0.02394604,-0.02523284,-0.2894415,-3.057977,3.657053,27.7747,86.49953
R,0.1346792,0.9593902,0.1782092,0.3062895,-0.2886893,-0.5069501,10.71434,-9.997615,-8.253993,86.52588
R,0.1380152,0.9526336,0.1521764,0.1212589,-0.2455933,-0.946249,-6.725546,1.566467,-15.96777,86.55339
R,0.1369459,0.9410855,0.1314337,-0.03282211,-0.3544807,-0.6367188,-4.729675,-3.342412,9.501347,86.58597
R,0.1350654,0.9269279,0.1141295,-0.05370115,-0.4042824,-0.4941372,-0.5962218,-1.422136,4.071557,86.62099
R,0.1333076,0.9109131,0.0842922,-0.1252176,-1.140816,-2.125456,-5.094459,-52.46681,-116.2066,86.63503
R,0.1328579,0.9055015,0.07469551,-0.03202806,-0.3854917,-0.6836177,6.638337,53.80537,102.709,86.64906
R,0.1283161,0.9000417,0.06749448,-0.2912488,-0.3501101,-0.4617679,-16.62259,2.268853,14.22617,86.66466
R,0.1249591,0.8948468,0.05972203,-0.2835077,-0.4387282,-0.6564114,0.6537633,-7.484123,-16.43835,86.6765
R,0.1223366,0.8897998,0.05158532,-0.166381,-0.3201953,-0.5162125,7.430798,7.520015,8.894554,86.69226
R,0.1141995,0.8848484,0.03554173,-0.2994211,-0.1821966,-0.5903608,-4.895518,5.077979,-2.728457,86.71944
R,0.1079814,0.8786771,0.02690329,-0.4839772,-0.4803342,-0.6723624,-14.36469,-23.20516,-6.382488,86.73228
R,0.1050938,0.8747175,0.0204511,-0.1868179,-0.2561659,-0.4174242,19.22471,14.50256,16.49322,86.74774
R,0.1059754,0.8771641,0.02116387,0.06626458,0.183876,0.05356885,19.02066,33.07177,35.39793,86.76105
R,0.1063602,0.8783703,0.0207572,0.02725929,0.08545608,-0.02881189,-2.763515,-6.973022,-5.836653,86.77516
R,0.1065558,0.8792398,0.01931546,0.01460284,0.06490248,-0.1076155,-0.9447078,-1.53417,-5.882091,86.78856
R,0.09193064,0.8812231,0.01487391,-0.9691371,0.1314262,-0.2943187,-65.18744,4.408186,-12.37187,86.80365
R,0.08124304,0.8819457,0.01011264,-0.401849,0.0271667,-0.1790214,21.32977,-3.920108,4.335124,86.83025
R,0.06531098,0.8823096,0.01368446,-0.5643908,0.01289274,0.1265313,-5.758021,-0.5056533,10.82416,86.85847
R,0.05208572,0.872476,0.008297105,-0.8358061,-0.6214591,-0.3404685,-17.15282,-40.08957,-29.5133,86.8743
R,0.04588142,0.8681756,0.004791082,-0.4982907,-0.3453824,-0.2815818,27.10712,22.17275,4.729413,86.88675
R,0.04205062,0.8665286,0.00392559,-0.2926051,-0.1258058,-0.06610826,15.71074,16.77176,16.45836,86.89984
R,0.03797332,0.864564,0.002279476,-0.1409335,-0.06790612,-0.0568986,5.242589,2.001327,0.3183354,86.92877
R,0.03207805,0.8685094,0.008045259,-0.2139271,0.1431686,0.2092284,-2.648785,7.659464,9.657196,86.95633
R,0.02706837,0.8634934,0.01442185,-0.3448682,-0.3452969,0.4389668,-9.014034,-33.62613,15.81528,86.97086
R,0.02378527,0.8607893,0.01635544,-0.2306119,-0.1899451,0.1358195,8.02562,10.91226,-21.29374,86.98509
R,0.02034943,0.8769585,0.0370081,-0.2429035,1.143115,1.460078,-0.8689752,94.24321,93.62094,86.99924
R,0.01684292,0.8885447,0.0525161,-0.1229548,0.4062667,0.543784,4.205969,-25.83741,-32.12962,87.02776
R,0.02523902,0.9287016,0.1246699,0.3075722,1.471056,2.643193,15.77139,39.00616,76.90714,87.05505
R,0.02452658,0.9760054,0.2341712,-0.05385314,3.57567,8.277134,-27.31992,159.0865,425.8661,87.06828
R,0.02347016,0.9967157,0.29065,-0.03850579,0.7548752,2.058618,0.5594018,-102.8162,-226.6611,87.09572
R,0.05272414,1.024545,0.3434662,0.9315786,0.8862177,1.681907,30.89186,4.182537,-11.99615,87.12712
R,0.08978512,1.005948,0.3817219,1.524688,-0.7651002,1.573839,24.40053,-67.9352,-4.44594,87.15143
R,0.1058651,0.9913451,0.3862841,1.340735,-1.217552,0.3803872,-15.33786,-37.72506,-99.50895,87.16342
R,0.1138316,0.9869627,0.3943305,0.5846515,-0.3216161,0.5905196,-55.48791,65.75149,15.42132,87.17705
R,0.1205107,0.9840013,0.4036613,0.4462005,-0.197837,0.6233455,-9.249261,8.269095,2.192943,87.19202
R,0.1018647,0.9814407,0.364798,-1.374564,-0.1887699,-2.864953,-134.2246,0.6684203,-257.1531,87.20558
R,0.09046633,0.9793959,0.3434678,-0.7576095,-0.1359066,-1.417745,41.00686,3.513638,96.19091,87.22063
R,0.06375523,0.9771538,0.3013111,-0.9321291,-0.07824356,-1.471131,-6.09016,2.012249,-1.862986,87.24928
R,0.00784909,0.97097,0.2336334,-2.114175,-0.2338498,-2.559336,-44.70082,-5.884484,-41.15212,87.27573
R,-0.01689681,0.9595445,0.1802973,-1.638129,-0.7563407,-3.530738,31.51328,-34.58784,-64.30486,87.29083
R,-0.02500657,0.9522008,0.1597332,-0.2753789,-0.2493665,-0.6982837,46.27418,17.21506,96.18018,87.32028
R,-0.0304692,0.9307255,0.1099124,-0.2176285,-0.8555685,-1.984837,2.300746,-24.15079,-51.25568,87.34538
R,-0.03284747,0.906095,0.07531825,-0.142993,-1.480902,-2.079966,4.48744,-37.59806,-5.71956,87.36201
R,-0.03237415,0.8931918,0.0597754,0.01892574,-0.5159396,-0.6214865,6.47438,38.58438,58.31781,87.38702
R,-0.02144725,0.8768305,0.03303178,0.6932288,-1.037996,-1.696679,42.7794,-33.12052,-68.21282,87.40279
R,-0.01865779,0.8685805,0.01883956,0.2098854,-0.6207529,-1.067854,-36.36784,31.39432,47.31422,87.41608
R,-0.01040662,0.8681267,0.001456377,0.6258664,-0.03441479,-1.318547,31.55293,44.47483,-19.01551,87.42926
R,-0.004725835,0.8657919,-0.01517774,0.4308984,-0.1771014,-1.261729,-14.78868,-10.82305,4.309769,87.44244
R,-0.0007688645,0.8622794,-0.03142297,0.2657008,-0.2358599,-1.090827,-11.09261,-3.945485,11.47562,87.45734
R,0.006592458,0.8655441,-0.03718185,0.268465,0.1190656,-0.2100243,0.1008082,12.94402,32.1226,87.48476
R,0.01793228,0.8710055,-0.04368747,0.4140202,0.1993972,-0.2375223,5.314265,2.93293,-1.003962,87.51215
R,0.02542418,0.8811459,-0.04110252,0.4818349,0.6521674,0.1662487,4.361435,29.11948,25.96814,87.52769
R,0.02844673,0.8905545,-0.0336977,0.2358159,0.7340495,0.5777166,-19.19417,6.388361,32.10233,87.54051
R,0.03107076,0.8959526,-0.03183413,0.1969858,0.4052387,0.1398982,-2.914966,-24.68378,-32.86698,87.55383
R,0.02989119,0.911338,-0.009528073,-0.08895765,1.160296,1.682221,-21.56455,56.94293,116.3149,87.56709
R,0.02967696,0.9229612,0.005734566,-0.01376427,0.7467984,0.9806395,4.831249,-26.5676,-45.07727,87.58266
R,0.02549491,0.9431216,0.05504239,-0.158792,0.7654892,1.872212,-5.506684,0.7096882,33.85288,87.60899
R,0.02441601,0.971154,0.1257566,-0.06818386,1.771584,4.468973,5.726223,63.58287,164.1093,87.62482
R,0.02598201,0.9864849,0.1851127,0.1162274,1.137851,4.405396,13.68695,-47.03547,-4.718679,87.63829
R,0.02728343,0.9976301,0.219416,0.04990647,0.4273904,1.315449,-2.543246,-27.24445,-118.492,87.66437
R,0.0402085,0.9983099,0.2848207,0.8564784,0.04504629,4.334037,53.44742,-25.336,200.0265,87.67946
R,0.04586969,1.001459,0.3277963,0.4437939,0.24686,3.368958,-32.3513,15.82065,-75.65475,87.69221
R,0.05838366,1.005716,0.3643187,0.8463526,0.2878934,2.470103,27.2261,2.775196,-60.79197,87.707
R,0.0683289,1.010459,0.3973572,0.7146617,0.3408803,2.374135,-9.463264,3.807615,-6.89621,87.72092
R,0.08634897,0.9959169,0.3908754,1.358991,-1.096721,-0.4888252,48.59238,-108.4173,-215.9113,87.73418
R,0.1008919,0.9871295,0.3922557,0.4765425,-0.2879453,0.04522851,-28.91608,26.50197,17.49987,87.76469
R,0.05133777,0.9587851,0.2525368,-1.999741,-1.143829,-5.63831,-99.92963,-34.53891,-229.3574,87.78947
R,0.01906756,0.9382367,0.1957763,-2.245075,-1.429576,-3.948891,-17.06815,-19.87972,117.5348,87.80385
R,0.007512497,0.9305587,0.1751651,-0.3788256,-0.2517196,-0.6757275,61.18384,38.61529,107.3087,87.83435
R,-0.01139183,0.8981256,0.1226892,-1.309634,-2.246866,-3.63537,-64.48359,-138.2177,-205.035,87.84879
R,-0.01980252,0.8862224,0.1039474,-0.3392019,-0.4800553,-0.7558528,39.13739,71.2552,116.1305,87.87358
R,-0.01307819,0.867132,0.04995852,0.5094631,-1.446365,-4.090425,64.29839,-73.21162,-252.641,87.88678
R,-0.004961263,0.8556819,0.03156744,0.5335518,-0.7526525,-1.208905,1.58343,45.59993,189.4115,87.90199
R,-0.001119141,0.8452855,0.01369748,0.1434742,-0.3882278,-0.6673081,-14.56645,13.60851,20.22455,87.92877
R,0.008832972,0.8381978,-0.01586759,0.6005725,-0.4277128,-1.78414,27.58415,-2.382769,-67.39658,87.94534
R,0.0121085,0.8325522,-0.03107654,0.1301791,-0.2243737,-0.6044476,-18.69478,8.081282,46.88436,87.9705
R,0.02387991,0.826466,-0.04491495,0.7737722,-0.4000674,-0.9096429,42.30544,-11.54891,-20.06146,87.98572
R,0.0323659,0.8341502,-0.04784307,0.2980372,0.2698787,-0.1028389,-16.70834,23.52925,28.33585,88.01419
R,0.0323659,0.8341502,-0.04784307,0,0,0,-11.48276,-10.39787,3.962171,88.04015
R,0.0323659,0.8341502,-0.04784307,0,0,0,0,0,0,88.056
R,0.0323659,0.8341502,-0.04784307,0,0,0,0,0,0,88.08144
R,0.0323659,0.8341502,-0.04784307,0,0,0,0,0,0,88.09456
R,0.0323659,0.8341502,-0.04784307,0,0,0,0,0,0,88.10895
R,0.0323659,0.8341502,-0.04784307,0,0,0,0,0,0,88.12384
R,0.0323659,0.8341502,-0.04784307,0,0,0,0,0,0,88.15273
R,0.0323659,0.8341502,-0.04784307,0,0,0,0,0,0,88.17867
R,0.0323659,0.8341502,-0.04784307,0,0,0,0,0,0,88.19209
R,0.0323659,0.8341502,-0.04784307,0,0,0,0,0,0,88.20569
R,0.0323659,0.8341502,-0.04784307,0,0,0,0,0,0,88.22047
R,0.0323659,0.8341502,-0.04784307,0,0,0,0,0,0,88.23355
R,0.0323659,0.8341502,-0.04784307,0,0,0,0,0,0,88.24966
R,0.0323659,0.8341502,-0.04784307,0,0,0,0,0,0,88.27592
R,0.0323659,0.8341502,-0.04784307,0,0,0,0,0,0,88.29118
R,0.0323659,0.8341502,-0.04784307,0,0,0,0,0,0,88.30351
R,0.0323659,0.8341502,-0.04784307,0,0,0,0,0,0,88.33221
R,0.0323659,0.8341502,-0.04784307,0,0,0,0,0,0,88.36012
R,0.0323659,0.8341502,-0.04784307,0,0,0,0,0,0,88.39011
R,0.0323659,0.8341502,-0.04784307,0,0,0,0,0,0,88.4184
R,0.0323659,0.8341502,-0.04784307,0,0,0,0,0,0,88.4446
R,0.0323659,0.8341502,-0.04784307,0,0,0,0,0,0,88.46333
R,0.0323659,0.8341502,-0.04784307,0,0,0,0,0,0,88.49857
R,0.0323659,0.8341502,-0.04784307,0,0,0,0,0,0,88.51297
R,0.0323659,0.8341502,-0.04784307,0,0,0,0,0,0,88.53891
R,0.0323659,0.8341502,-0.04784307,0,0,0,0,0,0,88.55623
R,0.0323659,0.8341502,-0.04784307,0,0,0,0,0,0,88.59409
R,0.0323659,0.8341502,-0.04784307,0,0,0,0,0,0,88.62215
R,0.0323659,0.8341502,-0.04784307,0,0,0,0,0,0,88.64883
R,0.0323659,0.8341502,-0.04784307,0,0,0,0,0,0,88.67665
R,0.0323659,0.8341502,-0.04784307,0,0,0,0,0,0,88.69197
R,0.0323659,0.8341502,-0.04784307,0,0,0,0,0,0,88.71762
R,0.0323659,0.8341502,-0.04784307,0,0,0,0,0,0,88.74577
R,0.0323659,0.8341502,-0.04784307,0,0,0,0,0,0,88.76045
R,0.0323659,0.8341502,-0.04784307,0,0,0,0,0,0,88.7742
R,0.0323659,0.8341502,-0.04784307,0,0,0,0,0,0,88.80118
R,0.1170132,0.9123187,0.03834115,5.926755,5.473132,6.034369,414.9742,383.2128,422.5089,88.81546
R,0.1170079,0.9123299,0.03837289,-0.0001215987,0.0002565749,0.000730621,-136.4327,-125.9819,-138.8902,88.8589
R,0.09232325,0.9590214,0.1565053,-1.789526,3.38493,8.564075,-129.7239,245.3738,620.8046,88.8727
R,0.0861431,0.9791723,0.2235532,-0.2334423,0.7611604,2.532596,58.77781,-99.10741,-227.8266,88.89917
R,0.07761611,0.999487,0.2737184,-0.6154457,1.466238,3.620737,-27.57156,50.88981,78.53787,88.91302
R,0.0736348,1.010045,0.3037921,-0.1342178,0.3559148,1.01384,16.22312,-37.43113,-87.88354,88.94269
R,0.07156306,0.9669814,0.3007598,-0.08283919,-1.721898,-0.1212475,2.054393,-83.0821,-45.38686,88.9677
R,0.05411715,0.9527106,0.2754644,-1.212444,-0.9917774,-1.75796,-78.50455,50.74147,-113.7471,88.98209
R,0.04238199,0.9502063,0.2617101,-0.2757531,-0.05884726,-0.3231991,22.0104,21.92202,33.71404,89.02464
R,0.002745006,0.9428867,0.1692628,-1.476776,-0.2727091,-3.444358,-44.74716,-7.967965,-116.2867,89.05148
R,-0.00440987,0.9295934,0.1298928,-0.4750779,-0.8826621,-2.614141,66.51196,-40.50039,55.12571,89.06654
R,-0.003712882,0.9208901,0.1114546,0.05286779,-0.6601653,-1.398571,40.04566,16.87679,92.20319,89.07973
R,-0.009749432,0.902465,0.08568716,-0.4824528,-1.472571,-2.05938,-42.78387,-64.92901,-52.81313,89.09224
R,-0.01579118,0.888537,0.06447012,-0.4341578,-1.000861,-1.524649,3.470461,33.89689,38.42559,89.10616
R,-0.02182024,0.8770383,0.04552905,-0.3979061,-0.7588903,-1.250072,2.392545,15.96957,18.12152,89.12131
R,-0.01691701,0.8736444,0.02357783,0.1180956,-0.0817427,-0.5287009,12.42803,16.30928,17.37442,89.16283
R,-8.727913E-05,0.8685851,-0.01119876,1.316174,-0.395664,-2.719712,93.696,-24.55029,-171.3486,89.17561
R,0.004015391,0.8648473,-0.02078464,0.1438591,-0.1310652,-0.3361263,-41.10691,9.278086,83.57981,89.20413
R,0.005490031,0.871076,-0.02364512,0.1059671,0.4475954,-0.2055533,-2.722906,41.58235,9.382928,89.21805
R,0.005076218,0.8821989,-0.0182245,-0.01380835,0.3711534,0.1808785,-3.996742,-2.550765,12.8947,89.24802
R,0.001460726,0.9164487,0.02677347,-0.1388892,1.315708,1.728597,-4.80498,36.28507,59.45562,89.27405
R,0.002377731,0.9671749,0.09136068,0.03019943,1.67055,2.127029,5.568538,11.68589,13.12142,89.30441
R,0.002811955,1.003564,0.1486408,0.01637357,1.372134,2.159901,-0.5213417,-11.25257,1.239544,89.33093
R,0.006393692,1.027867,0.2063804,0.1419182,0.9629638,2.2878,4.974422,-16.21245,5.067677,89.35617
R,0.0115415,1.050786,0.2592403,0.3237685,1.441496,3.324598,11.43737,30.09703,65.20887,89.37207
R,0.01353163,1.063993,0.2882512,0.07440116,0.4937295,1.084574,-9.322611,-35.43231,-83.74344,89.39882
R,0.02111641,1.085066,0.3172228,0.2764604,0.7681104,1.055995,7.364936,10.00102,-1.041665,89.42625
R,0.02773675,1.098053,0.3362997,0.4472898,0.8774243,1.288889,11.54173,7.385563,15.73499,89.44106
R,0.02836238,1.089611,0.3080094,0.02276581,-0.3072078,-1.029443,-15.44786,-43.10719,-84.36105,89.46854
R,0.01117564,1.0718,0.2424156,-0.6250556,-0.6477308,-2.385548,-23.56028,-12.38431,-49.31947,89.49603
R,-0.0216241,1.045505,0.1753259,-2.184516,-1.751326,-4.468284,-103.8626,-73.50122,-138.7136,89.51105
R,-0.03625323,1.033469,0.1529319,-0.9549153,-0.7856621,-1.461763,80.26206,63.03361,196.2503,89.52637
R,-0.04875766,1.024219,0.1289028,-0.4866332,-0.3599503,-0.9351398,18.22408,16.56737,20.49454,89.55206
R,-0.04239044,0.97776,0.0690409,0.4127421,-3.011638,-3.880423,58.30015,-171.8902,-190.922,89.56749
R,-0.04224822,0.9621795,0.04735928,0.005013748,-0.5492641,-0.7643501,-14.37379,86.80695,109.8521,89.59586
R,-0.02877084,0.9250165,0.01609259,0.5298461,-1.461015,-1.22921,20.63312,-35.84433,-18.2754,89.62129
R,-0.01695333,0.8990911,-0.01664735,0.8780869,-1.926361,-2.432703,25.87564,-34.57705,-89.42417,89.63475
R,-0.01311034,0.8869568,-0.03269663,0.2173028,-0.686135,-0.9075115,-37.36423,70.12897,86.24244,89.65244
R,-0.007540942,0.882592,-0.04793254,0.2350265,-0.1841949,-0.6429495,0.7479318,21.18168,11.16441,89.67613
R,0.0001326861,0.8824141,-0.06519568,0.512117,-0.01186991,-1.152095,18.49227,11.5005,-33.97897,89.69112
R,0.003617107,0.878808,-0.07662448,0.2278992,-0.2358603,-0.7475026,-18.58932,-14.65014,26.46243,89.70641
R,0.006332958,0.8741477,-0.0886631,0.1024675,-0.1758307,-0.4542103,-4.732467,2.264882,11.06575,89.73291
R,-0.1003583,0.8664449,-0.06699047,-7.422631,-0.5358861,1.507789,-523.5295,-25.04946,136.4985,89.74728
R,-0.1472007,0.8638617,-0.05923876,-3.48848,-0.1923784,0.5772913,292.9869,25.58196,-69.29671,89.76071
R,-0.1671711,0.8604143,-0.05725705,-1.507813,-0.2602877,0.1496233,149.545,-5.127309,-32.28992,89.77396
R,-0.1671711,0.8604143,-0.05725705,0,0,0,99.6129,17.19578,-9.884792,89.78909
R,-0.01677415,0.9793394,0.08382092,5.593879,4.423309,5.247268,208.0593,164.521,195.1674,89.81598
R,-0.01677415,0.9793394,0.08382092,0,0,0,-378.7195,-299.469,-355.2531,89.83075
R,-0.01677415,0.9793394,0.08382092,0,0,0,0,0,0,89.85904
R,-0.01118932,1.035471,0.1822971,0.4580816,4.604056,8.077269,37.57301,377.6363,662.518,89.87123
R,-0.008973978,1.064348,0.2458677,0.1649827,2.150559,4.734274,-21.82788,-182.7186,-248.9619,89.88466
R,0.004444994,1.090648,0.289267,0.9355593,1.833585,3.025762,53.72395,-22.09914,-119.116,89.899
R,0.01470881,1.112381,0.3252832,0.7626409,1.614876,2.67614,-12.84851,-16.25097,-25.97823,89.91246
R,0.0423976,1.11233,0.3489942,0.9490651,-0.001748823,0.8127227,6.389904,-55.41166,-63.87077,89.94164
R,0.06577647,1.105222,0.3670444,1.665389,-0.5063774,1.285802,51.0272,-35.94711,33.69968,89.95567
R,0.06941772,1.100079,0.368799,0.2669265,-0.3769487,0.1286222,-102.5164,9.48796,-84.82875,89.96931
R,0.07340981,1.098375,0.3748488,0.2675112,-0.1142398,0.4053993,0.03918033,17.60418,18.54689,89.98424
R,0.05451664,1.075437,0.3339364,-1.475784,-1.791698,-3.19575,-136.1723,-131.0297,-281.2931,89.99704
R,0.04270113,1.060676,0.3114989,-0.9207388,-1.150314,-1.748467,43.25262,49.98065,112.7814,90.00987
R,0.01922249,1.037533,0.1855763,-1.658078,-1.63437,-8.89274,-52.0714,-34.18437,-504.5335,90.02403
R,0.003486395,1.021507,0.2063203,-0.567261,-0.5777082,0.747788,39.32221,38.09097,347.5256,90.05177
R,-0.007040279,0.9788453,0.1425222,-0.7331308,-2.971153,-4.443229,-11.55201,-166.6916,-361.5287,90.06613
R,-0.01187607,0.9639104,0.1221064,-0.1570456,-0.4850215,-0.663017,18.70878,80.73892,122.7651,90.09692
R,-0.002936782,0.9256209,0.08378349,0.6423737,-2.751473,-2.753869,57.446,-162.8664,-150.2479,90.11084
R,0.003796891,0.8958649,0.07013381,0.5441406,-2.404545,-1.103016,-7.938112,28.03491,133.4036,90.12321
R,0.00805064,0.8715371,0.05595938,0.1657394,-0.9478857,-0.5522799,-14.7437,56.75601,21.4584,90.14888
R,0.01794545,0.8380719,0.02273158,0.3505222,-1.185503,-1.177091,6.545904,-8.417544,-22.13384,90.17711
R,0.02253232,0.8201212,-0.008566196,0.3118314,-1.220351,-2.127729,-2.630331,-2.369092,-64.62764,90.19182
R,0.02444521,0.8087119,-0.02398219,0.06519151,-0.3888293,-0.5253783,-8.405507,28.33832,54.60825,90.22116
R,0.0374608,0.8199941,-0.04769571,0.5150904,0.4464919,-0.9384597,17.8047,33.05774,-16.34765,90.24643
R,0.03960689,0.8161579,-0.05422726,0.1554099,-0.277797,-0.4729854,-26.04643,-52.44972,33.70754,90.26024
R,0.04095387,0.8114456,-0.06146317,0.09138239,-0.3196979,-0.4909033,-4.343799,-2.842668,-1.215604,90.27498
R,0.04240847,0.8061846,-0.06964214,0.09192777,-0.3324795,-0.5168921,0.03446691,-0.8077707,-1.642427,90.2908
R,0.01955383,0.8122419,-0.07082868,-0.8979626,0.2379909,-0.04661944,-38.89296,22.41388,18.47709,90.31625
R,0.03376258,0.8068356,-0.03039844,0.8662181,-0.3295894,2.464778,107.551,-34.6018,153.1041,90.33266
R,0.03970954,0.8027005,-0.01427692,0.412423,-0.2867725,1.118032,-31.47081,2.969364,-93.39722,90.34708
R,0.03105053,0.7950903,-0.003539359,-0.3406222,-0.299365,0.422387,-29.62279,-0.4953575,-27.36481,90.3725
R,0.03101499,0.7851552,0.005315029,-0.001302903,-0.3641508,0.324542,12.43715,-2.374607,-3.586337,90.39978
R,0.04211541,0.7697685,0.004511536,0.3855207,-0.5343841,-0.0279055,13.43448,-5.912249,-12.24059,90.42857
R,0.05361183,0.7559791,0.003203447,0.4327566,-0.5190713,-0.04924005,1.778087,0.5764176,-0.8030908,90.45514
R,0.06422581,0.7464098,0.00412413,0.6194102,-0.5584477,0.05372917,10.89273,-2.297925,6.009075,90.47227
R,0.06933362,0.7409279,0.004663773,0.2143058,-0.2299986,0.02264154,-16.99675,13.78056,-1.304327,90.49611
R,0.06864818,0.7194161,-0.003115127,-0.03655077,-1.147112,-0.4148071,-13.37684,-48.90476,-23.3268,90.51486
R,0.06922749,0.7201187,-0.004069344,0.01520438,0.01844088,-0.02504429,1.35836,30.59098,10.22968,90.55296
R,0.06915776,0.7233253,-0.008064416,-0.001719272,0.07906262,-0.09850302,-0.4172718,1.494698,-1.811208,90.59352
R,0.0718026,0.7241282,-0.01317898,0.09113172,0.02766414,-0.1762291,3.199307,-1.771005,-2.678158,90.62254
R,0.07809363,0.7250782,-0.01449817,0.2165384,0.03269843,-0.04540686,4.316518,0.1732812,4.502923,90.6516
R,0.08440997,0.7266279,-0.01506579,0.242642,0.05953482,-0.02180515,1.002772,1.03092,0.9066597,90.67763
R,0.09035082,0.7204,-0.0163695,0.1859312,-0.1949152,-0.04080244,-1.774882,-7.963531,-0.5945589,90.70958
R,0.101369,0.7270864,-0.01104429,0.08100583,0.0491581,0.03915114,-0.7714143,1.794434,0.5878212,90.8456
R,0.1019092,0.7203625,-0.01387217,0.0133493,-0.1661585,-0.06988221,-1.671922,-5.320886,-2.694423,90.88606
R,0.1097072,0.7239595,-0.0114281,0.2623476,0.1210115,0.08222514,8.376979,9.661178,5.117304,90.91579
R,0.1124543,0.7268053,-0.009667305,0.06539546,0.06774428,0.04191614,-4.688506,-1.268043,-0.9595678,90.95779
R,0.1129995,0.7282229,-0.009067376,0.01412272,0.03672184,0.0155403,-1.328146,-0.8035915,-0.6832282,90.9964
R,0.1128523,0.7286723,-0.009006807,-0.005071502,0.01548329,0.002087004,-0.6613629,-0.7318031,-0.4635516,91.02542
R,0.1124391,0.7286965,-0.009236834,-0.03200955,0.001879248,-0.01781924,-2.086775,-1.053847,-1.542051,91.03833
R,0.1121618,0.728691,-0.009403156,-0.01866347,-0.0003689682,-0.01119105,0.8979964,-0.1512722,0.4459801,91.05319
R,0.1120643,0.7284407,-0.009528358,-0.007129669,-0.01831055,-0.00915759,0.8436154,-1.312298,0.1487333,91.06686
R,0.1119309,0.7280713,-0.009710125,-0.009799564,-0.02714231,-0.01335459,-0.1961595,-0.6488769,-0.3083571,91.08047
R,0.1101027,0.7245986,-0.009803521,-0.1316621,-0.2500902,-0.006726208,-8.776244,-16.05617,0.4773599,91.09436
R,0.108236,0.7210177,-0.009903104,-0.06725584,-0.1290158,-0.00358782,2.320466,4.362139,0.1130717,91.12212
R,0.1052362,0.7051291,-0.01099381,-0.1821981,-0.9650356,-0.06624696,-6.981333,-50.77794,-3.805773,91.13858
R,0.1040125,0.6992457,-0.01142457,-0.0975618,-0.4690731,-0.03434378,6.747843,39.54184,2.54356,91.15112
R,0.1021511,0.6988126,-0.01032479,-0.1511639,-0.03517077,0.08931296,-4.352994,35.23696,10.04209,91.16344
R,0.1007916,0.6980852,-0.00959977,-0.04739263,-0.0253553,0.02527381,3.617422,0.3421631,-2.232378,91.19212
R,0.09867071,0.6930835,-0.008811459,-0.07258154,-0.1711733,0.02697795,-0.8620265,-4.99025,0.05831978,91.22134
R,0.09769037,0.6920862,-0.008965262,-0.07037026,-0.07158321,-0.01104014,0.1587283,7.148671,-2.728975,91.23528
R,0.0970549,0.6912534,-0.009053631,-0.02419872,-0.03171303,-0.003365091,1.758221,1.518264,0.2922674,91.26154
R,0.09603692,0.6919996,-0.01050541,-0.06323636,0.04634923,-0.0901837,-2.424996,4.849184,-5.393122,91.27763
R,0.09521618,0.6923204,-0.01155172,-0.02068754,0.008087439,-0.02637336,1.072492,-0.9644327,1.608413,91.31731
R,0.09437311,0.6917487,-0.01504868,-0.0312865,-0.02121673,-0.1297718,-0.3933258,-1.087474,-3.8371,91.34425
R,0.09354833,0.6914635,-0.01781866,-0.01983587,-0.006857798,-0.06661782,0.2753866,0.3453311,1.518847,91.38583
R,0.09329429,0.6920234,-0.0184363,-0.01512164,0.03332553,-0.03676412,0.2806099,2.391875,1.777014,91.40263
R,0.09313623,0.6922078,-0.0187647,-0.006339289,0.007396535,-0.01317172,0.35224,-1.039953,0.9462373,91.42757
R,0.09316771,0.6919804,-0.0186383,0.002305015,-0.01665503,0.009256067,0.6329756,-1.761165,1.642265,91.44122
R,0.09317721,0.691813,-0.01856899,0.0003322084,-0.005853122,0.002423753,-0.06899138,0.3777554,-0.2389341,91.46982
R,0.09337719,0.6920239,-0.01825932,0.01418394,0.01495705,0.02196354,0.9824533,1.475991,1.385887,91.48392
R,0.09347127,0.6926972,-0.01805815,0.003457951,0.02474762,0.007394325,-0.3942446,0.3598624,-0.5355065,91.51112
R,0.09401935,0.6968607,-0.01707926,0.01955331,0.1485353,0.03492234,0.5742109,4.416195,0.9820774,91.53915
R,0.095116,0.7056952,-0.01598505,0.07786525,0.6272811,0.07769279,4.140337,33.99251,3.036841,91.55324
R,0.09570479,0.7109835,-0.01568649,0.0346386,0.3111079,0.01756399,-2.543,-18.60029,-3.537344,91.57024
R,0.09609617,0.7145113,-0.01548687,0.01625407,0.1465141,0.008290493,-0.7635288,-6.835755,-0.3851381,91.59431
R,0.09726397,0.7167835,-0.01519968,0.07841517,0.1525679,0.01928442,4.173965,0.4064981,0.7382151,91.60921
R,0.09778087,0.7180527,-0.0150634,0.03573364,0.08774228,0.00942066,-2.950609,-4.481445,-0.6818896,91.62367
R,0.09781946,0.7193393,-0.01480736,0.00137015,0.04567519,0.009089808,-1.21996,-1.49345,-0.0117458,91.65184
R,0.0972247,0.7189049,-0.01451615,-0.02202148,-0.01608183,0.01078229,-0.8660984,-2.286615,0.06266586,91.67885
R,0.09586268,0.7183444,-0.01345743,-0.03320748,-0.01366461,0.0258126,-0.2727253,0.05893421,0.3664533,91.71986
R,0.09445497,0.7181908,-0.01198005,-0.09909277,-0.01081247,0.1039979,-4.637872,0.2007712,5.50371,91.73407
R,0.09346296,0.7182992,-0.01088429,-0.03589878,0.003921349,0.0396529,2.286848,0.5331835,-2.328502,91.7617
R,0.09228848,0.7213131,-0.006753427,-0.04040457,0.1036827,0.1421104,-0.1550085,3.432002,3.524753,91.79077
R,0.09020186,0.7280746,-0.002224531,-0.1268539,0.4110585,0.27533,-5.255608,18.68662,8.098961,91.80722
R,0.08903495,0.7382571,0.00131624,-0.03903757,0.3406433,0.1184523,2.937791,-2.355655,-5.248158,91.83711
R,0.08831829,0.7513525,0.004384072,-0.04645627,0.8488888,0.1988659,-0.4809015,32.94597,5.212647,91.85254
R,0.08909892,0.7596399,0.007874907,0.02814063,0.2987465,0.1258391,2.689099,-19.83175,-2.6325,91.88028
R,0.09086055,0.7841097,0.01244061,0.1185315,1.64646,0.3072049,6.081989,90.6815,12.20328,91.89514
R,0.09144153,0.7961406,0.01467821,0.03430198,0.7103181,0.1321116,-4.973034,-55.27118,-10.33776,91.91208
R,0.09180786,0.8050525,0.01654879,0.01358704,0.3305346,0.06937753,-0.7682932,-14.08573,-2.326736,91.93904
R,0.09285998,0.826581,0.02159365,0.03862811,0.7904149,0.1852211,0.9193789,16.88443,4.253178,91.96628
R,0.09468736,0.8499176,0.03118971,0.06383757,0.8152381,0.3352278,0.8806647,0.8671709,5.240322,91.9949
R,0.0985687,0.8692411,0.04248055,0.2630483,1.3096,0.7652087,13.50101,33.50411,29.14087,92.00966
R,0.1001163,0.8797511,0.04764697,0.09399573,0.6383587,0.3137967,-10.26787,-40.76964,-27.41773,92.02612
R,0.0965965,0.8850631,0.05502063,-0.1396316,0.2107294,0.2925183,-9.26816,-16.96435,-0.8441307,92.05133
R,0.08638564,0.9017293,0.07039722,-0.7118922,1.161956,1.072042,-39.89753,66.31868,54.34776,92.06567
R,0.08281314,0.91192,0.07821588,-0.0865216,0.246804,0.1893584,15.14571,-22.16385,-21.37753,92.10696
R,0.07788722,0.9318609,0.1084727,-0.3501358,1.41741,2.150663,-18.73776,83.20695,139.41,92.12103
R,0.07296991,0.9514967,0.118116,-0.3691418,1.474052,0.7239175,-1.426777,4.252166,-107.1056,92.13435
R,0.06923675,0.9667636,0.1244731,-0.1319616,0.539663,0.2247168,8.383948,-33.0292,-17.64596,92.16264
R,0.05601485,0.9793764,0.1392263,-0.4719556,0.4502123,0.5266142,-12.13608,-3.192939,10.77623,92.19066
R,0.04798885,0.9916267,0.151861,-0.6239525,0.9523558,0.9822388,-11.81645,39.03734,35.42089,92.20352
R,0.03877368,1.00107,0.1558465,-0.6404296,0.6563121,0.2769834,-1.145111,-20.57425,-49.01339,92.21791
R,0.03145994,1.009666,0.1598785,-0.5109954,0.600563,0.281707,9.043277,-3.895064,0.3300344,92.23222
R,0.02509291,1.018196,0.1644786,-0.2275186,0.304794,0.1643772,10.12974,-10.56899,-4.192655,92.26021
R,0.02297604,1.018521,0.1977223,-0.07564419,0.01163355,1.18793,5.427065,-10.47577,36.57556,92.28819
R,0.02383976,1.019681,0.2356188,0.06234015,0.08373486,2.735221,9.959187,5.203999,111.6776,92.30205
R,0.02293507,1.022439,0.2540728,-0.06768269,0.2062999,1.3806,-9.72737,9.169436,-101.343,92.31541
R,0.02843382,1.010641,0.2246072,0.3964424,-0.8505569,-2.124376,33.46193,-76.19601,-252.6975,92.32928
R,0.0243368,1.024875,0.2753643,-0.2739821,0.9518256,3.394303,-44.83361,120.5316,369.0532,92.34424
R,0.03539696,1.034045,0.3171253,0.7853075,0.6511207,2.965161,75.21301,-21.35102,-30.47048,92.35832
R,0.04338391,1.041579,0.3502145,0.4661025,0.4396427,1.931021,-18.62816,-12.34142,-60.35029,92.37546
R,0.0492396,1.048154,0.3778417,0.2209315,0.2480705,1.042359,-9.250158,-7.227908,-33.52871,92.40196
R,0.05699917,1.025485,0.3625903,0.3152706,-0.9210032,-0.6196662,3.832985,-47.49933,-67.5279,92.42657
R,0.06015538,1.011861,0.3470499,0.1089805,-0.4704212,-0.5365928,-7.122987,15.55814,2.868439,92.45554
R,0.04004576,1.00341,0.3141746,-1.248015,-0.5245177,-2.040263,-84.21597,-3.357261,-93.31869,92.47165
R,0.02424033,0.9958979,0.2916384,-0.6665538,-0.3167934,-0.9504039,24.52166,8.760244,45.96203,92.49536
R,0.008398476,0.9808878,0.2537994,-0.5359895,-0.5078488,-1.280237,4.417481,-6.464125,-11.15948,92.52492
R,0.00478761,0.9573317,0.2277375,-0.1339229,-0.8736669,-0.9666051,14.91219,-13.56777,11.63223,92.55188
R,0.004138303,0.9342037,0.2081849,-0.04502964,-1.603931,-1.355978,6.164769,-50.64401,-27.00313,92.5663
R,0.002848363,0.9242403,0.1989643,-0.04816949,-0.3720597,-0.3443193,-0.1172498,46.00109,37.77783,92.59308
R,-0.004220547,0.9056859,0.1687378,-0.3983389,-1.045555,-1.703291,-19.73233,-37.95201,-76.57919,92.61082
R,-0.005474679,0.9011495,0.1601414,-0.0530263,-0.1918044,-0.3634665,14.60026,36.09768,56.64952,92.63448
R,-0.003320034,0.8875512,0.1433196,0.1632449,-1.030261,-1.27449,16.3856,-63.52496,-69.02291,92.64767
R,-0.0004786822,0.8790441,0.1345535,0.1852844,-0.5547536,-0.5716379,1.437196,31.00782,45.83293,92.66301
R,0.0009525814,0.8710365,0.1259171,0.05162316,-0.2888196,-0.3114992,-4.820926,9.591773,9.382746,92.69073
R,0.01137038,0.8632886,0.1043735,0.3852941,-0.2865472,-0.7967716,12.34055,0.08404059,-17.94741,92.71777
R,0.02000482,0.8602101,0.0873556,0.6000704,-0.213949,-1.182701,14.92638,5.045386,-26.82103,92.73216
R,0.02478028,0.860638,0.07943975,0.1718639,0.01539762,-0.2848836,-15.41073,8.25396,32.31155,92.75995
R,0.03418612,0.8554893,0.06959026,0.5712898,-0.3127172,-0.5982355,24.26022,-19.92895,-19.03228,92.77641
R,0.04044065,0.8554128,0.06200872,0.1558541,-0.001907082,-0.1889217,-10.35209,7.744964,10.19954,92.81654
R,0.05293934,0.836744,0.05232221,0.4518005,-0.6748375,-0.3501461,10.69782,-24.32497,-5.827913,92.84421
R,0.06259611,0.8242368,0.04342378,0.5732481,-0.7424529,-0.5282316,7.209416,-4.013803,-10.57157,92.86105
R,0.06726822,0.8180853,0.03818521,0.1883096,-0.2479364,-0.2111406,-15.51496,19.93151,12.78037,92.88586
R,0.07240847,0.8093886,0.03027698,0.1992144,-0.3370486,-0.3064897,0.4226246,-3.453614,-3.695325,92.91167
R,0.07863357,0.7998875,0.02507268,0.4512923,-0.6887833,-0.3772884,18.27453,-25.49921,-5.132594,92.92546
R,0.08224751,0.7946975,0.02149292,0.1254466,-0.1801572,-0.1242602,-11.31071,17.65536,8.78308,92.95427
R,0.08196467,0.781597,0.01619465,-0.02193625,-1.016036,-0.4109203,-11.43063,-64.82861,-22.23261,92.96716
R,0.08304729,0.7750883,0.01272844,0.07547893,-0.4537816,-0.2416608,6.791704,39.19992,11.80063,92.98151
R,0.08491389,0.7709764,0.009527578,0.1449403,-0.319285,-0.2485449,5.393623,10.44356,-0.5345488,92.99438
R,0.08693733,0.7664731,0.006162907,0.1354529,-0.3014635,-0.2252371,-0.6351008,1.193002,1.56027,93.00932
R,0.08718964,0.7655645,0.003516703,0.009279261,-0.03341356,-0.09731853,-4.640244,9.857982,4.704416,93.03651
R,0.08807994,0.759298,0.001649428,0.06432877,-0.4527891,-0.1349214,3.977645,-30.30231,-2.717027,93.05035
R,0.0887739,0.7536316,0.001893161,0.02421698,-0.1977399,0.008505475,-1.399769,8.900375,5.005126,93.07901
R,0.08874926,0.7504596,0.0008311098,-0.001634358,-0.2104038,-0.07044796,-1.714771,-0.8400207,-5.237138,93.09409
R,0.0891342,0.74782,-0.0003321907,0.02781427,-0.1907258,-0.08405519,2.127834,1.421848,-0.9832008,93.10793
R,0.08816177,0.7491226,-0.001709449,-0.03503545,0.04692869,-0.04962065,-2.264386,8.562354,1.240628,93.13568
R,0.08771492,0.7499324,-0.005126247,-0.01732821,0.03140486,-0.132499,0.686664,-0.6019936,-3.213913,93.16147
R,0.08974677,0.7477279,-0.008635367,0.1441122,-0.1563599,-0.2488893,11.45039,-13.31748,-8.255148,93.17557
R,0.09168755,0.744137,-0.008168546,0.06614193,-0.1223755,0.01590932,-2.657233,1.158191,9.02436,93.20491
R,0.09440049,0.7415127,-0.00660653,0.1030098,-0.09964558,0.05930952,1.399869,0.8630527,1.6479,93.23125
R,0.0952945,0.7446569,-0.004355332,0.06340892,0.2230071,0.1596694,-2.808748,22.8846,7.118168,93.24535
R,0.09508917,0.7465631,-0.00370809,-0.006990412,0.06489448,0.02203513,-2.396722,-5.382894,-4.685715,93.27472
R,0.1000895,0.7362075,-0.0006464868,0.1909698,-0.3954919,0.1169261,7.560325,-17.58268,3.623996,93.3009
R,0.1024357,0.7323551,0.001075368,0.08196124,-0.1345782,0.06015109,-3.808093,9.114732,-1.983374,93.32953
R,0.09987902,0.7390466,0.001430446,-0.1701073,0.4452133,0.02362482,-16.77113,38.57586,-2.430239,93.34456
R,0.09996931,0.7385879,0.001340617,0.003454454,-0.0175519,-0.003436697,6.64013,-17.70448,-1.03532,93.3707
R,0.1015085,0.7392974,0.001891818,0.05449704,0.02512156,0.01951567,1.8072,1.510885,0.8126452,93.39894
R,0.1046448,0.7429605,0.002780481,0.1066637,0.1245804,0.03022286,1.774155,3.382529,0.3641446,93.42834
R,0.106804,0.7398793,0.0006099424,0.1632076,-0.2329062,-0.1640697,4.274116,-27.02219,-14.68646,93.44157
R,0.106906,0.741106,0.0001210373,0.002458819,0.02955538,-0.01177974,-3.8731,6.32378,3.669292,93.48308
R,0.1086,0.7399464,-0.002414021,0.1257277,-0.08606137,-0.1881513,9.148982,-8.58104,-13.09024,93.49655
R,0.1102115,0.7387282,-0.004519719,0.1157992,-0.08754369,-0.1513147,-0.7134592,-0.1065192,2.64706,93.51047
R,0.1112691,0.7371982,-0.007604335,0.06376226,-0.09224068,-0.1859737,-3.137345,-0.2831852,-2.089617,93.52705
R,0.1122534,0.7358144,-0.01019639,0.0375914,-0.05285047,-0.09899369,-0.9994949,1.504357,3.321867,93.55324
R,0.1165086,0.7362518,-0.01129927,0.1528907,0.01571495,-0.03962597,4.142682,2.463543,2.133072,93.58107
R,0.1211088,0.7351937,-0.0130813,0.3658726,-0.08415504,-0.1417325,16.9393,-7.943057,-8.120941,93.59364
R,0.1233717,0.7345524,-0.01403748,0.1598048,-0.04528809,-0.067526,-14.55265,2.744811,5.240516,93.6078
R,0.1252858,0.7339419,-0.01490524,0.06915344,-0.02205718,-0.0313504,-3.275042,0.8392838,1.306948,93.63548
R,0.1253851,0.736846,-0.01462522,0.006959183,0.2035553,0.01962754,-4.359318,15.81363,3.573144,93.64975
R,0.1249616,0.7377084,-0.01461204,-0.0309419,0.06301387,0.0009630218,-2.769103,-10.26814,-1.363654,93.66344
R,0.1246667,0.7384248,-0.01466372,-0.01774447,0.04311223,-0.003110327,0.7942209,-1.19768,-0.2451341,93.68005
R,0.1248979,0.7384746,-0.0148442,0.008986287,0.00193459,-0.007015314,1.039043,-1.600604,-0.1517896,93.70578
R,0.1255363,0.7371472,-0.01567205,0.02205322,-0.04585777,-0.02860007,0.4514257,-1.651091,-0.7456925,93.73473
R,0.1257872,0.7356306,-0.01690177,0.009420528,-0.056927,-0.04615747,-0.4741673,-0.4154827,-0.6590158,93.76137
R,0.1234837,0.7409149,-0.01913524,-0.08235784,0.1889321,-0.07985397,-3.281389,8.7903,-1.204765,93.78934
R,0.1216939,0.7445397,-0.02213353,-0.1167167,0.2363728,-0.1955185,-2.240541,3.093609,-7.542479,93.80467
R,0.1209978,0.746034,-0.02345118,-0.02484676,0.05334074,-0.04703344,3.279297,-6.533329,5.300173,93.83269
R,0.1222487,0.7442389,-0.02601761,0.1013307,-0.1454245,-0.2079031,10.22147,-16.10171,-13.03183,93.84503
R,0.1243691,0.7485808,-0.02781842,0.07945556,0.1626956,-0.06747717,-0.8196748,11.54543,5.261837,93.87172
R,0.1294117,0.750027,-0.03231356,0.327846,0.09402514,-0.2922555,16.14932,-4.464673,-14.61416,93.8871
R,0.1328602,0.7469366,-0.035287,0.2351758,-0.2107546,-0.2027759,-6.319705,-20.78465,6.102112,93.90176
R,0.1354505,0.7447768,-0.03771273,0.1018343,-0.08490646,-0.09536467,-5.24215,4.94756,4.222739,93.9272
R,0.14796,0.7445343,-0.04006031,0.4157304,-0.008062088,-0.07801754,10.43179,2.553789,0.5765017,93.95729
R,0.1579129,0.7367682,-0.04141607,0.8319802,-0.6491749,-0.1133308,34.79508,-53.5918,-2.951897,93.96925
R,0.1622499,0.7337849,-0.04233129,0.1589667,-0.109351,-0.03354585,-24.66813,19.7863,2.924376,93.99654
R,0.1642469,0.7338774,-0.04083587,0.120844,0.005601483,0.09049299,-2.306934,6.956162,7.506011,94.01306
R,0.1643166,0.7277993,-0.03927077,0.002530185,-0.2208071,0.05685743,-4.298122,-8.225006,-1.221918,94.04059
R,0.1625484,0.7202608,-0.03749134,-0.0649187,-0.2767748,0.06533148,-2.476376,-2.054846,0.3111235,94.06783
R,0.1586207,0.7178473,-0.03702137,-0.2615868,-0.1607398,0.03130062,-13.09841,7.728117,-2.266511,94.08284
R,0.1566078,0.7167889,-0.03701796,-0.07723591,-0.04061082,0.0001306467,7.073546,4.609352,-1.195992,94.1089
R,0.1529388,0.7166383,-0.03430653,-0.1350107,-0.005542445,0.0997736,-2.125957,1.290422,3.666592,94.13608
R,0.1460054,0.7230801,-0.03053429,-0.472829,0.4393007,0.2572499,-23.03773,30.33636,10.7392,94.15074
R,0.1419268,0.7286916,-0.02984035,-0.2822523,0.3883357,0.04802326,13.18863,-3.52697,-14.47928,94.16519
R,0.1391328,0.7320451,-0.0293194,-0.09797132,0.1175909,0.01826692,6.461766,-9.493597,-1.043398,94.19371
R,0.1386266,0.7326479,-0.02531863,-0.01970881,0.02347231,0.15579,3.047541,-3.664976,5.355147,94.21939
R,0.1359535,0.7378115,-0.0209577,-0.09552261,0.184516,0.1558333,-2.709124,5.754722,0.001546313,94.24738
R,0.1316267,0.7392709,-0.01585353,-0.1520437,0.05128184,0.1793601,-1.986148,-4.681841,0.8267316,94.27583
R,0.1258762,0.7457029,-0.01112104,-0.2020704,0.22602,0.1662997,-1.757936,6.14029,-0.4589435,94.30429
R,0.1197375,0.7566794,-0.004036007,-0.2322784,0.4153323,0.2680857,-1.143019,7.16326,3.851414,94.33072
R,0.1130917,0.7699258,0.005644406,-0.2203043,0.4391083,0.3208981,0.3969329,0.7881585,1.750691,94.36089
R,0.1078511,0.7899358,0.01875801,-0.2076479,0.7928507,0.5195969,0.5014772,14.01624,7.872988,94.38612
R,0.1042831,0.8117211,0.03307312,-0.1253093,0.7651247,0.5027624,2.891825,-0.9737678,-0.5912442,94.4146
R,0.09854491,0.836428,0.04604638,-0.2047148,0.8814346,0.4628284,-2.832834,4.14942,-1.424668,94.44263
R,0.08826301,0.8589914,0.06342811,-0.7332263,1.609043,1.239531,-37.68937,51.88746,55.38846,94.45665
R,0.08161666,0.8719254,0.07626034,-0.2373704,0.4619295,0.458296,17.70922,-40.96854,-27.90138,94.48465
R,0.05878289,0.8979006,0.1203347,-0.8730652,0.9931834,1.685214,-24.30624,20.31287,46.91206,94.5108
R,0.0334214,0.9212418,0.1731564,-0.8864484,0.8158333,1.846253,-0.4677771,-6.198835,5.628742,94.53941
R,0.007966011,0.9435753,0.2475999,-0.9299021,0.8158554,2.719471,-1.587392,0.0008056369,31.89921,94.56679
R,-0.01468553,0.9612648,0.3195143,-0.7776279,0.6072817,2.468823,5.227575,-7.160338,-8.604751,94.59592
R,-0.01487989,0.9396639,0.3651535,-0.00722889,-0.8034261,1.697507,28.6543,-52.47,-28.68838,94.6228
R,-0.002303563,0.9128053,0.389486,0.9007674,-1.923719,1.742789,65.03436,-80.23992,3.243289,94.63676
R,0.0002145772,0.9041984,0.4068285,0.08877289,-0.3034225,0.6113838,-28.62554,57.12091,-39.88585,94.66513
R,-0.01506014,0.9091566,0.3598623,-0.5387749,0.1748877,-1.656608,-22.13508,16.87112,-79.99738,94.69348
R,-0.03988614,0.9197523,0.3214584,-0.9244301,0.3945446,-1.43002,-14.3604,8.179222,8.437314,94.72034
R,-0.06251572,0.9273584,0.2957009,-0.8374094,0.2814662,-0.9531603,3.220208,-4.184476,17.64625,94.74736
R,-0.06550026,0.9332093,0.248725,-0.1977702,0.3877062,-3.112852,42.38564,7.039985,-143.1118,94.76245
R,-0.06901517,0.9359663,0.2335143,-0.130143,0.1020811,-0.5631913,2.503965,-10.57555,94.40369,94.78946
R,-0.05463461,0.9127142,0.1937568,0.4939435,-0.7986623,-1.365591,21.43612,-30.93874,-27.56082,94.81857
R,-0.04522137,0.8921924,0.1673497,0.3152307,-0.6872365,-0.8843225,-5.984731,3.731425,16.1167,94.84843
R,-0.03558282,0.8751894,0.1315385,0.3851656,-0.6794541,-1.431051,2.794668,0.3109947,-21.84781,94.87346
R,-0.02653452,0.8599225,0.09916242,0.6355729,-1.072385,-2.274164,17.58916,-27.60034,-59.22216,94.8877
R,-0.02433062,0.8528323,0.08493314,0.05395408,-0.173575,-0.348349,-14.23869,22.00389,47.14615,94.92854
R,-0.01351218,0.8448223,0.06754766,0.3715917,-0.2751286,-0.5971567,10.91022,-3.488165,-8.546049,94.95766
R,-0.00476211,0.8410832,0.0531579,0.3225222,-0.1378216,-0.5303978,-1.808673,5.06105,2.460691,94.98479
R,-0.003818243,0.8460342,0.04074137,0.03524631,0.1848825,-0.4636634,-10.72759,12.05056,2.492027,95.01157
R,-0.002437483,0.8434638,0.03347648,0.04785272,-0.08907944,-0.2517779,0.436898,-9.494641,7.343272,95.04042
R,-0.001998985,0.8403363,0.03254184,0.027162,-0.1937286,-0.05789456,-1.281651,-6.482312,12.00977,95.05656
R,-0.00260938,0.8420597,0.03342352,-0.02609446,0.07367346,0.0376921,-2.276722,11.43148,4.086345,95.07996
R,-0.003923424,0.8501824,0.03868072,-0.08476101,0.5239488,0.3391097,-3.784223,29.04453,19.44262,95.09546
R,-0.004369136,0.8563193,0.04245133,-0.01689428,0.2326128,0.1429214,2.57242,-11.0428,-7.436318,95.12184
R,-0.001315395,0.8768487,0.05454022,0.2037983,1.370075,0.8067796,14.72842,75.91115,44.30409,95.13683
R,0.0001560124,0.8858151,0.05847055,0.05307109,0.323404,0.14176,-5.436467,-37.7516,-23.98609,95.16455
R,-0.001346125,0.9005941,0.08285229,-0.05539902,0.5450483,0.8992018,-4.000392,8.174273,27.93456,95.19167
R,-0.004766943,0.9172153,0.1102261,-0.174058,0.8457243,1.392835,-6.037607,15.299,25.11704,95.21132
R,-0.005856366,0.9251827,0.1218376,-0.02795475,0.2044434,0.2979517,3.749032,-16.45536,-28.09486,95.25029
R,-0.0276519,0.9603505,0.1929016,-0.8152921,1.315501,2.658247,-29.45145,41.56066,88.29014,95.27702
R,-0.03644414,0.9820836,0.2541904,-0.201683,0.4985302,1.40589,14.07542,-18.74029,-28.7275,95.32062
R,-0.008757364,0.9877582,0.3502293,0.6997611,0.143421,2.427304,22.78328,-8.975101,25.81543,95.36018
R,0.02077469,0.9956313,0.4266061,1.082446,0.2885731,2.799457,14.02662,5.320296,13.64062,95.38747
R,0.0366004,0.9714839,0.4195311,0.5823436,-0.8885589,-0.2603403,-18.4024,-43.31528,-112.5923,95.41464
R,0.02803821,0.9602839,0.3866342,-0.3066295,-0.401095,-1.178105,-31.83593,17.45707,-32.867,95.44257
R,-0.0002915164,0.9493363,0.344022,-1.091486,-0.4217854,-1.641757,-30.23887,-0.7971586,-17.86356,95.46852
R,-0.0217077,0.9384989,0.315821,-1.448432,-0.7329681,-1.90731,-24.14124,-21.04609,-17.96005,95.48331
R,-0.03269294,0.9292539,0.2825932,-0.3881019,-0.3266172,-1.173918,37.46081,14.35612,25.91031,95.51161
R,-0.0327923,0.9108669,0.2220039,-0.0033792,-0.6253325,-2.060603,13.08417,-10.15911,-30.15557,95.54102
R,-0.01534152,0.8821681,0.1725721,0.5603402,-0.9215094,-1.587241,18.10089,-9.510168,15.19953,95.57216
R,0.003354344,0.8541964,0.133985,0.7930436,-1.186509,-1.636793,9.870838,-11.24078,-2.101896,95.59573
R,0.01795017,0.8315883,0.1011829,1.02305,-1.584647,-2.299168,16.12163,-27.90626,-46.4272,95.61
R,0.0241039,0.8208672,0.085177,0.2375092,-0.413791,-0.6177626,-30.31874,45.19033,64.89552,95.63591
R,0.03576093,0.8151727,0.05311587,0.4209121,-0.2056172,-1.157663,6.622309,7.516737,-19.49471,95.6636
R,0.04815929,0.8183748,0.01881812,0.6891761,0.1779912,-1.906477,14.91175,21.32329,-41.62367,95.68159
R,0.05433029,0.8167387,0.002310432,0.2561259,-0.06790542,-0.6851476,-17.97364,-10.20588,50.69098,95.70569
R,0.06239981,0.8043827,-0.007018001,0.5968897,-0.9139479,-0.6900092,25.20575,-62.58041,-0.3595999,95.71921
R,0.06495179,0.7995698,-0.006115093,0.1642894,-0.3098447,0.05812666,-27.8496,38.89048,48.1629,95.73474
R,0.06766303,0.7948898,-0.009041466,0.1032444,-0.1782144,-0.1114368,-2.324604,5.012504,-6.457008,95.761
R,0.0726236,0.7757179,-0.01082322,0.361218,-1.396059,-0.1297434,18.78506,-88.68074,-1.333044,95.77473
R,0.07609597,0.7673507,-0.01564154,0.1278455,-0.3080627,-0.1774007,-8.592304,40.05783,-1.754645,95.8019
R,0.08019188,0.7641248,-0.00659198,0.1466829,-0.1155247,0.3240829,0.6746061,6.895175,17.95914,95.82982
R,0.08473425,0.7568896,-0.006474983,0.156596,-0.2494287,0.004033409,0.3417491,-4.616274,-11.03354,95.85883
R,0.0886959,0.7523088,-0.007915865,0.1395112,-0.161317,-0.05074132,-0.6016486,3.102897,-1.928918,95.88722
R,0.09239966,0.7516833,-0.008814516,0.1405498,-0.02373607,-0.03410194,0.03941196,5.220906,0.6314294,95.91357
R,0.09658598,0.753382,-0.01177702,0.2863831,0.1162089,-0.2026623,9.976336,9.573522,-11.53108,95.92819
R,0.09863133,0.7565144,-0.01405581,0.1595761,0.2443824,-0.1777891,-9.893357,9.999978,1.940587,95.94101
R,0.09896008,0.7566996,-0.01500024,0.01150289,0.006481914,-0.03304566,-5.181061,-8.324105,5.064552,95.96959
R,0.09976117,0.7563512,-0.01520307,0.04807692,-0.02091203,-0.01217271,2.194978,-1.644038,1.252683,95.98625
R,0.100648,0.7558698,-0.01564042,0.03172415,-0.01721991,-0.01564519,-0.5849864,0.1320779,-0.1242206,96.01421
R,0.1014954,0.7574261,-0.01408031,0.03585226,0.06584389,0.06600607,0.1746545,3.514312,3.45455,96.03784
R,0.1054294,0.7574561,-0.01145952,0.1371385,0.00104513,0.09135947,3.530794,-2.258857,0.8838086,96.06653
R,0.1116755,0.7573553,-0.009962768,0.3489733,-0.005631261,0.08362441,11.8353,-0.3730127,-0.432161,96.08443
R,0.1143604,0.7584221,-0.01029404,0.1080151,0.04291839,-0.01332743,-9.693948,1.953192,-3.900452,96.10928
R,0.1205784,0.7609789,-0.01165037,0.4231573,0.1740046,-0.0923036,21.44669,8.920938,-5.374643,96.12398
R,0.1251437,0.7628147,-0.01273343,0.172745,0.06946224,-0.04098098,-9.475184,-3.955708,1.941962,96.15041
R,0.1319611,0.7670829,-0.01300435,0.250719,0.156969,-0.00996363,2.867622,3.218206,1.140715,96.1776
R,0.1383761,0.7601109,-0.01156064,0.2250637,-0.2446028,0.05065032,-0.900078,-14.08855,2.12655,96.2061
R,0.1399734,0.7559299,-0.01019997,0.05854514,-0.153246,0.0498731,-6.103445,3.348521,-0.02848799,96.23338
R,0.1420734,0.7493124,-0.009781832,0.06840111,-0.2155485,0.01361976,0.3210344,-2.029351,-1.180864,96.26408
R,0.1430554,0.7437133,-0.009893107,0.0356743,-0.2034043,-0.004042429,-1.188905,0.4411756,-0.6416347,96.29161
R,0.14281,0.7430288,-0.009443753,-0.009783446,-0.0272891,0.01791293,-1.812116,7.020612,0.8752227,96.3167
R,0.1426068,0.7430708,-0.008430665,-0.007140164,0.001476625,0.03559986,0.09288477,1.010826,0.6215178,96.34515
R,0.1416712,0.7436579,-0.007819056,-0.05387913,0.03381069,0.03522184,-2.691639,1.862078,-0.02176928,96.36252
R,0.1411781,0.7439559,-0.007458757,-0.02071564,0.01252003,0.01513623,1.393207,-0.8944259,-0.8438018,96.38632
R,0.139792,0.7477202,-0.009548599,-0.04974639,0.1351015,-0.0750054,-1.041927,4.399506,-3.235226,96.41418
R,0.1374095,0.7518976,-0.01330559,-0.0842637,0.1477461,-0.1328756,-1.220791,0.4472071,-2.046724,96.44246
R,0.1367823,0.7533399,-0.01459535,-0.02205229,0.0507079,-0.04534624,2.187278,-3.411745,3.077426,96.4709
R,0.1376731,0.752654,-0.01369086,0.05712317,-0.04398545,0.05800042,5.077146,-6.072234,6.62713,96.4865
R,0.1376901,0.7527367,-0.01365478,0.0004443165,0.00216011,0.0009420813,-1.479883,1.204859,-1.489791,96.5248
R,0.137664,0.7523713,-0.01317865,-0.00178849,-0.02507363,0.03267407,-0.1532243,-1.86889,2.177578,96.53937
R,0.1373037,0.7520988,-0.01245042,-0.01266337,-0.009576072,0.02558993,-0.3821428,0.5445832,-0.2489362,96.56783
R,0.135343,0.7525937,-0.009680619,-0.07625939,0.01924842,0.1077281,-2.473489,1.121093,3.194662,96.59354
R,0.1348894,0.7522635,-0.001896059,-0.0159035,-0.01157872,0.2729636,2.116364,-1.080946,5.79394,96.62206
R,0.1369675,0.7502185,0.007912489,0.1347106,-0.1325652,0.635819,9.763247,-7.842701,23.52136,96.63748
R,0.1376955,0.7495063,0.01175044,0.02706014,-0.02647299,0.1426681,-4.001689,3.943767,-18.3319,96.66438
R,0.1343264,0.7622511,0.01615442,-0.1247434,0.4718882,0.1630619,-5.620678,18.45232,0.755098,96.69139
R,0.1356803,0.7831239,0.03250459,0.04937754,0.7612231,0.5962853,6.350135,10.55195,15.79952,96.71881
R,0.1402978,0.807022,0.05290589,0.3396311,1.757786,1.500583,21.34911,73.30051,66.51412,96.73241
R,0.1421364,0.8176453,0.062336,0.1246021,0.7199659,0.6391016,-14.57305,-70.33566,-58.38477,96.74716
R,0.1446795,0.8389329,0.07591346,0.1686933,1.412054,0.9006199,2.924654,45.90758,17.34703,96.76224
R,0.1467986,0.8565708,0.08759783,0.1558609,1.297327,0.8594243,-0.9438614,-8.438587,-3.030075,96.77583
R,0.1438389,0.8759497,0.1048345,-0.1054151,0.6902238,0.6139256,-9.305972,-21.62342,-8.744024,96.80391
R,0.1383604,0.9071283,0.1406341,-0.4367907,2.485796,2.854209,-26.41975,143.1565,178.6122,96.81645
R,0.1353668,0.9266033,0.1693788,-0.1993746,1.297062,1.914443,15.8123,-79.17165,-62.59,96.83147
R,0.1333146,0.9416347,0.189487,-0.1494358,1.094553,1.464239,3.636432,-14.74622,-32.7828,96.8452
R,0.1281154,0.9621131,0.218822,-0.3350387,1.319644,1.89036,-11.96035,14.50499,27.45943,96.86072
R,0.1241393,0.9807302,0.244549,-0.09626158,0.4507166,0.6228459,5.780753,-21.03659,-30.68629,96.90202
R,0.1067145,1.002173,0.3136504,-0.4501195,0.5539192,1.785035,-9.140888,2.665938,30.02176,96.94073
R,0.1048752,0.9721129,0.3535501,-0.06547371,-1.070092,1.420349,13.69264,-57.81162,-12.98208,96.96883
R,0.09802431,0.9689726,0.3570754,-0.2343327,-0.1074137,0.120581,-5.775753,32.92801,-44.45805,96.99806
R,0.08303145,0.9683026,0.3160372,-0.568289,-0.02539401,-1.55551,-12.65828,3.108874,-63.53054,97.02444
R,0.07317194,0.9605234,0.2599577,-0.334102,-0.2636093,-1.900323,7.935719,-8.072221,-11.68442,97.05396
R,0.06964132,0.9408031,0.2095903,-0.08685523,-0.4851316,-1.239069,6.08242,-5.449583,16.26724,97.0946
R,0.06439763,0.9125798,0.1511634,-0.3251191,-1.749897,-3.622577,-14.77281,-78.41782,-147.782,97.11073
R,0.06430706,0.8897811,0.1325996,-0.003244975,-0.8169146,-0.6651699,11.53327,33.43024,105.9687,97.13864
R,0.06150601,0.8530101,0.09293012,-0.1062941,-1.395379,-1.505374,-3.910495,-21.95152,-31.88398,97.16499
R,0.0611387,0.8245652,0.0616322,-0.02517994,-1.949967,-2.145544,5.560559,-38.01822,-43.88513,97.17958
R,0.06261869,0.8118472,0.04721737,0.1088579,-0.9354482,-1.060259,9.85893,74.62118,79.82631,97.19318
R,0.06316557,0.7997475,0.03267183,0.01835142,-0.406026,-0.4880984,-3.037089,17.7656,19.19976,97.22298
R,0.04465089,0.7863082,0.01346939,-0.4726832,-0.3431063,-0.4902421,-12.53621,1.606351,-0.05472935,97.26215
R,0.0346323,0.7783871,-0.01230303,-0.3494299,-0.2762731,-0.8988935,4.298841,2.331016,-14.253,97.29082
R,0.03970541,0.7893057,-0.03413562,0.1311525,0.2822716,-0.5644262,12.42424,14.43976,8.646804,97.3295
R,0.05379099,0.813471,-0.04753331,0.4622495,0.7930391,-0.4396752,10.86568,16.76197,4.093985,97.35997
R,0.05895155,0.8290175,-0.05451936,0.3865176,1.164406,-0.5232433,-5.672192,27.81476,-6.259111,97.37332
R,0.06103951,0.8345533,-0.05994274,0.0728242,0.1930777,-0.1891571,-10.94104,-33.87812,11.6523,97.40199
R,0.06856982,0.8329554,-0.05475091,0.1929265,-0.04093927,0.1330146,3.077022,-5.995518,8.254046,97.44102
R,0.08774346,0.8358835,-0.05257747,0.6480474,0.09896773,0.07346001,15.38257,4.728698,-2.012879,97.47061
R,0.1056855,0.8452936,-0.04511199,1.346903,0.7064182,0.5604325,52.46299,45.60123,36.55696,97.48393
R,0.1156809,0.8532883,-0.03774237,0.5486273,0.4388086,0.4045022,-43.81557,-14.68849,-8.558669,97.50215
R,0.1232768,0.859161,-0.03351243,0.2979082,0.2303261,0.1658965,-9.833109,-8.176605,-9.358024,97.52765
R,0.1273487,0.8849784,-0.007906612,0.16752,1.062125,1.053423,-5.36417,34.22019,36.51283,97.55196
R,0.1392256,0.9426641,0.02352809,0.3542837,1.720754,0.9376898,5.571118,19.64675,-3.452293,97.58548
R,0.1490448,0.990562,0.05373468,0.4130377,2.014783,1.270616,2.471438,12.36808,14.00425,97.60925
R,0.1459324,1.027905,0.08957771,-0.2066592,2.479531,2.379948,-41.14737,30.8589,73.6588,97.62431
R,0.1402916,1.047276,0.1188896,-0.2256885,0.7750544,1.17276,-0.7613563,-68.1957,-48.29931,97.64931
R,0.1039672,1.056224,0.1773974,-2.414356,0.594685,3.888813,-145.4732,-11.98853,180.5266,97.66435
R,0.09301187,1.065429,0.2141086,-0.3995377,0.3357158,1.338847,73.47977,-9.444521,-92.99644,97.69177
R,0.08881655,1.104082,0.2497268,-0.2430989,2.239763,2.0639,9.064876,110.3304,42.01334,97.70903
R,0.08604655,1.1272,0.2729603,-0.07246893,0.604806,0.6078367,4.464034,-42.77387,-38.09363,97.74725
R,0.05925546,1.069016,0.3112783,-0.9314486,-2.02289,1.332207,-29.86424,-91.3574,25.18428,97.77602
R,0.0442223,1.036632,0.3264434,-0.5626575,-1.212062,0.5675942,13.80302,30.34749,-28.61776,97.80273
R,0.03159944,1.003761,0.2779747,-0.4560375,-1.18753,-1.751072,3.851959,0.8862795,-83.76854,97.83041
R,0.02108153,0.9803005,0.2434082,-0.7427819,-1.656827,-2.441106,-20.25009,-33.14205,-48.73067,97.84457
R,0.01565652,0.9652359,0.2201735,-0.1931198,-0.5362681,-0.8271102,19.5669,39.8897,57.4551,97.87267
R,0.009385448,0.9344992,0.175591,-0.4686211,-2.29688,-3.331538,-20.58752,-131.5661,-187.1496,97.88605
R,0.006992594,0.9195986,0.1572987,-0.1271842,-0.791993,-0.9722674,18.14794,79.98723,125.3992,97.90486
R,0.004067079,0.9061767,0.140726,-0.1300723,-0.5967552,-0.7368429,-0.1284113,8.680531,10.46728,97.92735
R,0.01417902,0.8755079,0.1015274,0.3566719,-1.08176,-1.382627,17.16861,-17.10725,-22.77833,97.9557
R,0.02355178,0.8505799,0.07315084,0.3194245,-0.8495474,-0.9670749,-1.269395,7.913825,14.16207,97.98505
R,0.0272301,0.8263551,0.04821815,0.1370451,-0.902557,-0.9289305,-6.795007,-1.975004,1.421167,98.01189
R,0.03214431,0.8053598,0.03791728,0.3372331,-1.44078,-0.7068876,13.73772,-36.93509,15.23749,98.02646
R,0.03405037,0.794264,0.03009258,0.1265608,-0.7367536,-0.5195539,-13.98847,46.74681,12.43881,98.04152
R,0.03543896,0.7833477,0.02182099,0.05774267,-0.4539429,-0.3439635,-2.861717,11.76033,7.30171,98.06557
R,0.03630892,0.7801651,0.01832749,0.03073513,-0.1124389,-0.1234232,-0.9541594,12.06512,7.791551,98.09387
R,0.03255288,0.7763883,0.01157849,-0.2331018,-0.2343898,-0.4188472,-16.37388,-7.568345,-18.33419,98.10999
R,0.03098408,0.7714515,0.00566243,-0.05621268,-0.1768918,-0.2119819,6.338221,2.060244,7.412315,98.13789
R,0.02664197,0.7753865,0.01414726,-0.318305,0.2884552,0.621993,-19.21307,34.11295,61.13578,98.15154
R,0.02374999,0.7762335,0.01821141,-0.1081168,0.0316667,0.1519385,7.857901,-9.600051,-17.57301,98.17828
R,0.03058209,0.7712629,-0.001238301,0.4063053,-0.2956025,-1.156675,30.59271,-19.46272,-77.82335,98.1951
R,0.03917671,0.7664984,-0.01575269,0.2263896,-0.1254993,-0.3823211,-4.73913,4.48066,20.39714,98.23306
R,0.03917671,0.7664984,-0.01575269,0,0,0,-7.370427,4.085803,12.44699,98.26378
R,0.03917671,0.7664984,-0.01575269,0,0,0,0,0,0,98.28911
R,0.03917671,0.7664984,-0.01575269,0,0,0,0,0,0,98.30217
R,0.03917671,0.7664984,-0.01575269,0,0,0,0,0,0,98.3186
R,0.03917671,0.7664984,-0.01575269,0,0,0,0,0,0,98.34631
R,0.03917671,0.7664984,-0.01575269,0,0,0,0,0,0,98.37717
R,0.03917671,0.7664984,-0.01575269,0,0,0,0,0,0,98.41396
R,0.03917671,0.7664984,-0.01575269,0,0,0,0,0,0,98.45641
R,0.03917671,0.7664984,-0.01575269,0,0,0,0,0,0,98.47522
R,0.03917671,0.7664984,-0.01575269,0,0,0,0,0,0,98.50302
R,0.03917671,0.7664984,-0.01575269,0,0,0,0,0,0,98.54427
R,0.02091175,0.9003195,0.09631474,-0.414478,3.036737,2.543092,-9.405551,68.91122,57.70918,98.58833
R,0.00432315,0.9298826,0.1405199,-0.5665194,1.009614,1.509656,-5.192383,-69.22854,-35.29302,98.61761
R,-0.008324051,0.963088,0.1964783,-0.4341787,1.139942,1.921052,4.543259,4.474148,14.12324,98.64674
R,-0.01734693,0.9726774,0.2468534,-0.3076606,0.3269767,1.717682,4.31399,-27.72033,-6.934468,98.67607
R,-0.01495552,0.9702541,0.3100402,0.08986464,-0.09106445,2.374431,14.9382,-15.70914,24.67931,98.70268
R,-0.01039966,0.9631092,0.3425055,0.1535078,-0.2407435,1.093907,2.144431,-5.043375,-43.14676,98.73236
R,-0.02378046,0.9570069,0.3099719,-0.487451,-0.2223001,-1.18517,-23.34957,0.671875,-83.02478,98.75981
R,-0.04679479,0.9531674,0.2450789,-0.8594115,-0.1433761,-2.423266,-13.88992,2.947218,-46.23354,98.78659
R,-0.06668066,0.9493402,0.2041616,-0.7144957,-0.1375111,-1.470151,5.2068,0.210726,34.24528,98.81442
R,-0.0799522,0.9349761,0.1593696,-0.6539573,-0.7077949,-2.207133,2.983042,-28.10084,-36.31493,98.83472
R,-0.08556562,0.9252118,0.1402862,-0.1557499,-0.2709188,-0.5294879,13.82325,12.12156,46.54789,98.87076
R,-0.07958107,0.8914906,0.06480162,0.2063144,-1.162521,-2.602293,12.48198,-30.73754,-71.45888,98.89977
R,-0.06881798,0.8727229,0.03528865,0.4042233,-0.7048486,-1.108402,7.432756,17.18856,56.10521,98.92639
R,-0.05990921,0.8619964,0.01272146,0.3222105,-0.3879562,-0.816205,-2.966219,11.46129,10.56812,98.95404
R,-0.05615248,0.8566803,-0.007535249,0.1330097,-0.1882196,-0.7172034,-6.698793,7.071818,3.505223,98.98228
R,-0.04839257,0.8497975,-0.02513493,0.2788121,-0.2472952,-0.6323536,5.238655,-2.122575,3.04864,99.01012
R,-0.03575565,0.8417376,-0.02278353,0.4655274,-0.2969167,0.08662278,6.878346,-1.827992,26.48614,99.03726
R,-0.03061023,0.8339668,-0.01287064,0.1733728,-0.2618352,0.3340107,-9.844035,1.182056,8.335636,99.06694
R,-0.03703145,0.8218272,-0.008663776,-0.228211,-0.4314436,0.1495125,-14.27234,-6.027904,-6.557087,99.09508
R,-0.04654034,0.8130848,-0.002047597,-0.3544791,-0.3259052,0.2466427,-4.707113,3.934337,3.62089,99.1219
R,-0.05334872,0.80943,0.001967907,-0.5128668,-0.2753098,0.3024829,-11.93114,3.81129,4.206368,99.13518
R,-0.05570383,0.8069428,0.002482456,-0.1566949,-0.1654822,0.03423501,23.69755,7.307268,-17.84761,99.15021
R,-0.05929394,0.8020373,0.008430336,-0.1393848,-0.1904551,0.2309243,0.6720595,-0.969564,7.636393,99.17596
R,-0.06158648,0.795752,0.01293696,-0.1451634,-0.3979808,0.2853585,-0.3659024,-13.14049,3.446764,99.19176
R,-0.06132117,0.7936195,0.01332781,0.01728423,-0.1389243,0.02546173,10.58267,16.87627,-16.93101,99.20711
R,-0.06138018,0.7913177,0.01359765,-0.002299451,-0.08968583,0.01051387,-0.7630418,1.918484,-0.5824157,99.23277
R,-0.05814363,0.7894809,0.01224646,0.2546346,-0.1445125,-0.1063038,20.2142,-4.313469,-9.190594,99.24548
R,-0.05655244,0.7877229,0.01151206,0.05670475,-0.06264869,-0.02617197,-7.053577,2.917361,2.85564,99.27354
R,-0.03940162,0.8018981,0.0115723,0.6108674,0.5048828,0.002145618,19.73783,20.21399,1.008599,99.30162
R,-0.02553061,0.810787,0.01662206,0.3281772,0.2103057,0.1194733,-6.688226,-6.96946,2.77588,99.34389
R,-0.0125435,0.808799,0.02563641,0.4738993,-0.07254402,0.3289335,5.317396,-10.32118,7.643197,99.37129
R,-0.003467391,0.8078312,0.03048606,0.6437358,-0.06863839,0.3439684,12.04589,0.2770124,1.066372,99.38539
R,0.01069514,0.8532671,0.02790083,0.5147841,1.651516,-0.09396868,-4.687177,62.52471,-15.91827,99.4129
R,0.0303537,0.8888977,0.02112936,1.376435,2.49475,-0.4741185,60.33028,59.04079,-26.61698,99.42719
R,0.04061028,0.8919159,0.01706984,0.3655114,0.1075589,-0.1446681,-36.02603,-85.07175,11.74055,99.45525
R,0.05432773,0.8690072,0.01945633,0.5084767,-0.8491741,0.08846211,5.299421,-35.46406,8.641639,99.48222
R,0.06537513,0.852204,0.02061251,0.6836659,-1.039863,0.0715498,10.84155,-11.80074,-1.046615,99.49838
R,0.07171258,0.8467425,0.02102982,0.4757521,-0.4099952,0.03132718,-15.60807,47.2841,-3.019507,99.5117
R,0.07739409,0.8427938,0.0213382,0.4349805,-0.3023145,0.02361005,-3.121505,8.244109,-0.5908293,99.52477
R,0.08008417,0.8432052,0.0248194,0.1553276,0.02375069,0.2010075,-16.14742,18.82732,10.2431,99.54208
R,0.08273286,0.8319868,0.03285702,0.07033406,-0.2978959,0.2134334,-2.256945,-8.541098,0.3299606,99.57974
R,0.09298616,0.8271747,0.0405161,0.3702261,-0.1737539,0.2765539,10.8285,4.482518,2.279154,99.60744
R,0.1058507,0.8307674,0.04372703,0.7616001,0.2126912,0.1900918,23.1699,22.87811,-5.11868,99.62433
R,0.1124231,0.8313047,0.04544437,0.2766388,0.0226146,0.07228476,-20.4126,-8.000554,-4.958641,99.64809
R,0.1286189,0.8273451,0.04911778,0.5560012,-0.135933,0.1261084,9.590516,-5.442942,1.847767,99.67722
R,0.1495551,0.8212581,0.05331315,0.7505914,-0.2182243,0.1504089,6.976293,-2.950243,0.8712022,99.70511
R,0.1666698,0.8166215,0.05711898,1.054163,-0.2855858,0.2344165,18.69815,-4.149062,5.174363,99.72134
R,0.1744515,0.8243553,0.05341981,0.2999879,0.2981411,-0.1426053,-29.07387,22.50302,-14.53441,99.74728
R,0.1847987,0.8104069,0.04964801,0.2571529,-0.3466534,-0.0937387,-1.064556,-16.02474,1.214456,99.78752
R,0.1876473,0.819553,0.04067398,0.1848381,0.5934677,-0.5822986,-4.6923,61.00175,-31.70125,99.80293
R,0.1884101,0.8233719,0.04101969,0.0188586,0.09440718,0.008546303,-4.10322,-12.33739,14.60642,99.84338
R,0.1891036,0.8258329,0.04097345,0.04442643,0.157659,-0.002962383,1.637941,4.052073,-0.7372759,99.85899
R,0.1886246,0.8262334,0.04020795,-0.03591828,0.03002986,-0.05740014,-6.024567,-9.570141,-4.08196,99.87233
R,0.1885345,0.8265419,0.04066277,-0.006376131,0.0218345,0.03218939,2.090793,-0.5800114,6.340539,99.88646
R,0.1886028,0.8269696,0.04130262,0.001666778,0.01044383,0.01562327,0.196386,-0.2781293,-0.4044996,99.92741
R,0.1911056,0.830153,0.04996649,0.06054724,0.07701181,0.209596,1.424433,1.610409,4.69258,99.96875
R,0.1951832,0.8294373,0.05567485,0.2449426,-0.04299023,0.3428992,11.07657,-7.208482,8.007476,99.9854
R,0.1991048,0.8295517,0.05428124,0.1498582,0.0043709,-0.05325469,-3.6335,1.809831,-15.13839,100.0116
R,0.2037416,0.8293861,0.05301465,0.3069474,-0.01096117,-0.08384553,10.39899,-1.014952,-2.025052,100.0267
R,0.2061436,0.8292762,0.05261508,0.08974743,-0.004106685,-0.01492932,-8.115403,0.2561094,2.574967,100.0534
R,0.2131473,0.8310642,0.0548869,0.2618318,0.06684523,0.08493183,6.433385,2.652541,3.733315,100.0802
R,0.2223165,0.8338645,0.05546197,0.2917049,0.08908715,0.01829526,0.9503688,0.7075954,-2.119949,100.1116
R,0.2290802,0.8353587,0.05241279,0.3003174,0.06634273,-0.1353872,0.3824063,-1.009877,-6.823669,100.1341
R,0.2343833,0.8361818,0.04808393,0.1909561,0.02963814,-0.1558768,-3.937971,-1.321688,-0.7378053,100.1619
R,0.2385315,0.8363822,0.04562016,0.2785424,0.01345575,-0.1654363,5.881208,-1.086607,-0.6418957,100.1768
R,0.2405512,0.8363736,0.04607657,0.07225017,-0.0003070415,0.01632717,-7.379678,-0.4923353,6.502211,100.2048
R,0.2414224,0.8374627,0.04543933,0.03236663,0.04046423,-0.02367458,-1.48175,1.514732,-1.486142,100.2317
R,0.2429068,0.8399149,0.04367274,0.05109515,0.08440495,-0.06080653,0.6446388,1.512447,-1.278088,100.2607
R,0.2429941,0.8481337,0.04210659,0.002100883,0.1978057,-0.03769323,-1.179173,2.729281,0.556281,100.3023
R,0.2457819,0.8488341,0.03941808,0.1020102,0.02562945,-0.09837763,3.655865,-6.300249,-2.220554,100.3296
R,0.2539142,0.8418791,0.03538096,0.2865376,-0.2450542,-0.1422457,6.501716,-9.537378,-1.545664,100.358
R,0.2585188,0.8461024,0.03192953,0.158825,0.1456702,-0.1190489,-4.405143,13.47711,0.8001177,100.387
R,0.2597606,0.8504269,0.02903692,0.04781599,0.1665183,-0.1113807,-4.274436,0.8027591,0.2952656,100.4129
R,0.2568562,0.8411236,0.03002503,-0.1633835,-0.523347,0.05558485,-11.88083,-38.80773,9.392492,100.4307
R,0.2558365,0.8370498,0.0302297,-0.04218947,-0.1685483,0.008468011,5.01425,14.67935,-1.9494,100.4549
R,0.2554253,0.8388931,0.02830994,-0.01408107,0.06311227,-0.06573327,0.962441,7.932135,-2.540677,100.4841
R,0.2538027,0.8407178,0.02466387,-0.06531572,0.07345574,-0.1467743,-2.062478,0.4163818,-3.262351,100.5089
R,0.2567533,0.8451715,0.02144759,0.1949286,0.2942328,-0.2124822,17.19291,14.58553,-4.340958,100.5241
R,0.2582069,0.8471233,0.01988176,0.1130009,0.1517367,-0.1217297,-6.369171,-11.07784,7.055224,100.5369
R,0.2593007,0.8484902,0.0185986,0.0378898,0.0473478,-0.0444465,-2.601734,-3.615874,2.676974,100.5658
R,0.2604256,0.8485666,0.01718883,0.03940177,0.002674456,-0.04938041,0.05295999,-1.564785,-0.1728214,100.5944
R,0.2610107,0.8491449,0.0158318,0.02045987,0.02022537,-0.04745702,-0.6624206,0.6137763,0.06726335,100.623
R,0.2612792,0.8492782,0.01554554,0.009946695,0.004937465,-0.01060497,-0.3894807,-0.5663698,1.365255,100.6499
R,0.2620535,0.850327,0.01551417,0.02744621,0.03717381,-0.001112002,0.6202533,1.142586,0.336469,100.6782
R,0.2627373,0.8515122,0.01323338,0.02562178,0.0444093,-0.08546248,-0.06836238,0.271118,-3.160659,100.7048
R,0.2632534,0.8511339,0.01109359,0.01888457,-0.01384091,-0.07829887,-0.246527,-2.131483,0.2621299,100.7322
R,0.2641288,0.848299,0.01147753,0.06541521,-0.2118461,0.02869126,3.477118,-14.79643,7.995102,100.7456
R,0.2652198,0.8464207,0.01341215,0.07200403,-0.1239654,0.1276806,0.4348486,5.799951,6.533095,100.7607
R,0.2662264,0.8447343,0.01510735,0.03577481,-0.05993679,0.06024782,-1.287591,2.275585,-2.396569,100.7888
R,0.2683785,0.8502386,0.01504947,0.07661215,0.1959448,-0.002060442,1.45373,9.108884,-2.218052,100.8169
R,0.2690435,0.8504836,0.01475296,0.04302274,0.01584866,-0.01918251,-2.173066,-11.65131,-1.107712,100.8324
R,0.2693826,0.8505399,0.01461758,0.01354802,0.002248476,-0.005410059,-1.177839,-0.5434765,0.5503607,100.8574
R,0.2718097,0.8511132,0.01600199,0.1648316,0.03893701,0.09401932,10.27412,2.491627,6.752542,100.8721
R,0.273399,0.8514284,0.0168955,0.0594861,0.01179906,0.03344204,-3.942846,-1.015713,-2.267272,100.8989
R,0.2765757,0.8502674,0.01836053,0.2231356,-0.08155396,0.1029071,11.49511,-6.557324,4.879382,100.9131
R,0.2775989,0.8506361,0.01917864,0.03756893,0.01353729,0.03003682,-6.813053,3.491261,-2.675421,100.9403
R,0.2802339,0.8509859,0.02122267,0.1962336,0.02605202,0.152224,11.81619,0.9320064,9.099615,100.9538
R,0.2823709,0.8510439,0.02284051,0.1483589,0.004026251,0.1123165,-3.323639,-1.529111,-2.770533,100.9682
R,0.2841483,0.851092,0.02418027,0.1114646,0.003016597,0.08402164,-2.313786,-0.06331935,-1.774478,100.9841
R,0.2883931,0.8463191,0.02825159,0.1051351,-0.1182165,0.1008383,-0.1567674,-3.002695,0.4165141,101.0245
R,0.2880701,0.8459453,0.0288826,-0.01179274,-0.01364685,0.02303831,-4.269072,3.817869,-2.840501,101.0519
R,0.2864647,0.847945,0.02875087,-0.1010691,0.1258893,-0.008292807,-5.620377,8.784479,-1.972446,101.0678
R,0.2855477,0.8492252,0.02874077,-0.06094503,0.08508969,-0.0006715105,2.666905,-2.71181,0.5065612,101.0828
R,0.2853219,0.8494268,0.02849382,-0.009274896,0.008279977,-0.01014017,2.121713,-3.154011,-0.3888084,101.1072
R,0.2828397,0.8531865,0.02667134,-0.1777792,0.2692837,-0.1305333,-12.06896,18.69414,-8.623044,101.1211
R,0.2802469,0.8576328,0.02483496,-0.1687407,0.2893651,-0.1195128,0.5882301,1.306908,0.7172221,101.1365
R,0.2783498,0.8608791,0.02352398,-0.06812714,0.1165775,-0.0470776,3.613046,-6.204827,2.601157,101.1643
R,0.2721568,0.8601482,0.02051828,-0.4889896,-0.05771367,-0.2373266,-33.23089,-13.76186,-15.02188,101.177
R,0.2715698,0.8609293,0.02193893,-0.04386625,0.05836659,0.1061612,33.26294,8.674385,25.66798,101.1904
R,0.2710758,0.8618637,0.02343563,-0.03313915,0.06268392,0.1003969,0.7195609,0.2896013,-0.3866643,101.2053
R,0.2704422,0.8629431,0.02490669,-0.04839562,0.08244555,0.1123633,-1.165323,1.509438,0.9140216,101.2184
R,0.2699634,0.8643787,0.02703133,-0.01678705,0.05033816,0.07449999,1.108346,-1.125837,-1.327667,101.2469
R,0.2689668,0.8666604,0.02908955,-0.07363524,0.1685809,0.1520714,-4.200228,8.736364,5.731364,101.2604
R,0.2683587,0.867891,0.03005081,-0.02226562,0.04505499,0.03519396,1.880759,-4.522566,-4.27915,101.2878
R,0.2627292,0.8730844,0.03336516,-0.3871266,0.3571452,0.2279217,-25.0908,21.46185,13.25352,101.3023
R,0.2601212,0.8756936,0.03493018,-0.0955917,0.09563322,0.05736281,10.6857,-9.585262,-6.251535,101.3296
R,0.2587503,0.8756883,0.03485927,-0.09065969,-0.0003468718,-0.004689175,0.32616,-6.347276,-4.103571,101.3447
R,0.2580049,0.8758681,0.03491636,-0.0564758,0.01361994,0.004325664,2.589914,1.058184,0.6830018,101.3579
R,0.2571822,0.8761562,0.03502696,-0.05681144,0.01989759,0.007637305,-0.02317921,0.4335214,0.2286952,101.3724
R,0.2561987,0.8765691,0.03519557,-0.06835523,0.02869416,0.01171797,-0.8022627,0.6113384,0.2835956,101.3868
R,0.2516901,0.877609,0.03989554,-0.1580923,0.03646251,0.1648033,-3.146609,0.2723952,5.367897,101.4153
R,0.2452275,0.8778534,0.06015626,-0.2322013,0.008782637,0.7279643,-2.662721,-0.9945331,20.23428,101.4431
R,0.2369414,0.8835063,0.07905906,-0.6574287,0.4485094,1.499774,-33.73814,34.88854,61.23648,101.4557
R,0.2318839,0.8888145,0.09060449,-0.4091966,0.4294801,0.9341254,20.08413,-1.539632,-45.76588,101.4681
R,0.2278609,0.8925549,0.09894657,-0.1451803,0.1349829,0.3010499,9.527846,-10.62785,-22.8465,101.4958
R,0.2196194,0.891134,0.1064211,-0.5776675,-0.09959475,0.5239023,-30.31388,-16.44201,15.62017,101.5101
R,0.2156886,0.8912682,0.1113246,-0.1417762,0.004841428,0.1768626,15.72183,3.766829,-12.51711,101.5378
R,0.1930441,0.8994124,0.1358875,-1.669322,0.6003805,1.810749,-112.6088,43.90242,120.4481,101.5513
R,0.1825744,0.8995119,0.1510628,-0.7001475,0.006656569,1.014825,64.81207,-39.70438,-53.22621,101.5663
R,0.1738092,0.8999074,0.1621689,-0.2103382,0.009488855,0.2665136,11.75399,0.06796656,-17.95728,101.608
R,0.1593945,0.9178329,0.2124131,-0.9270673,1.152861,3.231405,-46.09575,73.53489,190.6841,101.6235
R,0.1539896,0.9249735,0.2498968,-0.2095946,0.2769046,1.453569,27.82266,-33.96846,-68.94218,101.6493
R,0.1554646,0.9378422,0.2910097,0.08867905,0.7737314,2.471902,17.93363,29.8716,61.22704,101.6659
R,0.1541865,0.9442942,0.3161691,-0.05073215,0.256109,0.9986975,-5.53389,-20.54688,-58.47845,101.6911
R,0.1438726,0.9478701,0.3412288,-0.6834496,0.2369542,1.660581,-41.92697,-1.269294,43.85964,101.7062
R,0.1388585,0.9507388,0.358409,-0.1886363,0.1079242,0.6463352,18.61543,-4.854253,-38.15706,101.7328
R,0.1116458,0.9414612,0.3594547,-0.8022549,-0.2735113,0.03083003,-18.09001,-11.24505,-18.14564,101.7667
R,0.1044884,0.9303691,0.3608275,-0.2000269,-0.309993,0.03836454,16.83054,-1.019559,0.2105678,101.8025
R,0.102022,0.9247805,0.3566274,-0.1820294,-0.4124481,-0.309975,1.328246,-7.561369,-25.70809,101.8161
R,0.09887753,0.9224904,0.3533415,-0.2034301,-0.148156,-0.2125763,-1.38452,17.09837,6.301205,101.8315
R,0.09617832,0.9209999,0.3526304,-0.1033268,-0.05705817,-0.02722282,3.831992,3.487259,7.095402,101.8576
R,0.09339582,0.9330808,0.3366508,-0.1657764,0.7197585,-0.9520366,-3.720631,46.28133,-55.09872,101.8744
R,0.09119585,0.9377778,0.3324248,-0.07992087,0.1706321,-0.1535217,3.118973,-19.94875,29.00858,101.9019
R,0.08619647,0.9481652,0.3180391,-0.2028728,0.4215195,-0.5837643,-4.989338,10.1809,-17.45906,101.9266
R,0.08486154,0.9551848,0.3114815,-0.08766116,0.4609571,-0.4306249,7.565644,2.589763,10.05625,101.9418
R,0.08363865,0.9581369,0.3092134,-0.08507757,0.2053808,-0.1577905,0.1797435,-17.78073,18.9814,101.9562
R,0.08433821,0.9574351,0.3096635,0.02357131,-0.02364838,0.01516509,3.660881,-7.717049,5.827671,101.9859
R,0.09366328,0.9488981,0.3081537,0.4031184,-0.3690479,-0.06526607,16.40765,-14.93146,-3.477002,102.009
R,0.100513,0.9437962,0.3102379,0.4234937,-0.3154334,0.1288547,1.259734,3.31479,12.00179,102.0252
R,0.1039034,0.9417349,0.3128873,0.2635757,-0.1602536,0.2059701,-12.43225,12.0639,5.995064,102.038
R,0.1060065,0.9404704,0.3143425,0.1837663,-0.1104896,0.1271589,-6.973857,4.348442,-6.886634,102.0495
R,0.1073568,0.9386306,0.3151203,0.07265849,-0.0989904,0.04184787,-5.978292,0.6187277,-4.590263,102.0681
R,0.1085012,0.937214,0.3156753,0.04675628,-0.0578802,0.02267646,-1.058309,1.679675,-0.7833026,102.0925
R,0.1094186,0.9378526,0.3167261,0.0319806,0.02225939,0.03663044,-0.5150737,2.793632,0.4864299,102.1212
R,0.1109153,0.9382389,0.318352,0.05573342,0.01438432,0.06054465,0.8844685,-0.293239,0.8904783,102.1481
R,0.1115001,0.9384618,0.3212528,0.04165729,0.01587976,0.2066321,-1.00271,0.1065269,10.40651,102.1621
R,0.1118769,0.9385266,0.3228097,0.01390144,0.002393018,0.05745113,-1.024216,-0.4976728,-5.504914,102.1892
R,0.1109102,0.9420053,0.3197565,-0.0655783,0.2360006,-0.2071344,-5.392116,15.84856,-17.95018,102.204
R,0.1102746,0.9447011,0.3175371,-0.02106052,0.08932041,-0.07353447,1.474983,-4.859875,4.426493,102.2341
R,0.1090929,0.9461466,0.3155761,-0.04719368,0.05772728,-0.07831662,-1.04367,-1.261723,-0.1909831,102.2592
R,0.1090752,0.9481678,0.3144476,-0.001205714,0.1378366,-0.07696044,3.136178,5.463103,0.09248535,102.2738
R,0.1090996,0.9492142,0.3138843,0.0008922823,0.03818381,-0.02055349,0.07655585,-3.636327,2.058289,102.3013
R,0.1076661,0.9527603,0.3093315,-0.1074962,0.2658976,-0.3413879,-8.127398,17.07489,-24.05744,102.3146
R,0.1070225,0.9546102,0.3071648,-0.02261567,0.06500712,-0.07613732,2.982697,-7.059282,9.320892,102.343
R,0.1065052,0.9598327,0.2928061,-0.02915077,0.2942888,-0.8091261,-0.3682582,12.92021,-41.30452,102.3608
R,0.1071693,0.9612463,0.291212,0.01722433,0.03666186,-0.04134179,1.202706,-6.681376,19.91196,102.3994
R,0.1082135,0.9588287,0.2846071,0.03657386,-0.08468274,-0.2313498,0.677761,-4.250369,-6.65546,102.4279
R,0.1102495,0.955566,0.2754255,0.07220433,-0.1157057,-0.3256086,1.263571,-1.100175,-3.342717,102.4561
R,0.1115306,0.9530048,0.2676455,0.04756689,-0.09510004,-0.2888788,-0.9148096,0.7651079,1.363808,102.483
R,0.1107077,0.9509076,0.2514517,-0.06976042,-0.1778026,-1.372936,-9.947171,-7.011636,-91.90783,102.4948
R,0.1104958,0.9500474,0.2448688,-0.007530759,-0.03057001,-0.2339556,2.21165,5.232666,40.4795,102.523
R,0.1066599,0.9470959,0.2374427,-0.2385106,-0.1835233,-0.4617454,-14.36195,-9.510388,-14.1636,102.539
R,0.1053221,0.9458753,0.233501,-0.05145321,-0.04694148,-0.1515959,7.194243,5.252951,11.92838,102.565
R,0.101647,0.9468874,0.2154192,-0.1213977,0.03343152,-0.5972846,-2.310424,2.654901,-14.72211,102.5953
R,0.1010041,0.9426529,0.1974506,-0.01614959,-0.1063671,-0.4513572,2.643749,-3.511629,3.665581,102.6351
R,0.1037047,0.9302137,0.172754,0.09434526,-0.4345495,-0.8627467,3.860016,-11.46469,-14.37144,102.6638
R,0.1044999,0.922844,0.155315,0.03001748,-0.2782168,-0.6583443,-2.428448,5.901739,7.716424,102.6902
R,0.1043398,0.9165166,0.1379413,-0.01173677,-0.4638388,-1.273599,-3.060858,-13.6073,-45.10217,102.7039
R,0.104298,0.9133679,0.1293752,-0.001464844,-0.1104666,-0.3005303,0.3603754,12.39754,34.13867,102.7324
R,0.1025876,0.9119629,0.1143857,-0.1095721,-0.09001176,-0.960264,-6.92563,1.310388,-42.26423,102.748
R,0.1019504,0.9104537,0.1063504,-0.03515049,-0.08325442,-0.443269,4.105468,0.3727686,28.52003,102.7661
R,0.1002181,0.9078412,0.1001416,-0.04577715,-0.06903667,-0.1640725,-0.280818,0.3757155,7.37799,102.804
R,0.09508588,0.9021097,0.1045123,-0.2050903,-0.2290373,0.174657,-6.36631,-6.39378,13.53596,102.829
R,0.09157453,0.8937669,0.1086465,-0.2338619,-0.5556442,0.2753479,-1.916234,-21.75255,6.70618,102.844
R,0.09024974,0.8904235,0.1086171,-0.08380433,-0.2114993,-0.001863104,9.492446,21.77015,-17.53601,102.8598
R,0.08767016,0.8864024,0.1003406,-0.2167374,-0.3378506,-0.6953908,-11.16911,-10.6161,-58.27055,102.8717
R,0.08441754,0.8829036,0.09700058,-0.2419564,-0.2602689,-0.2484614,-1.875994,5.771163,33.24627,102.8852
R,0.08182723,0.8797017,0.09380133,-0.1790705,-0.2213542,-0.2211672,4.347354,2.690204,1.886873,102.8996
R,0.07964149,0.8766908,0.09071348,-0.1553629,-0.2140134,-0.2194851,1.685137,0.5217873,0.1195654,102.9137
R,0.07768602,0.8737769,0.08767416,-0.1359001,-0.2025078,-0.2112249,1.352615,0.7996058,0.5740613,102.9281
R,0.07633707,0.8745627,0.08101147,-0.09002524,0.05244399,-0.4446492,3.061564,17.01479,-15.5781,102.9431
R,0.07289165,0.8746203,0.07999793,-0.2681696,0.004476878,-0.07888816,-13.86564,-3.733459,28.46855,102.9559
R,0.06986781,0.874116,0.07851955,-0.2304307,-0.0384266,-0.1126595,2.875882,-3.269445,-2.573537,102.969
R,0.06702914,0.8732147,0.07667528,-0.209499,-0.06651622,-0.1361101,1.544794,-2.073065,-1.73069,102.9826
R,0.06429814,0.8720229,0.07455374,-0.1986448,-0.08669187,-0.1543142,0.7895015,-1.467515,-1.324116,102.9963
R,0.06181665,0.8737386,0.06801686,-0.08771667,0.06064801,-0.2310687,3.921138,5.208234,-2.713151,103.0246
R,0.05290207,0.8774555,0.05785512,-0.6357196,0.2650597,-0.7246566,-39.07935,14.57707,-35.19889,103.0387
R,0.04914641,0.8761397,0.05215202,-0.2762406,-0.09677943,-0.4194818,26.44087,-26.61447,22.44662,103.0522
R,0.04590436,0.874878,0.04727767,-0.2317028,-0.09017175,-0.3483596,3.183022,0.4722361,5.082947,103.0662
R,0.04281772,0.8736203,0.042712,-0.2170452,-0.08843968,-0.321047,1.030684,0.1217953,1.920559,103.0805
R,0.0404289,0.8713232,0.03763074,-0.1571824,-0.1511436,-0.3343427,3.938922,-4.12587,-0.874849,103.0957
R,0.03793965,0.8693035,0.03286227,-0.09322,-0.07563839,-0.1785751,2.395339,2.827607,5.833366,103.1224
R,0.03418685,0.862239,0.0199754,-0.2650254,-0.4988972,-0.9100794,-12.13302,-29.89083,-51.65934,103.1365
R,0.03329104,0.8572543,0.01620926,-0.03096414,-0.1722974,-0.1301783,8.090423,11.28905,26.9576,103.1655
R,0.0372038,0.8469691,0.01740682,0.1436563,-0.3776195,0.04396815,6.411163,-7.53837,6.393759,103.1927
R,0.04091384,0.8396078,0.02703088,0.2994352,-0.59413,0.7767524,12.57281,-17.47443,59.14254,103.2051
R,0.0400528,0.8376698,0.03215941,-0.06035182,-0.1358372,0.3594686,-25.21818,32.12265,-29.24824,103.2193
R,0.03931551,0.8357514,0.03501277,-0.04524282,-0.1177178,0.1750918,0.927138,1.111865,-11.31397,103.2356
R,0.03863792,0.8337914,0.0370167,-0.02689673,-0.07780322,0.07954533,0.7282434,1.5844,-3.792691,103.2608
R,0.02722391,0.8902712,0.09876943,-0.8348535,4.131099,4.516771,-59.09626,307.8511,324.5513,103.2745
R,0.02609928,0.9296566,0.1574052,-0.07933637,2.778429,4.13644,53.29771,-95.42371,-26.8303,103.2887
R,0.0250108,0.9521568,0.1908434,-0.07821776,1.616853,2.402856,0.0803833,-83.47038,-124.5748,103.3026
R,0.02389164,0.9706198,0.218602,-0.08325237,1.37343,2.064916,-0.3745156,-18.1078,-25.13869,103.316
R,0.02275322,0.9867809,0.2432159,-0.07264598,1.031288,1.57069,0.6768263,-21.83315,-31.53809,103.3317
R,0.03761248,1.007202,0.2847244,0.5103861,0.7014135,1.425734,20.02599,-11.33053,-4.978946,103.3608
R,0.07210584,1.026877,0.3300419,1.357692,0.7744275,1.783738,33.35076,2.873904,14.09138,103.3862
R,0.1172125,1.027225,0.3726334,1.586746,0.012266,1.498271,8.05759,-26.81107,-10.04206,103.4147
R,0.1777098,1.023488,0.3968313,2.239976,-0.1383784,0.8959503,24.18649,-5.577756,-22.30153,103.4417
R,0.2233053,1.026565,0.4259118,3.342446,0.2255488,2.131788,80.81821,26.67822,90.5949,103.4553
R,0.2085027,1.010468,0.4071986,-0.9990798,-1.086404,-1.263016,-293.0239,-88.54805,-229.1265,103.4701
R,0.1989489,1.00013,0.3966978,-0.7238383,-0.7832731,-0.7955857,20.85344,22.96647,35.41447,103.4833
R,0.1485592,0.9992399,0.3435472,-3.677438,-0.06496207,-3.878928,-215.5535,52.42231,-225.0222,103.497
R,0.1225107,0.9988067,0.3168265,-1.715689,-0.02853329,-1.759964,129.2112,2.399393,139.5663,103.5122
R,0.1025724,0.9986931,0.2958758,-1.526497,-0.008697795,-1.604004,14.48465,1.51862,11.94041,103.5253
R,0.06999204,0.9902228,0.2732157,-2.208049,-0.5740572,-1.535734,-46.19045,-38.31581,4.626826,103.54
R,0.04137599,0.9762529,0.2359132,-1.076568,-0.525561,-1.40336,42.56758,1.824479,4.980052,103.5666
R,0.008983134,0.9518113,0.1800724,-2.067087,-1.559693,-3.563374,-63.20802,-65.99111,-137.8371,103.5823
R,-0.00162804,0.9405913,0.1595468,-0.3510419,-0.3711825,-0.6790318,56.77069,39.31864,95.42062,103.6125
R,-0.01465658,0.9152365,0.1126309,-1.132412,-2.203783,-4.077825,-67.91492,-159.2856,-295.4155,103.624
R,-0.02237196,0.9047714,0.09361453,-0.6227034,-0.8446304,-1.534801,41.13823,109.6963,205.2458,103.6364
R,-0.02998311,0.8954013,0.07484895,-0.5687621,-0.7002076,-1.402305,4.030898,10.79235,9.901146,103.6498
R,-0.03771895,0.8865917,0.05689994,-0.497523,-0.5665826,-1.154373,4.581671,8.593965,15.94549,103.6653
R,-0.02922694,0.8763653,0.04107815,0.3239419,-0.3901021,-0.603549,31.33616,6.732146,21.01211,103.6915
R,-0.003813307,0.8643509,0.01644699,1.798605,-0.850297,-1.743226,104.3666,-32.56947,-80.65863,103.7057
R,0.01093011,0.8637331,0.005526315,0.534712,-0.02240635,-0.3960693,-45.83867,30.02581,48.85849,103.7332
R,0.02914117,0.8652861,-0.01375223,1.273725,0.1086163,-1.348387,51.68832,9.164032,-66.60738,103.7475
R,0.03894219,0.8672775,-0.02354387,0.6146597,0.1248916,-0.6140718,-41.33253,1.020689,46.05178,103.7635
R,0.04541945,0.8671925,-0.03412899,0.2120348,-0.002782374,-0.3465067,-13.18003,-4.179441,8.758814,103.794
R,0.05363467,0.8670715,-0.02826592,0.3582121,-0.005275907,0.2556505,6.373837,-0.1087267,26.25614,103.817
R,0.06175276,0.8718383,-0.02538376,0.6004823,0.3525898,0.2131886,17.92034,26.47075,-3.140836,103.8305
R,0.06568512,0.8728175,-0.0273049,0.2637776,0.06568258,-0.1288683,-22.58576,-19.24539,-22.94477,103.8454
R,0.04147395,0.8635696,-0.0278439,-0.8944212,-0.3416383,-0.0199117,-42.78676,-15.04745,4.025128,103.8725
R,0.06305188,0.8612765,-0.02294117,1.673528,-0.1778476,0.3802425,199.1635,12.70318,31.03492,103.8854
R,0.07584882,0.8597052,-0.02208055,0.8549033,-0.104971,0.05749412,-54.68848,4.868545,-21.5613,103.9003
R,0.08493952,0.8582897,-0.02251378,0.3160576,-0.04921253,-0.01506212,-18.73411,1.938561,-2.522571,103.9291
R,0.0812232,0.8539094,-0.02074708,-0.2465109,-0.290557,0.1171887,-37.31628,-16.00886,8.772462,103.9442
R,0.08360184,0.8394364,-0.0180064,0.1968261,-1.197601,0.226784,36.68501,-75.0556,9.06873,103.9563
R,0.08655897,0.828699,-0.01650306,0.1787807,-0.6491582,0.09088855,-1.090975,33.15751,-8.215907,103.9728
R,0.08980589,0.8200516,-0.0157677,0.1262103,-0.3361321,0.02858386,-2.043451,12.16754,-2.421827,103.9985
R,0.1022748,0.8219424,-0.01312913,0.4773149,0.07238428,0.1010053,13.44042,15.63816,2.77232,104.0246
R,0.1081032,0.8186052,-0.01271933,0.3819702,-0.2187109,0.02685681,-6.248508,-19.07722,-4.859396,104.0399
R,0.1141354,0.8141335,-0.0167882,0.2265488,-0.1679396,-0.1528123,-5.837077,1.90679,-6.747732,104.0665
R,0.1283021,0.8143024,-0.01992026,0.8734019,0.01041054,-0.1930972,39.87975,10.99563,-2.483644,104.0827
R,0.1387514,0.8174701,-0.02021861,0.8549396,0.2591731,-0.0244104,-1.510543,20.35319,13.80157,104.095
R,0.1466726,0.8188847,-0.02065313,0.28808,0.05144891,-0.01580282,-20.61582,-7.554613,0.3130447,104.1225
R,0.1443053,0.8064129,-0.02335995,-0.1823073,-0.9604647,-0.2084539,-36.2248,-77.92805,-14.83617,104.1355
R,0.1450903,0.8005954,-0.02484789,0.05119422,-0.3793571,-0.0970284,15.22663,37.894,7.266053,104.1508
R,0.144233,0.7908592,-0.02963417,-0.03165273,-0.3594784,-0.1767176,-3.05885,0.7339547,-2.942259,104.1779
R,0.1357269,0.7760077,-0.03585104,-0.6400173,-1.117457,-0.4677716,-45.77472,-57.03197,-21.89956,104.1912
R,0.1336585,0.7695068,-0.03862648,-0.1200679,-0.3773631,-0.1611084,30.18194,42.96082,17.80114,104.2084
R,0.1299438,0.7696262,-0.03855599,-0.1399139,0.004496677,0.00265524,-0.7474876,14.38251,6.168053,104.2349
R,0.124946,0.7695242,-0.03981687,-0.1932344,-0.003943123,-0.04875121,-2.061598,-0.326319,-1.987595,104.2608
R,0.1218766,0.775979,-0.04716701,-0.1013885,0.2132155,-0.2427918,3.033876,7.173239,-6.4096,104.2911
R,0.1235531,0.7884607,-0.05145747,0.0642117,0.4780853,-0.1643362,6.342942,10.14524,3.005067,104.3172
R,0.1296904,0.7948432,-0.05172344,0.2225873,0.2314783,-0.009646054,5.743944,-8.943905,5.610278,104.3448
R,0.1374409,0.7954866,-0.05412912,0.272647,0.02263444,-0.08462624,1.760983,-7.346639,-2.637628,104.3732
R,0.148538,0.7937385,-0.05641554,0.3991525,-0.06287947,-0.08224082,4.550309,-3.075873,0.0858019,104.401
R,0.1579107,0.8021985,-0.06339357,0.6956388,0.627902,-0.5179077,22.00513,51.2696,-32.33507,104.4145
R,0.1599091,0.813028,-0.06858283,0.08867346,0.4805163,-0.2302525,-26.93167,-6.539654,12.76355,104.437
R,0.161981,0.8202725,-0.07269827,0.0610514,0.2134773,-0.1212725,-0.8139566,-7.869007,3.211384,104.4709
R,0.1901137,0.7850992,-0.05866889,1.034049,-1.292831,0.5156645,35.76352,-55.3659,23.41127,104.4981
R,0.2080985,0.7693435,-0.05129249,1.389921,-1.217649,0.5700704,27.50291,5.810261,4.204654,104.5111
R,0.2103771,0.7611266,-0.04762038,0.1662853,-0.5996659,0.2679906,-89.30091,45.10038,-22.04577,104.5248
R,0.2126935,0.7544942,-0.04494604,0.1555436,-0.4453485,0.1795749,-0.7212805,10.36203,-5.936892,104.5397
R,0.2157659,0.748614,-0.04272046,0.2031841,-0.388867,0.1471806,3.150525,3.735191,-2.142277,104.5548
R,0.2115273,0.7498787,-0.03888449,-0.1529632,0.04564032,0.1384328,-12.85268,15.68055,-0.3156894,104.5825
R,0.2072987,0.7661727,-0.03676736,-0.165152,0.6363789,0.08268671,-0.4760434,23.0719,-2.177222,104.6081
R,0.2035114,0.7739772,-0.03612718,-0.2615438,0.5389637,0.04420926,-6.656623,-6.727291,-2.657174,104.6226
R,0.2012798,0.7751666,-0.03648931,-0.1679138,0.08949394,-0.02724705,7.044932,-33.81912,-5.376533,104.6359
R,0.2001501,0.7758305,-0.03654132,-0.07793482,0.0457977,-0.003587839,6.207224,-3.014397,1.632137,104.6504
R,0.1992046,0.7857246,-0.03124775,-0.07033245,0.7360022,0.3937786,0.5655267,51.34307,29.55937,104.6638
R,0.1987765,0.7931541,-0.02710176,-0.02666888,0.4628312,0.2582812,2.720091,-17.01762,-8.441026,104.6799
R,0.1932759,0.8042048,-0.02551109,-0.1351144,0.2714478,0.03907279,-2.663826,-4.701089,-5.384573,104.7206
R,0.1882803,0.807036,-0.02163404,-0.3031404,0.1718027,0.2352649,-10.19606,-6.046614,11.90523,104.7371
R,0.1867244,0.8084368,-0.01451683,-0.04359377,0.03924787,0.1994159,7.272187,-3.714027,-1.004445,104.7728
R,0.1835419,0.8175982,-0.006322905,-0.08576202,0.2468744,0.2208047,-1.136324,5.594987,0.5763702,104.8099
R,0.180975,0.8437711,0.00286642,-0.152512,1.555095,0.5459942,-3.966024,77.7294,19.32151,104.8267
R,0.1810249,0.8554142,0.00704132,0.00183311,0.4281925,0.1535389,5.676296,-41.4437,-14.4332,104.8539
R,0.177504,0.8465251,0.01066421,-0.2462574,-0.6217232,0.2533934,-17.35204,-73.4336,6.984065,104.8682
R,0.1756014,0.8436405,0.01326405,-0.135237,-0.2050358,0.1847973,7.89136,29.61826,-4.875829,104.8822
R,0.1678645,0.8442158,0.0238843,-0.52058,0.03870557,0.7145882,-25.92797,16.40024,35.64721,104.8971
R,0.1620221,0.8453077,0.03244335,-0.2083176,0.03893498,0.3051828,11.13408,0.008180172,-14.59782,104.9252
R,0.09394725,0.8909036,0.05386804,-2.516274,1.685376,0.7919282,-85.30978,60.85796,17.99174,104.9522
R,0.04268318,0.9745588,0.07431152,-3.096445,5.05293,1.234824,-35.04338,203.4065,26.75172,104.9688
R,0.0216196,1.01693,0.08416015,-0.531545,1.069251,0.2485327,64.72594,-100.5292,-24.88933,105.0084
R,0.03941412,1.001715,0.1320255,0.6189923,-0.5292554,1.665021,40.02209,-55.60493,49.27335,105.0371
R,0.03207108,1.014601,0.1853566,-0.5329271,0.9351813,3.870555,-83.60154,106.2828,160.0685,105.0509
R,0.02610621,1.032891,0.2244435,-0.4550801,1.3954,2.982066,5.939208,35.11162,-67.78581,105.064
R,0.01964417,1.04737,0.2505895,-0.4352478,0.9752698,1.761059,1.335799,-28.29768,-82.24039,105.0789
R,0.01605587,1.059169,0.291246,-0.254781,0.8377573,2.886738,12.81373,-9.763835,79.92683,105.093
R,0.01127169,1.070907,0.3264549,-0.3249082,0.7971098,2.391143,-4.762545,-2.760492,-33.6573,105.1077
R,0.005751939,1.08266,0.3574996,-0.2068281,0.4404034,1.163263,4.424525,-13.36598,-46.00935,105.1344
R,0.02124047,1.019132,0.3840689,0.5522615,-2.265166,0.9473581,27.06621,-96.47018,-7.698337,105.1624
R,0.03688791,0.983774,0.3944438,1.138147,-2.571817,0.754639,42.61552,-22.30485,-14.0178,105.1762
R,0.04108912,0.9710012,0.405669,0.1518645,-0.4617088,0.4057674,-35.65196,76.27581,-12.61095,105.2038
R,0.01184123,0.9684446,0.3308475,-1.942036,-0.1697537,-4.968091,-139.0333,19.38559,-356.8199,105.2189
R,-0.003355612,0.9716216,0.3129913,-1.083722,0.2265583,-1.273363,61.20839,28.26192,263.4795,105.2329
R,-0.01621418,0.9729047,0.2944397,-0.9821665,0.09800681,-1.417015,7.757007,-9.819054,-10.97246,105.246
R,-0.03428565,0.9699545,0.2518505,-1.341259,-0.2189668,-3.160961,-26.65178,-23.52568,-129.4352,105.2595
R,-0.04880331,0.9673417,0.2252433,-1.050143,-0.1890004,-1.924644,21.05809,2.167632,89.42968,105.2733
R,-0.06142824,0.964955,0.2034537,-0.8849064,-0.1672836,-1.527272,11.58174,1.522175,27.85262,105.2876
R,-0.05600854,0.9555886,0.1760381,0.1863512,-0.3220566,-0.9426605,36.83417,-5.321723,20.1013,105.3167
R,-0.04660851,0.9354502,0.1188787,0.3172196,-0.679603,-1.928939,4.416374,-12.066,-33.28362,105.3463
R,-0.03998194,0.9085899,0.07709423,0.2620874,-1.062351,-1.652617,-2.180535,-15.13808,10.92883,105.3716
R,-0.03324274,0.8860205,0.04213208,0.4586297,-1.535939,-2.379314,13.37549,-32.22953,-49.45466,105.3863
R,-0.03158666,0.877261,0.02565079,0.06241099,-0.3301085,-0.6211142,-14.93191,45.44296,66.25957,105.4128
R,-0.02306778,0.8783132,0.004030778,0.588917,0.07273948,-1.494609,36.39778,27.8492,-60.38538,105.4273
R,-0.02006872,0.876202,-0.008975999,0.182325,-0.1283482,-0.7907348,-24.71838,-12.22494,42.79136,105.4437
R,-0.01817295,0.8732369,-0.02232304,0.07697728,-0.1203991,-0.5419526,-4.277615,0.3227696,10.10173,105.4683
R,-0.01183125,0.8824609,-0.03083576,0.4206571,0.611846,-0.5646656,22.79696,48.57128,-1.506603,105.4834
R,-0.006105327,0.8805861,-0.03039682,0.4078851,-0.133547,0.03126765,-0.9098102,-53.09791,42.45118,105.4975
R,-0.001773058,0.8780671,-0.03315639,0.1656474,-0.09631618,-0.105514,-9.26213,1.423548,-5.229945,105.5236
R,0.002904414,0.8795885,-0.03172906,0.2862211,0.09309714,0.08734034,7.378079,11.59047,11.80103,105.5399
R,0.005583419,0.8795257,-0.03389644,0.2046285,-0.00480314,-0.1655492,-6.232236,-7.477846,-19.31628,105.553
R,0.006860969,0.877387,-0.0328398,0.1013627,-0.1696807,0.08383511,-8.193253,-13.08162,19.7865,105.5656
R,0.008441499,0.8749447,-0.03312885,0.05783449,-0.08936828,-0.01057711,-1.592776,2.938779,-3.454718,105.593
R,0.01209135,0.8792579,-0.03090593,0.2569246,0.3036176,0.1564783,14.01458,27.6635,11.75955,105.6072
R,0.01446695,0.8811184,-0.03119498,0.1674058,0.131103,-0.02036842,-6.308287,-12.1569,-12.46218,105.6214
R,0.01472503,0.8828111,-0.03070908,0.01747238,0.1146008,0.03289656,-10.15086,-1.117238,3.606171,105.6361
R,0.01514984,0.8840289,-0.030875,0.03029442,0.08684712,-0.01183219,0.914369,-1.97918,-3.18971,105.6502
R,0.01565935,0.8840622,-0.03031179,0.03710124,0.002421875,0.04101115,0.4956569,-6.147658,3.847934,105.6639
R,0.01619986,0.8840443,-0.03009619,0.03825323,-0.001265524,0.01525892,0.08153005,-0.2609691,-1.822568,105.678
R,0.01684903,0.8839933,-0.03011404,0.02284885,-0.001793686,-0.0006283146,-0.5421811,-0.0185895,-0.5591761,105.7064
R,0.01815067,0.8786497,-0.02847412,0.09182355,-0.3769636,0.1156877,4.865798,-26.46624,8.205476,105.7206
R,0.01913186,0.8741254,-0.02777194,0.07307184,-0.3369363,0.0522934,-1.39649,2.980948,-4.721147,105.734
R,0.0200502,0.8706323,-0.0276729,0.06321883,-0.2404683,0.006817986,-0.6782847,6.64089,-3.130543,105.7486
R,0.01969877,0.8693364,-0.02602024,-0.01416444,-0.05223228,0.06661068,-3.118936,7.586859,2.409947,105.7734
R,0.01938519,0.8677622,-0.02530516,-0.01105455,-0.05549439,0.02520887,0.1096338,-0.1150002,-1.459553,105.8017
R,0.01918254,0.8666584,-0.02621825,-0.0150072,-0.08173552,-0.06761592,-0.2927013,-1.943208,-6.873859,105.8152
R,0.0178672,0.8655878,-0.02681701,-0.04695093,-0.03821572,-0.02137281,-1.140231,1.553439,1.650647,105.8433
R,0.01562115,0.8651191,-0.02719756,-0.1454517,-0.0303545,-0.02464397,-6.378798,0.5090841,-0.2118366,105.8587
R,0.01447081,0.8660352,-0.02685397,-0.04290782,0.03416913,0.01281592,3.82488,2.406728,1.397252,105.8855
R,0.01149778,0.8672075,-0.02342841,-0.204449,0.08062123,0.2355691,-11.10888,3.194423,15.31831,105.9001
R,0.01007682,0.8676519,-0.02179144,-0.05423669,0.01696045,0.0624813,5.733439,-2.429862,-6.606569,105.9263
R,0.009464363,0.8693755,-0.0197455,-0.04396269,0.1237207,0.1468593,0.7374769,7.663354,6.05673,105.9402
R,0.009139879,0.8701145,-0.01878514,-0.02152367,0.04902185,0.06370291,1.488425,-4.954925,-5.515926,105.9553
R,0.008834043,0.870599,-0.0155341,-0.01141416,0.01808309,0.1213327,0.3772986,-1.154671,2.150812,105.9821
R,0.005378581,0.8753532,-0.002596765,-0.2521794,0.3469559,0.944166,-17.57104,24.00112,60.05034,105.9958
R,0.003976841,0.8772385,0.002882224,-0.09113536,0.122578,0.3562213,10.47042,-14.58813,-38.22574,106.0111
R,0.002969695,0.8784968,0.006505406,-0.03786823,0.04731202,0.13623,2.00282,-2.829966,-8.271572,106.0377
R,0.005590498,0.8849208,0.0177024,0.08848889,0.2169005,0.3780559,4.266327,5.725993,8.165018,106.0674
R,0.007727036,0.8829507,0.0208208,0.08019483,-0.07394804,0.1170488,-0.3113171,-10.91698,-9.796884,106.094
R,0.009110399,0.8817418,0.02008209,0.08264364,-0.07222468,-0.04413148,0.1462943,0.1029557,-9.629088,106.1107
R,0.009859424,0.8811534,0.02001186,0.02909789,-0.02285631,-0.002728022,-2.080127,1.917845,1.608427,106.1365
R,0.01600552,0.8552541,0.01921123,0.2347265,-0.9891258,-0.03057698,7.853191,-36.90294,-1.063583,106.1627
R,0.02005485,0.8374813,0.01907178,0.2985114,-1.310189,-0.01028027,4.702143,-23.66837,1.496249,106.1762
R,0.02174802,0.8304015,0.0194544,0.1181724,-0.4941177,0.02670441,-12.58647,56.95637,2.581286,106.1906
R,0.02144447,0.825327,0.01319354,-0.0189824,-0.3173306,-0.3915191,-8.576885,11.05527,-26.15334,106.2065
R,0.02467376,0.8241051,0.008904764,0.1261984,-0.04775315,-0.1676023,5.673563,10.5349,8.750513,106.2321
R,0.02891909,0.8202491,0.004192418,0.2609962,-0.2370573,-0.2897076,8.287157,-11.63812,-7.506842,106.2484
R,0.03096071,0.8176342,0.002354715,0.07898446,-0.1011636,-0.07109545,-7.04151,5.25734,8.457478,106.2742
R,0.03089788,0.8170185,0.00239118,-0.003895741,-0.03817556,0.002260885,-5.138729,3.905376,4.548232,106.2904
R,0.03073758,0.8157208,0.004539849,-0.006309239,-0.0510792,0.08457369,-0.0949976,-0.5078999,3.239911,106.3158
